gene,logFC,P.Value,adj.P.Val
LOC100507464,-4.13068495350763,1.0231298837569501e-21,3.006774102384925e-17
DRD5,-3.01020654708391,2.72433507690365e-21,3.212055904867955e-17
CHIA,-4.86161017729114,3.2789464116659403e-21,3.212055904867955e-17
FGA,-1.96080444145573,2.47814169061127e-20,1.5575721009435368e-16
RANBP3L,-1.72150750530266,3.0918086942546303e-20,1.5575721009435368e-16
XYLT2,-1.51445565970223,3.18001653928856e-20,1.5575721009435368e-16
ZNF385B,-1.93018666795235,4.02410696030265e-20,1.6894350764196326e-16
GPER,-2.56558313258407,4.69397266425884e-20,1.724330858215485e-16
GDF5,-3.17563546436903,8.443043754716821e-20,2.7569352207068657e-16
SNORA5A,-4.18261275597742,1.51362106094932e-19,4.448229573917862e-16
SLC26A7,-2.12014189356913,1.8889685022804702e-19,5.046636940456224e-16
PTGER3,-2.64533336678745,8.81717312312806e-19,2.1593256978540616e-15
APLP1,-1.68268076951973,9.82717621535872e-19,2.2143340348864868e-15
PTPLA,-1.91699267713859,1.0687433332350499e-18,2.2143340348864868e-15
FAM165B,-1.72049204387082,1.1906288841742099e-18,2.2143340348864868e-15
TRIM15,2.05371395592621,1.20557181700639e-18,2.2143340348864868e-15
MYBPC3,-1.26424775011339,1.46640281933519e-18,2.53497917968368e-15
XLOC_014356,-2.96245759619487,1.5676062242041e-18,2.5478192158947424e-15
ESRRG,-1.6991517339641,1.6472221689805398e-18,2.5478192158947424e-15
THSD4,-1.53161640429814,1.89226505050225e-18,2.7804942652080064e-15
GPR155,-2.4314159578666,3.2606908539172697e-18,4.512248606026903e-15
CGNL1,-1.79503729906701,3.3778912934732497e-18,4.512248606026903e-15
AQP4,-2.35139808011001,3.7528058565938095e-18,4.795106891894734e-15
MUC17,3.17067947464108,5.17260561446283e-18,6.333855574909735e-15
COBLL1,-0.907159760658044,5.45281352739632e-18,6.409891357724922e-15
MUM1L1,-1.72480191734098,5.7150708443882694e-18,6.459788537495479e-15
FGB,-2.305852461821,7.13408236192572e-18,7.765052313047151e-15
SH3GL2,-2.60550418424659,8.4939815497206e-18,8.799221230639018e-15
FAR2,1.56116027921403,8.683048036223339e-18,8.799221230639018e-15
LOC100506412,-3.48977930390901,1.09592809111301e-17,1.0735711580543046e-14
GRIA4,-1.75935736568253,1.22154215050162e-17,1.1580219586755358e-14
XLOC_003123,-1.98725587350341,1.47761169269078e-17,1.357001638274895e-14
LINGO2,-1.9615339590415,1.55193264466597e-17,1.3820665624679857e-14
XLOC_010144,-3.99352037216403,1.91503227823823e-17,1.655263782143091e-14
CKB,-2.25709476038501,2.12598480876393e-17,1.7850983302844106e-14
KCTD8,-1.96442788205503,2.2578170635442902e-17,1.808566051773829e-14
XLOC_014216,-2.079171241134,2.27701592199645e-17,1.808566051773829e-14
AGXT2L1,-3.36140696565457,2.51776796500326e-17,1.9101477021983993e-14
C11orf86,3.14420559180956,2.56595818553781e-17,1.9101477021983993e-14
MFSD4,-2.31942082581378,2.59990159547897e-17,1.9101477021983993e-14
KIAA1191,-0.895880386573429,2.8024188464585904e-17,2.008719147798172e-14
RAP1GAP,-1.30176041657756,3.85923037323803e-17,2.7003586240171243e-14
PLCXD3,-1.98807116378407,4.38422587791159e-17,2.949791751687387e-14
TMEM184A,-1.87528797771973,4.41645695774619e-17,2.949791751687387e-14
SMARCD3,-1.52807555728369,4.78674535945887e-17,3.1260638360839395e-14
C8orf12,-1.88997546646698,5.16814987582315e-17,3.3017736641454506e-14
TRIM29,2.50045898019868,5.3708074710111604e-17,3.3582402118739574e-14
STX12,-0.824193278760445,7.3483009027234e-17,4.498997227692402e-14
XLOC_004339,-2.48408479334788,1.06595197814397e-16,6.393101374223467e-14
SLC2A12,-2.1874749093578,1.49538458322868e-16,8.78927242638489e-14
FLJ42875,-1.90102244902218,1.60421699451738e-16,9.244064516642501e-14
FGF13,-1.42159164162003,2.19853746593903e-16,1.2425119047887734e-13
FGG,-2.96821296169902,2.58171058832611e-16,1.431534165466561e-13
IGF1R,-0.939083739938948,2.97781898237878e-16,1.6205952639656958e-13
TBC1D14,-0.859201836571852,3.37337376110465e-16,1.8024856016607902e-13
C3orf18,-1.36507558306463,3.66395805094323e-16,1.914241927419822e-13
FLJ37644,-1.4420217219095,3.71280079838471e-16,1.914241927419822e-13
XLOC_001575,-2.52828591473849,3.84610442417409e-16,1.9487813244418648e-13
DUSP19,-1.41313881736132,6.60342175574019e-16,3.2891755687744525e-13
C14orf129,0.821854891464822,7.76992659034528e-16,3.805710043951118e-13
LOC283731,-1.20265844881222,8.370447688167449e-16,4.032634699342049e-13
PDCD6,-1.16235552240841,8.95899772930258e-16,4.2465649236894227e-13
XLOC_006599,-2.67689286863768,9.49993610098148e-16,4.400667388495157e-13
XLOC_003780,-2.07810358751656,9.58359578275793e-16,4.400667388495157e-13
CLIC6,-2.46343895824188,1.1877670681539301e-15,5.370169015216569e-13
XLOC_004638,-2.82024976031487,1.2624772255049201e-15,5.621466773202817e-13
ROBO3,-1.93062933665003,1.3956033118471e-15,6.121491063964565e-13
CCKBR,-2.7562506430464,1.6036716855569801e-15,6.93069169046302e-13
XLOC_001952,-1.59331595576624,1.69523354341167e-15,7.220220778809009e-13
IGFALS,-2.12781121071184,1.8299275918633602e-15,7.682558867097205e-13
XLOC_009894,-2.40442696514673,2.07178215784102e-15,8.575427331638295e-13
EDA,-1.02999784076414,2.11476400755116e-15,8.631761757487986e-13
XLOC_007161,-2.50448837562952,2.5277002768361802e-15,1.017589804598105e-12
VEGFB,-1.08483076419289,2.8572078528110602e-15,1.1346976267352897e-12
REEP5,-0.538213319989309,3.3711546295162803e-15,1.3209532300296594e-12
VIL1,2.9058235508645,3.65263348837996e-15,1.4124156967961878e-12
MAST4,-1.73216805461839,3.893101911763811e-15,1.450585738029005e-12
ALDH6A1,-0.760646990508685,3.89587275608153e-15,1.450585738029005e-12
XLOC_003483,-1.88800059840993,3.8994240269596905e-15,1.450585738029005e-12
DEAF1,-0.734646343956197,4.3222654011123e-15,1.572022697240481e-12
WASF3,-1.47615364811626,4.332851452173641e-15,1.572022697240481e-12
NRTN,-1.5162749719057,4.684428640936441e-15,1.678853523168782e-12
SYNGR1,-1.03674303608834,4.85431935920928e-15,1.718779967812558e-12
TRIM50,-2.7389224027291,5.5584988249143e-15,1.9232494474927994e-12
CLDN2,2.58038581789952,5.56268555318116e-15,1.9232494474927994e-12
CDH2,-2.04312545360002,5.75484259198574e-15,1.9665501638753134e-12
BCAT2,-0.691152519285315,6.209365684961821e-15,2.0974809051684827e-12
LOC100128501,-1.93642553642789,6.298876181533931e-15,2.1035383320786268e-12
FAM161A,-1.12536043160379,7.018325482894251e-15,2.3174668459696206e-12
KIF17,-2.31822262414627,7.81019797448598e-15,2.5502899786021555e-12
ADHFE1,-1.8467112672895,9.044284226792151e-15,2.920806866560085e-12
GPRC5C,-1.12416181054438,9.17580220539294e-15,2.931070382740084e-12
MBIP,-0.581550167993133,9.354016453990691e-15,2.9558691994610587e-12
GUCA1C,-1.80384310080151,1.07002890613912e-14,3.345320158895368e-12
PALM3,-1.56515723565395,1.08571659387772e-14,3.3586357116714145e-12
DHRS2,-1.53418468677588,1.1801379796999301e-14,3.612697390356411e-12
DHFR,1.03916762190568,1.25665077717966e-14,3.785683654371328e-12
LOC728743,-0.903355076353712,1.2624098207717101e-14,3.785683654371328e-12
SLC41A1,-1.10231357169079,1.37805557236454e-14,4.090737086934253e-12
XLOC_l2_004168,-1.3927959911208,1.4775528155138602e-14,4.3422322142321326e-12
SLC16A7,-1.63554177953499,1.57627316144654e-14,4.56284449554165e-12
XLOC_012670,-2.17281061862558,1.58367407971025e-14,4.56284449554165e-12
PGA3,-3.47748480414296,1.6253537662756202e-14,4.621016785242343e-12
UPP1,1.87354150616181,1.64545966042026e-14,4.621016785242343e-12
CKMT2,-2.64898638734739,1.78243037359346e-14,4.941704133883453e-12
KCNK2,-2.58918697232691,1.90235403248854e-14,5.2248953557731975e-12
CEACAM6,2.99473433614626,2.09302017863559e-14,5.6666290252304796e-12
TSPYL4,-0.73361371541186,2.1017509315030702e-14,5.6666290252304796e-12
XLOC_008013,-1.87451114560443,2.26195241277575e-14,6.043114318786704e-12
PDE1B,-1.93496518825173,2.31567139560217e-14,6.1308964841402315e-12
F12,1.80186339496274,2.3621814275648302e-14,6.1981953386852885e-12
AGMAT,1.7353661750758,2.46078739771157e-14,6.3997893844201434e-12
ABHD11-AS1,1.73385468904605,2.53693935144592e-14,6.539962601780061e-12
RPRM,-1.95433969365743,2.98716799017167e-14,7.633642860449134e-12
PLIN5,-2.38514760716832,3.11460808271182e-14,7.890698477132324e-12
FOLR1,-1.89421844658909,3.2535569333984e-14,8.17226762040275e-12
NRBP1,0.583619883244532,3.47458007778726e-14,8.65347112932305e-12
KCNE2,-2.46861733065251,3.80378890948273e-14,9.326504149279663e-12
ZMIZ1,-0.968301650460864,3.80829079186593e-14,9.326504149279663e-12
ARHGEF17,-1.04939314687189,3.9030251572004504e-14,9.432312042157958e-12
GABARAPL1,-1.03438197594915,3.9156869101104903e-14,9.432312042157958e-12
GGA2,-0.749197445737732,4.25064963559126e-14,1.0155942397622435e-11
ABTB2,1.20469075123795,4.31569873641348e-14,1.0227537375067864e-11
XLOC_000682,-0.947084727674917,4.3502183608394e-14,1.0227537375067864e-11
ANGPTL3,-1.24847750506714,4.50284119287046e-14,1.0502341029847387e-11
REXO2,-0.749906951927978,4.6724579099867e-14,1.0812141185723555e-11
FGD4,-0.747396056820187,4.7894483955405105e-14,1.099627417563629e-11
CCDC101,-1.28312413335464,4.9505161070310405e-14,1.1277966461506064e-11
XLOC_001748,-0.890305918955839,5.00322005529315e-14,1.1310356229611931e-11
IRAK2,1.30233808783965,5.08796500024164e-14,1.1414130948633689e-11
TMEM161B,-0.740280892826508,5.4924977037017103e-14,1.2228297160332262e-11
FZD4,-1.04596503336986,5.794969229668999e-14,1.2722478511308233e-11
PAPSS1,-0.719677755475669,5.801048456905211e-14,1.2722478511308233e-11
CHRNA5,1.66284482064654,5.89138251168394e-14,1.2824885129879084e-11
LOC100506452,-1.71919243503402,6.39870530484561e-14,1.3826849374911969e-11
LOC100505754,-1.50642802264629,6.63761062339198e-14,1.415002276584362e-11
ASB11,-0.598029538610379,6.64455948579835e-14,1.415002276584362e-11
TRIM10,1.10849044476364,6.70110278489846e-14,1.4167770405942152e-11
MRGPRX3,-1.75906886290717,7.23278252398888e-14,1.5182643772498943e-11
ME3,-0.848116390708375,8.224662988444761e-14,1.7040428644839027e-11
XLOC_009183,-1.3306651278638,8.23377183737288e-14,1.7040428644839027e-11
GRIN2D,2.37309570278527,8.52015527661041e-14,1.742842824391337e-11
GHR,-1.22265698116803,8.5398586740286e-14,1.742842824391337e-11
LRIG1,-0.879333732971355,8.693288506773699e-14,1.7619197423245896e-11
XLOC_l2_015800,1.92768510851915,8.93246298614334e-14,1.7979946728546608e-11
ANXA2,0.843918262702742,9.05707527360423e-14,1.8106757016372865e-11
PPP2R3A,-1.30170337430561,9.164557691364851e-14,1.8197839286069612e-11
DCAF12L1,-1.06466379907552,9.96221195828714e-14,1.96489587268552e-11
MALL,2.32431188439258,1.01570080421507e-13,1.9899610156181653e-11
GJB2,1.37147441046053,1.06308236240604e-13,2.0689976467807088e-11
YPEL1,-0.743224789058311,1.10654496954543e-13,2.1394173398027037e-11
LDHA,0.9088503521075,1.30968193103923e-13,2.5156165091098625e-11
CELF4,-1.67227726806997,1.31930604718419e-13,2.5176471503018814e-11
CEACAM3,1.94182824037038,1.38760375004401e-13,2.6308967100834434e-11
ADORA2B,2.2754864512179,1.40346991557251e-13,2.6439214024900595e-11
ODZ3,-2.06124223427894,1.41827647874498e-13,2.6547967616151252e-11
LIFR,-1.31861748184686,1.47689994520325e-13,2.747033898078045e-11
XLOC_012240,-2.100080811637,2.02442638420663e-13,3.7417511056015375e-11
XLOC_001589,-1.25177718418349,2.09402208708256e-13,3.846195068448892e-11
SIGLEC11,-1.18475524344488,2.11882799405407e-13,3.86758491237646e-11
CEACAM1,1.28217900695301,2.19794344081188e-13,3.976452807294869e-11
ACOT7,0.951624508605223,2.2055322158332099e-13,3.976452807294869e-11
AGR3,1.06329243895803,2.25430038449095e-13,4.039596323135368e-11
DNAJC6,-1.23974854238726,2.32224095370461e-13,4.1361222513618835e-11
LAMP2,-0.690466523932919,2.4229220298622397e-13,4.289447747806717e-11
CD55,1.65522410351273,2.45109470131141e-13,4.3133395857568694e-11
NOXO1,1.14429090423383,2.57812765590409e-13,4.483990412260195e-11
C8orf84,-1.94405875160086,2.57858438706946e-13,4.483990412260195e-11
LRR1,0.744331099713699,2.69631195670334e-13,4.6611303402116326e-11
GPSM1,-0.781301446537515,2.9136497829099797e-13,5.00738829357652e-11
GPT2,-0.977125426297381,2.95852730149355e-13,5.05495350792398e-11
C14orf37,-1.34701556085943,3.03959821228533e-13,5.163451575875218e-11
ANXA2P3,1.17765460682455,3.08282320245237e-13,5.2067820846936926e-11
XLOC_003296,-2.09511611542689,3.16235548941444e-13,5.3105887498806616e-11
SNORA80,-1.16046492619752,3.26136895610763e-13,5.4457449364824454e-11
GIF,-4.10858365651445,3.34248979248832e-13,5.549666102917895e-11
PPA1,0.649754998320116,3.41160412794193e-13,5.632596747862777e-11
PXMP2,-0.669532719734508,3.71248348332357e-13,6.095109754632015e-11
METTL7A,-0.844365276799115,3.78295434988588e-13,6.176303468580346e-11
XLOC_004446,-1.75170200789188,3.83151343746471e-13,6.216390064677921e-11
BAIAP2L2,1.43737927837056,3.84981282078189e-13,6.216390064677921e-11
PAIP2B,-1.18594985919712,4.16458696060977e-13,6.626603306694227e-11
DNER,-2.35132328813693,4.16625444758122e-13,6.626603306694227e-11
CLDN4,1.33401919273638,4.18512161381429e-13,6.626603306694227e-11
EGFL6,-1.58053745779662,4.19405272575584e-13,6.626603306694227e-11
SUN5,-1.28359038749248,4.21977909392682e-13,6.631597219910235e-11
PAQR5,-1.64429102725368,4.36666350755168e-13,6.825931231911105e-11
CLCNKA,-1.84742756481381,4.43589306191923e-13,6.89746165627949e-11
ANXA2P1,1.00235558861217,4.52236167932874e-13,6.994903422742789e-11
ACADL,-1.47082746210077,4.6741099186842e-13,7.172841559787173e-11
LACTB,0.516113172697696,4.68621743391567e-13,7.172841559787173e-11
FUT5,1.32212767752312,4.75873254556678e-13,7.24609492482469e-11
PDE8B,-1.18629427328228,4.89339191507017e-13,7.412732041241348e-11
GLUL,-1.27952144370667,5.01202633587192e-13,7.553509228646358e-11
PLEKHM3,-1.47033653158354,5.17338293603115e-13,7.75690702673895e-11
XLOC_l2_002611,-2.3789281686047,5.87432423532213e-13,8.763179727291712e-11
LOC644192,-0.875395166924625,6.18450600439809e-13,9.179306184709649e-11
XLOC_005517,-0.753465921539782,6.64064427379631e-13,9.806796679312862e-11
TMEM37,-1.27891862729786,6.79090831751321e-13,9.978560681753911e-11
RAB3B,1.45264193088502,7.25528205269608e-13,1.0566336945208268e-10
GCNT3,1.81174587999672,7.27019881218399e-13,1.0566336945208268e-10
IPW,-0.742638836376011,7.29878317638927e-13,1.0566336945208268e-10
RGN,-1.5157474597135,7.40030502411528e-13,1.0623028867306982e-10
CCL15,1.97800596556197,7.41023859329635e-13,1.0623028867306982e-10
CKM,-3.26624444795035,7.51733546831717e-13,1.0724245375869175e-10
SERPINB5,2.8198444725381,7.73561293051245e-13,1.0982328154681152e-10
HDC,-1.91226377912326,8.01620287378595e-13,1.132596971417411e-10
OBSL1,-0.715551047435573,8.17989037006365e-13,1.1501943454326822e-10
CDK14,-1.02702213495227,8.40542892074132e-13,1.1747651672128412e-10
SLC25A36,-0.639621764711666,8.434580450588999e-13,1.1747651672128412e-10
TMEM132A,-1.20003068992823,8.97149260959832e-13,1.243652003824884e-10
INPP1,1.13552697481904,9.05481000058157e-13,1.2493087150098178e-10
STARD5,0.947120330283677,9.26960247090035e-13,1.272967651471119e-10
PTPRM,-0.914337663748659,9.33316807174502e-13,1.275735550197408e-10
C20orf118,2.17578335259789,9.46601092825713e-13,1.2879033757389838e-10
FUT3,1.44843175265166,9.54456399627483e-13,1.2901323096135584e-10
CECR5-AS1,-0.89424810165595,9.57019339511895e-13,1.2901323096135584e-10
TMEM150B,1.18209175212425,9.77064813643531e-13,1.311140673212607e-10
ABP1,2.10123995616234,1.00744042859225e-12,1.3406379909171389e-10
KCNJ16,-3.06979327631096,1.00816998772522e-12,1.3406379909171389e-10
XLOC_002678,-0.9953863479823,1.02150438226071e-12,1.3522509363007995e-10
PGM2,0.617096549841868,1.0352666974500199e-12,1.3643236638861519e-10
MYRIP,-1.58133359580801,1.11447186419492e-12,1.4621472832571567e-10
LOC100505535,1.29604886641992,1.17880232554953e-12,1.5396730108110927e-10
ZMYND15,0.679293381422515,1.2325698018952e-12,1.6027770503582362e-10
KCNMB2,-1.45576036828324,1.32681649424886e-12,1.717730534492753e-10
FBXL13,-1.73141187363519,1.3911915088951298e-12,1.7881576538011913e-10
XLOC_l2_008124,0.948523220179456,1.39338540465657e-12,1.7881576538011913e-10
SNURF,-1.03923683701376,1.4532696245356099e-12,1.856899466341413e-10
LOC100306951,-0.619447004035063,1.4783602606272299e-12,1.870203952894148e-10
LOC285141,-1.10502322128934,1.4807628310374e-12,1.870203952894148e-10
C21orf30,-2.24247140523247,1.4827736525940399e-12,1.870203952894148e-10
ASPHD1,-0.930952120431639,1.5269723199443899e-12,1.9177206213045183e-10
ZNF204P,-0.763961101520112,1.5358156100616999e-12,1.92061911270184e-10
OR52K2,-1.94391977646303,1.54947831412349e-12,1.929494436248353e-10
XLOC_l2_006027,-1.63717976397396,1.58707904362269e-12,1.9679780140921354e-10
XLOC_011486,-1.70051468914769,1.6105686448788e-12,1.9868758425688977e-10
ANKAR,-0.567711031901691,1.61584090912606e-12,1.9868758425688977e-10
ST14,0.54871575142345,1.74914473034296e-12,2.1329404703451828e-10
ND4,-0.783563244615943,1.76570527753698e-12,2.138929018488753e-10
GTF2IRD2,-0.56023349726515,1.7686121937279399e-12,2.138929018488753e-10
XLOC_011294,-1.14710568359815,1.77675836849282e-12,2.1399743825109423e-10
CD58,0.701764839538987,1.78474019243832e-12,2.1408140724643814e-10
ZNF626,-0.679645424962865,1.84646570418094e-12,2.2058509802629862e-10
C19orf21,1.49597902065277,1.8710188282853097e-12,2.2261336569088536e-10
XLOC_006757,-1.99527874661944,1.8882523890946398e-12,2.237579081077148e-10
TM7SF2,-0.962764277184188,1.92349016082553e-12,2.2549280974744317e-10
LARP6,-1.40546732209845,1.92385222759999e-12,2.2549280974744317e-10
FXYD4,-2.46125182673445,1.92591177509896e-12,2.2549280974744317e-10
ONECUT3,1.51442452903227,1.94863407676636e-12,2.262540682903536e-10
EIF5A2,-1.24249947640792,1.9513651521995e-12,2.262540682903536e-10
ATL3,0.605590757450802,1.95551018598577e-12,2.262540682903536e-10
SCARB1,0.593631039858829,2.08797279747132e-12,2.4063272381210646e-10
CCRL2,1.14528715536595,2.11436527108123e-12,2.4063955786053603e-10
CA9,-1.29953163232,2.11643774504441e-12,2.4063955786053603e-10
PACSIN1,-1.65098720724981,2.1207855412371997e-12,2.4063955786053603e-10
XLOC_006689,-1.59146756126423,2.21495944711358e-12,2.503585701222073e-10
XLOC_l2_013737,1.05168888815929,2.2379738735602996e-12,2.5192283914671546e-10
XLOC_012210,-2.12172692301119,2.24594337336462e-12,2.5192283914671546e-10
LOC150622,-1.71852989554344,2.27061011121298e-12,2.537212545563766e-10
RNF130,-0.556845535686871,2.3214142760427996e-12,2.584156164558553e-10
CXCL16,0.636930442893777,2.33656321870372e-12,2.5912045234439593e-10
ANXA4,0.575582456755139,2.35165491726826e-12,2.596010227776704e-10
RIMS4,-1.45808324111491,2.35856380432959e-12,2.596010227776704e-10
CALML4,1.12976131277498,2.5803514723339097e-12,2.8295286966025723e-10
KCNIP3,-1.42992109845279,2.6127569201573698e-12,2.8544126531444154e-10
PTF1A,-1.57536870595283,2.6718465071712897e-12,2.9081564871388836e-10
ENPP5,-1.69066673109592,2.70373020965774e-12,2.9320008635210943e-10
SNTB1,-1.07610006239752,2.73218419980591e-12,2.95196431117265e-10
ATP4B,-4.4156028859971,2.7489256610400997e-12,2.959173162148222e-10
EPB41L4A-AS1,-0.578064410113038,2.76501635957483e-12,2.965631415152741e-10
BAK1,0.710334599385,2.85960917079488e-12,3.0467708853318744e-10
IGFBP2,-0.832558117246016,2.86140181145909e-12,3.0467708853318744e-10
HS3ST4,-1.01244714854201,3.13483969364824e-12,3.313908953846564e-10
LOC100506090,-1.54538210469239,3.1971808453187397e-12,3.3676971570690725e-10
S100A10,1.20632845875124,3.23350317134864e-12,3.393792542842637e-10
XLOC_012829,-1.5865945459731,3.32204080887657e-12,3.474310864457816e-10
LOC439990,1.1590244566363,3.46514288330534e-12,3.598361097334888e-10
DUX4L9,-0.678496607260432,3.56238235855743e-12,3.6863131251156957e-10
AKNAD1,-0.917434994934888,3.5903145022880297e-12,3.7021811436224775e-10
SLC6A14,2.35512460630824,3.7156841589143996e-12,3.8180603518243486e-10
NACC2,0.563984044336549,3.73314248993027e-12,3.822633849967623e-10
GPR37L1,1.1486750859006,4.25076525848228e-12,4.33755171584296e-10
CACNA2D3,-0.905067119053702,4.2862638799011394e-12,4.358640930883553e-10
CCKAR,-1.62933930127738,4.3471502586838296e-12,4.390173601450185e-10
LYN,0.812723246913949,4.37722581605683e-12,4.4054079548725383e-10
ODF3,-0.816399568054456,4.6094723502327995e-12,4.612155357002753e-10
LOC100505601,-1.28410100464129,4.61403863807952e-12,4.612155357002753e-10
TMEM45B,1.00793455873034,4.7616085953526694e-12,4.743530623736415e-10
LOC100506965,-1.17936036216655,4.845966830831049e-12,4.811259230556179e-10
RNLS,-1.53515774343227,5.0874804823471595e-12,5.016663197284059e-10
SLC1A2,-1.52408790432155,5.10406388998208e-12,5.016663197284059e-10
NPHS1,-1.48983607299868,5.1728850148743195e-12,5.067358160570883e-10
ISY1-RAB43,0.621771456147668,5.3047722907493895e-12,5.179290633905085e-10
LOC100653103,-0.796399338262884,5.39220237767579e-12,5.2472199826204e-10
FUT1,-1.27159861300494,5.49337189389297e-12,5.328026838868864e-10
ETS2,0.950281542478025,5.5531307184909495e-12,5.354112656223801e-10
RTDR1,-1.36494630771997,5.5567046418547e-12,5.354112656223801e-10
XLOC_l2_013480,0.96623970463085,5.73439833215219e-12,5.491966131904924e-10
CEACAM7,1.66753536045697,5.74327426442632e-12,5.491966131904924e-10
MFSD2A,2.12900700970625,5.755837650152159e-12,5.491966131904924e-10
PTPRS,-0.784730378529644,5.80506085188031e-12,5.521007388836847e-10
CYFIP2,-0.957597332147375,6.0233845622597395e-12,5.710168565022233e-10
ERI1,0.602115550561161,6.0812307628084495e-12,5.74646976390401e-10
AFAP1L2,1.10162272721968,6.12077284002566e-12,5.76529718662417e-10
HSPB7,-1.0208510041676,6.22311168778466e-12,5.842965056888676e-10
RHOC,0.704730602148391,6.4366384147634394e-12,6.019973245632315e-10
SFT2D2,0.636058635888305,6.45260505095338e-12,6.019973245632315e-10
TBC1D1,0.548066109136566,6.65868685321413e-12,6.173043824676872e-10
CCDC110,-1.24857844691996,6.79743818377789e-12,6.262166562534941e-10
LOC100128131,-2.16386416380712,6.83820181459417e-12,6.28003359147792e-10
C7orf41,-0.930421420961874,7.0184904412015696e-12,6.407524820448928e-10
SNORD116-19,-1.07156738700083,7.02063084314875e-12,6.407524820448928e-10
ERBB4,-0.874938310288395,7.10318898645803e-12,6.462802412818222e-10
GHRL,-2.53593909749859,7.36417556963961e-12,6.679579988906445e-10
C11orf85,-1.63821871572077,7.676186224522359e-12,6.931608936670942e-10
DCXR,-0.70018778296429,7.689208225652399e-12,6.931608936670942e-10
XLOC_011184,-0.588491609468969,8.25151663818499e-12,7.415766696115612e-10
REC8,-1.26582815859573,8.36086665767453e-12,7.491132601699364e-10
NAT1,0.866219054848545,8.53325737469704e-12,7.62235160266251e-10
HMOX2,-0.509739002524256,8.61962701629063e-12,7.676169659234819e-10
XLOC_011754,-1.66074453698526,8.70401732286187e-12,7.727905168708901e-10
XLOC_002302,-1.87238928899337,8.93534011947591e-12,7.899217435881822e-10
SETBP1,-0.845139095849826,8.95072616764886e-12,7.899217435881822e-10
POPDC3,-1.59436695137283,9.167371519873569e-12,8.066189048683965e-10
ANKHD1-EIF4EBP3,-0.50779458843594,9.32776864545771e-12,8.182819849334662e-10
PTAFR,1.34754055588938,9.660148684454109e-12,8.427224373397319e-10
LMAN1L,-1.43907616892528,9.663721974393959e-12,8.427224373397319e-10
PARP12,0.698183339804386,9.708275767802579e-12,8.441029830301248e-10
HMGA1,0.704396923699464,1.00696644031391e-11,8.729418804703594e-10
PP7080,-1.67103828706896,1.0141821846194499e-11,8.766113541645998e-10
GABRG2,-1.60175583785275,1.1092715315322499e-11,9.559903744477935e-10
LOC100507656,-1.96733316997999,1.13647278310212e-11,9.737219285657463e-10
GCH1,0.694789821955651,1.1543286292516699e-11,9.861456324548859e-10
XLOC_l2_012552,-1.48665136569749,1.15811865977655e-11,9.865156861887898e-10
HBZ,-1.11208761646961,1.1685391085320598e-11,9.925152405069415e-10
PDGFD,-1.13993847604189,1.1899232714167399e-11,1.0057207860541364e-09
LOC388242,1.12087723595733,1.1909311063932199e-11,1.0057207860541364e-09
CHAD,-1.85348848264361,1.2066733374648198e-11,1.016095015513356e-09
TMEM211,-1.33051971893174,1.2133275891596e-11,1.018779176863495e-09
ANKRD24,-1.823821176831,1.2185533747099899e-11,1.0202520392016291e-09
B3GAT1,-2.52032017283472,1.2303146290714099e-11,1.0271729067940508e-09
SEC23A,0.738280015213725,1.2660656527894499e-11,1.0540265553591035e-09
DGKD,-0.852687063084479,1.3196839672213499e-11,1.092475279681719e-09
LOC100240734,-1.30160693693117,1.3378977077993198e-11,1.1042792537534083e-09
LOC100131034,-1.11354316632812,1.3414580563153899e-11,1.1042792537534083e-09
LOC100505974,-1.5108058955473,1.3487457318723499e-11,1.1071770829124195e-09
CPA2,-2.92507760711344,1.3572385210297e-11,1.111045282897516e-09
LOC388588,-1.19282360411725,1.3800256906783698e-11,1.1265609721571093e-09
COL2A1,-2.53774029323229,1.3899486839472798e-11,1.1313101471164465e-09
ZCWPW1,-0.602027863533189,1.3935425114201499e-11,1.1313101471164465e-09
BEX2,-1.34655162888948,1.39768356081385e-11,1.1313617050889911e-09
PDILT,-2.32577153565007,1.4024249560145198e-11,1.1313617050889911e-09
INPP4A,0.898781548173265,1.4051552414505299e-11,1.1313617050889911e-09
C14orf1,0.547169158196202,1.4346529334650099e-11,1.1519557488707571e-09
FLJ33630,-0.514697347836385,1.4446404268971699e-11,1.1568145195001097e-09
NIM1,-1.15241636469404,1.4567894517260798e-11,1.163373054546903e-09
DIRC3,-2.08149578416938,1.4684585142895e-11,1.1695137891040604e-09
GSTA3,-2.17926800871872,1.47779095604758e-11,1.172971152481757e-09
LOC100506802,-0.829814821816837,1.4807822838258197e-11,1.172971152481757e-09
ENOX1,-1.28974847959515,1.5502199867713498e-11,1.2209598401041656e-09
FGFBP1,2.45057349020088,1.5508649639112097e-11,1.2209598401041656e-09
ST3GAL1,-1.12625786851369,1.5538280257212397e-11,1.2209598401041656e-09
LOC100506548,-0.545347556534648,1.5606437282293698e-11,1.2230452769387924e-09
SNRPN,-0.888267149420657,1.58124728630194e-11,1.2358961502617396e-09
GBGT1,-0.727176747272258,1.5908387797751897e-11,1.2400946965526068e-09
TMEM8B,-0.51892235662624,1.6019213957730698e-11,1.2454303169042057e-09
CSH1,-1.29748096823284,1.6191836528489e-11,1.2555295300771365e-09
MLL3,-0.711354710848227,1.6358729366282098e-11,1.2651324700428901e-09
SLC16A3,0.683970326680559,1.64793118740334e-11,1.2711129064411904e-09
S100A16,0.877665519710034,1.6542714516388498e-11,1.2726630738419508e-09
FAM110B,-1.00584914446611,1.6654309786232398e-11,1.2779030182710123e-09
AVL9,0.536999423641893,1.69476237663514e-11,1.2936539408974934e-09
RNF180,-0.925709922418468,1.75760345695095e-11,1.3366621044775045e-09
TMEM62,0.502697876425618,1.7602022404818098e-11,1.3366621044775045e-09
ASXL3,-1.38806172692626,1.77845731058955e-11,1.3470439031857138e-09
PPP1R14D,1.82736656010764,1.82660693571319e-11,1.3799569312786432e-09
XLOC_010500,-0.965793511119058,1.8490538492901798e-11,1.3933331928958925e-09
KCNJ18,-1.45836910134646,1.8994330282354098e-11,1.4250816096899164e-09
LOC100506948,-0.980414704271334,1.90088468421957e-11,1.4250816096899164e-09
BAHCC1,-0.75495949862954,1.9098263476883397e-11,1.4281419009125936e-09
DPY19L1,0.745865504756064,1.93526145935997e-11,1.443488928113472e-09
PACRG,-1.08379296633979,1.9505435074675798e-11,1.4512043695558794e-09
AFAP1-AS1,2.24664497586492,2.0203541433248497e-11,1.4993476657583505e-09
FAM102B,0.593208380610517,2.0978636340217198e-11,1.5529475183030303e-09
GSTM2,-0.945819890618814,2.13204014739371e-11,1.5742813028041796e-09
DEPDC1B,1.22502739091176,2.1854106448228e-11,1.6096453140364022e-09
TNFRSF1B,0.746564949738527,2.24579947145581e-11,1.6499888716785837e-09
SERPINA4,-1.50071472658854,2.3280708062766498e-11,1.7061682008692814e-09
DMD,-0.536860897593153,2.3407059106356497e-11,1.7111608284020017e-09
NME9,-1.11626472486552,2.38823231841352e-11,1.7415724906584746e-09
XLOC_l2_010759,-1.58765105526043,2.39468013869233e-11,1.741951978116094e-09
FMO6P,-2.19125361534913,2.4054228790651e-11,1.7454461128386459e-09
EFHA2,-1.31282796366812,2.4701245622168597e-11,1.7879808038036719e-09
RAB26,-1.14243463790728,2.4850830294156297e-11,1.7943886994709219e-09
TCEAL2,-1.57821226055656,2.5077704818424196e-11,1.8063323264800253e-09
SNORA5B,-1.71270560576704,2.5704113526676897e-11,1.8469253993202463e-09
NAT8L,-0.705021893814913,2.6586214178246498e-11,1.9038034902851933e-09
OR51I1,-0.99467537931355,2.6625263185899497e-11,1.9038034902851933e-09
HIP1R,-0.682638812911103,2.6813362898431796e-11,1.9125997787842563e-09
IL32,1.17678351895519,2.7049195078349598e-11,1.9218396424493402e-09
EGFR,-1.08769088485113,2.70906705975293e-11,1.9218396424493402e-09
LINC00261,-1.06043400508274,2.7143775321922898e-11,1.9218396424493402e-09
MID2,-0.915831625105416,2.7204481123551298e-11,1.9218396424493402e-09
SLC27A2,1.36950874061893,2.7326151894129e-11,1.9258056399632207e-09
TMEM42,-0.523358629719966,2.79978593458453e-11,1.9684236613772767e-09
XLOC_002921,0.891299883776235,2.8154967577194297e-11,1.974745076750802e-09
SAMD8,0.931953831669328,2.8609669551445098e-11,2.001101348979295e-09
CAMK2G,0.527021728639648,2.8680400969385496e-11,2.001101348979295e-09
TM6SF2,1.1884162096001,2.8794361467191098e-11,2.001101348979295e-09
PDSS1,1.03329832601671,2.8803112515933098e-11,2.001101348979295e-09
SDR16C5,1.06318621363695,2.9037985459890398e-11,2.0103014743616987e-09
PCSK9,2.03468486921826,2.9072346760709196e-11,2.0103014743616987e-09
LGALS4,1.0026556398826,2.9389775126819e-11,2.0274805432557672e-09
XPNPEP1,0.624387142385588,3.08708488086952e-11,2.1246662875642493e-09
TPD52L1,-1.38796655389148,3.1243233367533696e-11,2.1452713602922436e-09
CTF1,-0.835725554040549,3.29307321746546e-11,2.255870296384031e-09
C10orf81,1.61118520346727,3.3440699069412e-11,2.2760040441065508e-09
LOC642648,-1.46763662645367,3.34569806401943e-11,2.2760040441065508e-09
ECHDC3,-1.25011844165046,3.3807032175716494e-11,2.294505915889045e-09
XLOC_003872,-0.892503699588575,3.4160476844313195e-11,2.3131522891720647e-09
RPS6KA3,0.512585273110689,3.48771126327277e-11,2.3560408200801133e-09
MT1F,-1.21110930489086,3.49541921040877e-11,2.3560408200801133e-09
XLOC_005180,-1.13424911519727,3.52701413961258e-11,2.371896831463032e-09
C1orf130,-1.20157554239001,3.60649978298303e-11,2.4198131420617643e-09
LOC100652948,-1.1871347566823,3.62391119417422e-11,2.425956769348337e-09
OAS3,1.04299705656754,3.7097405505923794e-11,2.477769438654747e-09
GADD45B,-0.735835329539102,3.72725010458661e-11,2.483819185342206e-09
PTBP1,0.563570088371403,3.79864851947624e-11,2.5256715540807182e-09
CLRN3,2.85664751155209,3.9625985639670005e-11,2.628732428845648e-09
PHLDA2,1.18509972637835,3.9915567904669196e-11,2.641979075636077e-09
RGMB,-0.891776129651499,4.1020946145819096e-11,2.7029676352765283e-09
NFATC2,-0.749531366537534,4.2546594805782597e-11,2.797224447768096e-09
LOC400464,-0.968668475155291,4.2764091972563595e-11,2.805248068950221e-09
SYTL3,-0.791260141677073,4.3641041020517094e-11,2.856398471071172e-09
FLJ37453,-0.501553358199616,4.44747465742429e-11,2.904497449608556e-09
HSD17B11,0.990492358164676,4.5844643735659493e-11,2.980713252441507e-09
ATXN7L2,-1.32728741059771,4.669317815439969e-11,3.0291812794735057e-09
XLOC_014161,0.994542742379085,4.8444929873244095e-11,3.133479083686187e-09
CHRM3,-1.266674778321,4.8514120834259394e-11,3.133479083686187e-09
KRT19,0.791677606051968,4.8892238021247696e-11,3.1509760766851474e-09
WDR1,0.620523493416308,4.9994479598096393e-11,3.2079427214603862e-09
MUC13,1.62768382583782,5.2314559686728194e-11,3.3412760107106735e-09
TMC7,1.16780827127212,5.23266169130429e-11,3.3412760107106735e-09
LACTB2,0.667749558837309,5.2471752076007795e-11,3.3412760107106735e-09
ALAD,-0.550931629052532,5.2527205558334397e-11,3.3412760107106735e-09
UCA1,2.09861422405005,5.302327490332489e-11,3.3614581044116548e-09
ARHGAP27,0.72203632503989,5.30732462381587e-11,3.3614581044116548e-09
TTYH3,0.611006957922095,5.3258256779757696e-11,3.3659218284806863e-09
LOC407835,0.514576046223316,5.4179983611686696e-11,3.4168269493138383e-09
SMAD5,-0.988004379139298,5.4361817067233294e-11,3.420953062038227e-09
XLOC_l2_010149,1.1577125562419,5.4612031116694093e-11,3.429355492430355e-09
SLC29A2,0.932112043378597,5.5784981198438496e-11,3.4955416363746493e-09
CD9,0.994058714397592,5.787775442249049e-11,3.611276957469534e-09
LEPR,-1.6205757854947,5.968138344485349e-11,3.71592478109609e-09
C2orf82,1.12060730061842,6.093594806120269e-11,3.778028779794567e-09
SMYD2,-0.720228559290979,6.126247301337519e-11,3.7902769619306734e-09
PCSK5,1.33127608005445,6.180643593899109e-11,3.813822274826091e-09
LOC100652751,0.902180564466893,6.19025869433798e-11,3.813822274826091e-09
RAPGEF4,-1.03756383058379,6.30256635765205e-11,3.874891634281975e-09
CBX7,-0.651472632791694,6.43455236062202e-11,3.947779222838411e-09
MDFI,1.30332489885584,6.56977935418827e-11,4.022347409601768e-09
ZNF503-AS2,-0.854323885458739,6.66848901163329e-11,4.074294284280231e-09
TNFRSF11A,1.6980066180135,7.03043798898711e-11,4.286525137351726e-09
FAM150B,-1.79665143850755,7.104462884929189e-11,4.3226905851407656e-09
LIPG,1.16630415216359,7.215480746915569e-11,4.381168351040388e-09
IL18,0.752527741409613,7.36541546659065e-11,4.453803080908765e-09
ITPK1,0.759532328497849,7.5085215432101e-11,4.531015012563828e-09
CHST3,-1.44748197622707,7.53065930932777e-11,4.5350617988222234e-09
CDX2,2.50371950073012,7.66662642841297e-11,4.607501379922298e-09
CHD3,-0.525360116872553,7.704177321387629e-11,4.620619655529381e-09
XLOC_002258,-2.63567379357949,7.73794659850772e-11,4.631421072035537e-09
HPCAL1,-0.55024106659847,7.861790655109059e-11,4.6959817839907525e-09
MARCH3,0.959352450909966,8.3066175658034e-11,4.950061722625166e-09
KIAA1958,-0.724322274749276,8.320846913627439e-11,4.950061722625166e-09
FUT6,0.881476682624305,8.37002734842187e-11,4.969259873038827e-09
AZGP1,-1.34336750968349,8.41963625475702e-11,4.988634480943534e-09
SNORA47,-0.713446142072625,8.828838643256839e-11,5.189470271634543e-09
C7orf74,0.622121658448701,8.829233482432529e-11,5.189470271634543e-09
CLDN7,1.7605720042955,9.049858505295109e-11,5.280922605108394e-09
XLOC_l2_009736,-0.823130258506567,9.056076946338719e-11,5.280922605108394e-09
RNASEH1,0.521233381189367,9.05670679520427e-11,5.280922605108394e-09
TMEM86B,-0.697929706606934,9.098110596303909e-11,5.2945598852312724e-09
LOC100134138,1.56765106503079,9.234546011403869e-11,5.3633367229868955e-09
STX1A,0.778905281997091,9.384049187619339e-11,5.437185164783002e-09
LRRC17,-1.73152851987815,9.39870036650934e-11,5.437185164783002e-09
GPSM2,0.798103667461779,9.679583668512659e-11,5.588675930260315e-09
DBN1,-1.02527392201431,1.00873253899907e-10,5.7956912000172974e-09
CFL1,0.595996326803796,1.01903280677803e-10,5.835564412451913e-09
NMD3,-0.506204380345507,1.0206479202396501e-10,5.835564412451913e-09
XDH,2.07495697089673,1.02869176589218e-10,5.870134682726094e-09
LOC389641,0.854076490622167,1.03586565694725e-10,5.8996162647995706e-09
SLC7A7,1.22665746363214,1.04947118709215e-10,5.964140293179269e-09
SLC5A2,-1.09811674833603,1.05125380150635e-10,5.964140293179269e-09
GNAZ,-1.0019465062942,1.10520939134228e-10,6.231175427294484e-09
TTC7B,-1.27475030292214,1.10574512294385e-10,6.231175427294484e-09
ATP8A1,-0.789561164522357,1.11851466366708e-10,6.2850686301812894e-09
ARMCX1,-0.849268907141253,1.12582270232342e-10,6.314060606084097e-09
SYNE1,-0.643889658936164,1.1285840446007801e-10,6.317491029090996e-09
LOC100505483,-0.696971212175912,1.14696613862241e-10,6.4006546161405135e-09
CDK6,-0.682608957637687,1.14779671386486e-10,6.4006546161405135e-09
LOC100507056,1.71786315281332,1.15541502646616e-10,6.4309349995809674e-09
CTSF,-1.09880435721827,1.16655586329571e-10,6.480669888569816e-09
KIF18A,1.07226756551391,1.1731396936034e-10,6.5049489274748525e-09
KLK11,-1.60501698972681,1.18724026410372e-10,6.5707376424633e-09
HOMER2,-1.35939276879828,1.19829089358952e-10,6.619430973836243e-09
NT5C3,0.559183786126514,1.20474122291956e-10,6.630605687583356e-09
EPHB3,-0.597633536789417,1.20482626826239e-10,6.630605687583356e-09
LAMA2,-1.26256404087688,1.21826086394775e-10,6.692009396204949e-09
MELK,1.11843557604028,1.24980344437223e-10,6.852467093882667e-09
XLOC_012662,-1.57457997534468,1.27360264527343e-10,6.969950565976827e-09
XLOC_012005,-1.49002219365178,1.28431234701548e-10,7.015496515630284e-09
HPN,-1.90398755543801,1.3609593196952e-10,7.420384505974496e-09
PRR5L,0.94750865658408,1.38654027888683e-10,7.545860317764104e-09
PPP4R1,0.546709285682605,1.39549828767404e-10,7.580573692821568e-09
CDCA3,1.06699304349401,1.42469977006238e-10,7.724921926677718e-09
XLOC_008152,-0.772499871823969,1.45972415338596e-10,7.900252931806004e-09
SUSD4,-1.16496577768472,1.4708644121391101e-10,7.945912379401501e-09
CLDN19,-0.846577451083886,1.51720055414404e-10,8.18119080462111e-09
C5,-1.07309219006255,1.54223344214178e-10,8.300944395176306e-09
GRIA3,-1.45496070645495,1.57038969393414e-10,8.43704064448565e-09
PRR11,0.99234120460323,1.60115097846772e-10,8.586610393286378e-09
XLOC_013195,-0.894825484375357,1.60838160182858e-10,8.60967550355889e-09
TBC1D9,-0.606705971663556,1.65095280650172e-10,8.791436819201439e-09
LOC100505839,1.57663203653389,1.6513111216139901e-10,8.791436819201439e-09
PLCL1,-1.18011270704466,1.6660435394441002e-10,8.853831381045788e-09
ZNF429,-0.50558454962811,1.67715045521638e-10,8.896768515866242e-09
XLOC_013301,-1.39922750360568,1.68802963236198e-10,8.938345015469165e-09
ARPC1B,0.824984890693877,1.69400974122563e-10,8.953877387614895e-09
SLC37A1,0.681481788552854,1.70386263275358e-10,8.989787262363054e-09
C11orf80,1.02368763853623,1.75839825915374e-10,9.244330597497336e-09
P2RY4,-1.59984582274108,1.83309688509389e-10,9.603106295886293e-09
CEP72,0.856998984088383,1.83317770246094e-10,9.603106295886293e-09
PLS1,0.792339351687358,1.87057201675011e-10,9.77369126726614e-09
FNDC5,-2.12607201334958,1.87239287582375e-10,9.77369126726614e-09
LOC284578,-1.12888651176309,1.88274110654761e-10,9.810282914755526e-09
TRIM14,0.882578937179606,1.92475373988598e-10,9.993756697485722e-09
LOC100129129,-0.863506047013961,1.9382003473353e-10,1.001051525614935e-08
CDR2,0.628320993759936,1.96589274963405e-10,1.0135729144955344e-08
MAPK6,0.657846162964364,1.97923965402555e-10,1.0186671620403303e-08
CORO2A,0.934149741960582,1.99043896246438e-10,1.022640213792014e-08
RGS11,-1.16929563965102,2.04403349451873e-10,1.0483430425290827e-08
PYDC1,1.08975799389295,2.05466208939916e-10,1.0519583533669428e-08
FAS,1.07186084068838,2.06441462722459e-10,1.0536165333976742e-08
BNIP3,-1.21257442266237,2.06595052760511e-10,1.0536165333976742e-08
ERO1LB,-0.945960974362793,2.06865638958234e-10,1.0536165333976742e-08
EPOR,-0.864508825747326,2.08527139858245e-10,1.0602414508917135e-08
ZSCAN22,-1.21307192493046,2.0944452609182e-10,1.063066620515787e-08
CYP2C8,-1.40402703614345,2.10482148362833e-10,1.0664912717391269e-08
CKAP2L,1.16426500583159,2.11975972882296e-10,1.0705827935497127e-08
XLOC_013835,-1.92644916522467,2.12018233920625e-10,1.0705827935497127e-08
RABIF,0.665370817658191,2.13514383917034e-10,1.0762882872304967e-08
ATP4A,-4.25352165284884,2.13988056340803e-10,1.076506792236928e-08
SERPINA5,-1.9521008393,2.14290347576767e-10,1.076506792236928e-08
CALM2,0.529627504774474,2.16329740194696e-10,1.0848973387101923e-08
XLOC_l2_015752,-0.75794285457224,2.17894968153397e-10,1.0908854044449798e-08
AIM1L,1.34952778811803,2.22004468316603e-10,1.1076854524428401e-08
EPCAM,0.778998487172174,2.27649105933661e-10,1.1300932306044644e-08
LOC285095,-1.06841890788801,2.28146272465634e-10,1.1306513752479009e-08
B3GALNT1,-0.746771586192387,2.30084510645218e-10,1.1383373062023008e-08
FLJ45248,1.22209915826893,2.31228536334536e-10,1.1403990587744582e-08
C18orf56,1.02524832717899,2.31277337358642e-10,1.1403990587744582e-08
NMU,1.44203672871649,2.33097453412263e-10,1.147448569661572e-08
HTR2B,1.3627214214923,2.34114819317953e-10,1.1505294832969903e-08
EPHA1,0.820803901666018,2.36040838785908e-10,1.157079061533901e-08
CDH3,1.86755713502282,2.3627070173926e-10,1.157079061533901e-08
REG4,3.24104651795696,2.36628731448848e-10,1.157079061533901e-08
SLC4A11,0.873176940748409,2.37846779567499e-10,1.1611031823803423e-08
KIF2A,0.568409115049195,2.4213788732772005e-10,1.1800909175434554e-08
OAS1,1.14771874885464,2.42973479338686e-10,1.1822027501333285e-08
RYR2,-0.533858721369828,2.47994197172249e-10,1.2036533570377791e-08
LYPD2,-1.79544469698835,2.4820128432179603e-10,1.2036533570377791e-08
FABP3,-1.63527231002582,2.50022697640879e-10,1.2104888036688884e-08
XLOC_011327,-1.29033909075217,2.50846822051003e-10,1.2124813168478414e-08
SNAI3,-1.00221617404866,2.55440904784416e-10,1.2326596567823345e-08
AURKA,0.855707510178968,2.63970286746403e-10,1.2717309486726708e-08
PREP,0.530069665207582,2.64852414691212e-10,1.2738924325606118e-08
FAM99A,-0.527534618674149,2.6625502439803005e-10,1.2785461857858344e-08
LOC100131262,0.697850482333451,2.67159386658144e-10,1.2807960938188478e-08
KIAA2022,-0.949024263702971,2.69172907303997e-10,1.2883474592589356e-08
LOC730236,-0.928290981648412,2.70101058191942e-10,1.2906877883162264e-08
MOCOS,0.993538834808697,2.7937214128115e-10,1.3328228064887072e-08
ND1,-0.730724583718461,2.85657034615807e-10,1.360597882218693e-08
ZNF362,-0.518537617162141,2.86823162491518e-10,1.3639416018285975e-08
ETV7,1.17823411250868,2.91150260873422e-10,1.3822817231903275e-08
PLK4,0.972465123709009,2.92542049205423e-10,1.3849357532302202e-08
SIPA1L2,1.13871841563604,2.92651797589481e-10,1.3849357532302202e-08
NME3,-0.507927677461682,2.95056974034257e-10,1.3940730470930457e-08
MAP2K3,0.562565690798287,2.97912278272145e-10,1.4053043393036594e-08
ECT2,0.831276263320395,2.99027739171409e-10,1.4083056408284243e-08
CFI,1.52635908483124,3.03184641944362e-10,1.4255984411937456e-08
ANKS4B,1.4002614856172,3.09253553536886e-10,1.4518120497351447e-08
GINS4,1.17100181170053,3.24085562024495e-10,1.516596575919723e-08
SCD,0.769379044321371,3.24880211472475e-10,1.5178981963041485e-08
PLA2G3,1.20296869632828,3.45353634173564e-10,1.608439397954469e-08
SLC2A4,-1.74885502459511,3.47517498203626e-10,1.615956366646861e-08
SERPINB6,0.619121352969925,3.51434167166505e-10,1.6290137704557174e-08
CYP4F3,1.70673838502307,3.54473907557949e-10,1.6396814149777995e-08
IER5,0.638839757783108,3.63515803454169e-10,1.6770804445700345e-08
RAD51AP1,1.03804681907888,3.67880711567109e-10,1.694557735350188e-08
SNORA48,-0.995577446245973,3.71720019009514e-10,1.7095630545620655e-08
SCUBE2,-1.54689737036069,3.74417499100068e-10,1.7192783536801248e-08
ACVR2B,-0.53577334688401,3.79236568342894e-10,1.737471276287531e-08
METTL21B,-0.656026340226187,3.8385100084902e-10,1.7543721948601868e-08
XLOC_002647,-1.02039196036662,3.84730181721325e-10,1.755660028016506e-08
SLC13A3,-0.81948039884299,3.87087550629226e-10,1.7636789050994874e-08
MECOM,-0.567288354969229,3.8817912424618103e-10,1.7659145670815428e-08
HDAC5,-0.510268723516881,3.9026740494250103e-10,1.7726705558655673e-08
CCNF,0.893711815318143,4.05759063155839e-10,1.835325969671652e-08
KLHL7,0.571550070423406,4.05935034805558e-10,1.835325969671652e-08
LOC100289090,-0.960045366548394,4.1254320374408006e-10,1.8623378911875614e-08
CCDC106,-0.750600271288028,4.15277557620827e-10,1.8718062673866358e-08
PTPN13,-0.944165981921132,4.20804746575894e-10,1.8938146848962287e-08
NR1I2,1.7009274456053,4.267455120214e-10,1.9176142365879056e-08
XLOC_012893,-0.955365269041755,4.3258414670911203e-10,1.9407997897922296e-08
ANXA1,1.23351449287883,4.33226031748912e-10,1.9407997897922296e-08
ZNF540,-0.819166281207165,4.37513192641719e-10,1.9540482834885773e-08
FAM83D,1.07829674350515,4.40352283062366e-10,1.9637439900814586e-08
GPR98,-1.11619844281559,4.47947947246812e-10,1.9930419832527596e-08
PLD6,-0.709881971168435,4.48278464315392e-10,1.9930419832527596e-08
CHEK2,0.540653926751964,4.55918180966351e-10,2.02394614837449e-08
GPA33,2.83009557863836,4.69241075430905e-10,2.0768157718017225e-08
OR2A25,-1.67970062999443,4.81980019652673e-10,2.1299892958725945e-08
XLOC_004600,-1.47988655060221,4.87296482913893e-10,2.150250606587611e-08
XLOC_001755,-1.56067120931641,4.88182845289023e-10,2.150932152526808e-08
RHOBTB1,-0.575689085872531,4.96134547266966e-10,2.1816485125138322e-08
RAPSN,-1.19290029286316,4.96985650373102e-10,2.1816485125138322e-08
PM20D1,-1.21721539538397,4.97381415334241e-10,2.1816485125138322e-08
PVRL1,0.822682584176321,5.01594296978261e-10,2.1968484649176057e-08
XRCC4,0.860882456111573,5.085457354834901e-10,2.2239794753554768e-08
LOC286367,-0.694249345512841,5.20101117598715e-10,2.2677643388710737e-08
S100A14,0.886415370909191,5.22539190703144e-10,2.2750195165013325e-08
APC2,-1.1692607989277,5.23620539259181e-10,2.27635508990367e-08
TIMP1,0.787227470571873,5.27603022897477e-10,2.290280300873125e-08
FREM2,-0.960929149822829,5.321021525569301e-10,2.3030070779592135e-08
G0S2,-1.7783269267969,5.341717984826561e-10,2.3085648255600437e-08
ZYX,0.753274368637705,5.469795780340201e-10,2.3604457913750044e-08
PPP1R1B,1.72914427692896,5.5146453534067e-10,2.3763108159225237e-08
TMPRSS4,0.995319490729192,5.53171180384709e-10,2.3797634958821e-08
LOC386758,-0.833170847259807,5.53885337955409e-10,2.3797634958821e-08
XLOC_001485,-0.949467088326756,5.56513066308514e-10,2.387562918638629e-08
RND3,0.649633371243084,5.625358485015261e-10,2.4063760576074015e-08
LOC100507372,-1.04096738818341,5.71413111712814e-10,2.4407977510197933e-08
RBP7,-0.987652686304214,5.72609640137074e-10,2.4423587959866952e-08
SLC6A8,0.844556440570307,5.74658350664664e-10,2.447544870917847e-08
RHBDF1,0.778180843458448,5.77087455210582e-10,2.454333738600374e-08
XLOC_l2_011873,-0.64001144793169,5.89694766084043e-10,2.504328003710673e-08
SGOL1,0.981619246585142,5.99106822103574e-10,2.5406278914833814e-08
KCNJ12,-1.30674685230939,6.03266948630963e-10,2.554583441839588e-08
PTPRZ1,-1.42619466235255,6.12047300882349e-10,2.588035406954025e-08
PLEK2,0.777670638636056,6.26761678733107e-10,2.642650245998357e-08
LRRC16A,0.72591379702778,6.29489470316161e-10,2.6503490764543466e-08
LOC100507448,-0.534680370726749,6.43563250618071e-10,2.7057277266328858e-08
APOC4,-1.12360070548704,6.47473920586896e-10,2.7159210242129357e-08
FANCD2,1.08351637190873,6.48099766651239e-10,2.7159210242129357e-08
GLT25D1,0.672018240667743,6.53788829022534e-10,2.733079104881114e-08
GSTA4,-0.598614616561744,6.60809809164387e-10,2.7545927193933342e-08
PLIN3,0.547872503610617,6.649931993300041e-10,2.7681048359646117e-08
XLOC_006793,-1.56441164504422,6.76401733893731e-10,2.8116116203209285e-08
XLOC_007604,-1.44272232021165,6.86098166492286e-10,2.8478888300671325e-08
OXCT1,-0.752066324676144,6.997462969601041e-10,2.900443466158468e-08
TONSL,0.668666834966826,7.09166986898806e-10,2.93535202971579e-08
RNF217,-1.06234907148812,7.15379499169849e-10,2.9569019299020426e-08
SEC24A,0.581844961911584,7.35651214689233e-10,3.0364210529897724e-08
ATP2C2,1.19130755125983,7.41247719917821e-10,3.055229732530845e-08
CKLF,0.600818075716675,7.44927512481041e-10,3.066096601791713e-08
TSPAN3,0.573403011572992,7.60601972734336e-10,3.126233674785548e-08
TRIP13,0.836749879105716,7.67348549321761e-10,3.149558542942446e-08
FAM178B,-1.39898032886049,7.69701765665418e-10,3.1548110863842827e-08
SHISA4,-0.55569502007827,7.73525241305396e-10,3.1660668233263194e-08
XLOC_l2_005415,-1.03958138348734,7.80467970280134e-10,3.190040710791735e-08
LOC389332,2.02219137139805,7.88741987728529e-10,3.219381879911946e-08
ZWILCH,0.68466309312509,7.9175932557984e-10,3.224520311742107e-08
ANKRD16,-0.908232405593071,7.921953399611411e-10,3.224520311742107e-08
XLOC_002094,-1.38818546244027,7.98280546617603e-10,3.244795118118688e-08
C8orf78,-1.1584171398754,7.99870828752563e-10,3.246768496599492e-08
KRT19P2,0.810915147304437,8.05062861445524e-10,3.2588412358348564e-08
PDCD4,-0.617428150845834,8.27675207207896e-10,3.3411701908551715e-08
IDUA,-0.533054691258984,8.35169976155045e-10,3.3668004470842887e-08
XLOC_001982,-1.26912296759336,8.41343111041707e-10,3.387039910588176e-08
GJB4,1.10990743209428,8.54127613048672e-10,3.4337565948881304e-08
XLOC_004726,-0.956270142645937,8.55284411139959e-10,3.4337565948881304e-08
SNORD71,-0.924081056857761,8.651832263548311e-10,3.468759161816613e-08
BDNF-AS1,-0.699768328011353,8.82324227337088e-10,3.5230630968726006e-08
LOC100130654,-0.869178405835841,8.868186113075371e-10,3.536204253610027e-08
CCNA2,1.15373509644232,8.89456688024865e-10,3.541917770687633e-08
APOBEC2,-1.68658388994829,8.97853703251406e-10,3.565692517723286e-08
IQCE,0.501252225387611,9.12408019388498e-10,3.618602816975598e-08
NIN,-0.671998028234975,9.168278608289681e-10,3.631231425073007e-08
LOC100506235,-0.671521489356731,9.28194545625835e-10,3.671303002268107e-08
ASAP3,-0.596965097918988,9.32340070071846e-10,3.6827432767837916e-08
C11orf82,1.1306682444684,9.34841516395288e-10,3.6876674474932514e-08
TMEM53,0.714617967450207,9.63957104933605e-10,3.787268903715078e-08
BMP2K,0.557874901909343,9.75418870935995e-10,3.822081303875603e-08
B3GALT5,1.20971332304724,9.78266578220491e-10,3.827393935210866e-08
LONRF2,-1.09474213552878,9.80681786175916e-10,3.827393935210866e-08
ITGBL1,-1.1368231698889,9.89130962488441e-10,3.855249433104815e-08
AR,-1.10685086793895,9.97298745558166e-10,3.881935832379256e-08
XLOC_l2_014602,-0.719864790259943,9.98864486942806e-10,3.882887505591955e-08
SMARCA1,-0.705749619849471,1.00586783551503e-09,3.904946360649367e-08
PRRG1,0.60424093132306,1.00753862128479e-09,3.9062724277463603e-08
SLC22A18AS,1.22463258196658,1.01267244897258e-09,3.921003679895412e-08
XLOC_l2_013972,-0.719978814998545,1.01666327817823e-09,3.931276370934451e-08
XLOC_008183,-0.659668483154924,1.02510660401051e-09,3.958716541216934e-08
FAM72A,1.08043708292616,1.0433886110560301e-09,4.024029462167272e-08
XLOC_008233,-0.776031334449389,1.05427554214097e-09,4.0606880252213406e-08
PAK3,-0.751230828587826,1.06288802139025e-09,4.0885017241644855e-08
PGCP1,-1.86040223236712,1.06744553402372e-09,4.10066527501818e-08
SLC14A2,-1.20129140992529,1.07037815400725e-09,4.106563079629904e-08
STARD4,0.731961227804956,1.07372120121398e-09,4.1140180783932785e-08
LOC400043,-1.17535683911049,1.07830619439166e-09,4.1262060469768365e-08
UBE2QL1,-1.09229687239683,1.0989950989818502e-09,4.193112645577852e-08
PAOX,0.53819944523402,1.1025886576245e-09,4.193112645577852e-08
HMGB3,0.701877237619486,1.1027877915100601e-09,4.193112645577852e-08
PIGZ,-0.706242157506135,1.10292502893415e-09,4.193112645577852e-08
ESCO2,1.02978170372645,1.1076746342995702e-09,4.2057289603095313e-08
PLBD1,0.715468503724718,1.1191224802203e-09,4.2382437433910023e-08
PRR5,0.599549742480572,1.15021121214497e-09,4.346452637495965e-08
LOC654342,-1.52053443829482,1.1506533796011502e-09,4.346452637495965e-08
CRTC1,-0.520839388119238,1.1633935279225901e-09,4.383308845972959e-08
SLC6A2,-1.04649805419024,1.17063875355838e-09,4.404959243223262e-08
PI3,2.47964145774776,1.1941495855234601e-09,4.476233165735134e-08
RARRES1,1.83646331560273,1.1979053908693602e-09,4.484591544824045e-08
LRP8,1.14599784893624,1.22598322442908e-09,4.583867048285217e-08
PFKP,0.789462376721068,1.2329682028460501e-09,4.604125736370993e-08
LOC388152,-0.702656970283342,1.2512609293921e-09,4.6644918851576305e-08
IQCD,0.557342871287924,1.2523084583467302e-09,4.6644918851576305e-08
ANXA8L2,1.09634488447507,1.28562766174523e-09,4.7825349016922555e-08
SLC9A4,-0.506882203390247,1.2962980283681801e-09,4.810051320414656e-08
IPO11,-1.17174743393832,1.3075408484608e-09,4.845650750891046e-08
DMBT1,3.11656142364882,1.3242167059510901e-09,4.9012695912456716e-08
RAD54L,1.04084809634461,1.3280942054326501e-09,4.909438051478581e-08
BTN1A1,-0.967501444662026,1.3326544906826501e-09,4.920106805550468e-08
LOC100506662,-0.977322786099421,1.34189952516537e-09,4.948022991914667e-08
FAM91A1,0.626459669741687,1.34373958645502e-09,4.9485988680125476e-08
C11orf67,-0.680482284245691,1.3627387211487101e-09,5.0106660877246696e-08
XLOC_001066,-1.33899475529708,1.3640032905198502e-09,5.0106660877246696e-08
CCL16,-0.692136259167848,1.3954978138749701e-09,5.119961267685096e-08
NT5DC2,0.711876287239581,1.4215089373042302e-09,5.202404065939815e-08
CDC25B,0.871670848862843,1.4477002719467802e-09,5.291668605966664e-08
GDA,1.29472607054239,1.4526944066546401e-09,5.300522915726298e-08
CDHR5,1.48537930670885,1.4537299135958202e-09,5.300522915726298e-08
CIDEC,1.08182564709182,1.4681541065818402e-09,5.3464823896192214e-08
CADM2,-0.801132128112077,1.4708783877770502e-09,5.349774017325737e-08
XLOC_003160,-1.5723694815708,1.4743002099181702e-09,5.355591417685438e-08
HKDC1,1.76893467276179,1.48696257212107e-09,5.394920502406668e-08
C14orf176,1.63765824565912,1.4941917902807702e-09,5.4144646526228456e-08
USP41,1.10406778132011,1.510308038552e-09,5.4596089371912626e-08
C10orf129,-1.63664790897324,1.5372569222490702e-09,5.549988505043695e-08
LOC392288,0.55314425148619,1.55991757069725e-09,5.6248904990982556e-08
CELSR1,-0.757624957576099,1.5679101886647301e-09,5.6332477309554015e-08
LOC100128714,-0.829515243911295,1.5708526785248702e-09,5.6366567175200105e-08
CA11,-0.726631697877925,1.5797906157033502e-09,5.66181544076708e-08
FBP2,-0.899879117816581,1.6061970080005301e-09,5.738671759259269e-08
CALHM3,1.52973399462055,1.6070936633559202e-09,5.738671759259269e-08
SLC27A4,0.819860169816276,1.6162339366978802e-09,5.764306181028799e-08
KLHDC8A,-1.43113317663783,1.64025322932542e-09,5.8357909460367866e-08
ZDHHC2,-0.715791499346986,1.6422346237826402e-09,5.8357909460367866e-08
MTMR11,1.01636951254175,1.6509451140626201e-09,5.854366501914124e-08
SKA1,1.17330055001421,1.65144611068695e-09,5.854366501914124e-08
MOB3B,0.671656452789581,1.6602421998220302e-09,5.8784575624541956e-08
ESPL1,1.01585882162652,1.68299195379432e-09,5.944683598330225e-08
RBPMS2,-1.55048191571328,1.7033329104505902e-09,6.004898309051249e-08
C17orf108,-0.569433695965585,1.7041258982403502e-09,6.004898309051249e-08
LOC389493,-1.17902327788415,1.70986486003459e-09,6.017905210382819e-08
C5orf38,-1.12423330914024,1.73059351861425e-09,6.083574440793729e-08
SNORA74B,-0.89376932067576,1.75116867844548e-09,6.133890956156825e-08
XLOC_012145,-1.08031460654493,1.7667603874887e-09,6.181137412799752e-08
SP6,1.0433949532136,1.7703938406186402e-09,6.18648444567189e-08
ABHD11,0.736319482230152,1.7772147862789e-09,6.202943959520702e-08
C10orf11,-0.974368736502539,1.78293547965313e-09,6.208720105329709e-08
GTSE1,0.993268407963136,1.7830950622357e-09,6.208720105329709e-08
RPP30,-0.58983865238786,1.8308918219414e-09,6.360076697779416e-08
EPHB2,1.39388605619634,1.8519574374103101e-09,6.425658225574284e-08
RPS6KA1,0.541250739157086,1.8748643007045503e-09,6.497466045885062e-08
LRCH3,-1.21343013120615,1.9076353412508503e-09,6.587730600314923e-08
LOC100505730,-0.678999927792945,1.9113609124453502e-09,6.592849119124878e-08
PRSS3,1.25412431069261,1.9194689417391402e-09,6.61305430947595e-08
RGL3,-1.04282220091715,1.9225411862990603e-09,6.61588294882398e-08
RRM2,1.37473701737598,1.94767694218344e-09,6.693633762331727e-08
TMED6,-2.0376043514327,1.9496905201292904e-09,6.693633762331727e-08
NTN4,-0.653805159730425,1.9860537147130704e-09,6.802581185080152e-08
XLOC_005220,1.10170910421204,2.0107849154761703e-09,6.857305995678437e-08
TCEAL4,-0.599010096951431,2.01136442366776e-09,6.857305995678437e-08
YIF1B,0.500854829278595,2.08625873550268e-09,7.096177282286199e-08
PEBP4,-1.32115933234901,2.0925227168685103e-09,7.109255214258009e-08
ENTPD7,1.00784776659326,2.1473123558925e-09,7.286976387409792e-08
SLC19A3,0.875273115261884,2.1707313996989204e-09,7.357953215034817e-08
LAMC2,1.00715496911147,2.17714977887662e-09,7.371207108482271e-08
GPRC5A,1.40046625314648,2.1969942520105903e-09,7.429835106799451e-08
HN1,0.693817620067698,2.21193869230279e-09,7.471776355102804e-08
VPS37D,-0.711600809644724,2.21693033892108e-09,7.480040045948645e-08
BEX4,-0.769782311714152,2.25465688795313e-09,7.589903393260777e-08
MAN2A2,-0.557068681507014,2.28925008135869e-09,7.688740730396479e-08
EMP1,1.07267687587904,2.32909090903268e-09,7.80471193097519e-08
ARL5B,0.83364567408343,2.3326243226975704e-09,7.80764961223647e-08
GGT7,-0.894648010681037,2.33859006568033e-09,7.818712724711439e-08
A4GALT,-0.584066950179506,2.3673579844353702e-09,7.90589959620303e-08
XLOC_l2_011365,-0.855623835360011,2.37623140476984e-09,7.926525371552333e-08
RSPH1,0.649070895050511,2.39291313078621e-09,7.973121438497181e-08
SLC35A2,0.710840223942185,2.40450723618988e-09,7.999082825593238e-08
PRKAA2,-1.09153841046764,2.4061485020499603e-09,7.999082825593238e-08
IL33,-1.20385209149765,2.41964598952571e-09,8.034865123184358e-08
PBXIP1,-0.81030808240078,2.43659212780131e-09,8.072893963001679e-08
LINGO4,-1.26377910577992,2.43974091790791e-09,8.074223659400638e-08
ND2,-0.742004215677511,2.4430768429069e-09,8.076168983053764e-08
LOC100507547,-0.604242756289302,2.4745869021252504e-09,8.161970805797628e-08
KDELR3,0.561929675207396,2.5253626251979903e-09,8.31725654384159e-08
EPHB6,-1.1605362603671,2.52732751247126e-09,8.31725654384159e-08
XLOC_l2_006983,0.670963826106591,2.5395583188063302e-09,8.348158822492218e-08
FSD2,-1.63085666308256,2.5425112514685704e-09,8.348527447838922e-08
PPP1R3C,-0.909238053318266,2.5513206014210504e-09,8.368103776178776e-08
MAGEH1,-0.78925490118588,2.5723401105326304e-09,8.427640041062759e-08
XLOC_009343,-1.46134014040177,2.59566968923372e-09,8.494603655590264e-08
MST1P9,-1.16566074068519,2.61057374600779e-09,8.524525230048397e-08
FAM155B,-1.20555165457332,2.6500238821475303e-09,8.634024595183107e-08
CCK,1.80204156801599,2.66729955100677e-09,8.680686512180173e-08
KCNJ15,-1.52166850623806,2.6992616803199e-09,8.774989188190401e-08
LOC284570,0.852863706592183,2.7457168261604204e-09,8.896485786902143e-08
MYO15B,0.959245333009213,2.83053618137985e-09,9.151288816075052e-08
ULK1,-0.537008607555557,2.8305844337186e-09,9.151288816075052e-08
MAD2L1,1.04899828441544,2.85510359108536e-09,9.220415860968853e-08
CLDN1,1.55254620832518,2.9471476403208203e-09,9.50722007176161e-08
ARHGAP24,-0.746228914656307,2.9929960949418504e-09,9.623432082948697e-08
SIRT4,-0.598134211148065,3.0189654006816503e-09,9.685737466728422e-08
SFN,0.969972893218651,3.0690865888478504e-09,9.835803344935728e-08
TNFRSF12A,1.33684580522594,3.2202399483681604e-09,1.0297759695608651e-07
DUOX1,-1.26274318742904,3.24491113075733e-09,1.0365374816380046e-07
XLOC_014418,0.978012376860877,3.26230156035985e-09,1.0396890230129524e-07
ND5,-0.765640808812092,3.2737329670391205e-09,1.0412171475686762e-07
XLOC_005201,-0.827851756233094,3.3315606002779805e-09,1.0565546554360234e-07
TPMT,0.675074147624744,3.33274181839252e-09,1.0565546554360234e-07
XLOC_000572,-1.18097142682245,3.345356783155e-09,1.0594110468034389e-07
XLOC_013005,-1.60210082222528,3.3835002990158902e-09,1.0703369944830891e-07
NRF1,0.600806722416184,3.4093510070424e-09,1.0773549182253984e-07
CEACAM20,0.807987211146968,3.4326558432367504e-09,1.083554134490243e-07
CNIH3,-1.38920153564966,3.44184101270701e-09,1.0852878077407039e-07
ASB9,-1.14662810244223,3.46708613504895e-09,1.0920763916057722e-07
XLOC_006277,2.17263035755409,3.5130921254702404e-09,1.103020848112387e-07
LOC728723,-0.852839767177378,3.5511157731759802e-09,1.1137693739818111e-07
EXT1,0.524249939595979,3.5585529006636e-09,1.1149120751034315e-07
TTC18,-0.667190270562078,3.5840973679974703e-09,1.1217194190703904e-07
HYMAI,-1.33717484495244,3.6207135234991704e-09,1.1319737130701449e-07
CDCA8,0.750915799237101,3.80770932909045e-09,1.1853915441028617e-07
LOC100506219,0.953619856834135,3.82972412927995e-09,1.1884681384506777e-07
GNRH2,-1.228493141461,3.85788968909333e-09,1.1959458036189323e-07
RBPJL,-1.00037850928085,3.9477101800467e-09,1.2161716595093127e-07
LGALS3,0.514947266539187,3.94796434997919e-09,1.2161716595093127e-07
XLOC_l2_006574,-0.984817995732497,4.12373720160798e-09,1.267660971557064e-07
METTL7B,1.1625105840212,4.25084082195491e-09,1.304005324380072e-07
PLEKHA7,0.539159871558292,4.299010212902831e-09,1.3174068001750615e-07
ALDH1A1,-0.728157819582153,4.36055444407968e-09,1.333485681608883e-07
FAM167A,-1.08832716967161,4.43945914993378e-09,1.356204007258357e-07
TMCO5A,-1.17083464294874,4.56543862908594e-09,1.391699914323636e-07
ACPP,0.781280995648769,4.57138956776698e-09,1.391699914323636e-07
CDKN3,1.00804602739984,4.57459547174572e-09,1.391699914323636e-07
C19orf53,-0.93467257955475,4.5897284741847705e-09,1.3948597766219445e-07
LPCAT1,0.894417070646687,4.61374813803815e-09,1.4007110566184417e-07
TRAF3,0.627976754848647,4.64059356185313e-09,1.4074072610499465e-07
EDN3,1.29187804297104,4.71962028333965e-09,1.429898978214285e-07
ERCC6L,0.709145076884878,4.7303060528944505e-09,1.431660497244718e-07
SEZ6L2,-0.661031080072954,4.76082158969588e-09,1.439413836193236e-07
KIAA1539,0.617681586552704,4.81755928441729e-09,1.45507124615062e-07
C2orf89,1.37940079218379,4.8660061265337e-09,1.4681949491434534e-07
PFKFB4,0.992413890822252,4.92179845158666e-09,1.4835057732843976e-07
ORM2,-1.60012672101726,5.043894053582831e-09,1.5187495742488957e-07
TP73-AS1,-0.864616964935327,5.118978790291e-09,1.5369593322310535e-07
FOXM1,0.970645413977888,5.120059841616311e-09,1.5369593322310535e-07
GNMT,-1.42624428315379,5.1568340108248704e-09,1.5464187541849112e-07
DHRS9,1.70067475289973,5.1880401676811505e-09,1.5515613332189512e-07
CCDC28A,-0.521841491149925,5.18982166378872e-09,1.5515613332189512e-07
CAMK2N1,1.55811224258094,5.257533069074871e-09,1.570207132459068e-07
E2F2,1.03217796611228,5.3876927328104206e-09,1.607446842962768e-07
LOC401127,0.801253984969308,5.50012795267121e-09,1.6376672773363882e-07
CENPA,1.21106997933287,5.525525432461391e-09,1.643564184303394e-07
CDC25A,0.848584974661588,5.60552001565085e-09,1.662311021392e-07
ZNF703,0.866435641628247,5.670404930902021e-09,1.67816576142345e-07
KIF22,0.58960647853385,5.7412182042526505e-09,1.695441141993147e-07
DIRAS1,-0.984306170720636,5.7460847196991106e-09,1.695441141993147e-07
PAR-SN,-0.921645678573665,5.7619063594445105e-09,1.6984042536745766e-07
CIDECP,0.794769237741389,5.77608877251487e-09,1.700878725918507e-07
HHLA2,0.956495566456609,5.81800523924158e-09,1.7080872924158997e-07
PBK,1.13818050049053,5.874182462068321e-09,1.7211413179986422e-07
LDHB,-0.871908258955179,5.89854944889114e-09,1.7265594741435542e-07
NEDD4L,-0.699018896917295,5.94633417768995e-09,1.7388146150642014e-07
Q6ILE4,-0.841980931361567,5.96264537794994e-09,1.7418511169701079e-07
CKMT1A,0.604037744927048,5.98572773671175e-09,1.7462595363442443e-07
LINC00346,0.838163233742661,5.98962029615829e-09,1.7462595363442443e-07
PPP3CC,-0.757136532883653,5.99918720580389e-09,1.7473152983564392e-07
USP18,0.819933195167957,6.1353864668726e-09,1.7852152226579404e-07
CES2,1.10898589228344,6.236318399307781e-09,1.8084301951427723e-07
CCDC109B,0.947804610419151,6.239785687609811e-09,1.8084301951427723e-07
CA13,0.777149824506984,6.250427536074481e-09,1.809729698819279e-07
ORC6,0.657334655335836,6.269002014374321e-09,1.8133211732129188e-07
CD3E,-1.13337722717307,6.30302253872178e-09,1.821368990835356e-07
CIB2,1.10501245823042,6.3888851529769e-09,1.8443669634153746e-07
ULK2,-0.586865867773099,6.41689864535641e-09,1.85063608822114e-07
ONECUT2,2.03141242373323,6.48686699862781e-09,1.867150316901803e-07
ALB,-2.14510114485009,6.5270747092782e-09,1.875050552847192e-07
INA,-0.972877335595697,6.5710400296814e-09,1.88583715226833e-07
CAPS2,-0.575776610269933,6.67030015295722e-09,1.9105924063850565e-07
MIER3,0.555001458940709,6.6938434284435e-09,1.9154690426007555e-07
KIF4A,0.976907395275656,6.7689253414994605e-09,1.935069824280021e-07
CDCA2,1.08583661151023,6.832936831523211e-09,1.9514708222041216e-07
MYD88,0.584724044004074,6.8452709809771e-09,1.9530953746500487e-07
CBLC,0.691733889901389,6.9444893613284805e-09,1.9771431881568318e-07
CCBE1,-0.753561618337071,6.948799227476871e-09,1.9771431881568318e-07
RIPK3,0.547399919004012,6.952812879725151e-09,1.9771431881568318e-07
ITM2A,-0.881511954322542,6.956465416340561e-09,1.9771431881568318e-07
AKR7L,-0.530016889128751,6.987770014645691e-09,1.9841215960425852e-07
F3,0.923682529340079,7.000388853949881e-09,1.985785981079914e-07
ANLN,1.2103875961415,7.034223506232531e-09,1.9915391175449098e-07
SPRR2G,-0.833039791182651,7.085478677550171e-09,2.0021927632292734e-07
SLC25A37,0.642310890897004,7.14466840193186e-09,2.0153471551993337e-07
ND3,-0.517290025252105,7.145745663936661e-09,2.0153471551993337e-07
BMP1,0.582061717010119,7.250423725330651e-09,2.042163578228428e-07
CENPK,1.00314464086219,7.25472565560936e-09,2.042163578228428e-07
PNPLA4,-0.657515321633492,7.291127621769731e-09,2.0484862193935836e-07
DICER1-AS,-0.676614260226748,7.42670446154782e-09,2.084584438547921e-07
TRIM54,1.97405645736746,7.443749936071091e-09,2.0873752206226834e-07
LOC100507554,-1.46423278305107,7.460411275400731e-09,2.090053065409692e-07
MYBL2,1.06653463631334,7.490701362426121e-09,2.0965403013236082e-07
XLOC_012977,0.846538522564697,7.5106680868735e-09,2.1001285798005558e-07
MT1X,-1.0356670078851,7.541217468320421e-09,2.1066663399144538e-07
CEACAM5,1.67022921255737,7.586574459127461e-09,2.1135038721479524e-07
PKP3,0.627150248907196,7.587268902668061e-09,2.1135038721479524e-07
WDR86,-1.69182298110057,7.61683617496994e-09,2.1192566939224786e-07
SLC29A1,-0.82517339358295,7.625229348047481e-09,2.1192566939224786e-07
XLOC_000712,-0.97980787197433,7.669778575899261e-09,2.1284178733572002e-07
DQX1,0.776016841110687,7.694201351218291e-09,2.1331810312226712e-07
OR3A3,-1.65516993255399,7.9173063015433e-09,2.1909020488677447e-07
TGFB1I1,-1.01185146722657,7.98472701232793e-09,2.2074803145653172e-07
APOA5,-1.29408538399301,8.16836362568442e-09,2.2561265999211818e-07
TMC5,0.628931585349295,8.209256892302611e-09,2.2642551491552118e-07
DAAM2,-0.748766389424091,8.267767334571451e-09,2.2766126991123522e-07
JPH1,1.19699948579987,8.27352103801549e-09,2.2766126991123522e-07
APOBEC1,1.76735623597502,8.29992928591299e-09,2.2780902305360462e-07
XLOC_007398,1.40267299925519,8.302145899360641e-09,2.2780902305360462e-07
LOC100128348,-0.915394378772436,8.322292662286671e-09,2.281092310002791e-07
AREG,1.26267106652571,8.328610482622141e-09,2.281092310002791e-07
COL6A5,-1.2396677590209,8.403579986483161e-09,2.2994823895974596e-07
XLOC_010411,-1.41431215753179,8.42823041269321e-09,2.304082189471889e-07
C2CD2L,0.532425511339293,8.489917992945561e-09,2.3178038976973514e-07
IL22RA1,0.922872914833108,8.494197624268571e-09,2.3178038976973514e-07
FAM174B,-0.65980011503649,8.5074846426761e-09,2.3192760545358554e-07
VDR,0.878432748481115,8.53564797669789e-09,2.3247972450342686e-07
PHYHD1,-1.03963339574481,8.667337468070551e-09,2.3541193485365742e-07
TMEM151A,-0.897149956968375,8.6842430060003e-09,2.356533088276425e-07
SYN2,-1.09049774039905,8.817783114841981e-09,2.3905628245293005e-07
LDOC1,-0.923847721666095,8.879124918746521e-09,2.404974406563343e-07
XLOC_l2_015894,-0.866254206765323,8.90844283572143e-09,2.4106935364289267e-07
TRAM2,0.533332285990738,8.938046660925861e-09,2.416479441318208e-07
XLOC_009075,-1.06231397434417,9.054149160489811e-09,2.438290561306198e-07
LOC100131089,-0.651649164320613,9.059403091834011e-09,2.438290561306198e-07
GDPD3,1.00479342123392,9.16025126235471e-09,2.4607080813352855e-07
LOC648691,-0.834680756544218,9.185963210046941e-09,2.4653615234416394e-07
XLOC_l2_000356,-1.36414238405196,9.33216175297825e-09,2.5000325396219214e-07
FAM81A,1.0765248304266,9.368331124955291e-09,2.505160491394425e-07
SPAG5,0.828060599054562,9.368352320819631e-09,2.505160491394425e-07
EMID2,-1.08465904138781,9.400334349942911e-09,2.5091464657231817e-07
ZNF579,-0.517836388615308,9.70717208522153e-09,2.586349712062469e-07
CD99P1,0.584948253671054,9.733942972774051e-09,2.591133297861267e-07
XLOC_001263,-1.18489235474296,9.791738520285971e-09,2.601804806818844e-07
C8orf46,-0.788560872320226,9.89279250992375e-09,2.626281718894663e-07
CRIP1,0.96085189143645,9.96544058893569e-09,2.643180216855975e-07
XLOC_009945,-1.01104394263599,1.01946512956264e-08,2.7015366300799696e-07
XLOC_006830,-0.667298479018983,1.02886402730717e-08,2.7239870301354155e-07
GPC3,-1.03851703631388,1.03519254950367e-08,2.738275305563803e-07
GTF2IRD1,0.529597854279703,1.03805379668406e-08,2.741361911709592e-07
MACC1,0.940430408671232,1.03822506047801e-08,2.741361911709592e-07
MICB,0.819804983164518,1.04356245832997e-08,2.7505124238027944e-07
ECI2,-0.792269873830418,1.05739125012629e-08,2.781970819938354e-07
FAM149A,-0.661014586335977,1.068674837215e-08,2.8091427653018264e-07
GALM,0.722983725984214,1.07525263324498e-08,2.82203981252718e-07
SNORD86,0.808368555153987,1.07621309709668e-08,2.82203981252718e-07
CENPW,0.896999085777204,1.07646203547127e-08,2.82203981252718e-07
MAST3,0.592665682187854,1.08056772276685e-08,2.8277581688933384e-07
LOC100130009,0.679205676300138,1.08587583400206e-08,2.8391209083320764e-07
ZFYVE27,-0.673015882721415,1.11598357190233e-08,2.9074933697753257e-07
DPT,-1.22681787497447,1.12130825736182e-08,2.9187783053453645e-07
CARD14,0.605527479634232,1.12993138797027e-08,2.9386215601478136e-07
LOC644662,-0.588547210072177,1.14111296638056e-08,2.9624582911653615e-07
TLE6,0.569581819111083,1.17277811130705e-08,3.0419773287812516e-07
WNT6,-1.00044758947734,1.20274746981222e-08,3.1060055046433676e-07
CMTM4,-0.509494092253767,1.23985144404541e-08,3.1878175186007445e-07
XLOC_013965,-0.830807629295963,1.24816815252499e-08,3.206395600210175e-07
MT1B,-0.944112447052238,1.2629240321625e-08,3.24146824953638e-07
POLQ,1.08456045457988,1.26683009470126e-08,3.2486564418045926e-07
WWTR1-AS1,-0.629839854388385,1.26931836708808e-08,3.2517163198225994e-07
EPHA2,1.07473621100445,1.27023626485516e-08,3.2517163198225994e-07
CERS4,-0.91783611421872,1.27388390899434e-08,3.258215867495706e-07
KRT15,0.539953107308723,1.29364637092878e-08,3.3058851781613034e-07
PLCB3,0.898714868306509,1.31292385894315e-08,3.3493234693247653e-07
CCNJL,-1.03639917931786,1.33489732098125e-08,3.402279436311959e-07
DDC,0.835408926679427,1.33599784589084e-08,3.402279436311959e-07
BEND5,-0.887514533983497,1.33863536551165e-08,3.406044685857694e-07
RAD51,0.919478931844609,1.35041474596694e-08,3.4330439926017674e-07
LOC284244,-1.07980451076888,1.35666848155133e-08,3.4459613946266626e-07
MICAL3,0.928203467351068,1.37218480722774e-08,3.4823633087054253e-07
MVD,0.596481606212882,1.38299688318343e-08,3.506774150387803e-07
TRABD,0.545965428893881,1.38503593647988e-08,3.508916905281958e-07
SHCBP1,1.2492189422385,1.42930561059706e-08,3.612002491908331e-07
LOC100131607,-0.502727969264031,1.43064206498615e-08,3.612002491908331e-07
MT1M,-1.12062745806809,1.4432551159311e-08,3.640719428925594e-07
LOC100506059,-1.12648970966404,1.45342729544856e-08,3.663235107945307e-07
SLC43A2,0.653850680980101,1.45683924043545e-08,3.668688226042588e-07
CLDN25,-0.761111864757282,1.46484070630108e-08,3.685679681230834e-07
DMRTC1,-0.937369736648368,1.46925853070589e-08,3.6936329940448843e-07
ZNF165,0.520464527127015,1.47899162840526e-08,3.7149235876558785e-07
EMB,0.986849907877549,1.48494929563952e-08,3.726702809586184e-07
HMGN4,0.520693672872997,1.49662672894947e-08,3.7528042926934327e-07
LOC100507069,-1.27121074003066,1.50025465557467e-08,3.7586942726366926e-07
SPC25,1.1783826794611,1.50668909431925e-08,3.771599582951799e-07
PITPNM1,0.714667721815755,1.52967151727636e-08,3.8226179038875564e-07
FAM151B,0.682524813236255,1.53384591467346e-08,3.829793011081023e-07
LOC100129840,-1.21721419728204,1.54633167437588e-08,3.8544185959761124e-07
PRR15,0.557349153804922,1.56422989528877e-08,3.892429141638135e-07
LOC100128893,-1.15789415496048,1.56593907006869e-08,3.893385566089565e-07
ACER3,0.904642142468996,1.57220541919296e-08,3.905661272970643e-07
PCDHA7,-1.60053803680695,1.57548102191017e-08,3.910492928369601e-07
NPR3,-0.717242929053082,1.58673663836734e-08,3.926455585383138e-07
LOC100292409,0.578741986720471,1.58768768135964e-08,3.926455585383138e-07
SERPINI1,-1.0850922701739,1.58859251770129e-08,3.926455585383138e-07
ZFYVE28,0.566856357446869,1.59536917272249e-08,3.939891533442734e-07
C11orf92,-0.958319384980464,1.60243947134385e-08,3.95402948646961e-07
TFF3,2.48843076763825,1.61234735177251e-08,3.975139595125044e-07
NUPR1,-1.06702111906965,1.61410683902172e-08,3.976141809318551e-07
ACY1,0.697244648091157,1.61756222358069e-08,3.979625067855375e-07
PEX26,0.526841118115435,1.63757371431094e-08,4.0238307956663797e-07
CYP7B1,-0.998552049704868,1.64259323747585e-08,4.026583062656273e-07
XLOC_010065,-1.04751145039912,1.64268547150046e-08,4.026583062656273e-07
CEP55,1.02010872678136,1.64632401520259e-08,4.0318475132311434e-07
LOC100507507,0.705701848932641,1.67843542320316e-08,4.103648936530321e-07
SLC4A2,-0.830675167725959,1.7016523307252e-08,4.1535015527701143e-07
NOD1,0.790832166827191,1.71538884236714e-08,4.183555792488424e-07
TFPI,0.978231774482179,1.73689551226663e-08,4.232494636359181e-07
SORBS2,-0.585157138280405,1.74239881797031e-08,4.242387445112797e-07
GPR153,0.994695713212355,1.75994642604733e-08,4.278023620238125e-07
RGNEF,-0.661450704340462,1.76151045618728e-08,4.278286717886924e-07
XLOC_l2_006789,-0.87337669166438,1.77836390741271e-08,4.3156530562382093e-07
XLOC_010769,-1.24509456399879,1.78661410792253e-08,4.3320969804973027e-07
XLOC_013684,-0.515405228961821,1.79269378725213e-08,4.343255154143907e-07
SERPINB8,1.08327978512844,1.804790617362e-08,4.363905668602055e-07
LMO7,0.702870518594139,1.80485467526294e-08,4.363905668602055e-07
ABLIM2,0.716031367496724,1.80567214271815e-08,4.363905668602055e-07
GAL,0.883700732248535,1.85814160512045e-08,4.4845222166818123e-07
APOH,-1.66240178949335,1.85863211512129e-08,4.4845222166818123e-07
XLOC_l2_008546,0.780116335630427,1.89447863948775e-08,4.5560505938842873e-07
WDR4,0.827703417433892,1.91871888419345e-08,4.6062952366796376e-07
CKS2,0.694402327675693,1.92538555262075e-08,4.6152716656132627e-07
DPP9,0.527183123812291,1.93024880093741e-08,4.623158252807547e-07
CITED4,-0.681028531251132,1.93828168844198e-08,4.634843145641408e-07
BUB1,1.0655203798396,1.95417047871128e-08,4.665244681427059e-07
NEDD9,0.861071699627781,2.03331995704282e-08,4.850260300127792e-07
KDM1B,0.636305711937206,2.08534574784836e-08,4.966299905815851e-07
C1orf135,0.960490470740682,2.13420434647588e-08,5.078542294269891e-07
TNS4,1.32833990530762,2.13706090782257e-08,5.081225401220848e-07
SGK1,-0.835968492726268,2.14606677037332e-08,5.098513358749485e-07
SKA3,0.995383524357324,2.17850811123622e-08,5.171405199758485e-07
ERP27,-1.45767400063265,2.21186029495947e-08,5.242108899053945e-07
TBC1D4,-0.619011398285489,2.21827120865079e-08,5.25306642061478e-07
A1CF,1.65029510554783,2.22643693589074e-08,5.268158508209104e-07
EFS,-0.715696375006493,2.24720351111116e-08,5.313018244934414e-07
KRT18,0.544438679140919,2.25104321534423e-08,5.317818168210309e-07
C21orf88,0.965340238828773,2.28181174976719e-08,5.386175397763708e-07
KIAA1324,-0.543187318693303,2.29368446906395e-08,5.405517175368995e-07
NCAPG,0.918508774722663,2.32174726404274e-08,5.462891000455409e-07
LMNB2,0.750431396612742,2.32638403756064e-08,5.469421927666567e-07
PHYHIP,0.711297741868495,2.34683090506418e-08,5.508679443931798e-07
C13orf15,-0.879311247720861,2.36833459312174e-08,5.543946577916307e-07
AGPAT2,0.662005761690017,2.36940142298315e-08,5.543946577916307e-07
LOC393078,-1.29240962988707,2.37534254845694e-08,5.549011670433431e-07
HIST1H2AH,0.624350747956712,2.37976755964094e-08,5.554933204346937e-07
CENPI,0.676339645046701,2.39051381458471e-08,5.57558888754091e-07
LOC100507186,-0.869383858516744,2.40794526658118e-08,5.611791871077534e-07
ZNF488,1.40247127852493,2.4102114385832e-08,5.612622326234793e-07
XLOC_012083,-1.23110677661435,2.42546859320375e-08,5.643679415445115e-07
SEMG1,1.22241180197946,2.43248420583932e-08,5.655525778576419e-07
GINS1,0.941530141794309,2.44010096915438e-08,5.668749982727978e-07
TNFRSF11B,1.2182112123586,2.46306986941011e-08,5.717590625768113e-07
FLJ26086,1.49416041899739,2.47223226064424e-08,5.734318786980221e-07
EPPK1,0.895242076558514,2.47612989678709e-08,5.734318786980221e-07
EVL,-0.693968868014347,2.52136957387762e-08,5.821725109800058e-07
DGCR11,0.588821025851242,2.53042153530512e-08,5.837050869666158e-07
TBL1X,-0.561990073586941,2.5474655253067e-08,5.867156493551199e-07
GPR97,-0.806032709145946,2.5589880229637e-08,5.889079093097667e-07
CD68,0.687179670316531,2.58594033264732e-08,5.94179941327908e-07
XLOC_l2_000920,-0.641464293185173,2.60558166624077e-08,5.977582670373438e-07
RAB17,-0.600641590790746,2.61242882215282e-08,5.988616086226761e-07
EZH2,0.59426651169607,2.61520573620237e-08,5.99030913293182e-07
KIAA0101,0.900593994798029,2.65540695817094e-08,6.06820370814367e-07
LOC100144602,-1.14831278441788,2.67635149382472e-08,6.111314506644979e-07
PSPN,-1.02107641758722,2.74989671286135e-08,6.259795863483296e-07
XLOC_012505,0.697711803627566,2.75861567787706e-08,6.274783091443579e-07
AIM1,0.966697513848054,2.81933950144572e-08,6.40794657915598e-07
CANT1,0.548466706907074,2.82258482399355e-08,6.410364977397407e-07
PADI3,-1.30005549219892,2.85876662442218e-08,6.487523826912667e-07
LIPF,-2.8847978578743,2.86318539107333e-08,6.492537984017208e-07
CHEK1,0.771393324230029,2.88446815728006e-08,6.5307203548649e-07
RAP2A,0.680549021694441,2.90925649063669e-08,6.581772882742959e-07
PTGDR2,-0.959862953790027,2.92795653474036e-08,6.618983587919208e-07
XLOC_011893,0.679749480187237,2.93972651892138e-08,6.63538271413683e-07
KRTAP5-7,-1.24362500059625,2.96976487430324e-08,6.692902617026351e-07
CARD11,0.764611076752045,2.97695008928221e-08,6.698870204683697e-07
PSMB8,0.642911817106702,2.97810773047752e-08,6.698870204683697e-07
HUS1,0.671144770666235,2.98542513921364e-08,6.707620335719454e-07
CBS,-1.17478579821489,3.00565728951718e-08,6.747918748993956e-07
NAT2,1.86182373356648,3.01912102832639e-08,6.772971662630225e-07
RGS7,-1.04991472636204,3.10629359154065e-08,6.942051487762343e-07
C17orf82,0.518453151400852,3.10844852409116e-08,6.942051487762343e-07
KL,-0.906105403706468,3.10866331764504e-08,6.942051487762343e-07
PRKD1,-0.726066114595138,3.16051142383731e-08,7.041782389972013e-07
OLFM4,4.06853741247296,3.16731123607437e-08,7.051586561041938e-07
XLOC_008945,-1.74185463157984,3.18551600415108e-08,7.086748246025128e-07
XLOC_l2_001134,1.10108544541169,3.25347001633778e-08,7.21837346490177e-07
NUF2,0.949685492934177,3.25450688750335e-08,7.21837346490177e-07
CYP4F2,1.31604249665329,3.26701856800529e-08,7.240659251624394e-07
TEAD4,0.722399205624622,3.27578119376386e-08,7.243691325984374e-07
MYOF,0.743793694750553,3.37843311018603e-08,7.459458470484377e-07
HTR1E,-1.13746845159709,3.39555074604976e-08,7.491625024392669e-07
LAMB2,-0.554606849965398,3.41655125641512e-08,7.532303700189613e-07
KIF1B,0.612454914299765,3.50925271353634e-08,7.725087546472358e-07
ZCRB1,-0.507277791177352,3.55459038091917e-08,7.819034589405133e-07
RERGL,-1.10647366199534,3.56291482729912e-08,7.831483989877827e-07
XLOC_005341,1.50602092657727,3.57112386987744e-08,7.843661307022288e-07
LMTK3,0.734297899188356,3.62399774821831e-08,7.941987011531671e-07
RUVBL1,0.583360717254771,3.63775020282473e-08,7.966185019419759e-07
ZNF215,0.979515749536906,3.67192997408805e-08,8.029068309412174e-07
MGLL,0.527258680139539,3.68244787247576e-08,8.046080154373058e-07
MT1L,-0.922899759965395,3.70291970830966e-08,8.08479973163479e-07
LUZP1,0.696931682326928,3.73537984061971e-08,8.149617131115963e-07
SLC9A7P1,-0.679638646737525,3.74498429803164e-08,8.164510278230996e-07
PLA2G1B,-1.59042308095322,3.78254628522544e-08,8.240286896234635e-07
GATA6,-0.534041157861887,3.79848215505742e-08,8.26887359798722e-07
RBKS,0.626265037823082,3.81336116773338e-08,8.288983579685545e-07
XLOC_007860,-0.649407736824609,3.85225396179863e-08,8.361155053865446e-07
SULT4A1,0.812243782327615,3.87420831006865e-08,8.402600281645572e-07
ORM1,-1.53815818305629,3.88415732085323e-08,8.415002833334593e-07
EDAR,0.570375343996294,3.88565361536513e-08,8.415002833334593e-07
CYP27B1,0.720094966019435,3.96571894953981e-08,8.575757799049001e-07
ENPP4,-0.568299373509632,3.98377245159765e-08,8.608463588790568e-07
SFTPD,-0.679501803207784,4.03257515067016e-08,8.70112470836231e-07
LOC100505695,-0.720607038102479,4.05659524830903e-08,8.74011885317491e-07
BEX1,-1.43482808588568,4.09781556470688e-08,8.810888713484359e-07
TRIB2,-0.549017079957395,4.09843639285869e-08,8.810888713484359e-07
LOC100507568,0.670760345759314,4.11750119192972e-08,8.845403876347268e-07
ABHD3,0.525706662535084,4.13292987277889e-08,8.872063046108548e-07
C10orf125,0.944484481240796,4.15151769934973e-08,8.905460010838676e-07
SLC6A20,1.04644097718469,4.18612258396614e-08,8.973141538847333e-07
SLC35D1,0.550008569165916,4.18956056106904e-08,8.973965435036221e-07
STEAP1,0.919779029621697,4.24637787504329e-08,9.082427437538006e-07
PARP9,0.678777349788124,4.31799111054667e-08,9.215477324382392e-07
TEX11,1.14078977446423,4.34952952606249e-08,9.276050341939365e-07
GNAI1,-0.819272790505284,4.36875667789953e-08,9.306116927844802e-07
SH3D21,1.07994023499301,4.36996099102553e-08,9.306116927844802e-07
SULT2A1,-2.24207018733892,4.39057592411848e-08,9.343247303258066e-07
XLOC_010806,-0.740896612181696,4.41194564888056e-08,9.381928996331541e-07
OTC,2.3732754339264,4.42816947772061e-08,9.409620000813687e-07
XLOC_008701,-1.09798668951824,4.45995083808584e-08,9.470306013704239e-07
ATP8,-0.602007811219348,4.51039899308998e-08,9.570513040355835e-07
ATP11A,0.742200195904903,4.53458294908122e-08,9.614886270389529e-07
MMP12,1.9738063748153,4.57923715240881e-08,9.702568236120413e-07
AKR1C4,0.805040869541477,4.61745363311237e-08,9.776493326362128e-07
DGKG,0.705399612812473,4.62895955211403e-08,9.793798654969555e-07
CDC45,0.986353880148195,4.65373536389245e-08,9.839134883026714e-07
POLR3G,0.756131151218224,4.81782782371909e-08,1.0143490069919002e-06
ACAT1,-0.742489953490517,4.8183993934963e-08,1.0143490069919002e-06
ORC1,0.893983558773028,4.82893769219047e-08,1.015839805999238e-06
FAM54A,0.906097755681391,4.87969557755963e-08,1.0257832162612475e-06
GSG2,0.877431968134529,4.88522913674929e-08,1.0262123936439466e-06
XLOC_011858,1.03579535432746,5.0040587612917e-08,1.0496736536533937e-06
HNF4G,1.01069168961295,5.04990860276865e-08,1.057781283094548e-06
STIL,0.701899716111855,5.05990116988264e-08,1.0583656624947404e-06
ARL6IP1,0.575125154198767,5.10657537990839e-08,1.0662698640654888e-06
CACNA2D2,-0.909909194778619,5.10857482171025e-08,1.0662698640654888e-06
TACC3,0.833333818546994,5.12463230382761e-08,1.0688622721425535e-06
IL20RB,0.649639102837933,5.1526195073301e-08,1.0731763435961515e-06
FLVCR1,0.766847942079916,5.19849781960162e-08,1.0802268056267504e-06
TSC22D3,-0.592189458205366,5.2344374609333e-08,1.0863675713411568e-06
ST3GAL6,-0.791553181556541,5.28991004416702e-08,1.09633199138209e-06
LINC00483,1.14678301607203,5.34695952017432e-08,1.1072554638626155e-06
TFAP2C,0.562258812975544,5.36598613614878e-08,1.1097508836674196e-06
SLC22A10,-0.992190318166817,5.40161354512385e-08,1.1155489730435678e-06
ABCA2,-0.502501075403072,5.42276203566447e-08,1.1191301313490692e-06
GLTPD2,1.20083359537163,5.43337018341091e-08,1.1205325119303848e-06
SLC39A5,2.57041102421309,5.44550184663435e-08,1.1222469023063834e-06
BIRC5,0.878643352234203,5.49377293147877e-08,1.1306092360665133e-06
IL1RN,0.843345769390264,5.51787220718784e-08,1.1347741667238367e-06
XLOC_014403,-1.23742157850439,5.52661694580728e-08,1.1357777538698205e-06
TUBA1C,0.528887066624911,5.69289775971925e-08,1.165873723781389e-06
FHL2,0.695665675612271,5.7231587211054e-08,1.171254794539314e-06
XLOC_013925,-1.37442321170529,5.7518944610398e-08,1.1763164538694337e-06
KRT42P,0.834787994969905,5.78536704843552e-08,1.1815174900585342e-06
NEK2,0.915763864133446,5.79252691772921e-08,1.1816280609522304e-06
KIF23,0.867848391445721,5.79395003345639e-08,1.1816280609522304e-06
CLCN2,0.848994942349787,5.83739648728151e-08,1.1896630233580377e-06
CSRNP3,-0.538558991434491,5.85125679159243e-08,1.1916613623791984e-06
GPR133,-0.74845595870692,5.90799398987484e-08,1.2014312081527581e-06
LYPD5,1.13740611122035,5.91149287800765e-08,1.2014312081527581e-06
HIST1H2AI,1.0421595171297,5.92707975527583e-08,1.2037665504357021e-06
CCNI2,0.517770955932146,5.96792166556254e-08,1.2096720229103715e-06
XLOC_l2_006138,-1.1423514489679,5.96850562549353e-08,1.2096720229103715e-06
LOC202181,-0.620909551355023,6.00442530553384e-08,1.2144394417001274e-06
XLOC_014103,1.38343379378404,6.04995858762508e-08,1.222807310681746e-06
ACSL5,0.63648293942132,6.17117592795012e-08,1.2438855841604808e-06
XLOC_l2_009139,0.509287174589098,6.18360170984488e-08,1.2455358947835594e-06
C14orf80,0.507391786358937,6.18933151892555e-08,1.2458361279327674e-06
TMTC4,-0.523077248445885,6.19475776951762e-08,1.246074889326378e-06
UBE2S,0.614984769903369,6.22865861868988e-08,1.252037068988086e-06
LOC646976,0.600966027799606,6.38944427415567e-08,1.2808525806881777e-06
CAPN13,-0.693938037711506,6.49723445540034e-08,1.29980072277267e-06
MEST,0.678979555271273,6.5202840107607e-08,1.303524534069629e-06
PHOSPHO2-KLHL23,0.949941256431882,6.52850083533288e-08,1.3042799629419626e-06
SAMD9,0.764693294183115,6.54505925438478e-08,1.3066997375533962e-06
SVIL,0.516704718094497,6.67362290057664e-08,1.3314625241150462e-06
MT1G,-1.20672582363862,6.73249713186839e-08,1.342297325043068e-06
FANCA,0.772378927188887,6.80470874217347e-08,1.3557747831525012e-06
CELA2A,-1.74061961287368,6.84484963290013e-08,1.362848516339221e-06
FBXO6,0.50634528743697,6.85230224646029e-08,1.363408655511002e-06
MLK7-AS1,1.1577169814557,6.85745831137912e-08,1.363511399558928e-06
GBP1,1.1207794325399,6.91619682014504e-08,1.3742609340799352e-06
ADRA2A,1.27871542463632,6.97556834559124e-08,1.3841863777193472e-06
SNORD22,-0.779500841000706,6.9911509321071e-08,1.3863423994113596e-06
KIRREL2,-0.721810876593761,7.10889795459239e-08,1.407791732409442e-06
ACHE,0.782393722693294,7.11802007511492e-08,1.4086489829459748e-06
ANP32E,0.500510974955392,7.20081176308435e-08,1.42311671885355e-06
XLOC_012786,-1.07181224620674,7.22804985033052e-08,1.4275398454402779e-06
JMJD5,-0.84482537802151,7.36924220134204e-08,1.4515233901678274e-06
FITM2,0.69812214518764,7.37776602935397e-08,1.4522289890867682e-06
IFI35,0.606515234982682,7.44332120698774e-08,1.4631727333174295e-06
LOC100505821,-0.59298307751888,7.454927719507e-08,1.4644747046849712e-06
ZNF415,-0.87648221157962,7.50910424587313e-08,1.4721651472829856e-06
LYAR,0.527023407474703,7.57013972554397e-08,1.4811668858474448e-06
HENMT1,0.713221515137623,7.62435859239748e-08,1.4897915579346885e-06
TAC4,-1.15385663667113,7.67818471648885e-08,1.4983166829228041e-06
TUBA1A,0.602183987492911,7.74432275435181e-08,1.5092185484409216e-06
ACSM2B,-1.29544174651259,7.88219692184255e-08,1.5310112567026363e-06
TNIK,0.659687478358788,7.88764975455269e-08,1.5310584609431603e-06
C3orf55,1.25154390706171,7.96986657160921e-08,1.5449765092773845e-06
MB21D1,0.702464124136399,7.98855987286686e-08,1.547505431637887e-06
LOC286161,-0.528951951915264,7.9934437363084e-08,1.547505431637887e-06
KRT80,1.37626790158946,8.00347536745988e-08,1.5484274792555034e-06
SIDT2,-0.634832699849076,8.06432542282433e-08,1.5591736547760617e-06
RNF208,-0.514295790109504,8.24649160941216e-08,1.5933457949862233e-06
FGD6,0.797024211023119,8.25795518983077e-08,1.594512398940517e-06
LOC255167,-1.06731990708781,8.28959947269004e-08,1.599571564697406e-06
C12orf36,1.15067586533578,8.36471080724987e-08,1.6119483357603881e-06
GK3P,0.95555150129506,8.38849745579682e-08,1.6154728914217363e-06
TUBA8,-0.651219924631749,8.44957900721022e-08,1.625868885346158e-06
SLC9A7,-0.640793293942295,8.45354449710402e-08,1.625868885346158e-06
NACAD,-0.640672152791604,8.62536141424052e-08,1.6556637572939283e-06
CACHD1,-0.51811966666981,8.65610175311324e-08,1.660479884598511e-06
RASAL2,0.55481685198202,8.74895268511621e-08,1.677196487346348e-06
MARVELD3,1.30471410269949,8.88545159408097e-08,1.7022532688842993e-06
CCNB1,0.702515363872327,9.02566159668393e-08,1.7212598507679904e-06
OIP5,0.940772674921239,9.06008700402642e-08,1.7267045192887706e-06
TM4SF1,0.847261199411703,9.13386977912494e-08,1.7394280591730862e-06
SDCBP2,0.7319878219348,9.17252909167772e-08,1.7447397083898048e-06
BCL2L11,-0.661137080499993,9.18740267355965e-08,1.7458388919026036e-06
FEN1,0.761420577152131,9.19607113635226e-08,1.7458388919026036e-06
LILRA2,0.619521945054804,9.19612972868256e-08,1.7458388919026036e-06
TUBB2A,0.655018591394605,9.20732495592183e-08,1.7468358024830906e-06
LRFN4,0.657464861436245,9.31364857115865e-08,1.7647292341019368e-06
KIF20A,0.959758422588099,9.32654989583848e-08,1.7660351052764257e-06
TMC6,0.669237016043113,9.34378376616819e-08,1.7670213469765173e-06
TOP2A,1.08074082699085,9.39050614807234e-08,1.7735023485332334e-06
KRT6B,1.53651866495317,9.39989261616429e-08,1.7735023485332334e-06
SNORA54,-0.66640098454198,9.40160810323577e-08,1.7735023485332334e-06
NRIP3,-0.986377258130748,9.46448833054028e-08,1.78410765271275e-06
LOC100132790,-0.945034487278905,9.47396806610351e-08,1.7847498302990384e-06
FERMT1,0.527555905142111,9.5022698985444e-08,1.7889347071007227e-06
XLOC_007275,-0.977217285893501,9.6241677833151e-08,1.8107237056086055e-06
MOV10,0.569729045280361,9.6530711655626e-08,1.8138392289869163e-06
C12orf48,0.819131334526823,9.67922220541122e-08,1.8164302820729565e-06
CHAF1B,0.692514860925557,9.69497010914002e-08,1.8182245154269744e-06
XLOC_002073,-1.22713077806357,9.76034688371052e-08,1.8281521620043644e-06
COLEC12,-0.807581109776374,9.89251318868012e-08,1.8517272457893716e-06
EFEMP1,-0.920686629060622,9.90202350289087e-08,1.8523276047291973e-06
C16orf89,-1.44760325377477,9.98586053039662e-08,1.865635532532078e-06
CDC20,0.833747258457036,1.00472900075705e-07,1.8759196870551578e-06
SLC35C1,0.500941128927903,1.0088205206623e-07,1.882363013411027e-06
GREM2,-1.77598751202844,1.01285835588693e-07,1.888698056015552e-06
XLOC_004283,-1.10067312990314,1.01988286603651e-07,1.8993864174322533e-06
APAF1,0.831081900262971,1.0249170676547e-07,1.9059866596417217e-06
XLOC_007374,-1.33156412110531,1.03907747681134e-07,1.929021407993156e-06
XLOC_004774,-0.532930596848554,1.04524094052031e-07,1.9392386843441204e-06
HIST1H2AB,0.673491712459424,1.05075668486138e-07,1.9457868591497312e-06
TBKBP1,-0.848162916639303,1.05660363527498e-07,1.9553820927872237e-06
GLB1L2,0.889872406415665,1.0681245912781e-07,1.9742166973887297e-06
LOC100505853,-1.30174849966279,1.08074145116362e-07,1.995026995401788e-06
MAP3K8,0.626715333951282,1.08280803826515e-07,1.996333916470278e-06
CASP1,0.802725710629898,1.09172077293914e-07,2.010243739043574e-06
FBXO15,-0.621243891915362,1.0996760912118e-07,2.022358008043328e-06
SPSB1,0.579654438922054,1.10573230192702e-07,2.0310550765724494e-06
LOC338799,-0.67228669453594,1.10578743790524e-07,2.0310550765724494e-06
CTSS,0.961741812704223,1.11195324748691e-07,2.039830339397335e-06
RNF145,0.581298538653557,1.11474449113191e-07,2.0427637029795885e-06
NIP7,-0.757013723199414,1.11494248658611e-07,2.0427637029795885e-06
LMTK2,0.501190425877502,1.11900091217533e-07,2.04892204405038e-06
MAFF,0.65088112745496,1.12505585276301e-07,2.058726114632586e-06
HIST1H3J,0.728028697588151,1.12831702427101e-07,2.0634088804776877e-06
STOX2,-0.644159092025833,1.13097031581017e-07,2.0669748532978405e-06
LRP1,0.538763379686829,1.14568859294445e-07,2.0924890361990882e-06
C5orf13,-0.56387602082744,1.15955994740032e-07,2.1139669810298143e-06
KRT18P55,0.577356006757945,1.16336522657084e-07,2.119589415899804e-06
MMP25,0.583390774564328,1.1833765553674e-07,2.1507155355063175e-06
KITLG,-0.503832033880331,1.18721663920088e-07,2.1563610996808072e-06
XLOC_010807,-0.823884402496858,1.20602160405282e-07,2.1891638604017464e-06
SLC22A12,-0.834010514736038,1.21302675971294e-07,2.1997188032930565e-06
CENPO,0.570429754920384,1.22054450374465e-07,2.20870454901772e-06
PLA2G4A,0.600751465523265,1.24675634157771e-07,2.249212729667633e-06
XLOC_000083,-0.868350209918479,1.2496208331069e-07,2.2529973646224282e-06
KLF12,-0.673525852791172,1.252594238264e-07,2.2569736035623806e-06
GINS2,0.935169172415871,1.25689430036425e-07,2.2633339276412115e-06
SKP2,0.681236346974006,1.26417146083082e-07,2.2750441451865363e-06
CES3,0.759527902944527,1.27538841210341e-07,2.293825866272645e-06
RHOD,0.668420432459061,1.28042908410147e-07,2.3014831757537615e-06
PIK3AP1,0.798958474267415,1.28187363261322e-07,2.3026712906624274e-06
NRAP,-1.1788684716518,1.28455910954254e-07,2.3060857123540726e-06
XLOC_l2_003401,-1.36899079153579,1.28577656360079e-07,2.3068621276617837e-06
LOC100133445,0.592310810182996,1.28702658909586e-07,2.307695997580789e-06
DMKN,-0.698623542498828,1.29379269583525e-07,2.3170005938577898e-06
LOC100505894,-1.1120206001473,1.29850469007343e-07,2.3240228886649185e-06
SAA2,1.14840720458289,1.30334540496725e-07,2.3312668752999117e-06
LOC100130093,-0.707670290166062,1.32373489603244e-07,2.365693371225631e-06
XLOC_l2_001771,-0.858999517799361,1.32420225795092e-07,2.365693371225631e-06
CTPS,0.638828508348503,1.352931061454e-07,2.4082336786196335e-06
MSX2P1,0.753987178374512,1.36348022235882e-07,2.4240748200049e-06
TSPAN1,0.564961769536826,1.36846740112542e-07,2.431470373898056e-06
GALT,-0.551221372157237,1.37809994549349e-07,2.4456280916764908e-06
MYCL1,-0.723234612380744,1.38744122325223e-07,2.460719533430086e-06
CAPNS2,0.734653558650995,1.413519461168e-07,2.5054589821957286e-06
XLOC_014086,0.724601461916912,1.41685047024652e-07,2.50833744696414e-06
HIST1H3G,0.600071061055264,1.42151889763305e-07,2.515087138087903e-06
HMOX1,1.03213925897637,1.45856540031141e-07,2.5759807682903677e-06
C20orf194,-0.547135634662239,1.46485703632606e-07,2.583914056378207e-06
LOH12CR2,-0.523232605654417,1.46569509050717e-07,2.583914056378207e-06
COL17A1,0.792556425550867,1.47532663383418e-07,2.5993344793236742e-06
LOC100287865,-1.09299421552949,1.48978980342103e-07,2.623244022944112e-06
TMEM48,0.508413182044457,1.50354313770945e-07,2.644292383662796e-06
CUX2,-0.697698424719591,1.50983831493837e-07,2.6537756219742114e-06
XLOC_000762,-0.597230042710683,1.51682300380166e-07,2.6644587229960066e-06
XLOC_003603,-0.520133334476313,1.52515987416787e-07,2.6759043810176337e-06
FAIM2,0.66887414644957,1.53072455477431e-07,2.6840652276675073e-06
HTR1D,0.985004636947137,1.53352293229034e-07,2.6857670997704713e-06
TRIM7,1.01631939503673,1.54445679655315e-07,2.7016962105419032e-06
CTSC,0.557193754146706,1.54675723014583e-07,2.7035489037194906e-06
GFRA3,-0.787550614739136,1.5533845037094e-07,2.7108588951907275e-06
AP1S3,0.610336799023561,1.58987293727163e-07,2.771172114340156e-06
SNORA34,-0.552484292023617,1.59077424693475e-07,2.771172114340156e-06
FIGNL1,0.66930453707889,1.65295962154466e-07,2.8743891927783713e-06
CCL18,2.22729115236378,1.68593955706965e-07,2.924816511402767e-06
OR4D11,-1.12836920222812,1.71506413345347e-07,2.973587301116848e-06
XLOC_008102,-1.29622999359566,1.7200709538169e-07,2.9805097400218783e-06
CENPE,0.975179815016372,1.7810971460476e-07,3.072941037498781e-06
GPR19,0.6725647959725,1.78177879675307e-07,3.072941037498781e-06
PDIA2,-1.52678508624115,1.80726748382313e-07,3.1132460032001257e-06
AK7,0.665434327929856,1.83455368524795e-07,3.158398576570987e-06
MT3,-0.571798321605556,1.84996056719201e-07,3.183058615259882e-06
KPNA2,0.56222380757106,1.87292132802781e-07,3.220679460976084e-06
RBP4,1.19052964877524,1.87967086076923e-07,3.2295864806104766e-06
XLOC_007085,1.41933719821461,1.88139786811118e-07,3.2295864806104766e-06
PLIN4,-1.16882640281529,1.88448452911348e-07,3.2311103466503467e-06
BVES,-1.12594044106698,1.89439189123849e-07,3.246203434385816e-06
KU-MEL-3,-0.863374105309365,1.89653868539578e-07,3.247988280093892e-06
PTP4A3,-0.823492869981103,1.90326659639635e-07,3.257612040471516e-06
KCNK6,0.564507345676996,1.9050821803594e-07,3.2588216016532042e-06
FBLIM1,0.598639266841769,1.91531313135845e-07,3.274416655285755e-06
LOC283075,-0.999981311671042,1.94220190806494e-07,3.318455213617003e-06
ENTPD2,0.697626200444156,1.9607460828686e-07,3.3462488898572834e-06
HMGB3P1,0.60503042371657,1.96490526730517e-07,3.3514008122788354e-06
KIF20B,0.687047888257104,1.97462242757175e-07,3.3660211079743963e-06
C1QTNF3,-0.876115711821788,1.99919949325169e-07,3.4019962193214047e-06
OPN4,-1.07452490573468,2.00860507032666e-07,3.413756703127224e-06
MNS1,0.951536068264282,2.00959544589972e-07,3.413756703127224e-06
WDR90,-0.705903033614383,2.01654467105022e-07,3.4235825992388135e-06
ZNF793,-0.774470692702178,2.04162233704625e-07,3.4561749562854372e-06
MCU,0.54862612967582,2.04934285361486e-07,3.4672474255632413e-06
LOC100507495,-0.625949836646506,2.05477715730813e-07,3.4724434214474594e-06
DUSP10,0.697113255680458,2.06297571425002e-07,3.484294844274689e-06
APOBR,0.596070215586252,2.06616109452572e-07,3.487670433424576e-06
TSHZ2,-1.02383173675027,2.0848854681507e-07,3.5152389063690634e-06
UBE2T,0.697892444301643,2.09272312535471e-07,3.5264304591699668e-06
WTIP,-0.612003806323562,2.10167065977353e-07,3.5354262936133082e-06
MSMO1,0.704958131009742,2.10978156286973e-07,3.5470400783532966e-06
XLOC_003719,-0.702866822348241,2.11322561982829e-07,3.5487699723150735e-06
SULT1A4,0.598758836900031,2.13413251816623e-07,3.579788039033628e-06
TRPM2,0.815823976038808,2.1491985002702e-07,3.603003167480926e-06
C9orf140,0.699232759511684,2.16132842040115e-07,3.6212724982183006e-06
NDST3,-0.609901327901241,2.18524779810546e-07,3.657515103950748e-06
FLRT3,-0.639001682166245,2.20396442168562e-07,3.6864033252417183e-06
COL4A4,-0.809213634702706,2.20878486786744e-07,3.6906876159335414e-06
POC1A,0.523760371090748,2.20903753791585e-07,3.6906876159335414e-06
ITIH4,-0.621410961939048,2.21547242983539e-07,3.699066378348472e-06
BST1,1.14412684510917,2.21656999192584e-07,3.699066378348472e-06
C20orf54,0.556549113388694,2.22065990749765e-07,3.7037884995199168e-06
KIT,-0.865634981804473,2.24521557202162e-07,3.7404985958373794e-06
TCTN2,-1.22098604821485,2.26516213481354e-07,3.7618951006734623e-06
PSRC1,0.558012769815224,2.33110442154397e-07,3.863874604643778e-06
INCENP,0.633368273326651,2.33597142858529e-07,3.8673756516567854e-06
LOC200261,-1.03394997376608,2.34349308775348e-07,3.8756654396679385e-06
LDLR,0.55530367772932,2.34804913581019e-07,3.88101619815466e-06
LOC727869,-0.553550089517767,2.35412175369331e-07,3.888866222458628e-06
FIGNL2,-0.637948199142389,2.42865296575354e-07,4.005233072815097e-06
HS6ST3,-0.558515872998743,2.44536432748575e-07,4.026014949924438e-06
PLA2G6,-0.508543621617409,2.45006923129288e-07,4.0292464784127114e-06
HIST1H2BF,0.918374361716961,2.55790560834292e-07,4.192247767230869e-06
NCAPG2,0.69651490586074,2.55917125847699e-07,4.192247767230869e-06
CENPM,0.909053954553063,2.56993436904948e-07,4.207533773683906e-06
PLA2G4F,0.617274005990796,2.59131778981517e-07,4.237821213527447e-06
GBP3,0.935951282499339,2.63358040863562e-07,4.304541771356151e-06
LOC439911,0.5833191526895,2.6590596500725e-07,4.3437712616081515e-06
RCAN2,-0.62305608253192,2.66512048141139e-07,4.3512533726509965e-06
SLC7A4,1.05362834697926,2.67480173899951e-07,4.364634842072049e-06
BRCA1,0.719483820536809,2.67777522967778e-07,4.365476287303325e-06
KCNE3,0.944855684485426,2.69640388136992e-07,4.387703060116235e-06
LOC100129794,-0.717057868264809,2.70019301119792e-07,4.391437311183424e-06
ECM1,0.661548987451518,2.70789356613944e-07,4.401525227970456e-06
CLDN12,0.586233272959983,2.73672136196885e-07,4.439187321161007e-06
LOC100507305,-0.926945148036875,2.73710610655497e-07,4.439187321161007e-06
FAM64A,0.964533586897756,2.75863961182273e-07,4.4716437348177825e-06
HIST1H2BE,0.78037908781172,2.79170337290323e-07,4.516101943608734e-06
SOCS3,1.15219376585229,2.79705791030207e-07,4.521448727610408e-06
STAT5A,0.53423154665537,2.82816114044617e-07,4.569213831524576e-06
HS1BP3,0.534904414317968,2.86090724999739e-07,4.619579245215565e-06
SBK2,-1.18616987035823,2.86888669944493e-07,4.627378832233129e-06
LY6E,0.791158891471145,2.88789657632621e-07,4.653689796693819e-06
ERBB3,0.515076440915424,2.91089087148722e-07,4.687411557877612e-06
NNT,-0.504539427147678,2.93756829083343e-07,4.727779678587779e-06
CXorf57,-0.824537416305207,2.94186756544732e-07,4.7321074993632104e-06
PPARGC1A,-0.920003080351107,2.96050449381496e-07,4.755929360030575e-06
HIST1H2AL,0.897611355663433,2.96183175191751e-07,4.755929360030575e-06
FAM83H,0.58863812316748,2.99458487521543e-07,4.795905194159731e-06
BORA,0.52854887563503,3.00199160441041e-07,4.80514865307261e-06
CDCA4,0.691860911497688,3.00778847613336e-07,4.809188669021065e-06
SNORA70F,-0.581420880658167,3.05874578960661e-07,4.88688016830029e-06
TAP1,0.738020143447104,3.05970447450406e-07,4.88688016830029e-06
RAB7B,-0.681243004359043,3.07165663761038e-07,4.899698110802167e-06
PNPLA3,0.849796174309594,3.07934256002921e-07,4.907576960636575e-06
PRR21,-1.06908356284801,3.0930265403564e-07,4.926713494200211e-06
BCL11B,0.619210426737936,3.13580160036078e-07,4.981347969265006e-06
CHST6,1.39554982493383,3.17772107012852e-07,5.034332442530293e-06
MND1,0.778828180268179,3.22450814648975e-07,5.100206964964519e-06
TPX2,0.778832632394445,3.22788879314005e-07,5.1028077381818076e-06
DLGAP5,0.868414055773312,3.2331593017578e-07,5.108391696777324e-06
BMPER,-0.527905662038263,3.24355157048767e-07,5.122057686915188e-06
PITX1,0.717009650869794,3.25369059884902e-07,5.1332471810078e-06
OTUD6A,-0.854971936049166,3.25413076705374e-07,5.1332471810078e-06
LOC100507673,-0.898961059888927,3.25904813558328e-07,5.135490970966296e-06
PRR19,0.622063503287018,3.26876845402764e-07,5.148047552356071e-06
NGFRAP1,-0.714057989568502,3.29533248218759e-07,5.184327140606472e-06
ZNF695,0.668319166698065,3.30500114379414e-07,5.196756212617559e-06
CSMD3,-0.920430611171781,3.31107171375695e-07,5.203517407694612e-06
TUBB4B,0.520437932984197,3.36671333456962e-07,5.2853083053596154e-06
LRRC3,0.541354150889488,3.45851456961473e-07,5.423629998497208e-06
MT1E,-0.730737925352145,3.50196325637763e-07,5.485911310150628e-06
C11orf9,-0.542465968669907,3.52860764538507e-07,5.5240951427038324e-06
SCARNA13,-0.641537147252343,3.53024734564447e-07,5.5240951427038324e-06
STK32B,-0.899910836280645,3.53197726049425e-07,5.5240951427038324e-06
CCNB2,0.828580757409623,3.56874391524103e-07,5.5786301160161375e-06
SCGB3A2,-0.928176387673569,3.60338070223325e-07,5.620814866095051e-06
LHFPL5,-0.938873748144605,3.61042452824369e-07,5.628814643820984e-06
CDC42EP2,0.700451418047693,3.63658184766683e-07,5.6616168121289656e-06
EPB41L2,0.656349982130982,3.63724395715921e-07,5.6616168121289656e-06
LOC100507417,-1.27671506506055,3.64632673053463e-07,5.672750130066263e-06
BUB1B,0.863026114213628,3.64887869855818e-07,5.6737167827104655e-06
RORC,-0.535592668861174,3.65809798354584e-07,5.683797217749284e-06
HPSE,0.794935485712536,3.6592297318571e-07,5.683797217749284e-06
C8orf71,-0.679767080746316,3.67433152983307e-07,5.70122782464278e-06
SCARNA16,-0.78804818114923,3.68446417132914e-07,5.7139331433784044e-06
LOC100192426,-0.862343844561436,3.6882408061772e-07,5.71677324957466e-06
PRSS23,-0.639085991779224,3.70231213413404e-07,5.732536828131252e-06
GK5,0.56769391543434,3.74255468077338e-07,5.785702101976228e-06
F2RL1,0.507436808559396,3.79168482162251e-07,5.850161909998774e-06
LOC100505592,0.937710811218943,3.79221397800043e-07,5.850161909998774e-06
LOC653061,-0.66641622777001,3.80481651276301e-07,5.866524012438581e-06
SORBS1,-0.62618744853165,3.81234084473935e-07,5.875043143429472e-06
C22orf45,-0.67178516490187,3.82172202131981e-07,5.8864133523347265e-06
MUC21,-1.21151757448101,3.83319103613335e-07,5.8992668987067766e-06
MCTP2,0.5513888124734,3.86916495480697e-07,5.943975586696476e-06
FOXA1,-0.525201214708521,3.87044995973463e-07,5.943975586696476e-06
XLOC_005542,-0.821820981075467,3.87122950623964e-07,5.943975586696476e-06
SNORD116-4,-0.675367384233105,3.92795670742758e-07,6.02163754396879e-06
SLC5A1,1.53934130292525,3.96762840407392e-07,6.0758992096785205e-06
ACAA2,0.701059947754626,3.9695544040366e-07,6.0758992096785205e-06
CENPL,0.704064426017794,4.00200909705834e-07,6.119201006469849e-06
ADM,-0.776529728693653,4.01638607707637e-07,6.137990329335432e-06
SNORA42,-0.664653074521904,4.10480566073584e-07,6.2568479646112485e-06
MCM10,0.850991411937704,4.1292350390917e-07,6.284306542145358e-06
XLOC_006315,-1.12206655054626,4.1727097089263e-07,6.343900306566275e-06
FAM127C,-0.736942850671855,4.23606538848526e-07,6.423606276408918e-06
ADA,-1.15826585259506,4.25604838858643e-07,6.447255156895773e-06
TP53INP2,0.589494201785237,4.26236418911493e-07,6.453496073658401e-06
SCPEP1,-0.553511253707763,4.2768518383569e-07,6.472096901422893e-06
MYEOV,1.03198768524153,4.33616072683804e-07,6.541855576862579e-06
XLOC_006522,-0.893946856632303,4.33630552052821e-07,6.541855576862579e-06
C19orf28,0.535000417442827,4.33896647232725e-07,6.542511374487082e-06
NECAB3,-0.529462647731372,4.43375371993104e-07,6.664918379607847e-06
OR12D2,-1.24355255428449,4.46385113459472e-07,6.706730937805196e-06
ACY3,0.77293277690216,4.48394080663303e-07,6.733472275183009e-06
SCTR,-1.00295636866714,4.51113343419564e-07,6.767390983366078e-06
SATB1,-0.636396343271381,4.53376295228643e-07,6.794402123497889e-06
FAM135A,0.510668341231568,4.57926734988456e-07,6.855604120143018e-06
ZNF595,-0.587630487577595,4.6055345478125e-07,6.887910905400191e-06
CXCL3,1.5637658944744,4.71324221356895e-07,7.031104678800218e-06
TAF5,0.509566011105101,4.71665684980376e-07,7.0326286911229276e-06
CCDC68,0.875846056882657,4.76197670221934e-07,7.089410908045693e-06
XLOC_l2_008008,-0.563711718656965,4.76918936600775e-07,7.096553776619532e-06
ALDH1L2,-0.637188105282779,4.81353190144229e-07,7.155289606453516e-06
LOC100289134,-1.10003144948629,4.84347197013161e-07,7.18888657869837e-06
C4orf39,-0.716508922936681,4.85649721156264e-07,7.2045805175872225e-06
RFESD,-0.573260573744,4.87174291321949e-07,7.223550995645528e-06
SCNN1B,-1.60171753898523,4.88230650517612e-07,7.235563468185367e-06
GUCY2C,1.98734201150958,4.92927988622729e-07,7.2978174960426995e-06
XLOC_001728,0.68260782554429,4.99020918690033e-07,7.376874626993305e-06
QPCT,0.933195048751677,4.99657307867701e-07,7.382568609158369e-06
LINC00152,0.762952634643769,5.06167341851219e-07,7.467492892732743e-06
HERC6,0.695028688362955,5.0934955184293e-07,7.5106696585850615e-06
XLOC_003062,-1.08358731688321,5.10467061535857e-07,7.523373121572601e-06
DSCC1,0.810857801375342,5.14427417094065e-07,7.5763449817204636e-06
XLOC_l2_011426,-0.64035073267185,5.14576853937459e-07,7.5763449817204636e-06
ADCY1,-0.891765132381062,5.2010535716308e-07,7.646251243776185e-06
CMTM1,0.534248637731111,5.31877902677498e-07,7.799814273396363e-06
MITF,-0.575126629430015,5.32180392242649e-07,7.800357789140632e-06
ZNF157,-0.870329652589946,5.32662037423092e-07,7.803525401689845e-06
GK,0.612247575285585,5.34232818943644e-07,7.822637809225616e-06
PTTG1,0.782701250113852,5.35352021547619e-07,7.83512211615609e-06
KLHL23,0.704168356771592,5.45701570072912e-07,7.982617093729586e-06
MCM4,0.6869516256629,5.48986449216098e-07,8.022682133049571e-06
PRSS2,0.885005213396531,5.51520447910629e-07,8.055707218289048e-06
EPSTI1,0.881156969300545,5.52114329776848e-07,8.05781022760216e-06
TMEM121,-0.557678815678933,5.52212801088565e-07,8.05781022760216e-06
WDPCP,-0.546983663380911,5.5436424735222e-07,8.085189330613917e-06
SLC26A9,-1.66460190745411,5.55447302336959e-07,8.09696692513817e-06
NUP62CL,0.788188402760539,5.57723011091347e-07,8.126109990060737e-06
B3GNT8,0.887529456836194,5.5844097642454e-07,8.132538857861438e-06
RACGAP1,0.652996513261073,5.61835643315609e-07,8.17387420087085e-06
NEBL,-0.852803378699128,5.62938290104246e-07,8.185863666295686e-06
LINC00087,-0.684961718107349,5.66347550499159e-07,8.231365882329025e-06
MFHAS1,0.588668406470432,5.7987979922428e-07,8.410783191994318e-06
FMOD,-0.828039033556731,5.81630102543925e-07,8.428474089527055e-06
GPIHBP1,-0.627877671749464,5.82143718410148e-07,8.431759288633528e-06
LIF,0.543723117930391,5.91567127214365e-07,8.5598103075213e-06
CDHR2,1.04297974839985,5.97243175123891e-07,8.629194901937515e-06
SARDH,-0.733720491614247,5.9765530321932e-07,8.630906167572176e-06
PGC,-1.65229130142955,6.00242170846103e-07,8.664006344216736e-06
FGL1,-0.985314658688518,6.1095104489873e-07,8.796976632770151e-06
Q8WY88,-0.540361143191922,6.12606738633155e-07,8.812181514905118e-06
CASC5,0.517115191530649,6.14148184646835e-07,8.827605315919868e-06
TMEM54,0.508365331829754,6.14445845029717e-07,8.827605315919868e-06
HIST1H3H,0.775209845049904,6.1458011693113e-07,8.827605315919868e-06
LOC553137,-0.58593311900151,6.17367655892021e-07,8.858984702809919e-06
PNPLA1,-0.647075791603549,6.18045183981842e-07,8.864378656348644e-06
NT5M,-0.545639949395635,6.23927789756966e-07,8.944385309940349e-06
KRT16P2,1.09948703418837,6.31736088985272e-07,9.043088252849086e-06
ZNRF3,-0.651744586670275,6.37944630907807e-07,9.127515488373239e-06
PRC1,0.642669979910039,6.43949874056324e-07,9.204474172552165e-06
PAPSS2,0.723563280965634,6.45027305803623e-07,9.215392543975143e-06
ASPM,0.858251023807387,6.45646216715137e-07,9.219752680672717e-06
PIGR,1.0047358205694,6.4904032146612e-07,9.259221828760356e-06
BEX5,-0.688430629587442,6.53687490718132e-07,9.316473315821756e-06
KCNQ1,-0.619770746944364,6.58631091404381e-07,9.382380278328623e-06
CDCP1,0.535713850831135,6.71582283135884e-07,9.548360008126443e-06
XLOC_007928,-1.05075880512869,6.78917650303786e-07,9.634008646609205e-06
HIST1H2AG,0.829506293310909,6.79776473735077e-07,9.641540062802336e-06
CDC6,0.709281483614579,6.82609400041998e-07,9.677050192201753e-06
NANOS3,1.37090548568934,6.88339343518746e-07,9.753576001605067e-06
LINC00239,0.519010379436398,7.02554006735764e-07,9.935831159745252e-06
MYB,0.577368314511855,7.03897679327925e-07,9.950045695088533e-06
LOC93444,-0.970245847510346,7.07727684181658e-07,9.994570486655726e-06
SRGAP2P1,0.512106360581007,7.1003388227151e-07,1.0022322637941949e-05
STK38L,0.563555387527491,7.14044753306814e-07,1.0074098516649374e-05
FLJ46875,-0.658659182771498,7.17105737213535e-07,1.011242965702081e-05
NMUR2,1.17281516339652,7.17835179887625e-07,1.0117861039106727e-05
XLOC_009868,-0.51693030842272,7.19953143296377e-07,1.0142848981396898e-05
LOC100289488,0.642882241623396,7.21706258851256e-07,1.0158980974447427e-05
IRX3,-1.02628169007661,7.22033526999458e-07,1.0158980974447427e-05
CDKN1A,0.727451436116545,7.24303215857717e-07,1.0179733576100711e-05
GLE1,0.517404127708447,7.33375409754563e-07,1.0302311922498612e-05
TUBAL3,1.59954502487096,7.47140482053929e-07,1.0470655453791543e-05
HIST1H3F,0.679374827206927,7.52367678115845e-07,1.0538885283350072e-05
MSLN,1.74140450880123,7.64523057088269e-07,1.0688774310994315e-05
KRT7,0.715001190666511,7.6936740522746e-07,1.0751388162065904e-05
IL13RA2,0.851032842273522,7.80025338334863e-07,1.089514479229323e-05
LAMP3,1.24776005210417,7.81599472882723e-07,1.0911945515001171e-05
TNFSF13B,0.701633115450252,7.9654408978024e-07,1.1099496306525223e-05
C16orf47,-0.565255351031126,8.01430068132529e-07,1.1156999925286007e-05
SERPIND1,-0.720169753438478,8.03352024843207e-07,1.117846084568758e-05
LPGAT1,0.571423915791566,8.075497135814e-07,1.122093190672822e-05
XLOC_l2_000080,-0.746200334160757,8.10346220548009e-07,1.1254468208631799e-05
KIF11,0.736060414049235,8.12543389329791e-07,1.127965286992154e-05
XLOC_010271,-0.806435582137788,8.19502876931366e-07,1.136281966201139e-05
HS3ST1,0.560725415924183,8.21673765225087e-07,1.138488854900276e-05
PNPLA7,-0.611680312248592,8.32203333608807e-07,1.1509078384986174e-05
MYO7B,1.97063388589463,8.43623881987216e-07,1.1617815671902673e-05
KIF14,0.906447421719869,8.44698435355551e-07,1.1621721731380585e-05
LOC100129931,0.902005371305409,8.47824045529974e-07,1.1659266752473036e-05
GRAMD1A,-0.597613397277716,8.50991694840246e-07,1.1697354503257788e-05
XLOC_005514,-0.744028660352143,8.628057773309e-07,1.183207474764372e-05
POLA2,0.508839846021763,8.66967776693002e-07,1.187806481186664e-05
PCDH1,0.508891937612499,8.68755716221566e-07,1.189701444003699e-05
XLOC_007437,-0.885775049420877,8.72168727807168e-07,1.1938190299393133e-05
XLOC_006028,0.832456366324637,8.7516137374348e-07,1.1973576560322807e-05
CLSPN,0.806930811358712,8.76485927989626e-07,1.1986118404727377e-05
RXFP4,-1.46414469032075,8.77569113473758e-07,1.1995349351984559e-05
MMD,0.651348351604605,8.79085807345592e-07,1.2010494517095425e-05
PLEKHG6,0.583880277132703,8.86263560717006e-07,1.2102933792914207e-05
XLOC_002243,-1.12455443061241,8.97509553064128e-07,1.2239448141739486e-05
AFM,-0.951019666430425,9.02986248954704e-07,1.2308422951892784e-05
TGM2,0.990562396756836,9.07626033453126e-07,1.2360201052419124e-05
GABRB3,-0.747117447303892,9.11550622100928e-07,1.2396413550348022e-05
SNORA2B,-0.575536757094965,9.33082988580616e-07,1.2665793472705377e-05
EEF1A2,-1.53259428618452,9.4588139626765e-07,1.280993662373903e-05
CDCA7,0.912379885747616,9.46911913429888e-07,1.2817985864522132e-05
XLOC_007653,-1.25001493861895,9.53635397014096e-07,1.2891185394411341e-05
FILIP1L,-0.587059662518323,9.57386576712892e-07,1.2928249137995284e-05
XLOC_006948,0.773649378338969,9.5769696384292e-07,1.2928249137995284e-05
LRFN2,-0.813235421561269,9.60398716488133e-07,1.294939346597793e-05
XLOC_003485,-0.610709726203132,9.65180168480373e-07,1.3005371293581479e-05
PLD1,0.609748115734668,9.67299749274347e-07,1.3027958309658347e-05
XLOC_005777,1.20806924226967,9.69857720933457e-07,1.3050448123989209e-05
DIAPH3,0.570079604531831,9.72744016670949e-07,1.3071331121136648e-05
CTSZ,0.728616724082675,9.74492892517193e-07,1.3088846949403689e-05
XLOC_009038,-0.821763262341248,9.77794200148175e-07,1.3121194499522633e-05
GPD1,1.08435698879224,9.81844832669174e-07,1.3163529170840186e-05
CA4,-0.958085905615583,9.82300857090337e-07,1.3163637751103888e-05
FUT4,0.510647241466154,9.85783406937714e-07,1.3204285671415469e-05
TEP1,0.506259901449237,9.87173442733676e-07,1.3216880699342721e-05
CCDC24,0.531104648679415,9.95171234274646e-07,1.3317892637915893e-05
NPC1L1,0.728106238984068,9.98346924101446e-07,1.3354310152705186e-05
SLC35F2,0.546409184457811,1.01746713882987e-06,1.3585335881841081e-05
SLC39A10,0.585089532887782,1.02495637279332e-06,1.3671981712429243e-05
HOXB2,0.763055466448916,1.02535210610433e-06,1.3671981712429243e-05
C9orf167,0.506087772615706,1.03681488509099e-06,1.3818555937892978e-05
XLOC_l2_003848,1.32528460258921,1.04865297537932e-06,1.3951024735376847e-05
ADCY7,0.824812343288693,1.0497864376857e-06,1.3954548621552544e-05
THOP1,0.563501642167328,1.05034236936417e-06,1.3954548621552544e-05
ABCC8,-0.935812201811783,1.05311624706995e-06,1.3985079199679933e-05
SHD,1.27051490313934,1.05517274811084e-06,1.400605994646855e-05
SP5,-0.798768019806193,1.05968988519745e-06,1.4046985271169446e-05
FAM124B,-0.750992729897373,1.06115341693875e-06,1.4060043560412978e-05
SNORA12,-0.710401594888971,1.06519745435934e-06,1.4107265790316487e-05
ISG15,0.882291692903665,1.0671193976911e-06,1.4126353540245966e-05
PMM1,-0.546640314525174,1.06847183198851e-06,1.4137888427950621e-05
MLF1IP,0.793750648344355,1.07014999026399e-06,1.4153720933338499e-05
CCDC169,-0.620495261371645,1.07914932291559e-06,1.4265684783721343e-05
PLAUR,0.854278900427017,1.083876993089e-06,1.4315475392828421e-05
CENPF,0.677596591842066,1.08878226915539e-06,1.4367819185423708e-05
XLOC_l2_009136,-0.738339124700528,1.09471909238608e-06,1.4439678943914775e-05
SLC4A7,1.15665959636522,1.10934280071524e-06,1.4608545858127716e-05
SH3BP1,0.640444746089452,1.11141636994193e-06,1.4627095512697463e-05
SLC2A9,0.553595234684782,1.11878977544825e-06,1.4717544279710459e-05
PROM1,0.691561216520209,1.12459007187396e-06,1.4787227307486326e-05
IP6K3,-0.882412257988327,1.13683812089474e-06,1.4935965788218555e-05
LOC100506844,-0.552249117438506,1.13691831591959e-06,1.4935965788218555e-05
GPR110,1.0151872444143,1.13852695174309e-06,1.495041557543607e-05
LOC728606,-0.924258336463687,1.15280979119605e-06,1.5124452742709607e-05
PRR4,1.38182695350918,1.15372563768782e-06,1.5129713984993153e-05
MSX2,0.59094954022094,1.1800554872971e-06,1.544742568404774e-05
EGFL8,-0.564608995048559,1.18211003933273e-06,1.5460547323502568e-05
ALOX15B,-0.729849061021309,1.18905837203846e-06,1.554450508784086e-05
DKFZP761C1711,-0.915125321796623,1.20287408337413e-06,1.5711139360977303e-05
ZNF167,-0.548474421457505,1.20988846549914e-06,1.578171425836162e-05
PARP14,0.595994061723123,1.2131890411065e-06,1.58177460248615e-05
NALCN,-0.622288337783128,1.22818641402247e-06,1.6006182853788184e-05
SAA1,1.88531000686856,1.23439176708447e-06,1.6079922540371633e-05
MRAS,-0.62222285202852,1.24029773108712e-06,1.614054061302711e-05
ANKRD29,-0.677542814120112,1.24232772721151e-06,1.6154658074022946e-05
LOC375190,-0.527882334649094,1.26397705697816e-06,1.6407136815580465e-05
KYNU,0.809264259888465,1.30565296727887e-06,1.692568566492785e-05
KIFC1,0.958728062478989,1.30789101846792e-06,1.6939753746467712e-05
SNX22,-0.809371544274326,1.31516570622425e-06,1.7026471266307604e-05
DAPP1,0.77897690116414,1.33940832212168e-06,1.7309820479556698e-05
SNORD107,-0.668948422809501,1.34352719568691e-06,1.7355418561251392e-05
KIAA0895,-0.747705413680436,1.36915807731236e-06,1.7663221060603877e-05
CHST11,-0.624581496001486,1.37077845765466e-06,1.767636564877365e-05
ZG16,2.79716774882172,1.37306613405656e-06,1.7698099801602714e-05
XLOC_006924,-0.757678809089173,1.38746643593887e-06,1.786021183502913e-05
CDH17,2.46513719109756,1.40578544551454e-06,1.808018497714718e-05
XLOC_012170,0.597741871769781,1.41157900669842e-06,1.8146755839393338e-05
ZWINT,0.721573418024279,1.42204353943942e-06,1.8265303993464016e-05
XLOC_008005,0.872675410994937,1.42308883044334e-06,1.827074466975486e-05
GP2,1.58066835043037,1.42765301851867e-06,1.8321339261234356e-05
EMILIN2,0.624747826520115,1.42861184877088e-06,1.8325641646302322e-05
XLOC_006712,-0.859329564967665,1.43013105729983e-06,1.8326197784193832e-05
TP53I11,0.627901585821446,1.43807998588939e-06,1.8390902796047604e-05
PTPRE,0.504904307141342,1.43961655597303e-06,1.840254517048082e-05
XLOC_l2_008270,0.502330337317702,1.44995369675766e-06,1.8518574202657154e-05
CNTN3,-0.79954839715788,1.45418647242163e-06,1.8563081624184887e-05
ERC2,-0.671983082426037,1.45725273632902e-06,1.858756224619672e-05
KIF15,0.81541136540881,1.45943267794437e-06,1.860729177415581e-05
CYBA,0.552541047927591,1.46871286086067e-06,1.870937735369457e-05
CXCL1,1.54976565038896,1.47437371045294e-06,1.8769473488279017e-05
LOC728503,-0.883985696813676,1.49553239059815e-06,1.90098208887969e-05
TF,-1.22746267909589,1.49818915967954e-06,1.903535798731618e-05
XLOC_002997,-0.756322717797548,1.51526545009759e-06,1.922738387196372e-05
XLOC_001365,-0.701268706143224,1.52191596170672e-06,1.9303438188449326e-05
MREG,0.593219015526067,1.54511646888982e-06,1.955550507654351e-05
HOXC13,-0.745101067468432,1.56285060603567e-06,1.9762931846031095e-05
PIK3C2G,-0.528733334180334,1.58525366947452e-06,2.0028991762045225e-05
OR10G4,-1.31588765289682,1.5991674771619e-06,2.0152801809105452e-05
ZNF783,-0.699522725370642,1.623971468845e-06,2.0447846412346555e-05
HIST1H3I,0.564616520106024,1.63403825930427e-06,2.0556984745048753e-05
SYT8,0.68823908848191,1.64203206357343e-06,2.0631055273320205e-05
CAPS,-0.554193339436233,1.64461634415428e-06,2.0645871474586064e-05
ACOX2,0.824992537853301,1.65098982293485e-06,2.0708189891766698e-05
ARHGAP11B,0.664184265788905,1.67102680698071e-06,2.0932709208673958e-05
SOCS6,0.641134216807697,1.69238474430351e-06,2.1155169232493216e-05
CHRM2,-0.627923638448772,1.69854247219547e-06,2.1214095271092424e-05
EPS8L1,0.656058109475892,1.71196260481859e-06,2.1354480912737146e-05
UGT2B7,0.911013694398342,1.71872614566984e-06,2.1411582860934826e-05
SPC24,0.690825798870378,1.74326411203722e-06,2.1689689129784008e-05
TRIM59,0.517877786979748,1.77646891452225e-06,2.2056133696653944e-05
XLOC_011023,-1.08276871967332,1.79309955187958e-06,2.221568702809321e-05
MOGAT1,-0.733359930767557,1.80308509162384e-06,2.2329989326861108e-05
SPAG1,0.696279954276517,1.81236330401004e-06,2.2407667485151384e-05
MMP19,-0.587763202087154,1.85332797597004e-06,2.2880836245538783e-05
TYMS,0.766305317065333,1.85379308223179e-06,2.2880836245538783e-05
SYPL2,-0.848084263155728,1.88672446100568e-06,2.3219036206044774e-05
IL2RG,0.772741122511755,1.89489735451708e-06,2.330010186382759e-05
SQLE,0.647587741546978,1.89939819654939e-06,2.333591730777319e-05
ONECUT1,0.874300423693827,1.90463146699311e-06,2.3380663973263794e-05
CSRP2,-0.807347187623387,1.90796089461905e-06,2.3411755645538468e-05
ZNF462,0.570615163754309,1.91071454107413e-06,2.3435759154042792e-05
LOC100507423,-0.955453609040858,1.91222114455041e-06,2.3444453481872114e-05
PLCD3,0.739808914278502,1.93065705537016e-06,2.364089564300761e-05
XLOC_005176,-0.654706506493917,1.96070228592107e-06,2.3978825958655183e-05
MXI1,-0.516910167900225,2.01227251460441e-06,2.4538035128296432e-05
RNF152,-1.05341065434226,2.01335185840502e-06,2.454101385931428e-05
CNFN,-0.810970013908749,2.03876337146452e-06,2.4789068250144525e-05
GRTP1,0.59868949184625,2.0508505311763e-06,2.4915417697482062e-05
PDIA4,0.519839497494143,2.05872036027044e-06,2.5000691713895737e-05
C15orf42,0.845144455470435,2.06861429554444e-06,2.5110465476026435e-05
LOC100507002,0.555024892967536,2.08722852562216e-06,2.5325958675055338e-05
CHGA,-0.897275103962251,2.10851672289261e-06,2.5563155714673278e-05
SCNN1G,-1.3506785877989,2.11331678238826e-06,2.5610784990031413e-05
HJURP,0.847014288457465,2.12916646636956e-06,2.579222758189144e-05
KANK4,-1.08933936207801,2.14186861176646e-06,2.5924726014247416e-05
FFAR2,0.821733920119987,2.149718268105e-06,2.5998321178218e-05
CFC1,-0.8655194229766,2.16530386781714e-06,2.616527552113902e-05
ProSAPiP1,-0.568233877769679,2.17134549233104e-06,2.6227497463470863e-05
BRCA2,0.539077197084036,2.17401580477854e-06,2.6248963217268584e-05
TPM2,-0.846944753673534,2.18140658114792e-06,2.6327382590051366e-05
XLOC_014068,-0.749421502144682,2.19260903742042e-06,2.644086762072684e-05
XLOC_013413,-0.690839398618786,2.20073474685718e-06,2.6527970771385894e-05
LAMB4,-0.518803241939271,2.20516151973747e-06,2.657043326857104e-05
RAB30,0.600747354797952,2.22976797068125e-06,2.6811956269386486e-05
CLDN3,2.29768909779862,2.25615927192696e-06,2.7096039510988766e-05
RDH12,-1.27755677753299,2.270228349588e-06,2.7237537605688184e-05
XLOC_010151,-0.719177243044745,2.27063565725051e-06,2.7237537605688184e-05
LINC00319,-0.871433513350532,2.29969951863147e-06,2.7528948860913095e-05
PLEKHG1,0.673828344573899,2.30808751987849e-06,2.7618109134441805e-05
RNF186,1.35229625707071,2.33025050673128e-06,2.787195844192872e-05
FAM13A,-0.577797710364493,2.33876455950096e-06,2.7962413700005782e-05
SLC10A1,-0.984280215963627,2.34033695846691e-06,2.7969834296635035e-05
WISP2,-1.04804330531698,2.35052726674797e-06,2.804599890994289e-05
ARHGAP8,0.664742386165473,2.36929704175961e-06,2.8247018849181102e-05
STK38,0.552492760902953,2.38170985331756e-06,2.8364352770127923e-05
LOC100288432,0.70433553480754,2.39922659604336e-06,2.8545939758915897e-05
OR7E5P,0.864368374048269,2.41389043162442e-06,2.86971731410107e-05
MOGAT3,0.659790020788585,2.41612764848932e-06,2.8712155007603774e-05
ZNF345,-0.510983337341468,2.41809257321073e-06,2.872389027547168e-05
PIF1,0.787852693736381,2.42496142609087e-06,2.875973714285756e-05
XLOC_002411,-0.860182862779012,2.44104379815491e-06,2.891165624879737e-05
ZBTB10,-0.526883925228865,2.45048132475114e-06,2.8979776729089136e-05
HSPB1,0.606092348849927,2.47278726423895e-06,2.919165577412493e-05
HIGD1A,0.511282661121519,2.48708919349468e-06,2.9306566647322238e-05
LOC100128979,0.823253907048644,2.49587822627102e-06,2.9374797482440023e-05
GMPPB,0.579761781773234,2.50513430033475e-06,2.9460138782808175e-05
CBR3,0.77951666545189,2.51896671240177e-06,2.9599454338516735e-05
IGDCC3,-0.681904193206013,2.554434493259e-06,2.995599396963108e-05
XLOC_002935,-0.772457283979897,2.58322710053535e-06,3.025742448407049e-05
XLOC_l2_012919,-0.577981976659302,2.60073633737545e-06,3.0438247504097857e-05
FGF20,-0.912582310043732,2.60567204466185e-06,3.0483873426959572e-05
IGFBP5,-0.945707369914322,2.6096664356395e-06,3.051845491865245e-05
XLOC_013754,0.658084532189052,2.62971663138529e-06,3.072680119081982e-05
LOC100652740,0.719111683125202,2.63061902123665e-06,3.072680119081982e-05
C19orf46,-0.568252769075512,2.65827389154388e-06,3.1012843638226105e-05
XLOC_005582,-0.834741813991264,2.67382700265455e-06,3.116954698691468e-05
LOC284408,-0.539268474975623,2.68244685504723e-06,3.125763210790166e-05
GIMAP2,0.654164492801819,2.7020463911165e-06,3.146106946994124e-05
MDK,0.63868312719228,2.77246201121873e-06,3.2217126763818125e-05
XLOC_000010,-0.677482231467481,2.7791862236583e-06,3.226974505763339e-05
LINC00336,0.607522026766974,2.81170523646476e-06,3.2621552897444284e-05
C12orf28,1.15015223775142,2.82292179812655e-06,3.272584844313335e-05
LOC100506533,-0.601170240092484,2.88423502737707e-06,3.3357693421706935e-05
XLOC_000063,-0.577613850942544,2.93568192061038e-06,3.3912665205541614e-05
RCC1,0.501752170452871,2.95540537134506e-06,3.410029566277527e-05
LOC254057,1.03833507316299,2.98205427038237e-06,3.4380781050606935e-05
FOXD2,0.660977947855975,2.99671840982627e-06,3.453629828548016e-05
TK1,0.730785544509565,3.00696667680101e-06,3.4640821912123905e-05
BEAN1,-0.949612757793252,3.00863566120313e-06,3.464646740260093e-05
LOC200772,-0.735624916262645,3.04063795538888e-06,3.497388189157276e-05
XLOC_000757,-0.708193858208702,3.045761935505e-06,3.501911258240256e-05
ZNF577,-0.571646668861277,3.05762088639273e-06,3.514171396531465e-05
TMEM171,-0.601201974162784,3.09165853934016e-06,3.550922512317872e-05
XLOC_l2_013080,-0.818998166546999,3.0920744967879e-06,3.550922512317872e-05
XLOC_003140,-0.921296966914751,3.09432923218837e-06,3.550922512317872e-05
RFC3,0.656033644956859,3.1132547448764e-06,3.57112921320951e-05
XLOC_002616,-0.720843306029812,3.14547065503503e-06,3.6038632206693744e-05
NINJ2,0.62585414298221,3.15432837551581e-06,3.61260336319792e-05
PP12613,-0.940544381035114,3.15968889480863e-06,3.6165046511948674e-05
TSNARE1,-0.599820849725479,3.18678996735836e-06,3.644100527654766e-05
PPP1R14C,1.14193699211209,3.18954788613166e-06,3.64583560006368e-05
HIST1H3D,0.613157698708026,3.21044690396518e-06,3.665447304340664e-05
XLOC_l2_015202,0.916652140755936,3.21547819767033e-06,3.6685388010113716e-05
ODAM,-1.05101800230118,3.25041275732494e-06,3.702446903576176e-05
MT2A,-0.659150251707768,3.30731805799702e-06,3.758525254772483e-05
XLOC_l2_008289,0.613265369095829,3.31371104287511e-06,3.7628802213297425e-05
ADAMTS19,-0.920281166152862,3.31843368650384e-06,3.76590250935925e-05
TIMP4,0.850019753829818,3.32476171270892e-06,3.771057399192965e-05
LOC100509105,0.5022771425619,3.35123144458442e-06,3.7965194420439776e-05
XLOC_l2_004951,0.961206849953696,3.36807949353916e-06,3.812832055320833e-05
LAIR2,1.2106342038901,3.38853543923127e-06,3.833036161975695e-05
XLOC_009181,0.875255859491004,3.43770790942549e-06,3.8796989263516244e-05
MTHFD1L,0.583549575387157,3.46223096922237e-06,3.900788654838761e-05
GLS2,-0.593260845065427,3.46303171378601e-06,3.900788654838761e-05
PLA2G2A,1.53311433632044,3.46839243914615e-06,3.9038344313147094e-05
C17orf107,-0.627743441508313,3.48531420834456e-06,3.91837849865455e-05
FBXO27,-0.806540567725501,3.51734431527597e-06,3.945332623562221e-05
C16orf59,0.64394454884879,3.52728475127175e-06,3.95459097206916e-05
GALNT5,0.528095956023046,3.52828961779139e-06,3.95459097206916e-05
SH3PXD2B,0.574867560246094,3.53486813378009e-06,3.9599111193270416e-05
ZNF483,-0.608384227204295,3.53573117500822e-06,3.9599111193270416e-05
FOXD1,1.44061169385177,3.54198360996556e-06,3.9638923964077634e-05
KCNJ13,-0.724278185587471,3.54609311950349e-06,3.966980761171243e-05
IFIT3,0.72156781544775,3.59487985425961e-06,4.018498636629191e-05
CLCF1,0.711506100207296,3.61909447331289e-06,4.04095548562763e-05
MXD1,0.611840594653017,3.62404001839315e-06,4.04494067833414e-05
VMO1,0.710490343607209,3.6257079558427e-06,4.045265960755705e-05
NEK11,0.589859884251627,3.67554837346737e-06,4.099317480055373e-05
SPATS2L,0.535589347003926,3.68124663779567e-06,4.1041151817731085e-05
CCR6,0.594098567994806,3.68443457935035e-06,4.106111619944941e-05
CLDN23,0.588336984071052,3.70106390284223e-06,4.123080590474884e-05
LOC100287493,-0.783445911069646,3.78203941267112e-06,4.205057416116454e-05
XLOC_002030,-0.883141592285458,3.80202201272759e-06,4.224341130814307e-05
OR6A2,-0.73150150069093,3.81492879282835e-06,4.237079643372621e-05
SLC22A20,-0.579774312863824,3.82418278226859e-06,4.245753064046442e-05
IRX2,-1.68622549394558,3.83844850217556e-06,4.2599820461455946e-05
ABCG5,1.56475091772745,3.86427937112019e-06,4.286098687534814e-05
LOC100507520,-0.722881552676896,3.88949432656161e-06,4.3101228985291326e-05
FRMD1,-0.876097960842123,3.89314222385259e-06,4.3125391509453415e-05
MICALL1,-0.608624342901931,3.934316748557e-06,4.353511917299273e-05
RAB32,0.640502174583669,3.94134815431261e-06,4.3593654331554e-05
CREB3L3,1.51824811292997,3.95295008813932e-06,4.370552941694445e-05
PADI2,0.928764330755297,4.0157542210145e-06,4.433320249706015e-05
ACE2,1.65359564477936,4.03799644782772e-06,4.454528513842382e-05
GEN1,0.581475797161952,4.04392510076899e-06,4.457722087824422e-05
KCNIP4,-0.63239484981122,4.05749269842864e-06,4.4693251657204225e-05
ARMCX2,-0.51076095966449,4.06120780634501e-06,4.4717412893543336e-05
VNN1,1.57305985470653,4.10874734782104e-06,4.519007000664848e-05
LRRC19,1.95206746485544,4.11876230178241e-06,4.528327217537653e-05
PDZD2,-0.638269085062403,4.13391533385732e-06,4.543287353455457e-05
TOX,-0.626663937705048,4.14493025048542e-06,4.553690100981889e-05
CELA2B,-1.2783346035388,4.1492879624955e-06,4.556774089754027e-05
C2orf74,-0.71705763293749,4.16275785319874e-06,4.569859088151086e-05
NEFL,-0.99632435209804,4.18126557065446e-06,4.588462755429174e-05
LOC100506585,0.776397829002068,4.18516101748389e-06,4.591023216939775e-05
MS4A15,0.971654187149739,4.20786773703019e-06,4.6124885138322725e-05
OAS2,0.648843390249255,4.22995228478559e-06,4.6315140739671734e-05
IKBIP,0.500336069340919,4.23302298754488e-06,4.6331500766468874e-05
PLOD2,-0.721507363450201,4.24530317764008e-06,4.643132481744945e-05
TKTL1,-0.963415066620765,4.25263813855779e-06,4.6489547708896e-05
DNAJC12,0.636129032705851,4.25537237433409e-06,4.6489547708896e-05
HIST1H1D,0.594913906693574,4.26096016580457e-06,4.653329518865281e-05
RTN4R,0.526206806129434,4.28945306121114e-06,4.68270603873971e-05
LOC100505683,-0.663591385497214,4.33028393602929e-06,4.720266480416497e-05
HSD17B2,0.915472270668933,4.35795097548501e-06,4.745352254564167e-05
LOC100506966,-0.567460034189619,4.39275184834061e-06,4.7777272878991064e-05
CYP4F22,-1.12055333040625,4.41711881740415e-06,4.8006763241817e-05
FLVCR2,0.993517596124362,4.4371270410759e-06,4.8206391675836796e-05
SLC6A19,2.04687579851661,4.50736850623626e-06,4.8933337887429327e-05
FOLH1B,1.54085493888585,4.52021497754689e-06,4.9054681595327916e-05
IDH2,-0.715335335412257,4.60723845609807e-06,4.9940847130931476e-05
ANKRD65,-0.801328495678176,4.60866943715415e-06,4.9940847130931476e-05
LY75,0.653584321944033,4.61481536221863e-06,4.998901358823484e-05
TBX3,0.81945872326111,4.65631385531055e-06,5.0419952682338406e-05
PTK7,-0.843302610480113,4.66273271836926e-06,5.04708615570666e-05
XLOC_009021,0.693087371475943,4.73515418440639e-06,5.119820131395695e-05
FBXO5,0.518200508693556,4.77023809805811e-06,5.155857198445448e-05
VWA5B1,-0.584366698079043,4.80320960916553e-06,5.188324268793769e-05
ZNF512B,-0.534577210387227,4.8039694339254e-06,5.188324268793769e-05
XLOC_009723,-0.553046852841126,4.81532464986474e-06,5.195035272034691e-05
ST8SIA5,-0.942587556944793,4.85060968408319e-06,5.22926329405124e-05
TTLL7,-0.529650728794418,4.87100114105152e-06,5.2493209216436405e-05
ADSSL1,-0.51098375720343,4.87353408784178e-06,5.249510567819682e-05
SAMD13,-0.515243498607559,4.88016103614642e-06,5.2514892907459165e-05
LOC100505668,0.659675531051751,4.91579178229344e-06,5.284026660498889e-05
ASNS,-0.604280553991403,4.91787258581473e-06,5.2843305137814723e-05
IRF1,0.608312335983175,4.9226699232556e-06,5.285620157275688e-05
GFRA4,-1.09849963337172,4.92481687779751e-06,5.2859940980538074e-05
NES,-0.536330192962484,4.93347599042417e-06,5.2914230805323186e-05
LILRA6,0.514761812497195,4.93841482201433e-06,5.294787843464324e-05
TNFSF9,0.901148799159719,4.988071888057e-06,5.346077922910981e-05
XLOC_001641,-0.808368441322329,5.03214680884141e-06,5.387421873159612e-05
XLOC_l2_009571,1.2333581908986,5.03917782490756e-06,5.3890596040168624e-05
MYPN,0.623083972996448,5.04119542940869e-06,5.389256139667609e-05
CCNE2,0.566187323563652,5.04329349003157e-06,5.389538512183556e-05
RALGPS2,0.562809440480687,5.0796689252609e-06,5.42052688364442e-05
RHPN2,0.594570501010821,5.11641863083654e-06,5.4538016221626485e-05
XLOC_001656,-0.830758947246588,5.14393190183467e-06,5.4791544302688395e-05
MUC8,0.726778739597244,5.15059137289635e-06,5.484260118357896e-05
ITGA2,0.506298266851794,5.17786823892005e-06,5.5073178358806524e-05
SLC6A12,1.34322046389942,5.24181155018443e-06,5.5632487481697375e-05
EFEMP2,-0.554825085111521,5.25991356286134e-06,5.578431605390439e-05
BCL2L15,0.504601572697275,5.27985420437853e-06,5.5955411236305895e-05
SOX2,-0.681011760049387,5.2916158570283e-06,5.6059843837904716e-05
SNORD89,-0.606900161257359,5.31159714664836e-06,5.6251249349802525e-05
RORA,-0.50903215200818,5.39962577670202e-06,5.7121743097811004e-05
RET,-0.86842797956889,5.45568182339005e-06,5.76524909837421e-05
LOC93432,0.786427077370204,5.48451186544983e-06,5.793631729038088e-05
SIX4,-0.808223873413098,5.50801363729169e-06,5.8118762033727896e-05
FOLH1,1.20936189521357,5.50874854644842e-06,5.8118762033727896e-05
XLOC_006025,1.368996933154,5.69461057097032e-06,5.979035922103457e-05
GDPD2,0.947235379535311,5.71320513889311e-06,5.9921367816484916e-05
LILRB3,0.83246083588207,5.73093641515298e-06,6.006446482472032e-05
TMEM106A,0.619547684850259,5.80871030086532e-06,6.07712275976611e-05
LOC100132234,0.625527564103796,5.8266250363728e-06,6.093695963306899e-05
PRKACB,-0.68394178046657,5.83812884257292e-06,6.101384439030334e-05
FFAR3,-0.751374236472173,5.86652917385191e-06,6.125416390328945e-05
FLJ37638,-0.681901623373917,5.90732187195982e-06,6.158813317457524e-05
SLC35F3,-0.993991714041549,5.92273079838317e-06,6.172241585208674e-05
TMEM178,-0.620160284997019,5.92650164895874e-06,6.173981937596577e-05
GOLGA6L9,-0.55201422736004,5.93882969030211e-06,6.182742544674527e-05
APOL3,0.506846861283509,5.93911875718531e-06,6.182742544674527e-05
CPNE4,-0.533441403150912,5.94906837399152e-06,6.190907272480977e-05
FAM132A,0.846590008527905,5.97322823699878e-06,6.213848900138766e-05
FST,-1.10462220091346,5.97807689690625e-06,6.21669228047703e-05
NTS,1.04214360009107,6.13797480548102e-06,6.36944927907755e-05
XLOC_007054,0.784073287387547,6.22741331441476e-06,6.452890333431144e-05
LILRA4,0.66397209170349,6.22831744145371e-06,6.452890333431144e-05
KCTD17,0.549029868382873,6.22936228254531e-06,6.452890333431144e-05
GGT8P,0.878236428861115,6.237306972605e-06,6.456568415319329e-05
FABP1,2.45093513722418,6.26045320411988e-06,6.47368750044599e-05
XLOC_010356,-1.08767903711561,6.31031625840335e-06,6.520660133683461e-05
EFCAB2,-0.792015205938396,6.37664234329378e-06,6.58225378239261e-05
NPSR1,0.804225921014194,6.44411090039153e-06,6.644895829498465e-05
RCOR2,0.508576011169569,6.45733887430811e-06,6.65620045030399e-05
CPS1,2.8189206191731,6.5278809311133e-06,6.724197855014288e-05
UBE2C,0.744479716399724,6.62301510628302e-06,6.80536812347207e-05
COL4A5,-0.550411877510706,6.62752265189093e-06,6.80536812347207e-05
KIAA1456,-0.582835110471861,6.64506547948529e-06,6.82099840416045e-05
ZMAT1,-0.555237147684155,7.07819779585509e-06,7.224152428787337e-05
DNAJA1P5,0.544202231460659,7.14719529781448e-06,7.277954795986554e-05
DHDH,1.01825304663226,7.15747565094866e-06,7.285898664013828e-05
XLOC_007279,-0.838279336069598,7.20031751137211e-06,7.321900727481093e-05
CDK18,-0.601760118597527,7.21746796003391e-06,7.335854397197807e-05
PTPRR,0.927309602096082,7.25453702553664e-06,7.365513686071945e-05
CWH43,-1.46266753794946,7.25573775730852e-06,7.365513686071945e-05
LOC100129596,-0.546754372922745,7.27119766120856e-06,7.376111731708565e-05
FRMD3,0.717990332666282,7.30900425987368e-06,7.402309528756086e-05
C1orf81,0.90730332036186,7.33973704198069e-06,7.430251194961368e-05
FAM105A,0.652163384594986,7.34916619688891e-06,7.434674567785586e-05
NID2,0.544643439163875,7.41738065853289e-06,7.498520219916221e-05
ZNF503,-0.561179760606241,7.46493345241645e-06,7.53615034189959e-05
HIST2H3A,0.792540756688441,7.46742541023942e-06,7.53615034189959e-05
HOXA13,1.95206521691424,7.49714367875409e-06,7.555763320686735e-05
LOC648987,0.772939544277589,7.55164673842448e-06,7.608083453850485e-05
SYCP2,-0.831009625423297,7.71565086962519e-06,7.74146629418044e-05
LOC400128,-0.6089957276341,7.7316367257028e-06,7.754858023718563e-05
C2,0.779455453021499,7.75078033939904e-06,7.77140677633091e-05
BANK1,1.24531551224281,7.87577630697664e-06,7.872561704402364e-05
ZNF610,-0.748364266896943,7.96515886772505e-06,7.948390112214051e-05
VANGL2,-0.549003810648196,7.98992306524019e-06,7.967691178869315e-05
LOC100270804,-0.538809815196936,8.16147646472969e-06,8.127735355658291e-05
INSL4,1.07896185918592,8.20639905744906e-06,8.158648697574864e-05
SRF,0.592805017241683,8.24159340864523e-06,8.188098279015078e-05
RQCD1,0.576490106820371,8.28326697188801e-06,8.226720167956906e-05
OR4N4,-0.884522900317342,8.30995244422092e-06,8.250435217255554e-05
GAS1,-0.775521786254386,8.44581972321448e-06,8.362727426746198e-05
INCA1,0.688974113291025,8.45344798739692e-06,8.367461416423734e-05
FLJ26332,-0.521803703157323,8.51458079610288e-06,8.422298903933742e-05
GC,-1.02574282789699,8.55201909240227e-06,8.450798153581638e-05
F2,-0.568192040339528,8.56419279529046e-06,8.459983121613314e-05
LOC100287482,0.628233447151727,8.60001019585826e-06,8.492510068410032e-05
ZBTB16,-0.776712959665065,8.68198468159854e-06,8.567348390108166e-05
BCMO1,1.0098326818126,8.68454160001777e-06,8.567348390108166e-05
CIRBP,-0.624919361601644,8.70699687642555e-06,8.586618261892418e-05
XLOC_l2_007543,0.66945427792461,8.75662576635896e-06,8.629769216021364e-05
IQGAP3,0.667100605744789,8.81907921339504e-06,8.67967514813307e-05
XLOC_l2_013293,0.575561228562455,8.84531413396728e-06,8.702580909575844e-05
MKI67,0.796523823665069,8.89122316185456e-06,8.741895827386477e-05
XLOC_012981,0.509097502403231,8.97032042122487e-06,8.810319771211276e-05
ARHGAP10,-0.507743542759322,9.0229930810395e-06,8.847771793980276e-05
LOC100506459,0.610982970464256,9.03655862495167e-06,8.855164550519495e-05
E2F1,0.644715969057986,9.04166945823232e-06,8.857219401284379e-05
LRRC52,-0.678966160042156,9.13999875548658e-06,8.93226257961394e-05
DNAH14,-0.504710221754271,9.22091201569947e-06,8.996818138027093e-05
PATE3,-0.776398056852587,9.29502342354044e-06,9.05710041017926e-05
ABCC5,-0.714916688895496,9.39666450970833e-06,9.150072120984373e-05
TNFRSF6B,0.816654286858168,9.42815271007448e-06,9.177693005752528e-05
HOXB13,2.06638710579706,9.46569793657995e-06,9.205093678365705e-05
RDM1,0.670036349829804,9.48406682909668e-06,9.219905920393425e-05
PLA2G7,1.21601584268185,9.49469606085384e-06,9.227186767075816e-05
LOC100288884,-0.536708779843571,9.52459114668175e-06,9.24401204156814e-05
CD274,0.549033961359575,9.64700852629326e-06,9.35047119296525e-05
ASCL2,0.863550410194463,9.76825608467535e-06,9.455517451134361e-05
SEMA7A,0.852743380905987,9.93809907480989e-06,9.610426311632545e-05
C20orf96,-0.540437371037547,1.00890699638346e-05,9.737195011401353e-05
ANKRD50,-0.560530901543292,1.01724837892534e-05,9.808036535386445e-05
SMAD9,-0.510891520012386,1.02270693077633e-05,9.85097059379049e-05
CCND2,1.01354855174459,1.02596657635792e-05,9.875894446775812e-05
FAM180A,-0.749810440084016,1.03847562387735e-05,9.983225919040746e-05
XLOC_013940,-0.853127690748562,1.04057998148829e-05,9.996915493945037e-05
DUOXA1,-0.735910396718442,1.04605155211157e-05,0.0001004291506483333
XLOC_002953,-0.737063898650045,1.06148044678932e-05,0.00010167792493560801
PUS10,0.547591269202356,1.07115672121282e-05,0.00010247120352539828
HPX-2,-0.931094934750557,1.0764654579734e-05,0.00010287859147617003
XLOC_004442,-0.592301891201754,1.08412575758973e-05,0.00010354334664948647
AGMO,1.72616978390918,1.08495568012107e-05,0.00010358894583300197
BATF,0.531689473507802,1.09371427685469e-05,0.00010432351563844736
JAK2,0.563472616301558,1.09443014525609e-05,0.00010432407755039239
WDHD1,0.624121330495485,1.09652794045411e-05,0.00010449015276934302
SEMA3D,-0.821491842357555,1.10023165808992e-05,0.00010477513923508285
TSPAN33,-0.630800834441612,1.10464888831322e-05,0.00010512766039426461
XLOC_l2_005490,0.63380298719156,1.10857738606014e-05,0.00010546737527204724
XLOC_012016,-0.792016170591279,1.10944047303251e-05,0.00010551532887210164
LOC100505606,0.739844484180542,1.11388893351389e-05,0.00010589820534061149
THAP2,-0.520413238369708,1.11449792298254e-05,0.00010589820534061149
FAM151A,-0.719459853936228,1.11454726118998e-05,0.00010589820534061149
IKBKE,0.504737134237734,1.11581049952739e-05,0.00010598396561121828
SLCO2B1,0.677707096016357,1.11951740148488e-05,0.00010626736884637485
ITGB8,0.727249645876919,1.12017815609893e-05,0.00010629575605888072
CCDC160,-0.699749646554833,1.12690194658072e-05,0.00010682415958953052
SLC17A4,0.96390189862702,1.12720062231909e-05,0.00010682415958953052
SLC8A2,-0.797462835104444,1.14343434452488e-05,0.00010822302259870266
LOC100130456,-0.523661318617462,1.15732496182874e-05,0.00010946722233093986
CYP4F12,0.614357161940486,1.16085176683773e-05,0.00010973017601745646
MEP1A,2.36080928413692,1.16511026960544e-05,0.00011006191129271832
ABCA12,1.50779472246793,1.16822386315737e-05,0.00011032057484083802
CHI3L1,1.39097296107444,1.18331019461393e-05,0.00011163762439587215
XLOC_010308,-0.776656373892304,1.18396663382568e-05,0.00011166370807082504
ALPK3,-0.605155739897474,1.18475645550717e-05,0.00011170235070402539
TCTE1,-0.695704378702305,1.19584100589409e-05,0.0001125668657309914
PRSS53,-0.510730009807006,1.19640256502052e-05,0.00011258366500423645
NLRC5,0.563483647313136,1.19926029927702e-05,0.00011277888701780168
BATF3,0.728387896870137,1.19962842254542e-05,0.00011277888701780168
SERPINB7,0.881900322528126,1.21676041842182e-05,0.00011427981839750862
ALDH1L1,-1.12221595146725,1.21923468279877e-05,0.00011447561935492094
LOC100506327,0.613517209462084,1.22295921054271e-05,0.0001146787660479552
XLOC_011298,-0.582070999644646,1.2252688105827e-05,0.00011485869156428833
XLOC_011088,-0.842250274407569,1.22590490181174e-05,0.0001148816749185058
PKNOX2,-0.723660668639901,1.23357518103597e-05,0.00011537971807856488
XLOC_000642,0.564079414610742,1.25977542257384e-05,0.00011753104799555558
ITIH6,-0.861473943934829,1.27378170555014e-05,0.00011861184018601873
BRIP1,0.533154918545365,1.28869854366094e-05,0.00011977315876378148
C4orf48,-0.745267456037914,1.30006974129969e-05,0.00012067735172872801
SULT2B1,0.781604889733173,1.30757485716555e-05,0.00012133247162256839
TM4SF20,1.86290957628735,1.30795314448175e-05,0.00012133247162256839
PTH1R,-0.516091110169716,1.30958229304493e-05,0.00012144526484065764
BEST2,0.545841381959805,1.31079295503471e-05,0.00012151919041817053
ADH7,-1.16362624445389,1.31209240038283e-05,0.00012160129757947212
ATP1B3,0.761109492636532,1.3351561987696e-05,0.00012350510031300285
XLOC_011052,-0.566856151901984,1.33647581004909e-05,0.0001235882665378309
LOC115110,0.557540875380261,1.33854418261388e-05,0.0001237405990520815
LRP12,-0.5716861638614,1.34233921790103e-05,0.00012405240545809896
FAM169A,0.556694559068032,1.35371964605818e-05,0.00012502549641218666
CIDEB,0.848794327143021,1.36728322456887e-05,0.00012608007343467196
FAM25A,0.985370274596254,1.38459270517694e-05,0.00012747622311948595
GPR62,-0.621724226930714,1.38704972049417e-05,0.00012764073794715777
XLOC_001638,-0.717381398361012,1.3901099958192e-05,0.00012786401426333224
MORN3,-0.587978790347286,1.4006685575715e-05,0.00012871434512167369
GRHL3,0.500581935499839,1.45166144430784e-05,0.00013281888706512704
NUSAP1,0.664596403906303,1.45684973891677e-05,0.0001331692072388368
ANTXR2,0.612766531161308,1.46224751777802e-05,0.0001335470497161172
SNAI1,0.585009358374031,1.46234655637153e-05,0.0001335470497161172
MT1H,-0.924184360953934,1.46723005979144e-05,0.00013393356122464898
XLOC_003156,-1.18354953164905,1.47039123771535e-05,0.00013411501456852485
XLOC_000503,-0.755505435561348,1.47487130437803e-05,0.00013444019197599735
SPAG5-AS1,0.809539054578725,1.47838805885613e-05,0.00013471897139120603
PCK2,0.757878233115926,1.4890268865098e-05,0.00013547839672058823
CLDN15,1.45333847536029,1.49420896271208e-05,0.0001357397619665614
ATP1B2,-0.611558659974847,1.5300204500392e-05,0.00013873570189988277
TTTY16,-0.858350654482102,1.53168972144444e-05,0.00013880141083505765
C17orf76,0.576293397294537,1.53588076109938e-05,0.0001391382978026775
ZBP1,0.840428340890243,1.54836798116186e-05,0.0001399706337465083
GZMB,0.624141312444563,1.56986318476731e-05,0.00014159954210768723
ECEL1P2,0.832523608662176,1.57027666982766e-05,0.00014159954210768723
CDX1,1.23739920555438,1.5758683294354e-05,0.00014205062477610475
LOC100505912,-0.53513436020876,1.57624570367115e-05,0.00014205062477610475
BDKRB2,0.593477711567685,1.58035880239434e-05,0.00014237763483986778
OR7A17,-1.11166383248698,1.58304346646475e-05,0.00014253259717060716
E2F7,0.513155553647738,1.58327897790576e-05,0.00014253259717060716
GCNT2,-0.551093621779041,1.58676325903953e-05,0.00014269756778042785
BLM,0.544518747766094,1.58682336840356e-05,0.00014269756778042785
CPVL,0.819278128781869,1.59966013113022e-05,0.0001436321782268711
PGAM2,-0.582711607310868,1.61243037064184e-05,0.0001446903930760989
STAT1,0.647736971617963,1.6344677147944e-05,0.00014639968668813725
CCDC102B,-0.526310584118002,1.63587294676917e-05,0.0001464366254718393
LOC100131864,-1.01693440429318,1.63591136855931e-05,0.0001464366254718393
B4GALT4,0.514966594227888,1.63737155063449e-05,0.0001464366254718393
APOC2,1.08063081704725,1.66015307574702e-05,0.00014824849161365367
XLOC_000709,-1.15122832576197,1.67238674734633e-05,0.00014911438631982386
LOC284215,0.81287590107366,1.68037627335282e-05,0.00014973589424285225
C8orf4,0.612956057060541,1.68144748189262e-05,0.00014978593088166208
PON3,-0.668864791605992,1.74021101499859e-05,0.00015445883814188633
FAM84A,0.79969980109893,1.74785575591704e-05,0.00015502146875170028
ATP13A5,-0.789974513792174,1.80451048952489e-05,0.0001595395736045652
BHLHE40,0.508855046988276,1.81513404258164e-05,0.00016038231883159723
LOC100132352,-0.502619954149559,1.81792419960048e-05,0.00016058057222079623
Q8E8P5,-0.557993351485958,1.82662035208632e-05,0.00016125178404059108
TGFB3,-0.842160607519695,1.83682711945856e-05,0.0001620068288915011
SLC16A10,-0.778295358541333,1.83880763590028e-05,0.00016208421956759878
KHK,1.02348196749422,1.84807875455565e-05,0.0001627549848333277
DENND5A,-0.514102152495182,1.85169554833234e-05,0.00016297582741656424
OVOL1,1.08661604170683,1.86104870335972e-05,0.00016365200267604862
SESN2,0.542732373815526,1.87009383195827e-05,0.00016434903568657188
CARNS1,-1.15450885683202,1.88483905181523e-05,0.0001652495526692899
C9orf53,-0.665106548920129,1.8858124103675e-05,0.00016528558042314373
XLOC_006309,-0.665305326980064,1.8945622041667e-05,0.00016593066517022167
XLOC_l2_013460,0.666073877569381,1.89486631383988e-05,0.00016593066517022167
ARG2,0.627629987473794,1.91096853967462e-05,0.00016719125764798375
XLOC_010902,-0.667514524359578,1.93339339405364e-05,0.00016910287221562017
GSTT2,-0.946558587970121,1.94789220699958e-05,0.00017026964955176577
DUSP5,0.925278176920498,1.95216355372061e-05,0.0001705922762912319
APOL1,0.71610862167849,1.95291417847209e-05,0.00017060713994333465
LOC100288637,0.577247469361113,1.99750932374541e-05,0.00017419229675439202
XLOC_l2_015722,0.568854757035242,2.01758226804402e-05,0.00017568209686897083
DUSP26,-0.673661117695553,2.03027746826431e-05,0.00017668283754027701
KIF1A,-1.06693065842476,2.04120692234514e-05,0.00017752882223699018
DCLRE1B,0.560520166227074,2.05997661611857e-05,0.00017894943184892858
DPP4,1.33731473033865,2.06836219675092e-05,0.00017957172300772832
TCOF1,-0.522394881901924,2.07491540526549e-05,0.00018003428972525014
NLRP14,-1.08975893896216,2.08020037610359e-05,0.00018043957689767504
CYP2J2,0.606648356944143,2.08481168012767e-05,0.0001807328780400943
S100A9,1.27845251249432,2.09917883375579e-05,0.00018192470529759705
CFTR,1.11324397316445,2.10514000592635e-05,0.00018233378866538042
NDN,-0.528311917800171,2.14871887337843e-05,0.00018583446218612508
UBXN10,0.547040425045044,2.15550519831522e-05,0.00018636653947657456
RSAD2,0.6372799267201,2.15798482700844e-05,0.00018652605322389424
SLC9A3,-0.692791207458759,2.17848279175512e-05,0.00018818710253997494
SCAMP5,-0.502781085487771,2.19817909678269e-05,0.00018977698970696147
PRSS33,-0.510490564178393,2.22561290156642e-05,0.0001919199294343719
ENKUR,0.564364861639,2.24690547322488e-05,0.00019361572019953923
IFIT2,0.54540591574366,2.24779103284355e-05,0.00019361572019953923
UHRF1,0.688230182862204,2.26396320711487e-05,0.00019488386271438723
CCDC103,0.60108541667819,2.28546282529074e-05,0.0001966769590326333
GOLM1,0.527518400903491,2.30843090553534e-05,0.0001982456502966628
XLOC_005082,-0.929364486346699,2.30881220517206e-05,0.0001982456502966628
KDM6B,0.570978671274642,2.33087938679988e-05,0.0001999996596183208
LAMC3,0.734331541575967,2.34375680112118e-05,0.00020104589863207602
GNA15,0.704259846545227,2.35068229753408e-05,0.00020158112448185453
ANPEP,2.61142013395989,2.36866369870731e-05,0.00020294227051870808
ANXA13,2.34493093503747,2.39971697886311e-05,0.00020524703892557938
LOC646999,0.693537838818036,2.40094107554305e-05,0.00020524900431130114
XLOC_008712,0.55298094586038,2.4381673859557e-05,0.00020768945837236556
TMEM59L,-0.780744162900411,2.44380837142679e-05,0.0002079891121329004
GALNTL1,-0.689892409491838,2.45293171224552e-05,0.00020870244705071205
C6orf97,0.801624693712006,2.45567419870778e-05,0.00020870244705071205
SIGLEC12,0.913108431396807,2.48301069291613e-05,0.00021083709402894895
SLC35G1,1.08608987449111,2.48962987649072e-05,0.0002112770511415226
DBP,-0.615906667460193,2.49931500593619e-05,0.00021197653504892572
SF3B4,0.633217263114636,2.52756746517322e-05,0.00021400216844284239
LOC100506957,0.806064833301777,2.52853300376633e-05,0.00021402225781879292
MAP7D2,-0.788730348772121,2.56172719925482e-05,0.0002163956278577196
HIST1H3B,0.641347182304529,2.59971776208974e-05,0.00021919294596113687
CD5,0.623236090454274,2.61531780383023e-05,0.00022037176911816398
LOC100505908,0.658766784860043,2.65668201155785e-05,0.00022364529062063047
XLOC_008440,-0.705091334731434,2.68353143180697e-05,0.0002257115675957162
ODF3L2,-0.501392852453141,2.68517310395349e-05,0.0002257850276938059
MEIS2,0.535135373043307,2.68744839912171e-05,0.00022591170924882384
VSIG2,-0.525380940566544,2.71310987043785e-05,0.00022787331486832677
SPATA5,0.828014166828594,2.74253443253023e-05,0.00023011526779439747
XLOC_009398,0.987696390394168,2.74306214274141e-05,0.00023011526779439747
ADH6,0.901975429678559,2.79075642937404e-05,0.00023346071718316052
CAMK2N2,-0.509802174869088,2.79868072226245e-05,0.00023392385968671467
ZC3H12C,-0.536298815867999,2.8137218939484e-05,0.00023511418544030588
FUT9,-0.52361053236425,2.81727535213857e-05,0.00023534419570394626
ADH4,2.4826175608897,2.82578835247198e-05,0.00023598825831897287
TDO2,0.943169535674674,2.83414759436544e-05,0.00023652271566472485
LOC100124692,0.824050337950031,2.84021802205512e-05,0.00023692400576825397
TSL,0.705087254343912,2.85474308551855e-05,0.00023800053843182737
SLC6A7,1.19104443071873,2.89217084873524e-05,0.00024077936799612247
KLK1,1.02314461134517,2.89302791046533e-05,0.00024078250986336766
UNC5A,-0.627573762777948,2.91331817827609e-05,0.0002424025895333458
XLOC_008925,-1.0580661474445,2.92634246481294e-05,0.00024334847865286553
CXCR2,1.10793807766729,2.95233400249317e-05,0.00024502454579290956
XLOC_012507,-0.679291718630625,2.95958766459799e-05,0.00024528020949578607
HSD11B2,0.694002200300591,2.9636948551243e-05,0.0002454821431860004
XLOC_007535,-0.930778360578355,2.98673304817112e-05,0.0002471813878334353
ATAD5,0.564023029871231,2.98896644984222e-05,0.0002472269800955901
OR4D10,-0.930679258864242,2.99491179330092e-05,0.0002476490370892725
UBD,1.61307846916097,3.02757367941008e-05,0.00025000554231643837
ALPI,1.22986618071026,3.02766341739555e-05,0.00025000554231643837
LOC401037,-0.66286014298817,3.04357094498559e-05,0.0002512484913798779
EPHX4,0.9125100721337,3.05380466511902e-05,0.0002520224978896876
HOXB6,0.926554389217249,3.08565768010531e-05,0.0002542941892959474
CHODL,-0.826756734533574,3.09483136553873e-05,0.0002549787052718032
XLOC_006193,-1.04860530829314,3.11758980231534e-05,0.0002565660294327729
ARSD,-0.511545682050119,3.13585018728292e-05,0.0002579243361429344
MAL,-1.19423584049365,3.15195229037788e-05,0.0002591762000828907
C20orf141,-0.536462182478857,3.15550204787051e-05,0.00025939550820368827
LOC729291,-0.625511250896843,3.17668701871471e-05,0.0002609909927480791
LOC650368,-0.502961732276712,3.17801207185216e-05,0.00026102688308438034
HES2,0.921006432236186,3.21891666761656e-05,0.00026401764730090837
GLOD5,0.557223704882278,3.24987183378099e-05,0.0002663336125241376
ATP6V0E2,-0.583406551150757,3.32036597754271e-05,0.00027158061605350725
ABCG8,1.4913207034129,3.32896142384847e-05,0.00027213217892645017
TMEM163,0.901846658917303,3.35267186528542e-05,0.00027391804497361115
GJB3,1.09229204504462,3.38241027845952e-05,0.00027611915649552906
CTTNBP2,0.691976773466491,3.42837100135413e-05,0.0002795587319306192
XLOC_005116,-0.648893655075913,3.46634731867062e-05,0.00028249865502244086
TEKT5,0.857437091583993,3.47072471429034e-05,0.00028277698337556
CELA3B,-1.53212276501946,3.47518564082015e-05,0.0002830619612317699
XLOC_007855,-0.587148079516085,3.50997335829419e-05,0.0002853419005630696
CELA3A,-1.57973068495834,3.55094561672585e-05,0.0002881645302944643
XLOC_l2_004854,-0.525534646430733,3.60436306995888e-05,0.00029196533048498225
SYDE1,-0.673466337971123,3.60993948948781e-05,0.00029225592759522795
PSTPIP1,-0.53920901597419,3.69724565750798e-05,0.0002986659026466314
RIMS3,-0.559454215996736,3.70093965021552e-05,0.00029881444500247796
XLOC_013182,-0.742187077010499,3.75252885715432e-05,0.00030238365246518
FAM111B,0.637322643930014,3.76888818014464e-05,0.0003034522899673717
LOC338620,0.646431226705393,3.77898468538889e-05,0.00030418187327912544
NCF2,0.865115737798251,3.78855407410588e-05,0.00030478518239754614
MIA,1.33801479792424,3.82973489992655e-05,0.00030784532067571515
PRRX2,0.822703360745004,3.89780919592349e-05,0.0003124626749858143
LOC100506995,0.881413331581122,3.91375611462687e-05,0.00031365548049264917
OPN1MW,-0.920095824281955,3.92087561753151e-05,0.0003141403834460633
SPINK4,2.46021314426687,3.93252184410192e-05,0.00031490177644268995
TRIM40,0.685792134475999,3.94889611386204e-05,0.0003159356463556777
S100A3,0.778195727480278,3.94973310436491e-05,0.0003159356463556777
FZD8,-0.657804670448151,3.96567511653908e-05,0.0003170382489794627
CDH16,0.964827835359511,4.02536974924327e-05,0.0003214607776922859
OR1J4,-0.665080163642664,4.07317967355581e-05,0.00032457322192640497
CCL20,1.50585157261677,4.08994761492687e-05,0.0003258210368866111
TAS2R31,-0.67263199922921,4.09906003867448e-05,0.0003263700255122342
FAM189A2,-0.504244122114033,4.12021274944412e-05,0.00032796536370710674
RASSF10,-0.586962402809534,4.15740418871013e-05,0.0003305502735154412
IFIT1,0.814624440305052,4.1627183704501e-05,0.00033081116135962014
XLOC_012343,-0.727778789935892,4.18170817250433e-05,0.0003318715629855718
ASS1,0.631084425280974,4.18676433732797e-05,0.0003321831272823822
SCN2A,-0.570688153988624,4.2049827443886e-05,0.00033335859965495597
XLOC_001289,-0.575521522818484,4.22412291344512e-05,0.00033442490350303123
PYCARD,0.546883920122318,4.22856085707881e-05,0.0003346860933687909
GPR128,1.91936327315988,4.27564414396404e-05,0.0003380485071369793
PTPRN,-0.619484121738005,4.34247146996679e-05,0.00034268676573411395
PML,0.514605560966342,4.37380581266548e-05,0.0003449729691153687
ADAMDEC1,0.901259653014141,4.38114746108065e-05,0.00034527530594325053
CHST5,1.20059636836575,4.42833756846696e-05,0.0003489007626329947
GAST,2.36821094904898,4.43097490597802e-05,0.0003490149840173735
VSTM2L,-0.659127073844358,4.57493439683926e-05,0.0003591989635434469
HES5,0.506408596384657,4.58081943184025e-05,0.00035937298842210697
HIST1H1A,0.853634756548301,4.58337132996114e-05,0.0003594772261673285
APOL2,0.561143249422095,4.58910333004321e-05,0.0003598307595072301
SLC23A3,0.672346594791438,4.62352124705666e-05,0.00036233611308933634
NPNT,0.837816831141109,4.69071849708326e-05,0.00036740627716493296
LYPD6B,-0.723820935942038,4.71132051720798e-05,0.0003686149740013043
KBTBD10,0.558139817664855,4.71364094512254e-05,0.0003686149740013043
CXCL10,1.17574161341143,4.72228005521555e-05,0.00036918958835508006
PHGDH,-0.628900797582805,4.74781500234299e-05,0.00037039763018013216
LOC100507047,0.502004881866419,4.79926032688375e-05,0.00037391479980503615
AQP9,1.15691401642082,4.81225784036835e-05,0.0003748280768956933
LMOD2,-0.784575015592892,4.85927549526767e-05,0.00037808945791614057
DTL,0.630014639802022,4.90611192211949e-05,0.0003811282505081881
KRT14,0.573135986924212,4.91732867037343e-05,0.0003817977674106588
HSPA4L,0.797566954307826,4.97180597463891e-05,0.0003855182954688345
TAS2R39,-0.62226105292936,4.97797938250059e-05,0.00038589516774710454
SLC26A3,1.85917919283851,4.98391646305268e-05,0.00038625352588658274
KRT6C,0.714460682843974,5.01644502337091e-05,0.0003884671576991418
KLHL3,-0.518637015923487,5.03326225979298e-05,0.0003893405791650914
RAB42,0.677360306306089,5.04272222436727e-05,0.00038988561097002194
KLK8,1.5580899783358,5.05820016206412e-05,0.0003909794486132045
OR56B1,-0.949035614151193,5.07619732111613e-05,0.0003922673859399443
LRRC26,-0.558431019495091,5.13930507688978e-05,0.00039641442939537233
VAV3,-1.09376104332424,5.1575307454518e-05,0.00039753966693307726
LGI3,-0.805714609832776,5.15795137476461e-05,0.00039753966693307726
ENTPD3,0.796084830150207,5.17265156282807e-05,0.0003984636543339222
KLK7,1.55948619419898,5.19092543124965e-05,0.0003995687716069464
F2RL2,1.00966157038659,5.19107652781857e-05,0.0003995687716069464
NUDT13,-0.531982718635925,5.22238911372221e-05,0.00040155827125606567
TMEM158,0.82610823357341,5.24102645582321e-05,0.00040246481704659656
HOXA11-AS1,1.68070160192232,5.2424441970994e-05,0.00040246852158922977
DPRX,-0.60264688240059,5.26113669039884e-05,0.00040369265028052505
ETHE1,0.613580837494886,5.26302608382747e-05,0.00040372878601479655
XLOC_009934,0.830641882974961,5.28127829426722e-05,0.0004048153534479005
BRD4,-0.513192649025974,5.3123714925058e-05,0.0004069863749263828
HNF4A,0.550559473808735,5.35128664959277e-05,0.0004094340329555645
LOC100507800,-0.609852897288918,5.38921948523203e-05,0.00041190736601300103
SDS,0.66973982645394,5.41001892040284e-05,0.000413282131616321
XLOC_006297,-0.667301150236738,5.45250993456245e-05,0.0004162035375504449
GLIS2,-0.532916723315499,5.50095064666312e-05,0.00041968311942922065
CASP14L,1.21383267064728,5.65622264638631e-05,0.00043052336475524704
CXCL2,1.14827719288192,5.65820886398178e-05,0.00043056302976358506
ETV4,0.717113335077117,5.68183096809535e-05,0.00043202496375261616
XLOC_l2_012931,-0.576702178381848,5.70882552686189e-05,0.0004338024230289418
RHBDL2,0.504001819826306,5.70963581147389e-05,0.0004338024230289418
KIAA1841,0.51678423682285,5.72060135212371e-05,0.00043434115184403396
MSX1,0.790439866792033,5.75801707393179e-05,0.0004365689263496394
LOC389634,0.641235477694842,5.77362778784501e-05,0.0004371949843576118
MMP3,1.25357769467717,5.79546055707503e-05,0.0004386221860708755
FLJ22763,2.2141633809922,5.80886605976589e-05,0.00043929736429336073
TSPYL5,-0.586228625980858,5.83711040591932e-05,0.0004413197854621996
NAA15,0.51564520226757,5.90873656469814e-05,0.00044639061738650115
PSMB9,0.617562840093109,5.98046656221049e-05,0.00045065115725703047
PDZK1,1.48615654467193,6.02097834899149e-05,0.0004528909949325874
LOC100132057,0.553935258993973,6.07405081784012e-05,0.0004560659311054814
ZDBF2,-0.573836577027258,6.07580632561804e-05,0.0004560812165958186
NR5A2,0.705410977269242,6.08644898783626e-05,0.000456763439362952
NTN1,-0.572961046988391,6.14055368012028e-05,0.00046023614269669673
HCK,0.651907887629103,6.14438338441687e-05,0.00046040575956461747
MOGAT2,0.982375751017801,6.17642131758672e-05,0.00046245266160825106
LOC100507025,0.57479948648822,6.18516918184484e-05,0.000462989689037331
TFAP2B,-0.809026400606533,6.20083222610006e-05,0.00046380773087459554
C19orf45,0.623880419193132,6.30521706333272e-05,0.0004706571477196393
XLOC_005851,-0.929934680716025,6.40151089141939e-05,0.0004776024424397894
PDE3B,0.685249392515104,6.46627947230583e-05,0.0004818230758928087
ARHGAP11A,0.618238401371766,6.48739128846712e-05,0.0004830859913553787
HOXB3,0.613196779880124,6.48815981992541e-05,0.0004830859913553787
XLOC_003824,-0.800793164112261,6.5018343794147e-05,0.00048385897377118065
GATA5,-0.789276498679128,6.53807797849241e-05,0.0004859409095395421
NOD2,0.692379429000865,6.5478895131688e-05,0.0004865470973780144
ANKRD30BL,0.591407806900052,6.56388980643529e-05,0.0004874894961625482
LOC100506767,-0.500042172284951,6.57739085687064e-05,0.0004883687784277776
TMPRSS3,0.716449111491054,6.62746140888351e-05,0.0004915896917826063
P2RY6,0.68346936978427,6.6672101585808e-05,0.0004944132529406323
SLFN11,0.650051759572031,6.80848019875094e-05,0.0005039990329493517
XLOC_004607,-0.990451440821135,6.84889866389019e-05,0.0005066081901193176
ZNF300P1,-0.802925668513503,6.89093666374069e-05,0.0005093331153772923
AGT,0.911257055978935,6.96903739530726e-05,0.0005142005296843831
LOC100507149,-0.674142980748852,6.97856035165213e-05,0.0005147739247348212
MYO1A,0.597446762580601,7.09785689454593e-05,0.0005222170025513534
HOXA9,0.538822014167693,7.09900954536769e-05,0.0005222170025513534
CEMP1,-0.534597263966508,7.1638761085148e-05,0.0005264615930908551
KCNJ10,-0.74179549703354,7.22772081027154e-05,0.0005306670523817756
MLXIPL,0.951878032582128,7.26862516798703e-05,0.0005332260520139861
FAM20A,-0.841669739361926,7.29126259672835e-05,0.0005347532448032262
XLOC_l2_007427,0.507932041966161,7.37449467376086e-05,0.0005399628455362173
XLOC_004682,-0.656282439377173,7.375156056834e-05,0.0005399628455362173
XLOC_l2_003909,-0.773298413963849,7.38527082762349e-05,0.0005402486695545798
XLOC_l2_013120,1.04453328784696,7.40600525729505e-05,0.0005414121455258381
LOC100507210,0.719485425087424,7.42155046258766e-05,0.0005424136408717388
C9orf169,-0.646006014117371,7.45169534783825e-05,0.000544481409453681
PRICKLE2,-0.620977377882043,7.46488678326582e-05,0.0005451969928020621
KRT26,-0.65035078615289,7.53307064041721e-05,0.000549197348296425
TRIM58,0.897012231533923,7.54439808798075e-05,0.000549751477831833
XLOC_013968,0.825259927652762,7.56914745999755e-05,0.0005514182091085969
SUPT16H,0.515583219446289,7.60437767497813e-05,0.0005534359859144559
CRIP3,0.697440933753859,7.6962152466241e-05,0.0005594270929205764
LOC201651,1.00406161627259,7.75759769491555e-05,0.0005628768595279496
NEU4,1.22896925918844,7.76091273583521e-05,0.0005628768595279496
TFPI2,1.00957645254865,7.80003509983971e-05,0.0005652957620569405
SLITRK4,-0.752867540061971,7.83458140713028e-05,0.0005675195425012192
CARD9,0.510462009514261,7.87885564560467e-05,0.0005704454538384579
KIAA1211,0.737598673807949,7.91212538665574e-05,0.00057257212721753
LOC100507218,0.812947909028607,7.91579369104049e-05,0.0005726965657122056
RAMP1,-0.678388615165441,7.92681345194854e-05,0.0005732115987349008
FERD3L,-0.796996019623239,7.94435288923353e-05,0.0005741973504889203
PLEKHN1,0.706934174679568,7.98028466077108e-05,0.0005763691462539703
MILR1,0.745574841313835,8.07495550019862e-05,0.0005822050840035256
BHLHE41,0.670257272349099,8.15664541817445e-05,0.0005876624063479057
LOC157860,0.734500589104879,8.3318510530612e-05,0.0005999912735784429
DDX60,0.697488958399225,8.34717326890674e-05,0.0006009473983993906
SLC30A10,0.960698897940294,8.4095738996818e-05,0.0006049952454439382
GSTT2B,-0.879504069108934,8.43458314710983e-05,0.0006066459361900727
LY6H,-0.819568282164063,8.51686992541893e-05,0.0006118156278861194
XLOC_l2_012319,0.541166070251136,8.52028385389374e-05,0.0006119112949614595
XLOC_l2_000566,0.633844440142198,8.56784174613738e-05,0.0006147259112194466
LOC100505923,-0.7148145620868,8.59028020590519e-05,0.0006155843811049542
XLOC_012002,-0.749054251183074,8.79891260748522e-05,0.000628389899656806
PRSS12,0.614317063002008,8.92612914290163e-05,0.0006365471566406045
XLOC_l2_013730,0.542884223706076,8.95273674876915e-05,0.00063828973210293
CMTM2,0.84487149979197,8.96010932924979e-05,0.0006386604243705865
XLOC_003912,-0.704148145584092,8.99704125275935e-05,0.0006409819353602225
LOC100128398,-0.512887665296101,9.04305108345006e-05,0.0006441036966563993
KIF13A,0.674672530141165,9.12556970975122e-05,0.0006495089431585587
XLOC_005548,-0.733090647927882,9.25905697165825e-05,0.0006577354756661654
LOC100131170,-0.675929980862239,9.39094458393327e-05,0.0006662990811990123
LCTL,0.565408628071569,9.48979303442746e-05,0.0006718526564580924
LOC100507429,-0.543778624968001,9.49468264296122e-05,0.000672036930422313
XLOC_003345,-0.767652885137225,9.52394746084593e-05,0.0006734594994690573
SLC18A2,-0.604820536796476,9.53463092373662e-05,0.0006740527630184551
ISX,1.45828603525618,9.60991221974808e-05,0.0006788848565239341
SLC25A47,-0.888677688069953,9.62219391200482e-05,0.0006795891244556541
GMPR,-0.566115654675403,9.66180280349121e-05,0.0006820587576002874
SRPK3,-0.583686695902844,9.72068485868596e-05,0.0006858859222738608
ORAI2,0.501326209330548,9.72903134719953e-05,0.000686310065366058
XLOC_008151,0.511742103367371,9.75792482234257e-05,0.0006878529495778447
KREMEN2,0.684579162360032,9.79157382340032e-05,0.000689563315413584
NOS2,1.59648738771649,9.88251845921772e-05,0.0006951351184286509
ID4,-0.659643635184088,9.92748768809341e-05,0.0006981311514182559
CHP2,2.87867512676485,9.96368960913155e-05,0.0007001743429774222
C14orf34,1.12491996780744,0.0001001563867383,0.0007031523873543145
CA8,-0.500230829791731,0.0001003095132375,0.0007040592249877358
MTTP,2.17600383941656,0.0001009347146062,0.0007070963987716343
XLOC_009023,-0.652754215611573,0.0001011149374536,0.0007081901291435646
XLOC_l2_014191,-0.535936101310853,0.0001016464920098,0.0007112350255200007
LOC100653325,-0.673972394262546,0.0001019083859941,0.0007127281407888175
PACSIN3,-0.518096647998961,0.0001022603633346,0.0007150196425594157
XLOC_010813,-0.842821113381943,0.0001023309861416,0.0007153432494598813
ELOVL5,0.549301914678817,0.0001029754762315,0.0007186539207334644
MX1,0.543849410354383,0.0001032165403318,0.000719992330232836
XLOC_011721,-0.522672209314298,0.0001032888895058,0.0007203260286655079
TFRC,0.524322233208431,0.0001036424821062,0.0007226204659874271
HOXB5,0.808854508842452,0.0001050213544315,0.0007301555628182924
S100A12,0.997690377074386,0.0001051935824442,0.0007310070940813784
NWD1,-0.581537282536013,0.0001053776886621,0.0007319403248408875
LOC100134937,-0.510960259724477,0.0001060156104449,0.0007358494945098539
ZG16B,0.622578148807904,0.0001065254845768,0.0007390394099959864
CDT1,0.615487553096045,0.000106708557433,0.0007399601429544606
LOC723809,-0.668869965415863,0.0001067340617599,0.0007399623984430152
GPR172B,0.968488522586997,0.0001069461880407,0.0007410833704645346
PAX6,0.565596783564619,0.0001071314470025,0.000742192117989031
CCL3L3,0.740555013591997,0.0001077412582074,0.0007460650556548235
LRRC3B,-0.515367597736375,0.0001080634920296,0.0007481201186727644
NFAM1,0.759951104899078,0.0001103865728235,0.0007624067220063498
XLOC_013263,-0.732762421237479,0.0001109494013159,0.0007655743145977153
WDR76,0.509874619689922,0.0001115334534478,0.0007683415681959555
REEP6,0.808597953631478,0.0001115639303805,0.0007683714052079059
CTSL2,0.56826191128539,0.0001117406893822,0.0007694084769362919
OR52I2,-0.598010847493684,0.0001117919528516,0.0007695811455616821
LOC100507309,-0.546397826354009,0.0001127498315514,0.0007758117653084859
LOC100128792,-0.646614683511478,0.0001128387760877,0.0007760675958511798
XLOC_007506,-0.521189022662224,0.0001131614411485,0.0007775516559439135
ANXA9,0.688160465470772,0.0001140821455839,0.0007833285267335638
XLOC_l2_006821,0.51209700862773,0.0001154390790997,0.0007909824333369045
GUCY1B2,0.733932994036063,0.0001166531116779,0.0007987422287954625
P2RY2,0.726554160516835,0.0001174083724386,0.0008028203500962455
SSTR2,-0.716737434498811,0.0001177223665706,0.0008043768678857923
PROCR,0.526414252990254,0.0001180818516401,0.0008060834973285154
XLOC_l2_009947,0.858611320777872,0.0001183978316115,0.0008074902472496547
SOSTDC1,-0.853361914828397,0.0001188965658384,0.0008105154898768033
LRRN1,-0.570104772733838,0.0001195840023149,0.0008146348307905149
OTOP3,1.0950058701261,0.0001197326079435,0.0008154581418872718
HELLS,0.559139543167275,0.0001199909367342,0.0008168389272051585
EHD3,0.565534654587033,0.0001220813228835,0.0008297238475717619
XLOC_005788,-0.511454015926547,0.000122842720352,0.0008345126827796061
KLK6,0.932180165325708,0.00012302563565,0.0008355621401622833
C1orf38,0.57072582771481,0.0001234627890261,0.00083814378468446
C5AR1,0.800959145547798,0.0001250591775552,0.0008481973482557622
FBLN1,-0.689593611386965,0.0001262181220943,0.0008545618206274683
XLOC_007700,-0.601528470599449,0.0001272970554918,0.0008603969334850548
LOC100507333,-0.560295223847677,0.0001289754108766,0.0008707395761179693
CXorf61,1.50418408294362,0.0001299355161221,0.0008766172974738922
DGAT1,0.597761606306835,0.0001300419754692,0.0008770328613785595
XLOC_008840,-0.643204904735283,0.0001305002562253,0.0008790147902702537
TAAR8,-0.892905667673976,0.0001325459386304,0.0008897350489881669
OR51F1,0.549623900043045,0.0001326791340602,0.0008902224638724104
XLOC_005010,-0.624706388695618,0.0001336240914,0.0008963580913177813
LOC100131860,-0.641513628279907,0.000133894644644,0.0008975583523717774
CXCL5,1.70280857846625,0.000134324617789,0.0009002353175788215
KIF5C,-0.536037893165505,0.0001350921611072,0.0009051729207976274
C3orf15,-0.513009736792346,0.0001362610590721,0.0009111353820275028
FPR2,0.668960048494899,0.0001393055028433,0.0009302227033762555
LCN2,1.4837692431893,0.0001408634655855,0.0009395586760387368
LOC100507613,0.748817235849138,0.0001413898609315,0.0009424280410648497
PKDCC,0.503601595495944,0.0001421719978671,0.0009472116693081693
FCGR1B,0.812641525249168,0.0001434734746993,0.0009553688284383833
FMO2,-0.710274356340297,0.0001437762953481,0.000956182354247321
PLB1,0.509404373330438,0.0001442870999413,0.0009593459939083539
XPNPEP2,0.799961043630903,0.0001475796171849,0.0009794647221837943
XLOC_002541,0.531580718599352,0.0001488450803987,0.000986081880693642
TLR1,0.517974398172238,0.0001500696161091,0.0009935223875229176
LOC440925,-0.524591328292012,0.0001502819835913,0.0009944802823195506
TIMP3,-0.66121499895009,0.0001519374633251,0.001004756564400999
CLEC4A,0.630219612743539,0.0001521162474557,0.0010057125489827021
KCNG4,-0.502450643582384,0.0001543653650351,0.0010187490113746955
LOC100288911,0.538349488649431,0.0001544595334836,0.0010191416187732459
PLTP,-0.708266064898789,0.0001545541065532,0.001019536719053971
IL17C,0.694952602559384,0.000156639959124,0.001031922180076678
SNORD27,-0.561125048710313,0.000156642331745,0.001031922180076678
FAM40B,0.561773533690031,0.0001577887364405,0.0010381406139495417
XLOC_011014,-0.797288764418382,0.0001577982211281,0.0010381406139495417
VIPR1,0.568212640172981,0.0001601906966023,0.0010517614369411066
XLOC_006870,-0.525190355525398,0.0001623500669617,0.0010642747641914877
XLOC_l2_012855,-0.709426074326502,0.0001650758794195,0.0010802159751459063
XLOC_008426,0.780740158115465,0.0001667425609128,0.00108990889237219
ARPC5,0.535135885962152,0.0001676222399908,0.0010944417660185802
ZNF404,-0.504219921154336,0.0001680867439557,0.0010969871710793052
XLOC_005342,-0.6046249302107,0.0001694180107447,0.0011046941423929985
ABCG2,0.877508405549396,0.0001698156862355,0.0011065506401527437
ABCC13,0.61855988331194,0.0001717119889647,0.0011161848997333782
SLC7A9,1.6790339967408,0.0001769360332619,0.001145494934860403
OSGIN1,0.509889739679929,0.0001771183893712,0.0011462574822375744
DAND5,-0.761757356115451,0.0001778408700388,0.0011501733029710068
KCNE4,-0.825247104257745,0.000182250831772,0.0011748162851755947
BDKRB1,0.657716507754829,0.0001829793170279,0.001178736556075389
ACCS,-0.521656480814616,0.0001853817492861,0.001192122286218798
BTNL8,0.819709956096777,0.0001856323364292,0.001193211527336249
DNAJB13,-0.719147571179878,0.0001867509006544,0.0011993521565628294
XLOC_012638,0.655773971949775,0.0001889644829705,0.0012117146466369309
HOXB9,1.49468088363685,0.000190390123442,0.001219791791522454
ARL9,0.778691160045411,0.0001919102172703,0.0012281919566941588
TUBB3,0.736820904399395,0.0001923243565487,0.001230306528135219
HOTTIP,0.805371237942814,0.000192589490066,0.001231198593443465
NRG4,-0.6060121737653,0.0001935773171019,0.0012360964017162003
RASD1,-0.606682315312017,0.0001936079943208,0.0012360964017162003
ZNF503-AS1,0.548183558478398,0.0001938458385354,0.0012373461127016365
LOC100507307,0.673526800966731,0.000194666486431,0.0012415057949727057
ULBP2,0.60457240255975,0.0002001329567553,0.0012726779553877217
SCEL,0.793162098617151,0.0002006354428337,0.0012753064029559333
MEP1B,1.52599746022716,0.0002017703905259,0.001280973911595409
MYEF2,-0.522523036021815,0.0002028573697084,0.0012860551767201575
SMOC1,-0.513995092553187,0.0002031956750808,0.0012875192969544094
BCL2A1,0.610609828827889,0.0002035344903272,0.0012893881443707164
CRTAC1,-0.565142604079356,0.0002040465247217,0.0012922607970602712
LOC645638,1.03663433731632,0.0002041198659301,0.0012922607970602712
XLOC_013923,-0.51005722766555,0.0002045277006099,0.0012945638736859232
PROC,-0.607060367599796,0.0002072225908801,0.0013088023857262794
TNFRSF9,0.678406577008366,0.0002099379687561,0.0013233927554277705
RPL39L,0.573520275034679,0.0002110248253882,0.0013285341834850947
CATSPERB,0.739881163966627,0.0002116749829532,0.0013320566164943559
XLOC_l2_013425,0.508036230511832,0.0002118021764893,0.0013325716897168807
LOC100128511,-0.522504974092254,0.0002123535901892,0.0013354691436936036
XLOC_004100,0.696814438449284,0.0002147012752151,0.001348213905132769
MLN,1.78756004396813,0.0002148162507071,0.0013486477196710648
GABRB2,-0.58762680118708,0.000215576402863,0.00135284205153488
TINAG,1.04100707364362,0.0002165348622193,0.0013576971476212478
FOLR3,-0.702511734005535,0.0002199324853559,0.0013769441584233467
RRAGD,0.605045447082557,0.0002208351452688,0.0013820066544206761
LOC100131094,-0.905710314250425,0.0002212738562995,0.0013844573321119239
PRTN3,-0.556008592438012,0.0002226022386896,0.0013909918330023315
EREG,0.52831204516422,0.0002233245600395,0.0013949122572669132
KRT17,1.23556254647304,0.0002258245674611,0.0014096287996063735
ZNF334,-0.571307482562024,0.0002269102130117,0.0014152031706256027
C6orf141,0.703290920328874,0.0002291284996178,0.0014269184884017601
REG3G,1.65941959087006,0.0002293504905274,0.0014279983507667863
XLOC_009126,-0.745505701593808,0.0002298618258662,0.0014302729914367745
TFAP2A,0.562357436654315,0.0002377874329849,0.0014761506296071484
XLOC_002153,-0.614382935580664,0.0002403138528997,0.0014905748225024027
DSG3,1.15384035698321,0.0002421292919072,0.0015004506928311453
HOXC6,0.857839943689475,0.000242728127557,0.0015036454917042824
LOC100131366,0.524607508936771,0.0002461779309153,0.0015230899018397553
MC5R,-0.646230445672606,0.0002470235050746,0.0015273567782731633
LOC100507525,0.603886549725047,0.0002474181528903,0.0015294751108834953
CA1,1.94588102707886,0.0002502970697877,0.0015449969096662313
LOC100507334,-0.784240678569645,0.0002559893691886,0.0015731943918265534
AK8,0.718967061806691,0.0002579764806148,0.0015840812395126916
KRT6A,0.713409650179548,0.000258396145179,0.0015859953873267442
XLOC_007123,0.929108032167958,0.0002595018845986,0.0015917848851145183
ADORA3,0.507003358880559,0.0002633907887249,0.0016139550665236367
PFAS,0.566043112519971,0.0002660821556163,0.0016277315547984649
ADAM8,0.520623886246806,0.0002674615750263,0.001634468863978562
SYT16,0.514355893178176,0.0002678862086555,0.0016360432044820936
ATG9B,-0.556508418837257,0.0002709713030288,0.001651795198799082
FCGR2C,0.589501596199267,0.0002730640984608,0.0016622714914273147
XLOC_000371,1.03288909935837,0.0002751879444415,0.0016719502400758322
CYP4X1,-0.720647160270067,0.0002760017901486,0.0016758554977039375
GLYATL1,-0.501370976174997,0.0002775418403545,0.0016834674105960876
XLOC_014243,0.619409173029816,0.0002837192446426,0.001717746428009215
XLOC_l2_009668,0.518294710635763,0.0002840679926044,0.0017195036388585184
FLJ25917,0.577398452412366,0.0002854048523668,0.0017265289833996538
KRTAP25-1,-0.622602358464317,0.00028665569572,0.0017333822193043948
FABP2,1.3064274597778,0.0002871957242238,0.0017362904635854833
INSIG1,-0.544531487491751,0.0002885591247607,0.001743881940665926
DDO,0.576351670678774,0.0002891838447793,0.001747231667428879
LOC286186,-0.576840684317653,0.0002898664764649,0.0017495729185089104
SYNDIG1,-0.804764884691257,0.0002913744010696,0.0017572154522128884
HOXA11,1.20427570173815,0.0002927553396986,0.001765181354752248
KBTBD11,0.747551224261904,0.0002956245751231,0.001779925223052174
FLJ36000,-0.556818112398589,0.0002967891098444,0.0017862048658831102
DPEP2,0.517525181928112,0.0002975286099335,0.001789816929123762
RERG,-0.506457474737178,0.0003029563919951,0.0018173673092369872
SFTA2,0.719914459835091,0.0003039268078043,0.0018213297364911847
TMPRSS15,1.74325449647172,0.000312674427995,0.0018665196201334672
HOXC4,-0.536492328289576,0.0003141172029735,0.0018743708347178107
HOXA10,0.662311487197995,0.0003143593640995,0.0018746739026290799
CRYM,0.519449178579672,0.0003159337358385,0.0018836803872635094
DYX1C1,0.523821462745039,0.0003197250067382,0.0019043531613340539
BTBD16,1.03719441518924,0.0003212802607805,0.0019109055462087298
PAX4,-0.577540212693819,0.0003216630710779,0.0019124083214317872
CXCL17,-0.895619907116673,0.000324468614146,0.001927138971811368
CEACAM18,0.513847920906688,0.0003255835281512,0.0019329795404661547
LOC100130580,-0.516127607339433,0.0003272386928804,0.001941629458180738
IGFN1,-0.522625971486327,0.0003278440422703,0.0019448285656519127
XLOC_006390,1.32758036583194,0.000330100515928,0.001957029243916091
GALNT8,0.801406681426761,0.0003326828018364,0.0019697213571972187
XLOC_008877,-0.549478595379646,0.000332710521884,0.0019697213571972187
TDGF1,-0.507145601389509,0.0003331962334062,0.0019721995785179063
NT5E,0.572801452819117,0.0003360176354555,0.0019868986460294235
TRIM31,0.738682127520621,0.0003423250419907,0.002021347866992705
GSTM3,-0.522515562500514,0.0003441399994542,0.0020308406232851465
GBA3,1.96043490231598,0.0003466891536681,0.0020450623942188124
BST2,0.63122335823587,0.0003491688830937,0.002056387802877286
HRG,-0.715877061556811,0.0003508996066138,0.002064925438359302
ADRA1B,-0.569074228747943,0.0003539027836235,0.0020796830644126013
CSGALNACT1,-0.504830474800907,0.000357012539452,0.0020958618676419046
XLOC_006705,0.510615795646983,0.0003571507586599,0.002096254542739593
XLOC_004693,0.737715272572939,0.0003581502446863,0.002101701156318088
FGL2,0.603885217881301,0.0003586586479946,0.002103424535475016
NPTX1,0.937793118390111,0.0003653408918558,0.0021387725358283367
SERPINA3,1.22452811998113,0.0003660801621144,0.0021418203870631073
ARHGDIG,-0.793933408362206,0.0003682415364716,0.0021518954610911475
C6orf222,0.744127759056903,0.0003695031753059,0.0021584097228960026
XLOC_l2_005553,0.918007078656995,0.0003704511197145,0.0021630871262010186
FAM107A,-0.548144459796812,0.0003716008356808,0.0021685078155256853
MUC20,0.72958360990445,0.0003738348659208,0.00218024588999414
SI,2.17699662774631,0.0003785197565421,0.0022051403583084627
NEURL3,1.04193369512983,0.0003807395048827,0.0022161165714978783
LOC283663,0.729987823083231,0.0003810136639466,0.0022172731794183526
TM4SF4,1.45583728569418,0.0003885717714943,0.002256787988275591
EDN1,-0.545298855753623,0.0003901289852014,0.0022653844333330848
PLVAP,-0.51131519751414,0.0003904385095897,0.002266733883805236
TMEM176B,0.574813089133775,0.0003906295572002,0.0022673951070510527
CNDP1,1.20252627443866,0.0003914108076084,0.0022710327372153327
GAS2,-0.656847869165293,0.0003950619497163,0.0022899567215508136
NUAK2,0.500598829956814,0.0003953630490287,0.002290894192525611
CECR6,0.530045314186958,0.0003968615716513,0.0022976690046667466
LILRB2,0.718686628379546,0.0003981552834165,0.0023042511754714653
CXorf65,0.575451380132942,0.0004000354716242,0.0023137654871269414
FLJ35424,0.606103428058841,0.0004004202084606,0.002315535042550199
PDLIM4,0.514882550000726,0.0004013768887768,0.0023201542107341854
FAM129A,-0.52168354490072,0.0004049593534131,0.0023369861496801048
XLOC_009738,0.512947202700785,0.000409215378329,0.0023561954424632936
MS4A8B,0.624183606499521,0.0004130105732402,0.0023757202439583084
TMEM139,0.563100495426471,0.0004184754353949,0.002400595895882936
LY6D,1.70195847149189,0.00042551015127,0.002437125769932325
APOBEC3B,0.71778417344169,0.0004270470856354,0.002444023320867212
TTLL6,0.577633833950775,0.000428074373752,0.002448472108957527
C14orf180,-1.05827806542395,0.0004358060234808,0.0024868868772919906
LOC286087,0.633984627773551,0.0004378766650872,0.0024963053732340932
APOC3,1.91894246954825,0.0004386333707489,0.0025001081263709606
RIMKLA,0.549440114664884,0.0004430530513709,0.0025208989494071654
CLDN24,-0.831310775548452,0.0004470409538696,0.0025411295072185307
KCNA6,0.80184597407202,0.0004485301034395,0.0025481157316605504
NAGS,0.52472603991833,0.0004517137690814,0.0025637242653078762
MNDA,0.833708166392932,0.0004524412434293,0.0025673572623866126
NLRP5,-0.514906184026611,0.0004581782415562,0.002595901708666591
PAQR7,-0.607229794098732,0.000476057888866,0.00268684256539159
CABP1,-0.633800401557671,0.0004763876493886,0.0026881874501213858
C9orf128,-0.525778673072628,0.0004767708387005,0.002689833251628008
XLOC_010312,-0.695790453200562,0.0004784607700203,0.0026988493492047174
LOC100129269,-0.545054655503235,0.0004807124791424,0.0027105100416417597
OSTalpha,1.65911309264918,0.000480820698535,0.0027106001704482216
TPRXL,0.647217606248976,0.000480956289178,0.0027108445390032726
TRPV6,-0.611971264239567,0.0004867469236428,0.0027377069075626044
KCNK12,0.724978284993978,0.0004872622266344,0.002740080810626052
LCN15,0.757165952563146,0.0004877379703838,0.0027411825346412536
SNORA28,-0.546596988180521,0.0004928133306451,0.002766379764502819
WISP3,0.947774384638102,0.000496060074909,0.0027831640858010103
POSTN,-0.522854420397379,0.0004989562056283,0.002798344460115359
EFNA3,0.511444414176515,0.0004991383725752,0.0027983641901126793
XLOC_012667,-0.509872561584768,0.0004991501662097,0.0027983641901126793
XLOC_010623,-0.594950276155049,0.0005061482266399,0.0028300388288609933
LOC100499194,-0.613728482761406,0.0005064800281854,0.002831355348737404
C5orf49,-0.500583033015385,0.0005185733242352,0.0028879728733416823
GALNT14,-0.913878129432027,0.0005198957759042,0.0028947891364669628
CSF2,0.542586957629876,0.0005232952817521,0.0029076577311648163
DNASE1L3,0.60187417343112,0.0005278933765383,0.002930436446865803
FCGR3A,0.960302462927932,0.0005282607193115,0.002931921816643317
EMR3,0.504556390309623,0.0005304760239231,0.0029414395077456724
PIK3R3,0.555105087700383,0.0005344664590921,0.002960772912308885
XLOC_012724,-0.587771800664552,0.0005348727903727,0.00296246542847209
TPPP,0.562522549662006,0.0005387246442757,0.0029810483517935618
MLC1,0.61262318831292,0.0005411926944423,0.0029923933968523638
KRT16,0.690211503597157,0.0005559946135185,0.0030673117518456314
GPX3,-0.59164121784305,0.0005570681092496,0.0030721378864808813
TNFRSF18,0.527610559326134,0.0005676146265621,0.003124378843492601
C8G,0.739874763256848,0.0005683310353283,0.0031271742280764526
CNTNAP2,0.639701766475118,0.0005684419010291,0.00312717532524208
CDSN,0.597004560969057,0.0005734956459052,0.0031504855161911764
OR2A7,0.569999371761745,0.0005846401036085,0.0032047392638677222
SCARNA20,-0.526825903811964,0.0005855205245797,0.0032085170942286446
PDPN,0.776389644729005,0.00058631371549,0.0032122646291610968
XLOC_012236,-0.52260222306697,0.0005929203440778,0.003243019369394824
LOC340073,-0.544061545595029,0.0005930599878829,0.003243179554131497
FSD1,-0.534697605889039,0.0005957733695491,0.0032553490301611395
PRSS56,-0.621029008542771,0.0005958392008043,0.0032553490301611395
RN5-8S1,-0.534271965782425,0.0006031684008379,0.003288056569064034
MMP7,1.41404119656947,0.0006036348116407,0.0032899888435639632
KRT73,-0.63776853801137,0.0006136092304927,0.0033400163114872135
C4BPA,0.558829229168261,0.0006188743219988,0.0033618259842700064
SIGLEC10,0.65997580044209,0.0006200988629728,0.0033678553659295227
SLC15A1,0.772977347412816,0.0006224125726233,0.0033785483347346774
XLOC_006684,-0.622495606103474,0.0006285806010497,0.0034082521593447575
RANBP17,-0.536495713624956,0.000631916204889,0.0034257062219660455
RIN3,0.505146390741626,0.0006360794607867,0.003446368582890771
THBS2,0.534324202638698,0.0006381808463428,0.003457116813331282
GUCA2B,-0.931442713649194,0.0006423051439446,0.0034755486326148045
GLT1D1,0.537665282828715,0.0006484326710877,0.003502966790059803
FIGF,-0.691363511601454,0.0006531081173343,0.0035262798736396127
C2orf88,0.821803734517821,0.0006559266170873,0.003538719115074463
XLOC_l2_004315,-0.545912586733843,0.000656165540866,0.0035388865690897425
MME,1.11780226916932,0.0006618996226982,0.003565885630037526
C2CD4A,0.689441291583794,0.0006621956997566,0.0035668268373253227
XLOC_010918,-0.650866225265313,0.0006695731033871,0.0036026024098022875
FAM162B,-0.669086080327014,0.0006790872363667,0.00364778206952012
CECR3,-0.563899552309773,0.0006854410768071,0.0036758781350130984
SPP1,0.923774201761391,0.0006885750405488,0.003689978718389521
RGS2,0.809061505795646,0.000691604379814,0.0037025383881765885
NID1,-0.539143846830077,0.0007030725813548,0.0037594426893840724
XLOC_l2_014504,-0.579405608658426,0.0007037106573458,0.0037614857762965394
RNASE1,-0.508022700360661,0.0007115853917846,0.003798741415761276
SIGLEC14,-0.503413029914785,0.0007198806497765,0.003838144509367159
NEFM,0.813452001040942,0.0007279882008975,0.0038778534072821695
NCKAP1L,0.607155468671635,0.0007335331501271,0.0039052667057853647
ADRB2,-0.611400553704629,0.0007476680642729,0.003967351044330369
KCNJ8,-0.68779424774477,0.0007477673276913,0.003967351044330369
PIM2,0.702734636178403,0.00074979667586,0.003973854771897868
KIF26A,-0.508991599785537,0.0007507360934393,0.003977399010995881
BTNL3,2.19578837075901,0.0007608690457852,0.004024553548872473
FAM153B,-0.840447680945396,0.000763185778524,0.00403535510242233
TTBK1,0.656277742459562,0.0007664343392153,0.004048967003075908
APCDD1,-0.519741344538834,0.0007697213313252,0.004065047196166102
LOC100128429,-0.635633648217344,0.0007710543102609,0.004070368972507154
KRT9,-0.615259225975064,0.0007718169379293,0.004072931616424182
PSORS1C2,-0.581473169037603,0.0007744600718912,0.004085110399168878
LOC283547,-0.658222649743788,0.0007863173085228,0.004139045864744411
SLC5A7,-0.621602084366456,0.0007877734363812,0.004143741855802883
GXYLT2,-0.552142764075139,0.0007946495420883,0.004174568519156178
ZNF662,-0.668239176608551,0.0007950911385156,0.004175507215635535
CELSR3,0.501262358627374,0.0008045793357796,0.004220056669621789
SLC43A3,0.556305717949693,0.0008059260937981,0.004225612139971198
LOC100507511,0.75758509703406,0.0008108926255009,0.004247106126932891
LOC440082,-0.52209386110017,0.0008125554730573,0.004252897476028214
C11orf40,-0.578364376294837,0.0008353036355487,0.004362520568954184
INSC,0.554958847647008,0.0008357135319396,0.004363885798976717
ZAR1,-0.513524209249717,0.0008401060153466,0.004383706601385987
HPR,0.569527753086088,0.000843530081652,0.004397669334679613
ARRDC5,-0.5556995416755,0.0008538702344524,0.004441334238953475
ATP8A2,-0.542334745147806,0.0008576150001876,0.0044568681919563554
MUC5AC,-0.668808419438776,0.0008625655030686,0.004477844021229468
XLOC_l2_007884,0.568562516849325,0.0008902125294832,0.004601858542911571
NFE2,0.631203798811907,0.0008914730939751,0.004607564418877988
XLOC_001280,-0.533417011287307,0.0008927299742536,0.004610642946319592
LOC643406,0.516678439006783,0.0008970394674369,0.0046281944994795675
LOC145694,0.540056423759911,0.0009021045415896,0.004650547265987632
CCR1,0.668902354843631,0.0009031341097277,0.0046539199047304315
S100A8,1.08514584373597,0.0009040585538151,0.0046570504433861805
CLCA1,2.07899779695923,0.0009204249268209,0.00472644552671896
HLA-DRB1,0.657697594204334,0.0009315412125399,0.0047735192945287845
IL4I1,0.775030520227182,0.000933168942925,0.004780193288248196
CDO1,-0.509615299253841,0.0009458236163679,0.004838270572292401
FEV,0.603795949754089,0.0009491211788418,0.004853449313346584
GRB14,0.579054597459106,0.000951307677959,0.00486293790917709
LOC729175,-0.544398508394894,0.0009577129529963,0.004892276770842216
TIFAB,0.814070438904942,0.0009605825779855,0.004903526281368399
LOC100133190,-0.514422284520436,0.0009771182457794,0.004975836251423498
INE1,-0.55175584631373,0.0009841589257276,0.005003886247280745
SLC16A4,0.611589214147138,0.0009905431393719,0.005029385241855805
CDKN2B-AS,0.531141567292767,0.0009919891844411,0.0050358573419165735
OSTBETA,1.02245236992715,0.0010240720620334,0.005175482331734748
GFI1,0.50619174638705,0.0010367916587842,0.0052316678001974705
SELL,0.981661337926641,0.0010376482862665,0.005235091474128739
XLOC_012183,-0.618489797482435,0.0010402463625235,0.005244597718620796
FAM59B,0.644920963454934,0.001041702814585,0.005251039848203084
FAM3D,0.624987407560274,0.0010493854885895,0.005284328433630608
HIGD1B,-0.538076492428827,0.0010564042012355,0.0053160285386830266
TTR,-0.784172640450445,0.0010575381524565,0.005320823698748779
CCL13,0.620164984616019,0.0010585664959174,0.005324174599010877
TMEM200A,-0.756471775250461,0.0010591937924165,0.005326418064944576
Q6IHG2,0.508343403658424,0.0010862148728783,0.0054482131810551955
HRASLS,-0.5687670359446,0.0011095472125245,0.0055454716805561225
S1PR3,-0.567432307717086,0.0011137922135795,0.005564795235068742
TNF,0.555257684982813,0.001136417832453,0.005659557237778133
XLOC_003428,0.622606831138655,0.0011400750678885,0.005674141261565186
CLLU1OS,0.546912311716853,0.0011470357688503,0.005703294669931968
LOC100131015,-0.60042594934347,0.0011497187297641,0.005712245820846554
SIX1,-1.11824102219023,0.0011641987992325,0.0057744260441932
HCAR3,0.870776397082556,0.0011664895615914,0.005782860195014856
LETM2,0.544658378251679,0.0011791360970289,0.005836693889082922
AGXT,0.546270509711833,0.001182682355466,0.005850306187920352
LEF1,0.637998523069207,0.0011995394545217,0.005927705648139183
SLC2A5,0.541526537196772,0.0012265350510784,0.006048902849654643
IDO1,0.840495466132353,0.001255049660858,0.006168824123314084
NR1H4,1.04971276674019,0.0012734031220541,0.006248383139113319
TBX10,0.781582213168798,0.0012829922637757,0.006288288300173494
LOC100652894,-0.591858603956826,0.0012947868392269,0.006336585450657808
SLC6A5,-0.568067372876193,0.0012973944731691,0.006348289839742508
STAB2,-0.669243332326361,0.0013143041545089,0.0064171408029087135
XLOC_014115,0.519508965303094,0.0013146808333735,0.006417790763014855
CST6,0.857932572572115,0.0013213206247313,0.006448185074660154
LOC100130811,0.625693725931656,0.0013440478750758,0.006548413213659535
APOA4,2.20136495902528,0.0013561595390513,0.00660285230842273
ARHGAP20,-0.561407249288883,0.0013761244103873,0.006683448053621215
SLAMF8,0.603064771506993,0.0013858738226263,0.006725241066601998
FPR1,0.901145062962386,0.0013936947432615,0.006757614439031342
GPM6B,-0.515504194937062,0.0013939736999207,0.0067578520444192556
SAMSN1,0.526037905663339,0.0014008601494192,0.006781169176598822
BEST4,0.950576795917391,0.001405327625593,0.006801674614777187
ZNF880,-0.502345731678641,0.0014081174993513,0.00681181186352856
C9orf147,-0.520749616451817,0.001419050455369,0.0068590550628921335
S100A1,-0.688508404002659,0.0014393451652648,0.006941167659468649
KCNJ11,-0.510715872931908,0.0014395867891553,0.006941193857210165
PSAPL1,-0.996906332970479,0.0014475248405518,0.006974890968049893
XLOC_002870,0.576705617608125,0.0014801905633309,0.007110997609614683
CILP,0.583252545733846,0.0014923521614274,0.007159197734252111
CD300C,0.502842781952177,0.0014992525389364,0.007191126752776714
XLOC_014174,-0.525533395379784,0.0015174044979618,0.00726396536668861
FCRL5,0.533692661613178,0.0015446549254773,0.007377591248159742
LOC731779,0.864739641745611,0.0015473352647337,0.007385918781216033
GABRA3,-0.619765164633873,0.0015603084527843,0.007437849928698298
PLA2R1,0.521400983410964,0.0015793952728024,0.007516642635970353
AFP,-0.512887731487331,0.0016209676865136,0.007689588114812216
DKK4,0.684604672625376,0.0016263431997877,0.007712598669575751
SH2D1B,0.508328906777845,0.001646525548103,0.00778924208530108
XLOC_013521,-0.51146986551335,0.0016528137390034,0.007811658115444182
LRRC25,0.556206347741356,0.0016666832736171,0.007865824320709706
UTS2,0.852296703399701,0.0016718557732975,0.007887702274147845
CCL26,0.734852045498467,0.0016779488432252,0.007911368619397108
TSSK1B,-0.524116089310427,0.001697442197895,0.00798278625567903
TSPO2,0.515512102267675,0.0016988235733193,0.007988004347633214
PCDHB14,0.576668228632859,0.0017087231987473,0.008026847404857042
LOC389023,-0.812640739043576,0.001715034369613,0.008047490029408725
TREM2,0.628519212181095,0.00172401710239,0.008087057399048256
PF4,0.794690155385259,0.0017506503662696,0.008196290100992673
SPINK13,-0.947380838638463,0.0017648162749339,0.008256036403654483
LOC440337,-0.556070502666507,0.0017796283745059,0.00831461002748926
XLOC_011468,0.637475331074959,0.001781190567414,0.00831939421410722
SNORD67,-0.526350989624982,0.0017873439054548,0.008345481838815644
EPDR1,0.809725444910402,0.0018246070754253,0.008495176288434525
XLOC_004205,0.673593881855316,0.0018302827613168,0.00851890240569815
XLOC_l2_009301,0.796785436629733,0.0018444726624356,0.008567308772507888
NAALADL1,0.575517943016502,0.0019028909302173,0.008807134634212408
RGS1,0.74079839653491,0.0019116942697711,0.008837639012117838
SLC46A3,0.712557118145727,0.001924316479326,0.008884888665051088
MS4A10,1.55491886183032,0.0019359042575238,0.0089284925172802
SLC22A13,-0.609958197410044,0.0019648897290215,0.009040651903054708
WFDC2,0.531321328366633,0.0019840168998755,0.00911463008496814
SELP,0.531054769231406,0.001987697533368,0.009127258611034184
CA12,-0.679325439908836,0.0020075018492751,0.009200945780801098
CAMK2B,-0.5079697702508,0.0020252423192927,0.009277303877965245
PTPRVP,0.740745789503473,0.0020559131047153,0.00939498900969884
XLOC_011135,0.630244103887041,0.0020718656884613,0.009457593795045151
SLC16A2,0.503784238813021,0.0021131483241544,0.009617655714766844
VSNL1,0.510490961680144,0.0021243922149362,0.009661349181761847
SLC3A1,0.690123851474389,0.0021357373677075,0.009702434651752667
UNC93A,0.61526297965247,0.0021812109166545,0.009875431585062771
TNFAIP6,0.581369845431245,0.0022480961722723,0.010146989757447144
UGT1A8,0.534139429765828,0.0022630943834309,0.010209981231235383
GUCA2A,1.01388494360467,0.0023281182795366,0.01045998165403174
GJB5,0.946556497431945,0.0023422569973505,0.01051546725299977
LDHC,0.546847198061478,0.0023451918127163,0.010525427152123797
ICAM1,0.528666592048904,0.0023773904821192,0.010640687098464675
SULT1C3,0.579630707562305,0.0024065290661127,0.01074982158305518
DCDC2,-0.655299986000687,0.0024921166215054,0.011078251894236984
CCL3,0.692109696187553,0.0025059180290876,0.011132867579565593
LOC100507286,0.593038398459119,0.0025125273033822,0.011160542985458903
DACH1,0.62318332824692,0.0025440190319961,0.011285076424498322
RRAD,0.539495337891057,0.0025492915801172,0.011303346553482842
SERPINB9,0.52102262060521,0.002550765015787,0.011304930114592106
CD38,0.79750706448077,0.0025674841497443,0.011375429548120833
C20orf85,0.594544869354489,0.0026230211524234,0.01159003843443375
TNNC2,0.63731619141033,0.0026573653357116,0.011723244269206432
CCL25,1.58900922162861,0.0026579262269353,0.011723244269206432
TDRD9,-0.777596651220144,0.0026892340875853,0.011836335385046696
NPY6R,0.543673896442389,0.0027330213219031,0.011996718537429172
XLOC_001990,-0.942565288343119,0.0027521510447091,0.012075278426681253
SHISA3,0.705113949719322,0.0027830925710087,0.012196469501461926
IL4R,0.554239647121035,0.0028182687143743,0.012323059214109793
AMHR2,-0.700767879532303,0.0029143961038387,0.012684874511198417
CXCL11,0.96508089241296,0.0029523223446641,0.012827150955793698
XLOC_012833,-0.5592756634043,0.0029578261495029,0.01284916406231947
GPR116,-0.550877797913145,0.0029658875900278,0.012880376015329835
TMEM229A,-1.00996909537167,0.0029924060419735,0.012989782682646563
EMR2,0.663145272053856,0.0030015501685492,0.013021782750712118
SOD3,-0.516232802222279,0.0030473788555007,0.013197225140797905
CYP2D6,0.685720756032207,0.0030724243777822,0.013299809635331165
MLIP,0.60554393300932,0.0031008463994071,0.013403099571374592
DNASE1,-0.719486744493538,0.003147381871687,0.013582269962575265
RASL12,-0.603810032891674,0.003154170085392,0.013607567596814458
DEFB131,0.73788617273905,0.0031788492999951,0.013699959411681478
XLOC_005119,-0.5133806777446,0.0032100378908483,0.01379795137286088
ACMSD,0.559245794710898,0.0032196336420618,0.013827063199314947
SLC5A9,0.66483768084313,0.0032655083324887,0.013994265173796002
LOC648740,0.578842845954106,0.0032675040611819,0.013994860054385742
HOXB7,0.533778154525737,0.003295463048174,0.014084628978620672
ODF3L1,0.625916487014436,0.0033534700031521,0.014278727390993033
XLOC_002517,-0.604255120586947,0.0033591405575343,0.014298728665240153
IGSF6,0.544699179120608,0.003368923082146,0.014338292764389087
MUC2,0.552411929630829,0.0034417157825933,0.014612127046930353
RGS18,0.539701734029582,0.0034574823925501,0.014662120137411595
COCH,0.560730870583241,0.0035704908679658,0.01506526713966675
FABP6,0.706806107577536,0.0036691944840766,0.01544404003122932
TNFRSF10C,0.625063564132317,0.0037062816948612,0.015582289906807002
AQP7P3,0.525732184631221,0.0037377645681788,0.01570117569034285
XLOC_013036,-0.515791020372069,0.0038125993616537,0.01598126801316202
C13orf33,0.565591094235265,0.0038167586791486,0.015996421001542936
RBP2,1.86447867980189,0.0039627213654253,0.016532716565462624
ZAR1L,-0.55889982567549,0.0039876856685501,0.016625068297254977
OR5L2,-0.675910306779757,0.0040503381498717,0.016828974628648314
SRRM4,-0.589660497602177,0.0041258981776319,0.01709458559766619
APOB,0.718346335733737,0.004134598426833,0.01712097767616855
INHBA,0.520882750183226,0.0041554146183841,0.017192640406176535
XLOC_009707,-0.571837505101656,0.00421715610594,0.017408875353471655
XLOC_l2_011908,-0.61749975347052,0.0042396278520453,0.017489357568207086
PCK1,1.17586874226419,0.0043255214451491,0.017813680525510335
FGR,0.501834244890286,0.0044194353478993,0.01815972679027749
PLA1A,-0.500655034866198,0.0044839743794615,0.01838635957354745
PRSS21,-0.530296442338317,0.0044949081126543,0.01842862159803077
DEFB1,-0.604891393455276,0.0044982168208611,0.018434471612252964
GPR64,-0.588050185799871,0.0045556264085236,0.01863855615950042
MUC5B,0.727503783681807,0.0045803492589626,0.01871806727017841
SERPINE2,0.58225032186471,0.0046163618033794,0.01884768556233868
ALDH3A1,-0.533462060135346,0.0046926906052523,0.01911152875653473
LOC100507203,1.04195288436496,0.0047469312337459,0.019289659167218542
KIAA0226L,0.650692091653292,0.004785705912934,0.019420370804930184
TTC9B,0.512192940827296,0.0047966195788206,0.019459284398451106
LOC100131662,-0.675819779560498,0.0048148369470502,0.019517024579298107
FCN1,0.643863987724312,0.0048636846221188,0.019677032444221823
HOXC9,0.627950951109434,0.0048682832466363,0.019690215806791575
REG3A,1.48935277884829,0.0049243010811378,0.01988425859830787
SLC28A1,0.568565467666049,0.0051159814885367,0.020533797321103053
INSM1,0.632403725374948,0.0051173419502766,0.020536452988492247
HLA-DRB4,0.598061879552385,0.0051487701536922,0.02064566206531674
NAT8,0.988688288633429,0.0052024949698586,0.02083834294319266
TCN1,-0.892567909702389,0.005289463467419,0.02113771449286233
PCDH20,0.604403059066288,0.0053240915862224,0.021267419265448402
GPR65,0.548498559579738,0.0054396992715584,0.021617563514882792
CYP3A4,0.925375116070291,0.0057165820393923,0.02256230364943069
LOC100506630,0.524691448994317,0.0057709221477951,0.022755381736133423
TMEM176A,0.505481946907145,0.0058060142865289,0.02286001444969337
SCG2,0.559064420384424,0.0058720214205104,0.02308279367388438
SEMA6A,0.51165944493031,0.0059536268777545,0.023348300162218345
XLOC_l2_014835,0.57205384164568,0.0063710739211379,0.02473683715079939
DEFA3,0.782168991515267,0.0065194551477821,0.025196442383353546
CHRDL2,0.554028408673982,0.0065258785873056,0.02521463580380449
C2orf84,-0.534797285992623,0.0065474036283142,0.025281184841531693
KRT20,0.749188238307923,0.0065757988615009,0.025361276942969874
ZIC4,-0.527560554899007,0.0066132235862449,0.025488447836401987
VSTM1,0.557043585245836,0.0067654153488195,0.02598980735570032
AQP2,0.508025195465218,0.0068208386553327,0.026173248092153833
BPIFB1,1.1043573464288,0.0068331847286397,0.02620301387968668
SNORA52,-0.542509727215579,0.0068338253218204,0.02620301387968668
SEC14L5,-0.574143104620463,0.0069254997989977,0.026497407641315508
CD163L1,0.504380530475726,0.0070683820315319,0.026970346811563163
LOC401317,-0.528539069937146,0.0071165221304698,0.02712585633855337
C3orf67,0.574054111998903,0.007141169366578,0.027205689051723395
XLOC_l2_006021,0.652093611029431,0.0073102457459047,0.027759852950077185
HTR3E,-0.581565487913948,0.0076851582159568,0.028955311493658775
C3orf32,0.682444513245388,0.0076910674510425,0.02897014743030466
SNAR-G2,0.552550827576846,0.0080977664188743,0.030307839979352772
HRASLS2,0.891320124149319,0.008215917924549,0.030699223899128544
GCG,0.962854342374615,0.008456952848372,0.03145200021305913
NPY,-0.565520209753169,0.0087219482018981,0.03233105622570401
PLA2G4D,0.516198273395648,0.008796319950894,0.03258208352872105
LOC100507096,0.508409517735492,0.008879173396171,0.032835176515247685
FCGBP,0.652357527335477,0.0091495063213517,0.03370339580996287
XLOC_005050,0.873079488186868,0.0094068364874719,0.03452648650728947
INSL5,0.506608167337632,0.009657507609438,0.0352827988098165
CXCL9,0.732039992402793,0.0096763436521375,0.03533404414127943
SOX21,-0.646379417765123,0.0096934965029343,0.03539228167824987
PLEK,0.513030737866777,0.0097549534812213,0.0355771678346049
SCRG1,0.510245615202649,0.0097603783303276,0.03558784098904064
C10orf112,0.527977972137342,0.0101091762825744,0.03668211786545209
C17orf78,1.28831645684891,0.0101192189984556,0.03670949363370117
ASPG,0.602414044352625,0.0103309427908449,0.03735766540388211
SLC34A2,0.673670723482215,0.0113571508757053,0.04042502842616089
KRTAP19-8,-0.641927798245323,0.0117241945358802,0.04153213946726703
SLC5A11,0.646087146301219,0.0118208417211287,0.04180898983036831
TMEM236,0.652146425199271,0.0121481670292834,0.04275060862849725
C19orf69,0.582537475208574,0.0121952518022259,0.042859849314017553
PLA2G12B,0.59751053524898,0.0127068808004922,0.04435033408133786
XLOC_009302,0.504613755707462,0.0127453666468867,0.04446353692054918
LOC100506591,0.611691282384196,0.0127593047068261,0.04449631502601227
SCGB2A1,-0.519172807989241,0.0129943255529036,0.045213975769444824
DKK1,-0.57713555184713,0.0130117139046738,0.04526376044395758
SNAR-A3,0.54113428600383,0.0132601553858876,0.04597020720543409
HLA-DRB3,0.50597383913161,0.013589973768546,0.04698613518941527
FADS6,0.501767655701226,0.0136755258782461,0.04724301804512712
C2orf40,-0.852560094819912,0.0137113493315052,0.04733894903128229
NPTXR,-0.540416184772572,0.0137699443509355,0.04750201154746908
PNMAL1,-0.582219599919876,0.0139051293510835,0.04791791057336326
XLOC_l2_005428,0.509289320885109,0.0141683238342929,0.048722057201287125
C5orf58,-0.877270545643195,0.0147551062187276,0.0504246740412908
NLRP7,0.787086646648835,0.0147992141395609,0.050554376977033105
LOC284865,0.543994936978358,0.014926006858357,0.050879518689268044
CLPS,-0.52803320000454,0.0151973484826266,0.051608467437881965
LOC100288092,0.609047872549657,0.0167275407735334,0.05598325569440833
FOSB,0.684753652233351,0.0167640521124244,0.05607352190757208
PROK2,0.555424370021455,0.0168306647606759,0.05625991972225216
HEPH,-0.76115111317512,0.017065796240909,0.056888568503610897
DEFA5,1.61422930485338,0.0175261983693979,0.058194770030252974
SPAG17,0.531007043714802,0.0176832374080375,0.05864082384872558
CEBPE,0.505044628204275,0.0180950776995198,0.05978393967773894
IFI44L,0.517110309675983,0.0187027890786908,0.06138458403446117
DEFB4A,1.0652977292461,0.0204028143514061,0.0659914052563419
XLOC_008015,-0.687024536511756,0.0205167793610028,0.0663089312505389
CH25H,0.510648179709079,0.0207290727856075,0.06686269246223611
IRF4,0.575292164953666,0.0208802493774049,0.06723748636665532
REG1B,0.879292430061054,0.0220777228359446,0.07050859798986524
C6orf58,1.02709235678393,0.0240826148061472,0.07601115711771603
MMP9,0.646767595535862,0.0271881695672911,0.08418564189690769
KRTAP19-2,-0.641166575040393,0.0274635246417344,0.08492880431422505
LOC100129216,0.504585018124066,0.0274657464340001,0.08492880431422505
XLOC_012663,-0.550297844104677,0.027486833661892,0.08496552267531414
DEFA6,1.33028253175334,0.0287195490596756,0.08810126385863744
ITLN2,0.877287687531424,0.0297105096290772,0.09059270149194032
DPEP1,0.805691555352205,0.0297457111816399,0.0906812199383852
CYP1A1,0.61857700230741,0.0304324321722665,0.09240090057635787
TRIM36,-0.554640959902558,0.0305806104187766,0.09276455191855974
SYNPR,0.541442331232551,0.0310214215541323,0.09389857335316436
LY6K,-0.800306364710342,0.0311551185230853,0.09423266419159854
PRSS1,-0.795822172980435,0.0338732904252203,0.10084776203184825
XLOC_003528,0.503848981957277,0.0465214636215502,0.13039320676300592
