ID,Description,GeneRatio,BgRatio,RichFactor,FoldEnrichment,zScore,pvalue,p.adjust,qvalue,geneID,Count
GO:0010273,detoxification of copper ion,9/823,16/18860,0.5625,12.89034021871203,10.163535771507114,4.7703281207109865e-9,8.491217560158349e-6,7.8593512822313e-6,MT1F/MT1X/MT1B/MT1M/MT1G/MT3/MT1E/MT2A/MT1H,9
GO:1990169,stress response to copper ion,9/823,16/18860,0.5625,12.89034021871203,10.163535771507114,4.7703281207109865e-9,8.491217560158349e-6,7.8593512822313e-6,MT1F/MT1X/MT1B/MT1M/MT1G/MT3/MT1E/MT2A/MT1H,9
GO:0098659,inorganic cation import across plasma membrane,24/823,139/18860,0.17266187050359713,3.9567471174943405,7.47367409822543,7.359668524514278e-9,8.491217560158349e-6,7.8593512822313e-6,KCNE2/KCNJ16/ATP4B/KCNJ18/SLC5A2/ATP4A/KCNJ12/SLC9A4/KCNJ15/NEDD4L/PPP3CC/SLC9A7/SCNN1B/KCNQ1/ABCC8/SCNN1G/KCNJ13/SLC8A2/ATP1B2/SLC9A3/KCNJ10/TRPV6/KCNJ8/KCNJ11,24
GO:0099587,inorganic ion import across plasma membrane,24/823,139/18860,0.17266187050359713,3.9567471174943405,7.47367409822543,7.359668524514278e-9,8.491217560158349e-6,7.8593512822313e-6,KCNE2/KCNJ16/ATP4B/KCNJ18/SLC5A2/ATP4A/KCNJ12/SLC9A4/KCNJ15/NEDD4L/PPP3CC/SLC9A7/SCNN1B/KCNQ1/ABCC8/SCNN1G/KCNJ13/SLC8A2/ATP1B2/SLC9A3/KCNJ10/TRPV6/KCNJ8/KCNJ11,24
GO:0001696,gastric acid secretion,8/823,14/18860,0.5714285714285714,13.09494879361222,9.670202168832745,3.0217217224573135e-8,2.0995322311929385e-5,1.9432974383716588e-5,SLC26A7/PTGER3/CCKBR/GHRL/HIP1R/SLC9A4/SGK1/KCNQ1,8
GO:1990573,potassium ion import across plasma membrane,14/823,52/18860,0.2692307692307692,6.169735489298065,7.973991747561036,3.066330775611838e-8,2.0995322311929385e-5,1.9432974383716588e-5,KCNE2/KCNJ16/ATP4B/KCNJ18/ATP4A/KCNJ12/KCNJ15/KCNQ1/ABCC8/KCNJ13/ATP1B2/KCNJ10/KCNJ8/KCNJ11,14
GO:0071805,potassium ion transmembrane transport,29/823,208/18860,0.13942307692307693,3.1950415926722124,6.799685297416236,3.184555930303482e-8,2.0995322311929385e-5,1.9432974383716588e-5,KCNK2/KCNE2/KCNJ16/KCNMB2/FXYD4/KCNIP3/ATP4B/KCNJ18/HPN/ATP4A/KCNJ12/SLC9A4/KCNJ15/NEDD4L/SLC9A7/KCNQ1/ABCC8/NALCN/KCNJ13/KCNIP4/LRRC52/ATP1B2/SLC9A3/LRRC26/KCNJ10/KCNG4/KCNE4/KCNJ8/KCNJ11,29
GO:0071294,cellular response to zinc ion,10/823,25/18860,0.4,9.166464155528555,8.727670614923602,4.267320515439905e-8,2.461710522344395e-5,2.278524559428307e-5,MT1F/MT1X/MT1B/MT1M/MT1G/MT3/MT1E/GABRB3/MT2A/MT1H,10
GO:0097501,stress response to metal ion,9/823,21/18860,0.42857142857142855,9.821211595209164,8.639449276982353,1.0059735739242353e-7,5.158408937400385e-5,4.774550599981926e-5,MT1F/MT1X/MT1B/MT1M/MT1G/MT3/MT1E/MT2A/MT1H,9
GO:0061687,detoxification of inorganic compound,9/823,23/18860,0.391304347826087,8.96719319562576,8.166585115043185,2.584647929654273e-7,1.192815019535447e-4,1.104052768267057e-4,MT1F/MT1X/MT1B/MT1M/MT1G/MT3/MT1E/MT2A/MT1H,9
GO:0006813,potassium ion transport,29/823,240/18860,0.12083333333333333,2.769036046982584,5.891549897405679,7.114970333687569e-7,2.9850534627243755e-4,2.7629234080482444e-4,KCNK2/KCNE2/KCNJ16/KCNMB2/FXYD4/KCNIP3/ATP4B/KCNJ18/HPN/ATP4A/KCNJ12/SLC9A4/KCNJ15/NEDD4L/SLC9A7/KCNQ1/ABCC8/NALCN/KCNJ13/KCNIP4/LRRC52/ATP1B2/SLC9A3/LRRC26/KCNJ10/KCNG4/KCNE4/KCNJ8/KCNJ11,29
GO:0071276,cellular response to cadmium ion,9/823,26/18860,0.34615384615384615,7.9325170576689406,7.555851833108252,8.780545227754604e-7,3.0988373626146754e-4,2.868240181898922e-4,MT1F/MT1X/MT1B/MT1M/MT1G/MT3/MT1E/MT2A/MT1H,9
GO:0071280,cellular response to copper ion,9/823,26/18860,0.34615384615384615,7.9325170576689406,7.555851833108252,8.780545227754604e-7,3.0988373626146754e-4,2.868240181898922e-4,MT1F/MT1X/MT1B/MT1M/MT1G/MT3/MT1E/MT2A/MT1H,9
GO:0006575,modified amino acid metabolic process,25/823,191/18860,0.13089005235602094,2.9994974330918045,5.932723415425495,9.400590049101939e-7,3.0988373626146754e-4,2.868240181898922e-4,SLC26A7/CKB/CKMT2/FOLR1/ACADL/CKM/SLC1A2/GSTA3/GSTM2/HPN/GSTA4/GGT7/DUOX1/GNMT/SULT2A1/ALDH1L2/SARDH/PLOD2/DUOXA1/ALDH1L1/SLC16A10/GSTT2/GSTT2B/GSTM3/PLA1A,25
GO:0042886,amide transport,35/823,338/18860,0.10355029585798817,2.3729751881915635,5.440692668450639,2.0969039386338507e-6,6.081553542417404e-4,5.629000233821024e-4,FGA/FGB/FGG/FOLR1/PDE8B/MYRIP/GHRL/CHRM3/RAPGEF4/GNAZ/ACVR2B/SLC13A3/OXCT1/SLC14A2/SIRT4/PRKD1/GNAI1/ABCA2/CELA2A/SIDT2/PLA2G6/ABCC8/CHGA/FFAR3/CWH43/F2/ABCC5/SLC16A10/PTPRN/TFAP2B/SLC25A47/PLTP/FOLR3/EDN1/KCNJ11,35
GO:0009410,response to xenobiotic stimulus,42/823,443/18860,0.09480812641083522,2.1726382309943526,5.3349894319529145,2.108447598671256e-6,6.081553542417404e-4,5.629000233821024e-4,KCNE2/PTPRM/CA9/IGFBP2/SLC1A2/FUT1/GSTA3/GSTM2/NFATC2/ALAD/CYP2C8/ATP4A/FABP3/HDAC5/GSTA4/OXCT1/SLC6A2/PRKAA2/SLC29A1/GATA6/SULT2A1/ABCA2/ACSM2B/SLC22A12/RORC/ADA/SCNN1B/KCNQ1/GABRB3/ABCC8/SLC10A1/RORA/ABCC5/PON3/VAV3/TFAP2B/FMO2/GSTM3/EDN1/KCNJ8/KCNJ11/ALDH3A1,42
GO:0010043,response to zinc ion,12/823,53/18860,0.22641509433962265,5.188564616336918,6.522596113734609,2.2516125565526233e-6,6.112465852053152e-4,5.65761223188269e-4,MT1F/ALAD/MT1X/MT1B/MT1M/MT1G/MT3/MT1E/GABRB3/ABCC8/MT2A/MT1H,12
GO:0006814,sodium ion transport,29/823,255/18860,0.11372549019607843,2.6061515736306675,5.51593164716752,2.4683504541978165e-6,6.328576303401625e-4,5.857641019377041e-4,FGF13/SLC41A1/FXYD4/ATP4B/DMD/SLC5A2/ATP4A/SLC13A3/SLC6A2/SLC9A4/NEDD4L/SGK1/SLC9A7/SCNN1B/KCNQ1/NALCN/SCNN1G/SLC10A1/SLC8A2/ATP1B2/PON3/SLC9A3/SCN2A/KLHL3/EDN1/GUCA2B/ADRB2/SLC5A7/SLC6A5,29
GO:0098739,import across plasma membrane,26/823,218/18860,0.11926605504587157,2.733120046373193,5.497784794784113,3.377019210619607e-6,8.202601924741836e-4,7.592212718390231e-4,KCNE2/KCNJ16/ATP4B/SLC1A2/KCNJ18/SLC5A2/ATP4A/KCNJ12/SLC9A4/KCNJ15/NEDD4L/PPP3CC/SLC9A7/SCNN1B/KCNQ1/ABCC8/SCNN1G/KCNJ13/SLC8A2/ATP1B2/SLC9A3/KCNJ10/TRPV6/KCNJ8/SLC6A5/KCNJ11,26
GO:0042391,regulation of membrane potential,43/823,474/18860,0.09071729957805907,2.07889218717156,5.081602456129116,4.973416229541279e-6,0.00114761579496665,0.0010622170031304478,GRIA4/FGF13/KCNK2/KCNE2/TMEM161B/CELF4/SLC25A36/KCNMB2/RIMS4/GHRL/POPDC3/GABRG2/DMD/CLDN19/GRIA3/BNIP3/RYR2/CRTC1/CNIH3/NEDD4L/ALB/SLC29A1/RGS7/CUX2/NNT/KCNQ1/GABRB3/ABCC8/NALCN/SLC8A2/ATP1B2/RIMS3/SCN2A/KCNJ10/KCNG4/KCNE4/GABRB2/EDN1/ADRB2/KCNJ8/KCNJ11/GABRA3/HTR3E,43
GO:0046686,response to cadmium ion,11/823,48/18860,0.22916666666666666,5.2516200891049,6.299914846745792,5.25086798073111e-6,0.0011539407490987654,0.0010680712915191399,MT1F/ALAD/MT1X/MT1B/MT1M/MT1G/MT3/KIT/MT1E/MT2A/MT1H,11
GO:0006882,intracellular zinc ion homeostasis,9/823,35/18860,0.2571428571428571,5.8927269571254985,6.188631238859331,1.392962171957573e-5,0.0029220547379928178,0.0027046126764611635,MT1F/MT1X/MT1B/MT1M/MT1G/MT3/MT1E/MT2A/MT1H,9
GO:0060047,heart contraction,28/823,265/18860,0.10566037735849057,2.4213301542905614,4.9773354448155676,1.4847455310239102e-5,0.002979174185076237,0.0027574816315309053,MYBPC3/FGF13/VEGFB/KCNE2/TMEM161B/RNLS/HSPB7/GSTM2/DMD/SMAD5/RYR2/KCNJ12/NEDD4L/GATA6/ADM/ADA/KCNQ1/IRX3/CHRM2/CHGA/SLC8A2/ATP1B2/SCN2A/KCNE4/ADRA1B/EDN1/KCNJ8/S100A1,28
GO:0003018,vascular process in circulatory system,29/823,283/18860,0.10247349823321555,2.3482991211159727,4.881674001794107,1.8812226886159893e-5,0.0036174344616511627,0.0033482463466682827,DRD5/FGA/FGB/SH3GL2/FGG/SLC16A7/KCNMB2/SLC1A2/LEPR/ATP8A1/SLC2A4/SLC13A3/SLC29A1/CBS/ABCA2/PTP4A3/ADM/SCPEP1/SCNN1B/ABCC8/ABCC5/SLC8A2/ATP1B2/ADRA1B/EDN1/PLVAP/ADRB2/KCNJ8/S100A1,29
GO:0046879,hormone secretion,32/823,331/18860,0.09667673716012085,2.215459614629258,4.765468847161817,2.3088610042691398e-5,0.0042621574138808314,0.003944992823294387,FGA/FGB/FGG/FZD4/PDE8B/MYRIP/CCKAR/GHRL/CHRM3/RAPGEF4/GNAZ/ACVR2B/OXCT1/SIRT4/PRKD1/GNAI1/CELA2A/SIDT2/C1QTNF3/PLA2G6/KCNQ1/ABCC8/CHGA/FFAR3/F2/SLC16A10/PTPRN/TFAP2B/SLC18A2/EDN1/TRPV6/KCNJ11,32
GO:0003015,heart process,28/823,275/18860,0.10181818181818182,2.333281785043632,4.757558151402542,2.9283288398564918e-5,0.005197783690745273,0.004810995316654916,MYBPC3/FGF13/VEGFB/KCNE2/TMEM161B/RNLS/HSPB7/GSTM2/DMD/SMAD5/RYR2/KCNJ12/NEDD4L/GATA6/ADM/ADA/KCNQ1/IRX3/CHRM2/CHGA/SLC8A2/ATP1B2/SCN2A/KCNE4/ADRA1B/EDN1/KCNJ8/S100A1,28
GO:0015833,peptide transport,29/823,292/18860,0.09931506849315068,2.2759200386158223,4.693636099013271,3.369295019342393e-5,0.005758998708987091,0.005330448026702313,FGA/FGB/FGG/PDE8B/MYRIP/GHRL/CHRM3/RAPGEF4/GNAZ/ACVR2B/SLC13A3/OXCT1/SIRT4/PRKD1/GNAI1/CELA2A/SIDT2/PLA2G6/ABCC8/CHGA/FFAR3/CWH43/F2/ABCC5/SLC16A10/PTPRN/TFAP2B/EDN1/KCNJ11,29
GO:1903522,regulation of blood circulation,28/823,279/18860,0.1003584229390681,2.299829716440856,4.672304264856194,3.798091626958715e-5,0.006260068878005168,0.005794231512104687,FGA/MYBPC3/FGB/FGF13/FGG/KCNE2/TMEM161B/KCNMB2/RNLS/HSPB7/GHRL/GSTM2/DMD/RYR2/KCNJ12/ADM/ADA/KCNQ1/IRX3/CHRM2/CHGA/SLC8A2/ATP1B2/KCNE4/ADRA1B/EDN1/KCNJ8/S100A1,28
GO:0002790,peptide secretion,27/823,266/18860,0.10150375939849623,2.326076430444276,4.6526464935418,4.265380511677821e-5,0.0067878382970321186,0.006282727446965009,FGA/FGB/FGG/PDE8B/MYRIP/GHRL/CHRM3/RAPGEF4/GNAZ/ACVR2B/OXCT1/SIRT4/PRKD1/GNAI1/CELA2A/SIDT2/PLA2G6/ABCC8/CHGA/FFAR3/CWH43/F2/SLC16A10/PTPRN/TFAP2B/EDN1/KCNJ11,27
GO:0046688,response to copper ion,9/823,40/18860,0.225,5.1561360874848114,5.620656450768665,4.434575245059906e-5,0.006821854918650489,0.006314212752439684,MT1F/MT1X/MT1B/MT1M/MT1G/MT3/MT1E/MT2A/MT1H,9
GO:0009914,hormone transport,32/823,343/18860,0.09329446064139942,2.137950823446893,4.543205028749133,4.640464570321262e-5,0.00690830451355891,0.006394229278901081,FGA/FGB/FGG/FZD4/PDE8B/MYRIP/CCKAR/GHRL/CHRM3/RAPGEF4/GNAZ/ACVR2B/OXCT1/SIRT4/PRKD1/GNAI1/CELA2A/SIDT2/C1QTNF3/PLA2G6/KCNQ1/ABCC8/CHGA/FFAR3/F2/SLC16A10/PTPRN/TFAP2B/SLC18A2/EDN1/TRPV6/KCNJ11,32
GO:0007416,synapse assembly,28/823,284/18860,0.09859154929577464,2.2593397566443616,4.567757906894251,5.2106357572776556e-5,0.007499334326213087,0.006941278142389852,LINGO2/FGF13/CDH2/DNER/PTPRS/CYFIP2/ERBB4/GHRL/GABRG2/EPHB3/PTPN13/ZDHHC2/LINGO4/RAB17/CUX2/FLRT3/GABRB3/SIX4/NTN1/SLITRK4/LRRN1/CRTAC1/GABRB2/SYNDIG1/KCNJ8/SIX1/GABRA3/DKK1,28
GO:0042692,muscle cell differentiation,38/823,441/18860,0.08616780045351474,1.9746351355446998,4.423901306205443,5.399307715932606e-5,0.007499334326213087,0.006941278142389852,MYBPC3/SMARCD3/CDH2/DNER/OBSL1/NPHS1/POPDC3/DMD/NFATC2/SYNE1/LAMA2/HDAC5/PDCD4/RBPMS2/SORBS2/PRKD1/LAMB2/GATA6/CACNA2D2/NRAP/KIT/ADM/NEBL/IRX3/SYPL2/CSRP2/IGFBP5/EFEMP2/RORA/SIX4/ALPK3/LMOD2/MYEF2/EDN1/NID1/KCNJ8/SIX1/DKK1,38
GO:0009636,response to toxic substance,27/823,270/18860,0.1,2.2916160388821387,4.566176680031959,5.524970034479847e-5,0.007499334326213087,0.006941278142389852,DHRS2/GSTM2/MT1F/ALAD/PTPN13/DUOX1/ALDH1A1/ALB/MT1X/MT1B/MT1M/NUPR1/MT1G/MT3/NNT/MT1E/RDH12/MT2A/NEFL/ABCC5/MT1H/PON3/SLC18A2/GSTM3/EDN1/GPX3/SOD3,27
GO:0030072,peptide hormone secretion,26/823,258/18860,0.10077519379844961,2.3093805042998294,4.523483374884721,6.629528235257288e-5,0.008741506515917825,0.008091015211631303,FGA/FGB/FGG/PDE8B/MYRIP/GHRL/CHRM3/RAPGEF4/GNAZ/ACVR2B/OXCT1/SIRT4/PRKD1/GNAI1/CELA2A/SIDT2/PLA2G6/ABCC8/CHGA/FFAR3/F2/SLC16A10/PTPRN/TFAP2B/EDN1/KCNJ11,26
GO:0072006,nephron development,19/823,160/18860,0.11875,2.7212940461725394,4.670585748834089,7.251107836726383e-5,0.009295517407358962,0.008603799883460722,NPHS1/ERBB4/PDGFD/GPC3/WNT6/LAMB2/ACAT1/COL4A4/IRX3/IRX2/RET/SIX4/VANGL2/TMEM59L/KLHL3/TFAP2B/EDN1/NID1/SIX1,19
GO:0003012,muscle system process,40/823,485/18860,0.08247422680412371,1.8899926093873307,4.241511910456567,9.078428202095604e-5,0.01132349896018141,0.010480871022504683,PTGER3/MYBPC3/FGF13/VEGFB/CKMT2/KCNE2/SNTB1/GHRL/GSTM2/DMD/CHRM3/SMAD5/RYR2/KCNJ12/NEDD4L/NPR3/SORBS2/PRKD1/GATA6/GNAI1/KIT/ADA/SCNN1B/KCNQ1/ABCC8/CHRM2/CHGA/TPM2/IGFBP5/PGAM2/SCN2A/LMOD2/GATA5/KCNE4/ADRA1B/EDN1/ADRB2/KCNJ8/ATP8A2/CAMK2B,40
GO:0098754,detoxification,19/823,166/18860,0.1144578313253012,2.622934020407267,4.486223275185359,1.1911996938867553e-4,0.014466806808650989,0.013390272459258874,GSTM2/MT1F/DUOX1/ALDH1A1/ALB/MT1X/MT1B/MT1M/MT1G/MT3/NNT/MT1E/RDH12/MT2A/ABCC5/MT1H/GSTM3/GPX3/SOD3,19
GO:0008016,regulation of heart contraction,23/823,225/18860,0.10222222222222223,2.3425408397461864,4.327441059603227,1.384585678119042e-4,0.016384263857742,0.01516504367559264,MYBPC3/FGF13/KCNE2/TMEM161B/RNLS/HSPB7/GSTM2/DMD/RYR2/KCNJ12/ADM/ADA/KCNQ1/IRX3/CHRM2/CHGA/SLC8A2/ATP1B2/KCNE4/ADRA1B/EDN1/KCNJ8/S100A1,23
GO:0090276,regulation of peptide hormone secretion,22/823,211/18860,0.10426540284360189,2.389362694569054,4.335170492339945,1.4416708516296352e-4,0.016633277450676914,0.015395527147139633,FGA/FGB/FGG/PDE8B/MYRIP/GHRL/CHRM3/RAPGEF4/GNAZ/OXCT1/SIRT4/PRKD1/GNAI1/CELA2A/SIDT2/PLA2G6/ABCC8/CHGA/FFAR3/F2/TFAP2B/KCNJ11,22
GO:0051960,regulation of nervous system development,38/823,466/18860,0.0815450643776824,1.868699774195735,4.056034787051324,1.7011482870388684e-4,0.019148291084596043,0.017723388315285565,LINGO2/SMARCD3/FGF13/ROBO3/WASF3/FZD4/OBSL1/PTPRS/GHRL/DBN1/EPHB3/PTPN13/PTPRZ1/NIN/LINGO4/ULK1/ULK2/DAAM2/ZFYVE27/CUX2/MT3/FLRT3/KIT/ABCC8/NEFL/IDH2/CDK18/F2/CHODL/RASSF10/NTN1/SLITRK4/FERD3L/ID4/LRRN1/SYNDIG1/CAMK2B/DKK1,38
GO:0071248,cellular response to metal ion,20/823,186/18860,0.10752688172043011,2.4641032676152026,4.286339831479815,1.882575782682893e-4,0.020290309622608388,0.018780424576277547,SLC41A1/MT1F/NFATC2/ALAD/BNIP3/PRKAA2/MT1X/MT1B/MT1M/MT1G/MT3/MT1E/ADCY1/GABRB3/TF/MT2A/CPNE4/MT1H/KCNJ10/EDN1,20
GO:0002791,regulation of peptide secretion,22/823,215/18860,0.10232558139534884,2.3449094351352113,4.2365093740096205,1.8905380580111825e-4,0.020290309622608388,0.018780424576277547,FGA/FGB/FGG/PDE8B/MYRIP/GHRL/CHRM3/RAPGEF4/GNAZ/OXCT1/SIRT4/PRKD1/GNAI1/CELA2A/SIDT2/PLA2G6/ABCC8/CHGA/FFAR3/F2/TFAP2B/KCNJ11,22
GO:0001822,kidney development,29/823,323/18860,0.08978328173374613,2.0574880844452634,4.094813382457577,2.011880350838714e-4,0.02074935370204371,0.019205309305558162,NPHS1/ERBB4/PDGFD/SMAD5/ACVR2B/FREM2/GPC3/WNT6/LAMB2/ACAT1/BCL2L11/COL4A4/BMPER/WDPCP/IRX3/IRX2/PTK7/RET/SIX4/VANGL2/ZBTB16/TMEM59L/KLHL3/GLIS2/TFAP2B/EDN1/NID1/KCNJ8/SIX1,29
GO:0035725,sodium ion transmembrane transport,20/823,187/18860,0.10695187165775401,2.450926244793731,4.259279953877595,2.023678995018571e-4,0.02074935370204371,0.019205309305558162,FGF13/SLC41A1/FXYD4/ATP4B/DMD/SLC5A2/ATP4A/SLC13A3/SLC6A2/SLC9A4/NEDD4L/SLC9A7/SCNN1B/NALCN/SCNN1G/SLC8A2/ATP1B2/SLC9A3/SCN2A/SLC6A5,20
GO:0071466,cellular response to xenobiotic stimulus,21/823,202/18860,0.10396039603960396,2.3823731097289556,4.219349617961583,2.1074643188774523e-4,0.02074935370204371,0.019205309305558162,KCNE2/FUT1/GSTA3/GSTM2/CYP2C8/GSTA4/PRKAA2/SLC29A1/SULT2A1/ACSM2B/RORC/ADA/KCNQ1/SLC10A1/RORA/ABCC5/PON3/FMO2/GSTM3/EDN1/ALDH3A1,21
GO:0006936,muscle contraction,32/823,372/18860,0.08602150537634409,1.9712826140921622,4.041561705552025,2.1134638499389582e-4,0.02074935370204371,0.019205309305558162,PTGER3/MYBPC3/FGF13/VEGFB/CKMT2/KCNE2/SNTB1/GHRL/GSTM2/DMD/CHRM3/SMAD5/RYR2/KCNJ12/NEDD4L/PRKD1/KIT/ADA/SCNN1B/KCNQ1/CHRM2/CHGA/TPM2/PGAM2/SCN2A/LMOD2/KCNE4/ADRA1B/EDN1/ADRB2/KCNJ8/ATP8A2,32
GO:0090087,regulation of peptide transport,22/823,217/18860,0.10138248847926268,2.3232973666086196,4.187998433898904,2.1581126277315236e-4,0.02074935370204371,0.019205309305558162,FGA/FGB/FGG/PDE8B/MYRIP/GHRL/CHRM3/RAPGEF4/GNAZ/OXCT1/SIRT4/PRKD1/GNAI1/CELA2A/SIDT2/PLA2G6/ABCC8/CHGA/FFAR3/F2/TFAP2B/KCNJ11,22
GO:0008217,regulation of blood pressure,21/823,203/18860,0.10344827586206896,2.370637281602212,4.193983803432134,2.2564282724519335e-4,0.02125187036197076,0.019670431642556274,DRD5/RNLS/AR/NPR3/SGK1/KL/TAC4/ADM/SCPEP1/SCNN1B/KCNQ1/CHGA/SCNN1G/FFAR3/EDN1/POSTN/GUCA2B/ADRB2/KCNJ8/TTR/NPY,21
GO:0007188,adenylate cyclase-modulating G protein-coupled receptor signaling pathway,26/823,281/18860,0.09252669039145907,2.1203564772574945,4.041804630905692,2.6423372644070734e-4,0.024388772950477287,0.022573904460976638,DRD5/PTGER3/APLP1/CHRM3/RAPGEF4/GNAZ/PTGDR2/HTR1E/GNAI1/ADM/SCTR/ADCY1/CHRM2/CHGA/PRKACB/FFAR3/PTH1R/GPR62/RAMP1/SSTR2/MC5R/ADRA1B/EDN1/ADRB2/S1PR3/PSAPL1,26
GO:0070633,transepithelial transport,8/823,40/18860,0.2,4.583232077764277,4.8458751274131835,2.8199985089298526e-4,0.025057324726851977,0.02319270656134238,CLCNKA/SLC1A2/CLDN19/P2RY4/SLC9A4/PRKD1/SCNN1B/EDN1,8
GO:0071772,response to BMP,20/823,192/18860,0.10416666666666667,2.387100040502228,4.126545118053953,2.8776559274607905e-4,0.025057324726851977,0.02319270656134238,GDF5/GPR155/COL2A1/RGMB/SMAD5/ACVR2B/PDCD4/RBPMS2/GPC3/GATA6/GREM2/BMPER/FST/SMAD9/TFAP2B/GATA5/SOSTDC1/DAND5/AMHR2/DKK1,20
GO:0071773,cellular response to BMP stimulus,20/823,192/18860,0.10416666666666667,2.387100040502228,4.126545118053953,2.8776559274607905e-4,0.025057324726851977,0.02319270656134238,GDF5/GPR155/COL2A1/RGMB/SMAD5/ACVR2B/PDCD4/RBPMS2/GPC3/GATA6/GREM2/BMPER/FST/SMAD9/TFAP2B/GATA5/SOSTDC1/DAND5/AMHR2/DKK1,20
GO:0043583,ear development,23/823,238/18860,0.09663865546218488,2.2145869283314785,4.027921661479675,3.1571395296352284e-4,0.026945625078912943,0.024940490749895357,KCNK2/LRIG1/ANKRD24/COL2A1/HPN/FREM2/BCL2L11/BMPER/LHFPL5/WDPCP/KCNQ1/GABRB3/FGF20/PTK7/SOX2/SIX4/VANGL2/NTN1/GABRB2/INSIG1/EDN1/ATP8A2/SIX1,23
GO:0045776,negative regulation of blood pressure,9/823,51/18860,0.17647058823529413,4.0440283039096565,4.649733011200089,3.2112879292312284e-4,0.026945625078912943,0.024940490749895357,DRD5/RNLS/KL/TAC4/SCPEP1/FFAR3/GUCA2B/ADRB2/NPY,9
GO:0010975,regulation of neuron projection development,36/823,448/18860,0.08035714285714286,1.8414771741017186,3.850418709224248,3.3076946077352764e-4,0.027258947526246968,0.02523049759058224,FGF13/ROBO3/FZD4/OBSL1/PACSIN1/PTPRS/DMD/DBN1/EPHB3/NIN/PAK3/ULK1/NEDD4L/ULK2/ZFYVE27/SERPINI1/RAB17/PRKD1/CUX2/MT3/FIGNL2/CSMD3/TOX/NEFL/PTK7/RET/ATP1B2/DENND5A/KIF1A/FUT9/CHODL/NTN1/KIF26A/ATP8A2/CAMK2B/DKK1,36
GO:0072001,renal system development,29/823,334/18860,0.08682634730538923,1.989726500825809,3.898294972596707,3.526000720683231e-4,0.027862901714739628,0.025789509074166255,NPHS1/ERBB4/PDGFD/SMAD5/ACVR2B/FREM2/GPC3/WNT6/LAMB2/ACAT1/BCL2L11/COL4A4/BMPER/WDPCP/IRX3/IRX2/PTK7/RET/SIX4/VANGL2/ZBTB16/TMEM59L/KLHL3/GLIS2/TFAP2B/EDN1/NID1/KCNJ8/SIX1,29
GO:0034765,regulation of monoatomic ion transmembrane transport,28/823,318/18860,0.0880503144654088,2.0177751285754675,3.9098869517548924,3.534242087493482e-4,0.027862901714739628,0.025789509074166255,FGF13/KCNE2/KCNJ16/FXYD4/KCNIP3/KCNJ18/GSTM2/DMD/ATP4A/RYR2/KCNJ12/KCNJ15/NEDD4L/PPP3CC/PRKD1/PLA2G1B/KCNQ1/KCNJ13/KCNIP4/F2/LRRC52/ATP1B2/LRRC26/KCNJ10/KCNG4/EDN1/KCNJ8/KCNJ11,28
GO:0048839,inner ear development,21/823,210/18860,0.1,2.2916160388821387,4.020506363415961,3.5841108008117904e-4,0.027862901714739628,0.025789509074166255,KCNK2/LRIG1/ANKRD24/COL2A1/HPN/FREM2/BMPER/LHFPL5/WDPCP/KCNQ1/GABRB3/FGF20/PTK7/SOX2/SIX4/VANGL2/NTN1/GABRB2/INSIG1/ATP8A2/SIX1,21
GO:0010038,response to metal ion,30/823,351/18860,0.08547008547008547,1.9586461870787508,3.8725543797442348,3.6692683014226694e-4,0.027862901714739628,0.025789509074166255,FGA/FGB/FGG/PDCD6/SLC41A1/KCNMB2/MT1F/NFATC2/ALAD/BNIP3/RYR2/PRKAA2/MT1X/MT1B/MT1M/MT1G/MT3/KIT/MT1E/ADCY1/GABRB3/ABCC8/TF/MT2A/CPNE4/MT1H/PGAM2/KCNJ10/EDN1/TRPV6,30
GO:0009101,glycoprotein biosynthetic process,27/823,303/18860,0.0891089108910891,2.0420340940533905,3.9059479743968666,3.707134334593808e-4,0.027862901714739628,0.025789509074166255,XYLT2/VEGFB/HS3ST4/B3GAT1/ST3GAL1/CHST3/B3GALNT1/MAN2A2/IL33/ITM2A/ST3GAL6/ABCA2/TMTC4/NDST3/HS6ST3/NECAB3/PMM1/CHST11/ST8SIA5/CWH43/VANGL2/GCNT2/FUT9/RAMP1/CSGALNACT1/GALNT14/GXYLT2,27
GO:0098719,sodium ion import across plasma membrane,7/823,32/18860,0.21875,5.012910085054678,4.852990245928942,3.7969775621083746e-4,0.027862901714739628,0.025789509074166255,SLC5A2/SLC9A4/NEDD4L/SLC9A7/SCNN1B/SCNN1G/SLC9A3,7
GO:0046883,regulation of hormone secretion,25/823,272/18860,0.09191176470588236,2.1062647416196127,3.925584103396178,3.8036030509828745e-4,0.027862901714739628,0.025789509074166255,FGA/FGB/FGG/PDE8B/MYRIP/CCKAR/GHRL/CHRM3/RAPGEF4/GNAZ/OXCT1/SIRT4/PRKD1/GNAI1/CELA2A/SIDT2/C1QTNF3/PLA2G6/ABCC8/CHGA/FFAR3/F2/TFAP2B/EDN1/KCNJ11,25
GO:0046676,negative regulation of insulin secretion,8/823,42/18860,0.19047619047619047,4.364982931204073,4.66334851829989,4.0070560515770363e-4,0.028450097966196956,0.026333009647448766,PDE8B/GHRL/GNAZ/SIRT4/GNAI1/ABCC8/CHGA/KCNJ11,8
GO:0046717,acid secretion,8/823,42/18860,0.19047619047619047,4.364982931204073,4.66334851829989,4.0070560515770363e-4,0.028450097966196956,0.026333009647448766,SLC26A7/PTGER3/CCKBR/GHRL/HIP1R/SLC9A4/SGK1/KCNQ1,8
GO:0010232,vascular transport,12/823,88/18860,0.13636363636363635,3.124930962112007,4.267838561825292,4.281599440589895e-4,0.02879216473302691,0.026649621825083698,SLC16A7/SLC1A2/LEPR/ATP8A1/SLC2A4/SLC13A3/SLC29A1/ABCA2/ABCC5/SLC8A2/ATP1B2/KCNJ8,12
GO:0150104,transport across blood-brain barrier,12/823,88/18860,0.13636363636363635,3.124930962112007,4.267838561825292,4.281599440589895e-4,0.02879216473302691,0.026649621825083698,SLC16A7/SLC1A2/LEPR/ATP8A1/SLC2A4/SLC13A3/SLC29A1/ABCA2/ABCC5/SLC8A2/ATP1B2/KCNJ8,12
GO:0050807,regulation of synapse organization,28/823,322/18860,0.08695652173913043,1.9927095990279466,3.837919078201896,4.3202476092670563e-4,0.02879216473302691,0.026649621825083698,LINGO2/CDH2/CACNA2D3/PTPRS/CYFIP2/GHRL/DBN1/EPHB3/PTPN13/PAK3/LINGO4/NEDD4L/RAB17/CUX2/FLRT3/LRFN2/NEFL/SIX4/VANGL2/KIF1A/NTN1/SLITRK4/LRRN1/CRTAC1/SYNDIG1/SIX1/CAMK2B/DKK1,28
GO:0055123,digestive system development,17/823,155/18860,0.10967741935483871,2.513385332967507,4.041230375968718,4.419304258416548e-4,0.02879216473302691,0.026649621825083698,CCKBR/PTF1A/HIP1R/EGFR/EPHB3/ACVR2B/RBPMS2/SLC4A2/GATA6/KIT/ADA/WDPCP/KCNQ1/RET/VANGL2/GATA5/NPY,17
GO:0007409,axonogenesis,37/823,472/18860,0.07838983050847458,1.796393928784727,3.742904856102512,4.421822927767489e-4,0.02879216473302691,0.026649621825083698,APLP1/FGF13/ROBO3/PTPRM/CCKAR/PTPRS/CYFIP2/EPHB3/LAMA2/PTPRZ1/NIN/PAK3/CELSR1/NTN4/EPHB6/ULK1/ULK2/ZFYVE27/EVL/LAMB2/GFRA3/MT3/FLRT3/ADCY1/NEFL/PTK7/RET/VANGL2/SEMA3D/NDN/UNC5A/CHODL/NTN1/SLITRK4/KIF5C/EDN1/ATP8A2,37
GO:0042472,inner ear morphogenesis,14/823,114/18860,0.12280701754385964,2.814265310907889,4.150266753768479,4.429563805081063e-4,0.02879216473302691,0.026649621825083698,LRIG1/ANKRD24/COL2A1/HPN/LHFPL5/WDPCP/KCNQ1/PTK7/SIX4/VANGL2/NTN1/INSIG1/ATP8A2/SIX1,14
GO:0003096,renal sodium ion transport,6/823,24/18860,0.25,5.729040097205346,4.951780344047857,4.642300358377074e-4,0.02975585576931972,0.027541600664172758,SGK1/KCNQ1/PON3/KLHL3/EDN1/GUCA2B,6
GO:0003014,renal system process,16/823,143/18860,0.11188811188811189,2.5640459176303647,4.010296588452328,5.160414153173965e-4,0.032623714132736785,0.030196049940273906,AQP4/CLCNKA/SLC5A2/CLDN19/NPR3/SGK1/SLC22A12/ADM/SCNN1B/KCNQ1/PRKACB/PON3/KLHL3/EDN1/GUCA2B/TTR,16
GO:0045834,positive regulation of lipid metabolic process,16/823,145/18860,0.1103448275862069,2.5286797670423593,3.9471415228383013,6.019624475983314e-4,0.03690556557763195,0.03415927128106984,PLIN5/ANGPTL3/FUT1/FABP3/SIRT4/APOA5/APOH/GNAI1/PLA2G6/PPARGC1A/SORBS1/ADM/GPIHBP1/EEF1A2/INSIG1/EDN1,16
GO:0050803,regulation of synapse structure or activity,28/823,329/18860,0.0851063829787234,1.9503115224528838,3.714425150165536,6.071440910946738e-4,0.03690556557763195,0.03415927128106984,LINGO2/CDH2/CACNA2D3/PTPRS/CYFIP2/GHRL/DBN1/EPHB3/PTPN13/PAK3/LINGO4/NEDD4L/RAB17/CUX2/FLRT3/LRFN2/NEFL/SIX4/VANGL2/KIF1A/NTN1/SLITRK4/LRRN1/CRTAC1/SYNDIG1/SIX1/CAMK2B/DKK1,28
GO:0043587,tongue morphogenesis,4/823,10/18860,0.4,9.166464155528555,5.517666892899499,6.120824861618569e-4,0.03690556557763195,0.03415927128106984,WDPCP/HOXC13/SIX4/SIX1,4
GO:0050708,regulation of protein secretion,25/823,281/18860,0.08896797153024912,2.0388043050552835,3.7475965337880823,6.157721612291974e-4,0.03690556557763195,0.03415927128106984,FGA/FGB/FGG/PDE8B/TMEM132A/MYRIP/GHRL/CHRM3/RAPGEF4/GNAZ/OXCT1/SIRT4/PLA2G1B/GNAI1/CELA2A/SIDT2/C1QTNF3/PLA2G6/ABCC8/CHGA/IDH2/F2/TGFB3/TFAP2B/KCNJ11,25
GO:0035860,glial cell-derived neurotrophic factor receptor signaling pathway,5/823,17/18860,0.29411764705882354,6.74004717318276,5.057571059835543,6.237560379318076e-4,0.03690556557763195,0.03415927128106984,NRTN/PSPN/GFRA3/GFRA4/RET,5
GO:0170039,proteinogenic amino acid metabolic process,18/823,175/18860,0.10285714285714286,2.3570907828501997,3.852640354267134,6.601483681538958e-4,0.03856436353202822,0.035694631285389855,ALDH6A1/BCAT2/ADHFE1/GPT2/GLUL/HDC/NAT8L/SIRT4/GNMT/CBS/ACAT1/GLS2/PLOD2/ASNS/CARNS1/PHGDH/GLYATL1/CDO1,18
GO:0071692,protein localization to extracellular region,32/823,398/18860,0.08040201005025126,1.8425053578951869,3.628707224597026,6.871512345574747e-4,0.03964003684353432,0.03669025933992411,FGA/FGB/FGG/PDE8B/TMEM132A/MYRIP/GHRL/CHRM3/RAPGEF4/GNAZ/ACVR2B/OXCT1/SIRT4/PLA2G1B/GNAI1/CELA2A/SIDT2/C1QTNF3/PLA2G6/NECAB3/AFM/ABCC8/CHGA/IDH2/CWH43/F2/TGFB3/PTPRN/TFAP2B/DAND5/KCNJ8/KCNJ11,32
GO:0170033,L-amino acid metabolic process,18/823,177/18860,0.1016949152542373,2.3304569886937,3.798754789489237,7.548491418348634e-4,0.04300776283417154,0.0398073790456904,ALDH6A1/BCAT2/ADHFE1/GPT2/GLUL/HDC/NAT8L/SIRT4/GNMT/CBS/ACAT1/GLS2/PLOD2/ASNS/CARNS1/PHGDH/GLYATL1/CDO1,18
GO:0072378,"blood coagulation, fibrin clot formation",5/823,18/18860,0.2777777777777778,6.36560010800594,4.864835394041246,8.328400601294615e-4,0.04648613057975912,0.043026907200242354,FGA/FGB/FGG/APOH/FBLN1,5
GO:0180064,protein O-linked glycosylation via xylose,9/823,58/18860,0.15517241379310345,3.5559559224033186,4.164304017747745,8.562752649204058e-4,0.04648613057975912,0.043026907200242354,XYLT2/HS3ST4/B3GAT1/CHST3/NDST3/HS6ST3/CHST11/VANGL2/CSGALNACT1,9
GO:0070293,renal absorption,8/823,47/18860,0.1702127659574468,3.9006230449057675,4.252930537277315,8.808668782300063e-4,0.04648613057975912,0.043026907200242354,CLCNKA/SLC5A2/CLDN19/SGK1/KCNQ1/KLHL3/EDN1/GUCA2B,8
GO:0090278,negative regulation of peptide hormone secretion,8/823,47/18860,0.1702127659574468,3.9006230449057675,4.252930537277315,8.808668782300063e-4,0.04648613057975912,0.043026907200242354,PDE8B/GHRL/GNAZ/SIRT4/GNAI1/ABCC8/CHGA/KCNJ11,8
GO:0042471,ear morphogenesis,15/823,136/18860,0.11029411764705882,2.5275176899435348,3.8188577511952984,8.854479799317072e-4,0.04648613057975912,0.043026907200242354,LRIG1/ANKRD24/COL2A1/HPN/LHFPL5/WDPCP/KCNQ1/PTK7/SIX4/VANGL2/NTN1/INSIG1/EDN1/ATP8A2/SIX1,15
GO:0042730,fibrinolysis,6/823,27/18860,0.2222222222222222,5.092480086404753,4.545543298186943,9.12997027799618e-4,0.04648613057975912,0.043026907200242354,FGA/FGB/FGG/APOH/F2/HRG,6
GO:0032836,glomerular basement membrane development,4/823,11/18860,0.36363636363636365,8.333149232298686,5.196606159164116,9.287201043406953e-4,0.04648613057975912,0.043026907200242354,NPHS1/LAMB2/COL4A4/NID1,4
GO:0048537,mucosa-associated lymphoid tissue development,4/823,11/18860,0.36363636363636365,8.333149232298686,5.196606159164116,9.287201043406953e-4,0.04648613057975912,0.043026907200242354,RORC/ADA/TOX/RET,4
GO:0048541,Peyer's patch development,4/823,11/18860,0.36363636363636365,8.333149232298686,5.196606159164116,9.287201043406953e-4,0.04648613057975912,0.043026907200242354,RORC/ADA/TOX/RET,4
GO:1904338,regulation of dopaminergic neuron differentiation,4/823,11/18860,0.36363636363636365,8.333149232298686,5.196606159164116,9.287201043406953e-4,0.04648613057975912,0.043026907200242354,FOXA1/FGF20/FERD3L/DKK1,4
GO:0030166,proteoglycan biosynthetic process,11/823,83/18860,0.13253012048192772,3.037081497313678,3.9729348412405323,9.364544462177648e-4,0.04648613057975912,0.043026907200242354,XYLT2/HS3ST4/B3GAT1/ST3GAL1/CHST3/ST3GAL6/NDST3/HS6ST3/CHST11/VANGL2/CSGALNACT1,11
GO:0072073,kidney epithelium development,16/823,151/18860,0.10596026490066225,2.428202425305577,3.7638304167554972,9.367735956484503e-4,0.04648613057975912,0.043026907200242354,NPHS1/SMAD5/GPC3/WNT6/LAMB2/ACAT1/BMPER/IRX3/IRX2/RET/SIX4/TMEM59L/KLHL3/TFAP2B/EDN1/SIX1,16
GO:0055075,potassium ion homeostasis,7/823,37/18860,0.1891891891891892,4.335489803290533,4.338036017053658,9.607826930487288e-4,0.04717034179170089,0.04366020345343496,ATP4B/ATP4A/SCNN1B/KCNQ1/ATP1B2/KLHL3/KCNJ10,7
GO:0051963,regulation of synapse assembly,18/823,181/18860,0.09944751381215469,2.278955176788867,3.693132554903061,9.796036723812324e-4,0.04758811524251987,0.04404688867061542,LINGO2/PTPRS/CYFIP2/GHRL/EPHB3/PTPN13/LINGO4/RAB17/CUX2/FLRT3/SIX4/NTN1/SLITRK4/LRRN1/CRTAC1/SYNDIG1/SIX1/DKK1,18
GO:0002792,negative regulation of peptide secretion,8/823,48/18860,0.16666666666666666,3.819360064803564,4.177637690652072,0.0010172445444828282,0.048901912216544295,0.045262920630606544,PDE8B/GHRL/GNAZ/SIRT4/GNAI1/ABCC8/CHGA/KCNJ11,8
GO:0014823,response to activity,11/823,84/18860,0.13095238095238096,3.0009257652028007,3.925962766486519,0.001035948233060596,0.04928764016056341,0.04561994497840368,FUT1/ALAD/FNDC5/RYR2/HDAC5/OXCT1/PRKAA2/KL/PPARGC1A/EDN1/POSTN,11
GO:0006541,glutamine metabolic process,5/823,19/18860,0.2631578947368421,6.030568523374048,4.686180256823204,0.0010899918164247692,0.050811234674750606,0.04703016258428191,GLUL/SIRT4/GLS2/PHGDH/GLYATL1,5
GO:0043586,tongue development,5/823,19/18860,0.2631578947368421,6.030568523374048,4.686180256823204,0.0010899918164247692,0.050811234674750606,0.04703016258428191,KIT/WDPCP/HOXC13/SIX4/SIX1,5
GO:0045926,negative regulation of growth,21/823,229/18860,0.09170305676855896,2.1014819570534895,3.582235562473561,0.001111945456278509,0.051316282807253186,0.04749762801661252,FGF13/KCNK2/PTPRS/MT1F/ULK1/ULK2/MT1X/GPC3/MT1B/MT1M/MT1G/MT3/MT1E/ALOX15B/IGFBP5/MT2A/MT1H/NTN1/RERG/HRG/ADRB2,21
GO:1901606,alpha-amino acid catabolic process,12/823,98/18860,0.12244897959183673,2.8060604557740474,3.8289778230677474,0.0011390048980211198,0.05176052300740334,0.04790881048390096,ALDH6A1/BCAT2/ADHFE1/GPT2/GLUL/HDC/CBS/ACAT1/SARDH/GLS2/CARNS1/CDO1,12
GO:0170040,proteinogenic amino acid catabolic process,11/823,85/18860,0.12941176470588237,2.965620756200415,3.8796836510832744,0.0011440028920379503,0.05176052300740334,0.04790881048390096,ALDH6A1/BCAT2/ADHFE1/GPT2/GLUL/HDC/CBS/ACAT1/GLS2/CARNS1/CDO1,11
GO:0006493,protein O-linked glycosylation,16/823,154/18860,0.1038961038961039,2.3808997806567676,3.675438424149615,0.0011563402095584646,0.05181077735060499,0.04795532519558763,XYLT2/VEGFB/HS3ST4/B3GAT1/ST3GAL1/CHST3/B3GALNT1/TMTC4/NDST3/HS6ST3/CHST11/VANGL2/FUT9/CSGALNACT1/GALNT14/GXYLT2,16
GO:0009100,glycoprotein metabolic process,30/823,377/18860,0.07957559681697612,1.8235671396940094,3.450329318541759,0.0011724919793685677,0.05202933158448019,0.048157615913741375,XYLT2/VEGFB/HS3ST4/B3GAT1/COL2A1/ST3GAL1/CHST3/B3GALNT1/IDUA/MAN2A2/IL33/ITM2A/ST3GAL6/ABCA2/TMTC4/NDST3/HS6ST3/NECAB3/PMM1/CHST11/FBXO27/ST8SIA5/CWH43/VANGL2/GCNT2/FUT9/RAMP1/CSGALNACT1/GALNT14/GXYLT2,30
GO:0036018,cellular response to erythropoietin,4/823,12/18860,0.3333333333333333,7.638720129607128,4.913822245029941,0.0013451794577109628,0.05801872147043078,0.05370131076626747,EPOR/MT1X/KIT/MT2A,4
GO:0048671,negative regulation of collateral sprouting,4/823,12/18860,0.3333333333333333,7.638720129607128,4.913822245029941,0.0013451794577109628,0.05801872147043078,0.05370131076626747,FGF13/PTPRS/ULK1/ULK2,4
GO:0071389,cellular response to mineralocorticoid stimulus,4/823,12/18860,0.3333333333333333,7.638720129607128,4.913822245029941,0.0013451794577109628,0.05801872147043078,0.05370131076626747,SGK1/SCNN1B/SCNN1G/EDN1,4
GO:0170035,L-amino acid catabolic process,11/823,87/18860,0.12643678160919541,2.897445566402704,3.789127396872063,0.0013880162474180148,0.058956229818663386,0.05456905527835685,ALDH6A1/BCAT2/ADHFE1/GPT2/GLUL/HDC/CBS/ACAT1/GLS2/CARNS1/CDO1,11
GO:0072079,nephron tubule formation,5/823,20/18860,0.25,5.729040097205346,4.519856432417771,0.0014015756883724632,0.058956229818663386,0.05456905527835685,WNT6/IRX3/IRX2/SIX4/SIX1,5
GO:0006029,proteoglycan metabolic process,13/823,114/18860,0.11403508771929824,2.613246360128754,3.6904209620421424,0.001405240580726538,0.058956229818663386,0.05456905527835685,XYLT2/HS3ST4/B3GAT1/COL2A1/ST3GAL1/CHST3/IDUA/ST3GAL6/NDST3/HS6ST3/CHST11/VANGL2/CSGALNACT1,13
GO:1903524,positive regulation of blood circulation,7/823,40/18860,0.175,4.0103280680437425,4.071093804057702,0.0015532304042070544,0.06457800284158159,0.05977248914435493,GHRL/RYR2/ADM/ADA/KCNQ1/CHGA/EDN1,7
GO:0001666,response to hypoxia,26/823,317/18860,0.08201892744479496,1.8795588962440255,3.3735072884589012,0.0015896962444982552,0.06550400150320936,0.060629580452762406,VEGFB/KCNK2/FZD4/CA9/HMOX2/ALAD/BNIP3/RYR2/SLC2A4/SIRT4/SLC29A1/CBS/GATA6/MT3/WTIP/ADA/PLOD2/SOX2/RORA/TGFB3/SCN2A/EDN1/POSTN/KCNJ8/KCNJ11/SOD3,26
GO:0030195,negative regulation of blood coagulation,8/823,52/18860,0.15384615384615385,3.525563136741752,3.8955222471270954,0.0017404063806817647,0.07058344083487227,0.06533103789882229,FGA/FGB/FGG/APOH/F2/PROC/HRG/EDN1,8
GO:0055001,muscle cell development,19/823,206/18860,0.09223300970873786,2.113626443629157,3.4329245157737827,0.0017545345651667889,0.07058344083487227,0.06533103789882229,MYBPC3/DNER/OBSL1/DMD/NFATC2/SORBS2/PRKD1/CACNA2D2/NRAP/ADM/NEBL/SYPL2/CSRP2/EFEMP2/SIX4/ALPK3/LMOD2/EDN1/SIX1,19
GO:0070294,renal sodium ion absorption,5/823,21/18860,0.23809523809523808,5.456228664005091,4.364407439247459,0.0017741449917324339,0.07058344083487227,0.06533103789882229,SGK1/KCNQ1/KLHL3/EDN1/GUCA2B,5
GO:0110096,cellular response to aldehyde,5/823,21/18860,0.23809523809523808,5.456228664005091,4.364407439247459,0.0017741449917324339,0.07058344083487227,0.06533103789882229,ALDH1A1/SGK1/SCNN1B/SCNN1G/RDH12,5
GO:0046467,membrane lipid biosynthetic process,16/823,161/18860,0.09937888198757763,2.2773823988890816,3.4769766178859505,0.001842684660360952,0.07216052898012697,0.06679076845557512,FUT1/ST3GAL1/GBGT1/B3GALNT1/PIGZ/A4GALT/CERS4/PRKD1/ST3GAL6/ABCA2/PLA2G6/PNPLA1/CYP4F22/ST8SIA5/CWH43/FUT9,16
GO:1901605,alpha-amino acid metabolic process,19/823,207/18860,0.09178743961352658,2.1034156878628325,3.409785637352073,0.001855147566987765,0.07216052898012697,0.06679076845557512,ALDH6A1/BCAT2/ADHFE1/GPT2/GLUL/HDC/NAT8L/SIRT4/GNMT/CBS/ACAT1/SARDH/GLS2/PLOD2/ASNS/CARNS1/PHGDH/GLYATL1/CDO1,19
GO:0034116,positive regulation of heterotypic cell-cell adhesion,4/823,13/18860,0.3076923076923077,7.051126273483504,4.661909858732376,0.0018763301143261617,0.07216052898012697,0.06679076845557512,FGA/FGB/FGG/GCNT2,4
GO:0036017,response to erythropoietin,4/823,13/18860,0.3076923076923077,7.051126273483504,4.661909858732376,0.0018763301143261617,0.07216052898012697,0.06679076845557512,EPOR/MT1X/KIT/MT2A,4
GO:0050878,regulation of body fluid levels,30/823,389/18860,0.07712082262210797,1.767313140526071,3.2664749156781356,0.001901253318839587,0.07251474435078259,0.06711862520966547,FGA/AQP4/FGB/FGG/ERBB4/DGKD/CHRM3/SLC29A1/NPR3/APOH/ENPP4/CELA2A/PDIA2/ADM/ADA/SCNN1B/FGL1/SERPIND1/SCNN1G/PRKACB/F2/VAV3/FBLN1/PROC/HRG/EDN1/PRSS56/GUCA2B/CDO1/TTR,30
GO:0042403,thyroid hormone metabolic process,6/823,31/18860,0.1935483870967742,4.435385881707364,4.089025707351959,0.0019574769728899753,0.0734261168433651,0.06796217874217382,SLC26A7/HPN/DUOX1/SULT2A1/DUOXA1/SLC16A10,6
GO:0050873,brown fat cell differentiation,8/823,53/18860,0.1509433962264151,3.459043077557945,3.8293177473319133,0.001972879412476115,0.0734261168433651,0.06796217874217382,ALDH6A1/FNDC5/BNIP3/FABP3/SLC2A4/PPARGC1A/ADRB2/SIX1,8
GO:1900047,negative regulation of hemostasis,8/823,53/18860,0.1509433962264151,3.459043077557945,3.8293177473319133,0.001972879412476115,0.0734261168433651,0.06796217874217382,FGA/FGB/FGG/APOH/F2/PROC/HRG/EDN1,8
GO:0044282,small molecule catabolic process,29/823,373/18860,0.0777479892761394,1.7816853921603757,3.2570939557406846,0.0019902209398034868,0.07347895709754473,0.06801108693661094,ALDH6A1/BCAT2/ADHFE1/PLIN5/GPT2/ACADL/GLUL/HDC/FUT1/DCXR/OXCT1/LDHB/ECI2/CBS/ENPP4/SULT2A1/ACAT1/GALT/ADA/ALDH1L2/SARDH/GLS2/TKTL1/ALDH1L1/PGAM2/PON3/CARNS1/FUT9/CDO1,29
GO:0035592,establishment of protein localization to extracellular region,30/823,391/18860,0.07672634271099744,1.758273175612894,3.2364542784068906,0.002054588454191058,0.07525337869914074,0.06965346655895834,FGA/FGB/FGG/PDE8B/TMEM132A/MYRIP/GHRL/CHRM3/RAPGEF4/GNAZ/ACVR2B/OXCT1/SIRT4/PLA2G1B/GNAI1/CELA2A/SIDT2/C1QTNF3/PLA2G6/NECAB3/AFM/ABCC8/CHGA/IDH2/F2/TGFB3/PTPRN/TFAP2B/KCNJ8/KCNJ11,30
GO:0051962,positive regulation of nervous system development,24/823,291/18860,0.08247422680412371,1.8899926093873307,3.268253476555804,0.0021942366374480718,0.07626439377111124,0.07058924785839528,LINGO2/SMARCD3/ROBO3/FZD4/OBSL1/GHRL/DBN1/EPHB3/PTPRZ1/NIN/LINGO4/ZFYVE27/CUX2/FLRT3/KIT/NEFL/CHODL/RASSF10/NTN1/SLITRK4/ID4/LRRN1/SYNDIG1/CAMK2B,24
GO:0001508,action potential,17/823,179/18860,0.09497206703910614,2.1763951207260535,3.3779775974535764,0.0021978808587764425,0.07626439377111124,0.07058924785839528,FGF13/KCNK2/KCNE2/TMEM161B/KCNMB2/DMD/CLDN19/RYR2/NEDD4L/KCNQ1/ABCC8/SLC8A2/SCN2A/KCNG4/KCNE4/KCNJ8/KCNJ11,17
GO:0030509,BMP signaling pathway,17/823,179/18860,0.09497206703910614,2.1763951207260535,3.3779775974535764,0.0021978808587764425,0.07626439377111124,0.07058924785839528,GDF5/GPR155/RGMB/SMAD5/ACVR2B/PDCD4/RBPMS2/GPC3/GREM2/BMPER/FST/SMAD9/TFAP2B/SOSTDC1/DAND5/AMHR2/DKK1,17
GO:0050796,regulation of insulin secretion,17/823,179/18860,0.09497206703910614,2.1763951207260535,3.3779775974535764,0.0021978808587764425,0.07626439377111124,0.07058924785839528,PDE8B/MYRIP/GHRL/CHRM3/RAPGEF4/GNAZ/OXCT1/SIRT4/GNAI1/CELA2A/SIDT2/PLA2G6/ABCC8/CHGA/F2/TFAP2B/KCNJ11,17
GO:0019722,calcium-mediated signaling,21/823,242/18860,0.08677685950413223,1.9885924304349136,3.3062489085523894,0.002200862454143674,0.07626439377111124,0.07058924785839528,RGN/GSTM2/DMD/NFATC2/CHRM3/HOMER2/GRIA3/RYR2/PPP3CC/CD3E/PTGDR2/PRKD1/RCAN2/ADA/SLC8A2/GPR62/CA8/EDN1/KCNJ8/KCNJ11/DEFB1,21
GO:0006590,thyroid hormone generation,5/823,22/18860,0.22727272727272727,5.208218270186678,4.218609214183642,0.0022143940986628185,0.07626439377111124,0.07058924785839528,SLC26A7/HPN/DUOX1/DUOXA1/SLC16A10,5
GO:0006883,intracellular sodium ion homeostasis,5/823,22/18860,0.22727272727272727,5.208218270186678,4.218609214183642,0.0022143940986628185,0.07626439377111124,0.07058924785839528,ATP4B/ATP4A/SCNN1B/SCNN1G/ATP1B2,5
GO:0072376,protein activation cascade,5/823,22/18860,0.22727272727272727,5.208218270186678,4.218609214183642,0.0022143940986628185,0.07626439377111124,0.07058924785839528,FGA/FGB/FGG/APOH/FBLN1,5
GO:0007189,adenylate cyclase-activating G protein-coupled receptor signaling pathway,18/823,195/18860,0.09230769230769231,2.115337882045051,3.344158529006059,0.0022681662218399495,0.07753768232438049,0.07176778579513853,DRD5/PTGER3/APLP1/RAPGEF4/HTR1E/GNAI1/ADM/SCTR/ADCY1/CHGA/PRKACB/PTH1R/GPR62/RAMP1/MC5R/ADRA1B/ADRB2/S1PR3,18
GO:0019433,triglyceride catabolic process,6/823,32/18860,0.1875,4.29678007290401,3.9869424426832305,0.002321579869046696,0.07859800343871771,0.07274920407237648,PLIN5/FUT1/PNPLA4/APOA5/GPIHBP1/PNPLA1,6
GO:0006805,xenobiotic metabolic process,14/823,135/18860,0.1037037037037037,2.3764907069888843,3.4285173377385263,0.002333245172503646,0.07859800343871771,0.07274920407237648,GSTA3/GSTM2/CYP2C8/GSTA4/SLC29A1/SULT2A1/ACSM2B/RORC/ADA/RORA/ABCC5/FMO2/GSTM3/ALDH3A1,14
GO:0046461,neutral lipid catabolic process,7/823,43/18860,0.16279069767441862,3.73053773771511,3.8289907191319794,0.002397335682212247,0.07959499405330592,0.07367200453174781,PLIN5/FUT1/DGKD/PNPLA4/APOA5/GPIHBP1/PNPLA1,7
GO:0046464,acylglycerol catabolic process,7/823,43/18860,0.16279069767441862,3.73053773771511,3.8289907191319794,0.002397335682212247,0.07959499405330592,0.07367200453174781,PLIN5/FUT1/DGKD/PNPLA4/APOA5/GPIHBP1/PNPLA1,7
GO:0009247,glycolipid biosynthetic process,10/823,80/18860,0.125,2.864520048602673,3.569779180219186,0.0024605174329845303,0.08110919966588291,0.07507353190264078,FUT1/ST3GAL1/GBGT1/B3GALNT1/PIGZ/A4GALT/ST3GAL6/ST8SIA5/CWH43/FUT9,10
GO:0043269,regulation of monoatomic ion transport,33/823,449/18860,0.07349665924276169,1.6842612312496787,3.1346099747038676,0.002526073719694238,0.08187011091351705,0.07577782062771334,FGF13/KCNE2/KCNJ16/FXYD4/KCNIP3/KCNJ18/GSTM2/DMD/HOMER2/ATP4A/RYR2/KCNJ12/KCNJ15/NEDD4L/PPP3CC/PRKD1/PLA2G1B/KCNQ1/ABCC8/KCNJ13/KCNIP4/F2/LRRC52/ATP1B2/LRRC26/KCNJ10/PACSIN3/KCNG4/EDN1/ADRB2/KCNJ8/KCNJ11/CAMK2B,33
GO:0046322,negative regulation of fatty acid oxidation,4/823,14/18860,0.2857142857142857,6.54747439680611,4.435339070792142,0.002536820338165317,0.08187011091351705,0.07577782062771334,PLIN5/ACADL/SIRT4/FMO2,4
GO:1901016,regulation of potassium ion transmembrane transporter activity,4/823,14/18860,0.2857142857142857,6.54747439680611,4.435339070792142,0.002536820338165317,0.08187011091351705,0.07577782062771334,KCNE2/KCNQ1/LRRC52/LRRC26,4
GO:0030073,insulin secretion,19/823,213/18860,0.0892018779342723,2.044164541725851,3.273643271666966,0.002566806241264883,0.08226257502387109,0.07614107987611765,PDE8B/MYRIP/GHRL/CHRM3/RAPGEF4/GNAZ/ACVR2B/OXCT1/SIRT4/GNAI1/CELA2A/SIDT2/PLA2G6/ABCC8/CHGA/F2/PTPRN/TFAP2B/KCNJ11,19
GO:0072009,nephron epithelium development,13/823,122/18860,0.10655737704918032,2.441885943071131,3.4129215149947556,0.002592239492892762,0.08250472592896618,0.07636521134053595,NPHS1/GPC3/WNT6/LAMB2/ACAT1/IRX3/IRX2/SIX4/TMEM59L/KLHL3/TFAP2B/EDN1/SIX1,13
GO:0034762,regulation of transmembrane transport,33/823,450/18860,0.07333333333333333,1.6805184285135681,3.121018538249393,0.0026158694403804615,0.08268655799558788,0.07653351253831227,FGF13/KCNE2/PTPRM/KCNJ16/FXYD4/KCNIP3/SLC1A2/KCNJ18/GSTM2/DMD/ATP4A/RYR2/KCNJ12/KCNJ15/CNIH3/NEDD4L/PPP3CC/GPC3/PRKD1/PLA2G1B/SORBS1/KCNQ1/KCNJ13/KCNIP4/F2/LRRC52/ATP1B2/LRRC26/KCNJ10/KCNG4/EDN1/KCNJ8/KCNJ11,33
GO:0060560,developmental growth involved in morphogenesis,21/823,246/18860,0.08536585365853659,1.9562575941676794,3.2247770258729482,0.0026791519080174293,0.08411078949320025,0.07785176113666115,SH3GL2/FGF13/PPP2R3A/PTPRS/CYFIP2/NIN/ULK1/NEDD4L/ULK2/ZFYVE27/LAMB2/MT3/FLRT3/PTK7/SIX4/VANGL2/NDN/NTN1/EDN1/POSTN/SIX1,21
GO:0036293,response to decreased oxygen levels,26/823,330/18860,0.07878787878787878,1.8055156669980483,3.1533367134841424,0.002768992906226422,0.08634393420429012,0.07991872840303571,VEGFB/KCNK2/FZD4/CA9/HMOX2/ALAD/BNIP3/RYR2/SLC2A4/SIRT4/SLC29A1/CBS/GATA6/MT3/WTIP/ADA/PLOD2/SOX2/RORA/TGFB3/SCN2A/EDN1/POSTN/KCNJ8/KCNJ11/SOD3,26
GO:0007528,neuromuscular junction development,8/823,56/18860,0.14285714285714285,3.273737198403055,3.63987319761003,0.0028195027487303084,0.08639581468180324,0.07996674824171923,RAPSN/NEDD4L/LAMB2/CACNA2D2/SIX4/COL4A5/KCNJ8/SIX1,8
GO:0050819,negative regulation of coagulation,8/823,56/18860,0.14285714285714285,3.273737198403055,3.63987319761003,0.0028195027487303084,0.08639581468180324,0.07996674824171923,FGA/FGB/FGG/APOH/F2/PROC/HRG/EDN1,8
GO:0014033,neural crest cell differentiation,11/823,95/18860,0.11578947368421053,2.653450150284581,3.451085503540007,0.0028268186385595425,0.08639581468180324,0.07996674824171923,PDCD6/NRTN/CDH2/FOLR1/ERBB4/KITLG/RET/SEMA3D/TCOF1/EDN1/SIX1,11
GO:0035148,tube formation,15/823,153/18860,0.09803921568627451,2.24668239106092,3.307322632142557,0.002874708399632617,0.08697397000403108,0.08050188065834707,EDA/DEAF1/FOLR1/CELSR1/WNT6/BCL2L11/ADM/IRX3/IRX2/PTK7/RET/SIX4/PRKACB/VANGL2/SIX1,15
GO:0030198,extracellular matrix organization,26/823,331/18860,0.07854984894259819,1.800060936886272,3.1368096682715154,0.0028844989554960374,0.08697397000403108,0.08050188065834707,APLP1/THSD4/EGFL6/NPHS1/COL2A1/LAMA2/HPN/NTN4/PBXIP1/COL6A5/DPT/LAMB2/COL4A4/FMOD/MMP19/ADAMTS19/PLOD2/EFEMP2/FBLN1/TIMP3/SMOC1/CSGALNACT1/GAS2/POSTN/NID1/GPM6B,26
GO:0016054,organic acid catabolic process,21/823,248/18860,0.0846774193548387,1.9404813232469722,3.1846124539063205,0.0029493607567602042,0.08697397000403108,0.08050188065834707,ALDH6A1/BCAT2/ADHFE1/PLIN5/GPT2/ACADL/GLUL/HDC/DCXR/LDHB/ECI2/CBS/SULT2A1/ACAT1/ALDH1L2/SARDH/GLS2/ALDH1L1/PON3/CARNS1/CDO1,21
GO:0046395,carboxylic acid catabolic process,21/823,248/18860,0.0846774193548387,1.9404813232469722,3.1846124539063205,0.0029493607567602042,0.08697397000403108,0.08050188065834707,ALDH6A1/BCAT2/ADHFE1/PLIN5/GPT2/ACADL/GLUL/HDC/DCXR/LDHB/ECI2/CBS/SULT2A1/ACAT1/ALDH1L2/SARDH/GLS2/ALDH1L1/PON3/CARNS1/CDO1,21
GO:0014032,neural crest cell development,10/823,82/18860,0.12195121951219512,2.7946537059538277,3.47888453100827,0.0029575013348052425,0.08697397000403108,0.08050188065834707,PDCD6/NRTN/CDH2/FOLR1/ERBB4/KITLG/RET/SEMA3D/TCOF1/EDN1,10
GO:0035567,non-canonical Wnt signaling pathway,9/823,69/18860,0.13043478260869565,2.98906439854192,3.5357010582724815,0.0029776570445583773,0.08697397000403108,0.08050188065834707,FZD4/CELSR1/DAAM2/GPC3/ZNRF3/VANGL2/FZD8/PRICKLE2/DKK1,9
GO:0046503,glycerolipid catabolic process,9/823,69/18860,0.13043478260869565,2.98906439854192,3.5357010582724815,0.0029776570445583773,0.08697397000403108,0.08050188065834707,PLIN5/FUT1/DGKD/PNPLA4/APOA5/PLA2G6/GPIHBP1/PNPLA1/PNPLA7,9
GO:0043062,extracellular structure organization,26/823,332/18860,0.0783132530120482,1.7946390665944458,3.1203389939580517,0.00300406752631959,0.08719353228908747,0.08070510441446471,APLP1/THSD4/EGFL6/NPHS1/COL2A1/LAMA2/HPN/NTN4/PBXIP1/COL6A5/DPT/LAMB2/COL4A4/FMOD/MMP19/ADAMTS19/PLOD2/EFEMP2/FBLN1/TIMP3/SMOC1/CSGALNACT1/GAS2/POSTN/NID1/GPM6B,26
GO:0045229,external encapsulating structure organization,26/823,333/18860,0.07807807807807808,1.7892497600881563,3.1039242916793244,0.0031278107524041246,0.08912319532131723,0.08249117331673726,APLP1/THSD4/EGFL6/NPHS1/COL2A1/LAMA2/HPN/NTN4/PBXIP1/COL6A5/DPT/LAMB2/COL4A4/FMOD/MMP19/ADAMTS19/PLOD2/EFEMP2/FBLN1/TIMP3/SMOC1/CSGALNACT1/GAS2/POSTN/NID1/GPM6B,26
GO:0051180,vitamin transport,8/823,57/18860,0.14035087719298245,3.216303212466159,3.579563952992543,0.0031570490184694615,0.08912319532131723,0.08249117331673726,FOLR1/SLC2A4/AFM/SLC35F3/GC/ABCC5/FOLR3/TCN1,8
GO:0090102,cochlea development,8/823,57/18860,0.14035087719298245,3.216303212466159,3.579563952992543,0.0031570490184694615,0.08912319532131723,0.08249117331673726,KCNK2/HPN/KCNQ1/GABRB3/PTK7/VANGL2/GABRB2/SIX1,8
GO:0090257,regulation of muscle system process,22/823,266/18860,0.08270676691729323,1.8953215359175581,3.1413080792663504,0.0031703643689740646,0.08912319532131723,0.08249117331673726,MYBPC3/FGF13/GHRL/GSTM2/DMD/CHRM3/RYR2/NPR3/PRKD1/GNAI1/KIT/ADA/KCNQ1/ABCC8/CHRM2/CHGA/IGFBP5/GATA5/ADRA1B/EDN1/ADRB2/CAMK2B,22
GO:0015012,heparan sulfate proteoglycan biosynthetic process,6/823,34/18860,0.17647058823529413,4.0440283039096565,3.7947765906939654,0.0031997904932286225,0.08912319532131723,0.08249117331673726,XYLT2/HS3ST4/NDST3/HS6ST3/VANGL2/CSGALNACT1,6
GO:0046320,regulation of fatty acid oxidation,6/823,34/18860,0.17647058823529413,4.0440283039096565,3.7947765906939654,0.0031997904932286225,0.08912319532131723,0.08249117331673726,PLIN5/ACADL/FABP3/SIRT4/PPARGC1A/FMO2,6
GO:0043410,positive regulation of MAPK cascade,34/823,474/18860,0.07172995780590717,1.6437752177635592,3.0321933615616734,0.0032304674493245106,0.08912319532131723,0.08249117331673726,DRD5/FGA/FGB/FGG/IGF1R/DUSP19/VEGFB/CDH2/MBIP/GHR/PDE8B/ERBB4/GHRL/PDGFD/EGFR/TPD52L1/GADD45B/AR/CD3E/KL/PLA2G1B/MT3/KIT/BMPER/FGF20/SOX2/RET/GCNT2/CXCL17/ADRA1B/EDN1/ADRB2/NPY/DKK1,34
GO:0016331,morphogenesis of embryonic epithelium,15/823,155/18860,0.0967741935483871,2.217692940853682,3.251635650209012,0.003255311964387748,0.08912319532131723,0.08249117331673726,DEAF1/FOLR1/AR/CELSR1/TGFB1I1/WNT6/ADM/IRX3/IRX2/PTK7/RET/SIX4/PRKACB/VANGL2/SIX1,15
GO:0060048,cardiac muscle contraction,15/823,155/18860,0.0967741935483871,2.217692940853682,3.251635650209012,0.003255311964387748,0.08912319532131723,0.08249117331673726,MYBPC3/FGF13/VEGFB/KCNE2/GSTM2/DMD/SMAD5/RYR2/NEDD4L/KCNQ1/CHGA/SCN2A/KCNE4/ADRA1B/KCNJ8,15
GO:0030193,regulation of blood coagulation,9/823,70/18860,0.12857142857142856,2.9463634785627493,3.484870724916755,0.0032877480583887284,0.08912319532131723,0.08249117331673726,FGA/FGB/FGG/APOH/ENPP4/F2/PROC/HRG/EDN1,9
GO:0046888,negative regulation of hormone secretion,9/823,70/18860,0.12857142857142856,2.9463634785627493,3.484870724916755,0.0032877480583887284,0.08912319532131723,0.08249117331673726,PDE8B/GHRL/GNAZ/SIRT4/GNAI1/ABCC8/CHGA/EDN1/KCNJ11,9
GO:0009063,amino acid catabolic process,12/823,111/18860,0.10810810810810811,2.477422744737447,3.3346811203183,0.0033088363056091633,0.08912319532131723,0.08249117331673726,ALDH6A1/BCAT2/ADHFE1/GPT2/GLUL/HDC/CBS/ACAT1/SARDH/GLS2/CARNS1/CDO1,12
GO:0007193,adenylate cyclase-inhibiting G protein-coupled receptor signaling pathway,11/823,97/18860,0.1134020618556701,2.59873983790758,3.3720159487382806,0.0033296032350232704,0.08912319532131723,0.08249117331673726,CHRM3/GNAZ/PTGDR2/HTR1E/GNAI1/CHRM2/FFAR3/SSTR2/EDN1/S1PR3/PSAPL1,11
GO:0097531,mast cell migration,4/823,15/18860,0.26666666666666666,6.110976103685703,4.229884455784915,0.0033409128473646547,0.08912319532131723,0.08249117331673726,VEGFB/KITLG/KIT/CHGA,4
GO:0007611,learning or memory,23/823,284/18860,0.08098591549295775,1.8558862286721545,3.1043894769401557,0.0033665776726158193,0.08929170091449429,0.08264713971854201,DRD5/FGF13/DEAF1/KCNK2/PDE1B/PDE8B/B3GAT1/EGFR/ATP8A1/SLC2A4/PTPRZ1/CRTC1/SGK1/CUX2/KIT/RCAN2/ADCY1/GABRB3/ABCC8/SLC8A2/SCN2A/SLITRK4/DKK1,23
GO:0001838,embryonic epithelial tube formation,13/823,126/18860,0.10317460317460317,2.3643657544022063,3.282297333285726,0.003438945416437843,0.09068990341063225,0.08394129624002866,DEAF1/FOLR1/CELSR1/WNT6/ADM/IRX3/IRX2/PTK7/RET/SIX4/PRKACB/VANGL2/SIX1,13
GO:0048565,digestive tract development,14/823,141/18860,0.09929078014184398,2.275363442861698,3.246977607604825,0.003482846215298388,0.09119208868755492,0.08440611185358905,CCKBR/EGFR/EPHB3/ACVR2B/RBPMS2/SLC4A2/GATA6/KIT/ADA/KCNQ1/RET/VANGL2/GATA5/NPY,14
GO:1901888,regulation of cell junction assembly,23/823,285/18860,0.08070175438596491,1.8493743471680415,3.0862723946641086,0.0035159337456492994,0.09119208868755492,0.08440611185358905,LINGO2/PTPRS/CYFIP2/GHRL/EPHB3/PTPN13/LINGO4/RAB17/CUX2/FLRT3/WDPCP/IRX3/SIX4/NTN1/SLITRK4/LRRN1/CRTAC1/SYNDIG1/HRG/FAM107A/SIX1/GPM6B/DKK1,23
GO:0009306,protein secretion,29/823,388/18860,0.07474226804123711,1.7128058022572685,3.030450707432765,0.003524275482457519,0.09119208868755492,0.08440611185358905,FGA/FGB/FGG/PDE8B/TMEM132A/MYRIP/GHRL/CHRM3/RAPGEF4/GNAZ/ACVR2B/OXCT1/SIRT4/PLA2G1B/GNAI1/CELA2A/SIDT2/C1QTNF3/PLA2G6/NECAB3/ABCC8/CHGA/IDH2/F2/TGFB3/PTPRN/TFAP2B/KCNJ8/KCNJ11,29
GO:0009066,aspartate family amino acid metabolic process,7/823,46/18860,0.15217391304347827,3.4872417982989066,3.6077251891858904,0.003556787857802792,0.09119208868755492,0.08440611185358905,BCAT2/NAT8L/GNMT/ACAT1/PLOD2/ASNS/PHGDH,7
GO:0030201,heparan sulfate proteoglycan metabolic process,7/823,46/18860,0.15217391304347827,3.4872417982989066,3.6077251891858904,0.003556787857802792,0.09119208868755492,0.08440611185358905,XYLT2/HS3ST4/IDUA/NDST3/HS6ST3/VANGL2/CSGALNACT1,7
GO:0008652,amino acid biosynthetic process,9/823,71/18860,0.1267605633802817,2.904865401399894,3.434936635683977,0.0036226840440047987,0.09236843570763616,0.08549492207369278,BCAT2/GLUL/ALDH1A1/CBS/GLS2/PLOD2/ASNS/CARNS1/PHGDH,9
GO:0110110,positive regulation of animal organ morphogenesis,6/823,35/18860,0.17142857142857143,3.9284846380836664,3.704133026955539,0.0037217597756575016,0.09437319431131522,0.08735049837835825,AR/SIX4/GATA5/EDN1/SIX1/DKK1,6
GO:0050714,positive regulation of protein secretion,15/823,158/18860,0.0949367088607595,2.175584847040005,3.1696812576632554,0.0039030317815275965,0.0984197317162413,0.09109591636072469,FGA/FGB/FGG/TMEM132A/MYRIP/GHRL/CHRM3/RAPGEF4/OXCT1/PLA2G1B/C1QTNF3/PLA2G6/ABCC8/F2/TGFB3,15
GO:0006749,glutathione metabolic process,8/823,59/18860,0.13559322033898305,3.1072759849249336,3.462852906543952,0.003925676397554407,0.0984197317162413,0.09109591636072469,SLC1A2/GSTA3/GSTM2/GSTA4/GGT7/GSTT2/GSTT2B/GSTM3,8
GO:0051965,positive regulation of synapse assembly,9/823,72/18860,0.125,2.864520048602673,3.3858687979742075,0.0039837984737098485,0.0984197317162413,0.09109591636072469,LINGO2/GHRL/EPHB3/LINGO4/CUX2/FLRT3/SLITRK4/LRRN1/SYNDIG1,9
GO:1900046,regulation of hemostasis,9/823,72/18860,0.125,2.864520048602673,3.3858687979742075,0.0039837984737098485,0.0984197317162413,0.09109591636072469,FGA/FGB/FGG/APOH/ENPP4/F2/PROC/HRG/EDN1,9
GO:0022010,central nervous system myelination,5/823,25/18860,0.2,4.583232077764277,3.8294748762698556,0.00400929784672879,0.0984197317162413,0.09109591636072469,ABCA2/MAL/KCNJ10/ID4/GPM6B,5
GO:0032291,axon ensheathment in central nervous system,5/823,25/18860,0.2,4.583232077764277,3.8294748762698556,0.00400929784672879,0.0984197317162413,0.09109591636072469,ABCA2/MAL/KCNJ10/ID4/GPM6B,5
GO:0006664,glycolipid metabolic process,12/823,114/18860,0.10526315789473684,2.412227409349619,3.2305751703158063,0.004117625223222246,0.10054412912788711,0.09306222865962616,FUT1/ST3GAL1/GBGT1/B3GALNT1/PIGZ/A4GALT/ST3GAL6/ABCA2/KIT/ST8SIA5/CWH43/FUT9,12
GO:0022612,gland morphogenesis,13/823,129/18860,0.10077519379844961,2.3093805042998294,3.187552443376645,0.00421112388564593,0.1018614903321933,0.09428155962092499,EDA/EGFR/HPN/AR/NTN4/CYP7B1/FOXA1/FGL1/IGFBP5/TGFB3/NTN1/ID4/SOSTDC1,13
GO:0140115,export across plasma membrane,11/823,100/18860,0.11,2.5207776427703523,3.2570647882275834,0.0042157193181904485,0.1018614903321933,0.09428155962092499,KCNE2/FXYD4/ATP4B/ATP4A/NEDD4L/KCNQ1/TF/ABCC5/SLC8A2/ATP1B2/KCNE4,11
GO:0034370,triglyceride-rich lipoprotein particle remodeling,4/823,16/18860,0.25,5.729040097205346,4.042253401395467,0.004302346355644522,0.10287734938497134,0.09522182444071704,ANGPTL3/APOA5/APOH/GPIHBP1,4
GO:1901077,regulation of relaxation of muscle,4/823,16/18860,0.25,5.729040097205346,4.042253401395467,0.004302346355644522,0.10287734938497134,0.09522182444071704,NPR3/GNAI1/ABCC8/CHGA,4
GO:0061448,connective tissue development,24/823,307/18860,0.0781758957654723,1.7914913659013458,2.986657295937253,0.004347446300855679,0.10341992102293278,0.09572402110077236,GDF5/GHR/GHRL/PDGFD/COL2A1/NFATC2/SMAD5/ACVR2B/OXCT1/PBXIP1/CBS/ACAT1/EFEMP1/PPARGC1A/RORC/FOXA1/CHST11/ZBTB16/PTH1R/ID4/HOXC4/CSGALNACT1/EDN1/GUCA2B,24
GO:1903509,liposaccharide metabolic process,12/823,115/18860,0.10434782608695652,2.3912515188335357,3.1966047796081325,0.004419959972568331,0.10460571935078383,0.096821579318123,FUT1/ST3GAL1/GBGT1/B3GALNT1/PIGZ/A4GALT/ST3GAL6/ABCA2/KIT/ST8SIA5/CWH43/FUT9,12
GO:0050770,regulation of axonogenesis,14/823,145/18860,0.09655172413793103,2.212594796162065,3.130991443400391,0.00447934734879378,0.10547034701369028,0.0976218664951942,FGF13/ROBO3/PTPRS/EPHB3/NIN/PAK3/ULK1/ULK2/ZFYVE27/MT3/NEFL/RET/CHODL/NTN1,14
GO:0006941,striated muscle contraction,18/823,208/18860,0.08653846153846154,1.9831292644172351,3.0454865306580943,0.004519952309879711,0.10550856589523215,0.09765724135321936,MYBPC3/FGF13/VEGFB/KCNE2/GSTM2/DMD/SMAD5/RYR2/NEDD4L/PRKD1/KCNQ1/CHGA/PGAM2/SCN2A/KCNE4/ADRA1B/KCNJ8/ATP8A2,18
GO:0042398,modified amino acid biosynthetic process,7/823,48/18860,0.14583333333333334,3.3419400567031192,3.470211971954165,0.00453860589247722,0.10550856589523215,0.09765724135321936,CKB/CKMT2/FOLR1/CKM/SLC1A2/GGT7/PLOD2,7
GO:1903035,negative regulation of response to wounding,11/823,101/18860,0.10891089108910891,2.4958194482874774,3.2196755969229254,0.004549556795915752,0.10550856589523215,0.09765724135321936,FGA/FGB/FGG/PTPRS/IL33/APOH/FIGNL2/F2/PROC/HRG/EDN1,11
GO:0050650,chondroitin sulfate proteoglycan biosynthetic process,5/823,26/18860,0.19230769230769232,4.406953920927189,3.7132889561773323,0.004788407438063253,0.10965188823965305,0.10149224211131026,XYLT2/B3GAT1/CHST3/CHST11/CSGALNACT1,5
GO:1901379,regulation of potassium ion transmembrane transport,9/823,74/18860,0.12162162162162163,2.7871005878296278,3.290218907620276,0.004790025765059311,0.10965188823965305,0.10149224211131026,KCNE2/KCNIP3/NEDD4L/KCNQ1/KCNIP4/LRRC52/ATP1B2/LRRC26/KCNG4,9
GO:0007613,memory,13/823,131/18860,0.09923664122137404,2.2741227866769314,3.125839904037556,0.004799497600088822,0.10965188823965305,0.10149224211131026,FGF13/KCNK2/SLC2A4/CRTC1/SGK1/CUX2/RCAN2/ADCY1/GABRB3/ABCC8/SLC8A2/SCN2A/SLITRK4,13
GO:0090497,mesenchymal cell migration,8/823,61/18860,0.13114754098360656,3.005398083779854,3.351006223520541,0.004831195731344765,0.10983235615840439,0.1016592806730467,NRTN/CDH2/FOLR1/ERBB4/KITLG/RET/SEMA3D/EDN1,8
GO:0022404,molting cycle process,11/823,102/18860,0.10784313725490197,2.471350630167012,3.1827321779090343,0.004904041296827142,0.11019519155219074,0.10199511599903975,EDA/LRIG1/EGFR/HOXC13/IGFBP5/FST/VANGL2/SOSTDC1/APCDD1/SOX21/DKK1,11
GO:0022405,hair cycle process,11/823,102/18860,0.10784313725490197,2.471350630167012,3.1827321779090343,0.004904041296827142,0.11019519155219074,0.10199511599903975,EDA/LRIG1/EGFR/HOXC13/IGFBP5/FST/VANGL2/SOSTDC1/APCDD1/SOX21/DKK1,11
GO:0048864,stem cell development,10/823,88/18860,0.11363636363636363,2.604109135093339,3.2217888233522323,0.004942666229968252,0.11019519155219074,0.10199511599903975,PDCD6/NRTN/CDH2/FOLR1/ERBB4/KITLG/RET/SEMA3D/TCOF1/EDN1,10
GO:0086001,cardiac muscle cell action potential,10/823,88/18860,0.11363636363636363,2.604109135093339,3.2217888233522323,0.004942666229968252,0.11019519155219074,0.10199511599903975,FGF13/KCNE2/TMEM161B/DMD/RYR2/NEDD4L/KCNQ1/SCN2A/KCNE4/KCNJ8,10
GO:0007411,axon guidance,20/823,243/18860,0.0823045267489712,1.8861037357054637,2.9696820241350115,0.005025952568123545,0.11151332260524115,0.10321515952148455,ROBO3/PTPRM/CYFIP2/EPHB3/LAMA2/NTN4/EPHB6/ULK2/EVL/LAMB2/GFRA3/FLRT3/PTK7/RET/VANGL2/SEMA3D/UNC5A/NTN1/KIF5C/EDN1,20
GO:0007200,phospholipase C-activating G protein-coupled receptor signaling pathway,14/823,147/18860,0.09523809523809523,2.1824914656020367,3.0744120155461663,0.005057818585688444,0.11168341039690033,0.10337259038390181,DRD5/PTGER3/CCKBR/CCKAR/DGKD/CHRM3/P2RY4/PRKD1/CHRM2/CHGA/F2/PTH1R/ADRA1B/EDN1,14
GO:0030239,myofibril assembly,9/823,75/18860,0.12,2.749939246658566,3.243583620098692,0.005237928866313161,0.1149971776425981,0.10643976663594985,MYBPC3/OBSL1/PRKD1/NRAP/NEBL/CSRP2/SIX4/LMOD2/EDN1,9
GO:0097485,neuron projection guidance,20/823,244/18860,0.08196721311475409,1.8783738023624084,2.949906138756512,0.0052577257817092524,0.1149971776425981,0.10643976663594985,ROBO3/PTPRM/CYFIP2/EPHB3/LAMA2/NTN4/EPHB6/ULK2/EVL/LAMB2/GFRA3/FLRT3/PTK7/RET/VANGL2/SEMA3D/UNC5A/NTN1/KIF5C/EDN1,20
GO:0007632,visual behavior,8/823,62/18860,0.12903225806451613,2.956923921138243,3.2967882932788943,0.005339969021492155,0.11624508034993536,0.10759480779153509,DEAF1/PDE1B/PDE8B/SLC1A2/B3GAT1/OPN4/KIT/ABCC8,8
GO:0048732,gland development,32/823,454/18860,0.07048458149779736,1.6152359745424767,2.834438476350511,0.0054253268207039495,0.11648961947736719,0.10782114976088408,RAP1GAP/CCKBR/EDA/DEAF1/PTF1A/ERBB4/EGFR/EPHB3/HPN/AR/NTN4/SLC29A1/CYP7B1/GATA6/ACAT1/BCL2L11/FOXA1/ADA/FGL1/ALOX15B/IGFBP5/SOX2/SIX4/TGFB3/DBP/NTN1/ID4/SOSTDC1/EDN1/CDO1/SIX1/PSAPL1,32
GO:0030202,heparin proteoglycan metabolic process,4/823,17/18860,0.23529411764705882,5.392037738546208,3.869836307958439,0.005434220299556135,0.11648961947736719,0.10782114976088408,XYLT2/IDUA/NDST3/CSGALNACT1,4
GO:0043649,dicarboxylic acid catabolic process,4/823,17/18860,0.23529411764705882,5.392037738546208,3.869836307958439,0.005434220299556135,0.11648961947736719,0.10782114976088408,ADHFE1/GLUL/ALDH1L2/ALDH1L1,4
GO:0042476,odontogenesis,13/823,133/18860,0.09774436090225563,2.2399254515389324,3.065239300588511,0.005452168538919028,0.11648961947736719,0.10782114976088408,EDA/ACVR2B/WNT6/SLC4A2/BCL2L11/ODAM/FST/TGFB3/CEMP1/FAM20A/SOSTDC1/EDN1/APCDD1,13
GO:0036314,response to sterol,6/823,38/18860,0.15789473684210525,3.618341114024429,3.4511372729928875,0.005667195075224191,0.11993937631872494,0.1110141960657777,GPR155/ABCA2/RORC/GRAMD1A/RORA/INSIG1,6
GO:0086005,ventricular cardiac muscle cell action potential,6/823,38/18860,0.15789473684210525,3.618341114024429,3.4511372729928875,0.005667195075224191,0.11993937631872494,0.1110141960657777,KCNE2/RYR2/NEDD4L/KCNQ1/KCNE4/KCNJ8,6
GO:0045933,positive regulation of muscle contraction,7/823,50/18860,0.14,3.208262454434994,3.3397840640291387,0.005712065311802459,0.11993937631872494,0.1110141960657777,GHRL/CHRM3/KIT/ADA/KCNQ1/CHGA/EDN1,7
GO:0050818,regulation of coagulation,9/823,76/18860,0.11842105263157894,2.7137558355183216,3.197707961364695,0.0057175867367539514,0.11993937631872494,0.1110141960657777,FGA/FGB/FGG/APOH/ENPP4/F2/PROC/HRG/EDN1,9
GO:0042445,hormone metabolic process,20/823,246/18860,0.08130081300813008,1.863102470635885,2.9106310216583027,0.0057477050634355455,0.12002560573644816,0.11109400879934005,SLC26A7/DHRS2/GHR/PDE8B/HPN/CYP2C8/DUOX1/ALDH1A1/PNPLA4/SULT2A1/FOXA1/ADM/SCPEP1/SCNN1B/RDH12/FFAR3/DUOXA1/ADH7/SLC16A10/AFP,20
GO:0097009,energy homeostasis,10/823,90/18860,0.1111111111111111,2.5462400432023764,3.14082059265625,0.005797010129331709,0.12050991777867495,0.11154228119880548,LEPR/PM20D1/CRTC1/PRKAA2/PPARGC1A/SCTR/IRX3/FMO2/GUCA2B/ADRB2,10
GO:0006937,regulation of muscle contraction,16/823,181/18860,0.08839779005524862,2.0257379349234372,2.961938173451834,0.005875509156662754,0.12159405721075608,0.11254574537520631,MYBPC3/FGF13/GHRL/GSTM2/DMD/CHRM3/RYR2/PRKD1/KIT/ADA/KCNQ1/CHRM2/CHGA/ADRA1B/EDN1/ADRB2,16
GO:0050890,cognition,25/823,333/18860,0.07507507507507508,1.7204324616232272,2.8332828607979503,0.006100303443927545,0.12568259104341797,0.11633003465910706,DRD5/GPR155/FGF13/DEAF1/KCNK2/PDE1B/PDE8B/B3GAT1/EGFR/ATP8A1/SLC2A4/PTPRZ1/CRTC1/SGK1/CUX2/KIT/RCAN2/ADCY1/GABRB3/ABCC8/SLC8A2/SCN2A/SLITRK4/FAM107A/DKK1,25
GO:0050709,negative regulation of protein secretion,9/823,77/18860,0.11688311688311688,2.678512253238863,3.152568229181854,0.006230443694817781,0.12722786571497371,0.11776031911304403,PDE8B/GHRL/GNAZ/SIRT4/GNAI1/ABCC8/CHGA/IDH2/KCNJ11,9
GO:0061045,negative regulation of wound healing,9/823,77/18860,0.11688311688311688,2.678512253238863,3.152568229181854,0.006230443694817781,0.12722786571497371,0.11776031911304403,FGA/FGB/FGG/APOH/FIGNL2/F2/PROC/HRG/EDN1,9
GO:0042475,odontogenesis of dentin-containing tooth,10/823,91/18860,0.10989010989010989,2.5182593833869653,3.101153034232816,0.0062652346231367555,0.12729261505373543,0.11782025018830093,EDA/ACVR2B/WNT6/SLC4A2/BCL2L11/ODAM/FST/FAM20A/SOSTDC1/APCDD1,10
GO:0031589,cell-substrate adhesion,27/823,369/18860,0.07317073170731707,1.6767922235722965,2.8045645419922103,0.006288779248591913,0.12729261505373543,0.11782025018830093,FGA/FGB/FGG/EDA/ANGPTL3/FZD4/EGFL6/FUT1/TMEM8B/CDK6/EPHB3/ITGBL1/NTN4/CD3E/BCL2L11/SORBS1/WDPCP/EFEMP2/ATP1B2/GCNT2/FBLN1/HRG/FAM107A/POSTN/NID1/GPM6B/NPY,27
GO:0045823,positive regulation of heart contraction,6/823,39/18860,0.15384615384615385,3.525563136741752,3.3724559156177807,0.0064556368966509235,0.1300994073277031,0.12041817755278993,RYR2/ADM/ADA/KCNQ1/CHGA/EDN1,6
GO:0046889,positive regulation of lipid biosynthetic process,11/823,106/18860,0.10377358490566038,2.3780921158210875,3.0392142729289446,0.006546071153380263,0.13020218855602234,0.1205133104089271,PLIN5/FABP3/SIRT4/APOA5/GNAI1/PLA2G6/SORBS1/ADM/GPIHBP1/INSIG1/EDN1,11
GO:0019318,hexose metabolic process,20/823,249/18860,0.08032128514056225,1.8406554529173802,2.8523968527169092,0.006552441251103997,0.13020218855602234,0.1205133104089271,FUT1/GHRL/DCXR/LEPR/FBP2/MAN2A2/GNMT/GALT/C1QTNF3/PPARGC1A/RORC/SORBS1/KCNQ1/PMM1/TKTL1/RORA/PGAM2/FUT9/TFAP2B/KCNJ11,20
GO:0030148,sphingolipid biosynthetic process,12/823,121/18860,0.09917355371900827,2.272677063354187,2.999955357089298,0.0066268498538907695,0.13020218855602234,0.1205133104089271,FUT1/ST3GAL1/B3GALNT1/A4GALT/CERS4/PRKD1/ABCA2/PLA2G6/PNPLA1/CYP4F22/ST8SIA5/FUT9,12
GO:0090277,positive regulation of peptide hormone secretion,12/823,121/18860,0.09917355371900827,2.272677063354187,2.999955357089298,0.0066268498538907695,0.13020218855602234,0.1205133104089271,FGA/FGB/FGG/MYRIP/GHRL/CHRM3/RAPGEF4/OXCT1/PRKD1/PLA2G6/ABCC8/F2,12
GO:0010460,positive regulation of heart rate,5/823,28/18860,0.17857142857142858,4.092171498003819,3.497610635716005,0.006658226760394642,0.13020218855602234,0.1205133104089271,RYR2/ADM/ADA/KCNQ1/EDN1,5
GO:0031639,plasminogen activation,5/823,28/18860,0.17857142857142858,4.092171498003819,3.497610635716005,0.006658226760394642,0.13020218855602234,0.1205133104089271,FGA/FGB/FGG/HPN/APOH,5
GO:0036315,cellular response to sterol,5/823,28/18860,0.17857142857142858,4.092171498003819,3.497610635716005,0.006658226760394642,0.13020218855602234,0.1205133104089271,GPR155/RORC/GRAMD1A/RORA/INSIG1,5
GO:0050910,detection of mechanical stimulus involved in sensory perception of sound,4/823,18/18860,0.2222222222222222,5.092480086404753,3.7105340638495408,0.006748900367963751,0.13087984986438456,0.12114054416369334,HPN/KIT/LHFPL5/KCNQ1,4
GO:0060078,regulation of postsynaptic membrane potential,14/823,152/18860,0.09210526315789473,2.110698983180917,2.9368487653051436,0.006770284362660929,0.13087984986438456,0.12114054416369334,GRIA4/CELF4/GHRL/GABRG2/GRIA3/SLC29A1/RGS7/CUX2/GABRB3/SLC8A2/GABRB2/ADRB2/GABRA3/HTR3E,14
GO:0019731,antibacterial humoral response,9/823,78/18860,0.11538461538461539,2.6441723525563137,3.1081417680550167,0.006777959722120891,0.13087984986438456,0.12114054416369334,FGA/FGB/PLA2G1B/PLA2G6/ADM/PGC/TF/DEFB1/NPY,9
GO:0006835,dicarboxylic acid transport,11/823,107/18860,0.102803738317757,2.3558669558601424,3.004351094528786,0.007017118829489059,0.13493334749205005,0.12489240443011666,SLC26A7/KCNK2/FOLR1/SLC1A2/SLC13A3/SLC26A9/ABCC8/ABCC5/KCNJ10/FOLR3/KCNJ8,11
GO:0030203,glycosaminoglycan metabolic process,8/823,65/18860,0.12307692307692308,2.820450509393402,3.140447121922462,0.007113358734356323,0.1362163923612217,0.12607997267533505,XYLT2/B3GAT1/IDUA/ITIH4/ABCC5/ITIH6/GCNT2/STAB2,8
GO:0043266,regulation of potassium ion transport,10/823,93/18860,0.10752688172043011,2.4641032676152026,3.0233808114423626,0.007289483500470756,0.1390122576639361,0.12866778618925764,KCNE2/KCNIP3/NEDD4L/KCNQ1/ABCC8/KCNIP4/LRRC52/ATP1B2/LRRC26/KCNG4,10
GO:0006688,glycosphingolipid biosynthetic process,6/823,40/18860,0.15,3.4374240583232076,3.2963124807022197,0.007320767454141027,0.13903432839860427,0.12868821455015933,FUT1/ST3GAL1/B3GALNT1/A4GALT/ST8SIA5/FUT9,6
GO:0006520,amino acid metabolic process,22/823,286/18860,0.07692307692307693,1.762781568370876,2.7765633163963184,0.0073939372634088734,0.1398484445517703,0.12944174898582056,ALDH6A1/BCAT2/ADHFE1/GPT2/GLUL/HDC/NAT8L/PM20D1/SIRT4/ALDH1A1/GNMT/CBS/ACAT1/SARDH/GLS2/PLOD2/ASNS/CARNS1/PHGDH/ACCS/GLYATL1/CDO1,22
GO:0051146,striated muscle cell differentiation,24/823,321/18860,0.07476635514018691,1.7133577860801035,2.753555693728743,0.0074709836833927725,0.14072893754635774,0.1302567208902594,MYBPC3/CDH2/DNER/OBSL1/NPHS1/POPDC3/NFATC2/HDAC5/SORBS2/PRKD1/GATA6/NRAP/NEBL/IRX3/CSRP2/IGFBP5/SIX4/ALPK3/LMOD2/MYEF2/EDN1/KCNJ8/SIX1/DKK1,24
GO:0042063,gliogenesis,26/823,357/18860,0.07282913165266107,1.6689640619309691,2.725793277405177,0.0076764967971725264,0.14342928226296037,0.13275612189612662,WASF3/CDH2/ZMIZ1/DNER/LEPR/CDK6/LAMA2/BNIP3/PTPRZ1/IL33/DAAM2/LAMB2/ABCA2/ABCC8/IDH2/SOX2/F2/ATP1B2/NDN/MAL/PHGDH/NTN1/KCNJ10/ID4/APCDD1/GPM6B,26
GO:0070482,response to oxygen levels,26/823,357/18860,0.07282913165266107,1.6689640619309691,2.725793277405177,0.0076764967971725264,0.14342928226296037,0.13275612189612662,VEGFB/KCNK2/FZD4/CA9/HMOX2/ALAD/BNIP3/RYR2/SLC2A4/SIRT4/SLC29A1/CBS/GATA6/MT3/WTIP/ADA/PLOD2/SOX2/RORA/TGFB3/SCN2A/EDN1/POSTN/KCNJ8/KCNJ11/SOD3,26
GO:1904862,inhibitory synapse assembly,5/823,29/18860,0.1724137931034483,3.9510621360036877,3.3971737244240594,0.007761990736603116,0.14369829767938588,0.1330051187735526,FGF13/GABRG2/GABRB3/GABRB2/GABRA3,5
GO:0072175,epithelial tube formation,13/823,139/18860,0.09352517985611511,2.1432380219761007,2.8897257876385214,0.00784496736048228,0.14369829767938588,0.1330051187735526,DEAF1/FOLR1/CELSR1/WNT6/ADM/IRX3/IRX2/PTK7/RET/SIX4/PRKACB/VANGL2/SIX1,13
GO:0019530,taurine metabolic process,3/823,10/18860,0.3,6.874848116646415,3.969337810916393,0.00789088626990711,0.14369829767938588,0.1330051187735526,GHR/PHGDH/CDO1,3
GO:0019694,alkanesulfonate metabolic process,3/823,10/18860,0.3,6.874848116646415,3.969337810916393,0.00789088626990711,0.14369829767938588,0.1330051187735526,GHR/PHGDH/CDO1,3
GO:0060052,neurofilament cytoskeleton organization,3/823,10/18860,0.3,6.874848116646415,3.969337810916393,0.00789088626990711,0.14369829767938588,0.1330051187735526,INA/NEFL/ATP8A2,3
GO:0019216,regulation of lipid metabolic process,26/823,358/18860,0.07262569832402235,1.6643021511434526,2.710659262737417,0.007946836095353944,0.14369829767938588,0.1330051187735526,PLIN5/ANGPTL3/ACADL/PDE8B/FUT1/ASXL3/FABP3/SIRT4/APOA5/APOH/GNAI1/ABCA2/KIT/PLA2G6/PPARGC1A/RORC/SORBS1/ADM/GPIHBP1/EEF1A2/RORA/FMO2/INSIG1/EDN1/PSAPL1/SLC22A13,26
GO:0006022,aminoglycan metabolic process,9/823,80/18860,0.1125,2.5780680437424057,3.0213429197195616,0.00798287314326457,0.14369829767938588,0.1330051187735526,CHIA/XYLT2/B3GAT1/IDUA/ITIH4/ABCC5/ITIH6/GCNT2/STAB2,9
GO:0051145,smooth muscle cell differentiation,9/823,80/18860,0.1125,2.5780680437424057,3.0213429197195616,0.00798287314326457,0.14369829767938588,0.1330051187735526,SMARCD3/NFATC2/PDCD4/RBPMS2/GATA6/KIT/ADM/EFEMP2/SIX1,9
GO:0072028,nephron morphogenesis,9/823,80/18860,0.1125,2.5780680437424057,3.0213429197195616,0.00798287314326457,0.14369829767938588,0.1330051187735526,ERBB4/GPC3/WNT6/IRX3/IRX2/SIX4/TMEM59L/KLHL3/SIX1,9
GO:0002793,positive regulation of peptide secretion,12/823,124/18860,0.0967741935483871,2.217692940853682,2.905944311096962,0.008016083259713513,0.14369829767938588,0.1330051187735526,FGA/FGB/FGG/MYRIP/GHRL/CHRM3/RAPGEF4/OXCT1/PRKD1/PLA2G6/ABCC8/F2,12
GO:1990845,adaptive thermogenesis,15/823,171/18860,0.08771929824561403,2.0101895077913494,2.8345555460376097,0.008033404290635223,0.14369829767938588,0.1330051187735526,ESRRG/CKB/IGF1R/ACADL/GHRL/LEPR/PLCL1/ACVR2B/PM20D1/G0S2/ALDH1A1/NPR3/PPARGC1A/SCTR/ADRB2,15
GO:0098915,membrane repolarization during ventricular cardiac muscle cell action potential,4/823,19/18860,0.21052631578947367,4.824454818699238,3.562636028358924,0.008257942648374142,0.14616936511983644,0.13529230396448566,KCNE2/KCNQ1/KCNE4/KCNJ8,4
GO:0035886,vascular associated smooth muscle cell differentiation,6/823,41/18860,0.14634146341463414,3.353584447144593,3.222556481665172,0.00826656647806659,0.14616936511983644,0.13529230396448566,NFATC2/PDCD4/GATA6/KIT/ADM/EFEMP2,6
GO:0071711,basement membrane organization,6/823,41/18860,0.14634146341463414,3.353584447144593,3.222556481665172,0.00826656647806659,0.14616936511983644,0.13529230396448566,LAMA2/HPN/NTN4/LAMB2/GAS2/NID1,6
GO:0060119,inner ear receptor cell development,7/823,54/18860,0.12962962962962962,2.9706133837361053,3.097613206994017,0.00872012113634061,0.15360060703897677,0.14217055673471352,ANKRD24/LHFPL5/WDPCP/KCNQ1/GABRB3/VANGL2/GABRB2,7
GO:0046887,positive regulation of hormone secretion,14/823,157/18860,0.08917197452229299,2.0434792703407605,2.8044978430717724,0.008916574731251969,0.15646384937158872,0.14482073347776864,FGA/FGB/FGG/MYRIP/GHRL/CHRM3/RAPGEF4/OXCT1/PRKD1/C1QTNF3/PLA2G6/ABCC8/F2/EDN1,14
GO:0007214,gamma-aminobutyric acid signaling pathway,5/823,30/18860,0.16666666666666666,3.819360064803564,3.3011336411072176,0.008986739108117852,0.15650490937344863,0.14485873803671198,GABRG2/PLCL1/GABRB3/GABRB2/GABRA3,5
GO:0045987,positive regulation of smooth muscle contraction,5/823,30/18860,0.16666666666666666,3.819360064803564,3.3011336411072176,0.008986739108117852,0.15650490937344863,0.14485873803671198,GHRL/CHRM3/KIT/ADA/EDN1,5
GO:0002027,regulation of heart rate,11/823,112/18860,0.09821428571428571,2.2506943239021,2.8356969298732655,0.009782223177310506,0.16971789459882702,0.15708849091225183,KCNE2/TMEM161B/RNLS/DMD/RYR2/ADM/ADA/KCNQ1/KCNE4/EDN1/KCNJ8,11
GO:0006820,monoatomic anion transport,15/823,175/18860,0.08571428571428572,1.9642423190418332,2.737384201984335,0.00983940822215893,0.17007067020697927,0.15741501504246377,SLC26A7/CLIC6/KCNK2/CLCNKA/SLC1A2/GABRG2/P2RY4/SLC6A2/SLC4A2/SLC26A9/KCNQ1/GABRB3/ABCC5/GABRB2/GABRA3,15
GO:0071880,adenylate cyclase-activating adrenergic receptor signaling pathway,4/823,20/18860,0.2,4.583232077764277,3.4247319165467642,0.009972034388374554,0.17171992053115137,0.15894153789483087,DRD5/CHGA/ADRA1B/ADRB2,4
GO:0003309,type B pancreatic cell differentiation,5/823,31/18860,0.16129032258064516,3.6961549014228043,3.2091436253564773,0.010338520287969362,0.17496512258449326,0.16194525117132322,CDH2/CDK6/GATA6/SIDT2/PAX4,5
GO:0003401,axis elongation,5/823,31/18860,0.16129032258064516,3.6961549014228043,3.2091436253564773,0.010338520287969362,0.17496512258449326,0.16194525117132322,PPP2R3A/PTK7/SIX4/VANGL2/SIX1,5
GO:0060993,kidney morphogenesis,10/823,98/18860,0.10204081632653061,2.3383837131450393,2.8374695542465025,0.010416675561943187,0.17496512258449326,0.16194525117132322,ERBB4/GPC3/WNT6/IRX3/IRX2/SIX4/VANGL2/TMEM59L/KLHL3/SIX1,10
GO:1902476,chloride transmembrane transport,11/823,113/18860,0.09734513274336283,2.230776675018011,2.803042511591969,0.010423901936102771,0.17496512258449326,0.16194525117132322,SLC26A7/CLIC6/KCNK2/CLCNKA/GABRG2/SLC6A2/SLC4A2/SLC26A9/GABRB3/GABRB2/GABRA3,11
GO:0010976,positive regulation of neuron projection development,14/823,160/18860,0.0875,2.0051640340218713,2.727427555438454,0.010441615071832264,0.17496512258449326,0.16194525117132322,ROBO3/PACSIN1/DMD/DBN1/SERPINI1/PRKD1/CUX2/TOX/PTK7/RET/ATP1B2/FUT9/ATP8A2/CAMK2B,14
GO:0030210,heparin proteoglycan biosynthetic process,3/823,11/18860,0.2727272727272727,6.249861924224014,3.7202931436364493,0.010501698581994505,0.17496512258449326,0.16194525117132322,XYLT2/NDST3/CSGALNACT1,3
GO:0034776,response to histamine,3/823,11/18860,0.2727272727272727,6.249861924224014,3.7202931436364493,0.010501698581994505,0.17496512258449326,0.16194525117132322,GABRG2/GABRB3/GABRB2,3
GO:0098937,anterograde dendritic transport,3/823,11/18860,0.2727272727272727,6.249861924224014,3.7202931436364493,0.010501698581994505,0.17496512258449326,0.16194525117132322,KIF17/RAB17/KIF5C,3
GO:2000253,positive regulation of feeding behavior,3/823,11/18860,0.2727272727272727,6.249861924224014,3.7202931436364493,0.010501698581994505,0.17496512258449326,0.16194525117132322,GHRL/RXFP4/NPY,3
GO:0007187,"G protein-coupled receptor signaling pathway, coupled to cyclic nucleotide second messenger",7/823,56/18860,0.125,2.864520048602673,2.9847849417610606,0.010597958699925036,0.17593373884947497,0.16284178873266109,CHRM3/HTR1E/CHRM2/PTH1R/SSTR2/MC5R/NPY,7
GO:0006821,chloride transport,12/823,129/18860,0.09302325581395349,2.1317358501229196,2.755094766165999,0.010826920966222271,0.17909046687855118,0.16576361169941511,SLC26A7/CLIC6/KCNK2/CLCNKA/GABRG2/P2RY4/SLC6A2/SLC4A2/SLC26A9/GABRB3/GABRB2/GABRA3,12
GO:2000027,regulation of animal organ morphogenesis,9/823,84/18860,0.10714285714285714,2.455302898802291,2.8554107773601562,0.010874028522913224,0.17922729154730188,0.16589025468414234,AR/NTN4/SIX4/VANGL2/GATA5/EDN1/APCDD1/SIX1/DKK1,9
GO:0006687,glycosphingolipid metabolic process,8/823,70/18860,0.11428571428571428,2.618989758722444,2.8987237359581353,0.01100976912553716,0.1808188061009039,0.16736333812110804,FUT1/ST3GAL1/B3GALNT1/A4GALT/ABCA2/KIT/ST8SIA5/FUT9,8
GO:0097306,cellular response to alcohol,11/823,114/18860,0.09649122807017543,2.2112084585704843,2.7707293785894698,0.011097387798643431,0.18116634860829436,0.16768501856702026,GPR155/P2RY4/PRKAA2/SGK1/PTGDR2/PRKD1/GNAI1/SCNN1B/ADCY1/GRAMD1A/SCNN1G,11
GO:0001942,hair follicle development,10/823,99/18860,0.10101010101010101,2.314763675638524,2.8016533426678425,0.011148698375895038,0.18116634860829436,0.16768501856702026,EDA/EGFR/HOXC13/IGFBP5/FST/VANGL2/SOSTDC1/APCDD1/SOX21/DKK1,10
GO:0072080,nephron tubule development,10/823,99/18860,0.10101010101010101,2.314763675638524,2.8016533426678425,0.011148698375895038,0.18116634860829436,0.16768501856702026,GPC3/WNT6/ACAT1/IRX3/IRX2/SIX4/TMEM59L/KLHL3/TFAP2B/SIX1,10
GO:0099173,postsynapse organization,19/823,245/18860,0.07755102040816327,1.77717162199023,2.6154447566932824,0.011274340205929536,0.18256519315917474,0.16897976936532616,SH3GL2/IGF1R/CDH2/PTPRS/CYFIP2/GHRL/HIP1R/DBN1/EPHB3/RAPSN/PAK3/ZDHHC2/INA/CUX2/LRFN2/NEFL/KIF1A/SYNDIG1/CAMK2B,19
GO:0097305,response to alcohol,21/823,280/18860,0.075,1.7187120291616038,2.588142413180994,0.011433367802645769,0.18433711469582867,0.17061983496280383,GPR155/GHR/ALAD/P2RY4/SLC2A4/OXCT1/PRKAA2/SGK1/PTGDR2/PRKD1/GNAI1/ABCA2/SCNN1B/ADCY1/GRAMD1A/SCNN1G/SLC10A1/NEFL/SOX2/ADH7/CDO1,21
GO:0035296,regulation of tube diameter,14/823,162/18860,0.08641975308641975,1.9804089224907369,2.6769747806642754,0.01156679820754032,0.18433711469582867,0.17061983496280383,DRD5/FGA/FGB/FGG/KCNMB2/CBS/ADM/SCPEP1/SCNN1B/ADRA1B/EDN1/ADRB2/KCNJ8/S100A1,14
GO:0097746,blood vessel diameter maintenance,14/823,162/18860,0.08641975308641975,1.9804089224907369,2.6769747806642754,0.01156679820754032,0.18433711469582867,0.17061983496280383,DRD5/FGA/FGB/FGG/KCNMB2/CBS/ADM/SCPEP1/SCNN1B/ADRA1B/EDN1/ADRB2/KCNJ8/S100A1,14
GO:0006739,NADP+ metabolic process,6/823,44/18860,0.13636363636363635,3.124930962112007,3.0142870371764436,0.011626927589851788,0.18433711469582867,0.17061983496280383,DCXR/NNT/ALDH1L2/IDH2/ALDH1L1/FMO2,6
GO:0007160,cell-matrix adhesion,19/823,246/18860,0.07723577235772358,1.7699473471040907,2.596485017443657,0.01173692200199739,0.18433711469582867,0.17061983496280383,FGA/FGB/FGG/EDA/ANGPTL3/FUT1/TMEM8B/CDK6/ITGBL1/CD3E/BCL2L11/SORBS1/WDPCP/EFEMP2/HRG/FAM107A/POSTN/NID1/GPM6B,19
GO:0006643,membrane lipid metabolic process,18/823,229/18860,0.07860262008733625,1.801270248902991,2.6058881513144465,0.011794905492788218,0.18433711469582867,0.17061983496280383,FUT1/ST3GAL1/GBGT1/B3GALNT1/PIGZ/A4GALT/CERS4/PRKD1/ST3GAL6/ABCA2/KIT/PLA2G6/PNPLA1/CYP4F22/ST8SIA5/CWH43/FUT9/PSAPL1,18
GO:0019217,regulation of fatty acid metabolic process,11/823,115/18860,0.09565217391304348,2.1919805589307413,2.7387504705638235,0.011803654203324423,0.18433711469582867,0.17061983496280383,PLIN5/ACADL/FABP3/SIRT4/APOA5/PPARGC1A/GPIHBP1/FMO2/INSIG1/EDN1/SLC22A13,11
GO:0034440,lipid oxidation,11/823,115/18860,0.09565217391304348,2.1919805589307413,2.7387504705638235,0.011803654203324423,0.18433711469582867,0.17061983496280383,PLIN5/ACADL/FABP3/SIRT4/ECI2/ACAT1/PPARGC1A/ALDH1L2/ALOX15B/ADH7/FMO2,11
GO:0001736,establishment of planar polarity,5/823,32/18860,0.15625,3.5806500607533414,3.120894639437518,0.01182313888406615,0.18433711469582867,0.17061983496280383,ERBB4/CELSR1/WDPCP/PTK7/VANGL2,5
GO:0007164,establishment of tissue polarity,5/823,32/18860,0.15625,3.5806500607533414,3.120894639437518,0.01182313888406615,0.18433711469582867,0.17061983496280383,ERBB4/CELSR1/WDPCP/PTK7/VANGL2,5
GO:0048668,collateral sprouting,5/823,32/18860,0.15625,3.5806500607533414,3.120894639437518,0.01182313888406615,0.18433711469582867,0.17061983496280383,FGF13/PTPRS/NIN/ULK1/ULK2,5
GO:0035150,regulation of tube size,14/823,163/18860,0.08588957055214724,1.9682591744999964,2.652018529500389,0.012163701860341027,0.18900836392415432,0.17494347740302635,DRD5/FGA/FGB/FGG/KCNMB2/CBS/ADM/SCPEP1/SCNN1B/ADRA1B/EDN1/ADRB2/KCNJ8/S100A1,14
GO:0010810,regulation of cell-substrate adhesion,18/823,230/18860,0.0782608695652174,1.7934386391251522,2.5861155868867476,0.012293977971498019,0.19039163871967568,0.17622381705524184,FGA/FGB/FGG/FZD4/EGFL6/FUT1/CDK6/CD3E/WDPCP/EFEMP2/GCNT2/FBLN1/HRG/FAM107A/POSTN/NID1/GPM6B/NPY,18
GO:0007586,digestion,13/823,148/18860,0.08783783783783784,2.012905980099176,2.6425120944303537,0.012905235194465339,0.19918949974066066,0.18436699320239516,CHIA/SLC26A7/PTGER3/CCKBR/PGA3/GHRL/HIP1R/CHRM3/SLC9A4/SGK1/PPARGC1A/PGC/KCNQ1,13
GO:0018958,phenol-containing compound metabolic process,11/823,117/18860,0.09401709401709402,2.154510805786626,2.675768123120836,0.013318428970648931,0.2008580974557576,0.18591142372708316,SLC26A7/PDE1B/HDC/RNF180/HPN/DUOX1/KL/SULT2A1/DUOXA1/SLC16A10/NPY,11
GO:0007271,"synaptic transmission, cholinergic",5/823,33/18860,0.15151515151515152,3.4721455134577854,3.0361102228498633,0.013446130836216636,0.2008580974557576,0.18591142372708316,CHRM3/LAMA2/RAPSN/NALCN/SLC5A7,5
GO:0014850,response to muscle activity,5/823,33/18860,0.15151515151515152,3.4721455134577854,3.0361102228498633,0.013446130836216636,0.2008580974557576,0.18591142372708316,FNDC5/RYR2/PRKAA2/PPARGC1A/POSTN,5
GO:0071875,adrenergic receptor signaling pathway,5/823,33/18860,0.15151515151515152,3.4721455134577854,3.0361102228498633,0.013446130836216636,0.2008580974557576,0.18591142372708316,DRD5/KCNQ1/CHGA/ADRA1B/ADRB2,5
GO:0042310,vasoconstriction,9/823,87/18860,0.10344827586206896,2.370637281602212,2.7371110754652057,0.013510817214051804,0.2008580974557576,0.18591142372708316,DRD5/FGA/FGB/FGG/KCNMB2/ADM/SCNN1B/ADRA1B/EDN1,9
GO:0002551,mast cell chemotaxis,3/823,12/18860,0.25,5.729040097205346,3.5003226485857843,0.013553871623422397,0.2008580974557576,0.18591142372708316,VEGFB/KIT/CHGA,3
GO:0014831,gastro-intestinal system smooth muscle contraction,3/823,12/18860,0.25,5.729040097205346,3.5003226485857843,0.013553871623422397,0.2008580974557576,0.18591142372708316,PTGER3/GHRL/KIT,3
GO:0044557,relaxation of smooth muscle,3/823,12/18860,0.25,5.729040097205346,3.5003226485857843,0.013553871623422397,0.2008580974557576,0.18591142372708316,NPR3/GNAI1/ABCC8,3
GO:0045793,positive regulation of cell size,3/823,12/18860,0.25,5.729040097205346,3.5003226485857843,0.013553871623422397,0.2008580974557576,0.18591142372708316,PRKD1/RET/EDN1,3
GO:0051918,negative regulation of fibrinolysis,3/823,12/18860,0.25,5.729040097205346,3.5003226485857843,0.013553871623422397,0.2008580974557576,0.18591142372708316,APOH/F2/HRG,3
GO:0060601,lateral sprouting from an epithelium,3/823,12/18860,0.25,5.729040097205346,3.5003226485857843,0.013553871623422397,0.2008580974557576,0.18591142372708316,AR/CELSR1/VANGL2,3
GO:0060742,epithelial cell differentiation involved in prostate gland development,3/823,12/18860,0.25,5.729040097205346,3.5003226485857843,0.013553871623422397,0.2008580974557576,0.18591142372708316,AR/FOXA1/PSAPL1,3
GO:0010811,positive regulation of cell-substrate adhesion,12/823,133/18860,0.09022556390977443,2.067623493728245,2.639288908172457,0.013579138982924458,0.2008580974557576,0.18591142372708316,FGA/FGB/FGG/EGFL6/FUT1/CDK6/CD3E/EFEMP2/FBLN1/HRG/NID1/NPY,12
GO:0001755,neural crest cell migration,7/823,59/18860,0.11864406779661017,2.7188664868093166,2.824585793407913,0.013941795940100258,0.203952776343161,0.18877581488294407,NRTN/FOLR1/ERBB4/KITLG/RET/SEMA3D/EDN1,7
GO:0046394,carboxylic acid biosynthetic process,24/823,339/18860,0.07079646017699115,1.6223830363767353,2.4700314073127783,0.013976565019925743,0.203952776343161,0.18877581488294407,BCAT2/ME3/ACADL/GLUL/GSTM2/CYP2C8/GGT7/PRKAA2/ALDH1A1/APOA5/CYP7B1/CBS/PLA2G1B/ACSM2B/GPIHBP1/ALOX15B/GLS2/PLOD2/ASNS/CARNS1/PHGDH/INSIG1/EDN1/CDO1,24
GO:0060113,inner ear receptor cell differentiation,8/823,73/18860,0.1095890410958904,2.5113600426105624,2.76361628866992,0.013998188682820885,0.203952776343161,0.18877581488294407,ANKRD24/LHFPL5/WDPCP/KCNQ1/GABRB3/FGF20/VANGL2/GABRB2,8
GO:0036376,sodium ion export across plasma membrane,4/823,22/18860,0.18181818181818182,4.166574616149343,3.174393530803015,0.014053517416495168,0.203952776343161,0.18877581488294407,FXYD4/ATP4B/ATP4A/ATP1B2,4
GO:0044321,response to leptin,4/823,22/18860,0.18181818181818182,4.166574616149343,3.174393530803015,0.014053517416495168,0.203952776343161,0.18877581488294407,FGB/LEPR/MT3/EDN1,4
GO:0048670,regulation of collateral sprouting,4/823,22/18860,0.18181818181818182,4.166574616149343,3.174393530803015,0.014053517416495168,0.203952776343161,0.18877581488294407,FGF13/PTPRS/ULK1/ULK2,4
GO:0097237,cellular response to toxic substance,12/823,134/18860,0.08955223880597014,2.052193467655646,2.6109742342345688,0.014343895063912794,0.20751434394971016,0.19207235165602415,GSTM2/PTPN13/DUOX1/ALDH1A1/ALB/MT3/NNT/RDH12/GSTM3/EDN1/GPX3/SOD3,12
GO:0043648,dicarboxylic acid metabolic process,10/823,103/18860,0.0970873786407767,2.2248699406622703,2.662588152257284,0.014471787804837174,0.20871031474788612,0.19317932536851726,ADHFE1/FOLR1/ME3/GPT2/GLUL/LIPF/ALDH1L2/GLS2/IDH2/ALDH1L1,10
GO:0008277,regulation of G protein-coupled receptor signaling pathway,14/823,167/18860,0.08383233532934131,1.921115242176643,2.5539347459408472,0.014793941983010967,0.2126917204099552,0.19686445832778654,APLP1/KCTD8/GHRL/HOMER2/RGS11/PTGDR2/RGS7/ADM/ADA/CHGA/F2/RAMP1/EDN1/ADRB2,14
GO:0051961,negative regulation of nervous system development,13/823,151/18860,0.08609271523178808,1.9729144705607813,2.563981836408621,0.015057305899606008,0.2140451244616806,0.19811715004059985,FGF13/PTPRS/PTPN13/ULK1/ULK2/DAAM2/MT3/ABCC8/IDH2/F2/NTN1/ID4/DKK1,13
GO:0098656,monoatomic anion transmembrane transport,13/823,151/18860,0.08609271523178808,1.9729144705607813,2.563981836408621,0.015057305899606008,0.2140451244616806,0.19811715004059985,SLC26A7/CLIC6/KCNK2/CLCNKA/SLC1A2/GABRG2/SLC6A2/SLC4A2/SLC26A9/GABRB3/ABCC5/GABRB2/GABRA3,13
GO:0032835,glomerulus development,8/823,74/18860,0.10810810810810811,2.477422744737447,2.7200731074611553,0.015114329642549535,0.2140451244616806,0.19811715004059985,NPHS1/PDGFD/LAMB2/COL4A4/RET/VANGL2/EDN1/NID1,8
GO:0050767,regulation of neurogenesis,26/823,378/18860,0.06878306878306878,1.5762438362681377,2.417434997902756,0.015212491213206879,0.2140451244616806,0.19811715004059985,SMARCD3/FGF13/ROBO3/FZD4/OBSL1/PTPRS/DBN1/PTPRZ1/NIN/ULK1/ULK2/DAAM2/ZFYVE27/CUX2/MT3/KIT/ABCC8/NEFL/IDH2/F2/CHODL/RASSF10/NTN1/FERD3L/ID4/CAMK2B,26
GO:0042219,modified amino acid catabolic process,5/823,34/18860,0.14705882352941177,3.37002358659138,2.9545421815685082,0.015212741240180117,0.2140451244616806,0.19811715004059985,ACADL/GGT7/ALDH1L2/SARDH/ALDH1L1,5
GO:0050654,chondroitin sulfate proteoglycan metabolic process,5/823,34/18860,0.14705882352941177,3.37002358659138,2.9545421815685082,0.015212741240180117,0.2140451244616806,0.19811715004059985,XYLT2/B3GAT1/CHST3/CHST11/CSGALNACT1,5
GO:0060914,heart formation,5/823,34/18860,0.14705882352941177,3.37002358659138,2.9545421815685082,0.015212741240180117,0.2140451244616806,0.19811715004059985,SMARCD3/FOLR1/GATA5/SIX1/DKK1,5
GO:0016053,organic acid biosynthetic process,24/823,342/18860,0.07017543859649122,1.6081516062330794,2.4244038583141303,0.015405437583537322,0.2154680480334801,0.1994341880412527,BCAT2/ME3/ACADL/GLUL/GSTM2/CYP2C8/GGT7/PRKAA2/ALDH1A1/APOA5/CYP7B1/CBS/PLA2G1B/ACSM2B/GPIHBP1/ALOX15B/GLS2/PLOD2/ASNS/CARNS1/PHGDH/INSIG1/EDN1/CDO1,24
GO:0061326,renal tubule development,10/823,104/18860,0.09615384615384616,2.2034769604635946,2.628823529718059,0.01540724937184148,0.2154680480334801,0.1994341880412527,GPC3/WNT6/ACAT1/IRX3/IRX2/SIX4/TMEM59L/KLHL3/TFAP2B/SIX1,10
GO:0060537,muscle tissue development,30/823,453/18860,0.06622516556291391,1.517626515815986,2.3820518217755833,0.015682532276384244,0.21656101936777544,0.2004458269018493,MYBPC3/KCNK2/DNER/OBSL1/NPHS1/ERBB4/POPDC3/DMD/SMAD5/RYR2/NUPR1/SORBS2/GATA6/NRAP/NEBL/IRX3/CSRP2/FGF20/IGFBP5/EFEMP2/SIX4/ALPK3/TFAP2B/GATA5/SRPK3/EDN1/KCNJ8/SIX1/KCNJ11/DKK1,30
GO:0001504,neurotransmitter uptake,6/823,47/18860,0.1276595744680851,2.9254672836793256,2.8231447115025725,0.015850135159346586,0.21656101936777544,0.2004458269018493,SLC1A2/SLC6A2/SLC29A1/KCNJ10/SLC18A2/GPM6B,6
GO:0055078,sodium ion homeostasis,6/823,47/18860,0.1276595744680851,2.9254672836793256,2.8231447115025725,0.015850135159346586,0.21656101936777544,0.2004458269018493,ATP4B/ATP4A/SCNN1B/SCNN1G/ATP1B2/EDN1,6
GO:0060071,"Wnt signaling pathway, planar cell polarity pathway",6/823,47/18860,0.1276595744680851,2.9254672836793256,2.8231447115025725,0.015850135159346586,0.21656101936777544,0.2004458269018493,CELSR1/GPC3/ZNRF3/VANGL2/PRICKLE2/DKK1,6
GO:0070328,triglyceride homeostasis,6/823,47/18860,0.1276595744680851,2.9254672836793256,2.8231447115025725,0.015850135159346586,0.21656101936777544,0.2004458269018493,ANGPTL3/APOC4/APOA5/C1QTNF3/GPIHBP1/RORA,6
GO:1990806,ligand-gated ion channel signaling pathway,6/823,47/18860,0.1276595744680851,2.9254672836793256,2.8231447115025725,0.015850135159346586,0.21656101936777544,0.2004458269018493,GRIA4/CHRM3/GRIA3/F2/ADRB2/HTR3E,6
GO:1901655,cellular response to ketone,11/823,120/18860,0.09166666666666666,2.10064803564196,2.5836363598488434,0.01586080705228778,0.21656101936777544,0.2004458269018493,P2RY4/AR/PRKAA2/SGK1/PTGDR2/PRKD1/GNAI1/SCNN1B/ADCY1/SCNN1G/POSTN,11
GO:1901890,positive regulation of cell junction assembly,11/823,120/18860,0.09166666666666666,2.10064803564196,2.5836363598488434,0.01586080705228778,0.21656101936777544,0.2004458269018493,LINGO2/GHRL/EPHB3/LINGO4/CUX2/FLRT3/IRX3/SLITRK4/LRRN1/SYNDIG1/HRG,11
GO:0005996,monosaccharide metabolic process,20/823,272/18860,0.07352941176470588,1.68501179329569,2.4307666196281095,0.01625018082129415,0.22052191129199672,0.20411197263452646,FUT1/GHRL/DCXR/LEPR/FBP2/MAN2A2/GNMT/GALT/C1QTNF3/PPARGC1A/RORC/SORBS1/KCNQ1/PMM1/TKTL1/RORA/PGAM2/FUT9/TFAP2B/KCNJ11,20
GO:0001759,organ induction,4/823,23/18860,0.17391304347826086,3.9854191980558933,3.0601341509319973,0.016437602921873646,0.22052191129199672,0.20411197263452646,AR/GATA5/SIX1/DKK1,4
GO:0014821,phasic smooth muscle contraction,4/823,23/18860,0.17391304347826086,3.9854191980558933,3.0601341509319973,0.016437602921873646,0.22052191129199672,0.20411197263452646,PTGER3/GHRL/KIT/EDN1,4
GO:0034114,regulation of heterotypic cell-cell adhesion,4/823,23/18860,0.17391304347826086,3.9854191980558933,3.0601341509319973,0.016437602921873646,0.22052191129199672,0.20411197263452646,FGA/FGB/FGG/GCNT2,4
GO:0061709,reticulophagy,4/823,23/18860,0.17391304347826086,3.9854191980558933,3.0601341509319973,0.016437602921873646,0.22052191129199672,0.20411197263452646,BNIP3/ULK1/ULK2/ATG9B,4
GO:0090208,positive regulation of triglyceride metabolic process,4/823,23/18860,0.17391304347826086,3.9854191980558933,3.0601341509319973,0.016437602921873646,0.22052191129199672,0.20411197263452646,PLIN5/FUT1/APOA5/APOH,4
GO:0048168,regulation of neuronal synaptic plasticity,7/823,61/18860,0.11475409836065574,2.6297233233073722,2.723256316634188,0.016552309801786957,0.22141712966738206,0.20494057414386416,SYNGR1/DBN1/ZDHHC2/KIT/SLC8A2/KCNJ10/CAMK2B,7
GO:0007614,short-term memory,3/823,13/18860,0.23076923076923078,5.288344705112627,3.303827346326133,0.01705713407615123,0.2249104964612512,0.20817398520608027,SLC2A4/CUX2/RCAN2,3
GO:0051124,synaptic assembly at neuromuscular junction,3/823,13/18860,0.23076923076923078,5.288344705112627,3.303827346326133,0.01705713407615123,0.2249104964612512,0.20817398520608027,SIX4/KCNJ8/SIX1,3
GO:0060788,ectodermal placode formation,3/823,13/18860,0.23076923076923078,5.288344705112627,3.303827346326133,0.01705713407615123,0.2249104964612512,0.20817398520608027,EDA/SIX4/SIX1,3
GO:0071697,ectodermal placode morphogenesis,3/823,13/18860,0.23076923076923078,5.288344705112627,3.303827346326133,0.01705713407615123,0.2249104964612512,0.20817398520608027,EDA/SIX4/SIX1,3
GO:2001046,positive regulation of integrin-mediated signaling pathway,3/823,13/18860,0.23076923076923078,5.288344705112627,3.303827346326133,0.01705713407615123,0.2249104964612512,0.20817398520608027,LAMA2/LAMB2/NID1,3
GO:0098810,neurotransmitter reuptake,5/823,35/18860,0.14285714285714285,3.273737198403055,2.8759669563209416,0.017127904817600532,0.22520023000919218,0.20844215849399594,SLC1A2/SLC6A2/KCNJ10/SLC18A2/GPM6B,5
GO:0006486,protein glycosylation,15/823,187/18860,0.08021390374331551,1.8381946835952983,2.4605701537859814,0.017226386588321957,0.22521182466035647,0.20845289033967646,FUT1/B3GAT1/ST3GAL1/GBGT1/B3GALNT1/MAN2A2/ST3GAL6/ABCA2/TMTC4/ST8SIA5/CWH43/GCNT2/FUT9/RAMP1/GALNT14,15
GO:0043413,macromolecule glycosylation,15/823,187/18860,0.08021390374331551,1.8381946835952983,2.4605701537859814,0.017226386588321957,0.22521182466035647,0.20845289033967646,FUT1/B3GAT1/ST3GAL1/GBGT1/B3GALNT1/MAN2A2/ST3GAL6/ABCA2/TMTC4/ST8SIA5/CWH43/GCNT2/FUT9/RAMP1/GALNT14,15
GO:0006885,regulation of pH,10/823,106/18860,0.09433962264150944,2.161901923473716,2.5624331414601627,0.017412034397838064,0.22699587216390585,0.21010417956118602,CCKBR/LAMP2/ATP4B/ATP4A/SLC9A4/SLC4A2/SLC9A7/SLC9A3/ATP6V0E2/EDN1,10
GO:0055090,acylglycerol homeostasis,6/823,48/18860,0.125,2.864520048602673,2.762786253256258,0.0174660679117565,0.2270588828528345,0.21016250136666528,ANGPTL3/APOC4/APOA5/C1QTNF3/GPIHBP1/RORA,6
GO:0072078,nephron tubule morphogenesis,8/823,76/18860,0.10526315789473684,2.412227409349619,2.6350841447427626,0.01753783839352805,0.22735147243295492,0.21043331815770794,GPC3/WNT6/IRX3/IRX2/SIX4/TMEM59L/KLHL3/SIX1,8
GO:0086003,cardiac muscle cell contraction,9/823,91/18860,0.0989010989010989,2.2664334450482686,2.5867806013515433,0.017727405024938612,0.22916519380978065,0.21211207309804184,MYBPC3/FGF13/KCNE2/RYR2/NEDD4L/KCNQ1/SCN2A/KCNE4/KCNJ8,9
GO:0051223,regulation of protein transport,30/823,458/18860,0.06550218340611354,1.5010585407524926,2.3188133406699243,0.01796799390361631,0.23162651358991415,0.2143902359919876,FGA/FGB/FGG/PDE8B/TMEM132A/MYRIP/GHRL/CHRM3/RAPGEF4/GNAZ/OXCT1/ZDHHC2/SIRT4/PRKD1/PLA2G1B/GNAI1/CELA2A/SIDT2/C1QTNF3/PLA2G6/ABCC8/CHGA/IDH2/CWH43/F2/TGFB3/TFAP2B/INSIG1/CABP1/KCNJ11,30
GO:0008585,female gonad development,10/823,107/18860,0.09345794392523364,2.1416972326001296,2.5297904898100456,0.01848367517808018,0.23695044707455565,0.21931799377967653,FZD4/NUPR1/KITLG/KIT/MMP19/FST/PTPRN/GAS2/AFP/AMHR2,10
GO:0019395,fatty acid oxidation,10/823,107/18860,0.09345794392523364,2.1416972326001296,2.5297904898100456,0.01848367517808018,0.23695044707455565,0.21931799377967653,PLIN5/ACADL/FABP3/SIRT4/ECI2/ACAT1/PPARGC1A/ALDH1L2/ADH7/FMO2,10
GO:0061041,regulation of wound healing,12/823,139/18860,0.08633093525179857,1.9783735587471702,2.4730032139488025,0.01866854939081295,0.23865749428975558,0.22089801261967915,FGA/FGB/FGG/VEGFB/DUOX1/APOH/ENPP4/FIGNL2/F2/PROC/HRG/EDN1,12
GO:0001656,metanephros development,9/823,92/18860,0.09782608695652174,2.24179829890644,2.5504280260158536,0.018916387772110865,0.24115781648699347,0.2232122756011221,GPC3/LAMB2/ACAT1/IRX3/IRX2/RET/SIX4/TFAP2B/SIX1,9
GO:0097623,potassium ion export across plasma membrane,4/823,24/18860,0.16666666666666666,3.819360064803564,2.952153389424215,0.019060096977790025,0.24139127168752086,0.2234283584439664,KCNE2/NEDD4L/KCNQ1/KCNE4,4
GO:2001044,regulation of integrin-mediated signaling pathway,4/823,24/18860,0.16666666666666666,3.819360064803564,2.952153389424215,0.019060096977790025,0.24139127168752086,0.2234283584439664,LAMA2/PRKD1/LAMB2/NID1,4
GO:0014003,oligodendrocyte development,6/823,49/18860,0.12244897959183673,2.8060604557740474,2.703967561604946,0.019191559896364972,0.24139127168752086,0.2234283584439664,WASF3/ABCA2/MAL/KCNJ10/ID4/GPM6B,6
GO:0050775,positive regulation of dendrite morphogenesis,5/823,36/18860,0.1388888888888889,3.18280005400297,2.800182546834972,0.0191962289727671,0.24139127168752086,0.2234283584439664,FZD4/OBSL1/DBN1/CUX2/CAMK2B,5
GO:0090075,relaxation of muscle,5/823,36/18860,0.1388888888888889,3.18280005400297,2.800182546834972,0.0191962289727671,0.24139127168752086,0.2234283584439664,GSTM2/NPR3/GNAI1/ABCC8/CHGA,5
GO:0006790,sulfur compound metabolic process,20/823,277/18860,0.07220216606498195,1.654596417965443,2.3444052797577006,0.01939210071675361,0.243106639535316,0.22501607874421223,PAPSS1/GHR/SLC1A2/GSTA3/GSTM2/CHST3/GSTA4/GGT7/SIRT4/GNMT/CBS/SULT2A1/ACAT1/ACSM2B/TKTL1/GSTT2/PHGDH/GSTT2B/GSTM3/CDO1,20
GO:0006940,regulation of smooth muscle contraction,7/823,63/18860,0.1111111111111111,2.5462400432023764,2.6259110776638774,0.019490673158844403,0.243106639535316,0.22501607874421223,GHRL/CHRM3/KIT/ADA/CHRM2/EDN1/ADRB2,7
GO:0086002,cardiac muscle cell action potential involved in contraction,7/823,63/18860,0.1111111111111111,2.5462400432023764,2.6259110776638774,0.019490673158844403,0.243106639535316,0.22501607874421223,KCNE2/RYR2/NEDD4L/KCNQ1/SCN2A/KCNE4/KCNJ8,7
GO:0030510,regulation of BMP signaling pathway,11/823,124/18860,0.08870967741935484,2.0328851957825425,2.464912752632283,0.019795619617256156,0.24624470224700046,0.22792062535629307,GDF5/GPR155/RBPMS2/GPC3/GREM2/BMPER/FST/TFAP2B/SOSTDC1/DAND5/DKK1,11
GO:0048638,regulation of developmental growth,23/823,332/18860,0.06927710843373494,1.5875653281412405,2.307214787153891,0.019959285103530316,0.24761317406664626,0.22918726358269956,GDF5/FGF13/KCNK2/GHR/PTPRS/ERBB4/GHRL/AR/ULK1/NEDD4L/ULK2/ZFYVE27/GATA6/CACNA2D2/BCL2L11/MT3/FGF20/SIX4/NTN1/EDN1/ADRB2/ATP8A2/SIX1,23
GO:0072088,nephron epithelium morphogenesis,8/823,78/18860,0.10256410256410256,2.350375424494501,2.55274834958802,0.02022836992947256,0.25027862526679856,0.2316543676415963,GPC3/WNT6/IRX3/IRX2/SIX4/TMEM59L/KLHL3/SIX1,8
GO:0007605,sensory perception of sound,14/823,174/18860,0.08045977011494253,1.8438289968017205,2.3886251033607913,0.020423066764071993,0.25133987497651267,0.2326366454136257,FZD4/LRIG1/ANKRD24/COL2A1/HOMER2/HPN/TBL1X/TMTC4/KIT/LHFPL5/KCNQ1/SIX1/DCDC2/SRRM4,14
GO:1990138,neuron projection extension,14/823,174/18860,0.08045977011494253,1.8438289968017205,2.3886251033607913,0.020423066764071993,0.25133987497651267,0.2326366454136257,SH3GL2/PTPRS/CYFIP2/ULK1/NEDD4L/ULK2/ZFYVE27/LAMB2/MT3/FLRT3/NDN/NTN1/EDN1/POSTN,14
GO:0010896,regulation of triglyceride catabolic process,3/823,14/18860,0.21428571428571427,4.910605797604582,3.1266232962819913,0.021017219641056448,0.25539984196186666,0.23639449362633402,PLIN5/FUT1/APOA5,3
GO:2000095,"regulation of Wnt signaling pathway, planar cell polarity pathway",3/823,14/18860,0.21428571428571427,4.910605797604582,3.1266232962819913,0.021017219641056448,0.25539984196186666,0.23639449362633402,GPC3/ZNRF3/DKK1,3
GO:0022602,ovulation cycle process,6/823,50/18860,0.12,2.749939246658566,2.6466143991497555,0.021029672794259876,0.25539984196186666,0.23639449362633402,FZD4/MMP19/TGFB3/PTPRN/GAS2/AFP,6
GO:0045214,sarcomere organization,6/823,50/18860,0.12,2.749939246658566,2.6466143991497555,0.021029672794259876,0.25539984196186666,0.23639449362633402,MYBPC3/PRKD1/CSRP2/SIX4/LMOD2/EDN1,6
GO:0051150,regulation of smooth muscle cell differentiation,6/823,50/18860,0.12,2.749939246658566,2.6466143991497555,0.021029672794259876,0.25539984196186666,0.23639449362633402,SMARCD3/NFATC2/PDCD4/RBPMS2/KIT/EFEMP2,6
GO:0032350,regulation of hormone metabolic process,5/823,37/18860,0.13513513513513514,3.096778430921809,2.7270058940509307,0.021421979362172702,0.25880218522624876,0.23954365459271654,PDE8B/HPN/ADM/FFAR3/DUOXA1,5
GO:0051385,response to mineralocorticoid,5/823,37/18860,0.13513513513513514,3.096778430921809,2.7270058940509307,0.021421979362172702,0.25880218522624876,0.23954365459271654,SGK1/SCNN1B/SCNN1G/NEFL/EDN1,5
GO:0042490,mechanoreceptor differentiation,8/823,79/18860,0.10126582278481013,2.320623836842672,2.512525142694447,0.021678145907344654,0.2612131680480302,0.241775226307557,ANKRD24/LHFPL5/WDPCP/KCNQ1/GABRB3/FGF20/VANGL2/GABRB2,8
GO:0042744,hydrogen peroxide catabolic process,4/823,25/18860,0.16,3.6665856622114217,2.8498357285391065,0.021926915859896902,0.26147988809670336,0.24202209862494664,DUOX1/MT3/NNT/GPX3,4
GO:0070233,negative regulation of T cell apoptotic process,4/823,25/18860,0.16,3.6665856622114217,2.8498357285391065,0.021926915859896902,0.26147988809670336,0.24202209862494664,ST3GAL1/TSC22D3/RORC/ADA,4
GO:1905063,regulation of vascular associated smooth muscle cell differentiation,4/823,25/18860,0.16,3.6665856622114217,2.8498357285391065,0.021926915859896902,0.26147988809670336,0.24202209862494664,NFATC2/PDCD4/KIT/EFEMP2,4
GO:2000050,regulation of non-canonical Wnt signaling pathway,4/823,25/18860,0.16,3.6665856622114217,2.8498357285391065,0.021926915859896902,0.26147988809670336,0.24202209862494664,DAAM2/GPC3/ZNRF3/DKK1,4
GO:0043627,response to estrogen,7/823,65/18860,0.1076923076923077,2.467894195719226,2.532254559213034,0.022775249531198263,0.27022676854447336,0.25011808787214984,IGFBP2/GHRL/AR/CITED4/GATA6/SLC10A1/GSTM3,7
GO:0051592,response to calcium ion,12/823,143/18860,0.08391608391608392,1.9230344382227738,2.3667091975388024,0.022777510934734593,0.27022676854447336,0.25011808787214984,FGA/FGB/FGG/PDCD6/KCNMB2/NFATC2/RYR2/PRKAA2/ADCY1/CPNE4/EDN1/TRPV6,12
GO:0090596,sensory organ morphogenesis,21/823,300/18860,0.07,1.604131227217497,2.2530976852741853,0.022930125291534535,0.2705815991289683,0.25044651405949775,LRIG1/PPP2R3A/PTPRM/PTF1A/ANKRD24/COL2A1/HPN/EFEMP1/LHFPL5/WDPCP/KCNQ1/HOXC13/PTK7/SIX4/VANGL2/NTN1/TFAP2B/INSIG1/EDN1/ATP8A2/SIX1,21
GO:0030850,prostate gland development,6/823,51/18860,0.11764705882352941,2.696018869273104,2.5906575553022355,0.022983312428722764,0.2705815991289683,0.25044651405949775,AR/CYP7B1/FOXA1/ALOX15B/ID4/PSAPL1,6
GO:0035272,exocrine system development,6/823,51/18860,0.11764705882352941,2.696018869273104,2.5906575553022355,0.022983312428722764,0.2705815991289683,0.25044651405949775,EDA/PTF1A/RAB26/EGFR/NTN4/TGFB3,6
GO:0042303,molting cycle,11/823,127/18860,0.08661417322834646,1.9848642856459466,2.3787657563149205,0.023188600149383235,0.27161266418630364,0.25140085334276563,EDA/LRIG1/EGFR/HOXC13/IGFBP5/FST/VANGL2/SOSTDC1/APCDD1/SOX21/DKK1,11
GO:0042633,hair cycle,11/823,127/18860,0.08661417322834646,1.9848642856459466,2.3787657563149205,0.023188600149383235,0.27161266418630364,0.25140085334276563,EDA/LRIG1/EGFR/HOXC13/IGFBP5/FST/VANGL2/SOSTDC1/APCDD1/SOX21/DKK1,11
GO:0046545,development of primary female sexual characteristics,10/823,111/18860,0.09009009009009009,2.0645189539478723,2.402718700923883,0.023258322761339777,0.27173964441413434,0.2515183844517437,FZD4/NUPR1/KITLG/KIT/MMP19/FST/PTPRN/GAS2/AFP/AMHR2,10
GO:0048863,stem cell differentiation,19/823,265/18860,0.07169811320754717,1.6430454618400236,2.2518715726830627,0.02374553121835891,0.27538558474849445,0.2548930154323751,PDCD6/NRTN/CDH2/FOLR1/ERBB4/SMAD5/CHD3/CDK6/GATA6/KITLG/KIT/FOXA1/RET/SMAD9/SEMA3D/TCOF1/EDN1/SIX1/SOX21,19
GO:0010092,specification of animal organ identity,5/823,38/18860,0.13157894736842105,3.015284261687024,2.65627064171714,0.02380906789049822,0.27538558474849445,0.2548930154323751,SMARCD3/AR/GATA5/SIX1/DKK1,5
GO:0010770,positive regulation of cell morphogenesis,5/823,38/18860,0.13157894736842105,3.015284261687024,2.65627064171714,0.02380906789049822,0.27538558474849445,0.2548930154323751,FZD4/OBSL1/DBN1/CUX2/CAMK2B,5
GO:0043268,positive regulation of potassium ion transport,5/823,38/18860,0.13157894736842105,3.015284261687024,2.65627064171714,0.02380906789049822,0.27538558474849445,0.2548930154323751,KCNQ1/ABCC8/LRRC52/ATP1B2/LRRC26,5
GO:0055002,striated muscle cell development,14/823,178/18860,0.07865168539325842,1.8023946373230304,2.2975418454113776,0.024291508433571318,0.2802632785523291,0.2594077400616642,MYBPC3/DNER/OBSL1/NFATC2/SORBS2/PRKD1/NRAP/NEBL/CSRP2/SIX4/ALPK3/LMOD2/EDN1/SIX1,14
GO:0051224,negative regulation of protein transport,11/823,128/18860,0.0859375,1.9693575334143378,2.350574363881023,0.024408669583925173,0.280912743465872,0.2600088756308396,PDE8B/GHRL/GNAZ/SIRT4/GNAI1/ABCC8/CHGA/IDH2/INSIG1/CABP1/KCNJ11,11
GO:0071384,cellular response to corticosteroid stimulus,7/823,66/18860,0.10606060606060606,2.43050185942045,2.486725674973313,0.024552765136642316,0.2813378195414952,0.26040232005460173,SGK1/BCL2L11/SCNN1B/SCNN1G/SSTR2/FAM107A/EDN1,7
GO:0006641,triglyceride metabolic process,10/823,112/18860,0.08928571428571429,2.0460857490019095,2.371788286024945,0.02457950899506807,0.2813378195414952,0.26040232005460173,PLIN5/FUT1/PNPLA4/APOA5/APOH/LIPF/GPIHBP1/PNPLA1/MOGAT1/INSIG1,10
GO:0061333,renal tubule morphogenesis,8/823,81/18860,0.09876543209876543,2.2633244828465564,2.433875093162446,0.02479508621105551,0.2813378195414952,0.26040232005460173,GPC3/WNT6/IRX3/IRX2/SIX4/TMEM59L/KLHL3/SIX1,8
GO:0097120,receptor localization to synapse,8/823,81/18860,0.09876543209876543,2.2633244828465564,2.433875093162446,0.02479508621105551,0.2813378195414952,0.26040232005460173,KIF17/ERBB4/DBN1/RAPSN/ZDHHC2/CNIH3/CACNA2D2/KIF5C,8
GO:0030194,positive regulation of blood coagulation,4/823,26/18860,0.15384615384615385,3.525563136741752,2.7526482369446024,0.02504300830023032,0.2813378195414952,0.26040232005460173,APOH/ENPP4/F2/HRG,4
GO:0035994,response to muscle stretch,4/823,26/18860,0.15384615384615385,3.525563136741752,2.7526482369446024,0.02504300830023032,0.2813378195414952,0.26040232005460173,CDH2/DMD/RYR2/EDN1,4
GO:0048169,regulation of long-term neuronal synaptic plasticity,4/823,26/18860,0.15384615384615385,3.525563136741752,2.7526482369446024,0.02504300830023032,0.2813378195414952,0.26040232005460173,SYNGR1/KIT/KCNJ10/CAMK2B,4
GO:1900048,positive regulation of hemostasis,4/823,26/18860,0.15384615384615385,3.525563136741752,2.7526482369446024,0.02504300830023032,0.2813378195414952,0.26040232005460173,APOH/ENPP4/F2/HRG,4
GO:0045922,negative regulation of fatty acid metabolic process,6/823,52/18860,0.11538461538461539,2.6441723525563137,2.536032413649115,0.02505522076523392,0.2813378195414952,0.26040232005460173,PLIN5/ACADL/SIRT4/FMO2/INSIG1/SLC22A13,6
GO:2001257,regulation of cation channel activity,6/823,52/18860,0.11538461538461539,2.6441723525563137,2.536032413649115,0.02505522076523392,0.2813378195414952,0.26040232005460173,FGF13/KCNE2/KCNQ1/LRRC52/LRRC26/EDN1,6
GO:1903034,regulation of response to wounding,14/823,179/18860,0.0782122905027933,1.7923253935391028,2.275134758818796,0.02533852659885153,0.2815072124860852,0.26055910777636626,FGA/FGB/FGG/VEGFB/PTPRS/IL33/DUOX1/APOH/ENPP4/FIGNL2/F2/PROC/HRG/EDN1,14
GO:0001711,endodermal cell fate commitment,3/823,15/18860,0.2,4.583232077764277,2.9655113543330804,0.02543629633947942,0.2815072124860852,0.26055910777636626,GATA6/SOX2/DKK1,3
GO:0014029,neural crest formation,3/823,15/18860,0.2,4.583232077764277,2.9655113543330804,0.02543629633947942,0.2815072124860852,0.26055910777636626,PDCD6/TCOF1/EDN1,3
GO:0034372,very-low-density lipoprotein particle remodeling,3/823,15/18860,0.2,4.583232077764277,2.9655113543330804,0.02543629633947942,0.2815072124860852,0.26055910777636626,ANGPTL3/APOA5/APOH,3
GO:0071696,ectodermal placode development,3/823,15/18860,0.2,4.583232077764277,2.9655113543330804,0.02543629633947942,0.2815072124860852,0.26055910777636626,EDA/SIX4/SIX1,3
GO:0071871,response to epinephrine,3/823,15/18860,0.2,4.583232077764277,2.9655113543330804,0.02543629633947942,0.2815072124860852,0.26055910777636626,RNLS/RYR2/KCNQ1,3
GO:0034694,response to prostaglandin,5/823,39/18860,0.1282051282051282,2.937969280618126,2.5878252139591775,0.02636104303665227,0.2876009038314654,0.2661993425895163,P2RY4/PRKAA2/PTGDR2/GNAI1/EDN1,5
GO:0035883,enteroendocrine cell differentiation,5/823,39/18860,0.1282051282051282,2.937969280618126,2.5878252139591775,0.02636104303665227,0.2876009038314654,0.2661993425895163,CDH2/CDK6/GATA6/SIDT2/PAX4,5
GO:0050974,detection of mechanical stimulus involved in sensory perception,5/823,39/18860,0.1282051282051282,2.937969280618126,2.5878252139591775,0.02636104303665227,0.2876009038314654,0.2661993425895163,KCNK2/HPN/KIT/LHFPL5/KCNQ1,5
GO:0006665,sphingolipid metabolic process,14/823,180/18860,0.07777777777777778,1.7823680302416633,2.2528693548498544,0.02641864706411712,0.2876009038314654,0.2661993425895163,FUT1/ST3GAL1/B3GALNT1/A4GALT/CERS4/PRKD1/ABCA2/KIT/PLA2G6/PNPLA1/CYP4F22/ST8SIA5/FUT9/PSAPL1,14
GO:0019229,regulation of vasoconstriction,7/823,67/18860,0.1044776119402985,2.3942257122649204,2.4420217484163693,0.026423138293508414,0.2876009038314654,0.2661993425895163,FGA/FGB/FGG/KCNMB2/ADM/ADRA1B/EDN1,7
GO:0051932,"synaptic transmission, GABAergic",7/823,67/18860,0.1044776119402985,2.3942257122649204,2.4420217484163693,0.026423138293508414,0.2876009038314654,0.2661993425895163,KCNK2/GABRG2/PLCL1/GABRB3/NALCN/GABRB2/GABRA3,7
GO:1903317,regulation of protein maturation,7/823,67/18860,0.1044776119402985,2.3942257122649204,2.4420217484163693,0.026423138293508414,0.2876009038314654,0.2661993425895163,FGA/HPN/SIRT4/CCBE1/PRKACB/CWH43/GAS1,7
GO:0043524,negative regulation of neuron apoptotic process,14/823,181/18860,0.07734806629834254,1.7725206930580075,2.230743792000607,0.027532429107179852,0.29896978901090593,0.27672222245680705,GDF5/VEGFB/PTPRZ1/LONRF2/MT3/PPARGC1A/FGF20/NEFL/NES/SIX4/TGFB3/VSTM2L/TFAP2B/SIX1,14
GO:1904062,regulation of monoatomic cation transmembrane transport,20/823,288/18860,0.06944444444444445,1.591400027001485,2.1603560905629786,0.027948404033867332,0.3027743770335628,0.2802436955014422,FGF13/KCNE2/FXYD4/KCNIP3/GSTM2/DMD/ATP4A/RYR2/NEDD4L/PPP3CC/PRKD1/PLA2G1B/KCNQ1/KCNIP4/F2/LRRC52/ATP1B2/LRRC26/KCNG4/EDN1,20
GO:0001655,urogenital system development,7/823,68/18860,0.10294117647058823,2.3590165106139658,2.3981137692349908,0.028388282083658484,0.30282467514030625,0.2802902507200462,EPHB3/AR/CYP7B1/FOXA1/ALOX15B/ID4/PSAPL1,7
GO:0042698,ovulation cycle,7/823,68/18860,0.10294117647058823,2.3590165106139658,2.3981137692349908,0.028388282083658484,0.30282467514030625,0.2802902507200462,FZD4/MMP19/TGFB3/PTPRN/GAS2/AFP/CA12,7
GO:0072348,sulfur compound transport,7/823,68/18860,0.10294117647058823,2.3590165106139658,2.3981137692349908,0.028388282083658484,0.30282467514030625,0.2802902507200462,SLC26A7/SLC1A2/SLC13A3/SLC26A9/SLC35F3/ABCC5/SLC25A47,7
GO:0009312,oligosaccharide biosynthetic process,4/823,27/18860,0.14814814814814814,3.3949867242698346,2.660126774939365,0.02841236930352169,0.30282467514030625,0.2802902507200462,FUT1/B3GALNT1/ST3GAL6/FUT9,4
GO:0010842,retina layer formation,4/823,27/18860,0.14814814814814814,3.3949867242698346,2.660126774939365,0.02841236930352169,0.30282467514030625,0.2802902507200462,PTPRM/PTF1A/TFAP2B/ATP8A2,4
GO:0050996,positive regulation of lipid catabolic process,4/823,27/18860,0.14814814814814814,3.3949867242698346,2.660126774939365,0.02841236930352169,0.30282467514030625,0.2802902507200462,PLIN5/ANGPTL3/FUT1/APOA5,4
GO:2001259,positive regulation of cation channel activity,4/823,27/18860,0.14814814814814814,3.3949867242698346,2.660126774939365,0.02841236930352169,0.30282467514030625,0.2802902507200462,FGF13/LRRC52/LRRC26/EDN1,4
GO:0050848,regulation of calcium-mediated signaling,9/823,99/18860,0.09090909090909091,2.0832873080746714,2.3083962266169897,0.028903219274283708,0.3073464445871413,0.2844755367815748,RGN/HOMER2/PPP3CC/CD3E/ADA/SLC8A2/GPR62/CA8/EDN1,9
GO:0043243,positive regulation of protein-containing complex disassembly,5/823,40/18860,0.125,2.864520048602673,2.521531157346738,0.029081082405582426,0.30852688575117904,0.28556813648361395,IGF1R/EIF5A2/BNIP3/NES/ADRB2,5
GO:0050954,sensory perception of mechanical stimulus,15/823,200/18860,0.075,1.7187120291616038,2.1826856193534057,0.029376335618107728,0.31008551732394923,0.2870107838970373,KCNK2/FZD4/LRIG1/ANKRD24/COL2A1/HOMER2/HPN/TBL1X/TMTC4/KIT/LHFPL5/KCNQ1/SIX1/DCDC2/SRRM4,15
GO:0048562,embryonic organ morphogenesis,21/823,308/18860,0.06818181818181818,1.5624654810560035,2.125949579448208,0.02946057485974162,0.31008551732394923,0.2870107838970373,FOLR1/LRIG1/ANKRD24/COL2A1/HPN/RYR2/RBPMS2/EFEMP1/LHFPL5/WDPCP/KCNQ1/CHST11/PTK7/SIX4/VANGL2/NTN1/INSIG1/HOXC4/EDN1/ATP8A2/SIX1,21
GO:0008542,visual learning,6/823,54/18860,0.1111111111111111,2.5462400432023764,2.4305394546371786,0.029563949647353774,0.31008551732394923,0.2870107838970373,DEAF1/PDE1B/PDE8B/B3GAT1/KIT/ABCC8,6
GO:0050771,negative regulation of axonogenesis,6/823,54/18860,0.1111111111111111,2.5462400432023764,2.4305394546371786,0.029563949647353774,0.31008551732394923,0.2870107838970373,FGF13/PTPRS/ULK1/ULK2/MT3/NTN1,6
GO:0070169,positive regulation of biomineral tissue development,6/823,54/18860,0.1111111111111111,2.5462400432023764,2.4305394546371786,0.029563949647353774,0.31008551732394923,0.2870107838970373,ACVR2B/WNT6/SLC4A2/KL/ADRB2/GPM6B,6
GO:0048678,response to axon injury,8/823,84/18860,0.09523809523809523,2.1824914656020367,2.320134782796975,0.030037546132472462,0.3139827039869841,0.2906179649379441,KCNK2/FOLR1/PTPRS/BNIP3/LAMB2/FLRT3/FIGNL2/NEFL,8
GO:0010565,regulation of ketone metabolic process,12/823,149/18860,0.08053691275167785,1.8455968098379638,2.213528234149665,0.030139618172531735,0.3139827039869841,0.2906179649379441,PLIN5/ACADL/FABP3/SIRT4/APOA5/PPARGC1A/ADM/GPIHBP1/FMO2/INSIG1/EDN1/SLC22A13,12
GO:0014074,response to purine-containing compound,12/823,149/18860,0.08053691275167785,1.8455968098379638,2.213528234149665,0.030139618172531735,0.3139827039869841,0.2906179649379441,GSTM2/P2RY4/RYR2/CRTC1/DUOX1/ADA/KCNQ1/MMP19/IGFBP5/KCNJ8/CDO1/KCNJ11,12
GO:0045176,apical protein localization,3/823,16/18860,0.1875,4.29678007290401,2.8179969273731373,0.03031336172036437,0.31437340301007094,0.29097959044645444,CELSR1/VANGL2/MAL,3
GO:0060033,anatomical structure regression,3/823,16/18860,0.1875,4.29678007290401,2.8179969273731373,0.03031336172036437,0.31437340301007094,0.29097959044645444,SMAD5/OPN4/AMHR2,3
GO:0048645,animal organ formation,7/823,69/18860,0.10144927536231885,2.3248278655326047,2.3549741725940314,0.030450011237861202,0.3150825153872857,0.29163593486721917,SMARCD3/FOLR1/AR/GATA6/GATA5/SIX1/DKK1,7
GO:0019730,antimicrobial humoral response,14/823,184/18860,0.07608695652173914,1.7436208991494533,2.165188247138504,0.031081233271950136,0.3194333294393381,0.295662987025109,FGA/FGB/CCL16/PLA2G1B/GATA6/PLA2G6/ADM/PGC/TF/F2/PRTN3/HRG/DEFB1/NPY,14
GO:0072593,reactive oxygen species metabolic process,17/823,237/18860,0.07172995780590717,1.6437752177635592,2.1303977807578294,0.031097818117707714,0.3194333294393381,0.295662987025109,DRD5/PLIN5/DCXR/BNIP3/DUOX1/CBS/SFTPD/MT3/NNT/GLS2/F2/DUOXA1/PON3/SLC18A2/EDN1/GPX3/SOD3,17
GO:0048738,cardiac muscle tissue development,18/823,255/18860,0.07058823529411765,1.6176113215638623,2.12103383652783,0.031104206960452532,0.3194333294393381,0.295662987025109,MYBPC3/KCNK2/OBSL1/ERBB4/SMAD5/RYR2/SORBS2/GATA6/NRAP/NEBL/IRX3/FGF20/ALPK3/GATA5/EDN1/KCNJ8/KCNJ11/DKK1,18
GO:0060485,mesenchyme development,23/823,347/18860,0.06628242074927954,1.5189385848498325,2.084104038807884,0.0311787413940376,0.3194333294393381,0.295662987025109,RANBP3L/PDCD6/NRTN/CDH2/FOLR1/ERBB4/HPN/PDCD4/TGFB1I1/KITLG/FOXA1/PTK7/RET/SIX4/SEMA3D/GCNT2/TGFB3/TCOF1/GATA5/DAND5/EDN1/SIX1/DKK1,23
GO:0098661,inorganic anion transmembrane transport,11/823,133/18860,0.08270676691729323,1.8953215359175581,2.2133385157564023,0.031216561555176922,0.3194333294393381,0.295662987025109,SLC26A7/CLIC6/KCNK2/CLCNKA/GABRG2/SLC6A2/SLC4A2/SLC26A9/GABRB3/GABRB2/GABRA3,11
GO:0043434,response to peptide hormone,29/823,461/18860,0.06290672451193059,1.4415805884508033,2.050408634755495,0.03149302534070874,0.3207280816525838,0.2968613914229766,IGF1R/GHR/CACNA2D3/FUT1/GHRL/CSH1/ECHDC3/FABP3/SLC2A4/HDAC5/TBC1D4/KL/PRKD1/PLA2G1B/GNAI1/CELA2A/SLC22A12/SORBS1/SCNN1B/KCNQ1/ABCC8/SCNN1G/IGFBP5/NEFL/FFAR3/INSIG1/EDN1/KCNJ8/CDO1,29
GO:0070085,glycosylation,15/823,202/18860,0.07425742574257425,1.7016950783778255,2.14174945970955,0.031697428955073076,0.3207280816525838,0.2968613914229766,FUT1/B3GAT1/ST3GAL1/GBGT1/B3GALNT1/MAN2A2/ST3GAL6/ABCA2/TMTC4/ST8SIA5/CWH43/GCNT2/FUT9/RAMP1/GALNT14,15
GO:0051149,positive regulation of muscle cell differentiation,8/823,85/18860,0.09411764705882353,2.1568150954184833,2.283287149295764,0.03194213801149623,0.3207280816525838,0.2968613914229766,SMARCD3/LAMA2/PRKD1/LAMB2/KIT/EFEMP2/EDN1/NID1,8
GO:0034368,protein-lipid complex remodeling,5/823,41/18860,0.12195121951219512,2.7946537059538277,2.4572617054307995,0.031971987395515135,0.3207280816525838,0.2968613914229766,ANGPTL3/APOA5/APOH/GPIHBP1/PLTP,5
GO:0034369,plasma lipoprotein particle remodeling,5/823,41/18860,0.12195121951219512,2.7946537059538277,2.4572617054307995,0.031971987395515135,0.3207280816525838,0.2968613914229766,ANGPTL3/APOA5/APOH/GPIHBP1/PLTP,5
GO:0048286,lung alveolus development,6/823,55/18860,0.10909090909090909,2.4999447696896056,2.3795620773674493,0.032005373885067426,0.3207280816525838,0.2968613914229766,GATA6/SFTPD/FOXA1/ADA/IGFBP5/TGFB3,6
GO:0044342,type B pancreatic cell proliferation,4/823,28/18860,0.14285714285714285,3.273737198403055,2.5718649218167706,0.032038059727376195,0.3207280816525838,0.2968613914229766,NUPR1/SIDT2/IGFBP5/PTPRN,4
GO:0060259,regulation of feeding behavior,4/823,28/18860,0.14285714285714285,3.273737198403055,2.5718649218167706,0.032038059727376195,0.3207280816525838,0.2968613914229766,GHRL/LEPR/RXFP4/NPY,4
GO:0060740,prostate gland epithelium morphogenesis,4/823,28/18860,0.14285714285714285,3.273737198403055,2.5718649218167706,0.032038059727376195,0.3207280816525838,0.2968613914229766,AR/CYP7B1/FOXA1/ID4,4
GO:0090103,cochlea morphogenesis,4/823,28/18860,0.14285714285714285,3.273737198403055,2.5718649218167706,0.032038059727376195,0.3207280816525838,0.2968613914229766,HPN/PTK7/VANGL2/SIX1,4
GO:0048588,developmental cell growth,17/823,238/18860,0.07142857142857142,1.6368685992015275,2.112040535265792,0.03218896438140677,0.3215412783986845,0.297614074868418,SH3GL2/FGF13/PTPRS/CYFIP2/NIN/ULK1/NEDD4L/ULK2/ZFYVE27/SORBS2/LAMB2/MT3/FLRT3/NDN/NTN1/EDN1/POSTN,17
GO:0120161,regulation of cold-induced thermogenesis,12/823,151/18860,0.07947019867549669,1.821151818979183,2.1640323096263288,0.03293686233274358,0.3283015543533728,0.30387129099982596,ESRRG/IGF1R/ACADL/GHRL/LEPR/PLCL1/ACVR2B/G0S2/ALDH1A1/NPR3/PPARGC1A/ADRB2,12
GO:0050773,regulation of dendrite development,9/823,102/18860,0.08823529411764706,2.0220141519548283,2.2107560638593817,0.03414410651808502,0.3389202131967771,0.31369977194560567,FZD4/OBSL1/PACSIN1/DBN1/NEDD4L/RAB17/CUX2/CSMD3/CAMK2B,9
GO:0051147,regulation of muscle cell differentiation,13/823,169/18860,0.07692307692307693,1.762781568370876,2.1276704851145056,0.034149057234344825,0.3389202131967771,0.31369977194560567,SMARCD3/NFATC2/LAMA2/HDAC5/PDCD4/RBPMS2/PRKD1/LAMB2/KIT/EFEMP2/EDN1/NID1/DKK1,13
GO:0060612,adipose tissue development,7/823,71/18860,0.09859154929577464,2.2593397566443616,2.2708965492743203,0.034869969158693004,0.34533241988705626,0.31963482007223,GHRL/ACVR2B/OXCT1/ACAT1/PPARGC1A/RORC/GUCA2B,7
GO:0032411,positive regulation of transporter activity,5/823,42/18860,0.11904761904761904,2.7281143320025456,2.3949005312526923,0.035036179865854916,0.3454956625660693,0.31978591519487015,FGF13/SGK1/LRRC52/LRRC26/EDN1,5
GO:0045923,positive regulation of fatty acid metabolic process,5/823,42/18860,0.11904761904761904,2.7281143320025456,2.3949005312526923,0.035036179865854916,0.3454956625660693,0.31978591519487015,PLIN5/APOA5/PPARGC1A/GPIHBP1/EDN1,5
GO:0046890,regulation of lipid biosynthetic process,15/823,205/18860,0.07317073170731707,1.6767922235722965,2.0811901368365358,0.03542676432767478,0.34558793723346853,0.3198713233263193,PLIN5/ACADL/PDE8B/ASXL3/FABP3/SIRT4/APOA5/GNAI1/ABCA2/PLA2G6/SORBS1/ADM/GPIHBP1/INSIG1/EDN1,15
GO:0045444,fat cell differentiation,18/823,259/18860,0.0694980694980695,1.5926289073312159,2.05135895979238,0.03545573212934456,0.34558793723346853,0.3198713233263193,ALDH6A1/FNDC5/BNIP3/FABP3/SLC2A4/TGFB1I1/TRIB2/C1QTNF3/PPARGC1A/RORC/RORA/ZBTB16/TFAP2B/ID4/INSIG1/ADRB2/KCNJ8/SIX1,18
GO:0030728,ovulation,3/823,17/18860,0.17647058823529413,4.0440283039096565,2.682101556081335,0.0356446063105376,0.34558793723346853,0.3198713233263193,MMP19/GAS2/AFP,3
GO:0051917,regulation of fibrinolysis,3/823,17/18860,0.17647058823529413,4.0440283039096565,2.682101556081335,0.0356446063105376,0.34558793723346853,0.3198713233263193,APOH/F2/HRG,3
GO:0097091,synaptic vesicle clustering,3/823,17/18860,0.17647058823529413,4.0440283039096565,2.682101556081335,0.0356446063105376,0.34558793723346853,0.3198713233263193,CDH2/SYN2/SYNDIG1,3
GO:0098935,dendritic transport,3/823,17/18860,0.17647058823529413,4.0440283039096565,2.682101556081335,0.0356446063105376,0.34558793723346853,0.3198713233263193,KIF17/RAB17/KIF5C,3
GO:1904044,response to aldosterone,3/823,17/18860,0.17647058823529413,4.0440283039096565,2.682101556081335,0.0356446063105376,0.34558793723346853,0.3198713233263193,SGK1/SCNN1B/SCNN1G,3
GO:2000369,regulation of clathrin-dependent endocytosis,3/823,17/18860,0.17647058823529413,4.0440283039096565,2.682101556081335,0.0356446063105376,0.34558793723346853,0.3198713233263193,DNAJC6/DGKD/HIP1R,3
GO:0003156,regulation of animal organ formation,4/823,29/18860,0.13793103448275862,3.1608497088029495,2.4875050117093127,0.035922230765899864,0.3463906162758244,0.32061427173343116,AR/GATA5/SIX1/DKK1,4
GO:0086013,membrane repolarization during cardiac muscle cell action potential,4/823,29/18860,0.13793103448275862,3.1608497088029495,2.4875050117093127,0.035922230765899864,0.3463906162758244,0.32061427173343116,KCNE2/KCNQ1/KCNE4/KCNJ8,4
GO:0055117,regulation of cardiac muscle contraction,8/823,87/18860,0.09195402298850575,2.1072331392019663,2.2111029147617773,0.03599507730285823,0.3463906162758244,0.32061427173343116,MYBPC3/FGF13/GSTM2/DMD/RYR2/KCNQ1/CHGA/ADRA1B,8
GO:0001823,mesonephros development,9/823,103/18860,0.08737864077669903,2.0023829465960437,2.17895212302158,0.03602762639488531,0.3463906162758244,0.32061427173343116,SMAD5/GPC3/WNT6/BMPER/RET/SIX4/ZBTB16/TMEM59L/SIX1,9
GO:0048762,mesenchymal cell differentiation,19/823,278/18860,0.0683453237410072,1.5662124006748428,2.0315739806438753,0.03624646551160046,0.3477701420707612,0.3218911413635511,RANBP3L/PDCD6/NRTN/CDH2/FOLR1/ERBB4/HPN/PDCD4/TGFB1I1/KITLG/FOXA1/RET/SEMA3D/GCNT2/TGFB3/TCOF1/GATA5/EDN1/SIX1,19
GO:0006006,glucose metabolic process,15/823,206/18860,0.07281553398058252,1.6686524554967028,2.061223869223565,0.036737742941913364,0.3517524557612659,0.32557711478114093,GHRL/DCXR/LEPR/FBP2/GNMT/C1QTNF3/PPARGC1A/RORC/SORBS1/KCNQ1/TKTL1/RORA/PGAM2/TFAP2B/KCNJ11,15
GO:0016055,Wnt signaling pathway,30/823,487/18860,0.061601642710472276,1.4116731245680525,1.9660929866553485,0.036889370817895076,0.35247297375690634,0.3262440160815478,EDA/CDH2/FOLR1/FZD4/PPP2R3A/CDK14/TMEM132A/IGFBP2/EGFR/APC2/CELSR1/PRKAA2/PBXIP1/TGFB1I1/DAAM2/GPC3/WNT6/TBL1X/MITF/ZNRF3/PTK7/SOX2/VANGL2/FZD8/PRICKLE2/SOSTDC1/EDN1/APCDD1/DCDC2/DKK1,30
GO:1990748,cellular detoxification,10/823,120/18860,0.08333333333333333,1.909680032401782,2.1353623787379954,0.037145475920425476,0.3541867177123214,0.3278302333298969,GSTM2/DUOX1/ALDH1A1/ALB/MT3/NNT/RDH12/GSTM3/GPX3/SOD3,10
GO:0048146,positive regulation of fibroblast proliferation,6/823,57/18860,0.10526315789473684,2.412227409349619,2.280896539562783,0.03727244931339699,0.3543846042107194,0.32801339428342347,ZMIZ1/PDGFD/EGFR/CDK6/PLA2G1B/FBLN1,6
GO:0006898,receptor-mediated endocytosis,19/823,279/18860,0.06810035842293907,1.5605987361562952,2.0151007725751064,0.03737720014935075,0.3543846042107194,0.32801339428342347,SH3GL2/FOLR1/GHR/DNAJC6/GHRL/DGKD/HIP1R/SUSD4/NEDD4L/APOA5/SFTPD/ABCA2/ADM/TF/MICALL1/RAMP1/ADRB2/STAB2/DKK1,19
GO:0031960,response to corticosteroid,12/823,154/18860,0.07792207792207792,1.7856748354925753,2.0911723788408643,0.037473388267569026,0.3543846042107194,0.32801339428342347,GHR/IGFBP2/ALAD/SGK1/BCL2L11/SCNN1B/SCNN1G/NEFL/SSTR2/FAM107A/EDN1/CDO1,12
GO:0106106,cold-induced thermogenesis,12/823,154/18860,0.07792207792207792,1.7856748354925753,2.0911723788408643,0.037473388267569026,0.3543846042107194,0.32801339428342347,ESRRG/IGF1R/ACADL/GHRL/LEPR/PLCL1/ACVR2B/G0S2/ALDH1A1/NPR3/PPARGC1A/ADRB2,12
GO:0098773,skin epidermis development,11/823,137/18860,0.08029197080291971,1.8399836808542716,2.107756847382716,0.03756119870646923,0.3544886135590092,0.32810966387009394,EDA/EGFR/GATA6/HOXC13/IGFBP5/FST/VANGL2/SOSTDC1/APCDD1/SOX21/DKK1,11
GO:0007596,blood coagulation,17/823,243/18860,0.06995884773662552,1.6031881753496442,2.021520742241907,0.03807217682105638,0.35685324984864975,0.33029833788808133,FGA/FGB/FGG/DGKD/APOH/ENPP4/CELA2A/PDIA2/FGL1/SERPIND1/F2/VAV3/FBLN1/PROC/HRG/EDN1/PRSS56,17
GO:0006040,amino sugar metabolic process,5/823,43/18860,0.11627906976744186,2.664669812653649,2.3343406593617373,0.03827570068799168,0.35685324984864975,0.33029833788808133,CHIA/ST3GAL1/CHST3/ALDH1A1/CSGALNACT1,5
GO:0034367,protein-containing complex remodeling,5/823,43/18860,0.11627906976744186,2.664669812653649,2.3343406593617373,0.03827570068799168,0.35685324984864975,0.33029833788808133,ANGPTL3/APOA5/APOH/GPIHBP1/PLTP,5
GO:0046427,positive regulation of receptor signaling pathway via JAK-STAT,5/823,43/18860,0.11627906976744186,2.664669812653649,2.3343406593617373,0.03827570068799168,0.35685324984864975,0.33029833788808133,GHR/ERBB4/CSH1/KIT/F2,5
GO:0070232,regulation of T cell apoptotic process,5/823,43/18860,0.11627906976744186,2.664669812653649,2.3343406593617373,0.03827570068799168,0.35685324984864975,0.33029833788808133,ST3GAL1/TSC22D3/BCL2L11/RORC/ADA,5
GO:1902305,regulation of sodium ion transmembrane transport,5/823,43/18860,0.11627906976744186,2.664669812653649,2.3343406593617373,0.03827570068799168,0.35685324984864975,0.33029833788808133,FGF13/FXYD4/DMD/NEDD4L/ATP1B2,5
GO:0035051,cardiocyte differentiation,13/823,172/18860,0.0755813953488372,1.732035378224872,2.06011742905398,0.038524711944038795,0.3584506968180223,0.3317769122854614,FOLR1/OBSL1/EGFR/PDCD4/SORBS2/GATA6/NRAP/NEBL/IRX3/ALPK3/EDN1/KCNJ8/DKK1,13
GO:0048608,reproductive structure development,21/823,318/18860,0.0660377358490566,1.513331346431601,1.9720147181714736,0.03948815437828077,0.3643085129203483,0.33719882429851705,FZD4/REC8/AR/NUPR1/CYP7B1/GATA6/BCL2L11/KITLG/KIT/FOXA1/ALOX15B/MMP19/SIX4/FST/SYCP2/PTPRN/ID4/GAS2/PSAPL1/AFP/AMHR2,21
GO:0051402,neuron apoptotic process,21/823,318/18860,0.0660377358490566,1.513331346431601,1.9720147181714736,0.03948815437828077,0.3643085129203483,0.33719882429851705,GDF5/VEGFB/BNIP3/RAPSN/PTPRZ1/LONRF2/NUPR1/TMTC4/BCL2L11/MT3/PPARGC1A/FGF20/NEFL/NES/SIX4/TGFB3/SCN2A/VSTM2L/TFAP2B/SIX1/DKK1,21
GO:0006024,glycosaminoglycan biosynthetic process,4/823,30/18860,0.13333333333333333,3.0554880518428513,2.406730818649494,0.040066152559404836,0.3643085129203483,0.33719882429851705,XYLT2/B3GAT1/ABCC5/GCNT2,4
GO:0050820,positive regulation of coagulation,4/823,30/18860,0.13333333333333333,3.0554880518428513,2.406730818649494,0.040066152559404836,0.3643085129203483,0.33719882429851705,APOH/ENPP4/F2/HRG,4
GO:0060117,auditory receptor cell development,4/823,30/18860,0.13333333333333333,3.0554880518428513,2.406730818649494,0.040066152559404836,0.3643085129203483,0.33719882429851705,ANKRD24/LHFPL5/WDPCP/KCNQ1,4
GO:0060384,innervation,4/823,30/18860,0.13333333333333333,3.0554880518428513,2.406730818649494,0.040066152559404836,0.3643085129203483,0.33719882429851705,LRIG1/GABRB3/GABRB2/EDN1,4
GO:0060512,prostate gland morphogenesis,4/823,30/18860,0.13333333333333333,3.0554880518428513,2.406730818649494,0.040066152559404836,0.3643085129203483,0.33719882429851705,AR/CYP7B1/FOXA1/ID4,4
GO:1901381,positive regulation of potassium ion transmembrane transport,4/823,30/18860,0.13333333333333333,3.0554880518428513,2.406730818649494,0.040066152559404836,0.3643085129203483,0.33719882429851705,KCNQ1/LRRC52/ATP1B2/LRRC26,4
GO:0050982,detection of mechanical stimulus,6/823,58/18860,0.10344827586206896,2.370637281602212,2.2331176717961734,0.04010156545255405,0.3643085129203483,0.33719882429851705,CDH2/KCNK2/HPN/KIT/LHFPL5/KCNQ1,6
GO:0060997,dendritic spine morphogenesis,6/823,58/18860,0.10344827586206896,2.370637281602212,2.2331176717961734,0.04010156545255405,0.3643085129203483,0.33719882429851705,DBN1/EPHB3/PAK3/CUX2/KIF1A/CAMK2B,6
GO:0071827,plasma lipoprotein particle organization,6/823,58/18860,0.10344827586206896,2.370637281602212,2.2331176717961734,0.04010156545255405,0.3643085129203483,0.33719882429851705,ANGPTL3/APOA5/APOH/GPIHBP1/PRKACB/PLTP,6
GO:0086009,membrane repolarization,6/823,58/18860,0.10344827586206896,2.370637281602212,2.2331176717961734,0.04010156545255405,0.3643085129203483,0.33719882429851705,KCNE2/NEDD4L/KCNQ1/ATP1B2/KCNE4/KCNJ8,6
GO:0007219,Notch signaling pathway,14/823,191/18860,0.07329842931937172,1.6797185625314104,2.0167979038582273,0.040639195309680104,0.36774487520426213,0.34037947278984904,ZMIZ1/DNER/CDK6/SORBS2/PTP4A3/KIT/RCAN2/FOXA1/PGAM2/GATA5/GAS2/POSTN/S1PR3/SIX1,14
GO:0034764,positive regulation of transmembrane transport,14/823,191/18860,0.07329842931937172,1.6797185625314104,2.0167979038582273,0.040639195309680104,0.36774487520426213,0.34037947278984904,FGF13/PTPRM/FXYD4/SLC1A2/PPP3CC/GPC3/PLA2G1B/SORBS1/KCNQ1/F2/LRRC52/ATP1B2/LRRC26/EDN1,14
GO:0006639,acylglycerol metabolic process,11/823,139/18860,0.07913669064748201,1.8135090955182391,2.0562806402590836,0.04104967094598785,0.36834411311777804,0.3409341189557948,PLIN5/FUT1/DGKD/PNPLA4/APOA5/APOH/LIPF/GPIHBP1/PNPLA1/MOGAT1/INSIG1,11
GO:0003128,heart field specification,3/823,18/18860,0.16666666666666666,3.819360064803564,2.556232733657835,0.041423747499052394,0.36834411311777804,0.3409341189557948,SMARCD3/GATA5/DKK1,3
GO:0006103,2-oxoglutarate metabolic process,3/823,18/18860,0.16666666666666666,3.819360064803564,2.556232733657835,0.041423747499052394,0.36834411311777804,0.3409341189557948,ADHFE1/GPT2/IDH2,3
GO:0010310,regulation of hydrogen peroxide metabolic process,3/823,18/18860,0.16666666666666666,3.819360064803564,2.556232733657835,0.041423747499052394,0.36834411311777804,0.3409341189557948,MT3/NNT/DUOXA1,3
GO:0030007,intracellular potassium ion homeostasis,3/823,18/18860,0.16666666666666666,3.819360064803564,2.556232733657835,0.041423747499052394,0.36834411311777804,0.3409341189557948,ATP4B/ATP4A/ATP1B2,3
GO:0032095,regulation of response to food,3/823,18/18860,0.16666666666666666,3.819360064803564,2.556232733657835,0.041423747499052394,0.36834411311777804,0.3409341189557948,GHRL/MT3/NPY,3
GO:0034727,piecemeal microautophagy of the nucleus,3/823,18/18860,0.16666666666666666,3.819360064803564,2.556232733657835,0.041423747499052394,0.36834411311777804,0.3409341189557948,ULK1/ULK2/ATG9B,3
GO:0044320,cellular response to leptin stimulus,3/823,18/18860,0.16666666666666666,3.819360064803564,2.556232733657835,0.041423747499052394,0.36834411311777804,0.3409341189557948,FGB/LEPR/MT3,3
GO:0070942,neutrophil mediated cytotoxicity,3/823,18/18860,0.16666666666666666,3.819360064803564,2.556232733657835,0.041423747499052394,0.36834411311777804,0.3409341189557948,SCNN1B/F2/DNASE1,3
GO:0043523,regulation of neuron apoptotic process,18/823,264/18860,0.06818181818181818,1.5624654810560035,1.9659169380667896,0.04150451103864698,0.36835253546799196,0.34094191456443207,GDF5/VEGFB/RAPSN/PTPRZ1/LONRF2/NUPR1/BCL2L11/MT3/PPARGC1A/FGF20/NEFL/NES/SIX4/TGFB3/VSTM2L/TFAP2B/SIX1/DKK1,18
GO:0015698,inorganic anion transport,13/823,174/18860,0.07471264367816093,1.7121269256015978,2.015816306050471,0.04165401078062469,0.3686006693961963,0.3411715838307041,SLC26A7/CLIC6/KCNK2/CLCNKA/GABRG2/P2RY4/SLC6A2/SLC4A2/SLC26A9/KCNQ1/GABRB3/GABRB2/GABRA3,13
GO:0044058,regulation of digestive system process,5/823,44/18860,0.11363636363636363,2.604109135093339,2.2754835137431155,0.041692210059548096,0.3686006693961963,0.3411715838307041,PTGER3/GHRL/HIP1R/SGK1/KCNQ1,5
GO:0048534,hematopoietic or lymphoid organ development,9/823,106/18860,0.08490566037735849,1.945711731126344,2.085652009991381,0.04210190072788912,0.3715110360596717,0.343865378190146,LRRC17/EPHB3/BCL2L11/RORC/ADA/TOX/RET/SIX4/SIX1,9
GO:0048511,rhythmic process,20/823,302/18860,0.06622516556291391,1.517626515815986,1.9370083675687044,0.04262816394256168,0.3754369782345842,0.34749917492751164,FZD4/GHRL/ENOX1/CRTC1/PRKAA2/OPN4/PPARGC1A/RORC/ADA/ADCY1/GABRB3/MMP19/RORA/TGFB3/DBP/PTPRN/ID4/GAS2/AFP/CA12,20
GO:0006638,neutral lipid metabolic process,11/823,140/18860,0.07857142857142857,1.8005554591216804,2.0308582626883434,0.04287536127064002,0.3768948424076261,0.3488485534561548,PLIN5/FUT1/DGKD/PNPLA4/APOA5/APOH/LIPF/GPIHBP1/PNPLA1/MOGAT1/INSIG1,11
GO:0050850,positive regulation of calcium-mediated signaling,6/823,59/18860,0.1016949152542373,2.3304569886937,2.186318680271874,0.0430630487935865,0.377825038369585,0.349709529726584,PPP3CC/CD3E/ADA/GPR62/CA8/EDN1,6
GO:0006942,regulation of striated muscle contraction,9/823,107/18860,0.08411214953271028,1.9275275093401165,2.055229885091305,0.04427092144164707,0.385047253936164,0.35639431065129806,MYBPC3/FGF13/GSTM2/DMD/RYR2/PRKD1/KCNQ1/CHGA/ADRA1B,9
GO:0062012,regulation of small molecule metabolic process,23/823,360/18860,0.06388888888888888,1.4640880248413661,1.8990781788490878,0.04428605937836018,0.385047253936164,0.35639431065129806,PLIN5/ACADL/LEPR/FABP3/PRKAA2/SIRT4/GNMT/APOA5/NUPR1/GNAI1/C1QTNF3/KIT/PPARGC1A/RORC/SORBS1/ADM/GPIHBP1/RORA/PTH1R/FMO2/INSIG1/EDN1/SLC22A13,23
GO:0001975,response to amphetamine,4/823,31/18860,0.12903225806451613,2.956923921138243,2.3292615433609964,0.04447024622924711,0.385047253936164,0.35639431065129806,DRD5/PDE1B/SLC18A2/EDN1,4
GO:0060037,pharyngeal system development,4/823,31/18860,0.12903225806451613,2.956923921138243,2.3292615433609964,0.04447024622924711,0.385047253936164,0.35639431065129806,FOLR1/SIX4/EDN1/SIX1,4
GO:0099505,regulation of presynaptic membrane potential,4/823,31/18860,0.12903225806451613,2.956923921138243,2.3292615433609964,0.04447024622924711,0.385047253936164,0.35639431065129806,GRIA4/GRIA3/KCNJ8/KCNJ11,4
GO:0099625,ventricular cardiac muscle cell membrane repolarization,4/823,31/18860,0.12903225806451613,2.956923921138243,2.3292615433609964,0.04447024622924711,0.385047253936164,0.35639431065129806,KCNE2/KCNQ1/KCNE4/KCNJ8,4
GO:1903672,positive regulation of sprouting angiogenesis,4/823,31/18860,0.12903225806451613,2.956923921138243,2.3292615433609964,0.04447024622924711,0.385047253936164,0.35639431065129806,FUT1/GHRL/BMPER/S100A1,4
GO:0050817,coagulation,17/823,248/18860,0.06854838709677419,1.5708658331046916,1.9330383248210468,0.04470029236132447,0.3863143244335439,0.3575670932431593,FGA/FGB/FGG/DGKD/APOH/ENPP4/CELA2A/PDIA2/FGL1/SERPIND1/F2/VAV3/FBLN1/PROC/HRG/EDN1/PRSS56,17
GO:0035773,insulin secretion involved in cellular response to glucose stimulus,7/823,75/18860,0.09333333333333334,2.138841636289996,2.1108893262494797,0.044936974361094374,0.38763390032981415,0.35878847409212195,PDE8B/GHRL/OXCT1/SIDT2/PLA2G6/ABCC8/PTPRN,7
GO:0045165,cell fate commitment,20/823,304/18860,0.06578947368421052,1.507642130843512,1.9060283830184588,0.04511223048960123,0.3884196710998315,0.3595157724406948,FGF13/PTF1A/ERBB4/SMAD5/CHD3/APC2/TGFB1I1/WNT6/GATA6/FOXA1/MITF/TOX/SOX2/GAS1/BRD4/GATA5/SOSTDC1/EDN1/SIX1/DKK1,20
GO:0061458,reproductive system development,21/823,323/18860,0.06501547987616099,1.4899051645982944,1.8970144946687701,0.045352732817997315,0.3897632438641669,0.36075936445248086,FZD4/REC8/AR/NUPR1/CYP7B1/GATA6/BCL2L11/KITLG/KIT/FOXA1/ALOX15B/MMP19/SIX4/FST/SYCP2/PTPRN/ID4/GAS2/PSAPL1/AFP/AMHR2,21
GO:0071456,cellular response to hypoxia,12/823,159/18860,0.07547169811320754,1.7295215387789724,1.9732465902928271,0.045984158852401084,0.39375193649842555,0.36445124213049224,KCNK2/BNIP3/SLC2A4/SIRT4/SLC29A1/CBS/GATA6/MT3/SOX2/RORA/SCN2A/EDN1,12
GO:0031102,neuron projection regeneration,6/823,60/18860,0.1,2.2916160388821387,2.1404605360159485,0.04615813600122388,0.39375193649842555,0.36445124213049224,FOLR1/PTPRS/ULK1/LAMB2/FIGNL2/NEFL,6
GO:0060135,maternal process involved in female pregnancy,6/823,60/18860,0.1,2.2916160388821387,2.1404605360159485,0.04615813600122388,0.39375193649842555,0.36445124213049224,GHRL/EPOR/AR/LDOC1/CBS/STOX2,6
GO:1901607,alpha-amino acid biosynthetic process,6/823,60/18860,0.1,2.2916160388821387,2.1404605360159485,0.04615813600122388,0.39375193649842555,0.36445124213049224,GLUL/CBS/GLS2/PLOD2/ASNS/PHGDH,6
GO:0060541,respiratory system development,16/823,231/18860,0.06926406926406926,1.5872665204378449,1.9183310512783098,0.04661173219206136,0.39688771967963693,0.3673536788412993,EDA/ACVR2B/CELSR1/CCBE1/GPC3/GATA6/SFTPD/FOXA1/ADA/WDPCP/IGFBP5/PTK7/SIX4/VANGL2/TGFB3/SIX1,16
GO:1904064,positive regulation of cation transmembrane transport,10/823,125/18860,0.08,1.8332928311057108,1.996654395569163,0.04693890193913775,0.3989374446576809,0.3692508753882349,FGF13/FXYD4/PPP3CC/PLA2G1B/KCNQ1/F2/LRRC52/ATP1B2/LRRC26/EDN1,10
GO:0007599,hemostasis,17/823,250/18860,0.068,1.5582989064398542,1.898194410299861,0.047569458560460624,0.40122149674813734,0.3713649618073653,FGA/FGB/FGG/DGKD/APOH/ENPP4/CELA2A/PDIA2/FGL1/SERPIND1/F2/VAV3/FBLN1/PROC/HRG/EDN1/PRSS56,17
GO:0010560,positive regulation of glycoprotein biosynthetic process,3/823,19/18860,0.15789473684210525,3.618341114024429,2.439091799894644,0.04764233590855455,0.40122149674813734,0.3713649618073653,IL33/ABCA2/RAMP1,3
GO:0034392,negative regulation of smooth muscle cell apoptotic process,3/823,19/18860,0.15789473684210525,3.618341114024429,2.439091799894644,0.04764233590855455,0.40122149674813734,0.3713649618073653,GRIA4/APOH/EDN1,3
GO:0035234,ectopic germ cell programmed cell death,3/823,19/18860,0.15789473684210525,3.618341114024429,2.439091799894644,0.04764233590855455,0.40122149674813734,0.3713649618073653,KITLG/KIT/SYCP2,3
GO:0097320,plasma membrane tubulation,3/823,19/18860,0.15789473684210525,3.618341114024429,2.439091799894644,0.04764233590855455,0.40122149674813734,0.3713649618073653,PACSIN1/MICALL1/PACSIN3,3
GO:0060562,epithelial tube morphogenesis,22/823,344/18860,0.06395348837209303,1.4655683969595072,1.8615136406108856,0.0478975893682792,0.40263638421604464,0.37267456170353175,DEAF1/FOLR1/RYR2/AR/CELSR1/GPC3/WNT6/FOXA1/ADM/IRX3/IRX2/PTK7/RET/SIX4/PRKACB/VANGL2/TMEM59L/KLHL3/NTN1/SOSTDC1/EDN1/SIX1,22
GO:1901654,response to ketone,16/823,232/18860,0.06896551724137931,1.5804248544014747,1.900132884687516,0.048134899949037635,0.40389556957237943,0.37384004591998987,GHR/CA9/P2RY4/AR/PRKAA2/SGK1/PTGDR2/PRKD1/GNAI1/SCNN1B/ADCY1/SCNN1G/NEFL/TGFB3/EDN1/POSTN,16
GO:0032970,regulation of actin filament-based process,25/823,402/18860,0.06218905472636816,1.4251343525386435,1.8404499012144986,0.04850046255667927,0.4062243823939652,0.3759955622409103,MYBPC3/CGNL1/FGF13/WASF3/NPHS1/CYFIP2/HIP1R/RYR2/RHOBTB1/ASAP3/PAK3/CELSR1/DAAM2/SLC4A2/EVL/PRKD1/KANK4/ODAM/VANGL2/TGFB3/LMOD2/HRG/FAM107A/EDN1/GPM6B,25
GO:0048709,oligodendrocyte differentiation,9/823,109/18860,0.08256880733944955,1.892160032104518,1.9953582944150892,0.04883026661486429,0.40783085941260006,0.37748249472460077,WASF3/BNIP3/PTPRZ1/DAAM2/ABCA2/MAL/KCNJ10/ID4/GPM6B,9
GO:0048483,autonomic nervous system development,5/823,46/18860,0.10869565217391304,2.490886998784933,2.1625201793508,0.04906094514180709,0.40783085941260006,0.37748249472460077,GFRA3/RET/TFAP2B/KIF26A/SIX1,5
GO:0170034,L-amino acid biosynthetic process,5/823,46/18860,0.10869565217391304,2.490886998784933,2.1625201793508,0.04906094514180709,0.40783085941260006,0.37748249472460077,GLUL/GLS2/PLOD2/ASNS/PHGDH,5
GO:0046660,female sex differentiation,10/823,126/18860,0.07936507936507936,1.818742888001697,1.9696753522753758,0.049087628768196355,0.40783085941260006,0.37748249472460077,FZD4/NUPR1/KITLG/KIT/MMP19/FST/PTPRN/GAS2/AFP/AMHR2,10
GO:0010575,positive regulation of vascular endothelial growth factor production,4/823,32/18860,0.125,2.864520048602673,2.2548468361918057,0.049134118707130144,0.40783085941260006,0.37748249472460077,C5/CCBE1/RORA/CXCL17,4
GO:0071825,protein-lipid complex organization,6/823,61/18860,0.09836065573770492,2.2540485628348903,2.095506409747834,0.049387862495707806,0.40920105101919485,0.3787507247615653,ANGPTL3/APOA5/APOH/GPIHBP1/PRKACB/PLTP,6
GO:0030258,lipid modification,13/823,179/18860,0.07262569832402235,1.6643021511434526,1.907520479273869,0.05024930488480976,0.4155923692533997,0.3846664388276892,PLIN5/ACADL/DGKD/CYP2C8/FABP3/SIRT4/ECI2/ACAT1/PPARGC1A/ALDH1L2/ALOX15B/ADH7/FMO2,13
GO:0001764,neuron migration,14/823,197/18860,0.07106598984771574,1.6285596215406062,1.894375022707735,0.05035523374966855,0.4157234414216822,0.38478775737906973,FGF13/ROBO3/ZMIZ1/DNER/CCKAR/ERBB4/CELSR1/GFRA3/LRP12/NDN/NTN1/KIF26A/CAMK2B/DCDC2,14
GO:0030514,negative regulation of BMP signaling pathway,7/823,77/18860,0.09090909090909091,2.0832873080746714,2.0346215190995975,0.05060337246786978,0.41662757875232925,0.38562461414767685,GPR155/RBPMS2/GREM2/BMPER/SOSTDC1/DAND5/DKK1,7
GO:0050768,negative regulation of neurogenesis,11/823,144/18860,0.0763888888888889,1.7505400297016338,1.9311930201530971,0.05073557947103121,0.41662757875232925,0.38562461414767685,FGF13/PTPRS/ULK1/ULK2/DAAM2/MT3/ABCC8/IDH2/F2/NTN1/ID4,11
GO:1904950,negative regulation of establishment of protein localization,11/823,144/18860,0.0763888888888889,1.7505400297016338,1.9311930201530971,0.05073557947103121,0.41662757875232925,0.38562461414767685,PDE8B/GHRL/GNAZ/SIRT4/GNAI1/ABCC8/CHGA/IDH2/INSIG1/CABP1/KCNJ11,11
GO:0006939,smooth muscle contraction,9/823,110/18860,0.08181818181818182,1.8749585772672042,1.9658948940020107,0.05122204225366581,0.41987517762107945,0.3886305458827258,PTGER3/GHRL/CHRM3/KIT/ADA/SCNN1B/CHRM2/EDN1/ADRB2,9
GO:0007612,learning,12/823,162/18860,0.07407407407407407,1.6974933621349173,1.9044830144674145,0.05168518488148186,0.4225371202406403,0.39109440244888366,DRD5/FGF13/DEAF1/PDE1B/PDE8B/B3GAT1/ATP8A1/KIT/GABRB3/ABCC8/SLC8A2/DKK1,12
GO:0006836,neurotransmitter transport,15/823,216/18860,0.06944444444444445,1.591400027001485,1.8673071652277948,0.05182145396667441,0.4225371202406403,0.39109440244888366,RIMS4/SLC1A2/SLC6A2/SLC29A1/SYN2/ABCC8/ERC2/RIMS3/KCNJ10/SLC18A2/KCNJ8/SLC5A7/SLC6A5/GPM6B/NPY,15
GO:0051216,cartilage development,15/823,216/18860,0.06944444444444445,1.591400027001485,1.8673071652277948,0.05182145396667441,0.4225371202406403,0.39109440244888366,GDF5/GHR/GHRL/COL2A1/NFATC2/SMAD5/PBXIP1/CBS/EFEMP1/CHST11/ZBTB16/PTH1R/HOXC4/CSGALNACT1/EDN1,15
GO:0070613,regulation of protein processing,6/823,62/18860,0.0967741935483871,2.217692940853682,2.0514215135556997,0.052753061871104456,0.4262411828928889,0.39452283062766574,HPN/SIRT4/CCBE1/PRKACB/CWH43/GAS1,6
GO:0170041,non-proteinogenic amino acid metabolic process,6/823,62/18860,0.0967741935483871,2.217692940853682,2.0514215135556997,0.052753061871104456,0.4262411828928889,0.39452283062766574,ALDH1A1/GNMT/CBS/SARDH/PLOD2/PHGDH,6
GO:0031346,positive regulation of cell projection organization,23/823,367/18860,0.06267029972752043,1.4361626401713674,1.8024154670624577,0.05282191406511773,0.4262411828928889,0.39452283062766574,ROBO3/FZD4/OBSL1/PACSIN1/DMD/DBN1/NIN/ZFYVE27/SERPINI1/PRKD1/CUX2/KIT/TOX/NEFL/PTK7/RET/ATP1B2/TGFB3/FUT9/CHODL/NTN1/ATP8A2/CAMK2B,23
GO:0008589,regulation of smoothened signaling pathway,8/823,94/18860,0.0851063829787234,1.9503115224528838,1.9729730868053952,0.05285793501038836,0.4262411828928889,0.39452283062766574,CD3E/GPC3/FOXA1/RORA/PRKACB/GAS1/GLIS2/DCDC2,8
GO:0050769,positive regulation of neurogenesis,16/823,235/18860,0.06808510638297872,1.560249217962307,1.8460529116453404,0.052914098914616535,0.4262411828928889,0.39452283062766574,SMARCD3/ROBO3/FZD4/OBSL1/DBN1/PTPRZ1/NIN/ZFYVE27/CUX2/KIT/NEFL/CHODL/RASSF10/NTN1/ID4/CAMK2B,16
GO:0006953,acute-phase response,5/823,47/18860,0.10638297872340426,2.4378894030661047,2.1082517986152016,0.053014612996862026,0.4262411828928889,0.39452283062766574,PTGER3/ORM2/ORM1/ITIH4/F2,5
GO:0014014,negative regulation of gliogenesis,5/823,47/18860,0.10638297872340426,2.4378894030661047,2.1082517986152016,0.053014612996862026,0.4262411828928889,0.39452283062766574,DAAM2/ABCC8/IDH2/F2/ID4,5
GO:0031018,endocrine pancreas development,5/823,47/18860,0.10638297872340426,2.4378894030661047,2.1082517986152016,0.053014612996862026,0.4262411828928889,0.39452283062766574,CDH2/CDK6/GATA6/SIDT2/PAX4,5
GO:0007435,salivary gland morphogenesis,4/823,33/18860,0.12121212121212122,2.7777164107662284,2.183262651277375,0.05405659979277331,0.4282880631727034,0.3964173941620187,EDA/EGFR/NTN4/TGFB3,4
GO:0010644,cell communication by electrical coupling,4/823,33/18860,0.12121212121212122,2.7777164107662284,2.183262651277375,0.05405659979277331,0.4282880631727034,0.3964173941620187,DBN1/RYR2/IRX3/ATP1B2,4
GO:0006144,purine nucleobase metabolic process,3/823,20/18860,0.15,3.4374240583232076,2.3296074006757577,0.05429003617682156,0.4282880631727034,0.3964173941620187,ADA/GMPR/TTR,3
GO:0014819,regulation of skeletal muscle contraction,3/823,20/18860,0.15,3.4374240583232076,2.3296074006757577,0.05429003617682156,0.4282880631727034,0.3964173941620187,GSTM2/DMD/PRKD1,3
GO:0042753,positive regulation of circadian rhythm,3/823,20/18860,0.15,3.4374240583232076,2.3296074006757577,0.05429003617682156,0.4282880631727034,0.3964173941620187,GHRL/RORC/RORA,3
GO:0043116,negative regulation of vascular permeability,3/823,20/18860,0.15,3.4374240583232076,2.3296074006757577,0.05429003617682156,0.4282880631727034,0.3964173941620187,SH3GL2/ADM/ABCC8,3
GO:0046653,tetrahydrofolate metabolic process,3/823,20/18860,0.15,3.4374240583232076,2.3296074006757577,0.05429003617682156,0.4282880631727034,0.3964173941620187,FOLR1/ALDH1L2/ALDH1L1,3
GO:0055003,cardiac myofibril assembly,3/823,20/18860,0.15,3.4374240583232076,2.3296074006757577,0.05429003617682156,0.4282880631727034,0.3964173941620187,OBSL1/NRAP/NEBL,3
GO:0061003,positive regulation of dendritic spine morphogenesis,3/823,20/18860,0.15,3.4374240583232076,2.3296074006757577,0.05429003617682156,0.4282880631727034,0.3964173941620187,DBN1/CUX2/CAMK2B,3
GO:0070314,G1 to G0 transition,3/823,20/18860,0.15,3.4374240583232076,2.3296074006757577,0.05429003617682156,0.4282880631727034,0.3964173941620187,GATA6/ZNF503/PHGDH,3
GO:1902307,positive regulation of sodium ion transmembrane transport,3/823,20/18860,0.15,3.4374240583232076,2.3296074006757577,0.05429003617682156,0.4282880631727034,0.3964173941620187,FGF13/FXYD4/ATP1B2,3
GO:0099175,regulation of postsynapse organization,11/823,146/18860,0.07534246575342465,1.7265600292947618,1.8825291623934257,0.055007929031512935,0.4332109086696795,0.4009739105620253,CDH2/PTPRS/CYFIP2/GHRL/DBN1/PAK3/CUX2/LRFN2/KIF1A/SYNDIG1/CAMK2B,11
GO:0007589,body fluid secretion,8/823,95/18860,0.08421052631578947,1.9297819274796955,1.9406432850886932,0.05561918560488287,0.4365349346369633,0.4040505821421674,ERBB4/CHRM3/SLC29A1/ADA/SCNN1B/EDN1/GUCA2B/CDO1,8
GO:0032024,positive regulation of insulin secretion,8/823,95/18860,0.08421052631578947,1.9297819274796955,1.9406432850886932,0.05561918560488287,0.4365349346369633,0.4040505821421674,MYRIP/GHRL/CHRM3/RAPGEF4/OXCT1/PLA2G6/ABCC8/F2,8
GO:0008361,regulation of cell size,13/823,182/18860,0.07142857142857142,1.6368685992015275,1.8441550840659728,0.05595389224546072,0.4383705440464426,0.4057495963369936,AQP4/FGF13/PTPRS/ULK1/ULK2/ZFYVE27/PRKD1/MT3/SCTR/RET/VAV3/NTN1/EDN1,13
GO:0002526,acute inflammatory response,9/823,112/18860,0.08035714285714286,1.8414771741017186,1.9078796421766244,0.05623301453423489,0.4383705440464426,0.4057495963369936,PTGER3/ORM2/NUPR1/ORM1/ITIH4/FFAR3/F2/DNASE1/NPY,9
GO:0003073,regulation of systemic arterial blood pressure,9/823,112/18860,0.08035714285714286,1.8414771741017186,1.9078796421766244,0.05623301453423489,0.4383705440464426,0.4057495963369936,DRD5/AR/KL/TAC4/ADM/EDN1/POSTN/ADRB2/TTR,9
GO:1904659,D-glucose transmembrane transport,9/823,112/18860,0.08035714285714286,1.8414771741017186,1.9078796421766244,0.05623301453423489,0.4383705440464426,0.4057495963369936,SLC2A12/PTPRM/SLC1A2/SLC5A2/SLC2A4/GPC3/PLA2G1B/SORBS1/EDN1,9
GO:0016051,carbohydrate biosynthetic process,14/823,201/18860,0.06965174129353234,1.5961504748432807,1.8150426551063519,0.05766158960610708,0.4479936633538454,0.4146566199212875,FUT1/LEPR/B3GALNT1/FBP2/PPP1R3C/GNMT/ST3GAL6/C1QTNF3/PPARGC1A/SORBS1/CHST11/PTH1R/PGAM2/FUT9,14
GO:0070374,positive regulation of ERK1 and ERK2 cascade,14/823,201/18860,0.06965174129353234,1.5961504748432807,1.8150426551063519,0.05766158960610708,0.4479936633538454,0.4146566199212875,FGA/FGB/FGG/VEGFB/PDE8B/ERBB4/PDGFD/EGFR/MT3/BMPER/FGF20/GCNT2/CXCL17/NPY,14
GO:0071322,cellular response to carbohydrate stimulus,12/823,165/18860,0.07272727272727272,1.6666298464597369,1.8371350654807284,0.057848141013612193,0.44868768197952985,0.4152989937783959,IGF1R/PDE8B/FUT1/GHRL/OXCT1/PRKAA2/SLC29A1/SIDT2/COLEC12/PLA2G6/ABCC8/PTPRN,12
GO:0032409,regulation of transporter activity,8/823,96/18860,0.08333333333333333,1.909680032401782,1.9087043426197454,0.05847061511355587,0.45275484689439655,0.4190635042931998,FGF13/KCNE2/CNIH3/SGK1/KCNQ1/LRRC52/LRRC26/EDN1,8
GO:0048675,axon extension,9/823,113/18860,0.07964601769911504,1.8251809159238273,1.8793150975623074,0.058853327734337546,0.4533551061465086,0.41961909579575335,PTPRS/ULK1/ULK2/ZFYVE27/LAMB2/MT3/NDN/NTN1/EDN1,9
GO:0099504,synaptic vesicle cycle,15/823,220/18860,0.06818181818181818,1.5624654810560035,1.7925090468173395,0.05891214809660267,0.4533551061465086,0.41961909579575335,SH3GL2/CDH2/DNAJC6/PACSIN1/RIMS4/RAPGEF4/ATP8A1/SLC2A4/PPP3CC/SYN2/ERC2/RIMS3/SLC18A2/SYNDIG1/NPY,15
GO:0014706,striated muscle tissue development,26/823,430/18860,0.06046511627906977,1.3856283025798977,1.7278958285123631,0.05902423534332109,0.4533551061465086,0.41961909579575335,MYBPC3/KCNK2/DNER/OBSL1/NPHS1/ERBB4/POPDC3/DMD/SMAD5/RYR2/NUPR1/SORBS2/GATA6/NRAP/NEBL/IRX3/FGF20/SIX4/ALPK3/GATA5/SRPK3/EDN1/KCNJ8/SIX1/KCNJ11/DKK1,26
GO:0009112,nucleobase metabolic process,4/823,34/18860,0.11764705882352941,2.696018869273104,2.114307772443051,0.059235780933119105,0.4533551061465086,0.41961909579575335,ALDH6A1/ADA/GMPR/TTR,4
GO:0030212,hyaluronan metabolic process,4/823,34/18860,0.11764705882352941,2.696018869273104,2.114307772443051,0.059235780933119105,0.4533551061465086,0.41961909579575335,ITIH4/ABCC5/ITIH6/STAB2,4
GO:0050891,multicellular organismal-level water homeostasis,4/823,34/18860,0.11764705882352941,2.696018869273104,2.114307772443051,0.059235780933119105,0.4533551061465086,0.41961909579575335,AQP4/SCNN1B/SCNN1G/PRKACB,4
GO:0086011,membrane repolarization during action potential,4/823,34/18860,0.11764705882352941,2.696018869273104,2.114307772443051,0.059235780933119105,0.4533551061465086,0.41961909579575335,KCNE2/KCNQ1/KCNE4/KCNJ8,4
GO:0141091,transforming growth factor beta receptor superfamily signaling pathway,25/823,411/18860,0.06082725060827251,1.3939270309502059,1.7247548445963985,0.059754654339108475,0.4565690890314332,0.4225939130500213,GDF5/GPR155/FOLR1/ZMIZ1/RGMB/SMAD5/ACVR2B/PDCD4/RBPMS2/TGFB1I1/GPC3/GREM2/BMPER/FMOD/CHST11/CFC1/FST/SMAD9/GCNT2/TGFB3/TFAP2B/SOSTDC1/DAND5/AMHR2/DKK1,25
GO:0034767,positive regulation of monoatomic ion transmembrane transport,10/823,131/18860,0.07633587786259542,1.7493252205207166,1.8383398365508603,0.06081507170746404,0.4597154483330672,0.4255061388688115,FGF13/FXYD4/PPP3CC/PLA2G1B/KCNQ1/F2/LRRC52/ATP1B2/LRRC26/EDN1,10
GO:0007413,axonal fasciculation,3/823,21/18860,0.14285714285714285,3.273737198403055,2.226886520380012,0.06135488394953764,0.4597154483330672,0.4255061388688115,EPHB3/NDN/CRTAC1,3
GO:0035335,peptidyl-tyrosine dephosphorylation,3/823,21/18860,0.14285714285714285,3.273737198403055,2.226886520380012,0.06135488394953764,0.4597154483330672,0.4255061388688115,PTPRS/PTPN13/PTPRZ1,3
GO:0035809,regulation of urine volume,3/823,21/18860,0.14285714285714285,3.273737198403055,2.226886520380012,0.06135488394953764,0.4597154483330672,0.4255061388688115,NPR3/ADM/EDN1,3
GO:0036342,post-anal tail morphogenesis,3/823,21/18860,0.14285714285714285,3.273737198403055,2.226886520380012,0.06135488394953764,0.4597154483330672,0.4255061388688115,SP5/CHST11/VANGL2,3
GO:0045056,transcytosis,3/823,21/18860,0.14285714285714285,3.273737198403055,2.226886520380012,0.06135488394953764,0.4597154483330672,0.4255061388688115,IGF1R/RAB17/GPIHBP1,3
GO:0060973,cell migration involved in heart development,3/823,21/18860,0.14285714285714285,3.273737198403055,2.226886520380012,0.06135488394953764,0.4597154483330672,0.4255061388688115,FOLR1/FLRT3/EDN1,3
GO:0070242,thymocyte apoptotic process,3/823,21/18860,0.14285714285714285,3.273737198403055,2.226886520380012,0.06135488394953764,0.4597154483330672,0.4255061388688115,BCL2L11/RORC/ADA,3
GO:0106030,neuron projection fasciculation,3/823,21/18860,0.14285714285714285,3.273737198403055,2.226886520380012,0.06135488394953764,0.4597154483330672,0.4255061388688115,EPHB3/NDN/CRTAC1,3
GO:1903975,regulation of glial cell migration,3/823,21/18860,0.14285714285714285,3.273737198403055,2.226886520380012,0.06135488394953764,0.4597154483330672,0.4255061388688115,IDH2/ATP1B2/NTN1,3
GO:0042743,hydrogen peroxide metabolic process,5/823,49/18860,0.10204081632653061,2.3383837131450393,2.003779072707478,0.06146141530260075,0.4597154483330672,0.4255061388688115,DUOX1/MT3/NNT/DUOXA1/GPX3,5
GO:0060976,coronary vasculature development,5/823,49/18860,0.10204081632653061,2.3383837131450393,2.003779072707478,0.06146141530260075,0.4597154483330672,0.4255061388688115,VEGFB/GPC3/GATA6/PTK7/KCNJ8,5
GO:0170038,proteinogenic amino acid biosynthetic process,5/823,49/18860,0.10204081632653061,2.3383837131450393,2.003779072707478,0.06146141530260075,0.4597154483330672,0.4255061388688115,GLUL/GLS2/PLOD2/ASNS/PHGDH,5
GO:0036294,cellular response to decreased oxygen levels,12/823,167/18860,0.0718562874251497,1.6466702075799797,1.7929933592246112,0.06221886639726029,0.4646279424326153,0.4300530741612711,KCNK2/BNIP3/SLC2A4/SIRT4/SLC29A1/CBS/GATA6/MT3/SOX2/RORA/SCN2A/EDN1,12
GO:0046486,glycerolipid metabolic process,24/823,394/18860,0.06091370558375635,1.3959082470348052,1.6964198244885338,0.06325236152411699,0.46935053809335253,0.434424242135559,PLIN5/FUT1/DGKD/TMEM86B/TTC7B/PLCL1/FABP3/PIGZ/PRKAA2/PNPLA4/APOA5/APOH/LIPF/PLA2G1B/PLA2G6/GPIHBP1/PNPLA1/PNPLA7/IP6K3/PIK3C2G/MOGAT1/CWH43/INSIG1/PLA1A,24
GO:0016358,dendrite development,16/823,241/18860,0.06639004149377593,1.5214048390918764,1.740133220131937,0.06344250166488873,0.46935053809335253,0.434424242135559,FZD4/OBSL1/PACSIN1/PTPRS/GHRL/DBN1/EPHB3/PAK3/NEDD4L/CD3E/RAB17/CUX2/CSMD3/KIF1A/CAMK2B/DCDC2,16
GO:0009311,oligosaccharide metabolic process,6/823,65/18860,0.09230769230769231,2.115337882045051,1.924061996503606,0.06366681110319473,0.46935053809335253,0.434424242135559,FUT1/B3GALNT1/IDUA/ST3GAL6/ST8SIA5/FUT9,6
GO:0061178,regulation of insulin secretion involved in cellular response to glucose stimulus,6/823,65/18860,0.09230769230769231,2.115337882045051,1.924061996503606,0.06366681110319473,0.46935053809335253,0.434424242135559,PDE8B/GHRL/OXCT1/SIDT2/PLA2G6/ABCC8,6
GO:0090303,positive regulation of wound healing,6/823,65/18860,0.09230769230769231,2.115337882045051,1.924061996503606,0.06366681110319473,0.46935053809335253,0.434424242135559,VEGFB/DUOX1/APOH/ENPP4/F2/HRG,6
GO:0001659,temperature homeostasis,13/823,186/18860,0.06989247311827956,1.6016671239498816,1.7614534546316465,0.0642203270582922,0.46935053809335253,0.434424242135559,PTGER3/ESRRG/IGF1R/ACADL/GHRL/LEPR/PLCL1/ACVR2B/G0S2/ALDH1A1/NPR3/PPARGC1A/ADRB2,13
GO:0001657,ureteric bud development,8/823,98/18860,0.08163265306122448,1.8707069705160313,1.8459612854252578,0.06444592831649006,0.46935053809335253,0.434424242135559,SMAD5/GPC3/WNT6/BMPER/RET/SIX4/TMEM59L/SIX1,8
GO:0031128,developmental induction,4/823,35/18860,0.11428571428571428,2.618989758722444,2.047800885686344,0.06466905527060526,0.46935053809335253,0.434424242135559,AR/GATA5/SIX1/DKK1,4
GO:0032107,regulation of response to nutrient levels,4/823,35/18860,0.11428571428571428,2.618989758722444,2.047800885686344,0.06466905527060526,0.46935053809335253,0.434424242135559,GHR/GHRL/MT3/NPY,4
GO:1904894,positive regulation of receptor signaling pathway via STAT,5/823,50/18860,0.1,2.2916160388821387,1.9534447342703722,0.06595383113686089,0.46935053809335253,0.434424242135559,GHR/ERBB4/CSH1/KIT/F2,5
GO:0032956,regulation of actin cytoskeleton organization,22/823,357/18860,0.06162464985994398,1.4122003600954356,1.6795714963355886,0.06611621840723181,0.46935053809335253,0.434424242135559,CGNL1/WASF3/NPHS1/CYFIP2/HIP1R/RHOBTB1/ASAP3/PAK3/CELSR1/DAAM2/SLC4A2/EVL/PRKD1/KANK4/ODAM/VANGL2/TGFB3/LMOD2/HRG/FAM107A/EDN1/GPM6B,22
GO:0019226,transmission of nerve impulse,7/823,82/18860,0.08536585365853659,1.9562575941676794,1.853677810361211,0.06666786208971404,0.46935053809335253,0.434424242135559,DRD5/KCNK2/KCNMB2/GHRL/CLDN19/SCN2A/KCNJ8,7
GO:0031016,pancreas development,7/823,82/18860,0.08536585365853659,1.9562575941676794,1.853677810361211,0.06666786208971404,0.46935053809335253,0.434424242135559,CDH2/PTF1A/CDK6/ACVR2B/GATA6/SIDT2/PAX4,7
GO:0071333,cellular response to glucose stimulus,11/823,151/18860,0.0728476821192053,1.6693891673975843,1.7640827828440369,0.06671676743903805,0.46935053809335253,0.434424242135559,IGF1R/PDE8B/FUT1/GHRL/OXCT1/PRKAA2/SLC29A1/SIDT2/PLA2G6/ABCC8/PTPRN,11
GO:0010959,regulation of metal ion transport,23/823,377/18860,0.0610079575596817,1.3980681404320738,1.667703954556133,0.06696954358293032,0.46935053809335253,0.434424242135559,FGF13/KCNE2/FXYD4/KCNIP3/GSTM2/DMD/HOMER2/RYR2/NEDD4L/PPP3CC/PRKD1/PLA2G1B/KCNQ1/ABCC8/KCNIP4/F2/LRRC52/ATP1B2/LRRC26/PACSIN3/KCNG4/ADRB2/CAMK2B,23
GO:0022600,digestive system process,9/823,116/18860,0.07758620689655173,1.7779779612016593,1.7953215600937393,0.06717905784931615,0.46935053809335253,0.434424242135559,SLC26A7/PTGER3/CCKBR/GHRL/HIP1R/CHRM3/SLC9A4/SGK1/KCNQ1,9
GO:0042752,regulation of circadian rhythm,9/823,116/18860,0.07758620689655173,1.7779779612016593,1.7953215600937393,0.06717905784931615,0.46935053809335253,0.434424242135559,GHRL/CRTC1/PRKAA2/OPN4/PPARGC1A/RORC/ADA/ADCY1/RORA,9
GO:0072163,mesonephric epithelium development,8/823,99/18860,0.08080808080808081,1.8518109405108192,1.8151391105661367,0.06757056207844245,0.46935053809335253,0.434424242135559,SMAD5/GPC3/WNT6/BMPER/RET/SIX4/TMEM59L/SIX1,8
GO:0072164,mesonephric tubule development,8/823,99/18860,0.08080808080808081,1.8518109405108192,1.8151391105661367,0.06757056207844245,0.46935053809335253,0.434424242135559,SMAD5/GPC3/WNT6/BMPER/RET/SIX4/TMEM59L/SIX1,8
GO:0008347,glial cell migration,6/823,66/18860,0.09090909090909091,2.0832873080746714,1.8831421606494003,0.06757821569984995,0.46935053809335253,0.434424242135559,ZMIZ1/IDH2/ATP1B2/NDN/NTN1/APCDD1,6
GO:0048814,regulation of dendrite morphogenesis,6/823,66/18860,0.09090909090909091,2.0832873080746714,1.8831421606494003,0.06757821569984995,0.46935053809335253,0.434424242135559,FZD4/OBSL1/DBN1/NEDD4L/CUX2/CAMK2B,6
GO:0051289,protein homotetramerization,6/823,66/18860,0.09090909090909091,2.0832873080746714,1.8831421606494003,0.06757821569984995,0.46935053809335253,0.434424242135559,AQP4/GRIA3/KCNJ12/CRTC1/GNMT/EVL,6
GO:0001542,ovulation from ovarian follicle,2/823,10/18860,0.2,4.583232077764277,2.421008728933287,0.06783462814913675,0.46935053809335253,0.434424242135559,MMP19/AFP,2
GO:0003253,cardiac neural crest cell migration involved in outflow tract morphogenesis,2/823,10/18860,0.2,4.583232077764277,2.421008728933287,0.06783462814913675,0.46935053809335253,0.434424242135559,FOLR1/EDN1,2
GO:0006013,mannose metabolic process,2/823,10/18860,0.2,4.583232077764277,2.421008728933287,0.06783462814913675,0.46935053809335253,0.434424242135559,MAN2A2/PMM1,2
GO:0006228,UTP biosynthetic process,2/823,10/18860,0.2,4.583232077764277,2.421008728933287,0.06783462814913675,0.46935053809335253,0.434424242135559,NME9/NME3,2
GO:0007198,adenylate cyclase-inhibiting serotonin receptor signaling pathway,2/823,10/18860,0.2,4.583232077764277,2.421008728933287,0.06783462814913675,0.46935053809335253,0.434424242135559,HTR1E/GNAI1,2
GO:0008343,adult feeding behavior,2/823,10/18860,0.2,4.583232077764277,2.421008728933287,0.06783462814913675,0.46935053809335253,0.434424242135559,GHRL/NPY,2
GO:0008582,regulation of synaptic assembly at neuromuscular junction,2/823,10/18860,0.2,4.583232077764277,2.421008728933287,0.06783462814913675,0.46935053809335253,0.434424242135559,SIX4/SIX1,2
GO:0019317,fucose catabolic process,2/823,10/18860,0.2,4.583232077764277,2.421008728933287,0.06783462814913675,0.46935053809335253,0.434424242135559,FUT1/FUT9,2
GO:0032025,response to cobalt ion,2/823,10/18860,0.2,4.583232077764277,2.421008728933287,0.06783462814913675,0.46935053809335253,0.434424242135559,ALAD/BNIP3,2
GO:0032793,positive regulation of CREB transcription factor activity,2/823,10/18860,0.2,4.583232077764277,2.421008728933287,0.06783462814913675,0.46935053809335253,0.434424242135559,CRTC1/ADCY1,2
GO:0033210,leptin-mediated signaling pathway,2/823,10/18860,0.2,4.583232077764277,2.421008728933287,0.06783462814913675,0.46935053809335253,0.434424242135559,LEPR/MT3,2
GO:0035634,response to stilbenoid,2/823,10/18860,0.2,4.583232077764277,2.421008728933287,0.06783462814913675,0.46935053809335253,0.434424242135559,KCNJ8/KCNJ11,2
GO:0038130,ERBB4 signaling pathway,2/823,10/18860,0.2,4.583232077764277,2.421008728933287,0.06783462814913675,0.46935053809335253,0.434424242135559,ERBB4/NRG4,2
GO:0042354,L-fucose metabolic process,2/823,10/18860,0.2,4.583232077764277,2.421008728933287,0.06783462814913675,0.46935053809335253,0.434424242135559,FUT1/FUT9,2
GO:0042355,L-fucose catabolic process,2/823,10/18860,0.2,4.583232077764277,2.421008728933287,0.06783462814913675,0.46935053809335253,0.434424242135559,FUT1/FUT9,2
GO:0043653,mitochondrial fragmentation involved in apoptotic process,2/823,10/18860,0.2,4.583232077764277,2.421008728933287,0.06783462814913675,0.46935053809335253,0.434424242135559,ERBB4/BNIP3,2
GO:0048263,determination of dorsal identity,2/823,10/18860,0.2,4.583232077764277,2.421008728933287,0.06783462814913675,0.46935053809335253,0.434424242135559,GREM2/SOSTDC1,2
GO:0051593,response to folic acid,2/823,10/18860,0.2,4.583232077764277,2.421008728933287,0.06783462814913675,0.46935053809335253,0.434424242135559,FOLR1/CBS,2
GO:0051964,negative regulation of synapse assembly,2/823,10/18860,0.2,4.583232077764277,2.421008728933287,0.06783462814913675,0.46935053809335253,0.434424242135559,PTPN13/DKK1,2
GO:0060600,dichotomous subdivision of an epithelial terminal unit,2/823,10/18860,0.2,4.583232077764277,2.421008728933287,0.06783462814913675,0.46935053809335253,0.434424242135559,CELSR1/VANGL2,2
GO:0061626,pharyngeal arch artery morphogenesis,2/823,10/18860,0.2,4.583232077764277,2.421008728933287,0.06783462814913675,0.46935053809335253,0.434424242135559,FOLR1/EDN1,2
GO:0070244,negative regulation of thymocyte apoptotic process,2/823,10/18860,0.2,4.583232077764277,2.421008728933287,0.06783462814913675,0.46935053809335253,0.434424242135559,RORC/ADA,2
GO:0072172,mesonephric tubule formation,2/823,10/18860,0.2,4.583232077764277,2.421008728933287,0.06783462814913675,0.46935053809335253,0.434424242135559,SIX4/SIX1,2
GO:0090042,tubulin deacetylation,2/823,10/18860,0.2,4.583232077764277,2.421008728933287,0.06783462814913675,0.46935053809335253,0.434424242135559,BEX4/PRKAA2,2
GO:0097021,lymphocyte migration into lymphoid organs,2/823,10/18860,0.2,4.583232077764277,2.421008728933287,0.06783462814913675,0.46935053809335253,0.434424242135559,RET/LRP12,2
GO:1902224,ketone body metabolic process,2/823,10/18860,0.2,4.583232077764277,2.421008728933287,0.06783462814913675,0.46935053809335253,0.434424242135559,OXCT1/ACAT1,2
GO:1903998,regulation of eating behavior,2/823,10/18860,0.2,4.583232077764277,2.421008728933287,0.06783462814913675,0.46935053809335253,0.434424242135559,GHRL/NPY,2
GO:0050673,epithelial cell proliferation,29/823,496/18860,0.05846774193548387,1.3398561517657666,1.6384357930998612,0.0679373802742987,0.4693577993501325,0.4344309630524806,GDF5/RAP1GAP/PDCD6/VEGFB/DEAF1/PTPRM/FUT1/ERBB4/GHRL/EGFR/CDK6/HPN/AR/GPC3/NUPR1/CYP7B1/APOH/PRKD1/GATA6/SIDT2/KIT/BMPER/FGL1/IGFBP5/ODAM/SIX4/FST/PTPRN/SIX1,29
GO:0016237,microautophagy,3/823,22/18860,0.13636363636363635,3.124930962112007,2.130177847422388,0.06882352077054422,0.47124710438584805,0.43617967716206224,ULK1/ULK2/ATG9B,3
GO:0042474,middle ear morphogenesis,3/823,22/18860,0.13636363636363635,3.124930962112007,2.130177847422388,0.06882352077054422,0.47124710438584805,0.43617967716206224,INSIG1/EDN1/SIX1,3
GO:0046128,purine ribonucleoside metabolic process,3/823,22/18860,0.13636363636363635,3.124930962112007,2.130177847422388,0.06882352077054422,0.47124710438584805,0.43617967716206224,GNMT/ENPP4/ADA,3
GO:0046885,regulation of hormone biosynthetic process,3/823,22/18860,0.13636363636363635,3.124930962112007,2.130177847422388,0.06882352077054422,0.47124710438584805,0.43617967716206224,PDE8B/ADM/FFAR3,3
GO:0050802,"circadian sleep/wake cycle, sleep",3/823,22/18860,0.13636363636363635,3.124930962112007,2.130177847422388,0.06882352077054422,0.47124710438584805,0.43617967716206224,GHRL/ADA/GABRB3,3
GO:0098664,G protein-coupled serotonin receptor signaling pathway,3/823,22/18860,0.13636363636363635,3.124930962112007,2.130177847422388,0.06882352077054422,0.47124710438584805,0.43617967716206224,GNAZ/HTR1E/GNAI1,3
GO:0010001,glial cell differentiation,17/823,263/18860,0.06463878326996197,1.481272724752713,1.678899784888707,0.0694409526756372,0.47406804230483085,0.4387906975361815,WASF3/CDH2/DNER/CDK6/LAMA2/BNIP3/PTPRZ1/DAAM2/LAMB2/ABCA2/SOX2/F2/MAL/PHGDH/KCNJ10/ID4/GPM6B,17
GO:0051222,positive regulation of protein transport,17/823,263/18860,0.06463878326996197,1.481272724752713,1.678899784888707,0.0694409526756372,0.47406804230483085,0.4387906975361815,FGA/FGB/FGG/TMEM132A/MYRIP/GHRL/CHRM3/RAPGEF4/OXCT1/ZDHHC2/PRKD1/PLA2G1B/C1QTNF3/PLA2G6/ABCC8/F2/TGFB3,17
GO:0048844,artery morphogenesis,7/823,83/18860,0.08433734939759036,1.9326882255632492,1.8190286212120328,0.07020980801217548,0.4760701271912153,0.4406437990858076,FOLR1/ZMIZ1/ANGPTL3/EFEMP2/TFAP2B/EDN1/SIX1,7
GO:0097061,dendritic spine organization,7/823,83/18860,0.08433734939759036,1.9326882255632492,1.8190286212120328,0.07020980801217548,0.4760701271912153,0.4406437990858076,IGF1R/DBN1/EPHB3/PAK3/CUX2/KIF1A/CAMK2B,7
GO:0001893,maternal placenta development,4/823,36/18860,0.1111111111111111,2.5462400432023764,1.9835780992640357,0.07035315855783507,0.4760701271912153,0.4406437990858076,GHRL/EPOR/LDOC1/STOX2,4
GO:0002021,response to dietary excess,4/823,36/18860,0.1111111111111111,2.5462400432023764,1.9835780992640357,0.07035315855783507,0.4760701271912153,0.4406437990858076,PPARGC1A/SCTR/GUCA2B/ADRB2,4
GO:0002385,mucosal immune response,4/823,36/18860,0.1111111111111111,2.5462400432023764,1.9835780992640357,0.07035315855783507,0.4760701271912153,0.4406437990858076,RAB17/PLA2G1B/FFAR3/DEFB1,4
GO:0035137,hindlimb morphogenesis,4/823,36/18860,0.1111111111111111,2.5462400432023764,1.9835780992640357,0.07035315855783507,0.4760701271912153,0.4406437990858076,GDF5/GPC3/ZBTB16/TFAP2B,4
GO:0032094,response to food,5/823,51/18860,0.09803921568627451,2.24668239106092,1.904299070002951,0.07062453969209319,0.47650913841960535,0.44105014169054196,GHR/GHRL/MT3/SCNN1B/NPY,5
GO:0042491,inner ear auditory receptor cell differentiation,5/823,51/18860,0.09803921568627451,2.24668239106092,1.904299070002951,0.07062453969209319,0.47650913841960535,0.44105014169054196,ANKRD24/LHFPL5/WDPCP/KCNQ1/FGF20,5
GO:0030900,forebrain development,25/823,419/18860,0.059665871121718374,1.3673126723640443,1.6241561637824473,0.0712128672661821,0.4797772006327451,0.44407501400870836,APLP1/FGF13/CDH2/ZMIZ1/CCKAR/SLC1A2/FUT1/PTPRS/ERBB4/EGFR/CDK6/EPHB3/BNIP3/NIN/TOX/NEFL/SOX2/SEMA3D/ATP1B2/ID4/CRTAC1/PAX4/KIF26A/NPY/DKK1,25
GO:0017156,calcium-ion regulated exocytosis,6/823,67/18860,0.08955223880597014,2.052193467655646,1.8429435843516349,0.07162625610047373,0.48185885117155425,0.4460017604046684,RAPGEF4/SYN2/SCAMP5/RIMS3/NLRP5/TRPV6,6
GO:0009581,detection of external stimulus,11/823,153/18860,0.0718954248366013,1.6475670867780081,1.71793016191473,0.07181904431513506,0.48245253204417504,0.44655126305189313,CDH2/KCNK2/HPN/TAC4/OPN4/KIT/LHFPL5/KCNQ1/OPN1MW/ATP8A2/TTR,11
GO:0032535,regulation of cellular component size,22/823,361/18860,0.060941828254847646,1.3965527106760955,1.6250154441387021,0.07257576731687282,0.4868272764060582,0.4506004647672428,AQP4/FGF13/NPHS1/PTPRS/CYFIP2/HIP1R/PAK3/ULK1/ULK2/DAAM2/ZFYVE27/EVL/PRKD1/MT3/SCTR/KANK4/NEFL/RET/LMOD2/VAV3/NTN1/EDN1,22
GO:0034446,substrate adhesion-dependent cell spreading,8/823,101/18860,0.07920792079207921,1.8151414169363473,1.7545506118106973,0.07409502904675021,0.49557762181268433,0.4586996611315215,FGA/FGB/FGG/FZD4/EPHB3/NTN4/FBLN1/POSTN,8
GO:0048640,negative regulation of developmental growth,8/823,101/18860,0.07920792079207921,1.8151414169363473,1.7545506118106973,0.07409502904675021,0.49557762181268433,0.4586996611315215,FGF13/KCNK2/PTPRS/ULK1/ULK2/MT3/NTN1/ADRB2,8
GO:0009749,response to glucose,14/823,209/18860,0.06698564593301436,1.5350538059497578,1.6614858036835234,0.07435925103664424,0.49580655112283273,0.45891155487402746,IGF1R/PDE8B/GLUL/FUT1/GHRL/ACVR2B/OXCT1/PRKAA2/SLC29A1/SIDT2/PLA2G6/ABCC8/PTPRN/GUCA2B,14
GO:0071331,cellular response to hexose stimulus,11/823,154/18860,0.07142857142857142,1.6368685992015275,1.6951058675136765,0.07446101785725566,0.49580655112283273,0.45891155487402746,IGF1R/PDE8B/FUT1/GHRL/OXCT1/PRKAA2/SLC29A1/SIDT2/PLA2G6/ABCC8/PTPRN,11
GO:0048545,response to steroid hormone,21/823,343/18860,0.061224489795918366,1.4030302278870237,1.6090756475116585,0.07512703123884414,0.49580655112283273,0.45891155487402746,ESRRG/ZMIZ1/GHR/IGFBP2/ALAD/AR/CYP7B1/SGK1/ABCA2/BCL2L11/FOXA1/SCNN1B/SCNN1G/NEFL/TGFB3/SSTR2/FAM107A/EDN1/PAQR7/CDO1/SCGB2A1,21
GO:0010559,regulation of glycoprotein biosynthetic process,5/823,52/18860,0.09615384615384616,2.2034769604635946,1.8562874969101248,0.07547233957792938,0.49580655112283273,0.45891155487402746,IL33/ITM2A/ABCA2/NECAB3/RAMP1,5
GO:0042572,retinol metabolic process,5/823,52/18860,0.09615384615384616,2.2034769604635946,1.8562874969101248,0.07547233957792938,0.49580655112283273,0.45891155487402746,CYP2C8/ALDH1A1/PNPLA4/RDH12/ADH7,5
GO:0043114,regulation of vascular permeability,5/823,52/18860,0.09615384615384616,2.2034769604635946,1.8562874969101248,0.07547233957792938,0.49580655112283273,0.45891155487402746,SH3GL2/PTP4A3/ADM/ABCC8/PLVAP,5
GO:0034394,protein localization to cell surface,6/823,68/18860,0.08823529411764706,2.0220141519548283,1.8034410847949474,0.07581057616661724,0.49580655112283273,0.45891155487402746,GGA2/ERBB4/NEDD4L/ABCA2/GPIHBP1/GPM6B,6
GO:0040014,regulation of multicellular organism growth,6/823,68/18860,0.08823529411764706,2.0220141519548283,1.8034410847949474,0.07581057616661724,0.49580655112283273,0.45891155487402746,GDF5/GHR/GHRL/CACNA2D2/ADRB2/ATP8A2,6
GO:0008645,hexose transmembrane transport,9/823,119/18860,0.07563025210084033,1.7331549873898526,1.713759948253031,0.0762087702282781,0.49580655112283273,0.45891155487402746,SLC2A12/PTPRM/SLC1A2/SLC5A2/SLC2A4/GPC3/PLA2G1B/SORBS1/EDN1,9
GO:0003161,cardiac conduction system development,4/823,37/18860,0.10810810810810811,2.477422744737447,1.9214908325495672,0.07628421058155181,0.49580655112283273,0.45891155487402746,SMAD5/GATA6/IRX3/KCNJ8,4
GO:0007431,salivary gland development,4/823,37/18860,0.10810810810810811,2.477422744737447,1.9214908325495672,0.07628421058155181,0.49580655112283273,0.45891155487402746,EDA/EGFR/NTN4/TGFB3,4
GO:0030947,regulation of vascular endothelial growth factor receptor signaling pathway,4/823,37/18860,0.10810810810810811,2.477422744737447,1.9214908325495672,0.07628421058155181,0.49580655112283273,0.45891155487402746,PDCD6/VEGFB/FZD4/MT3,4
GO:0044273,sulfur compound catabolic process,4/823,37/18860,0.10810810810810811,2.477422744737447,1.9214908325495672,0.07628421058155181,0.49580655112283273,0.45891155487402746,GGT7/CBS/ACAT1/CDO1,4
GO:0045879,negative regulation of smoothened signaling pathway,4/823,37/18860,0.10810810810810811,2.477422744737447,1.9214908325495672,0.07628421058155181,0.49580655112283273,0.45891155487402746,CD3E/GPC3/PRKACB/GLIS2,4
GO:2000352,negative regulation of endothelial cell apoptotic process,4/823,37/18860,0.10810810810810811,2.477422744737447,1.9214908325495672,0.07628421058155181,0.49580655112283273,0.45891155487402746,FGA/FGB/FGG/FUT1,4
GO:0001678,intracellular glucose homeostasis,12/823,173/18860,0.06936416184971098,1.5895602581841421,1.664020048095136,0.07661734976980114,0.49580655112283273,0.45891155487402746,IGF1R/PDE8B/FUT1/GHRL/OXCT1/PRKAA2/SLC29A1/SIDT2/PLA2G6/PPARGC1A/ABCC8/PTPRN,12
GO:0009083,branched-chain amino acid catabolic process,3/823,23/18860,0.13043478260869565,2.98906439854192,2.03884395810976,0.07668140844784482,0.49580655112283273,0.45891155487402746,ALDH6A1/BCAT2/ACAT1,3
GO:0042531,positive regulation of tyrosine phosphorylation of STAT protein,3/823,23/18860,0.13043478260869565,2.98906439854192,2.03884395810976,0.07668140844784482,0.49580655112283273,0.45891155487402746,ERBB4/CTF1/KIT,3
GO:0044804,nucleophagy,3/823,23/18860,0.13043478260869565,2.98906439854192,2.03884395810976,0.07668140844784482,0.49580655112283273,0.45891155487402746,ULK1/ULK2/ATG9B,3
GO:0051151,negative regulation of smooth muscle cell differentiation,3/823,23/18860,0.13043478260869565,2.98906439854192,2.03884395810976,0.07668140844784482,0.49580655112283273,0.45891155487402746,NFATC2/PDCD4/RBPMS2,3
GO:1903020,positive regulation of glycoprotein metabolic process,3/823,23/18860,0.13043478260869565,2.98906439854192,2.03884395810976,0.07668140844784482,0.49580655112283273,0.45891155487402746,IL33/ABCA2/RAMP1,3
GO:0055007,cardiac muscle cell differentiation,10/823,137/18860,0.072992700729927,1.6727124371402469,1.688025943861002,0.07710989401098531,0.49580655112283273,0.45891155487402746,OBSL1/SORBS2/GATA6/NRAP/NEBL/IRX3/ALPK3/EDN1/KCNJ8/DKK1,10
GO:0009582,detection of abiotic stimulus,11/823,155/18860,0.07096774193548387,1.6263081566260338,1.6724461986896,0.07716381341106504,0.49580655112283273,0.45891155487402746,CDH2/KCNK2/HPN/TAC4/OPN4/KIT/LHFPL5/KCNQ1/OPN1MW/ATP8A2/TTR,11
GO:0120162,positive regulation of cold-induced thermogenesis,8/823,102/18860,0.0784313725490196,1.7973459128487361,1.7247680068345557,0.07749510755982791,0.49580655112283273,0.45891155487402746,ESRRG/IGF1R/ACADL/GHRL/LEPR/G0S2/PPARGC1A/ADRB2,8
GO:0035924,cellular response to vascular endothelial growth factor stimulus,7/823,85/18860,0.08235294117647059,1.887213208491173,1.7511549820332601,0.07762385562269651,0.49580655112283273,0.45891155487402746,VEGFB/CCBE1/PRKD1/MT1G/PTP4A3/GAS1/HRG,7
GO:0031345,negative regulation of cell projection organization,13/823,192/18860,0.06770833333333333,1.5516150263264479,1.6410238825372967,0.07807369566166471,0.49580655112283273,0.45891155487402746,RAP1GAP/FGF13/PTPRS/ULK1/ARHGAP24/ULK2/EVL/MT3/FIGNL2/DENND5A/NTN1/HRG/DKK1,13
GO:0008202,steroid metabolic process,21/823,345/18860,0.06086956521739131,1.3948967193195625,1.5812782971337238,0.0786955682047112,0.49580655112283273,0.45891155487402746,DHRS2/ANGPTL3/ACADL/PDE8B/TM7SF2/LEPR/CYP2C8/PRKAA2/APOA5/CYP7B1/GNAI1/SULT2A1/ABCA2/KIT/RORC/ADM/SCNN1B/RORA/GC/INSIG1/AFP,21
GO:1990778,protein localization to cell periphery,22/823,365/18860,0.06027397260273973,1.3812480234358095,1.5711004767370969,0.07945302506009294,0.49580655112283273,0.45891155487402746,FGF13/CDH2/GGA2/PACSIN1/KCNIP3/ERBB4/RAB26/EGFR/TTC7B/RAPSN/AR/ZDHHC2/CNIH3/ZFYVE27/GNAI1/CACNA2D2/ABCA2/SORBS1/KCNIP4/TSPAN33/RAMP1/CAMK2B,22
GO:0022604,regulation of cell morphogenesis,16/823,249/18860,0.0642570281124498,1.4725243623339042,1.6033048965254943,0.07956953358655937,0.49580655112283273,0.45891155487402746,WASF3/PALM3/FGD4/FZD4/OBSL1/DBN1/HPN/RHOBTB1/NEDD4L/CUX2/WTIP/KIT/WDPCP/F2/GAS2/CAMK2B,16
GO:0071326,cellular response to monosaccharide stimulus,11/823,156/18860,0.07051282051282051,1.6158831043399695,1.6499486857611496,0.07992758622890571,0.49580655112283273,0.45891155487402746,IGF1R/PDE8B/FUT1/GHRL/OXCT1/PRKAA2/SLC29A1/SIDT2/PLA2G6/ABCC8/PTPRN,11
GO:0090287,regulation of cellular response to growth factor stimulus,23/823,385/18860,0.05974025974025974,1.369017373877641,1.5626512018405578,0.08003318447380199,0.49580655112283273,0.45891155487402746,GDF5/GPR155/PDCD6/VEGFB/FOLR1/FZD4/CYFIP2/DMD/RBPMS2/CCBE1/TGFB1I1/GPC3/GREM2/MT3/PTP4A3/BMPER/CHST11/FST/TFAP2B/SOSTDC1/DAND5/HRG/DKK1,23
GO:0010927,cellular component assembly involved in morphogenesis,10/823,138/18860,0.07246376811594203,1.6605913325232888,1.66369376523712,0.08006547142956764,0.49580655112283273,0.45891155487402746,MYBPC3/OBSL1/PRKD1/ABCA2/NRAP/NEBL/CSRP2/SIX4/LMOD2/EDN1,10
GO:0032989,cellular anatomical entity morphogenesis,10/823,138/18860,0.07246376811594203,1.6605913325232888,1.66369376523712,0.08006547142956764,0.49580655112283273,0.45891155487402746,MYBPC3/OBSL1/PRKD1/ABCA2/NRAP/NEBL/CSRP2/SIX4/LMOD2/EDN1,10
GO:0045744,negative regulation of G protein-coupled receptor signaling pathway,6/823,69/18860,0.08695652173913043,1.9927095990279466,1.764610729754806,0.08013062996935581,0.49580655112283273,0.45891155487402746,APLP1/GHRL/RGS7/ADM/ADA/ADRB2,6
GO:0048546,digestive tract morphogenesis,5/823,53/18860,0.09433962264150944,2.161901923473716,1.8093589725298918,0.0804957115442047,0.49580655112283273,0.45891155487402746,EGFR/EPHB3/ACVR2B/RBPMS2/VANGL2,5
GO:0000098,sulfur amino acid catabolic process,2/823,11/18860,0.18181818181818182,4.166574616149343,2.2439801281087823,0.08057527916405732,0.49580655112283273,0.45891155487402746,CBS/CDO1,2
GO:0001821,histamine secretion,2/823,11/18860,0.18181818181818182,4.166574616149343,2.2439801281087823,0.08057527916405732,0.49580655112283273,0.45891155487402746,SLC18A2/EDN1,2
GO:0001865,NK T cell differentiation,2/823,11/18860,0.18181818181818182,4.166574616149343,2.2439801281087823,0.08057527916405732,0.49580655112283273,0.45891155487402746,TOX/ZBTB16,2
GO:0006183,GTP biosynthetic process,2/823,11/18860,0.18181818181818182,4.166574616149343,2.2439801281087823,0.08057527916405732,0.49580655112283273,0.45891155487402746,NME9/NME3,2
GO:0014820,tonic smooth muscle contraction,2/823,11/18860,0.18181818181818182,4.166574616149343,2.2439801281087823,0.08057527916405732,0.49580655112283273,0.45891155487402746,SCNN1B/EDN1,2
GO:0015747,urate transport,2/823,11/18860,0.18181818181818182,4.166574616149343,2.2439801281087823,0.08057527916405732,0.49580655112283273,0.45891155487402746,SLC22A12/SLC22A13,2
GO:0033632,regulation of cell-cell adhesion mediated by integrin,2/823,11/18860,0.18181818181818182,4.166574616149343,2.2439801281087823,0.08057527916405732,0.49580655112283273,0.45891155487402746,CD3E/ADA,2
GO:0034635,glutathione transport,2/823,11/18860,0.18181818181818182,4.166574616149343,2.2439801281087823,0.08057527916405732,0.49580655112283273,0.45891155487402746,SLC13A3/ABCC5,2
GO:0035443,tripeptide transmembrane transport,2/823,11/18860,0.18181818181818182,4.166574616149343,2.2439801281087823,0.08057527916405732,0.49580655112283273,0.45891155487402746,SLC13A3/ABCC5,2
GO:0035581,sequestering of extracellular ligand from receptor,2/823,11/18860,0.18181818181818182,4.166574616149343,2.2439801281087823,0.08057527916405732,0.49580655112283273,0.45891155487402746,GREM2/DAND5,2
GO:0046689,response to mercury ion,2/823,11/18860,0.18181818181818182,4.166574616149343,2.2439801281087823,0.08057527916405732,0.49580655112283273,0.45891155487402746,ALAD/PGAM2,2
GO:0048251,elastic fiber assembly,2/823,11/18860,0.18181818181818182,4.166574616149343,2.2439801281087823,0.08057527916405732,0.49580655112283273,0.45891155487402746,THSD4/EFEMP2,2
GO:0048262,determination of dorsal/ventral asymmetry,2/823,11/18860,0.18181818181818182,4.166574616149343,2.2439801281087823,0.08057527916405732,0.49580655112283273,0.45891155487402746,GREM2/SOSTDC1,2
GO:0051838,cytolysis by host of symbiont cells,2/823,11/18860,0.18181818181818182,4.166574616149343,2.2439801281087823,0.08057527916405732,0.49580655112283273,0.45891155487402746,F2/HRG,2
GO:0061762,CAMKK-AMPK signaling cascade,2/823,11/18860,0.18181818181818182,4.166574616149343,2.2439801281087823,0.08057527916405732,0.49580655112283273,0.45891155487402746,KCNJ8/KCNJ11,2
GO:0071313,cellular response to caffeine,2/823,11/18860,0.18181818181818182,4.166574616149343,2.2439801281087823,0.08057527916405732,0.49580655112283273,0.45891155487402746,GSTM2/RYR2,2
GO:0090311,regulation of protein deacetylation,2/823,11/18860,0.18181818181818182,4.166574616149343,2.2439801281087823,0.08057527916405732,0.49580655112283273,0.45891155487402746,BEX4/PRKAA2,2
GO:0090649,response to oxygen-glucose deprivation,2/823,11/18860,0.18181818181818182,4.166574616149343,2.2439801281087823,0.08057527916405732,0.49580655112283273,0.45891155487402746,BNIP3/SOX2,2
GO:0097646,calcitonin family receptor signaling pathway,2/823,11/18860,0.18181818181818182,4.166574616149343,2.2439801281087823,0.08057527916405732,0.49580655112283273,0.45891155487402746,ADM/RAMP1,2
GO:0099612,protein localization to axon,2/823,11/18860,0.18181818181818182,4.166574616149343,2.2439801281087823,0.08057527916405732,0.49580655112283273,0.45891155487402746,MAL/PRICKLE2,2
GO:1903276,regulation of sodium ion export across plasma membrane,2/823,11/18860,0.18181818181818182,4.166574616149343,2.2439801281087823,0.08057527916405732,0.49580655112283273,0.45891155487402746,FXYD4/ATP1B2,2
GO:1903278,positive regulation of sodium ion export across plasma membrane,2/823,11/18860,0.18181818181818182,4.166574616149343,2.2439801281087823,0.08057527916405732,0.49580655112283273,0.45891155487402746,FXYD4/ATP1B2,2
GO:1904749,regulation of protein localization to nucleolus,2/823,11/18860,0.18181818181818182,4.166574616149343,2.2439801281087823,0.08057527916405732,0.49580655112283273,0.45891155487402746,GLUL/NMD3,2
GO:1990709,presynaptic active zone organization,2/823,11/18860,0.18181818181818182,4.166574616149343,2.2439801281087823,0.08057527916405732,0.49580655112283273,0.45891155487402746,ERC2/RIMS3,2
GO:2000271,positive regulation of fibroblast apoptotic process,2/823,11/18860,0.18181818181818182,4.166574616149343,2.2439801281087823,0.08057527916405732,0.49580655112283273,0.45891155487402746,NUPR1/BCL2L11,2
GO:0001556,oocyte maturation,4/823,38/18860,0.10526315789473684,2.412227409349619,1.8614040104413925,0.08245775678049921,0.5010531015942912,0.46376768803549845,REC8/EDN1/ZAR1/ZAR1L,4
GO:0006023,aminoglycan biosynthetic process,4/823,38/18860,0.10526315789473684,2.412227409349619,1.8614040104413925,0.08245775678049921,0.5010531015942912,0.46376768803549845,XYLT2/B3GAT1/ABCC5/GCNT2,4
GO:0008207,C21-steroid hormone metabolic process,4/823,38/18860,0.10526315789473684,2.412227409349619,1.8614040104413925,0.08245775678049921,0.5010531015942912,0.46376768803549845,DHRS2/ADM/SCNN1B/AFP,4
GO:0008340,determination of adult lifespan,4/823,38/18860,0.10526315789473684,2.412227409349619,1.8614040104413925,0.08245775678049921,0.5010531015942912,0.46376768803549845,KL/KCNJ8/ATP8A2/KCNJ11,4
GO:0032414,positive regulation of ion transmembrane transporter activity,4/823,38/18860,0.10526315789473684,2.412227409349619,1.8614040104413925,0.08245775678049921,0.5010531015942912,0.46376768803549845,FGF13/LRRC52/LRRC26/EDN1,4
GO:0070229,negative regulation of lymphocyte apoptotic process,4/823,38/18860,0.10526315789473684,2.412227409349619,1.8614040104413925,0.08245775678049921,0.5010531015942912,0.46376768803549845,ST3GAL1/TSC22D3/RORC/ADA,4
GO:0099633,protein localization to postsynaptic specialization membrane,4/823,38/18860,0.10526315789473684,2.412227409349619,1.8614040104413925,0.08245775678049921,0.5010531015942912,0.46376768803549845,ERBB4/RAPSN/CNIH3/CACNA2D2,4
GO:0099645,neurotransmitter receptor localization to postsynaptic specialization membrane,4/823,38/18860,0.10526315789473684,2.412227409349619,1.8614040104413925,0.08245775678049921,0.5010531015942912,0.46376768803549845,ERBB4/RAPSN/CNIH3/CACNA2D2,4
GO:0007389,pattern specification process,28/823,486/18860,0.05761316872427984,1.3202726149938246,1.527964202492956,0.08249509895482642,0.5010531015942912,0.46376768803549845,SMARCD3/FOLR1/PPP2R3A/ERBB4/SMAD5/ACVR2B/PLD6/APC2/AR/DAAM2/GPC3/WNT6/GREM2/FOXA1/IRX3/HOXC13/CFC1/IRX2/FST/VANGL2/ZBTB16/GATA5/SOSTDC1/DAND5/HOXC4/EDN1/SIX1/DKK1,28
GO:0019218,regulation of steroid metabolic process,9/823,121/18860,0.0743801652892562,1.7045077975156402,1.6606663246511586,0.08262219075043459,0.5010531015942912,0.46376768803549845,ACADL/PDE8B/GNAI1/ABCA2/KIT/RORC/ADM/RORA/INSIG1,9
GO:0099565,"chemical synaptic transmission, postsynaptic",9/823,121/18860,0.0743801652892562,1.7045077975156402,1.6606663246511586,0.08262219075043459,0.5010531015942912,0.46376768803549845,KCNK2/CELF4/GHRL/SLC29A1/CUX2/GABRB3/SLC8A2/ADRB2/HTR3E,9
GO:0007224,smoothened signaling pathway,11/823,157/18860,0.07006369426751592,1.6055908552677403,1.6276109125078664,0.08275245631312406,0.5011844959121621,0.463889304763997,CD3E/GPC3/TCTN2/FOXA1/WDPCP/RORA/PRKACB/GAS1/GLIS2/SLITRK4/DCDC2,11
GO:0055088,lipid homeostasis,13/823,194/18860,0.06701030927835051,1.5356189951272061,1.601800038705382,0.08308613806079712,0.5019111634587327,0.4645618980020614,ANGPTL3/FABP3/APOC4/PRKAA2/PNPLA4/APOA5/CYP7B1/ABCA2/C1QTNF3/GPIHBP1/PNPLA1/RORA/INSIG1,13
GO:0043087,regulation of GTPase activity,10/823,139/18860,0.07194244604316546,1.6486446322893082,1.6395580665693645,0.08308995208720948,0.5019111634587327,0.4645618980020614,RAP1GAP/FGD4/GPSM1/EPHB3/APC2/ASAP3/RGS7/ODAM/SYDE1/PRTN3,10
GO:0007292,female gamete generation,12/823,176/18860,0.06818181818181818,1.5624654810560035,1.6013799049792476,0.08455145277749675,0.504341837165275,0.46681169532227546,ZMIZ1/PAQR5/REC8/PLD6/MMP19/SYCP2/EDN1/GAS2/PAQR7/ZAR1/AFP/ZAR1L,12
GO:0009064,glutamine family amino acid metabolic process,6/823,70/18860,0.08571428571428572,1.9642423190418332,1.7264297580408965,0.0845856854534301,0.504341837165275,0.46681169532227546,ADHFE1/GLUL/SIRT4/GLS2/PHGDH/GLYATL1,6
GO:0006066,alcohol metabolic process,22/823,368/18860,0.059782608695652176,1.3699878493317132,1.5310752069973774,0.08488932042930121,0.504341837165275,0.46681169532227546,ANGPTL3/ACADL/TM7SF2/LEPR/CYP2C8/PRKAA2/ALDH1A1/PNPLA4/APOA5/CYP7B1/GNAI1/SULT2A1/ABCA2/SCNN1B/IP6K3/MOGAT1/RDH12/TKTL1/IDH2/PTH1R/ADH7/INSIG1,22
GO:0002093,auditory receptor cell morphogenesis,3/823,24/18860,0.125,2.864520048602673,1.9523399121123939,0.0849130243721384,0.504341837165275,0.46681169532227546,ANKRD24/LHFPL5/WDPCP,3
GO:0003323,type B pancreatic cell development,3/823,24/18860,0.125,2.864520048602673,1.9523399121123939,0.0849130243721384,0.504341837165275,0.46681169532227546,CDH2/CDK6/SIDT2,3
GO:0006476,protein deacetylation,3/823,24/18860,0.125,2.864520048602673,1.9523399121123939,0.0849130243721384,0.504341837165275,0.46681169532227546,BEX4/PRKAA2/SIRT4,3
GO:0006730,one-carbon metabolic process,3/823,24/18860,0.125,2.864520048602673,1.9523399121123939,0.0849130243721384,0.504341837165275,0.46681169532227546,GNMT/ALDH1L2/ALDH1L1,3
GO:0009065,glutamine family amino acid catabolic process,3/823,24/18860,0.125,2.864520048602673,1.9523399121123939,0.0849130243721384,0.504341837165275,0.46681169532227546,ADHFE1/GLUL/GLS2,3
GO:0009119,ribonucleoside metabolic process,3/823,24/18860,0.125,2.864520048602673,1.9523399121123939,0.0849130243721384,0.504341837165275,0.46681169532227546,GNMT/ENPP4/ADA,3
GO:0030318,melanocyte differentiation,3/823,24/18860,0.125,2.864520048602673,1.9523399121123939,0.0849130243721384,0.504341837165275,0.46681169532227546,KITLG/KIT/MITF,3
GO:0061318,renal filtration cell differentiation,3/823,24/18860,0.125,2.864520048602673,1.9523399121123939,0.0849130243721384,0.504341837165275,0.46681169532227546,NPHS1/LAMB2/EDN1,3
GO:0072112,podocyte differentiation,3/823,24/18860,0.125,2.864520048602673,1.9523399121123939,0.0849130243721384,0.504341837165275,0.46681169532227546,NPHS1/LAMB2/EDN1,3
GO:1902074,response to salt,3/823,24/18860,0.125,2.864520048602673,1.9523399121123939,0.0849130243721384,0.504341837165275,0.46681169532227546,RNLS/NEFL/EDN1,3
GO:0001523,retinoid metabolic process,7/823,87/18860,0.08045977011494253,1.8438289968017205,1.6850947540583485,0.08547698204241543,0.505281597555623,0.4676815242928021,CYP2C8/ALDH1A1/PNPLA4/SCPEP1/RDH12/ADH7/TTR,7
GO:0032412,regulation of monoatomic ion transmembrane transporter activity,7/823,87/18860,0.08045977011494253,1.8438289968017205,1.6850947540583485,0.08547698204241543,0.505281597555623,0.4676815242928021,FGF13/KCNE2/CNIH3/KCNQ1/LRRC52/LRRC26/EDN1,7
GO:0031103,axon regeneration,5/823,54/18860,0.09259259259259259,2.1218667026686466,1.7634657022803406,0.08569283010510784,0.505281597555623,0.4676815242928021,FOLR1/PTPRS/LAMB2/FIGNL2/NEFL,5
GO:0048009,insulin-like growth factor receptor signaling pathway,5/823,54/18860,0.09259259259259259,2.1218667026686466,1.7634657022803406,0.08569283010510784,0.505281597555623,0.4676815242928021,IGF1R/GHR/IGFBP2/AR/IGFBP5,5
GO:2000179,positive regulation of neural precursor cell proliferation,5/823,54/18860,0.09259259259259259,2.1218667026686466,1.7634657022803406,0.08569283010510784,0.505281597555623,0.4676815242928021,SMARCD3/TOX/NES/RASSF10/ID4,5
GO:0051051,negative regulation of transport,27/823,468/18860,0.057692307692307696,1.3220861762781568,1.507153992075144,0.08582089798764797,0.505281597555623,0.4676815242928021,PTGER3/KCNE2/PDE8B/PTPRM/PACSIN1/GHRL/GNAZ/SIRT4/NEDD4L/PPP3CC/TBC1D4/PRKD1/GNAI1/ABCA2/ADA/KCNQ1/ABCC8/CHGA/IDH2/SCAMP5/PACSIN3/PRTN3/INSIG1/EDN1/CABP1/GPM6B/KCNJ11,27
GO:0015749,monosaccharide transmembrane transport,9/823,122/18860,0.07377049180327869,1.6905364221261676,1.634488929784674,0.0859471406459727,0.505281597555623,0.4676815242928021,SLC2A12/PTPRM/SLC1A2/SLC5A2/SLC2A4/GPC3/PLA2G1B/SORBS1/EDN1,9
GO:0045833,negative regulation of lipid metabolic process,9/823,122/18860,0.07377049180327869,1.6905364221261676,1.634488929784674,0.0859471406459727,0.505281597555623,0.4676815242928021,PLIN5/ACADL/PDE8B/ASXL3/SIRT4/ABCA2/FMO2/INSIG1/SLC22A13,9
GO:0001763,morphogenesis of a branching structure,14/823,214/18860,0.06542056074766354,1.4991880628200904,1.5687557598509982,0.08625048360007999,0.5064198241913093,0.4687350508224516,FGF13/AR/CELSR1/NTN4/GPC3/WNT6/FIGNL2/FOXA1/ADM/SIX4/VANGL2/TMEM59L/EDN1/SIX1,14
GO:0021537,telencephalon development,18/823,291/18860,0.061855670103092786,1.417494457040498,1.5331337544529604,0.08730026334818632,0.5114571609694933,0.4733975387384853,FGF13/CDH2/ZMIZ1/SLC1A2/FUT1/PTPRS/ERBB4/EGFR/CDK6/EPHB3/BNIP3/NIN/NEFL/ATP1B2/ID4/CRTAC1/KIF26A/NPY,18
GO:0034308,primary alcohol metabolic process,8/823,105/18860,0.0761904761904762,1.7459931724816296,1.6373746534578941,0.08824642923408252,0.5114571609694933,0.4733975387384853,CYP2C8/ALDH1A1/PNPLA4/SULT2A1/SCNN1B/RDH12/TKTL1/ADH7,8
GO:0048736,appendage development,13/823,196/18860,0.0663265306122449,1.5199494135442755,1.563017572595885,0.08829778812831493,0.5114571609694933,0.4733975387384853,GDF5/COL2A1/FREM2/GPC3/BCL2L11/WDPCP/ZNRF3/CHST11/HOXC13/ZBTB16/TFAP2B/SMOC1/DKK1,13
GO:0060173,limb development,13/823,196/18860,0.0663265306122449,1.5199494135442755,1.563017572595885,0.08829778812831493,0.5114571609694933,0.4733975387384853,GDF5/COL2A1/FREM2/GPC3/BCL2L11/WDPCP/ZNRF3/CHST11/HOXC13/ZBTB16/TFAP2B/SMOC1/DKK1,13
GO:0009746,response to hexose,14/823,215/18860,0.06511627906976744,1.4922150950860436,1.550493891918764,0.08876523986323737,0.5114571609694933,0.4733975387384853,IGF1R/PDE8B/GLUL/FUT1/GHRL/ACVR2B/OXCT1/PRKAA2/SLC29A1/SIDT2/PLA2G6/ABCC8/PTPRN/GUCA2B,14
GO:0031032,actomyosin structure organization,14/823,215/18860,0.06511627906976744,1.4922150950860436,1.550493891918764,0.08876523986323737,0.5114571609694933,0.4733975387384853,MYBPC3/CGNL1/OBSL1/ASAP3/EVL/PRKD1/NRAP/SORBS1/NEBL/CSRP2/SIX4/TGFB3/LMOD2/EDN1,14
GO:0034391,regulation of smooth muscle cell apoptotic process,4/823,39/18860,0.10256410256410256,2.350375424494501,1.8031945123005746,0.08886880977979601,0.5114571609694933,0.4733975387384853,GRIA4/PDCD4/APOH/EDN1,4
GO:0035633,maintenance of blood-brain barrier,4/823,39/18860,0.10256410256410256,2.350375424494501,1.8031945123005746,0.08886880977979601,0.5114571609694933,0.4733975387384853,SH3GL2/DMD/LAMA2/ABCC8,4
GO:0150146,cell junction disassembly,4/823,39/18860,0.10256410256410256,2.350375424494501,1.8031945123005746,0.08886880977979601,0.5114571609694933,0.4733975387384853,ABCC8/VANGL2/TGFB3/DKK1,4
GO:0030199,collagen fibril organization,6/823,71/18860,0.08450704225352113,1.936576934266596,1.6888765060694924,0.08917482849602124,0.5114571609694933,0.4733975387384853,COL2A1/DPT/FMOD/ADAMTS19/PLOD2/EFEMP2,6
GO:0055074,calcium ion homeostasis,20/823,331/18860,0.06042296072507553,1.3846622591432862,1.5081504893812132,0.08938839790130904,0.5114571609694933,0.4733975387384853,DRD5/RGN/GSTM2/DMD/PLCL1/BNIP3/RYR2/KL/PRKD1/TMTC4/ERC2/SYPL2/F2/SLC8A2/PTH1R/ATP13A5/FAM20A/EDN1/TRPV6/NPY,20
GO:0022898,regulation of transmembrane transporter activity,7/823,88/18860,0.07954545454545454,1.8228763945653375,1.6527142156426424,0.08956732320341945,0.5114571609694933,0.4733975387384853,FGF13/KCNE2/CNIH3/KCNQ1/LRRC52/LRRC26/EDN1,7
GO:0019320,hexose catabolic process,5/823,55/18860,0.09090909090909091,2.0832873080746714,1.7185628759660192,0.0910615757271118,0.5114571609694933,0.4733975387384853,FUT1/GALT/TKTL1/PGAM2/FUT9,5
GO:0097720,calcineurin-mediated signaling,5/823,55/18860,0.09090909090909091,2.0832873080746714,1.7185628759660192,0.0910615757271118,0.5114571609694933,0.4733975387384853,NFATC2/HOMER2/PPP3CC/RCAN2/SLC8A2,5
GO:0042594,response to starvation,15/823,235/18860,0.06382978723404255,1.4627336418396628,1.5247335640044275,0.09127018541867087,0.5114571609694933,0.4733975387384853,GPR155/GABARAPL1/LAMP2/GLUL/OXCT1/PAK3/PRKAA2/ULK1/ULK2/ALB/PRKD1/ACAT1/PPARGC1A/RNF152/ASNS,15
GO:0016042,lipid catabolic process,21/823,352/18860,0.05965909090909091,1.367157295924003,1.4853227883749853,0.09207142760734004,0.5114571609694933,0.4733975387384853,PLCXD3/PLIN5/ANGPTL3/ACADL/FUT1/DGKD/PLD6/OXCT1/PNPLA4/APOA5/ECI2/LIPF/PLA2G1B/SULT2A1/ACAT1/PLA2G6/ALDH1L2/GPIHBP1/PNPLA1/PNPLA7/PLA1A,21
GO:0030879,mammary gland development,10/823,142/18860,0.07042253521126761,1.61381411188883,1.5682973723215783,0.09257704611297587,0.5114571609694933,0.4733975387384853,DEAF1/ERBB4/AR/SLC29A1/BCL2L11/IGFBP5/TGFB3/NTN1/SOSTDC1/CDO1,10
GO:0048568,embryonic organ development,27/823,472/18860,0.057203389830508475,1.3108820561402064,1.4610884331802136,0.09258706811461917,0.5114571609694933,0.4733975387384853,FOLR1/LRIG1/ANKRD24/COL2A1/EGFR/HPN/RYR2/RBPMS2/EFEMP1/KITLG/KIT/LHFPL5/ADM/ADA/WDPCP/KCNQ1/CHST11/PTK7/NES/SIX4/VANGL2/NTN1/INSIG1/HOXC4/EDN1/ATP8A2/SIX1,27
GO:0070252,actin-mediated cell contraction,9/823,124/18860,0.07258064516129033,1.6632697056402619,1.5828496357029256,0.09283317288282193,0.5114571609694933,0.4733975387384853,MYBPC3/FGF13/KCNE2/RYR2/NEDD4L/KCNQ1/SCN2A/KCNE4/KCNJ8,9
GO:0051048,negative regulation of secretion,12/823,179/18860,0.0670391061452514,1.5362789087478022,1.5399061997289423,0.09298021847362735,0.5114571609694933,0.4733975387384853,PTGER3/PDE8B/GHRL/GNAZ/SIRT4/GNAI1/ADA/ABCC8/CHGA/IDH2/EDN1/KCNJ11,12
GO:0006740,NADPH regeneration,3/823,25/18860,0.12,2.749939246658566,1.8701965808083574,0.0935020391692622,0.5114571609694933,0.4733975387384853,NNT/ALDH1L2/ALDH1L1,3
GO:0022410,circadian sleep/wake cycle process,3/823,25/18860,0.12,2.749939246658566,1.8701965808083574,0.0935020391692622,0.5114571609694933,0.4733975387384853,GHRL/ADA/GABRB3,3
GO:0032098,regulation of appetite,3/823,25/18860,0.12,2.749939246658566,1.8701965808083574,0.0935020391692622,0.5114571609694933,0.4733975387384853,GHRL/SCTR/NPY,3
GO:0032967,positive regulation of collagen biosynthetic process,3/823,25/18860,0.12,2.749939246658566,1.8701965808083574,0.0935020391692622,0.5114571609694933,0.4733975387384853,LARP6/F2/TGFB3,3
GO:0042509,regulation of tyrosine phosphorylation of STAT protein,3/823,25/18860,0.12,2.749939246658566,1.8701965808083574,0.0935020391692622,0.5114571609694933,0.4733975387384853,ERBB4/CTF1/KIT,3
GO:0051152,positive regulation of smooth muscle cell differentiation,3/823,25/18860,0.12,2.749939246658566,1.8701965808083574,0.0935020391692622,0.5114571609694933,0.4733975387384853,SMARCD3/KIT/EFEMP2,3
GO:0060307,regulation of ventricular cardiac muscle cell membrane repolarization,3/823,25/18860,0.12,2.749939246658566,1.8701965808083574,0.0935020391692622,0.5114571609694933,0.4733975387384853,KCNE2/KCNQ1/KCNE4,3
GO:0060571,morphogenesis of an epithelial fold,3/823,25/18860,0.12,2.749939246658566,1.8701965808083574,0.0935020391692622,0.5114571609694933,0.4733975387384853,EGFR/AR/SOSTDC1,3
GO:0072311,glomerular epithelial cell differentiation,3/823,25/18860,0.12,2.749939246658566,1.8701965808083574,0.0935020391692622,0.5114571609694933,0.4733975387384853,NPHS1/LAMB2/EDN1,3
GO:0086064,cell communication by electrical coupling involved in cardiac conduction,3/823,25/18860,0.12,2.749939246658566,1.8701965808083574,0.0935020391692622,0.5114571609694933,0.4733975387384853,RYR2/IRX3/ATP1B2,3
GO:0090200,positive regulation of release of cytochrome c from mitochondria,3/823,25/18860,0.12,2.749939246658566,1.8701965808083574,0.0935020391692622,0.5114571609694933,0.4733975387384853,BNIP3/PRKAA2/BCL2L11,3
GO:0099188,postsynaptic cytoskeleton organization,3/823,25/18860,0.12,2.749939246658566,1.8701965808083574,0.0935020391692622,0.5114571609694933,0.4733975387384853,SH3GL2/INA/NEFL,3
GO:1903318,negative regulation of protein maturation,3/823,25/18860,0.12,2.749939246658566,1.8701965808083574,0.0935020391692622,0.5114571609694933,0.4733975387384853,FGA/SIRT4/GAS1,3
GO:0060070,canonical Wnt signaling pathway,20/823,333/18860,0.06006006006006006,1.3763459692985818,1.4800757063910808,0.09351251538954246,0.5114571609694933,0.4733975387384853,EDA/CDH2/FOLR1/FZD4/PPP2R3A/CDK14/IGFBP2/EGFR/APC2/DAAM2/GPC3/WNT6/TBL1X/ZNRF3/PTK7/SOX2/FZD8/SOSTDC1/EDN1/DKK1,20
GO:0043547,positive regulation of GTPase activity,7/823,89/18860,0.07865168539325842,1.8023946373230304,1.6207514215060161,0.09376614461754873,0.5114571609694933,0.4733975387384853,RAP1GAP/APC2/ASAP3/RGS7/ODAM/SYDE1/PRTN3,7
GO:0044703,multi-organism reproductive process,14/823,217/18860,0.06451612903225806,1.4784619605691216,1.5142461491320465,0.09393191261665591,0.5114571609694933,0.4733975387384853,IGFBP2/GHRL/EPOR/SERPINA5/ACVR2B/AR/LDOC1/CBS/STOX2/ABCC8/IGFBP5/SYDE1/FBLN1/EDN1,14
GO:0051897,positive regulation of phosphatidylinositol 3-kinase/protein kinase B signal transduction,14/823,217/18860,0.06451612903225806,1.4784619605691216,1.5142461491320465,0.09393191261665591,0.5114571609694933,0.4733975387384853,IGF1R/VEGFB/ERBB4/PDGFD/EGFR/IL33/PRKD1/KIT/IGFBP5/RET/F2/GCNT2/VAV3/TSPYL5,14
GO:0001553,luteinization,2/823,12/18860,0.16666666666666666,3.819360064803564,2.0868230521416278,0.09397956067218426,0.5114571609694933,0.4733975387384853,FZD4/PTPRN,2
GO:0002024,diet induced thermogenesis,2/823,12/18860,0.16666666666666666,3.819360064803564,2.0868230521416278,0.09397956067218426,0.5114571609694933,0.4733975387384853,SCTR/ADRB2,2
GO:0002759,regulation of antimicrobial humoral response,2/823,12/18860,0.16666666666666666,3.819360064803564,2.0868230521416278,0.09397956067218426,0.5114571609694933,0.4733975387384853,GATA6/PGC,2
GO:0006534,cysteine metabolic process,2/823,12/18860,0.16666666666666666,3.819360064803564,2.0868230521416278,0.09397956067218426,0.5114571609694933,0.4733975387384853,CBS/CDO1,2
GO:0009071,serine family amino acid catabolic process,2/823,12/18860,0.16666666666666666,3.819360064803564,2.0868230521416278,0.09397956067218426,0.5114571609694933,0.4733975387384853,CBS/CDO1,2
GO:0017038,protein import,2/823,12/18860,0.16666666666666666,3.819360064803564,2.0868230521416278,0.09397956067218426,0.5114571609694933,0.4733975387384853,LAMP2/GPIHBP1,2
GO:0019532,oxalate transport,2/823,12/18860,0.16666666666666666,3.819360064803564,2.0868230521416278,0.09397956067218426,0.5114571609694933,0.4733975387384853,SLC26A7/SLC26A9,2
GO:0031987,locomotion involved in locomotory behavior,2/823,12/18860,0.16666666666666666,3.819360064803564,2.0868230521416278,0.09397956067218426,0.5114571609694933,0.4733975387384853,FZD4/RCAN2,2
GO:0034163,regulation of toll-like receptor 9 signaling pathway,2/823,12/18860,0.16666666666666666,3.819360064803564,2.0868230521416278,0.09397956067218426,0.5114571609694933,0.4733975387384853,PTPRS/RAB7B,2
GO:0035112,genitalia morphogenesis,2/823,12/18860,0.16666666666666666,3.819360064803564,2.0868230521416278,0.09397956067218426,0.5114571609694933,0.4733975387384853,AR/SYCP2,2
GO:0035810,positive regulation of urine volume,2/823,12/18860,0.16666666666666666,3.819360064803564,2.0868230521416278,0.09397956067218426,0.5114571609694933,0.4733975387384853,NPR3/EDN1,2
GO:0046051,UTP metabolic process,2/823,12/18860,0.16666666666666666,3.819360064803564,2.0868230521416278,0.09397956067218426,0.5114571609694933,0.4733975387384853,NME9/NME3,2
GO:0048484,enteric nervous system development,2/823,12/18860,0.16666666666666666,3.819360064803564,2.0868230521416278,0.09397956067218426,0.5114571609694933,0.4733975387384853,RET/KIF26A,2
GO:0052803,imidazole-containing compound metabolic process,2/823,12/18860,0.16666666666666666,3.819360064803564,2.0868230521416278,0.09397956067218426,0.5114571609694933,0.4733975387384853,HDC/CARNS1,2
GO:0060398,regulation of growth hormone receptor signaling pathway,2/823,12/18860,0.16666666666666666,3.819360064803564,2.0868230521416278,0.09397956067218426,0.5114571609694933,0.4733975387384853,GHR/GHRL,2
GO:0060736,prostate gland growth,2/823,12/18860,0.16666666666666666,3.819360064803564,2.0868230521416278,0.09397956067218426,0.5114571609694933,0.4733975387384853,AR/PSAPL1,2
GO:0061309,cardiac neural crest cell development involved in outflow tract morphogenesis,2/823,12/18860,0.16666666666666666,3.819360064803564,2.0868230521416278,0.09397956067218426,0.5114571609694933,0.4733975387384853,FOLR1/EDN1,2
GO:0071635,negative regulation of transforming growth factor beta production,2/823,12/18860,0.16666666666666666,3.819360064803564,2.0868230521416278,0.09397956067218426,0.5114571609694933,0.4733975387384853,GATA6/FBLN1,2
GO:0071872,cellular response to epinephrine stimulus,2/823,12/18860,0.16666666666666666,3.819360064803564,2.0868230521416278,0.09397956067218426,0.5114571609694933,0.4733975387384853,RYR2/KCNQ1,2
GO:0072015,podocyte development,2/823,12/18860,0.16666666666666666,3.819360064803564,2.0868230521416278,0.09397956067218426,0.5114571609694933,0.4733975387384853,NPHS1/LAMB2,2
GO:0072017,distal tubule development,2/823,12/18860,0.16666666666666666,3.819360064803564,2.0868230521416278,0.09397956067218426,0.5114571609694933,0.4733975387384853,KLHL3/TFAP2B,2
GO:0072070,loop of Henle development,2/823,12/18860,0.16666666666666666,3.819360064803564,2.0868230521416278,0.09397956067218426,0.5114571609694933,0.4733975387384853,IRX3/IRX2,2
GO:0097084,vascular associated smooth muscle cell development,2/823,12/18860,0.16666666666666666,3.819360064803564,2.0868230521416278,0.09397956067218426,0.5114571609694933,0.4733975387384853,ADM/EFEMP2,2
GO:1904396,regulation of neuromuscular junction development,2/823,12/18860,0.16666666666666666,3.819360064803564,2.0868230521416278,0.09397956067218426,0.5114571609694933,0.4733975387384853,SIX4/SIX1,2
GO:2000009,negative regulation of protein localization to cell surface,2/823,12/18860,0.16666666666666666,3.819360064803564,2.0868230521416278,0.09397956067218426,0.5114571609694933,0.4733975387384853,NEDD4L/GPM6B,2
GO:0002251,organ or tissue specific immune response,4/823,40/18860,0.1,2.2916160388821387,1.7467498339912562,0.0955118905991532,0.5167495605100727,0.47829610915204995,RAB17/PLA2G1B/FFAR3/DEFB1,4
GO:0002446,neutrophil mediated immunity,4/823,40/18860,0.1,2.2916160388821387,1.7467498339912562,0.0955118905991532,0.5167495605100727,0.47829610915204995,PLA2G1B/SCNN1B/F2/DNASE1,4
GO:0034390,smooth muscle cell apoptotic process,4/823,40/18860,0.1,2.2916160388821387,1.7467498339912562,0.0955118905991532,0.5167495605100727,0.47829610915204995,GRIA4/PDCD4/APOH/EDN1,4
GO:0035774,positive regulation of insulin secretion involved in cellular response to glucose stimulus,4/823,40/18860,0.1,2.2916160388821387,1.7467498339912562,0.0955118905991532,0.5167495605100727,0.47829610915204995,GHRL/OXCT1/PLA2G6/ABCC8,4
GO:0072210,metanephric nephron development,4/823,40/18860,0.1,2.2916160388821387,1.7467498339912562,0.0955118905991532,0.5167495605100727,0.47829610915204995,LAMB2/IRX2/RET/TFAP2B,4
GO:0042180,ketone metabolic process,15/823,237/18860,0.06329113924050633,1.45038989802667,1.4904420250363908,0.09629320679129404,0.5201947627581207,0.4814849397895772,PLIN5/ACADL/FABP3/OXCT1/SIRT4/APOA5/PPARGC1A/ADM/SCNN1B/GPIHBP1/FMO2/INSIG1/EDN1/AFP/SLC22A13,15
GO:0001738,morphogenesis of a polarized epithelium,5/823,56/18860,0.08928571428571429,2.0460857490019095,1.6746084300631228,0.09659954749376153,0.5201947627581207,0.4814849397895772,ERBB4/CELSR1/WDPCP/PTK7/VANGL2,5
GO:0045778,positive regulation of ossification,5/823,56/18860,0.08928571428571429,2.0460857490019095,1.6746084300631228,0.09659954749376153,0.5201947627581207,0.4814849397895772,ACVR2B/KL/ZBTB16/ADRB2/GPM6B,5
GO:1903539,protein localization to postsynaptic membrane,5/823,56/18860,0.08928571428571429,2.0460857490019095,1.6746084300631228,0.09659954749376153,0.5201947627581207,0.4814849397895772,ERBB4/RAPSN/ZDHHC2/CNIH3/CACNA2D2,5
GO:0001843,neural tube closure,7/823,90/18860,0.07777777777777778,1.7823680302416633,1.589195436518202,0.09807277219910486,0.5262858647661267,0.48712277794855263,DEAF1/FOLR1/CELSR1/ADM/PTK7/PRKACB/VANGL2,7
GO:0035418,protein localization to synapse,7/823,90/18860,0.07777777777777778,1.7823680302416633,1.589195436518202,0.09807277219910486,0.5262858647661267,0.48712277794855263,NPHS1/ERBB4/RAPSN/ZDHHC2/CNIH3/CACNA2D2/KIF5C,7
GO:0098869,cellular oxidant detoxification,7/823,90/18860,0.07777777777777778,1.7823680302416633,1.589195436518202,0.09807277219910486,0.5262858647661267,0.48712277794855263,GSTM2/DUOX1/ALB/MT3/NNT/GPX3/SOD3,7
GO:0032722,positive regulation of chemokine production,6/823,73/18860,0.0821917808219178,1.883520031957922,1.6155715930318832,0.09875083729959136,0.5286950280018725,0.4893526654802073,CHIA/C5/IL33/ALOX15B/FFAR3/POSTN,6
GO:0045806,negative regulation of endocytosis,6/823,73/18860,0.0821917808219178,1.883520031957922,1.6155715930318832,0.09875083729959136,0.5286950280018725,0.4893526654802073,PACSIN1/PRKD1/ABCA2/SCAMP5/PACSIN3/PRTN3,6
GO:0048813,dendrite morphogenesis,10/823,144/18860,0.06944444444444445,1.591400027001485,1.5217144443550195,0.09924591675478268,0.5307299024603964,0.49123611659560673,FZD4/OBSL1/DBN1/EPHB3/PAK3/NEDD4L/CUX2/KIF1A/CAMK2B/DCDC2,10
GO:0048259,regulation of receptor-mediated endocytosis,9/823,126/18860,0.07142857142857142,1.6368685992015275,1.5321346919385923,0.1000328819386581,0.5338316248356798,0.4941070271045649,SH3GL2/DNAJC6/DGKD/HIP1R/SUSD4/APOA5/ABCA2/TF/DKK1,9
GO:0030111,regulation of Wnt signaling pathway,21/823,356/18860,0.05898876404494382,1.3517959779922726,1.4313971701385395,0.10034089637108776,0.5338316248356798,0.4941070271045649,EDA/CDH2/FOLR1/PPP2R3A/CDK14/TMEM132A/IGFBP2/EGFR/APC2/PBXIP1/DAAM2/GPC3/TBL1X/ZNRF3/PTK7/SOX2/VANGL2/SOSTDC1/APCDD1/DCDC2/DKK1,21
GO:0060348,bone development,14/823,220/18860,0.06363636363636363,1.4583011156522698,1.4605498890897763,0.10202524833355507,0.5338316248356798,0.4941070271045649,RANBP3L/GHR/GHRL/CHAD/COL2A1/SMAD5/LEPR/LRRC17/CBS/SP5/ZBTB16/ATG9B/INSIG1/CSGALNACT1,14
GO:0031638,zymogen activation,5/823,57/18860,0.08771929824561403,2.0101895077913494,1.631562832847903,0.10230407616495041,0.5338316248356798,0.4941070271045649,FGA/FGB/FGG/HPN/APOH,5
GO:0051480,regulation of cytosolic calcium ion concentration,5/823,57/18860,0.08771929824561403,2.0101895077913494,1.631562832847903,0.10230407616495041,0.5338316248356798,0.4941070271045649,RYR2/ERC2/F2/SLC8A2/NPY,5
GO:0060998,regulation of dendritic spine development,5/823,57/18860,0.08771929824561403,2.0101895077913494,1.631562832847903,0.10230407616495041,0.5338316248356798,0.4941070271045649,PTPRS/DBN1/CUX2/KIF1A/CAMK2B,5
GO:0062237,protein localization to postsynapse,5/823,57/18860,0.08771929824561403,2.0101895077913494,1.631562832847903,0.10230407616495041,0.5338316248356798,0.4941070271045649,ERBB4/RAPSN/ZDHHC2/CNIH3/CACNA2D2,5
GO:0042755,eating behavior,4/823,41/18860,0.0975609756097561,2.235722964763062,1.6919669291964274,0.10238106932387077,0.5338316248356798,0.4941070271045649,GHRL/GUCA2B/ATP8A2/NPY,4
GO:0060306,regulation of membrane repolarization,4/823,41/18860,0.0975609756097561,2.235722964763062,1.6919669291964274,0.10238106932387077,0.5338316248356798,0.4941070271045649,KCNE2/NEDD4L/KCNQ1/KCNE4,4
GO:0072337,modified amino acid transport,4/823,41/18860,0.0975609756097561,2.235722964763062,1.6919669291964274,0.10238106932387077,0.5338316248356798,0.4941070271045649,FOLR1/SLC13A3/ABCC5/FOLR3,4
GO:0003085,negative regulation of systemic arterial blood pressure,3/823,26/18860,0.11538461538461539,2.6441723525563137,1.7920075177118724,0.10243147797826634,0.5338316248356798,0.4941070271045649,KL/TAC4/ADRB2,3
GO:0010623,programmed cell death involved in cell development,3/823,26/18860,0.11538461538461539,2.6441723525563137,1.7920075177118724,0.10243147797826634,0.5338316248356798,0.4941070271045649,KITLG/KIT/SYCP2,3
GO:0010714,positive regulation of collagen metabolic process,3/823,26/18860,0.11538461538461539,2.6441723525563137,1.7920075177118724,0.10243147797826634,0.5338316248356798,0.4941070271045649,LARP6/F2/TGFB3,3
GO:0010881,regulation of cardiac muscle contraction by regulation of the release of sequestered calcium ion,3/823,26/18860,0.11538461538461539,2.6441723525563137,1.7920075177118724,0.10243147797826634,0.5338316248356798,0.4941070271045649,GSTM2/DMD/RYR2,3
GO:0032925,regulation of activin receptor signaling pathway,3/823,26/18860,0.11538461538461539,2.6441723525563137,1.7920075177118724,0.10243147797826634,0.5338316248356798,0.4941070271045649,ACVR2B/FST/DAND5,3
GO:0043043,peptide biosynthetic process,3/823,26/18860,0.11538461538461539,2.6441723525563137,1.7920075177118724,0.10243147797826634,0.5338316248356798,0.4941070271045649,SLC1A2/DMD/GGT7,3
GO:0043567,regulation of insulin-like growth factor receptor signaling pathway,3/823,26/18860,0.11538461538461539,2.6441723525563137,1.7920075177118724,0.10243147797826634,0.5338316248356798,0.4941070271045649,IGFBP2/AR/IGFBP5,3
GO:0045723,positive regulation of fatty acid biosynthetic process,3/823,26/18860,0.11538461538461539,2.6441723525563137,1.7920075177118724,0.10243147797826634,0.5338316248356798,0.4941070271045649,APOA5/GPIHBP1/EDN1,3
GO:0048011,neurotrophin TRK receptor signaling pathway,3/823,26/18860,0.11538461538461539,2.6441723525563137,1.7920075177118724,0.10243147797826634,0.5338316248356798,0.4941070271045649,CYFIP2/ZFYVE27/NDN,3
GO:0060575,intestinal epithelial cell differentiation,3/823,26/18860,0.11538461538461539,2.6441723525563137,1.7920075177118724,0.10243147797826634,0.5338316248356798,0.4941070271045649,GATA6/GATA5/NPY,3
GO:1901380,negative regulation of potassium ion transmembrane transport,3/823,26/18860,0.11538461538461539,2.6441723525563137,1.7920075177118724,0.10243147797826634,0.5338316248356798,0.4941070271045649,KCNE2/NEDD4L/KCNQ1,3
GO:0016101,diterpenoid metabolic process,7/823,91/18860,0.07692307692307693,1.762781568370876,1.5580357355889969,0.10248641811579899,0.5338316248356798,0.4941070271045649,CYP2C8/ALDH1A1/PNPLA4/SCPEP1/RDH12/ADH7/TTR,7
GO:0060606,tube closure,7/823,91/18860,0.07692307692307693,1.762781568370876,1.5580357355889969,0.10248641811579899,0.5338316248356798,0.4941070271045649,DEAF1/FOLR1/CELSR1/ADM/PTK7/PRKACB/VANGL2,7
GO:0099003,vesicle-mediated transport in synapse,16/823,259/18860,0.06177606177606178,1.4156701398499696,1.4388239506224856,0.10320209203107653,0.5369533875123091,0.4969964866339625,SH3GL2/CDH2/DNAJC6/PACSIN1/RIMS4/RAPGEF4/ATP8A1/SUSD4/SLC2A4/PPP3CC/SYN2/ERC2/RIMS3/SLC18A2/SYNDIG1/NPY,16
GO:0030100,regulation of endocytosis,19/823,318/18860,0.059748427672955975,1.369204551533353,1.4183369371476398,0.1038458863956168,0.5396945559862292,0.4995336735341548,SH3GL2/RAP1GAP/DNAJC6/PACSIN1/DGKD/HIP1R/SUSD4/NEDD4L/PPP3CC/APOA5/GPC3/PRKD1/SFTPD/ABCA2/TF/SCAMP5/PACSIN3/PRTN3/DKK1,19
GO:0060041,retina development in camera-type eye,12/823,183/18860,0.06557377049180328,1.502699041889927,1.4596782545083133,0.10498893450378122,0.5444089131853375,0.5038972161044876,SMARCD3/FZD4/CELF4/PTPRM/PTF1A/CLDN19/ACVR2B/LAMB2/OPN4/TFAP2B/PAX4/ATP8A2,12
GO:0071453,cellular response to oxygen levels,12/823,183/18860,0.06557377049180328,1.502699041889927,1.4596782545083133,0.10498893450378122,0.5444089131853375,0.5038972161044876,KCNK2/BNIP3/SLC2A4/SIRT4/SLC29A1/CBS/GATA6/MT3/SOX2/RORA/SCN2A/EDN1,12
GO:0010660,regulation of muscle cell apoptotic process,7/823,92/18860,0.07608695652173914,1.7436208991494533,1.527262183876421,0.10700618308993284,0.5449944064483525,0.5044391404156731,GRIA4/BNIP3/PDCD4/SIRT4/NUPR1/APOH/EDN1,7
GO:0060021,roof of mouth development,7/823,92/18860,0.07608695652173914,1.7436208991494533,1.527262183876421,0.10700618308993284,0.5449944064483525,0.5044391404156731,COL2A1/EPHB3/ACVR2B/WDPCP/GABRB3/TGFB3/INSIG1,7
GO:0021915,neural tube development,11/823,165/18860,0.06666666666666667,1.5277440259214257,1.4543859096125533,0.10755357627822751,0.5449944064483525,0.5044391404156731,DEAF1/FOLR1/CELSR1/FOXA1/ADM/WDPCP/PTK7/PRKACB/VANGL2/PHGDH/FERD3L,11
GO:0034284,response to monosaccharide,14/823,222/18860,0.06306306306306306,1.4451632677635107,1.425191588521518,0.10764956681556177,0.5449944064483525,0.5044391404156731,IGF1R/PDE8B/GLUL/FUT1/GHRL/ACVR2B/OXCT1/PRKAA2/SLC29A1/SIDT2/PLA2G6/ABCC8/PTPRN/GUCA2B,14
GO:0071383,cellular response to steroid hormone stimulus,14/823,222/18860,0.06306306306306306,1.4451632677635107,1.425191588521518,0.10764956681556177,0.5449944064483525,0.5044391404156731,ESRRG/ZMIZ1/AR/CYP7B1/SGK1/BCL2L11/FOXA1/SCNN1B/SCNN1G/SSTR2/FAM107A/EDN1/PAQR7/SCGB2A1,14
GO:0009164,nucleoside catabolic process,2/823,13/18860,0.15384615384615385,3.525563136741752,1.9457448339198895,0.10796545641691746,0.5449944064483525,0.5044391404156731,ENPP4/ADA,2
GO:0021670,lateral ventricle development,2/823,13/18860,0.15384615384615385,3.525563136741752,1.9457448339198895,0.10796545641691746,0.5449944064483525,0.5044391404156731,CDK6/ATP1B2,2
GO:0042045,epithelial fluid transport,2/823,13/18860,0.15384615384615385,3.525563136741752,1.9457448339198895,0.10796545641691746,0.5449944064483525,0.5044391404156731,SCNN1B/EDN1,2
GO:0042117,monocyte activation,2/823,13/18860,0.15384615384615385,3.525563136741752,1.9457448339198895,0.10796545641691746,0.5449944064483525,0.5044391404156731,MT1G/NPY,2
GO:0042939,tripeptide transport,2/823,13/18860,0.15384615384615385,3.525563136741752,1.9457448339198895,0.10796545641691746,0.5449944064483525,0.5044391404156731,SLC13A3/ABCC5,2
GO:0043568,positive regulation of insulin-like growth factor receptor signaling pathway,2/823,13/18860,0.15384615384615385,3.525563136741752,1.9457448339198895,0.10796545641691746,0.5449944064483525,0.5044391404156731,AR/IGFBP5,2
GO:0050655,dermatan sulfate proteoglycan metabolic process,2/823,13/18860,0.15384615384615385,3.525563136741752,1.9457448339198895,0.10796545641691746,0.5449944064483525,0.5044391404156731,IDUA/CSGALNACT1,2
GO:0051451,myoblast migration,2/823,13/18860,0.15384615384615385,3.525563136741752,1.9457448339198895,0.10796545641691746,0.5449944064483525,0.5044391404156731,SIX4/SIX1,2
GO:0051610,serotonin uptake,2/823,13/18860,0.15384615384615385,3.525563136741752,1.9457448339198895,0.10796545641691746,0.5449944064483525,0.5044391404156731,SLC18A2/GPM6B,2
GO:0060075,regulation of resting membrane potential,2/823,13/18860,0.15384615384615385,3.525563136741752,1.9457448339198895,0.10796545641691746,0.5449944064483525,0.5044391404156731,NALCN/KCNJ10,2
GO:0070170,regulation of tooth mineralization,2/823,13/18860,0.15384615384615385,3.525563136741752,1.9457448339198895,0.10796545641691746,0.5449944064483525,0.5044391404156731,WNT6/SLC4A2,2
GO:0071415,cellular response to purine-containing compound,2/823,13/18860,0.15384615384615385,3.525563136741752,1.9457448339198895,0.10796545641691746,0.5449944064483525,0.5044391404156731,GSTM2/RYR2,2
GO:0072310,glomerular epithelial cell development,2/823,13/18860,0.15384615384615385,3.525563136741752,1.9457448339198895,0.10796545641691746,0.5449944064483525,0.5044391404156731,NPHS1/LAMB2,2
GO:0086100,endothelin receptor signaling pathway,2/823,13/18860,0.15384615384615385,3.525563136741752,1.9457448339198895,0.10796545641691746,0.5449944064483525,0.5044391404156731,EDN1/SIX1,2
GO:0110095,cellular detoxification of aldehyde,2/823,13/18860,0.15384615384615385,3.525563136741752,1.9457448339198895,0.10796545641691746,0.5449944064483525,0.5044391404156731,ALDH1A1/RDH12,2
GO:1900115,extracellular regulation of signal transduction,2/823,13/18860,0.15384615384615385,3.525563136741752,1.9457448339198895,0.10796545641691746,0.5449944064483525,0.5044391404156731,GREM2/DAND5,2
GO:1900116,extracellular negative regulation of signal transduction,2/823,13/18860,0.15384615384615385,3.525563136741752,1.9457448339198895,0.10796545641691746,0.5449944064483525,0.5044391404156731,GREM2/DAND5,2
GO:1905064,negative regulation of vascular associated smooth muscle cell differentiation,2/823,13/18860,0.15384615384615385,3.525563136741752,1.9457448339198895,0.10796545641691746,0.5449944064483525,0.5044391404156731,NFATC2/PDCD4,2
GO:1905065,positive regulation of vascular associated smooth muscle cell differentiation,2/823,13/18860,0.15384615384615385,3.525563136741752,1.9457448339198895,0.10796545641691746,0.5449944064483525,0.5044391404156731,KIT/EFEMP2,2
GO:0010656,negative regulation of muscle cell apoptotic process,5/823,58/18860,0.08620689655172414,1.9755310680018439,1.5893888898123165,0.10817223755291244,0.5449944064483525,0.5044391404156731,GRIA4/SIRT4/NUPR1/APOH/EDN1,5
GO:2000107,negative regulation of leukocyte apoptotic process,5/823,58/18860,0.08620689655172414,1.9755310680018439,1.5893888898123165,0.10817223755291244,0.5449944064483525,0.5044391404156731,ST3GAL1/TSC22D3/KITLG/RORC/ADA,5
GO:0015844,monoamine transport,6/823,75/18860,0.08,1.8332928311057108,1.5445421793248735,0.10884787823449366,0.5478003904604015,0.5070363196643234,SLC6A2/CHGA/FGF20/FFAR3/SLC18A2/GPM6B,6
GO:0099622,cardiac muscle cell membrane repolarization,4/823,42/18860,0.09523809523809523,2.1824914656020367,1.6387512022369597,0.10947000505629348,0.5501446173659257,0.5092061030440614,KCNE2/KCNQ1/KCNE4/KCNJ8,4
GO:0042593,glucose homeostasis,17/823,281/18860,0.060498220640569395,1.3863869274375926,1.3939317568472036,0.10955209173548985,0.5501446173659257,0.5092061030440614,IGF1R/PDE8B/FUT1/GHRL/LEPR/SLC2A4/OXCT1/PRKAA2/SLC29A1/SIDT2/PLA2G6/PPARGC1A/FOXA1/ABCC8/IGFBP5/PTPRN/GUCA2B,17
GO:0006631,fatty acid metabolic process,24/823,421/18860,0.057007125890736345,1.3063844402178464,1.358051272431325,0.11069666050973019,0.5530268714446807,0.5118738767913585,PLIN5/ANGPTL3/ACADL/GSTM2/ECHDC3/CYP2C8/FABP3/PM20D1/PRKAA2/SIRT4/APOA5/ECI2/PLA2G1B/ACAT1/ACSM2B/PPARGC1A/ALDH1L2/GPIHBP1/ALOX15B/ADH7/FMO2/INSIG1/EDN1/SLC22A13,24
GO:0007009,plasma membrane organization,12/823,185/18860,0.06486486486486487,1.4864536468424683,1.420280478329507,0.11132224395407449,0.5530268714446807,0.5118738767913585,FOLR1/PACSIN1/SERPINA5/AR/A4GALT/COLEC12/DMKN/SYPL2/MICALL1/PACSIN3/FOLR3/ATG9B,12
GO:0043604,amide biosynthetic process,12/823,185/18860,0.06486486486486487,1.4864536468424683,1.420280478329507,0.11132224395407449,0.5530268714446807,0.5118738767913585,SLC1A2/ST3GAL1/PM20D1/GGT7/SIRT4/CERS4/ACAT1/PLA2G6/PNPLA1/CYP4F22/ASNS/CARNS1,12
GO:0046683,response to organophosphorus,9/823,129/18860,0.06976744186046512,1.5988018875921897,1.4577217345340612,0.11141544057831096,0.5530268714446807,0.5118738767913585,P2RY4/CRTC1/DUOX1/KCNQ1/MMP19/IGFBP5/KCNJ8/CDO1/KCNJ11,9
GO:0106027,neuron projection organization,7/823,93/18860,0.07526881720430108,1.724872287330642,1.4968650181564835,0.11163105887741903,0.5530268714446807,0.5118738767913585,IGF1R/DBN1/EPHB3/PAK3/CUX2/KIF1A/CAMK2B,7
GO:0006760,folic acid-containing compound metabolic process,3/823,27/18860,0.1111111111111111,2.5462400432023764,1.717418513315576,0.11168386656260938,0.5530268714446807,0.5118738767913585,FOLR1/ALDH1L2/ALDH1L1,3
GO:0009081,branched-chain amino acid metabolic process,3/823,27/18860,0.1111111111111111,2.5462400432023764,1.717418513315576,0.11168386656260938,0.5530268714446807,0.5118738767913585,ALDH6A1/BCAT2/ACAT1,3
GO:0022038,corpus callosum development,3/823,27/18860,0.1111111111111111,2.5462400432023764,1.717418513315576,0.11168386656260938,0.5530268714446807,0.5118738767913585,PTPRS/EPHB3/NIN,3
GO:0042278,purine nucleoside metabolic process,3/823,27/18860,0.1111111111111111,2.5462400432023764,1.717418513315576,0.11168386656260938,0.5530268714446807,0.5118738767913585,GNMT/ENPP4/ADA,3
GO:0042745,circadian sleep/wake cycle,3/823,27/18860,0.1111111111111111,2.5462400432023764,1.717418513315576,0.11168386656260938,0.5530268714446807,0.5118738767913585,GHRL/ADA/GABRB3,3
GO:0042983,amyloid precursor protein biosynthetic process,3/823,27/18860,0.1111111111111111,2.5462400432023764,1.717418513315576,0.11168386656260938,0.5530268714446807,0.5118738767913585,ITM2A/ABCA2/NECAB3,3
GO:0042984,regulation of amyloid precursor protein biosynthetic process,3/823,27/18860,0.1111111111111111,2.5462400432023764,1.717418513315576,0.11168386656260938,0.5530268714446807,0.5118738767913585,ITM2A/ABCA2/NECAB3,3
GO:0071379,cellular response to prostaglandin stimulus,3/823,27/18860,0.1111111111111111,2.5462400432023764,1.717418513315576,0.11168386656260938,0.5530268714446807,0.5118738767913585,P2RY4/PRKAA2/PTGDR2,3
GO:0031669,cellular response to nutrient levels,17/823,282/18860,0.06028368794326241,1.3814706617374592,1.3786794836528076,0.1121259422457672,0.5538215905602645,0.5126094576024527,GPR155/FOLR1/GABARAPL1/LAMP2/GLUL/PAK3/PRKAA2/ULK1/ALB/PRKD1/ABCC8/RNF152/ASNS/PRKACB/FAM107A/POSTN/KCNJ11,17
GO:0033500,carbohydrate homeostasis,17/823,282/18860,0.06028368794326241,1.3814706617374592,1.3786794836528076,0.1121259422457672,0.5538215905602645,0.5126094576024527,IGF1R/PDE8B/FUT1/GHRL/LEPR/SLC2A4/OXCT1/PRKAA2/SLC29A1/SIDT2/PLA2G6/PPARGC1A/FOXA1/ABCC8/IGFBP5/PTPRN/GUCA2B,17
GO:0021549,cerebellum development,8/823,111/18860,0.07207207207207207,1.651615163158298,1.4707562815294661,0.11220437425218793,0.5538215905602645,0.5126094576024527,FZD4/PTF1A/PTPRS/SEZ6L2/CD3E/CBS/GABRB3/RORA,8
GO:0008406,gonad development,15/823,243/18860,0.06172839506172839,1.4145778017790978,1.389413220979837,0.11237506447682968,0.5540714984621463,0.5128407688337548,FZD4/REC8/AR/NUPR1/GATA6/BCL2L11/KITLG/KIT/MMP19/SIX4/FST/PTPRN/GAS2/AFP/AMHR2,15
GO:0002028,regulation of sodium ion transport,6/823,76/18860,0.07894736842105263,1.8091705570122145,1.5098365114988987,0.11408770235311683,0.5571215615688425,0.5156638642518933,FGF13/FXYD4/DMD/NEDD4L/ATP1B2/ADRB2,6
GO:0006801,superoxide metabolic process,6/823,76/18860,0.07894736842105263,1.8091705570122145,1.5098365114988987,0.11408770235311683,0.5571215615688425,0.5156638642518933,DUOX1/CBS/MT3/PON3/EDN1/SOD3,6
GO:0048488,synaptic vesicle endocytosis,6/823,76/18860,0.07894736842105263,1.8091705570122145,1.5098365114988987,0.11408770235311683,0.5571215615688425,0.5156638642518933,SH3GL2/DNAJC6/PACSIN1/ATP8A1/SLC2A4/PPP3CC,6
GO:1903036,positive regulation of response to wounding,6/823,76/18860,0.07894736842105263,1.8091705570122145,1.5098365114988987,0.11408770235311683,0.5571215615688425,0.5156638642518933,VEGFB/DUOX1/APOH/ENPP4/F2/HRG,6
GO:0006584,catecholamine metabolic process,5/823,59/18860,0.0847457627118644,1.9420474905780833,1.5480515671358346,0.11420086614173891,0.5571215615688425,0.5156638642518933,PDE1B/HDC/RNF180/KL/NPY,5
GO:0009712,catechol-containing compound metabolic process,5/823,59/18860,0.0847457627118644,1.9420474905780833,1.5480515671358346,0.11420086614173891,0.5571215615688425,0.5156638642518933,PDE1B/HDC/RNF180/KL/NPY,5
GO:0035315,hair cell differentiation,5/823,59/18860,0.0847457627118644,1.9420474905780833,1.5480515671358346,0.11420086614173891,0.5571215615688425,0.5156638642518933,ANKRD24/LHFPL5/WDPCP/KCNQ1/FGF20,5
GO:0042304,regulation of fatty acid biosynthetic process,5/823,59/18860,0.0847457627118644,1.9420474905780833,1.5480515671358346,0.11420086614173891,0.5571215615688425,0.5156638642518933,ACADL/APOA5/GPIHBP1/INSIG1/EDN1,5
GO:0046365,monosaccharide catabolic process,5/823,59/18860,0.0847457627118644,1.9420474905780833,1.5480515671358346,0.11420086614173891,0.5571215615688425,0.5156638642518933,FUT1/GALT/TKTL1/PGAM2/FUT9,5
GO:1903018,regulation of glycoprotein metabolic process,5/823,59/18860,0.0847457627118644,1.9420474905780833,1.5480515671358346,0.11420086614173891,0.5571215615688425,0.5156638642518933,IL33/ITM2A/ABCA2/NECAB3/RAMP1,5
GO:0062013,positive regulation of small molecule metabolic process,11/823,167/18860,0.0658682634730539,1.5094476902816483,1.4125226658664933,0.11436245337268519,0.5573207205015228,0.5158482029526554,PLIN5/PRKAA2/APOA5/GNAI1/PPARGC1A/SORBS1/ADM/GPIHBP1/PTH1R/INSIG1/EDN1,11
GO:0048145,regulation of fibroblast proliferation,7/823,94/18860,0.07446808510638298,1.7065225821462733,1.4668348292745899,0.1163599309126972,0.5660742759829733,0.5239503705169426,ZMIZ1/PDGFD/EGFR/CDK6/NUPR1/PLA2G1B/FBLN1,7
GO:0042632,cholesterol homeostasis,8/823,112/18860,0.07142857142857142,1.6368685992015275,1.4439709983283038,0.1165098634612611,0.5660742759829733,0.5239503705169426,ANGPTL3/FABP3/APOA5/CYP7B1/ABCA2/GPIHBP1/RORA/INSIG1,8
GO:0052652,cyclic purine nucleotide metabolic process,4/823,43/18860,0.09302325581395349,2.1317358501229196,1.587015629476616,0.11677198499150393,0.5660742759829733,0.5239503705169426,PDE8B/NPR3/ADCY1/RORA,4
GO:0061001,regulation of dendritic spine morphogenesis,4/823,43/18860,0.09302325581395349,2.1317358501229196,1.587015629476616,0.11677198499150393,0.5660742759829733,0.5239503705169426,DBN1/CUX2/KIF1A/CAMK2B,4
GO:2000008,regulation of protein localization to cell surface,4/823,43/18860,0.09302325581395349,2.1317358501229196,1.587015629476616,0.11677198499150393,0.5660742759829733,0.5239503705169426,ERBB4/NEDD4L/ABCA2/GPM6B,4
GO:0061351,neural precursor cell proliferation,11/823,168/18860,0.06547619047619048,1.5004628826014004,1.3917964453598872,0.117857127889214,0.5702151862243293,0.5277831386664373,SMARCD3/FGF13/CDH2/DBN1/PTPRZ1/TOX/NES/RORA/ZNF503/RASSF10/ID4,11
GO:0035265,organ growth,12/823,187/18860,0.06417112299465241,1.470555746876239,1.3813442737310133,0.11787330176771617,0.5702151862243293,0.5277831386664373,KCNK2/ERBB4/LEPR/ACVR2B/AR/SORBS2/GATA6/CACNA2D2/BCL2L11/FGF20/EDN1/PSAPL1,12
GO:0001952,regulation of cell-matrix adhesion,9/823,131/18860,0.06870229007633588,1.574392698468645,1.4091731473886284,0.11938750589514259,0.5739794319792505,0.5312672714767175,FUT1/CDK6/CD3E/WDPCP/EFEMP2/HRG/FAM107A/POSTN/GPM6B,9
GO:0015711,organic anion transport,26/823,466/18860,0.055793991416309016,1.278584056028661,1.30073318301048,0.11988308757766167,0.5739794319792505,0.5312672714767175,SLC26A7/SLC16A7/KCNK2/FOLR1/SLC1A2/FABP3/SLC2A4/SLC13A3/RBP7/SLC4A2/PLA2G1B/SLC22A10/SLC22A12/SLC26A9/CA4/ABCC8/SLC10A1/ABCC5/SLC16A10/KCNJ10/SLC25A47/FOLR3/EDN1/KCNJ8/SLC6A5/SLC22A13,26
GO:0007178,cell surface receptor protein serine/threonine kinase signaling pathway,25/823,446/18860,0.05605381165919283,1.284538138386849,1.2990053536328896,0.12070351144137924,0.5739794319792505,0.5312672714767175,GDF5/GPR155/FOLR1/ZMIZ1/RGMB/SMAD5/ACVR2B/PDCD4/RBPMS2/TGFB1I1/GPC3/GREM2/BMPER/FMOD/CHST11/CFC1/FST/SMAD9/GCNT2/TGFB3/TFAP2B/SOSTDC1/DAND5/AMHR2/DKK1,25
GO:0046328,regulation of JNK cascade,10/823,150/18860,0.06666666666666667,1.5277440259214257,1.3861465768143755,0.12088739359317972,0.5739794319792505,0.5312672714767175,IGF1R/DUSP19/MBIP/TPD52L1/GADD45B/MECOM/PDCD4/CBS/EDN1/DKK1,10
GO:0055092,sterol homeostasis,8/823,113/18860,0.07079646017699115,1.6223830363767353,1.4174513905474768,0.1209027423737889,0.5739794319792505,0.5312672714767175,ANGPTL3/FABP3/APOA5/CYP7B1/ABCA2/GPIHBP1/RORA/INSIG1,8
GO:0030431,sleep,3/823,28/18860,0.10714285714285714,2.455302898802291,1.6461192079175362,0.12124136338283749,0.5739794319792505,0.5312672714767175,GHRL/ADA/GABRB3,3
GO:0048745,smooth muscle tissue development,3/823,28/18860,0.10714285714285714,2.455302898802291,1.6461192079175362,0.12124136338283749,0.5739794319792505,0.5312672714767175,EFEMP2/TFAP2B/SIX1,3
GO:0072010,glomerular epithelium development,3/823,28/18860,0.10714285714285714,2.455302898802291,1.6461192079175362,0.12124136338283749,0.5739794319792505,0.5312672714767175,NPHS1/LAMB2/EDN1,3
GO:1902652,secondary alcohol metabolic process,11/823,169/18860,0.0650887573964497,1.4915844040061257,1.3712046419531363,0.12141156365261195,0.5739794319792505,0.5312672714767175,ANGPTL3/ACADL/TM7SF2/LEPR/PRKAA2/APOA5/CYP7B1/GNAI1/SULT2A1/IDH2/INSIG1,11
GO:0006241,CTP biosynthetic process,2/823,14/18860,0.14285714285714285,3.273737198403055,1.8179075217718408,0.12245682921289434,0.5739794319792505,0.5312672714767175,NME9/NME3,2
GO:0006563,L-serine metabolic process,2/823,14/18860,0.14285714285714285,3.273737198403055,1.8179075217718408,0.12245682921289434,0.5739794319792505,0.5312672714767175,CBS/PHGDH,2
GO:0007567,parturition,2/823,14/18860,0.14285714285714285,3.273737198403055,1.8179075217718408,0.12245682921289434,0.5739794319792505,0.5312672714767175,LDOC1/EDN1,2
GO:0010635,regulation of mitochondrial fusion,2/823,14/18860,0.14285714285714285,3.273737198403055,1.8179075217718408,0.12245682921289434,0.5739794319792505,0.5312672714767175,BNIP3/PLD6,2
GO:0014733,regulation of skeletal muscle adaptation,2/823,14/18860,0.14285714285714285,3.273737198403055,1.8179075217718408,0.12245682921289434,0.5739794319792505,0.5312672714767175,IGFBP5/CAMK2B,2
GO:0030238,male sex determination,2/823,14/18860,0.14285714285714285,3.273737198403055,1.8179075217718408,0.12245682921289434,0.5739794319792505,0.5312672714767175,AR/SIX4,2
GO:0032352,positive regulation of hormone metabolic process,2/823,14/18860,0.14285714285714285,3.273737198403055,1.8179075217718408,0.12245682921289434,0.5739794319792505,0.5312672714767175,HPN/ADM,2
GO:0033148,positive regulation of intracellular estrogen receptor signaling pathway,2/823,14/18860,0.14285714285714285,3.273737198403055,1.8179075217718408,0.12245682921289434,0.5739794319792505,0.5312672714767175,AR/FOXA1,2
GO:0035437,maintenance of protein localization in endoplasmic reticulum,2/823,14/18860,0.14285714285714285,3.273737198403055,1.8179075217718408,0.12245682921289434,0.5739794319792505,0.5312672714767175,PDIA2/INSIG1,2
GO:0035933,glucocorticoid secretion,2/823,14/18860,0.14285714285714285,3.273737198403055,1.8179075217718408,0.12245682921289434,0.5739794319792505,0.5312672714767175,GHRL/KCNQ1,2
GO:0036065,fucosylation,2/823,14/18860,0.14285714285714285,3.273737198403055,1.8179075217718408,0.12245682921289434,0.5739794319792505,0.5312672714767175,FUT1/FUT9,2
GO:0045989,positive regulation of striated muscle contraction,2/823,14/18860,0.14285714285714285,3.273737198403055,1.8179075217718408,0.12245682921289434,0.5739794319792505,0.5312672714767175,KCNQ1/CHGA,2
GO:0046348,amino sugar catabolic process,2/823,14/18860,0.14285714285714285,3.273737198403055,1.8179075217718408,0.12245682921289434,0.5739794319792505,0.5312672714767175,CHIA/ALDH1A1,2
GO:0048103,somatic stem cell division,2/823,14/18860,0.14285714285714285,3.273737198403055,1.8179075217718408,0.12245682921289434,0.5739794319792505,0.5312672714767175,VANGL2/FUT9,2
GO:0051608,histamine transport,2/823,14/18860,0.14285714285714285,3.273737198403055,1.8179075217718408,0.12245682921289434,0.5739794319792505,0.5312672714767175,SLC18A2/EDN1,2
GO:0061469,regulation of type B pancreatic cell proliferation,2/823,14/18860,0.14285714285714285,3.273737198403055,1.8179075217718408,0.12245682921289434,0.5739794319792505,0.5312672714767175,NUPR1/PTPRN,2
GO:0070944,neutrophil-mediated killing of bacterium,2/823,14/18860,0.14285714285714285,3.273737198403055,1.8179075217718408,0.12245682921289434,0.5739794319792505,0.5312672714767175,SCNN1B/F2,2
GO:0072075,metanephric mesenchyme development,2/823,14/18860,0.14285714285714285,3.273737198403055,1.8179075217718408,0.12245682921289434,0.5739794319792505,0.5312672714767175,SIX4/SIX1,2
GO:0099509,regulation of presynaptic cytosolic calcium ion concentration,2/823,14/18860,0.14285714285714285,3.273737198403055,1.8179075217718408,0.12245682921289434,0.5739794319792505,0.5312672714767175,ERC2/NPY,2
GO:1900025,negative regulation of substrate adhesion-dependent cell spreading,2/823,14/18860,0.14285714285714285,3.273737198403055,1.8179075217718408,0.12245682921289434,0.5739794319792505,0.5312672714767175,FBLN1/POSTN,2
GO:1905208,negative regulation of cardiocyte differentiation,2/823,14/18860,0.14285714285714285,3.273737198403055,1.8179075217718408,0.12245682921289434,0.5739794319792505,0.5312672714767175,EGFR/DKK1,2
GO:0044706,multi-multicellular organism process,14/823,227/18860,0.06167400881057269,1.413331477724667,1.3382803848537896,0.12250698602374036,0.5739794319792505,0.5312672714767175,IGFBP2/GHRL/EPOR/SERPINA5/ACVR2B/AR/LDOC1/CBS/STOX2/ABCC8/IGFBP5/SYDE1/FBLN1/EDN1,14
GO:0010977,negative regulation of neuron projection development,9/823,132/18860,0.06818181818181818,1.5624654810560035,1.3852055887712713,0.12348702480401741,0.5770141115361049,0.5340761280979675,FGF13/PTPRS/ULK1/ULK2/MT3/FIGNL2/DENND5A/NTN1/DKK1,9
GO:0009743,response to carbohydrate,15/823,247/18860,0.06072874493927125,1.3916696592401652,1.323540738289734,0.12393688507739987,0.5770141115361049,0.5340761280979675,IGF1R/PDE8B/GLUL/FUT1/GHRL/ACVR2B/OXCT1/PRKAA2/SLC29A1/SIDT2/COLEC12/PLA2G6/ABCC8/PTPRN/GUCA2B,15
GO:0009187,cyclic nucleotide metabolic process,4/823,44/18860,0.09090909090909091,2.0832873080746714,1.5366799903097876,0.12427996248469952,0.5770141115361049,0.5340761280979675,PDE8B/NPR3/ADCY1/RORA,4
GO:0030501,positive regulation of bone mineralization,4/823,44/18860,0.09090909090909091,2.0832873080746714,1.5366799903097876,0.12427996248469952,0.5770141115361049,0.5340761280979675,ACVR2B/KL/ADRB2/GPM6B,4
GO:0045745,positive regulation of G protein-coupled receptor signaling pathway,4/823,44/18860,0.09090909090909091,2.0832873080746714,1.5366799903097876,0.12427996248469952,0.5770141115361049,0.5340761280979675,PTGDR2/CHGA/F2/EDN1,4
GO:0051938,L-glutamate import,4/823,44/18860,0.09090909090909091,2.0832873080746714,1.5366799903097876,0.12427996248469952,0.5770141115361049,0.5340761280979675,SLC1A2/ABCC8/KCNJ10/KCNJ8,4
GO:0060416,response to growth hormone,4/823,44/18860,0.09090909090909091,2.0832873080746714,1.5366799903097876,0.12427996248469952,0.5770141115361049,0.5340761280979675,GHR/GHRL/CSH1/IGFBP5,4
GO:0071542,dopaminergic neuron differentiation,4/823,44/18860,0.09090909090909091,2.0832873080746714,1.5366799903097876,0.12427996248469952,0.5770141115361049,0.5340761280979675,FOXA1/FGF20/FERD3L/DKK1,4
GO:2000378,negative regulation of reactive oxygen species metabolic process,4/823,44/18860,0.09090909090909091,2.0832873080746714,1.5366799903097876,0.12427996248469952,0.5770141115361049,0.5340761280979675,PLIN5/MT3/PON3/SLC18A2,4
GO:0046470,phosphatidylcholine metabolic process,6/823,78/18860,0.07692307692307693,1.762781568370876,1.441961512654027,0.12494044899059678,0.5783351776244775,0.5352988882477344,TMEM86B/FABP3/PRKAA2/PLA2G1B/PLA2G6/PNPLA7,6
GO:0050772,positive regulation of axonogenesis,6/823,78/18860,0.07692307692307693,1.762781568370876,1.441961512654027,0.12494044899059678,0.5783351776244775,0.5352988882477344,ROBO3/NIN/ZFYVE27/NEFL/CHODL/NTN1,6
GO:2000242,negative regulation of reproductive process,6/823,78/18860,0.07692307692307693,1.762781568370876,1.441961512654027,0.12494044899059678,0.5783351776244775,0.5352988882477344,PTGDR2/KIT/ADA/SYCP2/NLRP5/SPINK13,6
GO:0048144,fibroblast proliferation,8/823,114/18860,0.07017543859649122,1.6081516062330794,1.391192003410461,0.1253821311899703,0.5797981317051232,0.5366529779231088,ZMIZ1/PDGFD/EGFR/CDK6/NUPR1/PLA2G1B/FBLN1/KCNJ8,8
GO:0009612,response to mechanical stimulus,14/823,228/18860,0.06140350877192982,1.4071326554539445,1.3211457097728876,0.12561404866067727,0.5801977042883262,0.5370228166737817,GDF5/CDH2/KCNK2/IGFBP2/DMD/HPN/BNIP3/RYR2/KIT/LHFPL5/KCNQ1/EDN1/POSTN/ATP8A2,14
GO:0008306,associative learning,7/823,96/18860,0.07291666666666667,1.6709700283515596,1.4078394174498825,0.12612469079256491,0.5801977042883262,0.5370228166737817,DRD5/DEAF1/PDE1B/PDE8B/B3GAT1/KIT/ABCC8,7
GO:0045104,intermediate filament cytoskeleton organization,7/823,96/18860,0.07291666666666667,1.6709700283515596,1.4078394174498825,0.12612469079256491,0.5801977042883262,0.5370228166737817,INA/NEFL/NES/KRT26/KRT73/KRT9/ATP8A2,7
GO:0060996,dendritic spine development,7/823,96/18860,0.07291666666666667,1.6709700283515596,1.4078394174498825,0.12612469079256491,0.5801977042883262,0.5370228166737817,PTPRS/DBN1/EPHB3/PAK3/CUX2/KIF1A/CAMK2B,7
GO:2000177,regulation of neural precursor cell proliferation,7/823,96/18860,0.07291666666666667,1.6709700283515596,1.4078394174498825,0.12612469079256491,0.5801977042883262,0.5370228166737817,SMARCD3/CDH2/PTPRZ1/TOX/NES/RASSF10/ID4,7
GO:0001658,branching involved in ureteric bud morphogenesis,5/823,61/18860,0.08196721311475409,1.8783738023624084,1.4677565028614807,0.12672573909482834,0.5801977042883262,0.5370228166737817,GPC3/WNT6/SIX4/TMEM59L/SIX1,5
GO:0001954,positive regulation of cell-matrix adhesion,5/823,61/18860,0.08196721311475409,1.8783738023624084,1.4677565028614807,0.12672573909482834,0.5801977042883262,0.5370228166737817,FUT1/CDK6/CD3E/EFEMP2/HRG,5
GO:0042733,embryonic digit morphogenesis,5/823,61/18860,0.08196721311475409,1.8783738023624084,1.4677565028614807,0.12672573909482834,0.5801977042883262,0.5370228166737817,FREM2/BCL2L11/WDPCP/CHST11/ZBTB16,5
GO:0060986,endocrine hormone secretion,5/823,61/18860,0.08196721311475409,1.8783738023624084,1.4677565028614807,0.12672573909482834,0.5801977042883262,0.5370228166737817,FZD4/GHRL/C1QTNF3/KCNQ1/TRPV6,5
GO:0070231,T cell apoptotic process,5/823,61/18860,0.08196721311475409,1.8783738023624084,1.4677565028614807,0.12672573909482834,0.5801977042883262,0.5370228166737817,ST3GAL1/TSC22D3/BCL2L11/RORC/ADA,5
GO:0045137,development of primary sexual characteristics,15/823,248/18860,0.06048387096774194,1.3860580880335516,1.3072512602784099,0.12693152780587016,0.580563925494639,0.5373617858601233,FZD4/REC8/AR/NUPR1/GATA6/BCL2L11/KITLG/KIT/MMP19/SIX4/FST/PTPRN/GAS2/AFP/AMHR2,15
GO:0051384,response to glucocorticoid,9/823,133/18860,0.06766917293233082,1.5507176202961839,1.3614377309242935,0.12766135028735096,0.5827469155055635,0.5393823306430009,GHR/IGFBP2/ALAD/BCL2L11/NEFL/SSTR2/FAM107A/EDN1/CDO1,9
GO:0062014,negative regulation of small molecule metabolic process,9/823,133/18860,0.06766917293233082,1.5507176202961839,1.3614377309242935,0.12766135028735096,0.5827469155055635,0.5393823306430009,PLIN5/ACADL/LEPR/SIRT4/NUPR1/C1QTNF3/FMO2/INSIG1/SLC22A13,9
GO:0050730,regulation of peptidyl-tyrosine phosphorylation,6/823,79/18860,0.0759493670886076,1.740467877632004,1.4087616079654655,0.13054913638496096,0.5928437307346526,0.548727800495232,VEGFB/ERBB4/EGFR/CTF1/KIT/HRG,6
GO:0034695,response to prostaglandin E,3/823,29/18860,0.10344827586206896,2.370637281602212,1.5778362989945658,0.13108587868479177,0.5928437307346526,0.548727800495232,P2RY4/PRKAA2/GNAI1,3
GO:0042178,xenobiotic catabolic process,3/823,29/18860,0.10344827586206896,2.370637281602212,1.5778362989945658,0.13108587868479177,0.5928437307346526,0.548727800495232,GSTM2/CYP2C8/GSTM3,3
GO:0045686,negative regulation of glial cell differentiation,3/823,29/18860,0.10344827586206896,2.370637281602212,1.5778362989945658,0.13108587868479177,0.5928437307346526,0.548727800495232,DAAM2/F2/ID4,3
GO:0045907,positive regulation of vasoconstriction,3/823,29/18860,0.10344827586206896,2.370637281602212,1.5778362989945658,0.13108587868479177,0.5928437307346526,0.548727800495232,FGA/FGB/FGG,3
GO:0048520,positive regulation of behavior,3/823,29/18860,0.10344827586206896,2.370637281602212,1.5778362989945658,0.13108587868479177,0.5928437307346526,0.548727800495232,GHRL/RXFP4/NPY,3
GO:0014020,primary neural tube formation,7/823,97/18860,0.07216494845360824,1.6537435332139143,1.3788570023168882,0.13115784378766637,0.5928437307346526,0.548727800495232,DEAF1/FOLR1/CELSR1/ADM/PTK7/PRKACB/VANGL2,7
GO:0021675,nerve development,7/823,97/18860,0.07216494845360824,1.6537435332139143,1.3788570023168882,0.13115784378766637,0.5928437307346526,0.548727800495232,NRTN/LRIG1/GABRB3/SIX4/GABRB2/EDN1/SIX1,7
GO:0045103,intermediate filament-based process,7/823,97/18860,0.07216494845360824,1.6537435332139143,1.3788570023168882,0.13115784378766637,0.5928437307346526,0.548727800495232,INA/NEFL/NES/KRT26/KRT73/KRT9/ATP8A2,7
GO:0045666,positive regulation of neuron differentiation,7/823,97/18860,0.07216494845360824,1.6537435332139143,1.3788570023168882,0.13115784378766637,0.5928437307346526,0.548727800495232,GDF5/DMD/FOXA1/IRX3/FGF20/DUOXA1/DKK1,7
GO:0021987,cerebral cortex development,9/823,134/18860,0.06716417910447761,1.5391451007417347,1.3378660957541408,0.1319097762336033,0.5942615915179486,0.5500401524502104,FGF13/CDH2/ZMIZ1/PTPRS/EGFR/BNIP3/NEFL/KIF26A/NPY,9
GO:0034219,carbohydrate transmembrane transport,9/823,134/18860,0.06716417910447761,1.5391451007417347,1.3378660957541408,0.1319097762336033,0.5942615915179486,0.5500401524502104,SLC2A12/PTPRM/SLC1A2/SLC5A2/SLC2A4/GPC3/PLA2G1B/SORBS1/EDN1,9
GO:0045055,regulated exocytosis,14/823,230/18860,0.06086956521739131,1.3948967193195625,1.287117252279009,0.13196237789746992,0.5942615915179486,0.5500401524502104,SYNGR1/RIMS4/RAB26/RAPGEF4/SYN2/KIT/ERC2/CHGA/SCAMP5/RIMS3/SLC18A2/NLRP5/TRPV6/NPY,14
GO:0120033,negative regulation of plasma membrane bounded cell projection assembly,4/823,45/18860,0.08888888888888889,2.036992034561901,1.4876701919013835,0.131986593999111,0.5942615915179486,0.5500401524502104,RAP1GAP/ARHGAP24/EVL/HRG,4
GO:0003229,ventricular cardiac muscle tissue development,5/823,62/18860,0.08064516129032258,1.8480774507114022,1.4287381236941021,0.1332145704302428,0.5964467028764181,0.5520626607224735,MYBPC3/RYR2/IRX3/KCNJ8/KCNJ11,5
GO:0045599,negative regulation of fat cell differentiation,5/823,62/18860,0.08064516129032258,1.8480774507114022,1.4287381236941021,0.1332145704302428,0.5964467028764181,0.5520626607224735,TGFB1I1/TRIB2/RORA/ID4/INSIG1,5
GO:0051937,catecholamine transport,5/823,62/18860,0.08064516129032258,1.8480774507114022,1.4287381236941021,0.1332145704302428,0.5964467028764181,0.5520626607224735,SLC6A2/CHGA/FGF20/FFAR3/SLC18A2,5
GO:1900024,regulation of substrate adhesion-dependent cell spreading,5/823,62/18860,0.08064516129032258,1.8480774507114022,1.4287381236941021,0.1332145704302428,0.5964467028764181,0.5520626607224735,FGA/FGB/FGG/FBLN1/POSTN,5
GO:1903532,positive regulation of secretion by cell,18/823,310/18860,0.05806451612903226,1.3306157645122096,1.2537459497737713,0.1340560319063023,0.5964467028764181,0.5520626607224735,FGA/FGB/FGG/TMEM132A/MYRIP/GHRL/CHRM3/RAPGEF4/OXCT1/PRKD1/PLA2G1B/C1QTNF3/PLA2G6/ABCC8/F2/TGFB3/SCAMP5/EDN1,18
GO:0051345,positive regulation of hydrolase activity,8/823,116/18860,0.06896551724137931,1.5804248544014747,1.3394328722521849,0.13459656110156237,0.5964467028764181,0.5520626607224735,RAP1GAP/PLIN5/APC2/ASAP3/RGS7/ODAM/SYDE1/PRTN3,8
GO:0010827,regulation of D-glucose transmembrane transport,6/823,80/18860,0.075,1.7187120291616038,1.3760341382206898,0.1362763178002181,0.5964467028764181,0.5520626607224735,PTPRM/SLC1A2/GPC3/PLA2G1B/SORBS1/EDN1,6
GO:0140238,presynaptic endocytosis,6/823,80/18860,0.075,1.7187120291616038,1.3760341382206898,0.1362763178002181,0.5964467028764181,0.5520626607224735,SH3GL2/DNAJC6/PACSIN1/ATP8A1/SLC2A4/PPP3CC,6
GO:0140962,multicellular organismal-level chemical homeostasis,6/823,80/18860,0.075,1.7187120291616038,1.3760341382206898,0.1362763178002181,0.5964467028764181,0.5520626607224735,AQP4/SFTPD/SCNN1B/TF/SCNN1G/PRKACB,6
GO:0055006,cardiac cell development,7/823,98/18860,0.07142857142857142,1.6368685992015275,1.3502071510146354,0.13628952959314164,0.5964467028764181,0.5520626607224735,OBSL1/PDCD4/SORBS2/NRAP/NEBL/ALPK3/EDN1,7
GO:0042060,wound healing,25/823,453/18860,0.05518763796909492,1.2646887631799881,1.218064243757864,0.13633845778374776,0.5964467028764181,0.5520626607224735,DRD5/FGA/FGB/FGG/VEGFB/DGKD/ARHGAP24/DUOX1/APOH/ENPP4/CELA2A/PDIA2/FIGNL2/FGL1/SERPIND1/ODAM/PTK7/VANGL2/F2/VAV3/FBLN1/PROC/HRG/EDN1/PRSS56,25
GO:0005513,detection of calcium ion,2/823,15/18860,0.13333333333333333,3.0554880518428513,1.701138252881246,0.13738306503957365,0.5964467028764181,0.5520626607224735,KCNMB2/RYR2,2
GO:0009080,pyruvate family amino acid catabolic process,2/823,15/18860,0.13333333333333333,3.0554880518428513,1.701138252881246,0.13738306503957365,0.5964467028764181,0.5520626607224735,ALDH6A1/GPT2,2
GO:0009209,pyrimidine ribonucleoside triphosphate biosynthetic process,2/823,15/18860,0.13333333333333333,3.0554880518428513,1.701138252881246,0.13738306503957365,0.5964467028764181,0.5520626607224735,NME9/NME3,2
GO:0010454,negative regulation of cell fate commitment,2/823,15/18860,0.13333333333333333,3.0554880518428513,1.701138252881246,0.13738306503957365,0.5964467028764181,0.5520626607224735,SOSTDC1/DKK1,2
GO:0010457,centriole-centriole cohesion,2/823,15/18860,0.13333333333333333,3.0554880518428513,1.701138252881246,0.13738306503957365,0.5964467028764181,0.5520626607224735,NIN/CCDC102B,2
GO:0042428,serotonin metabolic process,2/823,15/18860,0.13333333333333333,3.0554880518428513,1.701138252881246,0.13738306503957365,0.5964467028764181,0.5520626607224735,PDE1B/RNF180,2
GO:0043374,"CD8-positive, alpha-beta T cell differentiation",2/823,15/18860,0.13333333333333333,3.0554880518428513,1.701138252881246,0.13738306503957365,0.5964467028764181,0.5520626607224735,SLC4A2/TOX,2
GO:0045059,positive thymic T cell selection,2/823,15/18860,0.13333333333333333,3.0554880518428513,1.701138252881246,0.13738306503957365,0.5964467028764181,0.5520626607224735,CD3E/TOX,2
GO:0046321,positive regulation of fatty acid oxidation,2/823,15/18860,0.13333333333333333,3.0554880518428513,1.701138252881246,0.13738306503957365,0.5964467028764181,0.5520626607224735,PLIN5/PPARGC1A,2
GO:0046655,folic acid metabolic process,2/823,15/18860,0.13333333333333333,3.0554880518428513,1.701138252881246,0.13738306503957365,0.5964467028764181,0.5520626607224735,FOLR1/ALDH1L2,2
GO:0048070,regulation of developmental pigmentation,2/823,15/18860,0.13333333333333333,3.0554880518428513,1.701138252881246,0.13738306503957365,0.5964467028764181,0.5520626607224735,BCL2L11/KITLG,2
GO:0048681,negative regulation of axon regeneration,2/823,15/18860,0.13333333333333333,3.0554880518428513,1.701138252881246,0.13738306503957365,0.5964467028764181,0.5520626607224735,PTPRS/FIGNL2,2
GO:0048715,negative regulation of oligodendrocyte differentiation,2/823,15/18860,0.13333333333333333,3.0554880518428513,1.701138252881246,0.13738306503957365,0.5964467028764181,0.5520626607224735,DAAM2/ID4,2
GO:0060572,morphogenesis of an epithelial bud,2/823,15/18860,0.13333333333333333,3.0554880518428513,1.701138252881246,0.13738306503957365,0.5964467028764181,0.5520626607224735,AR/SOSTDC1,2
GO:0061307,cardiac neural crest cell differentiation involved in heart development,2/823,15/18860,0.13333333333333333,3.0554880518428513,1.701138252881246,0.13738306503957365,0.5964467028764181,0.5520626607224735,FOLR1/EDN1,2
GO:0061308,cardiac neural crest cell development involved in heart development,2/823,15/18860,0.13333333333333333,3.0554880518428513,1.701138252881246,0.13738306503957365,0.5964467028764181,0.5520626607224735,FOLR1/EDN1,2
GO:0070243,regulation of thymocyte apoptotic process,2/823,15/18860,0.13333333333333333,3.0554880518428513,1.701138252881246,0.13738306503957365,0.5964467028764181,0.5520626607224735,RORC/ADA,2
GO:0090153,regulation of sphingolipid biosynthetic process,2/823,15/18860,0.13333333333333333,3.0554880518428513,1.701138252881246,0.13738306503957365,0.5964467028764181,0.5520626607224735,ABCA2/PLA2G6,2
GO:0141212,phospholipase C/protein kinase C signal transduction,2/823,15/18860,0.13333333333333333,3.0554880518428513,1.701138252881246,0.13738306503957365,0.5964467028764181,0.5520626607224735,DGKD/EDN1,2
GO:1902093,positive regulation of flagellated sperm motility,2/823,15/18860,0.13333333333333333,3.0554880518428513,1.701138252881246,0.13738306503957365,0.5964467028764181,0.5520626607224735,TAC4/DEFB1,2
GO:1905809,negative regulation of synapse organization,2/823,15/18860,0.13333333333333333,3.0554880518428513,1.701138252881246,0.13738306503957365,0.5964467028764181,0.5520626607224735,PTPN13/DKK1,2
GO:2000052,positive regulation of non-canonical Wnt signaling pathway,2/823,15/18860,0.13333333333333333,3.0554880518428513,1.701138252881246,0.13738306503957365,0.5964467028764181,0.5520626607224735,GPC3/DKK1,2
GO:2000155,positive regulation of cilium-dependent cell motility,2/823,15/18860,0.13333333333333333,3.0554880518428513,1.701138252881246,0.13738306503957365,0.5964467028764181,0.5520626607224735,TAC4/DEFB1,2
GO:2000288,positive regulation of myoblast proliferation,2/823,15/18860,0.13333333333333333,3.0554880518428513,1.701138252881246,0.13738306503957365,0.5964467028764181,0.5520626607224735,GATA6/SIX1,2
GO:2000671,regulation of motor neuron apoptotic process,2/823,15/18860,0.13333333333333333,3.0554880518428513,1.701138252881246,0.13738306503957365,0.5964467028764181,0.5520626607224735,RAPSN/NEFL,2
GO:2001138,regulation of phospholipid transport,2/823,15/18860,0.13333333333333333,3.0554880518428513,1.701138252881246,0.13738306503957365,0.5964467028764181,0.5520626607224735,ATP8A1/ATP8A2,2
GO:2001140,positive regulation of phospholipid transport,2/823,15/18860,0.13333333333333333,3.0554880518428513,1.701138252881246,0.13738306503957365,0.5964467028764181,0.5520626607224735,ATP8A1/ATP8A2,2
GO:0002931,response to ischemia,5/823,63/18860,0.07936507936507936,1.818742888001697,1.3904348350140234,0.1398490708168086,0.6010855944123773,0.5563563533387529,RNLS/NPR3/SLC8A2/KCNJ8/KCNJ11,5
GO:0014009,glial cell proliferation,5/823,63/18860,0.07936507936507936,1.818742888001697,1.3904348350140234,0.1398490708168086,0.6010855944123773,0.5563563533387529,LEPR/IL33/ABCC8/IDH2/NTN1,5
GO:0048010,vascular endothelial growth factor receptor signaling pathway,5/823,63/18860,0.07936507936507936,1.818742888001697,1.3904348350140234,0.1398490708168086,0.6010855944123773,0.5563563533387529,PDCD6/VEGFB/FZD4/PRKD1/MT3,5
GO:0070228,regulation of lymphocyte apoptotic process,5/823,63/18860,0.07936507936507936,1.818742888001697,1.3904348350140234,0.1398490708168086,0.6010855944123773,0.5563563533387529,ST3GAL1/TSC22D3/BCL2L11/RORC/ADA,5
GO:0070542,response to fatty acid,5/823,63/18860,0.07936507936507936,1.818742888001697,1.3904348350140234,0.1398490708168086,0.6010855944123773,0.5563563533387529,KCNK2/ALAD/FABP3/FFAR3/EDN1,5
GO:0097479,synaptic vesicle localization,5/823,63/18860,0.07936507936507936,1.818742888001697,1.3904348350140234,0.1398490708168086,0.6010855944123773,0.5563563533387529,CDH2/SLC2A4/SYN2/KIF5C/SYNDIG1,5
GO:0010828,positive regulation of D-glucose transmembrane transport,4/823,46/18860,0.08695652173913043,1.9927095990279466,1.4399176744332547,0.13988427484266375,0.6010855944123773,0.5563563533387529,PTPRM/SLC1A2/GPC3/SORBS1,4
GO:0014075,response to amine,4/823,46/18860,0.08695652173913043,1.9927095990279466,1.4399176744332547,0.13988427484266375,0.6010855944123773,0.5563563533387529,DRD5/PDE1B/SLC18A2/EDN1,4
GO:0021762,substantia nigra development,4/823,46/18860,0.08695652173913043,1.9927095990279466,1.4399176744332547,0.13988427484266375,0.6010855944123773,0.5563563533387529,CKB/INA/SYPL2/S100A1,4
GO:0050432,catecholamine secretion,4/823,46/18860,0.08695652173913043,1.9927095990279466,1.4399176744332547,0.13988427484266375,0.6010855944123773,0.5563563533387529,CHGA/FGF20/FFAR3/SLC18A2,4
GO:0050919,negative chemotaxis,4/823,46/18860,0.08695652173913043,1.9927095990279466,1.4399176744332547,0.13988427484266375,0.6010855944123773,0.5563563533387529,ROBO3/FLRT3/SEMA3D/NTN1,4
GO:0021782,glial cell development,9/823,136/18860,0.0661764705882353,1.516510613966121,1.2912980155353073,0.14062584057601363,0.6022497440174046,0.5574338738034164,WASF3/CDK6/LAMB2/ABCA2/MAL/PHGDH/KCNJ10/ID4/GPM6B,9
GO:0001503,ossification,25/823,455/18860,0.054945054945054944,1.2591296916934827,1.1951765431755725,0.14101707339963016,0.6022497440174046,0.5574338738034164,RANBP3L/GDF5/IGFBP2/COL2A1/EGFR/SMAD5/LRRC17/CDK6/ACVR2B/GPC3/CBS/KL/PRKD1/IGFBP5/GFRA4/SOX2/ZBTB16/SMAD9/PTH1R/ID4/SMOC1/CSGALNACT1/ADRB2/GPM6B/DKK1,25
GO:0007260,tyrosine phosphorylation of STAT protein,3/823,30/18860,0.1,2.2916160388821387,1.5123279961917708,0.14119918158761252,0.6022497440174046,0.5574338738034164,ERBB4/CTF1/KIT,3
GO:0035929,steroid hormone secretion,3/823,30/18860,0.1,2.2916160388821387,1.5123279961917708,0.14119918158761252,0.6022497440174046,0.5574338738034164,FZD4/GHRL/KCNQ1,3
GO:0060396,growth hormone receptor signaling pathway,3/823,30/18860,0.1,2.2916160388821387,1.5123279961917708,0.14119918158761252,0.6022497440174046,0.5574338738034164,GHR/GHRL/CSH1,3
GO:0099623,regulation of cardiac muscle cell membrane repolarization,3/823,30/18860,0.1,2.2916160388821387,1.5123279961917708,0.14119918158761252,0.6022497440174046,0.5574338738034164,KCNE2/KCNQ1/KCNE4,3
GO:1900027,regulation of ruffle assembly,3/823,30/18860,0.1,2.2916160388821387,1.5123279961917708,0.14119918158761252,0.6022497440174046,0.5574338738034164,ARHGAP24/EVL/WDPCP,3
GO:1902683,regulation of receptor localization to synapse,3/823,30/18860,0.1,2.2916160388821387,1.5123279961917708,0.14119918158761252,0.6022497440174046,0.5574338738034164,DBN1/ZDHHC2/CACNA2D2,3
GO:0010657,muscle cell apoptotic process,7/823,99/18860,0.0707070707070707,1.6203345729469667,1.321881994515284,0.14151814668665136,0.6024965377849595,0.5576623026358819,GRIA4/BNIP3/PDCD4/SIRT4/NUPR1/APOH/EDN1,7
GO:0061337,cardiac conduction,7/823,99/18860,0.0707070707070707,1.6203345729469667,1.321881994515284,0.14151814668665136,0.6024965377849595,0.5576623026358819,KCNE2/RYR2/KCNQ1/IRX3/SLC8A2/ATP1B2/KCNE4,7
GO:0030177,positive regulation of Wnt signaling pathway,10/823,156/18860,0.0641025641025641,1.468984640309063,1.2564082136160757,0.14491697129067557,0.6158304074645191,0.5700039444582354,EDA/PPP2R3A/TMEM132A/EGFR/PBXIP1/DAAM2/GPC3/TBL1X/PTK7/DKK1,10
GO:1903531,negative regulation of secretion by cell,10/823,156/18860,0.0641025641025641,1.468984640309063,1.2564082136160757,0.14491697129067557,0.6158304074645191,0.5700039444582354,PDE8B/GHRL/GNAZ/SIRT4/GNAI1/ABCC8/CHGA/IDH2/EDN1/KCNJ11,10
GO:0050678,regulation of epithelial cell proliferation,23/823,416/18860,0.055288461538461536,1.266999252266567,1.176267909394127,0.1461223008304662,0.6180810271831554,0.5720870863452688,GDF5/RAP1GAP/PDCD6/VEGFB/DEAF1/PTPRM/FUT1/ERBB4/GHRL/EGFR/CDK6/HPN/AR/GPC3/NUPR1/CYP7B1/APOH/PRKD1/GATA6/ODAM/SIX4/PTPRN/SIX1,23
GO:0033619,membrane protein proteolysis,5/823,64/18860,0.078125,1.7903250303766707,1.3528202663767372,0.14662507635894279,0.6180810271831554,0.5720870863452688,RET/CWH43/PACSIN3/TIMP3/PRTN3,5
GO:0071869,response to catecholamine,5/823,64/18860,0.078125,1.7903250303766707,1.3528202663767372,0.14662507635894279,0.6180810271831554,0.5720870863452688,DRD5/APLP1/RNLS/PRKD1/HTR3E,5
GO:0060349,bone morphogenesis,7/823,100/18860,0.07,1.604131227217497,1.2938739315330412,0.1468420059167976,0.6180810271831554,0.5720870863452688,GHR/COL2A1/CBS/SP5/ATG9B/INSIG1/CSGALNACT1,7
GO:0060395,SMAD protein signal transduction,7/823,100/18860,0.07,1.604131227217497,1.2938739315330412,0.1468420059167976,0.6180810271831554,0.5720870863452688,GDF5/ZMIZ1/SMAD5/BMPER/SMAD9/TGFB3/DKK1,7
GO:0050680,negative regulation of epithelial cell proliferation,11/823,176/18860,0.0625,1.4322600243013366,1.2306755524666224,0.14793309448448125,0.6180810271831554,0.5720870863452688,GDF5/RAP1GAP/PTPRM/GHRL/CDK6/HPN/AR/GPC3/NUPR1/APOH/GATA6,11
GO:0090207,regulation of triglyceride metabolic process,4/823,47/18860,0.0851063829787234,1.9503115224528838,1.3933588857278303,0.14796517361901743,0.6180810271831554,0.5720870863452688,PLIN5/FUT1/APOA5/APOH,4
GO:0060840,artery development,8/823,119/18860,0.06722689075630252,1.5405822110132024,1.2636184134417814,0.14904099028698825,0.6180810271831554,0.5720870863452688,FOLR1/ZMIZ1/ANGPTL3/ACVR2B/EFEMP2/TFAP2B/EDN1/SIX1,8
GO:0030041,actin filament polymerization,10/823,157/18860,0.06369426751592357,1.4596280502434005,1.2353152689865643,0.1491458498605768,0.6180810271831554,0.5720870863452688,WASF3/NPHS1/CYFIP2/HIP1R/PAK3/DAAM2/EVL/KANK4/LMOD2/FAM107A,10
GO:0035107,appendage morphogenesis,10/823,157/18860,0.06369426751592357,1.4596280502434005,1.2353152689865643,0.1491458498605768,0.6180810271831554,0.5720870863452688,GDF5/COL2A1/FREM2/GPC3/BCL2L11/WDPCP/CHST11/ZBTB16/TFAP2B/DKK1,10
GO:0035108,limb morphogenesis,10/823,157/18860,0.06369426751592357,1.4596280502434005,1.2353152689865643,0.1491458498605768,0.6180810271831554,0.5720870863452688,GDF5/COL2A1/FREM2/GPC3/BCL2L11/WDPCP/CHST11/ZBTB16/TFAP2B/DKK1,10
GO:0008643,carbohydrate transport,9/823,138/18860,0.06521739130434782,1.49453219927096,1.24547522216709,0.14962852655533,0.6180810271831554,0.5720870863452688,SLC2A12/PTPRM/SLC1A2/SLC5A2/SLC2A4/GPC3/PLA2G1B/SORBS1/EDN1,9
GO:0035270,endocrine system development,9/823,138/18860,0.06521739130434782,1.49453219927096,1.24547522216709,0.14962852655533,0.6180810271831554,0.5720870863452688,RAP1GAP/CDH2/CDK6/GATA6/SIDT2/SOX2/PAX4/EDN1/SIX1,9
GO:0046942,carboxylic acid transport,20/823,356/18860,0.056179775280898875,1.2874247409450217,1.169481706881662,0.14963210442239483,0.6180810271831554,0.5720870863452688,SLC26A7/SLC16A7/KCNK2/FOLR1/SLC1A2/FABP3/SLC13A3/RBP7/PLA2G1B/SLC26A9/ABCC8/SLC10A1/ABCC5/SLC16A10/KCNJ10/FOLR3/EDN1/KCNJ8/SLC6A5/SLC22A13,20
GO:1903829,positive regulation of protein localization,25/823,459/18860,0.054466230936819175,1.2481568839227333,1.149711968646045,0.15065337230484105,0.6180810271831554,0.5720870863452688,FGA/FGB/FGG/TMEM132A/MYRIP/ERBB4/GHRL/EGFR/CHRM3/RAPGEF4/NMD3/OXCT1/ZDHHC2/PRKAA2/PRKD1/PLA2G1B/GNAI1/C1QTNF3/PLA2G6/SORBS1/ABCC8/F2/TGFB3/GLIS2/EDN1,25
GO:0001958,endochondral ossification,3/823,31/18860,0.0967741935483871,2.217692940853682,1.449379461365515,0.15156299609029442,0.6180810271831554,0.5720870863452688,COL2A1/CBS/CSGALNACT1,3
GO:0007342,fusion of sperm to egg plasma membrane involved in single fertilization,3/823,31/18860,0.0967741935483871,2.217692940853682,1.449379461365515,0.15156299609029442,0.6180810271831554,0.5720870863452688,FOLR1/SERPINA5/FOLR3,3
GO:0014047,glutamate secretion,3/823,31/18860,0.0967741935483871,2.217692940853682,1.449379461365515,0.15156299609029442,0.6180810271831554,0.5720870863452688,KCNK2/ABCC8/KCNJ8,3
GO:0030878,thyroid gland development,3/823,31/18860,0.0967741935483871,2.217692940853682,1.449379461365515,0.15156299609029442,0.6180810271831554,0.5720870863452688,RAP1GAP/EDN1/SIX1,3
GO:0032801,receptor catabolic process,3/823,31/18860,0.0967741935483871,2.217692940853682,1.449379461365515,0.15156299609029442,0.6180810271831554,0.5720870863452688,NEDD4L/ABCA2/ZNRF3,3
GO:0035235,ionotropic glutamate receptor signaling pathway,3/823,31/18860,0.0967741935483871,2.217692940853682,1.449379461365515,0.15156299609029442,0.6180810271831554,0.5720870863452688,GRIA4/GRIA3/ADRB2,3
GO:0035601,protein deacylation,3/823,31/18860,0.0967741935483871,2.217692940853682,1.449379461365515,0.15156299609029442,0.6180810271831554,0.5720870863452688,BEX4/PRKAA2/SIRT4,3
GO:0036075,replacement ossification,3/823,31/18860,0.0967741935483871,2.217692940853682,1.449379461365515,0.15156299609029442,0.6180810271831554,0.5720870863452688,COL2A1/CBS/CSGALNACT1,3
GO:0070723,response to cholesterol,3/823,31/18860,0.0967741935483871,2.217692940853682,1.449379461365515,0.15156299609029442,0.6180810271831554,0.5720870863452688,GPR155/ABCA2/GRAMD1A,3
GO:0071378,cellular response to growth hormone stimulus,3/823,31/18860,0.0967741935483871,2.217692940853682,1.449379461365515,0.15156299609029442,0.6180810271831554,0.5720870863452688,GHR/GHRL/CSH1,3
GO:0098901,regulation of cardiac muscle cell action potential,3/823,31/18860,0.0967741935483871,2.217692940853682,1.449379461365515,0.15156299609029442,0.6180810271831554,0.5720870863452688,FGF13/TMEM161B/RYR2,3
GO:0099558,maintenance of synapse structure,3/823,31/18860,0.0967741935483871,2.217692940853682,1.449379461365515,0.15156299609029442,0.6180810271831554,0.5720870863452688,RAPSN/ERC2/RIMS3,3
GO:0061387,regulation of extent of cell growth,7/823,101/18860,0.06930693069306931,1.5882487398193041,1.2661756167732878,0.15225933398158834,0.6180810271831554,0.5720870863452688,FGF13/PTPRS/ULK1/ULK2/ZFYVE27/MT3/NTN1,7
GO:0001667,ameboidal-type cell migration,15/823,256/18860,0.05859375,1.3427437727825031,1.1794064143530614,0.15236169140262132,0.6180810271831554,0.5720870863452688,NRTN/CDH2/FOLR1/ERBB4/ACVR2B/DAAM2/GPC3/EVL/KITLG/KIT/WDPCP/RET/SEMA3D/SYDE1/EDN1,15
GO:0015849,organic acid transport,20/823,357/18860,0.056022408963585436,1.2838185091776686,1.1564606058007942,0.15243045253388185,0.6180810271831554,0.5720870863452688,SLC26A7/SLC16A7/KCNK2/FOLR1/SLC1A2/FABP3/SLC13A3/RBP7/PLA2G1B/SLC26A9/ABCC8/SLC10A1/ABCC5/SLC16A10/KCNJ10/FOLR3/EDN1/KCNJ8/SLC6A5/SLC22A13,20
GO:0003353,positive regulation of cilium movement,2/823,16/18860,0.125,2.864520048602673,1.593740453350808,0.15267873694231793,0.6180810271831554,0.5720870863452688,TAC4/DEFB1,2
GO:0006750,glutathione biosynthetic process,2/823,16/18860,0.125,2.864520048602673,1.593740453350808,0.15267873694231793,0.6180810271831554,0.5720870863452688,SLC1A2/GGT7,2
GO:0007028,cytoplasm organization,2/823,16/18860,0.125,2.864520048602673,1.593740453350808,0.15267873694231793,0.6180810271831554,0.5720870863452688,ZMIZ1/PLD6,2
GO:0009068,aspartate family amino acid catabolic process,2/823,16/18860,0.125,2.864520048602673,1.593740453350808,0.15267873694231793,0.6180810271831554,0.5720870863452688,BCAT2/ACAT1,2
GO:0009070,serine family amino acid biosynthetic process,2/823,16/18860,0.125,2.864520048602673,1.593740453350808,0.15267873694231793,0.6180810271831554,0.5720870863452688,CBS/PHGDH,2
GO:0009159,deoxyribonucleoside monophosphate catabolic process,2/823,16/18860,0.125,2.864520048602673,1.593740453350808,0.15267873694231793,0.6180810271831554,0.5720870863452688,ADA/NT5M,2
GO:0018146,keratan sulfate proteoglycan biosynthetic process,2/823,16/18860,0.125,2.864520048602673,1.593740453350808,0.15267873694231793,0.6180810271831554,0.5720870863452688,ST3GAL1/ST3GAL6,2
GO:0031000,response to caffeine,2/823,16/18860,0.125,2.864520048602673,1.593740453350808,0.15267873694231793,0.6180810271831554,0.5720870863452688,GSTM2/RYR2,2
GO:0034638,phosphatidylcholine catabolic process,2/823,16/18860,0.125,2.864520048602673,1.593740453350808,0.15267873694231793,0.6180810271831554,0.5720870863452688,PLA2G6/PNPLA7,2
GO:0043584,nose development,2/823,16/18860,0.125,2.864520048602673,1.593740453350808,0.15267873694231793,0.6180810271831554,0.5720870863452688,SIX4/SIX1,2
GO:0046036,CTP metabolic process,2/823,16/18860,0.125,2.864520048602673,1.593740453350808,0.15267873694231793,0.6180810271831554,0.5720870863452688,NME9/NME3,2
GO:0048172,regulation of short-term neuronal synaptic plasticity,2/823,16/18860,0.125,2.864520048602673,1.593740453350808,0.15267873694231793,0.6180810271831554,0.5720870863452688,SYNGR1/SLC8A2,2
GO:0048712,negative regulation of astrocyte differentiation,2/823,16/18860,0.125,2.864520048602673,1.593740453350808,0.15267873694231793,0.6180810271831554,0.5720870863452688,F2/ID4,2
GO:0060026,convergent extension,2/823,16/18860,0.125,2.864520048602673,1.593740453350808,0.15267873694231793,0.6180810271831554,0.5720870863452688,PTK7/VANGL2,2
GO:0061548,ganglion development,2/823,16/18860,0.125,2.864520048602673,1.593740453350808,0.15267873694231793,0.6180810271831554,0.5720870863452688,SIX4/SIX1,2
GO:0061684,chaperone-mediated autophagy,2/823,16/18860,0.125,2.864520048602673,1.593740453350808,0.15267873694231793,0.6180810271831554,0.5720870863452688,LAMP2/EEF1A2,2
GO:0070254,mucus secretion,2/823,16/18860,0.125,2.864520048602673,1.593740453350808,0.15267873694231793,0.6180810271831554,0.5720870863452688,ADA/SCNN1B,2
GO:0070571,negative regulation of neuron projection regeneration,2/823,16/18860,0.125,2.864520048602673,1.593740453350808,0.15267873694231793,0.6180810271831554,0.5720870863452688,PTPRS/FIGNL2,2
GO:0070943,neutrophil-mediated killing of symbiont cell,2/823,16/18860,0.125,2.864520048602673,1.593740453350808,0.15267873694231793,0.6180810271831554,0.5720870863452688,SCNN1B/F2,2
GO:0071599,otic vesicle development,2/823,16/18860,0.125,2.864520048602673,1.593740453350808,0.15267873694231793,0.6180810271831554,0.5720870863452688,COL2A1/SIX1,2
GO:0072531,pyrimidine-containing compound transmembrane transport,2/823,16/18860,0.125,2.864520048602673,1.593740453350808,0.15267873694231793,0.6180810271831554,0.5720870863452688,SLC25A36/SLC29A1,2
GO:0090336,positive regulation of brown fat cell differentiation,2/823,16/18860,0.125,2.864520048602673,1.593740453350808,0.15267873694231793,0.6180810271831554,0.5720870863452688,FNDC5/SIX1,2
GO:1902358,sulfate transmembrane transport,2/823,16/18860,0.125,2.864520048602673,1.593740453350808,0.15267873694231793,0.6180810271831554,0.5720870863452688,SLC26A7/SLC26A9,2
GO:1904322,cellular response to forskolin,2/823,16/18860,0.125,2.864520048602673,1.593740453350808,0.15267873694231793,0.6180810271831554,0.5720870863452688,GNAI1/ADCY1,2
GO:0008203,cholesterol metabolic process,10/823,158/18860,0.06329113924050633,1.45038989802667,1.2143678289240658,0.1534368864574079,0.6206058115696209,0.5744239911842441,ANGPTL3/ACADL/TM7SF2/LEPR/PRKAA2/APOA5/CYP7B1/GNAI1/SULT2A1/INSIG1,10
GO:0007565,female pregnancy,12/823,197/18860,0.06091370558375635,1.3959082470348052,1.193202154202149,0.15381862301423915,0.621605030832499,0.5753488544490575,IGFBP2/GHRL/EPOR/ACVR2B/AR/LDOC1/CBS/STOX2/ABCC8/IGFBP5/SYDE1/FBLN1,12
GO:0045732,positive regulation of protein catabolic process,13/823,217/18860,0.059907834101382486,1.3728575348141845,1.1800271135361893,0.15497030790529334,0.6255009064775661,0.5789548220302134,KCNE2/ASB11/PPP2R3A/RNF180/IL33/ASB9/NEDD4L/GPC3/NUPR1/TRIB2/ABCA2/TF/PACSIN3,13
GO:0007548,sex differentiation,17/823,297/18860,0.05723905723905724,1.3116994161951636,1.1565574924157425,0.15505374583105863,0.6255009064775661,0.5789548220302134,FZD4/REC8/SMAD5/AR/NUPR1/GATA6/BCL2L11/KITLG/KIT/MMP19/SIX4/FST/SYCP2/PTPRN/GAS2/AFP/AMHR2,17
GO:0046661,male sex differentiation,11/823,178/18860,0.06179775280898876,1.416167215039524,1.1916350717791337,0.15602351531972097,0.6269227300154605,0.5802708418549898,REC8/SMAD5/AR/NUPR1/GATA6/BCL2L11/KITLG/KIT/SIX4/SYCP2/AMHR2,11
GO:0008038,neuron recognition,4/823,48/18860,0.08333333333333333,1.909680032401782,1.3479348158604443,0.15622126533429675,0.6269227300154605,0.5802708418549898,ROBO3/EPHB3/NDN/CRTAC1,4
GO:0033173,calcineurin-NFAT signaling cascade,4/823,48/18860,0.08333333333333333,1.909680032401782,1.3479348158604443,0.15622126533429675,0.6269227300154605,0.5802708418549898,NFATC2/HOMER2/PPP3CC/RCAN2,4
GO:0048066,developmental pigmentation,4/823,48/18860,0.08333333333333333,1.909680032401782,1.3479348158604443,0.15622126533429675,0.6269227300154605,0.5802708418549898,BCL2L11/KITLG/KIT/MITF,4
GO:0060043,regulation of cardiac muscle cell proliferation,4/823,48/18860,0.08333333333333333,1.909680032401782,1.3479348158604443,0.15622126533429675,0.6269227300154605,0.5802708418549898,KCNK2/ERBB4/GATA6/FGF20,4
GO:0120163,negative regulation of cold-induced thermogenesis,4/823,48/18860,0.08333333333333333,1.909680032401782,1.3479348158604443,0.15622126533429675,0.6269227300154605,0.5802708418549898,PLCL1/ACVR2B/ALDH1A1/NPR3,4
GO:0006112,energy reserve metabolic process,7/823,102/18860,0.06862745098039216,1.5726776737426442,1.2387799498097294,0.15776827698108653,0.6325808846808987,0.5855079500564718,GABARAPL1/LEPR/PPP1R3C/GNMT/KL/MT3/SORBS1,7
GO:0060828,regulation of canonical Wnt signaling pathway,16/823,278/18860,0.05755395683453238,1.3189157058314467,1.1442717418651367,0.1587936180712345,0.6361393640614126,0.588801628411065,EDA/CDH2/FOLR1/PPP2R3A/CDK14/IGFBP2/EGFR/APC2/DAAM2/GPC3/TBL1X/ZNRF3/PTK7/SOX2/SOSTDC1/DKK1,16
GO:0022037,metencephalon development,8/823,121/18860,0.06611570247933884,1.5151180422361248,1.2142366471717787,0.1590715601890719,0.6367001303318013,0.5893206657664251,FZD4/PTF1A/PTPRS/SEZ6L2/CD3E/CBS/GABRB3/RORA,8
GO:0046496,nicotinamide nucleotide metabolic process,11/823,179/18860,0.061452513966480445,1.4082556663521522,1.1722919201840154,0.16015135023226296,0.6404666215960949,0.5928068769885279,DCXR/PRKAA2/LDHB/NUPR1/NNT/ALDH1L2/IDH2/ALDH1L1/PGAM2/FMO2/SLC22A13,11
GO:0071867,response to monoamine,5/823,66/18860,0.07575757575757576,1.7360727567288927,1.2795586463254873,0.16058417082127183,0.6416415137144325,0.5938943405720858,DRD5/APLP1/RNLS/PRKD1/HTR3E,5
GO:0045664,regulation of neuron differentiation,12/823,199/18860,0.06030150753768844,1.38187901842139,1.15680984116179,0.16162435134805486,0.6440311409909933,0.5961061458952959,GDF5/RAP1GAP/DMD/FOXA1/IRX3/FGF20/SOX2/DUOXA1/FERD3L/ID4/SIX1/DKK1,12
GO:0061138,morphogenesis of a branching epithelium,12/823,199/18860,0.06030150753768844,1.38187901842139,1.15680984116179,0.16162435134805486,0.6440311409909933,0.5961061458952959,AR/CELSR1/NTN4/GPC3/WNT6/FOXA1/ADM/SIX4/VANGL2/TMEM59L/EDN1/SIX1,12
GO:0006026,aminoglycan catabolic process,3/823,32/18860,0.09375,2.148390036452005,1.3887990329460933,0.16215908685407027,0.6440311409909933,0.5961061458952959,CHIA/IDUA/STAB2,3
GO:0009069,serine family amino acid metabolic process,3/823,32/18860,0.09375,2.148390036452005,1.3887990329460933,0.16215908685407027,0.6440311409909933,0.5961061458952959,CBS/PHGDH/CDO1,3
GO:0060441,epithelial tube branching involved in lung morphogenesis,3/823,32/18860,0.09375,2.148390036452005,1.3887990329460933,0.16215908685407027,0.6440311409909933,0.5961061458952959,CELSR1/FOXA1/VANGL2,3
GO:0099170,postsynaptic modulation of chemical synaptic transmission,3/823,32/18860,0.09375,2.148390036452005,1.3887990329460933,0.16215908685407027,0.6440311409909933,0.5961061458952959,GHRL/INA/NEFL,3
GO:1902042,negative regulation of extrinsic apoptotic signaling pathway via death domain receptors,3/823,32/18860,0.09375,2.148390036452005,1.3887990329460933,0.16215908685407027,0.6440311409909933,0.5961061458952959,FGA/FGB/FGG,3
GO:0048880,sensory system development,24/823,443/18860,0.05417607223476298,1.2415075605682013,1.0987534341904703,0.16257022033347684,0.6445040437379408,0.59654385801187515,SMARCD3/FZD4/PPP2R3A/CELF4/PTPRM/PTF1A/EGFR/CLDN19/ACVR2B/FREM2/ULK2/WNT6/LAMB2/EFEMP1/OPN4/MITF/WDPCP/NES/SOX2/TFAP2B/SMOC1/PAX4/PRSS56/ATP8A2,24
GO:0046620,regulation of organ growth,7/823,103/18860,0.06796116504854369,1.557408958463589,1.211680064550172,0.16336690403370704,0.6445040437379408,0.59654385801187515,KCNK2/ERBB4/GATA6/CACNA2D2/BCL2L11/FGF20/EDN1,7
GO:0008360,regulation of cell shape,9/823,141/18860,0.06382978723404255,1.4627336418396628,1.1780843976266837,0.16365338818070235,0.6445040437379408,0.59654385801187515,WASF3/PALM3/FGD4/HPN/RHOBTB1/KIT/WDPCP/F2/GAS2,9
GO:0030168,platelet activation,9/823,141/18860,0.06382978723404255,1.4627336418396628,1.1780843976266837,0.16365338818070235,0.6445040437379408,0.59654385801187515,FGA/FGB/FGG/DGKD/CELA2A/PDIA2/F2/VAV3/HRG,9
GO:0018108,peptidyl-tyrosine phosphorylation,8/823,122/18860,0.06557377049180328,1.502699041889927,1.1898807834821536,0.1642030984026227,0.6445040437379408,0.59654385801187515,IGF1R/VEGFB/ERBB4/EGFR/CTF1/EFEMP1/KIT/HRG,8
GO:0002673,regulation of acute inflammatory response,4/823,49/18860,0.08163265306122448,1.8707069705160313,1.30359058381001,0.1646443631148919,0.6445040437379408,0.59654385801187515,PTGER3/FFAR3/DNASE1/NPY,4
GO:0006509,membrane protein ectodomain proteolysis,4/823,49/18860,0.08163265306122448,1.8707069705160313,1.30359058381001,0.1646443631148919,0.6445040437379408,0.59654385801187515,CWH43/PACSIN3/TIMP3/PRTN3,4
GO:0010453,regulation of cell fate commitment,4/823,49/18860,0.08163265306122448,1.8707069705160313,1.30359058381001,0.1646443631148919,0.6445040437379408,0.59654385801187515,CHD3/BRD4/SOSTDC1/DKK1,4
GO:0019098,reproductive behavior,4/823,49/18860,0.08163265306122448,1.8707069705160313,1.30359058381001,0.1646443631148919,0.6445040437379408,0.59654385801187515,DRD5/SERPINA5/ADA/GABRB3,4
GO:0033628,regulation of cell adhesion mediated by integrin,4/823,49/18860,0.08163265306122448,1.8707069705160313,1.30359058381001,0.1646443631148919,0.6445040437379408,0.59654385801187515,CD3E/ADA/RET/HRG,4
GO:0060443,mammary gland morphogenesis,4/823,49/18860,0.08163265306122448,1.8707069705160313,1.30359058381001,0.1646443631148919,0.6445040437379408,0.59654385801187515,AR/IGFBP5/NTN1/SOSTDC1,4
GO:1902041,regulation of extrinsic apoptotic signaling pathway via death domain receptors,4/823,49/18860,0.08163265306122448,1.8707069705160313,1.30359058381001,0.1646443631148919,0.6445040437379408,0.59654385801187515,FGA/FGB/FGG/MAL,4
GO:0032868,response to insulin,16/823,280/18860,0.05714285714285714,1.309494879361222,1.1145170686394665,0.16543405730838637,0.6445040437379408,0.59654385801187515,IGF1R/GHR/ECHDC3/FABP3/SLC2A4/HDAC5/TBC1D4/PLA2G1B/CELA2A/SLC22A12/SORBS1/KCNQ1/ABCC8/FFAR3/INSIG1/KCNJ8,16
GO:0032370,positive regulation of lipid transport,6/823,85/18860,0.07058823529411765,1.6176113215638623,1.2190228147707565,0.16659997644225563,0.6445040437379408,0.59654385801187515,GHRL/ATP8A1/FABP3/PLTP/EDN1/ATP8A2,6
GO:0045185,maintenance of protein location,5/823,67/18860,0.07462686567164178,1.710161223046372,1.2438654202869004,0.16775819620198143,0.6445040437379408,0.59654385801187515,DBN1/SYNE1/PDIA2/DAND5/INSIG1,5
GO:0048599,oocyte development,5/823,67/18860,0.07462686567164178,1.710161223046372,1.2438654202869004,0.16775819620198143,0.6445040437379408,0.59654385801187515,REC8/PLD6/EDN1/ZAR1/ZAR1L,5
GO:0060675,ureteric bud morphogenesis,5/823,67/18860,0.07462686567164178,1.710161223046372,1.2438654202869004,0.16775819620198143,0.6445040437379408,0.59654385801187515,GPC3/WNT6/SIX4/TMEM59L/SIX1,5
GO:1903670,regulation of sprouting angiogenesis,5/823,67/18860,0.07462686567164178,1.710161223046372,1.2438654202869004,0.16775819620198143,0.6445040437379408,0.59654385801187515,GLUL/FUT1/GHRL/BMPER/S100A1,5
GO:2000351,regulation of endothelial cell apoptotic process,5/823,67/18860,0.07462686567164178,1.710161223046372,1.2438654202869004,0.16775819620198143,0.6445040437379408,0.59654385801187515,FGA/FGB/FGG/FUT1/PDCD4,5
GO:0000097,sulfur amino acid biosynthetic process,2/823,17/18860,0.11764705882352941,2.696018869273104,1.4943668042042313,0.1682832876932218,0.6445040437379408,0.59654385801187515,CBS/CDO1,2
GO:0006004,fucose metabolic process,2/823,17/18860,0.11764705882352941,2.696018869273104,1.4943668042042313,0.1682832876932218,0.6445040437379408,0.59654385801187515,FUT1/FUT9,2
GO:0006855,xenobiotic transmembrane transport,2/823,17/18860,0.11764705882352941,2.696018869273104,1.4943668042042313,0.1682832876932218,0.6445040437379408,0.59654385801187515,SLC29A1/ABCC5,2
GO:0007620,copulation,2/823,17/18860,0.11764705882352941,2.696018869273104,1.4943668042042313,0.1682832876932218,0.6445040437379408,0.59654385801187515,SERPINA5/ADA,2
GO:0032926,negative regulation of activin receptor signaling pathway,2/823,17/18860,0.11764705882352941,2.696018869273104,1.4943668042042313,0.1682832876932218,0.6445040437379408,0.59654385801187515,FST/DAND5,2
GO:0033145,positive regulation of intracellular steroid hormone receptor signaling pathway,2/823,17/18860,0.11764705882352941,2.696018869273104,1.4943668042042313,0.1682832876932218,0.6445040437379408,0.59654385801187515,AR/FOXA1,2
GO:0033865,nucleoside bisphosphate metabolic process,2/823,17/18860,0.11764705882352941,2.696018869273104,1.4943668042042313,0.1682832876932218,0.6445040437379408,0.59654385801187515,PAPSS1/SULT2A1,2
GO:0033875,ribonucleoside bisphosphate metabolic process,2/823,17/18860,0.11764705882352941,2.696018869273104,1.4943668042042313,0.1682832876932218,0.6445040437379408,0.59654385801187515,PAPSS1/SULT2A1,2
GO:0034032,purine nucleoside bisphosphate metabolic process,2/823,17/18860,0.11764705882352941,2.696018869273104,1.4943668042042313,0.1682832876932218,0.6445040437379408,0.59654385801187515,PAPSS1/SULT2A1,2
GO:0034035,purine ribonucleoside bisphosphate metabolic process,2/823,17/18860,0.11764705882352941,2.696018869273104,1.4943668042042313,0.1682832876932218,0.6445040437379408,0.59654385801187515,PAPSS1/SULT2A1,2
GO:0034656,nucleobase-containing small molecule catabolic process,2/823,17/18860,0.11764705882352941,2.696018869273104,1.4943668042042313,0.1682832876932218,0.6445040437379408,0.59654385801187515,ENPP4/ADA,2
GO:0035627,ceramide transport,2/823,17/18860,0.11764705882352941,2.696018869273104,1.4943668042042313,0.1682832876932218,0.6445040437379408,0.59654385801187515,ABCA2/PLTP,2
GO:0043605,amide catabolic process,2/823,17/18860,0.11764705882352941,2.696018869273104,1.4943668042042313,0.1682832876932218,0.6445040437379408,0.59654385801187515,PM20D1/ADA,2
GO:0050427,3'-phosphoadenosine 5'-phosphosulfate metabolic process,2/823,17/18860,0.11764705882352941,2.696018869273104,1.4943668042042313,0.1682832876932218,0.6445040437379408,0.59654385801187515,PAPSS1/SULT2A1,2
GO:0050665,hydrogen peroxide biosynthetic process,2/823,17/18860,0.11764705882352941,2.696018869273104,1.4943668042042313,0.1682832876932218,0.6445040437379408,0.59654385801187515,DUOX1/DUOXA1,2
GO:0055091,phospholipid homeostasis,2/823,17/18860,0.11764705882352941,2.696018869273104,1.4943668042042313,0.1682832876932218,0.6445040437379408,0.59654385801187515,ANGPTL3/FABP3,2
GO:0055119,relaxation of cardiac muscle,2/823,17/18860,0.11764705882352941,2.696018869273104,1.4943668042042313,0.1682832876932218,0.6445040437379408,0.59654385801187515,GSTM2/CHGA,2
GO:0060841,venous blood vessel development,2/823,17/18860,0.11764705882352941,2.696018869273104,1.4943668042042313,0.1682832876932218,0.6445040437379408,0.59654385801187515,ACVR2B/CCBE1,2
GO:0072074,kidney mesenchyme development,2/823,17/18860,0.11764705882352941,2.696018869273104,1.4943668042042313,0.1682832876932218,0.6445040437379408,0.59654385801187515,SIX4/SIX1,2
GO:0072224,metanephric glomerulus development,2/823,17/18860,0.11764705882352941,2.696018869273104,1.4943668042042313,0.1682832876932218,0.6445040437379408,0.59654385801187515,LAMB2/RET,2
GO:0120305,regulation of pigmentation,2/823,17/18860,0.11764705882352941,2.696018869273104,1.4943668042042313,0.1682832876932218,0.6445040437379408,0.59654385801187515,BCL2L11/KITLG,2
GO:0170043,non-proteinogenic amino acid biosynthetic process,2/823,17/18860,0.11764705882352941,2.696018869273104,1.4943668042042313,0.1682832876932218,0.6445040437379408,0.59654385801187515,ALDH1A1/PLOD2,2
GO:1901550,regulation of endothelial cell development,2/823,17/18860,0.11764705882352941,2.696018869273104,1.4943668042042313,0.1682832876932218,0.6445040437379408,0.59654385801187515,PROC/S1PR3,2
GO:1903140,regulation of establishment of endothelial barrier,2/823,17/18860,0.11764705882352941,2.696018869273104,1.4943668042042313,0.1682832876932218,0.6445040437379408,0.59654385801187515,PROC/S1PR3,2
GO:0006633,fatty acid biosynthetic process,11/823,181/18860,0.06077348066298342,1.3926948302598632,1.1339522198237657,0.1685689617098106,0.6447773293515443,0.5967968073236167,ACADL/GSTM2/CYP2C8/PRKAA2/APOA5/PLA2G1B/ACSM2B/GPIHBP1/ALOX15B/INSIG1/EDN1,11
GO:0032602,chemokine production,7/823,104/18860,0.0673076923076923,1.5424338723245163,1.1848693192543303,0.1690532109459087,0.6447773293515443,0.5967968073236167,CHIA/C5/IL33/C1QTNF3/ALOX15B/FFAR3/POSTN,7
GO:0032642,regulation of chemokine production,7/823,104/18860,0.0673076923076923,1.5424338723245163,1.1848693192543303,0.1690532109459087,0.6447773293515443,0.5967968073236167,CHIA/C5/IL33/C1QTNF3/ALOX15B/FFAR3/POSTN,7
GO:0043255,regulation of carbohydrate biosynthetic process,7/823,104/18860,0.0673076923076923,1.5424338723245163,1.1848693192543303,0.1690532109459087,0.6447773293515443,0.5967968073236167,LEPR/PPP1R3C/GNMT/C1QTNF3/PPARGC1A/SORBS1/PTH1R,7
GO:1905954,positive regulation of lipid localization,7/823,104/18860,0.0673076923076923,1.5424338723245163,1.1848693192543303,0.1690532109459087,0.6447773293515443,0.5967968073236167,PLIN5/GHRL/ATP8A1/FABP3/PLTP/EDN1/ATP8A2,7
GO:0018212,peptidyl-tyrosine modification,8/823,123/18860,0.06504065040650407,1.490481976508708,1.1657426227472203,0.1694102117073603,0.6456053897848619,0.597563248388429,IGF1R/VEGFB/ERBB4/EGFR/CTF1/EFEMP1/KIT/HRG,8
GO:0015701,bicarbonate transport,3/823,33/18860,0.09090909090909091,2.0832873080746714,1.3304150797048873,0.17296933556019975,0.6569987519426518,0.6081087838018545,SLC26A7/SLC4A2/CA4,3
GO:0030517,negative regulation of axon extension,3/823,33/18860,0.09090909090909091,2.0832873080746714,1.3304150797048873,0.17296933556019975,0.6569987519426518,0.6081087838018545,PTPRS/MT3/NTN1,3
GO:0033198,response to ATP,3/823,33/18860,0.09090909090909091,2.0832873080746714,1.3304150797048873,0.17296933556019975,0.6569987519426518,0.6081087838018545,P2RY4/KCNJ8/KCNJ11,3
GO:0042573,retinoic acid metabolic process,3/823,33/18860,0.09090909090909091,2.0832873080746714,1.3304150797048873,0.17296933556019975,0.6569987519426518,0.6081087838018545,CYP2C8/SCPEP1/ADH7,3
GO:0045947,negative regulation of translational initiation,4/823,50/18860,0.08,1.8332928311057108,1.260275069390989,0.1732261485042861,0.6574331211737503,0.6085108298393291,GPR155/PAIP2B/PRKAA2/RNF152,4
GO:1903828,negative regulation of protein localization,13/823,222/18860,0.05855855855855856,1.341937320066117,1.0947133953979065,0.17393270531700752,0.6595722555776415,0.6104907824905216,PDE8B/GHRL/GNAZ/SIRT4/NEDD4L/GNAI1/ABCC8/CHGA/IDH2/INSIG1/CABP1/GPM6B/KCNJ11,13
GO:0001841,neural tube formation,7/823,105/18860,0.06666666666666667,1.5277440259214257,1.1583412870696852,0.17482512392532493,0.6605737658770541,0.6114177663064573,DEAF1/FOLR1/CELSR1/ADM/PTK7/PRKACB/VANGL2,7
GO:0010906,regulation of glucose metabolic process,7/823,105/18860,0.06666666666666667,1.5277440259214257,1.1583412870696852,0.17482512392532493,0.6605737658770541,0.6114177663064573,LEPR/GNMT/C1QTNF3/PPARGC1A/RORC/SORBS1/RORA,7
GO:0050886,endocrine process,7/823,105/18860,0.06666666666666667,1.5277440259214257,1.1583412870696852,0.17482512392532493,0.6605737658770541,0.6114177663064573,DRD5/FZD4/GHRL/C1QTNF3/KCNQ1/EDN1/TRPV6,7
GO:0097006,regulation of plasma lipoprotein particle levels,7/823,105/18860,0.06666666666666667,1.5277440259214257,1.1583412870696852,0.17482512392532493,0.6605737658770541,0.6114177663064573,ANGPTL3/APOA5/APOH/GPIHBP1/ABCC8/PRKACB/PLTP,7
GO:0055021,regulation of cardiac muscle tissue growth,5/823,68/18860,0.07352941176470588,1.68501179329569,1.2087684003549042,0.17505562636351832,0.6605737658770541,0.6114177663064573,KCNK2/ERBB4/GATA6/FGF20/EDN1,5
GO:0072171,mesonephric tubule morphogenesis,5/823,68/18860,0.07352941176470588,1.68501179329569,1.2087684003549042,0.17505562636351832,0.6605737658770541,0.6114177663064573,GPC3/WNT6/SIX4/TMEM59L/SIX1,5
GO:0031214,biomineral tissue development,11/823,183/18860,0.060109289617486336,1.3774741217324329,1.0960648841918892,0.17719774889897716,0.668089205938467,0.618373951690323,ACVR2B/GPC3/WNT6/SLC4A2/KL/ODAM/PTH1R/CEMP1/FAM20A/ADRB2/GPM6B,11
GO:0071375,cellular response to peptide hormone stimulus,19/823,345/18860,0.05507246376811594,1.2620494127176995,1.049320059738994,0.17771039856985157,0.668089205938467,0.618373951690323,IGF1R/GHR/CACNA2D3/FUT1/GHRL/CSH1/ECHDC3/SLC2A4/HDAC5/TBC1D4/PRKD1/PLA2G1B/SLC22A12/SORBS1/SCNN1B/SCNN1G/FFAR3/INSIG1/EDN1,19
GO:0006874,intracellular calcium ion homeostasis,17/823,304/18860,0.05592105263157895,1.2814958112169854,1.0569237131458178,0.17776588439825114,0.668089205938467,0.618373951690323,DRD5/RGN/GSTM2/DMD/PLCL1/BNIP3/RYR2/PRKD1/TMTC4/ERC2/SYPL2/F2/SLC8A2/PTH1R/ATP13A5/EDN1/NPY,17
GO:0030324,lung development,12/823,203/18860,0.059113300492610835,1.3546498752012641,1.0851855939192254,0.1778205991049396,0.668089205938467,0.618373951690323,ACVR2B/CELSR1/CCBE1/GPC3/GATA6/SFTPD/FOXA1/ADA/IGFBP5/PTK7/VANGL2/TGFB3,12
GO:0090288,negative regulation of cellular response to growth factor stimulus,9/823,144/18860,0.0625,1.4322600243013366,1.1122358685569418,0.17827772751017507,0.668089205938467,0.618373951690323,GPR155/PDCD6/RBPMS2/GREM2/BMPER/SOSTDC1/DAND5/HRG/DKK1,9
GO:0022412,cellular process involved in reproduction in multicellular organism,24/823,449/18860,0.053452115812917596,1.2249172590906754,1.0303490123809584,0.17873139851954184,0.668089205938467,0.618373951690323,DEAF1/FOLR1/FZD4/CELF4/SUN5/PAQR5/REC8/PDILT/PACRG/SMAD5/SERPINA5/PLD6/TUBA8/KIT/ZBTB16/NDN/ZDBF2/FOLR3/EDN1/PAQR7/ZAR1/TSSK1B/ZAR1L/DEFB1,24
GO:0006470,protein dephosphorylation,6/823,87/18860,0.06896551724137931,1.5804248544014747,1.15908659335492,0.17946471106998718,0.668089205938467,0.618373951690323,PPP2R3A/PTPRS/PTPN13/PTPRZ1/PPP3CC/DUSP26,6
GO:0036465,synaptic vesicle recycling,6/823,87/18860,0.06896551724137931,1.5804248544014747,1.15908659335492,0.17946471106998718,0.668089205938467,0.618373951690323,SH3GL2/DNAJC6/PACSIN1/ATP8A1/SLC2A4/PPP3CC,6
GO:0031644,regulation of nervous system process,8/823,125/18860,0.064,1.4666342648845687,1.1181031701288733,0.18004505869717516,0.668089205938467,0.618373951690323,WASF3/CELF4/GHRL/TAC4/CUX2/CDK18/SLC8A2/ADRB2,8
GO:1902414,protein localization to cell junction,8/823,125/18860,0.064,1.4666342648845687,1.1181031701288733,0.18004505869717516,0.668089205938467,0.618373951690323,CGNL1/NPHS1/ERBB4/RAPSN/ZDHHC2/CNIH3/CACNA2D2/KIF5C,8
GO:0006721,terpenoid metabolic process,7/823,106/18860,0.0660377358490566,1.513331346431601,1.1320897470538172,0.18068050332769994,0.668089205938467,0.618373951690323,CYP2C8/ALDH1A1/PNPLA4/SCPEP1/RDH12/ADH7/TTR,7
GO:0007601,visual perception,13/823,224/18860,0.05803571428571429,1.3299557368512414,1.0611589399584902,0.1818254707065398,0.668089205938467,0.618373951690323,FAM161A/GUCA1C/COL2A1/CLDN19/LAMB2/EFEMP1/OPN4/RDH12/OPN1MW/KCNJ10/TIMP3/CABP1/ATP8A2,13
GO:0007622,rhythmic behavior,4/823,51/18860,0.0784313725490196,1.7973459128487361,1.2179405847036666,0.1819582003180894,0.668089205938467,0.618373951690323,GHRL/ADA/KCNQ1/GABRB3,4
GO:0010171,body morphogenesis,4/823,51/18860,0.0784313725490196,1.7973459128487361,1.2179405847036666,0.1819582003180894,0.668089205938467,0.618373951690323,GPC3/GREM2/TGFB3/DKK1,4
GO:0042220,response to cocaine,4/823,51/18860,0.0784313725490196,1.7973459128487361,1.2179405847036666,0.1819582003180894,0.668089205938467,0.618373951690323,DRD5/SLC1A2/HOMER2/HDAC5,4
GO:0048538,thymus development,4/823,51/18860,0.0784313725490196,1.7973459128487361,1.2179405847036666,0.1819582003180894,0.668089205938467,0.618373951690323,EPHB3/BCL2L11/SIX4/SIX1,4
GO:0098815,modulation of excitatory postsynaptic potential,4/823,51/18860,0.0784313725490196,1.7973459128487361,1.2179405847036666,0.1819582003180894,0.668089205938467,0.618373951690323,CELF4/CUX2/SLC8A2/ADRB2,4
GO:0010812,negative regulation of cell-substrate adhesion,5/823,69/18860,0.07246376811594203,1.6605913325232888,1.174247286915581,0.18247164170681227,0.668089205938467,0.618373951690323,FZD4/GCNT2/FBLN1/FAM107A/POSTN,5
GO:0002313,mature B cell differentiation involved in immune response,3/823,34/18860,0.08823529411764706,2.0220141519548283,1.274073363317594,0.18397580858862705,0.668089205938467,0.618373951690323,ST3GAL1/ITM2A/ADA,3
GO:0008053,mitochondrial fusion,3/823,34/18860,0.08823529411764706,2.0220141519548283,1.274073363317594,0.18397580858862705,0.668089205938467,0.618373951690323,BNIP3/NME3/PLD6,3
GO:0031069,hair follicle morphogenesis,3/823,34/18860,0.08823529411764706,2.0220141519548283,1.274073363317594,0.18397580858862705,0.668089205938467,0.618373951690323,IGFBP5/FST/SOSTDC1,3
GO:0032228,"regulation of synaptic transmission, GABAergic",3/823,34/18860,0.08823529411764706,2.0220141519548283,1.274073363317594,0.18397580858862705,0.668089205938467,0.618373951690323,KCNK2/PLCL1/NALCN,3
GO:0034505,tooth mineralization,3/823,34/18860,0.08823529411764706,2.0220141519548283,1.274073363317594,0.18397580858862705,0.668089205938467,0.618373951690323,WNT6/SLC4A2/FAM20A,3
GO:0040018,positive regulation of multicellular organism growth,3/823,34/18860,0.08823529411764706,2.0220141519548283,1.274073363317594,0.18397580858862705,0.668089205938467,0.618373951690323,GHR/GHRL/ATP8A2,3
GO:0042558,pteridine-containing compound metabolic process,3/823,34/18860,0.08823529411764706,2.0220141519548283,1.274073363317594,0.18397580858862705,0.668089205938467,0.618373951690323,FOLR1/ALDH1L2/ALDH1L1,3
GO:0043267,negative regulation of potassium ion transport,3/823,34/18860,0.08823529411764706,2.0220141519548283,1.274073363317594,0.18397580858862705,0.668089205938467,0.618373951690323,KCNE2/NEDD4L/KCNQ1,3
GO:0060603,mammary gland duct morphogenesis,3/823,34/18860,0.08823529411764706,2.0220141519548283,1.274073363317594,0.18397580858862705,0.668089205938467,0.618373951690323,AR/NTN1/SOSTDC1,3
GO:0060795,cell fate commitment involved in formation of primary germ layer,3/823,34/18860,0.08823529411764706,2.0220141519548283,1.274073363317594,0.18397580858862705,0.668089205938467,0.618373951690323,GATA6/SOX2/DKK1,3
GO:0061744,motor behavior,3/823,34/18860,0.08823529411764706,2.0220141519548283,1.274073363317594,0.18397580858862705,0.668089205938467,0.618373951690323,LONRF2/GABRB3/ATP1B2,3
GO:0002031,G protein-coupled receptor internalization,2/823,18/18860,0.1111111111111111,2.5462400432023764,1.4019314034661299,0.18414073021749297,0.668089205938467,0.618373951690323,GHRL/ADM,2
GO:0002693,positive regulation of cellular extravasation,2/823,18/18860,0.1111111111111111,2.5462400432023764,1.4019314034661299,0.18414073021749297,0.668089205938467,0.618373951690323,PDGFD/PLVAP,2
GO:0007379,segment specification,2/823,18/18860,0.1111111111111111,2.5462400432023764,1.4019314034661299,0.18414073021749297,0.668089205938467,0.618373951690323,IRX3/IRX2,2
GO:0009208,pyrimidine ribonucleoside triphosphate metabolic process,2/823,18/18860,0.1111111111111111,2.5462400432023764,1.4019314034661299,0.18414073021749297,0.668089205938467,0.618373951690323,NME9/NME3,2
GO:0019184,nonribosomal peptide biosynthetic process,2/823,18/18860,0.1111111111111111,2.5462400432023764,1.4019314034661299,0.18414073021749297,0.668089205938467,0.618373951690323,SLC1A2/GGT7,2
GO:0033631,cell-cell adhesion mediated by integrin,2/823,18/18860,0.1111111111111111,2.5462400432023764,1.4019314034661299,0.18414073021749297,0.668089205938467,0.618373951690323,CD3E/ADA,2
GO:0035672,oligopeptide transmembrane transport,2/823,18/18860,0.1111111111111111,2.5462400432023764,1.4019314034661299,0.18414073021749297,0.668089205938467,0.618373951690323,SLC13A3/ABCC5,2
GO:0042339,keratan sulfate proteoglycan metabolic process,2/823,18/18860,0.1111111111111111,2.5462400432023764,1.4019314034661299,0.18414073021749297,0.668089205938467,0.618373951690323,ST3GAL1/ST3GAL6,2
GO:0042415,norepinephrine metabolic process,2/823,18/18860,0.1111111111111111,2.5462400432023764,1.4019314034661299,0.18414073021749297,0.668089205938467,0.618373951690323,RNF180/KL,2
GO:0042448,progesterone metabolic process,2/823,18/18860,0.1111111111111111,2.5462400432023764,1.4019314034661299,0.18414073021749297,0.668089205938467,0.618373951690323,ADM/AFP,2
GO:0042481,regulation of odontogenesis,2/823,18/18860,0.1111111111111111,2.5462400432023764,1.4019314034661299,0.18414073021749297,0.668089205938467,0.618373951690323,EDN1/APCDD1,2
GO:0060253,negative regulation of glial cell proliferation,2/823,18/18860,0.1111111111111111,2.5462400432023764,1.4019314034661299,0.18414073021749297,0.668089205938467,0.618373951690323,ABCC8/IDH2,2
GO:0072189,ureter development,2/823,18/18860,0.1111111111111111,2.5462400432023764,1.4019314034661299,0.18414073021749297,0.668089205938467,0.618373951690323,RET/SIX1,2
GO:0072350,tricarboxylic acid metabolic process,2/823,18/18860,0.1111111111111111,2.5462400432023764,1.4019314034661299,0.18414073021749297,0.668089205938467,0.618373951690323,SIRT4/IDH2,2
GO:0090190,positive regulation of branching involved in ureteric bud morphogenesis,2/823,18/18860,0.1111111111111111,2.5462400432023764,1.4019314034661299,0.18414073021749297,0.668089205938467,0.618373951690323,SIX4/SIX1,2
GO:0090660,cerebrospinal fluid circulation,2/823,18/18860,0.1111111111111111,2.5462400432023764,1.4019314034661299,0.18414073021749297,0.668089205938467,0.618373951690323,AQP4/CWH43,2
GO:0098712,L-glutamate import across plasma membrane,2/823,18/18860,0.1111111111111111,2.5462400432023764,1.4019314034661299,0.18414073021749297,0.668089205938467,0.618373951690323,SLC1A2/KCNJ10,2
GO:0098883,synapse pruning,2/823,18/18860,0.1111111111111111,2.5462400432023764,1.4019314034661299,0.18414073021749297,0.668089205938467,0.618373951690323,VANGL2/DKK1,2
GO:1904321,response to forskolin,2/823,18/18860,0.1111111111111111,2.5462400432023764,1.4019314034661299,0.18414073021749297,0.668089205938467,0.618373951690323,GNAI1/ADCY1,2
GO:2001258,negative regulation of cation channel activity,2/823,18/18860,0.1111111111111111,2.5462400432023764,1.4019314034661299,0.18414073021749297,0.668089205938467,0.618373951690323,KCNE2/KCNQ1,2
GO:0046849,bone remodeling,6/823,88/18860,0.06818181818181818,1.5624654810560035,1.1296893464061126,0.1860425687187605,0.6744591159757106,0.6242698506311076,GDF5/LEPR/SLC4A2/MITF/PTH1R/ADRB2,6
GO:0001654,eye development,23/823,432/18860,0.05324074074074074,1.220073354034472,0.9884332112392943,0.18977783349274663,0.6868345936498181,0.6357244183226235,SMARCD3/FZD4/PPP2R3A/CELF4/PTPRM/PTF1A/EGFR/CLDN19/ACVR2B/FREM2/WNT6/LAMB2/EFEMP1/OPN4/MITF/WDPCP/NES/SOX2/TFAP2B/SMOC1/PAX4/PRSS56/ATP8A2,23
GO:0007204,positive regulation of cytosolic calcium ion concentration,10/823,166/18860,0.060240963855421686,1.3804915896880354,1.0517804200335796,0.18990269588237657,0.6868345936498181,0.6357244183226235,PTGER3/CCKBR/GHRL/P2RY4/RYR2/PLA2G1B/TAC4/ADRA1B/EDN1/S1PR3,10
GO:0048754,branching morphogenesis of an epithelial tube,10/823,166/18860,0.060240963855421686,1.3804915896880354,1.0517804200335796,0.18990269588237657,0.6868345936498181,0.6357244183226235,AR/CELSR1/GPC3/WNT6/FOXA1/SIX4/VANGL2/TMEM59L/EDN1/SIX1,10
GO:0006109,regulation of carbohydrate metabolic process,11/823,186/18860,0.05913978494623656,1.3552567971883616,1.0400573469607413,0.19052346170341664,0.6880013894845601,0.6368043881002098,LEPR/PRKAA2/PPP1R3C/GNMT/NUPR1/C1QTNF3/PPARGC1A/RORC/SORBS1/RORA/PTH1R,11
GO:0072524,pyridine-containing compound metabolic process,11/823,186/18860,0.05913978494623656,1.3552567971883616,1.0400573469607413,0.19052346170341664,0.6880013894845601,0.6368043881002098,DCXR/PRKAA2/LDHB/NUPR1/NNT/ALDH1L2/IDH2/ALDH1L1/PGAM2/FMO2/SLC22A13,11
GO:0140353,lipid export from cell,4/823,52/18860,0.07692307692307693,1.762781568370876,1.1765425801711344,0.19083202204643648,0.688576842646055,0.6373370194349527,FZD4/GHRL/KCNQ1/EDN1,4
GO:0005976,polysaccharide metabolic process,7/823,108/18860,0.06481481481481481,1.4853066918680526,1.0803922386154872,0.19263279620895377,0.6934651191352887,0.6418615392486746,CHIA/GABARAPL1/LEPR/PPP1R3C/GNMT/SORBS1/FUT9,7
GO:0032526,response to retinoic acid,7/823,108/18860,0.06481481481481481,1.4853066918680526,1.0803922386154872,0.19263279620895377,0.6934651191352887,0.6418615392486746,FZD4/IGFBP2/WNT6/GATA6/PTK7/RET/DKK1,7
GO:0007422,peripheral nervous system development,6/823,89/18860,0.06741573033707865,1.544909689134026,1.1006593416461576,0.19271315359354654,0.6934651191352887,0.6418615392486746,LAMA2/SERPINI1/PSPN/LAMB2/GFRA3/GSTM3,6
GO:0043588,skin development,18/823,329/18860,0.0547112462006079,1.2537716930054255,0.9919020622484075,0.1927878110185429,0.6934651191352887,0.6418615392486746,EDA/EGFR/SPRR2G/GATA6/ALOX15B/HOXC13/CNFN/IGFBP5/FST/VANGL2/TFAP2B/SOSTDC1/KRT73/APCDD1/KRT9/ATP8A2/SOX21/DKK1,18
GO:0030048,actin filament-based movement,9/823,147/18860,0.061224489795918366,1.4030302278870237,1.0478561674974347,0.1934696625898318,0.6953757732492787,0.6436300137641724,MYBPC3/FGF13/KCNE2/RYR2/NEDD4L/KCNQ1/SCN2A/KCNE4/KCNJ8,9
GO:0030323,respiratory tube development,12/823,207/18860,0.057971014492753624,1.328473066018631,1.015050587994322,0.19476355570471626,0.6971108120176189,0.6452359411911952,ACVR2B/CELSR1/CCBE1/GPC3/GATA6/SFTPD/FOXA1/ADA/IGFBP5/PTK7/VANGL2/TGFB3,12
GO:0008154,actin polymerization or depolymerization,11/823,187/18860,0.058823529411764705,1.348009434636552,1.0216023137126906,0.19506409669939764,0.6971108120176189,0.6452359411911952,WASF3/NPHS1/CYFIP2/GHRL/HIP1R/PAK3/DAAM2/EVL/KANK4/LMOD2/FAM107A,11
GO:0000096,sulfur amino acid metabolic process,3/823,35/18860,0.08571428571428572,1.9642423190418332,1.2196348150517466,0.19516081671219146,0.6971108120176189,0.6452359411911952,GNMT/CBS/CDO1,3
GO:0010765,positive regulation of sodium ion transport,3/823,35/18860,0.08571428571428572,1.9642423190418332,1.2196348150517466,0.19516081671219146,0.6971108120176189,0.6452359411911952,FGF13/FXYD4/ATP1B2,3
GO:0010882,regulation of cardiac muscle contraction by calcium ion signaling,3/823,35/18860,0.08571428571428572,1.9642423190418332,1.2196348150517466,0.19516081671219146,0.6971108120176189,0.6452359411911952,GSTM2/DMD/RYR2,3
GO:0045026,plasma membrane fusion,3/823,35/18860,0.08571428571428572,1.9642423190418332,1.2196348150517466,0.19516081671219146,0.6971108120176189,0.6452359411911952,FOLR1/SERPINA5/FOLR3,3
GO:0050931,pigment cell differentiation,3/823,35/18860,0.08571428571428572,1.9642423190418332,1.2196348150517466,0.19516081671219146,0.6971108120176189,0.6452359411911952,KITLG/KIT/MITF,3
GO:0060351,cartilage development involved in endochondral bone morphogenesis,3/823,35/18860,0.08571428571428572,1.9642423190418332,1.2196348150517466,0.19516081671219146,0.6971108120176189,0.6452359411911952,GHR/COL2A1/CBS,3
GO:0072329,monocarboxylic acid catabolic process,8/823,128/18860,0.0625,1.4322600243013366,1.0481780938705616,0.19652467892198827,0.6978248253369874,0.6458968218549341,PLIN5/ACADL/DCXR/LDHB/ECI2/SULT2A1/ACAT1/ALDH1L2,8
GO:0009994,oocyte differentiation,5/823,71/18860,0.07042253521126761,1.61381411188883,1.1068564628646642,0.19763970202463457,0.6978248253369874,0.6458968218549341,REC8/PLD6/EDN1/ZAR1/ZAR1L,5
GO:0048662,negative regulation of smooth muscle cell proliferation,5/823,71/18860,0.07042253521126761,1.61381411188883,1.1068564628646642,0.19763970202463457,0.6978248253369874,0.6458968218549341,PDCD4/PPARGC1A/IGFBP5/EFEMP2/TGFB3,5
GO:0050909,sensory perception of taste,5/823,71/18860,0.07042253521126761,1.61381411188883,1.1068564628646642,0.19763970202463457,0.6978248253369874,0.6458968218549341,AZGP1/SCNN1B/SCNN1G/TAS2R31/TAS2R39,5
GO:0050953,sensory perception of light stimulus,13/823,228/18860,0.05701754385964912,1.306623180064377,0.9949924021871939,0.19811474600327655,0.6978248253369874,0.6458968218549341,FAM161A/GUCA1C/COL2A1/CLDN19/LAMB2/EFEMP1/OPN4/RDH12/OPN1MW/KCNJ10/TIMP3/CABP1/ATP8A2,13
GO:0045598,regulation of fat cell differentiation,9/823,148/18860,0.060810810810810814,1.3935502939148139,1.0267107035291585,0.1986538059901086,0.6978248253369874,0.6458968218549341,FNDC5/TGFB1I1/TRIB2/RORC/RORA/ZBTB16/ID4/INSIG1/SIX1,9
GO:0051591,response to cAMP,6/823,90/18860,0.06666666666666667,1.5277440259214257,1.0719870511388527,0.1994731808360068,0.6978248253369874,0.6458968218549341,CRTC1/DUOX1/KCNQ1/MMP19/IGFBP5/CDO1,6
GO:0051047,positive regulation of secretion,18/823,331/18860,0.054380664652567974,1.2461960332289577,0.9652640964177792,0.19961665908259843,0.6978248253369874,0.6458968218549341,FGA/FGB/FGG/TMEM132A/MYRIP/GHRL/CHRM3/RAPGEF4/OXCT1/PRKD1/PLA2G1B/C1QTNF3/PLA2G6/ABCC8/F2/TGFB3/SCAMP5/EDN1,18
GO:0007254,JNK cascade,11/823,188/18860,0.05851063829787234,1.3408391716863577,1.0032521559952543,0.1996526587130191,0.6978248253369874,0.6458968218549341,IGF1R/DUSP19/MBIP/NPHS1/TPD52L1/GADD45B/MECOM/PDCD4/CBS/EDN1/DKK1,11
GO:0032924,activin receptor signaling pathway,4/823,53/18860,0.07547169811320754,1.7295215387789724,1.1360393809292177,0.19983906780172062,0.6978248253369874,0.6458968218549341,ACVR2B/CFC1/FST/DAND5,4
GO:0034331,cell junction maintenance,4/823,53/18860,0.07547169811320754,1.7295215387789724,1.1360393809292177,0.19983906780172062,0.6978248253369874,0.6458968218549341,RAPSN/ERC2/RIMS3/PRTN3,4
GO:0050731,positive regulation of peptidyl-tyrosine phosphorylation,4/823,53/18860,0.07547169811320754,1.7295215387789724,1.1360393809292177,0.19983906780172062,0.6978248253369874,0.6458968218549341,VEGFB/ERBB4/CTF1/KIT,4
GO:0085029,extracellular matrix assembly,4/823,53/18860,0.07547169811320754,1.7295215387789724,1.1360393809292177,0.19983906780172062,0.6978248253369874,0.6458968218549341,THSD4/NTN4/EFEMP2/GPM6B,4
GO:0006071,glycerol metabolic process,2/823,19/18860,0.10526315789473684,2.412227409349619,1.3155475714303648,0.20019936484207396,0.6978248253369874,0.6458968218549341,ANGPTL3/MOGAT1,2
GO:0006957,"complement activation, alternative pathway",2/823,19/18860,0.10526315789473684,2.412227409349619,1.3155475714303648,0.20019936484207396,0.6978248253369874,0.6458968218549341,SUSD4/C5,2
GO:0008356,asymmetric cell division,2/823,19/18860,0.10526315789473684,2.412227409349619,1.3155475714303648,0.20019936484207396,0.6978248253369874,0.6458968218549341,FGF13/ZBTB16,2
GO:0009067,aspartate family amino acid biosynthetic process,2/823,19/18860,0.10526315789473684,2.412227409349619,1.3155475714303648,0.20019936484207396,0.6978248253369874,0.6458968218549341,PLOD2/ASNS,2
GO:0009084,glutamine family amino acid biosynthetic process,2/823,19/18860,0.10526315789473684,2.412227409349619,1.3155475714303648,0.20019936484207396,0.6978248253369874,0.6458968218549341,GLUL/GLS2,2
GO:0009125,nucleoside monophosphate catabolic process,2/823,19/18860,0.10526315789473684,2.412227409349619,1.3155475714303648,0.20019936484207396,0.6978248253369874,0.6458968218549341,ADA/NT5M,2
GO:0009148,pyrimidine nucleoside triphosphate biosynthetic process,2/823,19/18860,0.10526315789473684,2.412227409349619,1.3155475714303648,0.20019936484207396,0.6978248253369874,0.6458968218549341,NME9/NME3,2
GO:0030949,positive regulation of vascular endothelial growth factor receptor signaling pathway,2/823,19/18860,0.10526315789473684,2.412227409349619,1.3155475714303648,0.20019936484207396,0.6978248253369874,0.6458968218549341,VEGFB/MT3,2
GO:0031649,heat generation,2/823,19/18860,0.10526315789473684,2.412227409349619,1.3155475714303648,0.20019936484207396,0.6978248253369874,0.6458968218549341,PTGER3/ADRB2,2
GO:0045187,"regulation of circadian sleep/wake cycle, sleep",2/823,19/18860,0.10526315789473684,2.412227409349619,1.3155475714303648,0.20019936484207396,0.6978248253369874,0.6458968218549341,GHRL/ADA,2
GO:0046068,cGMP metabolic process,2/823,19/18860,0.10526315789473684,2.412227409349619,1.3155475714303648,0.20019936484207396,0.6978248253369874,0.6458968218549341,NPR3/RORA,2
GO:0051341,regulation of oxidoreductase activity,2/823,19/18860,0.10526315789473684,2.412227409349619,1.3155475714303648,0.20019936484207396,0.6978248253369874,0.6458968218549341,DRD5/MT3,2
GO:0055064,chloride ion homeostasis,2/823,19/18860,0.10526315789473684,2.412227409349619,1.3155475714303648,0.20019936484207396,0.6978248253369874,0.6458968218549341,KCNQ1/CA12,2
GO:0071071,regulation of phospholipid biosynthetic process,2/823,19/18860,0.10526315789473684,2.412227409349619,1.3155475714303648,0.20019936484207396,0.6978248253369874,0.6458968218549341,FABP3/ABCA2,2
GO:0086014,atrial cardiac muscle cell action potential,2/823,19/18860,0.10526315789473684,2.412227409349619,1.3155475714303648,0.20019936484207396,0.6978248253369874,0.6458968218549341,RYR2/KCNQ1,2
GO:0086026,atrial cardiac muscle cell to AV node cell signaling,2/823,19/18860,0.10526315789473684,2.412227409349619,1.3155475714303648,0.20019936484207396,0.6978248253369874,0.6458968218549341,RYR2/KCNQ1,2
GO:0086066,atrial cardiac muscle cell to AV node cell communication,2/823,19/18860,0.10526315789473684,2.412227409349619,1.3155475714303648,0.20019936484207396,0.6978248253369874,0.6458968218549341,RYR2/KCNQ1,2
GO:0170044,non-proteinogenic amino acid catabolic process,2/823,19/18860,0.10526315789473684,2.412227409349619,1.3155475714303648,0.20019936484207396,0.6978248253369874,0.6458968218549341,CBS/SARDH,2
GO:1901569,fatty acid derivative catabolic process,2/823,19/18860,0.10526315789473684,2.412227409349619,1.3155475714303648,0.20019936484207396,0.6978248253369874,0.6458968218549341,OXCT1/ACAT1,2
GO:0016049,cell growth,26/823,499/18860,0.052104208416833664,1.1940283970127374,0.938306010847825,0.2010141888361655,0.7001362124369085,0.6480362091735131,SH3GL2/FGF13/PTPRS/CYFIP2/EGFR/HPN/NIN/ULK1/NEDD4L/ULK2/ZFYVE27/SORBS2/SGK1/LAMB2/MT3/FLRT3/IGFBP5/F2/NDN/NTN1/RERG/HRG/FAM107A/EDN1/POSTN/KIF26A,26
GO:0150063,visual system development,23/823,436/18860,0.052752293577981654,1.20888002051122,0.942595319325176,0.20163882371660688,0.7017821805823082,0.6495596940874737,SMARCD3/FZD4/PPP2R3A/CELF4/PTPRM/PTF1A/EGFR/CLDN19/ACVR2B/FREM2/WNT6/LAMB2/EFEMP1/OPN4/MITF/WDPCP/NES/SOX2/TFAP2B/SMOC1/PAX4/PRSS56/ATP8A2,23
GO:0030326,embryonic limb morphogenesis,8/823,129/18860,0.06201550387596899,1.4211572334152798,1.0252640573234153,0.20215173600256142,0.7025077271474555,0.6502312497609339,GDF5/FREM2/GPC3/BCL2L11/WDPCP/CHST11/ZBTB16/DKK1,8
GO:0035113,embryonic appendage morphogenesis,8/823,129/18860,0.06201550387596899,1.4211572334152798,1.0252640573234153,0.20215173600256142,0.7025077271474555,0.6502312497609339,GDF5/FREM2/GPC3/BCL2L11/WDPCP/CHST11/ZBTB16/DKK1,8
GO:0017157,regulation of exocytosis,11/823,189/18860,0.0582010582010582,1.333744784534578,0.9850055907422544,0.20428824925714253,0.7082963689367708,0.6555891350049419,FGA/FGB/FGG/RIMS4/RAB26/RAPGEF4/SCAMP5/RIMS3/LGI3/TRPV6/NPY,11
GO:0051258,protein polymerization,16/823,291/18860,0.054982817869415807,1.259995072924887,0.9547605137520125,0.20443994453642092,0.7082963689367708,0.6555891350049419,FGA/FGB/FGF13/FGG/WASF3/NPHS1/CYFIP2/HIP1R/NIN/PAK3/DAAM2/EVL/KANK4/NEFL/LMOD2/FAM107A,16
GO:0016125,sterol metabolic process,10/823,169/18860,0.05917159763313609,1.3559858218237506,0.9929717203724516,0.20449470888944848,0.7082963689367708,0.6555891350049419,ANGPTL3/ACADL/TM7SF2/LEPR/PRKAA2/APOA5/CYP7B1/GNAI1/SULT2A1/INSIG1,10
GO:0120254,olefinic compound metabolic process,10/823,169/18860,0.05917159763313609,1.3559858218237506,0.9929717203724516,0.20449470888944848,0.7082963689367708,0.6555891350049419,GSTM2/CYP2C8/ALDH1A1/PNPLA4/ADM/SCNN1B/ALOX15B/RDH12/ADH7/AFP,10
GO:0014013,regulation of gliogenesis,7/823,110/18860,0.06363636363636363,1.4583011156522698,1.0297308313614875,0.20489179903154695,0.7082963689367708,0.6555891350049419,PTPRZ1/DAAM2/ABCC8/IDH2/F2/NTN1/ID4,7
GO:0035249,"synaptic transmission, glutamatergic",7/823,110/18860,0.06363636363636363,1.4583011156522698,1.0297308313614875,0.20489179903154695,0.7082963689367708,0.6555891350049419,GRIA4/HOMER2/GRIA3/CNIH3/ABCC8/KCNJ8/DKK1,7
GO:1990830,cellular response to leukemia inhibitory factor,7/823,110/18860,0.06363636363636363,1.4583011156522698,1.0297308313614875,0.20489179903154695,0.7082963689367708,0.6555891350049419,SYNGR1/BCAT2/FZD4/INA/PTP4A3/PMM1/MRAS,7
GO:0006635,fatty acid beta-oxidation,5/823,72/18860,0.06944444444444445,1.591400027001485,1.0739508540259959,0.2053816971511203,0.7094584822997158,0.6566647707526365,PLIN5/ACADL/ECI2/ACAT1/ALDH1L2,5
GO:0051453,regulation of intracellular pH,6/823,91/18860,0.06593406593406594,1.5109556300321791,1.043663302707724,0.20631930526331566,0.7106857977612882,0.6578007566437378,LAMP2/SLC9A4/SLC4A2/SLC9A7/SLC9A3/ATP6V0E2,6
GO:0055013,cardiac muscle cell development,6/823,91/18860,0.06593406593406594,1.5109556300321791,1.043663302707724,0.20631930526331566,0.7106857977612882,0.6578007566437378,OBSL1/SORBS2/NRAP/NEBL/ALPK3/EDN1,6
GO:0006536,glutamate metabolic process,3/823,36/18860,0.08333333333333333,1.909680032401782,1.1669736516931,0.20650696745349675,0.7106857977612882,0.6578007566437378,ADHFE1/GLUL/GLS2,3
GO:0007617,mating behavior,3/823,36/18860,0.08333333333333333,1.909680032401782,1.1669736516931,0.20650696745349675,0.7106857977612882,0.6578007566437378,DRD5/SERPINA5/ADA,3
GO:0051873,killing by host of symbiont cells,3/823,36/18860,0.08333333333333333,1.909680032401782,1.1669736516931,0.20650696745349675,0.7106857977612882,0.6578007566437378,SCNN1B/F2/HRG,3
GO:0030833,regulation of actin filament polymerization,8/823,130/18860,0.06153846153846154,1.410225254696701,1.0025413079807042,0.2078427714433133,0.7142177142300007,0.6610698487415961,NPHS1/CYFIP2/HIP1R/PAK3/DAAM2/EVL/KANK4/LMOD2,8
GO:0043200,response to amino acid,8/823,130/18860,0.06153846153846154,1.410225254696701,1.0025413079807042,0.2078427714433133,0.7142177142300007,0.6610698487415961,SLC1A2/FUT1/PDGFD/EGFR/ALAD/EDN1/CDO1/SIX1,8
GO:0051336,regulation of hydrolase activity,11/823,190/18860,0.05789473684210526,1.3267250751422905,0.9668613576969749,0.20896994730430213,0.7164933795412554,0.6631761724761166,RAP1GAP/PLIN5/FGD4/GPSM1/EPHB3/APC2/ASAP3/RGS7/ODAM/SYDE1/PRTN3,11
GO:0001974,blood vessel remodeling,4/823,54/18860,0.07407407407407407,1.6974933621349173,1.0963919499235026,0.20897076681744955,0.7164933795412554,0.6631761724761166,ACVR2B/NPR3/CBS/HRG,4
GO:0046622,positive regulation of organ growth,4/823,54/18860,0.07407407407407407,1.6974933621349173,1.0963919499235026,0.20897076681744955,0.7164933795412554,0.6631761724761166,ERBB4/GATA6/CACNA2D2/EDN1,4
GO:0090090,negative regulation of canonical Wnt signaling pathway,9/823,150/18860,0.06,1.374969623329283,0.9848768233420943,0.2091941891517544,0.7167269361064191,0.6633923491406395,CDH2/PPP2R3A/IGFBP2/APC2/GPC3/ZNRF3/SOX2/SOSTDC1/DKK1,9
GO:1904951,positive regulation of establishment of protein localization,18/823,334/18860,0.05389221556886228,1.235002655684985,0.9256190174146766,0.21007360701059577,0.7192060061972548,0.6656869414719645,FGA/FGB/FGG/TMEM132A/MYRIP/GHRL/CHRM3/RAPGEF4/OXCT1/ZDHHC2/PRKD1/PLA2G1B/PTP4A3/C1QTNF3/PLA2G6/ABCC8/F2/TGFB3,18
GO:0048167,regulation of synaptic plasticity,13/823,231/18860,0.05627705627705628,1.289654047855749,0.9461672593150079,0.21075334394060122,0.7209982819020568,0.6673458466005695,DRD5/SYNGR1/DBN1/GRIA3/ZDHHC2/KIT/SCTR/ADCY1/SLC8A2/KCNJ10/SLITRK4/FAM107A/CAMK2B,13
GO:0050900,leukocyte migration,21/823,397/18860,0.05289672544080604,1.21218984424496,0.9127373188412499,0.21101217709811346,0.7212188629553493,0.6675500133142059,VEGFB/PDGFD/C5/CCL16/IL33/CYP7B1/PLA2G1B/SFTPD/GNAI1/KITLG/KIT/ADA/CHGA/RET/LRP12/FUT9/VAV3/PRTN3/CXCL17/EDN1/PLVAP,21
GO:0060079,excitatory postsynaptic potential,7/823,111/18860,0.06306306306306306,1.4451632677635107,1.0047750718322577,0.21113037569938828,0.7212188629553493,0.6675500133142059,CELF4/GHRL/SLC29A1/CUX2/SLC8A2/ADRB2/HTR3E,7
GO:0038034,signal transduction in absence of ligand,5/823,73/18860,0.0684931506849315,1.5696000266316017,1.041549245212865,0.21322220155196817,0.726302663854272,0.6722555077654413,COL2A1/BCL2L11/KITLG/RET/GPR62,5
GO:0051055,negative regulation of lipid biosynthetic process,5/823,73/18860,0.0684931506849315,1.5696000266316017,1.041549245212865,0.21322220155196817,0.726302663854272,0.6722555077654413,ACADL/PDE8B/ASXL3/ABCA2/INSIG1,5
GO:0072577,endothelial cell apoptotic process,5/823,73/18860,0.0684931506849315,1.5696000266316017,1.041549245212865,0.21322220155196817,0.726302663854272,0.6722555077654413,FGA/FGB/FGG/FUT1/PDCD4,5
GO:0033273,response to vitamin,6/823,92/18860,0.06521739130434782,1.49453219927096,1.0156792628067048,0.21324812774052843,0.726302663854272,0.6722555077654413,FOLR1/ALAD/CBS/KL/NNT/POSTN,6
GO:0045766,positive regulation of angiogenesis,11/823,191/18860,0.05759162303664921,1.3197788705603937,0.9488182188853361,0.21369681009903427,0.7263557309499541,0.6723046259211755,PDCD6/VEGFB/ANGPTL3/FUT1/GHRL/CCBE1/PRKD1/GATA6/BMPER/ADM/S100A1,11
GO:0050905,neuromuscular process,11/823,191/18860,0.05759162303664921,1.3197788705603937,0.9488182188853361,0.21369681009903427,0.7263557309499541,0.6723046259211755,PDE8B/GSTM2/DMD/LONRF2/PRKD1/ABCC8/IGDCC3/NEFL/CWH43/KCNJ8/ATP8A2,11
GO:0003002,regionalization,23/823,440/18860,0.05227272727272727,1.1978902021429358,0.8971868771255012,0.21385533017832276,0.7263557309499541,0.6723046259211755,SMARCD3/FOLR1/PPP2R3A/ACVR2B/PLD6/AR/DAAM2/GPC3/GREM2/FOXA1/IRX3/HOXC13/CFC1/IRX2/VANGL2/ZBTB16/GATA5/SOSTDC1/DAND5/HOXC4/EDN1/SIX1/DKK1,23
GO:0048705,skeletal system morphogenesis,13/823,232/18860,0.05603448275862069,1.2840951942011984,0.9300404984208261,0.21504305696057655,0.7263557309499541,0.6723046259211755,GHR/CHAD/COL2A1/ACVR2B/CBS/SP5/CHST11/SIX4/ATG9B/INSIG1/HOXC4/CSGALNACT1/SIX1,13
GO:0001946,lymphangiogenesis,2/823,20/18860,0.1,2.2916160388821387,1.2344828848047509,0.21641151247154644,0.7263557309499541,0.6723046259211755,ACVR2B/CCBE1,2
GO:0006857,oligopeptide transport,2/823,20/18860,0.1,2.2916160388821387,1.2344828848047509,0.21641151247154644,0.7263557309499541,0.6723046259211755,SLC13A3/ABCC5,2
GO:0033194,response to hydroperoxide,2/823,20/18860,0.1,2.2916160388821387,1.2344828848047509,0.21641151247154644,0.7263557309499541,0.6723046259211755,PRKD1/GPX3,2
GO:0033762,response to glucagon,2/823,20/18860,0.1,2.2916160388821387,1.2344828848047509,0.21641151247154644,0.7263557309499541,0.6723046259211755,FUT1/CDO1,2
GO:0034162,toll-like receptor 9 signaling pathway,2/823,20/18860,0.1,2.2916160388821387,1.2344828848047509,0.21641151247154644,0.7263557309499541,0.6723046259211755,PTPRS/RAB7B,2
GO:0035358,regulation of peroxisome proliferator activated receptor signaling pathway,2/823,20/18860,0.1,2.2916160388821387,1.2344828848047509,0.21641151247154644,0.7263557309499541,0.6723046259211755,PLIN5/ALOX15B,2
GO:0045721,negative regulation of gluconeogenesis,2/823,20/18860,0.1,2.2916160388821387,1.2344828848047509,0.21641151247154644,0.7263557309499541,0.6723046259211755,LEPR/C1QTNF3,2
GO:0060088,auditory receptor cell stereocilium organization,2/823,20/18860,0.1,2.2916160388821387,1.2344828848047509,0.21641151247154644,0.7263557309499541,0.6723046259211755,ANKRD24/LHFPL5,2
GO:0060749,mammary gland alveolus development,2/823,20/18860,0.1,2.2916160388821387,1.2344828848047509,0.21641151247154644,0.7263557309499541,0.6723046259211755,ERBB4/AR,2
GO:0061298,retina vasculature development in camera-type eye,2/823,20/18860,0.1,2.2916160388821387,1.2344828848047509,0.21641151247154644,0.7263557309499541,0.6723046259211755,FZD4/ACVR2B,2
GO:0061377,mammary gland lobule development,2/823,20/18860,0.1,2.2916160388821387,1.2344828848047509,0.21641151247154644,0.7263557309499541,0.6723046259211755,ERBB4/AR,2
GO:0071371,cellular response to gonadotropin stimulus,2/823,20/18860,0.1,2.2916160388821387,1.2344828848047509,0.21641151247154644,0.7263557309499541,0.6723046259211755,GATA6/EDN1,2
GO:0071380,cellular response to prostaglandin E stimulus,2/823,20/18860,0.1,2.2916160388821387,1.2344828848047509,0.21641151247154644,0.7263557309499541,0.6723046259211755,P2RY4/PRKAA2,2
GO:0097254,renal tubular secretion,2/823,20/18860,0.1,2.2916160388821387,1.2344828848047509,0.21641151247154644,0.7263557309499541,0.6723046259211755,SLC22A12/EDN1,2
GO:1901658,glycosyl compound catabolic process,2/823,20/18860,0.1,2.2916160388821387,1.2344828848047509,0.21641151247154644,0.7263557309499541,0.6723046259211755,ENPP4/ADA,2
GO:1904177,regulation of adipose tissue development,2/823,20/18860,0.1,2.2916160388821387,1.2344828848047509,0.21641151247154644,0.7263557309499541,0.6723046259211755,GHRL/ACVR2B,2
GO:1990823,response to leukemia inhibitory factor,7/823,112/18860,0.0625,1.4322600243013366,0.9800623544799832,0.2174384098485967,0.726919889748815,0.6728268033530687,SYNGR1/BCAT2/FZD4/INA/PTP4A3/PMM1/MRAS,7
GO:0007616,long-term memory,3/823,37/18860,0.08108108108108109,1.8580670585530852,1.115975771048204,0.2179972107069036,0.726919889748815,0.6728268033530687,SLC2A4/SGK1/ADCY1,3
GO:0010893,positive regulation of steroid biosynthetic process,3/823,37/18860,0.08108108108108109,1.8580670585530852,1.115975771048204,0.2179972107069036,0.726919889748815,0.6728268033530687,GNAI1/ADM/INSIG1,3
GO:0017145,stem cell division,3/823,37/18860,0.08108108108108109,1.8580670585530852,1.115975771048204,0.2179972107069036,0.726919889748815,0.6728268033530687,VANGL2/ZBTB16/FUT9,3
GO:0021772,olfactory bulb development,3/823,37/18860,0.08108108108108109,1.8580670585530852,1.115975771048204,0.2179972107069036,0.726919889748815,0.6728268033530687,FUT1/ERBB4/CRTAC1,3
GO:0045939,negative regulation of steroid metabolic process,3/823,37/18860,0.08108108108108109,1.8580670585530852,1.115975771048204,0.2179972107069036,0.726919889748815,0.6728268033530687,PDE8B/ABCA2/INSIG1,3
GO:0090183,regulation of kidney development,3/823,37/18860,0.08108108108108109,1.8580670585530852,1.115975771048204,0.2179972107069036,0.726919889748815,0.6728268033530687,RET/SIX4/SIX1,3
GO:0097484,dendrite extension,3/823,37/18860,0.08108108108108109,1.8580670585530852,1.115975771048204,0.2179972107069036,0.726919889748815,0.6728268033530687,SH3GL2/CYFIP2/NEDD4L,3
GO:1900746,regulation of vascular endothelial growth factor signaling pathway,3/823,37/18860,0.08108108108108109,1.8580670585530852,1.115975771048204,0.2179972107069036,0.726919889748815,0.6728268033530687,CCBE1/PTP4A3/HRG,3
GO:0060688,regulation of morphogenesis of a branching structure,4/823,55/18860,0.07272727272727272,1.6666298464597369,1.057563674564589,0.21821854651080932,0.7271325575071371,0.6730236456324258,AR/NTN4/SIX4/SIX1,4
GO:0072659,protein localization to plasma membrane,16/823,295/18860,0.05423728813559322,1.2429103939699733,0.8982282809112202,0.21960147983188769,0.7312127196422523,0.676800186191084,FGF13/CDH2/GGA2/PACSIN1/KCNIP3/RAB26/EGFR/TTC7B/AR/ZDHHC2/ZFYVE27/SORBS1/KCNIP4/TSPAN33/RAMP1/CAMK2B,16
GO:0006487,protein N-linked glycosylation,6/823,93/18860,0.06451612903225806,1.4784619605691216,0.9880264203945239,0.22025620145522598,0.7328640012371074,0.6783285891589625,ST3GAL1/MAN2A2/PMM1/ST8SIA5/CWH43/FUT9,6
GO:0015800,acidic amino acid transport,5/823,74/18860,0.06756756756756757,1.5483892154609045,1.0096357069837925,0.2211560563075731,0.7332149424277656,0.6786534153781999,KCNK2/SLC1A2/ABCC8/KCNJ10/KCNJ8,5
GO:0051148,negative regulation of muscle cell differentiation,5/823,74/18860,0.06756756756756757,1.5483892154609045,1.0096357069837925,0.2211560563075731,0.7332149424277656,0.6786534153781999,NFATC2/HDAC5/PDCD4/RBPMS2/DKK1,5
GO:0060420,regulation of heart growth,5/823,74/18860,0.06756756756756757,1.5483892154609045,1.0096357069837925,0.2211560563075731,0.7332149424277656,0.6786534153781999,KCNK2/ERBB4/GATA6/FGF20/EDN1,5
GO:0061180,mammary gland epithelium development,5/823,74/18860,0.06756756756756757,1.5483892154609045,1.0096357069837925,0.2211560563075731,0.7332149424277656,0.6786534153781999,DEAF1/ERBB4/AR/NTN1/SOSTDC1,5
GO:0072527,pyrimidine-containing compound metabolic process,5/823,74/18860,0.06756756756756757,1.5483892154609045,1.0096357069837925,0.2211560563075731,0.7332149424277656,0.6786534153781999,ALDH6A1/NME9/NME3/NT5M/TKTL1,5
GO:0002065,columnar/cuboidal epithelial cell differentiation,7/823,113/18860,0.061946902654867256,1.4195851568296434,0.9555876835326461,0.22381340675731065,0.7414923705563451,0.6863148861761187,CDH2/SLC9A4/GATA6/FOXA1/FST/GATA5/NPY,7
GO:0003231,cardiac ventricle development,8/823,133/18860,0.06015037593984962,1.3784156624854969,0.9354873385082392,0.22528131678485652,0.7443271018829815,0.6889386735339315,MYBPC3/SMARCD3/KCNK2/RYR2/ADAMTS19/PTK7/VANGL2/DAND5,8
GO:0008544,epidermis development,21/823,402/18860,0.05223880597014925,1.1971128561324602,0.8533216251070167,0.22749451177126986,0.7443271018829815,0.6889386735339315,EDA/ANKRD24/EGFR/SPRR2G/GATA6/LHFPL5/WDPCP/KCNQ1/ALOX15B/HOXC13/CNFN/FGF20/IGFBP5/FST/VANGL2/SOSTDC1/KRT73/APCDD1/KRT9/SOX21/DKK1,21
GO:0003009,skeletal muscle contraction,4/823,56/18860,0.07142857142857142,1.6368685992015275,1.0195201742141538,0.2275738541275054,0.7443271018829815,0.6889386735339315,GSTM2/DMD/PRKD1/ATP8A2,4
GO:0006111,regulation of gluconeogenesis,4/823,56/18860,0.07142857142857142,1.6368685992015275,1.0195201742141538,0.2275738541275054,0.7443271018829815,0.6889386735339315,LEPR/GNMT/C1QTNF3/PPARGC1A,4
GO:0071385,cellular response to glucocorticoid stimulus,4/823,56/18860,0.07142857142857142,1.6368685992015275,1.0195201742141538,0.2275738541275054,0.7443271018829815,0.6889386735339315,BCL2L11/SSTR2/FAM107A/EDN1,4
GO:0141156,cAMP/PKA signal transduction,4/823,56/18860,0.07142857142857142,1.6368685992015275,1.0195201742141538,0.2275738541275054,0.7443271018829815,0.6889386735339315,PDE1B/PDE8B/EDN1/ADRB2,4
GO:0043270,positive regulation of monoatomic ion transport,11/823,194/18860,0.05670103092783505,1.29936991895379,0.8952833117009266,0.22813865087007285,0.7443271018829815,0.6889386735339315,FGF13/FXYD4/PPP3CC/PLA2G1B/KCNQ1/ABCC8/F2/LRRC52/ATP1B2/LRRC26/EDN1,11
GO:0045109,intermediate filament organization,5/823,75/18860,0.06666666666666667,1.5277440259214257,0.9781950324002674,0.2291780690270789,0.7443271018829815,0.6889386735339315,INA/NEFL/KRT26/KRT73/KRT9,5
GO:0001580,detection of chemical stimulus involved in sensory perception of bitter taste,3/823,38/18860,0.07894736842105263,1.8091705570122145,1.0665373791656452,0.22961487818630988,0.7443271018829815,0.6889386735339315,AZGP1/TAS2R31/TAS2R39,3
GO:0009584,detection of visible light,3/823,38/18860,0.07894736842105263,1.8091705570122145,1.0665373791656452,0.22961487818630988,0.7443271018829815,0.6889386735339315,OPN4/OPN1MW/TTR,3
GO:0030224,monocyte differentiation,3/823,38/18860,0.07894736842105263,1.8091705570122145,1.0665373791656452,0.22961487818630988,0.7443271018829815,0.6889386735339315,PDE1B/CDK6/MT1G,3
GO:0031646,positive regulation of nervous system process,3/823,38/18860,0.07894736842105263,1.8091705570122145,1.0665373791656452,0.22961487818630988,0.7443271018829815,0.6889386735339315,WASF3/TAC4/CDK18,3
GO:0033146,regulation of intracellular estrogen receptor signaling pathway,3/823,38/18860,0.07894736842105263,1.8091705570122145,1.0665373791656452,0.22961487818630988,0.7443271018829815,0.6889386735339315,AR/CYP7B1/FOXA1,3
GO:0035909,aorta morphogenesis,3/823,38/18860,0.07894736842105263,1.8091705570122145,1.0665373791656452,0.22961487818630988,0.7443271018829815,0.6889386735339315,EFEMP2/TFAP2B/SIX1,3
GO:0046326,positive regulation of D-glucose import,3/823,38/18860,0.07894736842105263,1.8091705570122145,1.0665373791656452,0.22961487818630988,0.7443271018829815,0.6889386735339315,SLC1A2/GPC3/SORBS1,3
GO:0046329,negative regulation of JNK cascade,3/823,38/18860,0.07894736842105263,1.8091705570122145,1.0665373791656452,0.22961487818630988,0.7443271018829815,0.6889386735339315,DUSP19/MECOM/PDCD4,3
GO:0048730,epidermis morphogenesis,3/823,38/18860,0.07894736842105263,1.8091705570122145,1.0665373791656452,0.22961487818630988,0.7443271018829815,0.6889386735339315,IGFBP5/FST/SOSTDC1,3
GO:0055023,positive regulation of cardiac muscle tissue growth,3/823,38/18860,0.07894736842105263,1.8091705570122145,1.0665373791656452,0.22961487818630988,0.7443271018829815,0.6889386735339315,ERBB4/GATA6/EDN1,3
GO:0086004,regulation of cardiac muscle cell contraction,3/823,38/18860,0.07894736842105263,1.8091705570122145,1.0665373791656452,0.22961487818630988,0.7443271018829815,0.6889386735339315,MYBPC3/FGF13/RYR2,3
GO:1901889,negative regulation of cell junction assembly,3/823,38/18860,0.07894736842105263,1.8091705570122145,1.0665373791656452,0.22961487818630988,0.7443271018829815,0.6889386735339315,PTPN13/FAM107A/DKK1,3
GO:1902932,positive regulation of alcohol biosynthetic process,3/823,38/18860,0.07894736842105263,1.8091705570122145,1.0665373791656452,0.22961487818630988,0.7443271018829815,0.6889386735339315,GNAI1/PTH1R/INSIG1,3
GO:1905332,positive regulation of morphogenesis of an epithelium,3/823,38/18860,0.07894736842105263,1.8091705570122145,1.0665373791656452,0.22961487818630988,0.7443271018829815,0.6889386735339315,AR/SIX4/SIX1,3
GO:0048639,positive regulation of developmental growth,10/823,174/18860,0.05747126436781609,1.317020712001229,0.8973899141195087,0.22981218552727375,0.7443271018829815,0.6889386735339315,GHR/ERBB4/GHRL/NEDD4L/ZFYVE27/GATA6/CACNA2D2/NTN1/EDN1/ATP8A2,10
GO:0008584,male gonad development,9/823,154/18860,0.05844155844155844,1.3392561266194316,0.9029728448593011,0.23092310802189436,0.7443271018829815,0.6889386735339315,REC8/AR/NUPR1/GATA6/BCL2L11/KITLG/KIT/SIX4/AMHR2,9
GO:0043244,regulation of protein-containing complex disassembly,8/823,134/18860,0.05970149253731343,1.3681289784370976,0.9134967162606649,0.23120966856588893,0.7443271018829815,0.6889386735339315,FGF13/IGF1R/EIF5A2/BNIP3/APC2/NES/LMOD2/ADRB2,8
GO:0046777,protein autophosphorylation,8/823,134/18860,0.05970149253731343,1.3681289784370976,0.9134967162606649,0.23120966856588893,0.7443271018829815,0.6889386735339315,IGF1R/ERBB4/EPHB3/ULK1/ULK2/PRKD1/KIT/CAMK2B,8
GO:0002836,positive regulation of response to tumor cell,2/823,21/18860,0.09523809523809523,2.1824914656020367,1.1581260609462887,0.23273326284228432,0.7443271018829815,0.6889386735339315,HRG/SLC22A13,2
GO:0002839,positive regulation of immune response to tumor cell,2/823,21/18860,0.09523809523809523,2.1824914656020367,1.1581260609462887,0.23273326284228432,0.7443271018829815,0.6889386735339315,HRG/SLC22A13,2
GO:0006837,serotonin transport,2/823,21/18860,0.09523809523809523,2.1824914656020367,1.1581260609462887,0.23273326284228432,0.7443271018829815,0.6889386735339315,SLC18A2/GPM6B,2
GO:0007213,G protein-coupled acetylcholine receptor signaling pathway,2/823,21/18860,0.09523809523809523,2.1824914656020367,1.1581260609462887,0.23273326284228432,0.7443271018829815,0.6889386735339315,CHRM3/CHRM2,2
GO:0031643,positive regulation of myelination,2/823,21/18860,0.09523809523809523,2.1824914656020367,1.1581260609462887,0.23273326284228432,0.7443271018829815,0.6889386735339315,WASF3/CDK18,2
GO:0032332,positive regulation of chondrocyte differentiation,2/823,21/18860,0.09523809523809523,2.1824914656020367,1.1581260609462887,0.23273326284228432,0.7443271018829815,0.6889386735339315,GDF5/ZBTB16,2
GO:0033033,negative regulation of myeloid cell apoptotic process,2/823,21/18860,0.09523809523809523,2.1824914656020367,1.1581260609462887,0.23273326284228432,0.7443271018829815,0.6889386735339315,APOH/KITLG,2
GO:0034587,piRNA processing,2/823,21/18860,0.09523809523809523,2.1824914656020367,1.1581260609462887,0.23273326284228432,0.7443271018829815,0.6889386735339315,PLD6/TDRD9,2
GO:0035461,vitamin transmembrane transport,2/823,21/18860,0.09523809523809523,2.1824914656020367,1.1581260609462887,0.23273326284228432,0.7443271018829815,0.6889386735339315,GC/ABCC5,2
GO:0038092,nodal signaling pathway,2/823,21/18860,0.09523809523809523,2.1824914656020367,1.1581260609462887,0.23273326284228432,0.7443271018829815,0.6889386735339315,CFC1/DAND5,2
GO:0048268,clathrin coat assembly,2/823,21/18860,0.09523809523809523,2.1824914656020367,1.1581260609462887,0.23273326284228432,0.7443271018829815,0.6889386735339315,DNAJC6/HIP1R,2
GO:0048535,lymph node development,2/823,21/18860,0.09523809523809523,2.1824914656020367,1.1581260609462887,0.23273326284228432,0.7443271018829815,0.6889386735339315,RORC/TOX,2
GO:0055081,monoatomic anion homeostasis,2/823,21/18860,0.09523809523809523,2.1824914656020367,1.1581260609462887,0.23273326284228432,0.7443271018829815,0.6889386735339315,KCNQ1/CA12,2
GO:0060602,branch elongation of an epithelium,2/823,21/18860,0.09523809523809523,2.1824914656020367,1.1581260609462887,0.23273326284228432,0.7443271018829815,0.6889386735339315,SIX4/SIX1,2
GO:0071397,cellular response to cholesterol,2/823,21/18860,0.09523809523809523,2.1824914656020367,1.1581260609462887,0.23273326284228432,0.7443271018829815,0.6889386735339315,GPR155/GRAMD1A,2
GO:0071514,genomic imprinting,2/823,21/18860,0.09523809523809523,2.1824914656020367,1.1581260609462887,0.23273326284228432,0.7443271018829815,0.6889386735339315,NDN/ZDBF2,2
GO:0072520,seminiferous tubule development,2/823,21/18860,0.09523809523809523,2.1824914656020367,1.1581260609462887,0.23273326284228432,0.7443271018829815,0.6889386735339315,REC8/AR,2
GO:0090189,regulation of branching involved in ureteric bud morphogenesis,2/823,21/18860,0.09523809523809523,2.1824914656020367,1.1581260609462887,0.23273326284228432,0.7443271018829815,0.6889386735339315,SIX4/SIX1,2
GO:0097049,motor neuron apoptotic process,2/823,21/18860,0.09523809523809523,2.1824914656020367,1.1581260609462887,0.23273326284228432,0.7443271018829815,0.6889386735339315,RAPSN/NEFL,2
GO:1902570,protein localization to nucleolus,2/823,21/18860,0.09523809523809523,2.1824914656020367,1.1581260609462887,0.23273326284228432,0.7443271018829815,0.6889386735339315,GLUL/NMD3,2
GO:1904889,regulation of excitatory synapse assembly,2/823,21/18860,0.09523809523809523,2.1824914656020367,1.1581260609462887,0.23273326284228432,0.7443271018829815,0.6889386735339315,PTPRS/PTPN13,2
GO:1905874,regulation of postsynaptic density organization,2/823,21/18860,0.09523809523809523,2.1824914656020367,1.1581260609462887,0.23273326284228432,0.7443271018829815,0.6889386735339315,CDH2/PTPRS,2
GO:2000193,positive regulation of fatty acid transport,2/823,21/18860,0.09523809523809523,2.1824914656020367,1.1581260609462887,0.23273326284228432,0.7443271018829815,0.6889386735339315,FABP3/EDN1,2
GO:2000269,regulation of fibroblast apoptotic process,2/823,21/18860,0.09523809523809523,2.1824914656020367,1.1581260609462887,0.23273326284228432,0.7443271018829815,0.6889386735339315,NUPR1/BCL2L11,2
GO:1904018,positive regulation of vasculature development,11/823,195/18860,0.05641025641025641,1.2927064834719757,0.8776325981175991,0.2330363395921013,0.7447802681561962,0.6893581178486273,PDCD6/VEGFB/ANGPTL3/FUT1/GHRL/CCBE1/PRKD1/GATA6/BMPER/ADM/S100A1,11
GO:0006094,gluconeogenesis,6/823,95/18860,0.06315789473684211,1.4473364456097717,0.9336818061211506,0.2344961138342819,0.7478918903560545,0.692238191495665,LEPR/FBP2/GNMT/C1QTNF3/PPARGC1A/PGAM2,6
GO:0030641,regulation of cellular pH,6/823,95/18860,0.06315789473684211,1.4473364456097717,0.9336818061211506,0.2344961138342819,0.7478918903560545,0.692238191495665,LAMP2/SLC9A4/SLC4A2/SLC9A7/SLC9A3/ATP6V0E2,6
GO:0055017,cardiac muscle tissue growth,6/823,95/18860,0.06315789473684211,1.4473364456097717,0.9336818061211506,0.2344961138342819,0.7478918903560545,0.692238191495665,KCNK2/ERBB4/SORBS2/GATA6/FGF20/EDN1,6
GO:0003007,heart morphogenesis,15/823,278/18860,0.0539568345323741,1.2364834742169812,0.8485043289388906,0.23473584348567983,0.7481394459160307,0.6924673254324576,MYBPC3/SMARCD3/FOLR1/ZMIZ1/COL2A1/RYR2/PDCD4/GATA6/ADAMTS19/VANGL2/GATA5/EDN1/KCNJ8/SIX1/DKK1,15
GO:0046546,development of primary male sexual characteristics,9/823,155/18860,0.05806451612903226,1.3306157645122096,0.8828514729298939,0.23648166354640224,0.7531369723033051,0.6970929654118292,REC8/AR/NUPR1/GATA6/BCL2L11/KITLG/KIT/SIX4/AMHR2,9
GO:0072330,monocarboxylic acid biosynthetic process,13/823,237/18860,0.05485232067510549,1.2570045782897807,0.8504862693149521,0.23703645792171582,0.7531369723033051,0.6970929654118292,ME3/ACADL/GSTM2/CYP2C8/PRKAA2/APOA5/CYP7B1/PLA2G1B/ACSM2B/GPIHBP1/ALOX15B/INSIG1/EDN1,13
GO:0097529,myeloid leukocyte migration,13/823,237/18860,0.05485232067510549,1.2570045782897807,0.8504862693149521,0.23703645792171582,0.7531369723033051,0.6970929654118292,VEGFB/PDGFD/C5/CCL16/PLA2G1B/SFTPD/KITLG/KIT/CHGA/VAV3/PRTN3/CXCL17/EDN1,13
GO:0061844,antimicrobial humoral immune response mediated by antimicrobial peptide,8/823,135/18860,0.05925925925925926,1.3579946897079338,0.8916812836077411,0.23719254259110134,0.7531369723033051,0.6970929654118292,CCL16/PLA2G1B/ADM/PGC/F2/HRG/DEFB1/NPY,8
GO:0033627,cell adhesion mediated by integrin,5/823,76/18860,0.06578947368421052,1.507642130843512,0.9472126948769666,0.23728302442665344,0.7531369723033051,0.6970929654118292,ITGBL1/CD3E/ADA/RET/HRG,5
GO:1903053,regulation of extracellular matrix organization,5/823,76/18860,0.06578947368421052,1.507642130843512,0.9472126948769666,0.23728302442665344,0.7531369723033051,0.6970929654118292,LAMA2/LAMB2/EFEMP2/TIMP3/NID1,5
GO:0007015,actin filament organization,24/823,469/18860,0.0511727078891258,1.1726819815175122,0.8089242741709765,0.23828277756370475,0.7557903906917508,0.6995489320698237,CGNL1/WASF3/PACSIN1/NPHS1/CYFIP2/GHRL/HIP1R/DBN1/RHOBTB1/ASAP3/PAK3/DAAM2/EVL/PLA2G1B/NRAP/SORBS1/NEBL/KANK4/TPM2/TGFB3/LMOD2/FAM107A/GAS2/NLRP5,24
GO:0003205,cardiac chamber development,10/823,176/18860,0.056818181818181816,1.3020545675466695,0.8599711999539971,0.24026051269206775,0.7602738941782646,0.7036987996978726,MYBPC3/SMARCD3/KCNK2/RYR2/GATA6/ADAMTS19/PTK7/VANGL2/DAND5/KCNJ8,10
GO:0010880,regulation of release of sequestered calcium ion into cytosol by sarcoplasmic reticulum,3/823,39/18860,0.07692307692307693,1.762781568370876,1.0185638106419714,0.24134371722018585,0.7602738941782646,0.7036987996978726,GSTM2/DMD/RYR2,3
GO:0016266,protein O-linked glycosylation via N-acetyl-galactosamine,3/823,39/18860,0.07692307692307693,1.762781568370876,1.0185638106419714,0.24134371722018585,0.7602738941782646,0.7036987996978726,ST3GAL1/GALNT14/GXYLT2,3
GO:0019228,neuronal action potential,3/823,39/18860,0.07692307692307693,1.762781568370876,1.0185638106419714,0.24134371722018585,0.7602738941782646,0.7036987996978726,KCNK2/KCNMB2/SCN2A,3
GO:0021988,olfactory lobe development,3/823,39/18860,0.07692307692307693,1.762781568370876,1.0185638106419714,0.24134371722018585,0.7602738941782646,0.7036987996978726,FUT1/ERBB4/CRTAC1,3
GO:0038179,neurotrophin signaling pathway,3/823,39/18860,0.07692307692307693,1.762781568370876,1.0185638106419714,0.24134371722018585,0.7602738941782646,0.7036987996978726,CYFIP2/ZFYVE27/NDN,3
GO:0042044,fluid transport,3/823,39/18860,0.07692307692307693,1.762781568370876,1.0185638106419714,0.24134371722018585,0.7602738941782646,0.7036987996978726,AQP4/SCNN1B/EDN1,3
GO:0045880,positive regulation of smoothened signaling pathway,3/823,39/18860,0.07692307692307693,1.762781568370876,1.0185638106419714,0.24134371722018585,0.7602738941782646,0.7036987996978726,GPC3/FOXA1/DCDC2,3
GO:0050433,regulation of catecholamine secretion,3/823,39/18860,0.07692307692307693,1.762781568370876,1.0185638106419714,0.24134371722018585,0.7602738941782646,0.7036987996978726,CHGA/FGF20/FFAR3,3
GO:1902547,regulation of cellular response to vascular endothelial growth factor stimulus,3/823,39/18860,0.07692307692307693,1.762781568370876,1.0185638106419714,0.24134371722018585,0.7602738941782646,0.7036987996978726,CCBE1/PTP4A3/HRG,3
GO:0048771,tissue remodeling,11/823,197/18860,0.05583756345177665,1.2795825597819048,0.8426157199493559,0.24295112423911197,0.7648154422670543,0.7079023925915964,GDF5/LEPR/ACVR2B/NPR3/SLC4A2/CBS/MITF/IGFBP5/PTH1R/HRG/ADRB2,11
GO:0060291,long-term synaptic potentiation,7/823,116/18860,0.0603448275862069,1.3828717476012906,0.8835441844106307,0.24331471327007526,0.7654379016642109,0.708478532235472,GRIA3/ZDHHC2/ADCY1/SLC8A2/SLITRK4/FAM107A/CAMK2B,7
GO:0070527,platelet aggregation,5/823,77/18860,0.06493506493506493,1.4880623629104794,0.9166748090173411,0.2454656945048122,0.7716785968254144,0.7142548317083951,FGA/FGB/FGG/CELA2A/PDIA2,5
GO:0038084,vascular endothelial growth factor signaling pathway,4/823,58/18860,0.06896551724137931,1.5804248544014747,0.9456601078284594,0.24657306139554405,0.7717394424719402,0.7143111495811446,VEGFB/CCBE1/PTP4A3/HRG,4
GO:0042552,myelination,9/823,157/18860,0.05732484076433121,1.3136652452190603,0.8430196254652623,0.24773953225681222,0.7717394424719402,0.7143111495811446,WASF3/PTPRZ1/ABCA2/CDK18/MAL/SCN2A/KCNJ10/ID4/GPM6B,9
GO:0009791,post-embryonic development,6/823,97/18860,0.061855670103092786,1.417494457040498,0.8805672657115402,0.24901074558464195,0.7717394424719402,0.7143111495811446,GABRG2/ACVR2B/BCL2L11/CHST11/NDN/SLC18A2,6
GO:2000106,regulation of leukocyte apoptotic process,6/823,97/18860,0.061855670103092786,1.417494457040498,0.8805672657115402,0.24901074558464195,0.7717394424719402,0.7143111495811446,ST3GAL1/TSC22D3/BCL2L11/KITLG/RORC/ADA,6
GO:0002029,desensitization of G protein-coupled receptor signaling pathway,2/823,22/18860,0.09090909090909091,2.0832873080746714,1.0859621640417614,0.2491242370494581,0.7717394424719402,0.7143111495811446,GHRL/ADM,2
GO:0006491,N-glycan processing,2/823,22/18860,0.09090909090909091,2.0832873080746714,1.0859621640417614,0.2491242370494581,0.7717394424719402,0.7143111495811446,MAN2A2/ST8SIA5,2
GO:0007530,sex determination,2/823,22/18860,0.09090909090909091,2.0832873080746714,1.0859621640417614,0.2491242370494581,0.7717394424719402,0.7143111495811446,AR/SIX4,2
GO:0019370,leukotriene biosynthetic process,2/823,22/18860,0.09090909090909091,2.0832873080746714,1.0859621640417614,0.2491242370494581,0.7717394424719402,0.7143111495811446,GGT7/PLA2G1B,2
GO:0019430,removal of superoxide radicals,2/823,22/18860,0.09090909090909091,2.0832873080746714,1.0859621640417614,0.2491242370494581,0.7717394424719402,0.7143111495811446,MT3/SOD3,2
GO:0033630,positive regulation of cell adhesion mediated by integrin,2/823,22/18860,0.09090909090909091,2.0832873080746714,1.0859621640417614,0.2491242370494581,0.7717394424719402,0.7143111495811446,CD3E/RET,2
GO:0035930,corticosteroid hormone secretion,2/823,22/18860,0.09090909090909091,2.0832873080746714,1.0859621640417614,0.2491242370494581,0.7717394424719402,0.7143111495811446,GHRL/KCNQ1,2
GO:0043651,linoleic acid metabolic process,2/823,22/18860,0.09090909090909091,2.0832873080746714,1.0859621640417614,0.2491242370494581,0.7717394424719402,0.7143111495811446,GSTM2/ALOX15B,2
GO:0046485,ether lipid metabolic process,2/823,22/18860,0.09090909090909091,2.0832873080746714,1.0859621640417614,0.2491242370494581,0.7717394424719402,0.7143111495811446,TMEM86B/PLA2G6,2
GO:0048485,sympathetic nervous system development,2/823,22/18860,0.09090909090909091,2.0832873080746714,1.0859621640417614,0.2491242370494581,0.7717394424719402,0.7143111495811446,GFRA3/TFAP2B,2
GO:0070166,enamel mineralization,2/823,22/18860,0.09090909090909091,2.0832873080746714,1.0859621640417614,0.2491242370494581,0.7717394424719402,0.7143111495811446,SLC4A2/FAM20A,2
GO:0071468,cellular response to acidic pH,2/823,22/18860,0.09090909090909091,2.0832873080746714,1.0859621640417614,0.2491242370494581,0.7717394424719402,0.7143111495811446,SCNN1B/SCNN1G,2
GO:0072111,cell proliferation involved in kidney development,2/823,22/18860,0.09090909090909091,2.0832873080746714,1.0859621640417614,0.2491242370494581,0.7717394424719402,0.7143111495811446,PDGFD/GPC3,2
GO:0072574,hepatocyte proliferation,2/823,22/18860,0.09090909090909091,2.0832873080746714,1.0859621640417614,0.2491242370494581,0.7717394424719402,0.7143111495811446,HPN/FGL1,2
GO:0072575,epithelial cell proliferation involved in liver morphogenesis,2/823,22/18860,0.09090909090909091,2.0832873080746714,1.0859621640417614,0.2491242370494581,0.7717394424719402,0.7143111495811446,HPN/FGL1,2
GO:0150078,positive regulation of neuroinflammatory response,2/823,22/18860,0.09090909090909091,2.0832873080746714,1.0859621640417614,0.2491242370494581,0.7717394424719402,0.7143111495811446,IL33/NUPR1,2
GO:1905038,regulation of membrane lipid metabolic process,2/823,22/18860,0.09090909090909091,2.0832873080746714,1.0859621640417614,0.2491242370494581,0.7717394424719402,0.7143111495811446,ABCA2/PLA2G6,2
GO:0010720,positive regulation of cell development,23/823,451/18860,0.050997782705099776,1.1686733679443277,0.7744560628204548,0.24916398034305326,0.7717394424719402,0.7143111495811446,SMARCD3/ROBO3/ZMIZ1/FZD4/OBSL1/DBN1/PTPRZ1/NIN/ZFYVE27/KITLG/CUX2/KIT/ADA/TOX/NEFL/ZBTB16/CHODL/RASSF10/BRD4/NTN1/ID4/PROC/CAMK2B,23
GO:0007229,integrin-mediated signaling pathway,7/823,117/18860,0.05982905982905983,1.3710523309551257,0.8599746266583701,0.24993195477501218,0.7730804097095718,0.7155523299541411,ANGPTL3/LAMA2/ITGBL1/PRKD1/LAMB2/VAV3/NID1,7
GO:0090263,positive regulation of canonical Wnt signaling pathway,7/823,117/18860,0.05982905982905983,1.3710523309551257,0.8599746266583701,0.24993195477501218,0.7730804097095718,0.7155523299541411,EDA/PPP2R3A/EGFR/DAAM2/GPC3/TBL1X/PTK7,7
GO:0035264,multicellular organism growth,10/823,178/18860,0.056179775280898875,1.2874247409450217,0.8229994805683858,0.2508774044170236,0.7754850779534922,0.7177780569847229,GDF5/GHR/SLC1A2/GHRL/AR/CACNA2D2/SCNN1B/GUCA2B/ADRB2/ATP8A2,10
GO:0070372,regulation of ERK1 and ERK2 cascade,16/823,303/18860,0.052805280528052806,1.210094277957565,0.7875148463027897,0.2513236774931937,0.7763445593246914,0.7185735808267314,FGA/FGB/FGG/VEGFB/PDE8B/ERBB4/PDGFD/EGFR/MT3/BMPER/FGF20/GCNT2/DUSP26/FBLN1/CXCL17/NPY,16
GO:0002335,mature B cell differentiation,3/823,40/18860,0.075,1.7187120291616038,0.9719685106357742,0.25316791937864797,0.7773585814587228,0.7195121454204246,ST3GAL1/ITM2A/ADA,3
GO:0002691,regulation of cellular extravasation,3/823,40/18860,0.075,1.7187120291616038,0.9719685106357742,0.25316791937864797,0.7773585814587228,0.7195121454204246,PDGFD/FUT9/PLVAP,3
GO:0035136,forelimb morphogenesis,3/823,40/18860,0.075,1.7187120291616038,0.9719685106357742,0.25316791937864797,0.7773585814587228,0.7195121454204246,GDF5/ZBTB16/TFAP2B,3
GO:0042759,long-chain fatty acid biosynthetic process,3/823,40/18860,0.075,1.7187120291616038,0.9719685106357742,0.25316791937864797,0.7773585814587228,0.7195121454204246,GSTM2/CYP2C8/ALOX15B,3
GO:0060122,inner ear receptor cell stereocilium organization,3/823,40/18860,0.075,1.7187120291616038,0.9719685106357742,0.25316791937864797,0.7773585814587228,0.7195121454204246,ANKRD24/LHFPL5/VANGL2,3
GO:0071312,cellular response to alkaloid,3/823,40/18860,0.075,1.7187120291616038,0.9719685106357742,0.25316791937864797,0.7773585814587228,0.7195121454204246,SLC1A2/GSTM2/RYR2,3
GO:0098732,macromolecule deacylation,3/823,40/18860,0.075,1.7187120291616038,0.9719685106357742,0.25316791937864797,0.7773585814587228,0.7195121454204246,BEX4/PRKAA2/SIRT4,3
GO:0106056,regulation of calcineurin-mediated signaling,3/823,40/18860,0.075,1.7187120291616038,0.9719685106357742,0.25316791937864797,0.7773585814587228,0.7195121454204246,HOMER2/PPP3CC/SLC8A2,3
GO:1902110,positive regulation of mitochondrial membrane permeability involved in apoptotic process,3/823,40/18860,0.075,1.7187120291616038,0.9719685106357742,0.25316791937864797,0.7773585814587228,0.7195121454204246,HIP1R/BNIP3/BCL2L11,3
GO:0046513,ceramide biosynthetic process,5/823,78/18860,0.0641025641025641,1.468984640309063,0.8865680941870305,0.25372084830715635,0.7780210730481905,0.720125338297213,ST3GAL1/CERS4/PLA2G6/PNPLA1/CYP4F22,5
GO:0050795,regulation of behavior,5/823,78/18860,0.0641025641025641,1.468984640309063,0.8865680941870305,0.25372084830715635,0.7780210730481905,0.720125338297213,GHRL/LEPR/ADA/RXFP4/NPY,5
GO:0032507,maintenance of protein location in cell,4/823,59/18860,0.06779661016949153,1.5536379924624668,0.9097844539997955,0.2562001301412753,0.7826991888056184,0.7244553362999828,DBN1/SYNE1/PDIA2/INSIG1,4
GO:0050885,neuromuscular process controlling balance,4/823,59/18860,0.06779661016949153,1.5536379924624668,0.9097844539997955,0.2562001301412753,0.7826991888056184,0.7244553362999828,PDE8B/IGDCC3/NEFL/CWH43,4
GO:0061005,cell differentiation involved in kidney development,4/823,59/18860,0.06779661016949153,1.5536379924624668,0.9097844539997955,0.2562001301412753,0.7826991888056184,0.7244553362999828,NPHS1/LAMB2/GLIS2/EDN1,4
GO:0086065,cell communication involved in cardiac conduction,4/823,59/18860,0.06779661016949153,1.5536379924624668,0.9097844539997955,0.2562001301412753,0.7826991888056184,0.7244553362999828,RYR2/KCNQ1/IRX3/ATP1B2,4
GO:0019319,hexose biosynthetic process,6/823,98/18860,0.061224489795918366,1.4030302278870237,0.8544530166040131,0.256362129236262,0.7826991888056184,0.7244553362999828,LEPR/FBP2/GNMT/C1QTNF3/PPARGC1A/PGAM2,6
GO:0031503,protein-containing complex localization,6/823,98/18860,0.061224489795918366,1.4030302278870237,0.8544530166040131,0.256362129236262,0.7826991888056184,0.7244553362999828,GPR155/KIF17/ERBB4/RAPSN/CNIH3/CACNA2D2,6
GO:0002444,myeloid leukocyte mediated immunity,7/823,118/18860,0.059322033898305086,1.3594332434046583,0.8366202532156717,0.2566032226788517,0.7826991888056184,0.7244553362999828,PLA2G1B/KIT/SCNN1B/CHGA/F2/SLC18A2/DNASE1,7
GO:0048477,oogenesis,7/823,118/18860,0.059322033898305086,1.3594332434046583,0.8366202532156717,0.2566032226788517,0.7826991888056184,0.7244553362999828,PAQR5/REC8/PLD6/EDN1/PAQR7/ZAR1/ZAR1L,7
GO:0007272,ensheathment of neurons,9/823,159/18860,0.05660377358490566,1.2971411540842295,0.8037223549475294,0.25917444659955946,0.789230426988503,0.7305005582983053,WASF3/PTPRZ1/ABCA2/CDK18/MAL/SCN2A/KCNJ10/ID4/GPM6B,9
GO:0008366,axon ensheathment,9/823,159/18860,0.05660377358490566,1.2971411540842295,0.8037223549475294,0.25917444659955946,0.789230426988503,0.7305005582983053,WASF3/PTPRZ1/ABCA2/CDK18/MAL/SCN2A/KCNJ10/ID4/GPM6B,9
GO:0048469,cell maturation,12/823,221/18860,0.05429864253393665,1.2443164012029713,0.7803951298627863,0.25925749237585494,0.789230426988503,0.7305005582983053,REC8/HBZ/PLD6/NTN4/FOXA1/RET/PTH1R/EDN1/ZAR1/ZAR1L/SRRM4/DEFB1,12
GO:0042330,taxis,24/823,476/18860,0.05042016806722689,1.1554366582599018,0.7336923936716735,0.26097915615115336,0.7937183179632716,0.7346544869236372,ROBO3/VEGFB/PDGFD/C5/CCL16/CYP7B1/PTGDR2/PRKD1/PLA2G1B/SFTPD/OPN4/FLRT3/KIT/PLA2G6/SERPIND1/PIK3C2G/CHGA/SEMA3D/VAV3/NTN1/CXCL17/HRG/EDN1/DEFB1,24
GO:0031623,receptor internalization,8/823,139/18860,0.05755395683453238,1.3189157058314467,0.8061129191899267,0.2616293796605749,0.7937183179632716,0.7346544869236372,SH3GL2/GHR/GHRL/SUSD4/NEDD4L/ADM/RAMP1/DKK1,8
GO:0046425,regulation of receptor signaling pathway via JAK-STAT,5/823,79/18860,0.06329113924050633,1.45038989802667,0.8568798406009748,0.262043261274872,0.7937183179632716,0.7346544869236372,GHR/ERBB4/CSH1/KIT/F2,5
GO:0021543,pallium development,11/823,201/18860,0.05472636815920398,1.2541182302340061,0.7736896082085818,0.2632282345490801,0.7937183179632716,0.7346544869236372,FGF13/CDH2/ZMIZ1/PTPRS/EGFR/CDK6/BNIP3/NEFL/ID4/KIF26A/NPY,11
GO:0044272,sulfur compound biosynthetic process,7/823,119/18860,0.058823529411764705,1.348009434636552,0.8134768786305315,0.26332586220334336,0.7937183179632716,0.7346544869236372,PAPSS1/SLC1A2/GGT7/SIRT4/CBS/ACAT1/CDO1,7
GO:0006887,exocytosis,19/823,370/18860,0.051351351351351354,1.1767758037502873,0.7335543928951648,0.26469891629382236,0.7937183179632716,0.7346544869236372,FGA/FGB/FGG/SYNGR1/RIMS4/RAB26/SYTL3/RAPGEF4/SYN2/KIT/ERC2/CHGA/SCAMP5/RIMS3/LGI3/SLC18A2/NLRP5/TRPV6/NPY,19
GO:0072539,T-helper 17 cell differentiation,3/823,41/18860,0.07317073170731707,1.6767922235722965,0.9266721529620551,0.2650721443829726,0.7937183179632716,0.7346544869236372,RORC/RORA/BRD4,3
GO:0002283,neutrophil activation involved in immune response,2/823,23/18860,0.08695652173913043,1.9927095990279466,1.0175537652875222,0.26554736358294506,0.7937183179632716,0.7346544869236372,SCNN1B/DNASE1,2
GO:0006085,acetyl-CoA biosynthetic process,2/823,23/18860,0.08695652173913043,1.9927095990279466,1.0175537652875222,0.26554736358294506,0.7937183179632716,0.7346544869236372,SIRT4/ACAT1,2
GO:0008090,retrograde axonal transport,2/823,23/18860,0.08695652173913043,1.9927095990279466,1.0175537652875222,0.26554736358294506,0.7937183179632716,0.7346544869236372,NEFL/KIF1A,2
GO:0010955,negative regulation of protein processing,2/823,23/18860,0.08695652173913043,1.9927095990279466,1.0175537652875222,0.26554736358294506,0.7937183179632716,0.7346544869236372,SIRT4/GAS1,2
GO:0015874,norepinephrine transport,2/823,23/18860,0.08695652173913043,1.9927095990279466,1.0175537652875222,0.26554736358294506,0.7937183179632716,0.7346544869236372,SLC6A2/FFAR3,2
GO:0018345,protein palmitoylation,2/823,23/18860,0.08695652173913043,1.9927095990279466,1.0175537652875222,0.26554736358294506,0.7937183179632716,0.7346544869236372,GLUL/ZDHHC2,2
GO:0022401,negative adaptation of signaling pathway,2/823,23/18860,0.08695652173913043,1.9927095990279466,1.0175537652875222,0.26554736358294506,0.7937183179632716,0.7346544869236372,GHRL/ADM,2
GO:0023058,adaptation of signaling pathway,2/823,23/18860,0.08695652173913043,1.9927095990279466,1.0175537652875222,0.26554736358294506,0.7937183179632716,0.7346544869236372,GHRL/ADM,2
GO:0030539,male genitalia development,2/823,23/18860,0.08695652173913043,1.9927095990279466,1.0175537652875222,0.26554736358294506,0.7937183179632716,0.7346544869236372,AR/SYCP2,2
GO:0031290,retinal ganglion cell axon guidance,2/823,23/18860,0.08695652173913043,1.9927095990279466,1.0175537652875222,0.26554736358294506,0.7937183179632716,0.7346544869236372,PTPRM/EPHB3,2
GO:0032413,negative regulation of ion transmembrane transporter activity,2/823,23/18860,0.08695652173913043,1.9927095990279466,1.0175537652875222,0.26554736358294506,0.7937183179632716,0.7346544869236372,KCNE2/KCNQ1,2
GO:0038128,ERBB2 signaling pathway,2/823,23/18860,0.08695652173913043,1.9927095990279466,1.0175537652875222,0.26554736358294506,0.7937183179632716,0.7346544869236372,ERBB4/EGFR,2
GO:0042537,benzene-containing compound metabolic process,2/823,23/18860,0.08695652173913043,1.9927095990279466,1.0175537652875222,0.26554736358294506,0.7937183179632716,0.7346544869236372,GSTM2/GSTM3,2
GO:0042659,regulation of cell fate specification,2/823,23/18860,0.08695652173913043,1.9927095990279466,1.0175537652875222,0.26554736358294506,0.7937183179632716,0.7346544869236372,CHD3/DKK1,2
GO:0042749,regulation of circadian sleep/wake cycle,2/823,23/18860,0.08695652173913043,1.9927095990279466,1.0175537652875222,0.26554736358294506,0.7937183179632716,0.7346544869236372,GHRL/ADA,2
GO:0043501,skeletal muscle adaptation,2/823,23/18860,0.08695652173913043,1.9927095990279466,1.0175537652875222,0.26554736358294506,0.7937183179632716,0.7346544869236372,IGFBP5/CAMK2B,2
GO:0071450,cellular response to oxygen radical,2/823,23/18860,0.08695652173913043,1.9927095990279466,1.0175537652875222,0.26554736358294506,0.7937183179632716,0.7346544869236372,MT3/SOD3,2
GO:0071451,cellular response to superoxide,2/823,23/18860,0.08695652173913043,1.9927095990279466,1.0175537652875222,0.26554736358294506,0.7937183179632716,0.7346544869236372,MT3/SOD3,2
GO:0072529,pyrimidine-containing compound catabolic process,2/823,23/18860,0.08695652173913043,1.9927095990279466,1.0175537652875222,0.26554736358294506,0.7937183179632716,0.7346544869236372,ALDH6A1/NT5M,2
GO:1901317,regulation of flagellated sperm motility,2/823,23/18860,0.08695652173913043,1.9927095990279466,1.0175537652875222,0.26554736358294506,0.7937183179632716,0.7346544869236372,TAC4/DEFB1,2
GO:2001014,regulation of skeletal muscle cell differentiation,2/823,23/18860,0.08695652173913043,1.9927095990279466,1.0175537652875222,0.26554736358294506,0.7937183179632716,0.7346544869236372,SIX4/SIX1,2
GO:0046324,regulation of D-glucose import,4/823,60/18860,0.06666666666666667,1.5277440259214257,0.8745751265063596,0.2659010988026673,0.7942612109866083,0.7351569810534656,SLC1A2/GPC3/PLA2G1B/SORBS1,4
GO:0050806,positive regulation of synaptic transmission,10/823,181/18860,0.055248618784530384,1.2660862093271483,0.7683550290981521,0.2670958998254895,0.7973140864777709,0.7379826795750231,LAMA2/GRIA3/RAPSN/ZDHHC2/ADCY1/NALCN/SLC8A2/SLITRK4/FAM107A/CAMK2B,10
GO:0006959,humoral immune response,16/823,307/18860,0.05211726384364821,1.1943275772675641,0.7332864279410497,0.2678185474120026,0.7989544901786633,0.7395010141175835,FGA/FGB/SUSD4/C5/CCL16/PLA2G1B/GATA6/PLA2G6/ADM/PGC/TF/F2/PRTN3/HRG/DEFB1/NPY,16
GO:0043279,response to alkaloid,6/823,100/18860,0.06,1.374969623329283,0.8030762173594057,0.27123499795532263,0.8075803326218155,0.7474849722938535,DRD5/SLC1A2/GSTM2/HOMER2/RYR2/HDAC5,6
GO:0046364,monosaccharide biosynthetic process,6/823,100/18860,0.06,1.374969623329283,0.8030762173594057,0.27123499795532263,0.8075803326218155,0.7474849722938535,LEPR/FBP2/GNMT/C1QTNF3/PPARGC1A/PGAM2,6
GO:0051262,protein tetramerization,6/823,100/18860,0.06,1.374969623329283,0.8030762173594057,0.27123499795532263,0.8075803326218155,0.7474849722938535,AQP4/GRIA3/KCNJ12/CRTC1/GNMT/EVL,6
GO:0034113,heterotypic cell-cell adhesion,4/823,61/18860,0.06557377049180328,1.502699041889927,0.8400065959751273,0.2756677907119894,0.8185318218875728,0.757621516387015,FGA/FGB/FGG/GCNT2,4
GO:0034204,lipid translocation,4/823,61/18860,0.06557377049180328,1.502699041889927,0.8400065959751273,0.2756677907119894,0.8185318218875728,0.757621516387015,ATP8A1/ABCA2/ATG9B/ATP8A2,4
GO:0060350,endochondral bone morphogenesis,4/823,61/18860,0.06557377049180328,1.502699041889927,0.8400065959751273,0.2756677907119894,0.8185318218875728,0.757621516387015,GHR/COL2A1/CBS/CSGALNACT1,4
GO:0006720,isoprenoid metabolic process,7/823,121/18860,0.05785123966942149,1.3257282869566092,0.767806969692399,0.2769145682573671,0.8185318218875728,0.757621516387015,CYP2C8/ALDH1A1/PNPLA4/SCPEP1/RDH12/ADH7/TTR,7
GO:0015695,organic cation transport,7/823,121/18860,0.05785123966942149,1.3257282869566092,0.767806969692399,0.2769145682573671,0.8185318218875728,0.757621516387015,SLC1A2/SLC6A2/FFAR3/SLC35F3/SLC16A10/SLC5A7/SLC6A5,7
GO:0051702,biological process involved in interaction with symbiont,3/823,42/18860,0.07142857142857142,1.6368685992015275,0.882601873221227,0.27704153971579387,0.8185318218875728,0.757621516387015,SCNN1B/F2/HRG,3
GO:0060391,positive regulation of SMAD protein signal transduction,3/823,42/18860,0.07142857142857142,1.6368685992015275,0.882601873221227,0.27704153971579387,0.8185318218875728,0.757621516387015,GDF5/BMPER/TGFB3,3
GO:0060421,positive regulation of heart growth,3/823,42/18860,0.07142857142857142,1.6368685992015275,0.882601873221227,0.27704153971579387,0.8185318218875728,0.757621516387015,ERBB4/GATA6/EDN1,3
GO:0060999,positive regulation of dendritic spine development,3/823,42/18860,0.07142857142857142,1.6368685992015275,0.882601873221227,0.27704153971579387,0.8185318218875728,0.757621516387015,DBN1/CUX2/CAMK2B,3
GO:0071398,cellular response to fatty acid,3/823,42/18860,0.07142857142857142,1.6368685992015275,0.882601873221227,0.27704153971579387,0.8185318218875728,0.757621516387015,KCNK2/FFAR3/EDN1,3
GO:0097178,ruffle assembly,3/823,42/18860,0.07142857142857142,1.6368685992015275,0.882601873221227,0.27704153971579387,0.8185318218875728,0.757621516387015,ARHGAP24/EVL/WDPCP,3
GO:1902686,mitochondrial outer membrane permeabilization involved in programmed cell death,3/823,42/18860,0.07142857142857142,1.6368685992015275,0.882601873221227,0.27704153971579387,0.8185318218875728,0.757621516387015,HIP1R/BNIP3/BCL2L11,3
GO:0010721,negative regulation of cell development,15/823,288/18860,0.052083333333333336,1.193550020251114,0.7070289922002855,0.27724428933515194,0.8186067788110852,0.757690895458832,FGF13/PTPRS/LRRC17/CDK6/ULK1/ULK2/DAAM2/SLC4A2/MT3/ABCC8/IDH2/F2/NTN1/ID4/S1PR3,15
GO:0070371,ERK1 and ERK2 cascade,17/823,331/18860,0.0513595166163142,1.1769629202717933,0.6938208999360622,0.27910049432708595,0.8210002516630948,0.7599062601924704,FGA/FGB/FGG/VEGFB/PDE8B/ERBB4/PDGFD/EGFR/MT3/BMPER/FGF20/GCNT2/DUSP26/FBLN1/CXCL17/EDN1/NPY,17
GO:0002227,innate immune response in mucosa,2/823,24/18860,0.08333333333333333,1.909680032401782,0.9525264348005729,0.2819686671475634,0.8210002516630948,0.7599062601924704,PLA2G1B/DEFB1,2
GO:0009074,aromatic amino acid family catabolic process,2/823,24/18860,0.08333333333333333,1.909680032401782,0.9525264348005729,0.2819686671475634,0.8210002516630948,0.7599062601924704,HDC/CARNS1,2
GO:0009147,pyrimidine nucleoside triphosphate metabolic process,2/823,24/18860,0.08333333333333333,1.909680032401782,0.9525264348005729,0.2819686671475634,0.8210002516630948,0.7599062601924704,NME9/NME3,2
GO:0009190,cyclic nucleotide biosynthetic process,2/823,24/18860,0.08333333333333333,1.909680032401782,0.9525264348005729,0.2819686671475634,0.8210002516630948,0.7599062601924704,NPR3/ADCY1,2
GO:0009713,catechol-containing compound biosynthetic process,2/823,24/18860,0.08333333333333333,1.909680032401782,0.9525264348005729,0.2819686671475634,0.8210002516630948,0.7599062601924704,HDC/KL,2
GO:0034755,iron ion transmembrane transport,2/823,24/18860,0.08333333333333333,1.909680032401782,0.9525264348005729,0.2819686671475634,0.8210002516630948,0.7599062601924704,TF/ABCC5,2
GO:0035162,embryonic hemopoiesis,2/823,24/18860,0.08333333333333333,1.909680032401782,0.9525264348005729,0.2819686671475634,0.8210002516630948,0.7599062601924704,KITLG/KIT,2
GO:0036303,lymph vessel morphogenesis,2/823,24/18860,0.08333333333333333,1.909680032401782,0.9525264348005729,0.2819686671475634,0.8210002516630948,0.7599062601924704,ACVR2B/CCBE1,2
GO:0042423,catecholamine biosynthetic process,2/823,24/18860,0.08333333333333333,1.909680032401782,0.9525264348005729,0.2819686671475634,0.8210002516630948,0.7599062601924704,HDC/KL,2
GO:0045061,thymic T cell selection,2/823,24/18860,0.08333333333333333,1.909680032401782,0.9525264348005729,0.2819686671475634,0.8210002516630948,0.7599062601924704,CD3E/TOX,2
GO:0045542,positive regulation of cholesterol biosynthetic process,2/823,24/18860,0.08333333333333333,1.909680032401782,0.9525264348005729,0.2819686671475634,0.8210002516630948,0.7599062601924704,GNAI1/INSIG1,2
GO:0046058,cAMP metabolic process,2/823,24/18860,0.08333333333333333,1.909680032401782,0.9525264348005729,0.2819686671475634,0.8210002516630948,0.7599062601924704,PDE8B/ADCY1,2
GO:0048015,phosphatidylinositol-mediated signaling,2/823,24/18860,0.08333333333333333,1.909680032401782,0.9525264348005729,0.2819686671475634,0.8210002516630948,0.7599062601924704,PLCL1/PIK3C2G,2
GO:0050961,detection of temperature stimulus involved in sensory perception,2/823,24/18860,0.08333333333333333,1.909680032401782,0.9525264348005729,0.2819686671475634,0.8210002516630948,0.7599062601924704,TAC4/OPN4,2
GO:0072576,liver morphogenesis,2/823,24/18860,0.08333333333333333,1.909680032401782,0.9525264348005729,0.2819686671475634,0.8210002516630948,0.7599062601924704,HPN/FGL1,2
GO:0090630,activation of GTPase activity,2/823,24/18860,0.08333333333333333,1.909680032401782,0.9525264348005729,0.2819686671475634,0.8210002516630948,0.7599062601924704,APC2/SYDE1,2
GO:0097150,neuronal stem cell population maintenance,2/823,24/18860,0.08333333333333333,1.909680032401782,0.9525264348005729,0.2819686671475634,0.8210002516630948,0.7599062601924704,CDH2/SOX2,2
GO:0098801,regulation of renal system process,2/823,24/18860,0.08333333333333333,1.909680032401782,0.9525264348005729,0.2819686671475634,0.8210002516630948,0.7599062601924704,EDN1/TTR,2
GO:0106120,positive regulation of sterol biosynthetic process,2/823,24/18860,0.08333333333333333,1.909680032401782,0.9525264348005729,0.2819686671475634,0.8210002516630948,0.7599062601924704,GNAI1/INSIG1,2
GO:1900273,positive regulation of long-term synaptic potentiation,2/823,24/18860,0.08333333333333333,1.909680032401782,0.9525264348005729,0.2819686671475634,0.8210002516630948,0.7599062601924704,ZDHHC2/ADCY1,2
GO:2001026,regulation of endothelial cell chemotaxis,2/823,24/18860,0.08333333333333333,1.909680032401782,0.9525264348005729,0.2819686671475634,0.8210002516630948,0.7599062601924704,PRKD1/HRG,2
GO:0002064,epithelial cell development,12/823,226/18860,0.05309734513274336,1.2167872772825514,0.7003450447106856,0.28393591643950966,0.8262069699674256,0.7647255252615186,CDH2/NPHS1/PTPRS/CDK6/AR/SLC9A4/LAMB2/SIDT2/FOXA1/PROC/GSTM3/S1PR3,12
GO:0051896,regulation of phosphatidylinositol 3-kinase/protein kinase B signal transduction,16/823,311/18860,0.05144694533762058,1.1789664508718398,0.6797804410426942,0.28468860927296324,0.8278751933174072,0.766269609279133,IGF1R/PDCD6/VEGFB/ERBB4/PDGFD/EGFR/PTPN13/IL33/PRKD1/KIT/IGFBP5/RET/F2/GCNT2/VAV3/TSPYL5,16
GO:0001541,ovarian follicle development,4/823,62/18860,0.06451612903225806,1.4784619605691216,0.8060547338325047,0.28549215073142054,0.8284576419199178,0.7668087154954727,KITLG/KIT/MMP19/GAS2,4
GO:0010574,regulation of vascular endothelial growth factor production,4/823,62/18860,0.06451612903225806,1.4784619605691216,0.8060547338325047,0.28549215073142054,0.8284576419199178,0.7668087154954727,C5/CCBE1/RORA/CXCL17,4
GO:0071870,cellular response to catecholamine stimulus,4/823,62/18860,0.06451612903225806,1.4784619605691216,0.8060547338325047,0.28549215073142054,0.8284576419199178,0.7668087154954727,DRD5/APLP1/PRKD1/HTR3E,4
GO:0043491,phosphatidylinositol 3-kinase/protein kinase B signal transduction,18/823,354/18860,0.05084745762711865,1.16522849434685,0.6703589200900241,0.2856069573769424,0.8284576419199178,0.7668087154954727,IGF1R/PDCD6/VEGFB/ERBB4/PDGFD/EGFR/PTPN13/IL33/PRKD1/KIT/PIK3C2G/IGFBP5/RET/F2/GCNT2/VAV3/TSPYL5/EDN1,18
GO:0002275,myeloid cell activation involved in immune response,6/823,102/18860,0.058823529411764705,1.348009434636552,0.7527918927849031,0.2863105612565551,0.829455894663529,0.7677326841636769,IL33/KIT/SCNN1B/CHGA/SLC18A2/DNASE1,6
GO:0046330,positive regulation of JNK cascade,6/823,102/18860,0.058823529411764705,1.348009434636552,0.7527918927849031,0.2863105612565551,0.829455894663529,0.7677326841636769,DUSP19/MBIP/TPD52L1/GADD45B/EDN1/DKK1,6
GO:0007585,respiratory gaseous exchange by respiratory system,5/823,82/18860,0.06097560975609756,1.3973268529769138,0.7702066632631716,0.28736209005761904,0.8308773855938901,0.7690483961316089,CCBE1/SFTPD/CHST11/NDN/EDN1,5
GO:0071277,cellular response to calcium ion,5/823,82/18860,0.06097560975609756,1.3973268529769138,0.7702066632631716,0.28736209005761904,0.8308773855938901,0.7690483961316089,NFATC2/PRKAA2/ADCY1/CPNE4/EDN1,5
GO:0007595,lactation,3/823,43/18860,0.06976744186046512,1.5988018875921897,0.8396905995914952,0.2890617563201156,0.8308773855938901,0.7690483961316089,ERBB4/SLC29A1/CDO1,3
GO:0009268,response to pH,3/823,43/18860,0.06976744186046512,1.5988018875921897,0.8396905995914952,0.2890617563201156,0.8308773855938901,0.7690483961316089,SCNN1B/ABCC8/SCNN1G,3
GO:0015872,dopamine transport,3/823,43/18860,0.06976744186046512,1.5988018875921897,0.8396905995914952,0.2890617563201156,0.8308773855938901,0.7690483961316089,SLC6A2/FGF20/SLC18A2,3
GO:0032965,regulation of collagen biosynthetic process,3/823,43/18860,0.06976744186046512,1.5988018875921897,0.8396905995914952,0.2890617563201156,0.8308773855938901,0.7690483961316089,LARP6/F2/TGFB3,3
GO:0033574,response to testosterone,3/823,43/18860,0.06976744186046512,1.5988018875921897,0.8396905995914952,0.2890617563201156,0.8308773855938901,0.7690483961316089,CA9/AR/EDN1,3
GO:0048701,embryonic cranial skeleton morphogenesis,3/823,43/18860,0.06976744186046512,1.5988018875921897,0.8396905995914952,0.2890617563201156,0.8308773855938901,0.7690483961316089,CHST11/SIX4/SIX1,3
GO:0060074,synapse maturation,3/823,43/18860,0.06976744186046512,1.5988018875921897,0.8396905995914952,0.2890617563201156,0.8308773855938901,0.7690483961316089,SEZ6L2/NEFL/CAMK2B,3
GO:0086091,regulation of heart rate by cardiac conduction,3/823,43/18860,0.06976744186046512,1.5988018875921897,0.8396905995914952,0.2890617563201156,0.8308773855938901,0.7690483961316089,KCNE2/KCNQ1/KCNE4,3
GO:1903115,regulation of actin filament-based movement,3/823,43/18860,0.06976744186046512,1.5988018875921897,0.8396905995914952,0.2890617563201156,0.8308773855938901,0.7690483961316089,MYBPC3/FGF13/RYR2,3
GO:1904706,negative regulation of vascular associated smooth muscle cell proliferation,3/823,43/18860,0.06976744186046512,1.5988018875921897,0.8396905995914952,0.2890617563201156,0.8308773855938901,0.7690483961316089,PDCD4/EFEMP2/TGFB3,3
GO:0030178,negative regulation of Wnt signaling pathway,10/823,185/18860,0.05405405405405406,1.2387113723687235,0.6969566459850933,0.28921118375391214,0.8308773855938901,0.7690483961316089,CDH2/PPP2R3A/IGFBP2/APC2/GPC3/ZNRF3/SOX2/SOSTDC1/APCDD1/DKK1,10
GO:2000241,regulation of reproductive process,11/823,206/18860,0.05339805825242718,1.2236784673642487,0.6895232226733474,0.2893217678546872,0.8308773855938901,0.7690483961316089,AR/NUPR1/PTGDR2/TAC4/KIT/ADA/SYCP2/SYDE1/NLRP5/SPINK13/DEFB1,11
GO:0001101,response to acid chemical,8/823,144/18860,0.05555555555555555,1.2731200216011882,0.7027572927588641,0.29315906353766774,0.8413738048671248,0.7787637338543176,SLC1A2/FUT1/PDGFD/EGFR/ALAD/EDN1/CDO1/SIX1,8
GO:0060419,heart growth,6/823,103/18860,0.05825242718446602,1.3349219643973622,0.728044035314468,0.2939153235589991,0.8430200237568557,0.7802874508536968,KCNK2/ERBB4/SORBS2/GATA6/FGF20/EDN1,6
GO:0030902,hindbrain development,9/823,165/18860,0.05454545454545454,1.2499723848448028,0.6888875978762035,0.2944103550307271,0.8439153965632332,0.781116195302184,FZD4/PTF1A/PTPRS/SEZ6L2/CD3E/CBS/GABRB3/RORA/ATP1B2,9
GO:0046456,icosanoid biosynthetic process,4/823,63/18860,0.06349206349206349,1.4549943104013576,0.7726967136890964,0.29536625784427545,0.8456050123767563,0.782680079882506,CYP2C8/GGT7/PLA2G1B/EDN1,4
GO:0060038,cardiac muscle cell proliferation,4/823,63/18860,0.06349206349206349,1.4549943104013576,0.7726967136890964,0.29536625784427545,0.8456050123767563,0.782680079882506,KCNK2/ERBB4/GATA6/FGF20,4
GO:0043954,cellular component maintenance,5/823,83/18860,0.060240963855421686,1.3804915896880354,0.7420755111977829,0.29590172563826694,0.8460882675468413,0.7831273740560146,IGF1R/RAPSN/ERC2/RIMS3/PRTN3,5
GO:0046323,D-glucose import,5/823,83/18860,0.060240963855421686,1.3804915896880354,0.7420755111977829,0.29590172563826694,0.8460882675468413,0.7831273740560146,SLC1A2/SLC2A4/GPC3/PLA2G1B/SORBS1,5
GO:0002433,immune response-regulating cell surface receptor signaling pathway involved in phagocytosis,2/823,25/18860,0.08,1.8332928311057108,0.8905574330776083,0.29835706958045916,0.847334077608504,0.7842804782882612,PLA2G6/VAV3,2
GO:0007130,synaptonemal complex assembly,2/823,25/18860,0.08,1.8332928311057108,0.8905574330776083,0.29835706958045916,0.847334077608504,0.7842804782882612,REC8/SYCP2,2
GO:0009219,pyrimidine deoxyribonucleotide metabolic process,2/823,25/18860,0.08,1.8332928311057108,0.8905574330776083,0.29835706958045916,0.847334077608504,0.7842804782882612,NME3/NT5M,2
GO:0009220,pyrimidine ribonucleotide biosynthetic process,2/823,25/18860,0.08,1.8332928311057108,0.8905574330776083,0.29835706958045916,0.847334077608504,0.7842804782882612,NME9/NME3,2
GO:0038096,Fc-gamma receptor signaling pathway involved in phagocytosis,2/823,25/18860,0.08,1.8332928311057108,0.8905574330776083,0.29835706958045916,0.847334077608504,0.7842804782882612,PLA2G6/VAV3,2
GO:0046039,GTP metabolic process,2/823,25/18860,0.08,1.8332928311057108,0.8905574330776083,0.29835706958045916,0.847334077608504,0.7842804782882612,NME9/NME3,2
GO:0046697,decidualization,2/823,25/18860,0.08,1.8332928311057108,0.8905574330776083,0.29835706958045916,0.847334077608504,0.7842804782882612,GHRL/EPOR,2
GO:0061450,trophoblast cell migration,2/823,25/18860,0.08,1.8332928311057108,0.8905574330776083,0.29835706958045916,0.847334077608504,0.7842804782882612,ACVR2B/SYDE1,2
GO:0072243,metanephric nephron epithelium development,2/823,25/18860,0.08,1.8332928311057108,0.8905574330776083,0.29835706958045916,0.847334077608504,0.7842804782882612,LAMB2/ACAT1,2
GO:0090335,regulation of brown fat cell differentiation,2/823,25/18860,0.08,1.8332928311057108,0.8905574330776083,0.29835706958045916,0.847334077608504,0.7842804782882612,FNDC5/SIX1,2
GO:1900078,positive regulation of cellular response to insulin stimulus,2/823,25/18860,0.08,1.8332928311057108,0.8905574330776083,0.29835706958045916,0.847334077608504,0.7842804782882612,ECHDC3/SORBS1,2
GO:0043010,camera-type eye development,19/823,379/18860,0.05013192612137203,1.148831259597906,0.6252131789730657,0.29944918139528787,0.8478730956972876,0.7847793858332881,SMARCD3/FZD4/CELF4/PTPRM/PTF1A/EGFR/CLDN19/ACVR2B/WNT6/LAMB2/EFEMP1/OPN4/MITF/WDPCP/NES/TFAP2B/PAX4/PRSS56/ATP8A2,19
GO:0001941,postsynaptic membrane organization,3/823,44/18860,0.06818181818181818,1.5624654810560035,0.7978764668764595,0.3011189607470974,0.8478730956972876,0.7847793858332881,CDH2/RAPSN/ZDHHC2,3
GO:0014808,release of sequestered calcium ion into cytosol by sarcoplasmic reticulum,3/823,44/18860,0.06818181818181818,1.5624654810560035,0.7978764668764595,0.3011189607470974,0.8478730956972876,0.7847793858332881,GSTM2/DMD/RYR2,3
GO:0014904,myotube cell development,3/823,44/18860,0.06818181818181818,1.5624654810560035,0.7978764668764595,0.3011189607470974,0.8478730956972876,0.7847793858332881,DNER/NFATC2/SIX1,3
GO:0035794,positive regulation of mitochondrial membrane permeability,3/823,44/18860,0.06818181818181818,1.5624654810560035,0.7978764668764595,0.3011189607470974,0.8478730956972876,0.7847793858332881,HIP1R/BNIP3/BCL2L11,3
GO:0045940,positive regulation of steroid metabolic process,3/823,44/18860,0.06818181818181818,1.5624654810560035,0.7978764668764595,0.3011189607470974,0.8478730956972876,0.7847793858332881,GNAI1/ADM/INSIG1,3
GO:0048246,macrophage chemotaxis,3/823,44/18860,0.06818181818181818,1.5624654810560035,0.7978764668764595,0.3011189607470974,0.8478730956972876,0.7847793858332881,C5/SFTPD/CXCL17,3
GO:0048713,regulation of oligodendrocyte differentiation,3/823,44/18860,0.06818181818181818,1.5624654810560035,0.7978764668764595,0.3011189607470974,0.8478730956972876,0.7847793858332881,PTPRZ1/DAAM2/ID4,3
GO:0050912,detection of chemical stimulus involved in sensory perception of taste,3/823,44/18860,0.06818181818181818,1.5624654810560035,0.7978764668764595,0.3011189607470974,0.8478730956972876,0.7847793858332881,AZGP1/TAS2R31/TAS2R39,3
GO:0050913,sensory perception of bitter taste,3/823,44/18860,0.06818181818181818,1.5624654810560035,0.7978764668764595,0.3011189607470974,0.8478730956972876,0.7847793858332881,AZGP1/TAS2R31/TAS2R39,3
GO:0060251,regulation of glial cell proliferation,3/823,44/18860,0.06818181818181818,1.5624654810560035,0.7978764668764595,0.3011189607470974,0.8478730956972876,0.7847793858332881,ABCC8/IDH2/NTN1,3
GO:0098703,calcium ion import across plasma membrane,3/823,44/18860,0.06818181818181818,1.5624654810560035,0.7978764668764595,0.3011189607470974,0.8478730956972876,0.7847793858332881,PPP3CC/SLC8A2/TRPV6,3
GO:1900026,positive regulation of substrate adhesion-dependent cell spreading,3/823,44/18860,0.06818181818181818,1.5624654810560035,0.7978764668764595,0.3011189607470974,0.8478730956972876,0.7847793858332881,FGA/FGB/FGG,3
GO:1902656,calcium ion import into cytosol,3/823,44/18860,0.06818181818181818,1.5624654810560035,0.7978764668764595,0.3011189607470974,0.8478730956972876,0.7847793858332881,PPP3CC/SLC8A2/TRPV6,3
GO:0015850,organic hydroxy compound transport,15/823,294/18860,0.05102040816326531,1.1691918565725197,0.6245555088969031,0.3039143432934315,0.8552223745726746,0.7915817747655615,STX12/SLC16A7/GHRL/SLC6A2/APOA5/ABCA2/KCNQ1/GRAMD1A/CHGA/SLC10A1/FGF20/FFAR3/SLC18A2/PLTP/GPM6B,15
GO:0034198,cellular response to amino acid starvation,4/823,64/18860,0.0625,1.4322600243013366,0.7399109211315834,0.3052823366099642,0.8569817417609396,0.7932102202351354,GPR155/PRKAA2/PRKD1/RNF152,4
GO:0044331,cell-cell adhesion mediated by cadherin,4/823,64/18860,0.0625,1.4322600243013366,0.7399109211315834,0.3052823366099642,0.8569817417609396,0.7932102202351354,CDH2/CELSR1/PRKD1/FOXA1,4
GO:0070050,neuron cellular homeostasis,4/823,64/18860,0.0625,1.4322600243013366,0.7399109211315834,0.3052823366099642,0.8569817417609396,0.7932102202351354,SLC6A2/ERC2/SLC8A2/NPY,4
GO:0071868,cellular response to monoamine stimulus,4/823,64/18860,0.0625,1.4322600243013366,0.7399109211315834,0.3052823366099642,0.8569817417609396,0.7932102202351354,DRD5/APLP1/PRKD1/HTR3E,4
GO:0033002,muscle cell proliferation,13/823,252/18860,0.051587301587301584,1.1821828772011032,0.6219207879120608,0.3076490737865852,0.8631005930243711,0.798873742713782,KCNK2/ERBB4/PDGFD/PDCD4/RBPMS2/GATA6/PPARGC1A/FGF20/IGFBP5/EFEMP2/TGFB3/EDN1/SIX1,13
GO:0070167,regulation of biomineral tissue development,6/823,105/18860,0.05714285714285714,1.309494879361222,0.6793079206814764,0.30924084080604564,0.866250421282888,0.8017891793501647,ACVR2B/WNT6/SLC4A2/KL/ADRB2/GPM6B,6
GO:0045862,positive regulation of proteolysis,11/823,210/18860,0.05238095238095238,1.2003703060811202,0.6237070974559633,0.31070420346703054,0.866250421282888,0.8017891793501647,KCNE2/CYFIP2/RNF180/HPN/IL33/CCBE1/TGFB1I1/NUPR1/TRIB2/TF/PACSIN3,11
GO:0070588,calcium ion transmembrane transport,17/823,339/18860,0.05014749262536873,1.1491879841001875,0.5920775226561381,0.3124601923074478,0.866250421282888,0.8017891793501647,TMEM37/CACNA2D3/GSTM2/DMD/PLCL1/RYR2/PPP3CC/PRKD1/PLA2G1B/CACNA2D2/CACHD1/NALCN/F2/SLC8A2/EDN1/TRPV6/KCNJ8,17
GO:0000045,autophagosome assembly,8/823,147/18860,0.05442176870748299,1.2471379803440208,0.6425449978876884,0.3125014116074746,0.866250421282888,0.8017891793501647,STX12/TBC1D14/GABARAPL1/BNIP3/ULK1/ULK2/NUPR1/ATG9B,8
GO:0008088,axo-dendritic transport,5/823,85/18860,0.058823529411764705,1.348009434636552,0.6868906475082528,0.31310057341758923,0.866250421282888,0.8017891793501647,KIF17/RAB17/NEFL/KIF1A/KIF5C,5
GO:0051279,regulation of release of sequestered calcium ion into cytosol,5/823,85/18860,0.058823529411764705,1.348009434636552,0.6868906475082528,0.31310057341758923,0.866250421282888,0.8017891793501647,GSTM2/DMD/RYR2/PRKD1/F2,5
GO:0070227,lymphocyte apoptotic process,5/823,85/18860,0.058823529411764705,1.348009434636552,0.6868906475082528,0.31310057341758923,0.866250421282888,0.8017891793501647,ST3GAL1/TSC22D3/BCL2L11/RORC/ADA,5
GO:0009394,2'-deoxyribonucleotide metabolic process,3/823,45/18860,0.06666666666666667,1.5277440259214257,0.7571023018021752,0.3131998440862389,0.866250421282888,0.8017891793501647,NME3/ADA/NT5M,3
GO:0009409,response to cold,3/823,45/18860,0.06666666666666667,1.5277440259214257,0.7571023018021752,0.3131998440862389,0.866250421282888,0.8017891793501647,CIRBP/GMPR/ADRB2,3
GO:0032941,secretion by tissue,3/823,45/18860,0.06666666666666667,1.5277440259214257,0.7571023018021752,0.3131998440862389,0.866250421282888,0.8017891793501647,CHRM3/ADA/SCNN1B,3
GO:0042554,superoxide anion generation,3/823,45/18860,0.06666666666666667,1.5277440259214257,0.7571023018021752,0.3131998440862389,0.866250421282888,0.8017891793501647,DUOX1/PON3/EDN1,3
GO:0072595,maintenance of protein localization in organelle,3/823,45/18860,0.06666666666666667,1.5277440259214257,0.7571023018021752,0.3131998440862389,0.866250421282888,0.8017891793501647,SYNE1/PDIA2/INSIG1,3
GO:0090199,regulation of release of cytochrome c from mitochondria,3/823,45/18860,0.06666666666666667,1.5277440259214257,0.7571023018021752,0.3131998440862389,0.866250421282888,0.8017891793501647,BNIP3/PRKAA2/BCL2L11,3
GO:1900271,regulation of long-term synaptic potentiation,3/823,45/18860,0.06666666666666667,1.5277440259214257,0.7571023018021752,0.3131998440862389,0.866250421282888,0.8017891793501647,ZDHHC2/ADCY1/FAM107A,3
GO:0042742,defense response to bacterium,18/823,361/18860,0.04986149584487535,1.1426340360077145,0.5844935745797786,0.31402165692440054,0.866250421282888,0.8017891793501647,FGA/FGB/IL33/PRKD1/PLA2G1B/SFTPD/COLEC12/PLA2G6/ADM/SCNN1B/PGC/TF/CHGA/F2/RNASE1/STAB2/DEFB1/NPY,18
GO:0000303,response to superoxide,2/823,26/18860,0.07692307692307693,1.762781568370876,0.8313667984791422,0.31468420221397597,0.866250421282888,0.8017891793501647,MT3/SOD3,2
GO:0002026,regulation of the force of heart contraction,2/823,26/18860,0.07692307692307693,1.762781568370876,0.8313667984791422,0.31468420221397597,0.866250421282888,0.8017891793501647,RYR2/CHGA,2
GO:0003091,renal water homeostasis,2/823,26/18860,0.07692307692307693,1.762781568370876,0.8313667984791422,0.31468420221397597,0.866250421282888,0.8017891793501647,AQP4/PRKACB,2
GO:0006027,glycosaminoglycan catabolic process,2/823,26/18860,0.07692307692307693,1.762781568370876,0.8313667984791422,0.31468420221397597,0.866250421282888,0.8017891793501647,IDUA/STAB2,2
GO:0007263,nitric oxide mediated signal transduction,2/823,26/18860,0.07692307692307693,1.762781568370876,0.8313667984791422,0.31468420221397597,0.866250421282888,0.8017891793501647,CBS/RASD1,2
GO:0010954,positive regulation of protein processing,2/823,26/18860,0.07692307692307693,1.762781568370876,0.8313667984791422,0.31468420221397597,0.866250421282888,0.8017891793501647,HPN/CCBE1,2
GO:0019755,one-carbon compound transport,2/823,26/18860,0.07692307692307693,1.762781568370876,0.8313667984791422,0.31468420221397597,0.866250421282888,0.8017891793501647,HBZ/SLC14A2,2
GO:0032331,negative regulation of chondrocyte differentiation,2/823,26/18860,0.07692307692307693,1.762781568370876,0.8313667984791422,0.31468420221397597,0.866250421282888,0.8017891793501647,GDF5/EFEMP1,2
GO:0032958,inositol phosphate biosynthetic process,2/823,26/18860,0.07692307692307693,1.762781568370876,0.8313667984791422,0.31468420221397597,0.866250421282888,0.8017891793501647,IP6K3/PTH1R,2
GO:0046339,diacylglycerol metabolic process,2/823,26/18860,0.07692307692307693,1.762781568370876,0.8313667984791422,0.31468420221397597,0.866250421282888,0.8017891793501647,DGKD/MOGAT1,2
GO:0046716,muscle cell cellular homeostasis,2/823,26/18860,0.07692307692307693,1.762781568370876,0.8313667984791422,0.31468420221397597,0.866250421282888,0.8017891793501647,LAMP2/DMD,2
GO:1901071,glucosamine-containing compound metabolic process,2/823,26/18860,0.07692307692307693,1.762781568370876,0.8313667984791422,0.31468420221397597,0.866250421282888,0.8017891793501647,CHIA/CHST3,2
GO:2000291,regulation of myoblast proliferation,2/823,26/18860,0.07692307692307693,1.762781568370876,0.8313667984791422,0.31468420221397597,0.866250421282888,0.8017891793501647,GATA6/SIX1,2
GO:0002011,morphogenesis of an epithelial sheet,4/823,65/18860,0.06153846153846154,1.410225254696701,0.7076768710847504,0.31523276752666635,0.866250421282888,0.8017891793501647,ARHGAP24/FLRT3/FIGNL2/VANGL2,4
GO:0007215,glutamate receptor signaling pathway,4/823,65/18860,0.06153846153846154,1.410225254696701,0.7076768710847504,0.31523276752666635,0.866250421282888,0.8017891793501647,GRIA4/HOMER2/GRIA3/ADRB2,4
GO:0010573,vascular endothelial growth factor production,4/823,65/18860,0.06153846153846154,1.410225254696701,0.7076768710847504,0.31523276752666635,0.866250421282888,0.8017891793501647,C5/CCBE1/RORA/CXCL17,4
GO:0042446,hormone biosynthetic process,4/823,65/18860,0.06153846153846154,1.410225254696701,0.7076768710847504,0.31523276752666635,0.866250421282888,0.8017891793501647,PDE8B/DUOX1/ADM/FFAR3,4
GO:0050994,regulation of lipid catabolic process,4/823,65/18860,0.06153846153846154,1.410225254696701,0.7076768710847504,0.31523276752666635,0.866250421282888,0.8017891793501647,PLIN5/ANGPTL3/FUT1/APOA5,4
GO:0098900,regulation of action potential,4/823,65/18860,0.06153846153846154,1.410225254696701,0.7076768710847504,0.31523276752666635,0.866250421282888,0.8017891793501647,FGF13/TMEM161B/RYR2/SLC8A2,4
GO:0042176,regulation of protein catabolic process,19/823,383/18860,0.04960835509138381,1.1368330218997553,0.5778986382170985,0.3153414317996212,0.866250421282888,0.8017891793501647,KCNE2/ASB11/PPP2R3A/TMEM132A/RNF180/EGFR/ALAD/ZDHHC2/IL33/ASB9/NEDD4L/GPC3/NUPR1/TRIB2/ABCA2/EEF1A2/TF/PACSIN3/TIMP3,19
GO:0009799,specification of symmetry,8/823,148/18860,0.05405405405405406,1.2387113723687235,0.6227603558038597,0.3190069890713238,0.8675240048932392,0.8029679903875839,FOLR1/ACVR2B/DAAM2/GREM2/CFC1/VANGL2/SOSTDC1/DAND5,8
GO:0009855,determination of bilateral symmetry,8/823,148/18860,0.05405405405405406,1.2387113723687235,0.6227603558038597,0.3190069890713238,0.8675240048932392,0.8029679903875839,FOLR1/ACVR2B/DAAM2/GREM2/CFC1/VANGL2/SOSTDC1/DAND5,8
GO:0007623,circadian rhythm,11/823,212/18860,0.05188679245283019,1.1890460579105437,0.5912845361880625,0.3215385694609715,0.8675240048932392,0.8029679903875839,GHRL/CRTC1/PRKAA2/OPN4/PPARGC1A/RORC/ADA/ADCY1/GABRB3/RORA/ID4,11
GO:0006576,biogenic amine metabolic process,5/823,86/18860,0.05813953488372093,1.3323349063268246,0.6598175658292377,0.32174981876909176,0.8675240048932392,0.8029679903875839,PDE1B/HDC/RNF180/KL/NPY,5
GO:0006644,phospholipid metabolic process,19/823,385/18860,0.04935064935064935,1.1309273958119646,0.5544287800586319,0.32337707987262837,0.8675240048932392,0.8029679903875839,ANGPTL3/DGKD/TMEM86B/TTC7B/PLCL1/FABP3/PLD6/PIGZ/PRKAA2/PLA2G1B/GATA6/ABCA2/PLA2G6/PNPLA7/IP6K3/ALOX15B/PIK3C2G/CWH43/PLA1A,19
GO:0007631,feeding behavior,6/823,107/18860,0.056074766355140186,1.2850183395600776,0.63154807093508325,0.32469727176522734,0.8675240048932392,0.8029679903875839,GHRL/LEPR/RXFP4/GUCA2B/ATP8A2/NPY,6
GO:0097035,regulation of membrane lipid distribution,4/823,66/18860,0.06060606060606061,1.3888582053831142,0.6759751320015743,0.32521009634636927,0.8675240048932392,0.8029679903875839,ATP8A1/ABCA2/ATG9B/ATP8A2,4
GO:1901224,positive regulation of non-canonical NF-kappaB signal transduction,4/823,66/18860,0.06060606060606061,1.3888582053831142,0.6759751320015743,0.32521009634636927,0.8675240048932392,0.8029679903875839,EDA/PDCD4/PTP4A3/EDN1,4
GO:0009225,nucleotide-sugar metabolic process,3/823,46/18860,0.06521739130434782,1.49453219927096,0.7173151695157095,0.32529162798695355,0.8675240048932392,0.8029679903875839,GALT/PMM1/CSGALNACT1,3
GO:0009262,deoxyribonucleotide metabolic process,3/823,46/18860,0.06521739130434782,1.49453219927096,0.7173151695157095,0.32529162798695355,0.8675240048932392,0.8029679903875839,NME3/ADA/NT5M,3
GO:0030279,negative regulation of ossification,3/823,46/18860,0.06521739130434782,1.49453219927096,0.7173151695157095,0.32529162798695355,0.8675240048932392,0.8029679903875839,ACVR2B/GFRA4/DKK1,3
GO:1903514,release of sequestered calcium ion into cytosol by endoplasmic reticulum,3/823,46/18860,0.06521739130434782,1.49453219927096,0.7173151695157095,0.32529162798695355,0.8675240048932392,0.8029679903875839,GSTM2/DMD/RYR2,3
GO:0030278,regulation of ossification,7/823,128/18860,0.0546875,1.2532275212636694,0.6140460038670743,0.3256987392569227,0.8675240048932392,0.8029679903875839,ACVR2B/KL/GFRA4/ZBTB16/ADRB2/GPM6B/DKK1,7
GO:0045471,response to ethanol,7/823,128/18860,0.0546875,1.2532275212636694,0.6140460038670743,0.3256987392569227,0.8675240048932392,0.8029679903875839,ALAD/SLC2A4/OXCT1/SLC10A1/SOX2/ADH7/CDO1,7
GO:0021700,developmental maturation,18/823,364/18860,0.04945054945054945,1.1332167225241343,0.5482108457920084,0.3264408595429711,0.8675240048932392,0.8029679903875839,REC8/HBZ/PLD6/ZDHHC2/NTN4/SEZ6L2/FOXA1/NEFL/RET/ZBTB16/PTH1R/PTPRN/EDN1/ZAR1/CAMK2B/ZAR1L/SRRM4/DEFB1,18
GO:0006935,chemotaxis,23/823,474/18860,0.04852320675105485,1.1119655884871136,0.527360023757021,0.3297395714942516,0.8675240048932392,0.8029679903875839,ROBO3/VEGFB/PDGFD/C5/CCL16/CYP7B1/PTGDR2/PRKD1/PLA2G1B/SFTPD/FLRT3/KIT/PLA2G6/SERPIND1/PIK3C2G/CHGA/SEMA3D/VAV3/NTN1/CXCL17/HRG/EDN1/DEFB1,23
GO:0005977,glycogen metabolic process,5/823,87/18860,0.05747126436781609,1.317020712001229,0.6330784326514913,0.33042573997025637,0.8675240048932392,0.8029679903875839,GABARAPL1/LEPR/PPP1R3C/GNMT/SORBS1,5
GO:0014855,striated muscle cell proliferation,5/823,87/18860,0.05747126436781609,1.317020712001229,0.6330784326514913,0.33042573997025637,0.8675240048932392,0.8029679903875839,KCNK2/ERBB4/GATA6/FGF20/SIX1,5
GO:0000305,response to oxygen radical,2/823,27/18860,0.07407407407407407,1.6974933621349173,0.774710251691787,0.3309242290660851,0.8675240048932392,0.8029679903875839,MT3/SOD3,2
GO:0014829,vascular associated smooth muscle contraction,2/823,27/18860,0.07407407407407407,1.6974933621349173,0.774710251691787,0.3309242290660851,0.8675240048932392,0.8029679903875839,SCNN1B/EDN1,2
GO:0016048,detection of temperature stimulus,2/823,27/18860,0.07407407407407407,1.6974933621349173,0.774710251691787,0.3309242290660851,0.8675240048932392,0.8029679903875839,TAC4/OPN4,2
GO:0016082,synaptic vesicle priming,2/823,27/18860,0.07407407407407407,1.6974933621349173,0.774710251691787,0.3309242290660851,0.8675240048932392,0.8029679903875839,ERC2/RIMS3,2
GO:0032410,negative regulation of transporter activity,2/823,27/18860,0.07407407407407407,1.6974933621349173,0.774710251691787,0.3309242290660851,0.8675240048932392,0.8029679903875839,KCNE2/KCNQ1,2
GO:0032753,positive regulation of interleukin-4 production,2/823,27/18860,0.07407407407407407,1.6974933621349173,0.774710251691787,0.3309242290660851,0.8675240048932392,0.8029679903875839,IL33/CD3E,2
GO:0035313,"wound healing, spreading of epidermal cells",2/823,27/18860,0.07407407407407407,1.6974933621349173,0.774710251691787,0.3309242290660851,0.8675240048932392,0.8029679903875839,ARHGAP24/FIGNL2,2
GO:0044346,fibroblast apoptotic process,2/823,27/18860,0.07407407407407407,1.6974933621349173,0.774710251691787,0.3309242290660851,0.8675240048932392,0.8029679903875839,NUPR1/BCL2L11,2
GO:0062009,secondary palate development,2/823,27/18860,0.07407407407407407,1.6974933621349173,0.774710251691787,0.3309242290660851,0.8675240048932392,0.8029679903875839,GABRB3/TGFB3,2
GO:0097186,amelogenesis,2/823,27/18860,0.07407407407407407,1.6974933621349173,0.774710251691787,0.3309242290660851,0.8675240048932392,0.8029679903875839,SLC4A2/FAM20A,2
GO:1901679,nucleotide transmembrane transport,2/823,27/18860,0.07407407407407407,1.6974933621349173,0.774710251691787,0.3309242290660851,0.8675240048932392,0.8029679903875839,SLC25A36/SLC25A47,2
GO:1903319,positive regulation of protein maturation,2/823,27/18860,0.07407407407407407,1.6974933621349173,0.774710251691787,0.3309242290660851,0.8675240048932392,0.8029679903875839,HPN/CCBE1,2
GO:0008064,regulation of actin polymerization or depolymerization,8/823,150/18860,0.05333333333333334,1.2221952207371407,0.5836070698698129,0.3320927091538826,0.8675240048932392,0.8029679903875839,NPHS1/CYFIP2/HIP1R/PAK3/DAAM2/EVL/KANK4/LMOD2,8
GO:2000377,regulation of reactive oxygen species metabolic process,8/823,150/18860,0.05333333333333334,1.2221952207371407,0.5836070698698129,0.3320927091538826,0.8675240048932392,0.8029679903875839,PLIN5/DCXR/MT3/NNT/F2/DUOXA1/PON3/SLC18A2,8
GO:0007281,germ cell development,20/823,409/18860,0.0488997555012225,1.1205946400401656,0.5266920951954791,0.33215439379174183,0.8675240048932392,0.8029679903875839,DEAF1/CELF4/SUN5/PAQR5/REC8/PDILT/PACRG/SMAD5/PLD6/TUBA8/KIT/ZBTB16/NDN/ZDBF2/EDN1/PAQR7/ZAR1/TSSK1B/ZAR1L/DEFB1,20
GO:0002573,myeloid leukocyte differentiation,13/823,257/18860,0.05058365758754864,1.1591832103294863,0.5488446345559596,0.332380508106199,0.8675240048932392,0.8029679903875839,DHRS2/PDE1B/LRRC17/CDK6/IL33/GPC3/SLC4A2/MT1G/KITLG/KIT/MITF/TF/PRTN3,13
GO:0014897,striated muscle hypertrophy,6/823,108/18860,0.05555555555555555,1.2731200216011882,0.6080211884418946,0.3324657703273616,0.8675240048932392,0.8029679903875839,RYR2/SORBS2/GATA6/IGFBP5/GATA5/EDN1,6
GO:1990928,response to amino acid starvation,4/823,67/18860,0.05970149253731343,1.3681289784370976,0.6447872562221658,0.3352070423872829,0.8675240048932392,0.8029679903875839,GPR155/PRKAA2/PRKD1/RNF152,4
GO:0006862,nucleotide transport,3/823,47/18860,0.06382978723404255,1.4627336418396628,0.6784659728404591,0.3373820680574948,0.8675240048932392,0.8029679903875839,SLC25A36/ABCC5/SLC25A47,3
GO:0008089,anterograde axonal transport,3/823,47/18860,0.06382978723404255,1.4627336418396628,0.6784659728404591,0.3373820680574948,0.8675240048932392,0.8029679903875839,NEFL/KIF1A/KIF5C,3
GO:0009116,nucleoside metabolic process,3/823,47/18860,0.06382978723404255,1.4627336418396628,0.6784659728404591,0.3373820680574948,0.8675240048932392,0.8029679903875839,GNMT/ENPP4/ADA,3
GO:0014911,positive regulation of smooth muscle cell migration,3/823,47/18860,0.06382978723404255,1.4627336418396628,0.6784659728404591,0.3373820680574948,0.8675240048932392,0.8029679903875839,PDGFD/IGFBP5/POSTN,3
GO:0030890,positive regulation of B cell proliferation,3/823,47/18860,0.06382978723404255,1.4627336418396628,0.6784659728404591,0.3373820680574948,0.8675240048932392,0.8029679903875839,NFATC2/ADA/VAV3,3
GO:0095500,acetylcholine receptor signaling pathway,3/823,47/18860,0.06382978723404255,1.4627336418396628,0.6784659728404591,0.3373820680574948,0.8675240048932392,0.8029679903875839,CHRM3/CHRM2/LY6H,3
GO:0097106,postsynaptic density organization,3/823,47/18860,0.06382978723404255,1.4627336418396628,0.6784659728404591,0.3373820680574948,0.8675240048932392,0.8029679903875839,CDH2/PTPRS/RAPSN,3
GO:0141161,regulation of cAMP/PKA signal transduction,3/823,47/18860,0.06382978723404255,1.4627336418396628,0.6784659728404591,0.3373820680574948,0.8675240048932392,0.8029679903875839,PDE1B/PDE8B/ADRB2,3
GO:0048041,focal adhesion assembly,5/823,88/18860,0.056818181818181816,1.3020545675466695,0.6066644771695826,0.339123521370949,0.8675240048932392,0.8029679903875839,SORBS1/WDPCP/HRG/FAM107A/GPM6B,5
GO:0120193,tight junction organization,5/823,88/18860,0.056818181818181816,1.3020545675466695,0.6066644771695826,0.339123521370949,0.8675240048932392,0.8029679903875839,CLDN19/CLDN25/ABCC8/TGFB3/CLDN24,5
GO:0050829,defense response to Gram-negative bacterium,6/823,109/18860,0.05504587155963303,1.2614400214030121,0.5847230277375219,0.3402564869395343,0.8675240048932392,0.8029679903875839,PRKD1/ADM/CHGA/F2/DEFB1/NPY,6
GO:0110020,regulation of actomyosin structure organization,6/823,109/18860,0.05504587155963303,1.2614400214030121,0.5847230277375219,0.3402564869395343,0.8675240048932392,0.8029679903875839,CGNL1/ASAP3/EVL/PRKD1/TGFB3/EDN1,6
GO:0031099,regeneration,10/823,194/18860,0.05154639175257732,1.1812453808670818,0.542024948198699,0.3405866923035088,0.8675240048932392,0.8029679903875839,FOLR1/PTPRS/ERBB4/ULK1/APOA5/LAMB2/FIGNL2/NEFL/SOX2/POSTN,10
GO:0001885,endothelial cell development,4/823,68/18860,0.058823529411764705,1.348009434636552,0.6140957159148611,0.34521650588876857,0.8675240048932392,0.8029679903875839,PTPRS/PROC/GSTM3/S1PR3,4
GO:0046847,filopodium assembly,4/823,68/18860,0.058823529411764705,1.348009434636552,0.6140957159148611,0.34521650588876857,0.8675240048932392,0.8029679903875839,FGD4/DAAM2/RAB17/TGFB3,4
GO:0050881,musculoskeletal movement,4/823,68/18860,0.058823529411764705,1.348009434636552,0.6140957159148611,0.34521650588876857,0.8675240048932392,0.8029679903875839,GSTM2/DMD/PRKD1/ATP8A2,4
GO:0051893,regulation of focal adhesion assembly,4/823,68/18860,0.058823529411764705,1.348009434636552,0.6140957159148611,0.34521650588876857,0.8675240048932392,0.8029679903875839,WDPCP/HRG/FAM107A/GPM6B,4
GO:0090109,regulation of cell-substrate junction assembly,4/823,68/18860,0.058823529411764705,1.348009434636552,0.6140957159148611,0.34521650588876857,0.8675240048932392,0.8029679903875839,WDPCP/HRG/FAM107A/GPM6B,4
GO:0097553,calcium ion transmembrane import into cytosol,10/823,195/18860,0.05128205128205128,1.1751877122472505,0.5252717508478191,0.3464002248825035,0.8675240048932392,0.8029679903875839,GSTM2/DMD/PLCL1/RYR2/PPP3CC/PRKD1/PLA2G1B/F2/SLC8A2/TRPV6,10
GO:0002675,positive regulation of acute inflammatory response,2/823,28/18860,0.07142857142857142,1.6368685992015275,0.7203734940183015,0.34705368027248873,0.8675240048932392,0.8029679903875839,PTGER3/FFAR3,2
GO:0014046,dopamine secretion,2/823,28/18860,0.07142857142857142,1.6368685992015275,0.7203734940183015,0.34705368027248873,0.8675240048932392,0.8029679903875839,FGF20/SLC18A2,2
GO:0015740,C4-dicarboxylate transport,2/823,28/18860,0.07142857142857142,1.6368685992015275,0.7203734940183015,0.34705368027248873,0.8675240048932392,0.8029679903875839,SLC1A2/SLC13A3,2
GO:0032261,purine nucleotide salvage,2/823,28/18860,0.07142857142857142,1.6368685992015275,0.7203734940183015,0.34705368027248873,0.8675240048932392,0.8029679903875839,ADA/SLC22A13,2
GO:0032703,negative regulation of interleukin-2 production,2/823,28/18860,0.07142857142857142,1.6368685992015275,0.7203734940183015,0.34705368027248873,0.8675240048932392,0.8029679903875839,HOMER2/SFTPD,2
GO:0033081,regulation of T cell differentiation in thymus,2/823,28/18860,0.07142857142857142,1.6368685992015275,0.7203734940183015,0.34705368027248873,0.8675240048932392,0.8029679903875839,ADA/TOX,2
GO:0034698,response to gonadotropin,2/823,28/18860,0.07142857142857142,1.6368685992015275,0.7203734940183015,0.34705368027248873,0.8675240048932392,0.8029679903875839,GATA6/EDN1,2
GO:0036037,"CD8-positive, alpha-beta T cell activation",2/823,28/18860,0.07142857142857142,1.6368685992015275,0.7203734940183015,0.34705368027248873,0.8675240048932392,0.8029679903875839,SLC4A2/TOX,2
GO:0051043,regulation of membrane protein ectodomain proteolysis,2/823,28/18860,0.07142857142857142,1.6368685992015275,0.7203734940183015,0.34705368027248873,0.8675240048932392,0.8029679903875839,PACSIN3/TIMP3,2
GO:0070193,synaptonemal complex organization,2/823,28/18860,0.07142857142857142,1.6368685992015275,0.7203734940183015,0.34705368027248873,0.8675240048932392,0.8029679903875839,REC8/SYCP2,2
GO:0072207,metanephric epithelium development,2/823,28/18860,0.07142857142857142,1.6368685992015275,0.7203734940183015,0.34705368027248873,0.8675240048932392,0.8029679903875839,LAMB2/ACAT1,2
GO:0090128,regulation of synapse maturation,2/823,28/18860,0.07142857142857142,1.6368685992015275,0.7203734940183015,0.34705368027248873,0.8675240048932392,0.8029679903875839,NEFL/CAMK2B,2
GO:0141162,negative regulation of cAMP/PKA signal transduction,2/823,28/18860,0.07142857142857142,1.6368685992015275,0.7203734940183015,0.34705368027248873,0.8675240048932392,0.8029679903875839,PDE1B/PDE8B,2
GO:1903779,regulation of cardiac conduction,2/823,28/18860,0.07142857142857142,1.6368685992015275,0.7203734940183015,0.34705368027248873,0.8675240048932392,0.8029679903875839,RYR2/SLC8A2,2
GO:1904036,negative regulation of epithelial cell apoptotic process,2/823,28/18860,0.07142857142857142,1.6368685992015275,0.7203734940183015,0.34705368027248873,0.8675240048932392,0.8029679903875839,PRKAA2/NUPR1,2
GO:0033077,T cell differentiation in thymus,5/823,89/18860,0.056179775280898875,1.2874247409450217,0.5805672617862992,0.3478384242148419,0.8675240048932392,0.8029679903875839,CDK6/CD3E/ADA/TOX/FZD8,5
GO:0044042,glucan metabolic process,5/823,89/18860,0.056179775280898875,1.2874247409450217,0.5805672617862992,0.3478384242148419,0.8675240048932392,0.8029679903875839,GABARAPL1/LEPR/PPP1R3C/GNMT/SORBS1,5
GO:0014896,muscle hypertrophy,6/823,110/18860,0.05454545454545454,1.2499723848448028,0.5616488000412257,0.34806598816499534,0.8675240048932392,0.8029679903875839,RYR2/SORBS2/GATA6/IGFBP5/GATA5/EDN1,6
GO:0001662,behavioral fear response,3/823,48/18860,0.0625,1.4322600243013366,0.6405090971625376,0.3494594549057076,0.8675240048932392,0.8029679903875839,DEAF1/PDE8B/SLITRK4,3
GO:0010712,regulation of collagen metabolic process,3/823,48/18860,0.0625,1.4322600243013366,0.6405090971625376,0.3494594549057076,0.8675240048932392,0.8029679903875839,LARP6/F2/TGFB3,3
GO:0031641,regulation of myelination,3/823,48/18860,0.0625,1.4322600243013366,0.6405090971625376,0.3494594549057076,0.8675240048932392,0.8029679903875839,WASF3/PTPRZ1/CDK18,3
GO:0051489,regulation of filopodium assembly,3/823,48/18860,0.0625,1.4322600243013366,0.6405090971625376,0.3494594549057076,0.8675240048932392,0.8029679903875839,DAAM2/RAB17/TGFB3,3
GO:0030832,regulation of actin filament length,8/823,153/18860,0.05228758169934641,1.198230608565824,0.52588580924386,0.35187631961978105,0.8675240048932392,0.8029679903875839,NPHS1/CYFIP2/HIP1R/PAK3/DAAM2/EVL/KANK4/LMOD2,8
GO:0009267,cellular response to starvation,10/823,196/18860,0.05102040816326531,1.1691918565725197,0.5086068722730694,0.3522295819973502,0.8675240048932392,0.8029679903875839,GPR155/GABARAPL1/LAMP2/GLUL/PAK3/PRKAA2/ALB/PRKD1/RNF152/ASNS,10
GO:0050830,defense response to Gram-positive bacterium,7/823,132/18860,0.05303030303030303,1.215250929710225,0.5301068258678222,0.35417478869281216,0.8675240048932392,0.8029679903875839,PLA2G1B/ADM/CHGA/RNASE1/STAB2/DEFB1/NPY,7
GO:0043525,positive regulation of neuron apoptotic process,4/823,69/18860,0.057971014492753624,1.328473066018631,0.5838838440763557,0.3552315744538108,0.8675240048932392,0.8029679903875839,RAPSN/NUPR1/BCL2L11/TFAP2B,4
GO:0048857,neural nucleus development,4/823,69/18860,0.057971014492753624,1.328473066018631,0.5838838440763557,0.3552315744538108,0.8675240048932392,0.8029679903875839,CKB/INA/SYPL2/S100A1,4
GO:0071300,cellular response to retinoic acid,4/823,69/18860,0.057971014492753624,1.328473066018631,0.5838838440763557,0.3552315744538108,0.8675240048932392,0.8029679903875839,FZD4/WNT6/PTK7/RET,4
GO:1905330,regulation of morphogenesis of an epithelium,4/823,69/18860,0.057971014492753624,1.328473066018631,0.5838838440763557,0.3552315744538108,0.8675240048932392,0.8029679903875839,AR/NTN4/SIX4/SIX1,4
GO:0090100,positive regulation of transmembrane receptor protein serine/threonine kinase signaling pathway,6/823,111/18860,0.05405405405405406,1.2387113723687235,0.5387938621350492,0.35589088030588745,0.8675240048932392,0.8029679903875839,GDF5/ACVR2B/TGFB1I1/GPC3/BMPER/TGFB3,6
GO:0000255,allantoin metabolic process,1/823,10/18860,0.1,2.2916160388821387,0.8726796469501811,0.3600016252674474,0.8675240048932392,0.8029679903875839,ADA,1
GO:0001408,guanine nucleotide transport,1/823,10/18860,0.1,2.2916160388821387,0.8726796469501811,0.3600016252674474,0.8675240048932392,0.8029679903875839,ABCC5,1
GO:0001660,fever generation,1/823,10/18860,0.1,2.2916160388821387,0.8726796469501811,0.3600016252674474,0.8675240048932392,0.8029679903875839,PTGER3,1
GO:0001840,neural plate development,1/823,10/18860,0.1,2.2916160388821387,0.8726796469501811,0.3600016252674474,0.8675240048932392,0.8029679903875839,VANGL2,1
GO:0002318,myeloid progenitor cell differentiation,1/823,10/18860,0.1,2.2916160388821387,0.8726796469501811,0.3600016252674474,0.8675240048932392,0.8029679903875839,KIT,1
GO:0002666,positive regulation of T cell tolerance induction,1/823,10/18860,0.1,2.2916160388821387,0.8726796469501811,0.3600016252674474,0.8675240048932392,0.8029679903875839,CD3E,1
GO:0002842,positive regulation of T cell mediated immune response to tumor cell,1/823,10/18860,0.1,2.2916160388821387,0.8726796469501811,0.3600016252674474,0.8675240048932392,0.8029679903875839,SLC22A13,1
GO:0002924,negative regulation of humoral immune response mediated by circulating immunoglobulin,1/823,10/18860,0.1,2.2916160388821387,0.8726796469501811,0.3600016252674474,0.8675240048932392,0.8029679903875839,SUSD4,1
GO:0003140,determination of left/right asymmetry in lateral mesoderm,1/823,10/18860,0.1,2.2916160388821387,0.8726796469501811,0.3600016252674474,0.8675240048932392,0.8029679903875839,DAND5,1
GO:0003149,membranous septum morphogenesis,1/823,10/18860,0.1,2.2916160388821387,0.8726796469501811,0.3600016252674474,0.8675240048932392,0.8029679903875839,VANGL2,1
GO:0003310,pancreatic A cell differentiation,1/823,10/18860,0.1,2.2916160388821387,0.8726796469501811,0.3600016252674474,0.8675240048932392,0.8029679903875839,GATA6,1
GO:0003406,retinal pigment epithelium development,1/823,10/18860,0.1,2.2916160388821387,0.8726796469501811,0.3600016252674474,0.8675240048932392,0.8029679903875839,CLDN19,1
GO:0006784,heme A biosynthetic process,1/823,10/18860,0.1,2.2916160388821387,0.8726796469501811,0.3600016252674474,0.8675240048932392,0.8029679903875839,ALAD,1
GO:0006924,activation-induced cell death of T cells,1/823,10/18860,0.1,2.2916160388821387,0.8726796469501811,0.3600016252674474,0.8675240048932392,0.8029679903875839,TSC22D3,1
GO:0006930,"substrate-dependent cell migration, cell extension",1/823,10/18860,0.1,2.2916160388821387,0.8726796469501811,0.3600016252674474,0.8675240048932392,0.8029679903875839,NTN1,1
GO:0008627,intrinsic apoptotic signaling pathway in response to osmotic stress,1/823,10/18860,0.1,2.2916160388821387,0.8726796469501811,0.3600016252674474,0.8675240048932392,0.8029679903875839,SCN2A,1
GO:0009169,purine ribonucleoside monophosphate catabolic process,1/823,10/18860,0.1,2.2916160388821387,0.8726796469501811,0.3600016252674474,0.8675240048932392,0.8029679903875839,ADA,1
GO:0010172,embryonic body morphogenesis,1/823,10/18860,0.1,2.2916160388821387,0.8726796469501811,0.3600016252674474,0.8675240048932392,0.8029679903875839,GREM2,1
GO:0010749,regulation of nitric oxide mediated signal transduction,1/823,10/18860,0.1,2.2916160388821387,0.8726796469501811,0.3600016252674474,0.8675240048932392,0.8029679903875839,CBS,1
GO:0014012,peripheral nervous system axon regeneration,1/823,10/18860,0.1,2.2916160388821387,0.8726796469501811,0.3600016252674474,0.8675240048932392,0.8029679903875839,NEFL,1
GO:0015858,nucleoside transport,1/823,10/18860,0.1,2.2916160388821387,0.8726796469501811,0.3600016252674474,0.8675240048932392,0.8029679903875839,SLC29A1,1
GO:0015937,coenzyme A biosynthetic process,1/823,10/18860,0.1,2.2916160388821387,0.8726796469501811,0.3600016252674474,0.8675240048932392,0.8029679903875839,ACAT1,1
GO:0030002,intracellular monoatomic anion homeostasis,1/823,10/18860,0.1,2.2916160388821387,0.8726796469501811,0.3600016252674474,0.8675240048932392,0.8029679903875839,KCNQ1,1
GO:0030200,heparan sulfate proteoglycan catabolic process,1/823,10/18860,0.1,2.2916160388821387,0.8726796469501811,0.3600016252674474,0.8675240048932392,0.8029679903875839,IDUA,1
GO:0030644,intracellular chloride ion homeostasis,1/823,10/18860,0.1,2.2916160388821387,0.8726796469501811,0.3600016252674474,0.8675240048932392,0.8029679903875839,KCNQ1,1
GO:0031017,exocrine pancreas development,1/823,10/18860,0.1,2.2916160388821387,0.8726796469501811,0.3600016252674474,0.8675240048932392,0.8029679903875839,PTF1A,1
GO:0031915,positive regulation of synaptic plasticity,1/823,10/18860,0.1,2.2916160388821387,0.8726796469501811,0.3600016252674474,0.8675240048932392,0.8029679903875839,DBN1,1
GO:0032000,positive regulation of fatty acid beta-oxidation,1/823,10/18860,0.1,2.2916160388821387,0.8726796469501811,0.3600016252674474,0.8675240048932392,0.8029679903875839,PLIN5,1
GO:0032364,intracellular oxygen homeostasis,1/823,10/18860,0.1,2.2916160388821387,0.8726796469501811,0.3600016252674474,0.8675240048932392,0.8029679903875839,NNT,1
GO:0032825,positive regulation of natural killer cell differentiation,1/823,10/18860,0.1,2.2916160388821387,0.8726796469501811,0.3600016252674474,0.8675240048932392,0.8029679903875839,TOX,1
GO:0035356,intracellular triglyceride homeostasis,1/823,10/18860,0.1,2.2916160388821387,0.8726796469501811,0.3600016252674474,0.8675240048932392,0.8029679903875839,C1QTNF3,1
GO:0035360,positive regulation of peroxisome proliferator activated receptor signaling pathway,1/823,10/18860,0.1,2.2916160388821387,0.8726796469501811,0.3600016252674474,0.8675240048932392,0.8029679903875839,ALOX15B,1
GO:0035694,mitochondrial protein catabolic process,1/823,10/18860,0.1,2.2916160388821387,0.8726796469501811,0.3600016252674474,0.8675240048932392,0.8029679903875839,BNIP3,1
GO:0035701,hematopoietic stem cell migration,1/823,10/18860,0.1,2.2916160388821387,0.8726796469501811,0.3600016252674474,0.8675240048932392,0.8029679903875839,KIT,1
GO:0035999,tetrahydrofolate interconversion,1/823,10/18860,0.1,2.2916160388821387,0.8726796469501811,0.3600016252674474,0.8675240048932392,0.8029679903875839,ALDH1L1,1
GO:0038083,peptidyl-tyrosine autophosphorylation,1/823,10/18860,0.1,2.2916160388821387,0.8726796469501811,0.3600016252674474,0.8675240048932392,0.8029679903875839,IGF1R,1
GO:0043569,negative regulation of insulin-like growth factor receptor signaling pathway,1/823,10/18860,0.1,2.2916160388821387,0.8726796469501811,0.3600016252674474,0.8675240048932392,0.8029679903875839,IGFBP5,1
GO:0046160,heme a metabolic process,1/823,10/18860,0.1,2.2916160388821387,0.8726796469501811,0.3600016252674474,0.8675240048932392,0.8029679903875839,ALAD,1
GO:0046834,lipid phosphorylation,1/823,10/18860,0.1,2.2916160388821387,0.8726796469501811,0.3600016252674474,0.8675240048932392,0.8029679903875839,DGKD,1
GO:0048617,embryonic foregut morphogenesis,1/823,10/18860,0.1,2.2916160388821387,0.8726796469501811,0.3600016252674474,0.8675240048932392,0.8029679903875839,ACVR2B,1
GO:0048703,embryonic viscerocranium morphogenesis,1/823,10/18860,0.1,2.2916160388821387,0.8726796469501811,0.3600016252674474,0.8675240048932392,0.8029679903875839,CHST11,1
GO:0048845,venous blood vessel morphogenesis,1/823,10/18860,0.1,2.2916160388821387,0.8726796469501811,0.3600016252674474,0.8675240048932392,0.8029679903875839,CCBE1,1
GO:0048865,stem cell fate commitment,1/823,10/18860,0.1,2.2916160388821387,0.8726796469501811,0.3600016252674474,0.8675240048932392,0.8029679903875839,EDN1,1
GO:0050812,regulation of acyl-CoA biosynthetic process,1/823,10/18860,0.1,2.2916160388821387,0.8726796469501811,0.3600016252674474,0.8675240048932392,0.8029679903875839,SIRT4,1
GO:0051589,negative regulation of neurotransmitter transport,1/823,10/18860,0.1,2.2916160388821387,0.8726796469501811,0.3600016252674474,0.8675240048932392,0.8029679903875839,GPM6B,1
GO:0051933,amino acid neurotransmitter reuptake,1/823,10/18860,0.1,2.2916160388821387,0.8726796469501811,0.3600016252674474,0.8675240048932392,0.8029679903875839,KCNJ10,1
GO:0060054,positive regulation of epithelial cell proliferation involved in wound healing,1/823,10/18860,0.1,2.2916160388821387,0.8726796469501811,0.3600016252674474,0.8675240048932392,0.8029679903875839,ODAM,1
GO:0060056,mammary gland involution,1/823,10/18860,0.1,2.2916160388821387,0.8726796469501811,0.3600016252674474,0.8675240048932392,0.8029679903875839,IGFBP5,1
GO:0060346,bone trabecula formation,1/823,10/18860,0.1,2.2916160388821387,0.8726796469501811,0.3600016252674474,0.8675240048932392,0.8029679903875839,CHAD,1
GO:0060385,axonogenesis involved in innervation,1/823,10/18860,0.1,2.2916160388821387,0.8726796469501811,0.3600016252674474,0.8675240048932392,0.8029679903875839,EDN1,1
GO:0060768,regulation of epithelial cell proliferation involved in prostate gland development,1/823,10/18860,0.1,2.2916160388821387,0.8726796469501811,0.3600016252674474,0.8675240048932392,0.8029679903875839,AR,1
GO:0060947,cardiac vascular smooth muscle cell differentiation,1/823,10/18860,0.1,2.2916160388821387,0.8726796469501811,0.3600016252674474,0.8675240048932392,0.8029679903875839,GATA6,1
GO:0061000,negative regulation of dendritic spine development,1/823,10/18860,0.1,2.2916160388821387,0.8726796469501811,0.3600016252674474,0.8675240048932392,0.8029679903875839,PTPRS,1
GO:0061299,retina vasculature morphogenesis in camera-type eye,1/823,10/18860,0.1,2.2916160388821387,0.8726796469501811,0.3600016252674474,0.8675240048932392,0.8029679903875839,FZD4,1
GO:0070729,cyclic nucleotide transport,1/823,10/18860,0.1,2.2916160388821387,0.8726796469501811,0.3600016252674474,0.8675240048932392,0.8029679903875839,ABCC5,1
GO:0070862,negative regulation of protein exit from endoplasmic reticulum,1/823,10/18860,0.1,2.2916160388821387,0.8726796469501811,0.3600016252674474,0.8675240048932392,0.8029679903875839,INSIG1,1
GO:0070989,oxidative demethylation,1/823,10/18860,0.1,2.2916160388821387,0.8726796469501811,0.3600016252674474,0.8675240048932392,0.8029679903875839,CYP2C8,1
GO:0071225,cellular response to muramyl dipeptide,1/823,10/18860,0.1,2.2916160388821387,0.8726796469501811,0.3600016252674474,0.8675240048932392,0.8029679903875839,LDOC1,1
GO:0071670,smooth muscle cell chemotaxis,1/823,10/18860,0.1,2.2916160388821387,0.8726796469501811,0.3600016252674474,0.8675240048932392,0.8029679903875839,PDGFD,1
GO:0071918,urea transmembrane transport,1/823,10/18860,0.1,2.2916160388821387,0.8726796469501811,0.3600016252674474,0.8675240048932392,0.8029679903875839,SLC14A2,1
GO:0072203,cell proliferation involved in metanephros development,1/823,10/18860,0.1,2.2916160388821387,0.8726796469501811,0.3600016252674474,0.8675240048932392,0.8029679903875839,GPC3,1
GO:0090184,positive regulation of kidney development,1/823,10/18860,0.1,2.2916160388821387,0.8726796469501811,0.3600016252674474,0.8675240048932392,0.8029679903875839,RET,1
GO:0097113,AMPA glutamate receptor clustering,1/823,10/18860,0.1,2.2916160388821387,0.8726796469501811,0.3600016252674474,0.8675240048932392,0.8029679903875839,ZDHHC2,1
GO:0097119,postsynaptic density protein 95 clustering,1/823,10/18860,0.1,2.2916160388821387,0.8726796469501811,0.3600016252674474,0.8675240048932392,0.8029679903875839,CDH2,1
GO:0097503,sialylation,1/823,10/18860,0.1,2.2916160388821387,0.8726796469501811,0.3600016252674474,0.8675240048932392,0.8029679903875839,ST3GAL1,1
GO:0097688,glutamate receptor clustering,1/823,10/18860,0.1,2.2916160388821387,0.8726796469501811,0.3600016252674474,0.8675240048932392,0.8029679903875839,ZDHHC2,1
GO:0099538,synaptic signaling via neuropeptide,1/823,10/18860,0.1,2.2916160388821387,0.8726796469501811,0.3600016252674474,0.8675240048932392,0.8029679903875839,NPY,1
GO:0106015,negative regulation of inflammatory response to wounding,1/823,10/18860,0.1,2.2916160388821387,0.8726796469501811,0.3600016252674474,0.8675240048932392,0.8029679903875839,IL33,1
GO:0150172,regulation of phosphatidylcholine metabolic process,1/823,10/18860,0.1,2.2916160388821387,0.8726796469501811,0.3600016252674474,0.8675240048932392,0.8029679903875839,FABP3,1
GO:1901072,glucosamine-containing compound catabolic process,1/823,10/18860,0.1,2.2916160388821387,0.8726796469501811,0.3600016252674474,0.8675240048932392,0.8029679903875839,CHIA,1
GO:1901750,leukotriene D4 biosynthetic process,1/823,10/18860,0.1,2.2916160388821387,0.8726796469501811,0.3600016252674474,0.8675240048932392,0.8029679903875839,GGT7,1
GO:1902510,regulation of apoptotic DNA fragmentation,1/823,10/18860,0.1,2.2916160388821387,0.8726796469501811,0.3600016252674474,0.8675240048932392,0.8029679903875839,GATA5,1
GO:1903010,regulation of bone development,1/823,10/18860,0.1,2.2916160388821387,0.8726796469501811,0.3600016252674474,0.8675240048932392,0.8029679903875839,GHRL,1
GO:1903044,protein localization to membrane raft,1/823,10/18860,0.1,2.2916160388821387,0.8726796469501811,0.3600016252674474,0.8675240048932392,0.8029679903875839,ZDHHC2,1
GO:1903596,regulation of gap junction assembly,1/823,10/18860,0.1,2.2916160388821387,0.8726796469501811,0.3600016252674474,0.8675240048932392,0.8029679903875839,IRX3,1
GO:1903624,regulation of DNA catabolic process,1/823,10/18860,0.1,2.2916160388821387,0.8726796469501811,0.3600016252674474,0.8675240048932392,0.8029679903875839,GATA5,1
GO:1904760,regulation of myofibroblast differentiation,1/823,10/18860,0.1,2.2916160388821387,0.8726796469501811,0.3600016252674474,0.8675240048932392,0.8029679903875839,PDCD4,1
GO:1905665,positive regulation of calcium ion import across plasma membrane,1/823,10/18860,0.1,2.2916160388821387,0.8726796469501811,0.3600016252674474,0.8675240048932392,0.8029679903875839,PPP3CC,1
GO:1905770,regulation of mesodermal cell differentiation,1/823,10/18860,0.1,2.2916160388821387,0.8726796469501811,0.3600016252674474,0.8675240048932392,0.8029679903875839,DKK1,1
GO:1905806,regulation of synapse pruning,1/823,10/18860,0.1,2.2916160388821387,0.8726796469501811,0.3600016252674474,0.8675240048932392,0.8029679903875839,VANGL2,1
GO:1990144,intrinsic apoptotic signaling pathway in response to hypoxia,1/823,10/18860,0.1,2.2916160388821387,0.8726796469501811,0.3600016252674474,0.8675240048932392,0.8029679903875839,BNIP3,1
GO:1990859,cellular response to endothelin,1/823,10/18860,0.1,2.2916160388821387,0.8726796469501811,0.3600016252674474,0.8675240048932392,0.8029679903875839,PRKD1,1
GO:2000311,regulation of AMPA receptor activity,1/823,10/18860,0.1,2.2916160388821387,0.8726796469501811,0.3600016252674474,0.8675240048932392,0.8029679903875839,CNIH3,1
GO:2000347,positive regulation of hepatocyte proliferation,1/823,10/18860,0.1,2.2916160388821387,0.8726796469501811,0.3600016252674474,0.8675240048932392,0.8029679903875839,HPN,1
GO:2000563,"positive regulation of CD4-positive, alpha-beta T cell proliferation",1/823,10/18860,0.1,2.2916160388821387,0.8726796469501811,0.3600016252674474,0.8675240048932392,0.8029679903875839,CD3E,1
GO:2001054,negative regulation of mesenchymal cell apoptotic process,1/823,10/18860,0.1,2.2916160388821387,0.8726796469501811,0.3600016252674474,0.8675240048932392,0.8029679903875839,GDF5,1
GO:0032869,cellular response to insulin stimulus,11/823,219/18860,0.0502283105022831,1.1510400195298411,0.48023806727286356,0.36004623795685886,0.8675240048932392,0.8029679903875839,IGF1R/GHR/ECHDC3/SLC2A4/HDAC5/TBC1D4/PLA2G1B/SLC22A12/SORBS1/FFAR3/INSIG1,11
GO:0001825,blastocyst formation,3/823,49/18860,0.061224489795918366,1.4030302278870237,0.603402094912542,0.3615126130659785,0.8675240048932392,0.8029679903875839,ADA/MXI1/PRICKLE2,3
GO:0002209,behavioral defense response,3/823,49/18860,0.061224489795918366,1.4030302278870237,0.603402094912542,0.3615126130659785,0.8675240048932392,0.8029679903875839,DEAF1/PDE8B/SLITRK4,3
GO:0048512,circadian behavior,3/823,49/18860,0.061224489795918366,1.4030302278870237,0.603402094912542,0.3615126130659785,0.8675240048932392,0.8029679903875839,GHRL/ADA/GABRB3,3
GO:0072583,clathrin-dependent endocytosis,3/823,49/18860,0.061224489795918366,1.4030302278870237,0.603402094912542,0.3615126130659785,0.8675240048932392,0.8029679903875839,DNAJC6/DGKD/HIP1R,3
GO:1902108,regulation of mitochondrial membrane permeability involved in apoptotic process,3/823,49/18860,0.061224489795918366,1.4030302278870237,0.603402094912542,0.3615126130659785,0.8675240048932392,0.8029679903875839,HIP1R/BNIP3/BCL2L11,3
GO:1905145,cellular response to acetylcholine,3/823,49/18860,0.061224489795918366,1.4030302278870237,0.603402094912542,0.3615126130659785,0.8675240048932392,0.8029679903875839,CHRM3/CHRM2/LY6H,3
GO:1905710,positive regulation of membrane permeability,3/823,49/18860,0.061224489795918366,1.4030302278870237,0.603402094912542,0.3615126130659785,0.8675240048932392,0.8029679903875839,HIP1R/BNIP3/BCL2L11,3
GO:0045927,positive regulation of growth,13/823,263/18860,0.049429657794676805,1.1327379659873689,0.46305084639330935,0.3625916509353369,0.8675240048932392,0.8029679903875839,GHR/ERBB4/GHRL/EGFR/HPN/NEDD4L/ZFYVE27/GATA6/CACNA2D2/F2/NTN1/EDN1/ATP8A2,13
GO:1901136,carbohydrate derivative catabolic process,13/823,263/18860,0.049429657794676805,1.1327379659873689,0.46305084639330935,0.3625916509353369,0.8675240048932392,0.8029679903875839,CHIA/PDE8B/IDUA/PRKAA2/ALDH1A1/NUPR1/ENPP4/GALT/ADA/NT5M/FBXO27/PGAM2/STAB2,13
GO:0001573,ganglioside metabolic process,2/823,29/18860,0.06896551724137931,1.5804248544014747,0.6681675862798191,0.363051295204911,0.8675240048932392,0.8029679903875839,ST3GAL1/ABCA2,2
GO:0001963,"synaptic transmission, dopaminergic",2/823,29/18860,0.06896551724137931,1.5804248544014747,0.6681675862798191,0.363051295204911,0.8675240048932392,0.8029679903875839,DRD5/SLC6A2,2
GO:0002052,positive regulation of neuroblast proliferation,2/823,29/18860,0.06896551724137931,1.5804248544014747,0.6681675862798191,0.363051295204911,0.8675240048932392,0.8029679903875839,SMARCD3/ID4,2
GO:0006929,substrate-dependent cell migration,2/823,29/18860,0.06896551724137931,1.5804248544014747,0.6681675862798191,0.363051295204911,0.8675240048932392,0.8029679903875839,NTN1/FBLN1,2
GO:0007141,male meiosis I,2/823,29/18860,0.06896551724137931,1.5804248544014747,0.6681675862798191,0.363051295204911,0.8675240048932392,0.8029679903875839,REC8/TDRD9,2
GO:0009648,photoperiodism,2/823,29/18860,0.06896551724137931,1.5804248544014747,0.6681675862798191,0.363051295204911,0.8675240048932392,0.8029679903875839,CRTC1/NPY,2
GO:0010971,positive regulation of G2/M transition of mitotic cell cycle,2/823,29/18860,0.06896551724137931,1.5804248544014747,0.6681675862798191,0.363051295204911,0.8675240048932392,0.8029679903875839,SMARCD3/BRD4,2
GO:0019359,nicotinamide nucleotide biosynthetic process,2/823,29/18860,0.06896551724137931,1.5804248544014747,0.6681675862798191,0.363051295204911,0.8675240048932392,0.8029679903875839,IDH2/SLC22A13,2
GO:0019363,pyridine nucleotide biosynthetic process,2/823,29/18860,0.06896551724137931,1.5804248544014747,0.6681675862798191,0.363051295204911,0.8675240048932392,0.8029679903875839,IDH2/SLC22A13,2
GO:0021895,cerebral cortex neuron differentiation,2/823,29/18860,0.06896551724137931,1.5804248544014747,0.6681675862798191,0.363051295204911,0.8675240048932392,0.8029679903875839,TOX/ID4,2
GO:0021952,central nervous system projection neuron axonogenesis,2/823,29/18860,0.06896551724137931,1.5804248544014747,0.6681675862798191,0.363051295204911,0.8675240048932392,0.8029679903875839,EPHB3/NIN,2
GO:0035116,embryonic hindlimb morphogenesis,2/823,29/18860,0.06896551724137931,1.5804248544014747,0.6681675862798191,0.363051295204911,0.8675240048932392,0.8029679903875839,GPC3/ZBTB16,2
GO:0043921,host-mediated perturbation of viral transcription,2/823,29/18860,0.06896551724137931,1.5804248544014747,0.6681675862798191,0.363051295204911,0.8675240048932392,0.8029679903875839,HPN/BRD4,2
GO:0045717,negative regulation of fatty acid biosynthetic process,2/823,29/18860,0.06896551724137931,1.5804248544014747,0.6681675862798191,0.363051295204911,0.8675240048932392,0.8029679903875839,ACADL/INSIG1,2
GO:0001708,cell fate specification,6/823,112/18860,0.05357142857142857,1.2276514494011455,0.5161537106316627,0.3637278125959222,0.8675240048932392,0.8029679903875839,CHD3/APC2/FOXA1/SOX2/SIX1/DKK1,6
GO:0006816,calcium ion transport,21/823,439/18860,0.04783599088838269,1.096217239556376,0.4357181460113715,0.3638383208625957,0.8675240048932392,0.8029679903875839,TMEM37/CACNA2D3/GSTM2/DMD/HOMER2/PLCL1/RYR2/PPP3CC/PRKD1/PLA2G1B/CACNA2D2/CACHD1/NALCN/F2/SLC8A2/RAMP1/PACSIN3/EDN1/TRPV6/KCNJ8/CAMK2B,21
GO:1905037,autophagosome organization,8/823,155/18860,0.05161290322580645,1.1827695684552972,0.48805411005004085,0.36514455839879,0.8675240048932392,0.8029679903875839,STX12/TBC1D14/GABARAPL1/BNIP3/ULK1/ULK2/NUPR1/ATG9B,8
GO:0050879,multicellular organismal movement,4/823,70/18860,0.05714285714285714,1.309494879361222,0.5541357801236576,0.365245528623777,0.8675240048932392,0.8029679903875839,GSTM2/DMD/PRKD1/ATP8A2,4
GO:0003407,neural retina development,5/823,91/18860,0.054945054945054944,1.2591296916934827,0.5292908698264509,0.36530105229853116,0.8675240048932392,0.8029679903875839,SMARCD3/PTPRM/PTF1A/TFAP2B/ATP8A2,5
GO:0007218,neuropeptide signaling pathway,6/823,113/18860,0.05309734513274336,1.2167872772825514,0.4937239765178154,0.37157348021304093,0.8675240048932392,0.8029679903875839,CCKBR/PTGDR2/GNAI1/RXFP4/SSTR2/NPY,6
GO:0032355,response to estradiol,6/823,113/18860,0.05309734513274336,1.2167872772825514,0.4937239765178154,0.37157348021304093,0.8675240048932392,0.8029679903875839,GHR/IGFBP2/EGFR/FOXA1/SSTR2/POSTN,6
GO:0051091,positive regulation of DNA-binding transcription factor activity,6/823,113/18860,0.05309734513274336,1.2167872772825514,0.4937239765178154,0.37157348021304093,0.8675240048932392,0.8029679903875839,CRTC1/PRKD1/KIT/RAB7B/FOXA1/ADCY1,6
GO:1905039,carboxylic acid transmembrane transport,8/823,156/18860,0.05128205128205128,1.1751877122472505,0.46932726932592805,0.37179628236017975,0.8675240048932392,0.8029679903875839,SLC26A7/SLC16A7/SLC1A2/SLC13A3/ABCC5/SLC16A10/KCNJ10/SLC6A5,8
GO:0071695,anatomical structure maturation,14/823,287/18860,0.04878048780487805,1.117861482381531,0.42978268355460886,0.3731329038969348,0.8675240048932392,0.8029679903875839,REC8/HBZ/PLD6/NTN4/FOXA1/RET/ZBTB16/PTH1R/PTPRN/EDN1/ZAR1/ZAR1L/SRRM4/DEFB1,14
GO:0090092,regulation of transmembrane receptor protein serine/threonine kinase signaling pathway,16/823,331/18860,0.04833836858006042,1.107729807314629,0.4223777034543451,0.37330699775796583,0.8675240048932392,0.8029679903875839,GDF5/GPR155/FOLR1/ACVR2B/RBPMS2/TGFB1I1/GPC3/GREM2/BMPER/CHST11/FST/TGFB3/TFAP2B/SOSTDC1/DAND5/DKK1,16
GO:0002920,regulation of humoral immune response,3/823,50/18860,0.06,1.374969623329283,0.5671054045116056,0.3735308980380009,0.8675240048932392,0.8029679903875839,SUSD4/GATA6/PGC,3
GO:0032365,intracellular lipid transport,3/823,50/18860,0.06,1.374969623329283,0.5671054045116056,0.3735308980380009,0.8675240048932392,0.8029679903875839,FABP3/ABCA2/GRAMD1A,3
GO:0035850,epithelial cell differentiation involved in kidney development,3/823,50/18860,0.06,1.374969623329283,0.5671054045116056,0.3735308980380009,0.8675240048932392,0.8029679903875839,NPHS1/LAMB2/EDN1,3
GO:0043029,T cell homeostasis,3/823,50/18860,0.06,1.374969623329283,0.5671054045116056,0.3735308980380009,0.8675240048932392,0.8029679903875839,CHST3/TSC22D3/BCL2L11,3
GO:0045747,positive regulation of Notch signaling pathway,3/823,50/18860,0.06,1.374969623329283,0.5671054045116056,0.3735308980380009,0.8675240048932392,0.8029679903875839,ZMIZ1/KIT/GATA5,3
GO:0061028,establishment of endothelial barrier,3/823,50/18860,0.06,1.374969623329283,0.5671054045116056,0.3735308980380009,0.8675240048932392,0.8029679903875839,PTPRS/PROC/S1PR3,3
GO:2000785,regulation of autophagosome assembly,3/823,50/18860,0.06,1.374969623329283,0.5671054045116056,0.3735308980380009,0.8675240048932392,0.8029679903875839,TBC1D14/ULK1/NUPR1,3
GO:0006695,cholesterol biosynthetic process,4/823,71/18860,0.056338028169014086,1.2910512895110642,0.5248364196598362,0.37525184662969635,0.8675240048932392,0.8029679903875839,TM7SF2/PRKAA2/GNAI1/INSIG1,4
GO:0045668,negative regulation of osteoblast differentiation,4/823,71/18860,0.056338028169014086,1.2910512895110642,0.5248364196598362,0.37525184662969635,0.8675240048932392,0.8029679903875839,RANBP3L/IGFBP2/CDK6/IGFBP5,4
GO:0061462,protein localization to lysosome,4/823,71/18860,0.056338028169014086,1.2910512895110642,0.5248364196598362,0.37525184662969635,0.8675240048932392,0.8029679903875839,GPR155/LAMP2/PRKAA2/RNF152,4
GO:0070301,cellular response to hydrogen peroxide,4/823,71/18860,0.056338028169014086,1.2910512895110642,0.5248364196598362,0.37525184662969635,0.8675240048932392,0.8029679903875839,PDGFD/BNIP3/GATA5/EDN1,4
GO:0097192,extrinsic apoptotic signaling pathway in absence of ligand,4/823,71/18860,0.056338028169014086,1.2910512895110642,0.5248364196598362,0.37525184662969635,0.8675240048932392,0.8029679903875839,COL2A1/BCL2L11/KITLG/RET,4
GO:1902653,secondary alcohol biosynthetic process,4/823,71/18860,0.056338028169014086,1.2910512895110642,0.5248364196598362,0.37525184662969635,0.8675240048932392,0.8029679903875839,TM7SF2/PRKAA2/GNAI1/INSIG1,4
GO:1904262,negative regulation of TORC1 signaling,4/823,71/18860,0.056338028169014086,1.2910512895110642,0.5248364196598362,0.37525184662969635,0.8675240048932392,0.8029679903875839,GPR155/PRKAA2/RNF152/PRKACB,4
GO:2000379,positive regulation of reactive oxygen species metabolic process,4/823,71/18860,0.056338028169014086,1.2910512895110642,0.5248364196598362,0.37525184662969635,0.8675240048932392,0.8029679903875839,DCXR/NNT/F2/DUOXA1,4
GO:0050679,positive regulation of epithelial cell proliferation,11/823,222/18860,0.04954954954954955,1.13548542467133,0.4337570091506832,0.3767569276349644,0.8675240048932392,0.8029679903875839,PDCD6/VEGFB/ERBB4/GHRL/EGFR/HPN/AR/CYP7B1/PRKD1/ODAM/PTPRN,11
GO:0030534,adult behavior,8/823,157/18860,0.050955414012738856,1.1677024401947202,0.45072398194396035,0.3784570474664008,0.8675240048932392,0.8029679903875839,SLC1A2/GHRL/GABRG2/RNF180/HOMER2/SEZ6L2/KCNJ10/NPY,8
GO:0000272,polysaccharide catabolic process,2/823,30/18860,0.06666666666666667,1.5277440259214257,0.6179251737340474,0.37889787474900316,0.8675240048932392,0.8029679903875839,CHIA/GABARAPL1,2
GO:0006359,regulation of transcription by RNA polymerase III,2/823,30/18860,0.06666666666666667,1.5277440259214257,0.6179251737340474,0.37889787474900316,0.8675240048932392,0.8029679903875839,AR/ZNF345,2
GO:0006656,phosphatidylcholine biosynthetic process,2/823,30/18860,0.06666666666666667,1.5277440259214257,0.6179251737340474,0.37889787474900316,0.8675240048932392,0.8029679903875839,FABP3/PRKAA2,2
GO:0007039,protein catabolic process in the vacuole,2/823,30/18860,0.06666666666666667,1.5277440259214257,0.6179251737340474,0.37889787474900316,0.8675240048932392,0.8029679903875839,LAMP2/CPA2,2
GO:0009264,deoxyribonucleotide catabolic process,2/823,30/18860,0.06666666666666667,1.5277440259214257,0.6179251737340474,0.37889787474900316,0.8675240048932392,0.8029679903875839,ADA/NT5M,2
GO:0010447,response to acidic pH,2/823,30/18860,0.06666666666666667,1.5277440259214257,0.6179251737340474,0.37889787474900316,0.8675240048932392,0.8029679903875839,SCNN1B/SCNN1G,2
GO:0010758,regulation of macrophage chemotaxis,2/823,30/18860,0.06666666666666667,1.5277440259214257,0.6179251737340474,0.37889787474900316,0.8675240048932392,0.8029679903875839,C5/CXCL17,2
GO:0031579,membrane raft organization,2/823,30/18860,0.06666666666666667,1.5277440259214257,0.6179251737340474,0.37889787474900316,0.8675240048932392,0.8029679903875839,COLEC12/MAL,2
GO:0035357,peroxisome proliferator activated receptor signaling pathway,2/823,30/18860,0.06666666666666667,1.5277440259214257,0.6179251737340474,0.37889787474900316,0.8675240048932392,0.8029679903875839,PLIN5/ALOX15B,2
GO:0042059,negative regulation of epidermal growth factor receptor signaling pathway,2/823,30/18860,0.06666666666666667,1.5277440259214257,0.6179251737340474,0.37889787474900316,0.8675240048932392,0.8029679903875839,SH3GL2/EGFR,2
GO:0046386,deoxyribose phosphate catabolic process,2/823,30/18860,0.06666666666666667,1.5277440259214257,0.6179251737340474,0.37889787474900316,0.8675240048932392,0.8029679903875839,ADA/NT5M,2
GO:0046685,response to arsenic-containing substance,2/823,30/18860,0.06666666666666667,1.5277440259214257,0.6179251737340474,0.37889787474900316,0.8675240048932392,0.8029679903875839,ALAD/NEFL,2
GO:0050951,sensory perception of temperature stimulus,2/823,30/18860,0.06666666666666667,1.5277440259214257,0.6179251737340474,0.37889787474900316,0.8675240048932392,0.8029679903875839,TAC4/OPN4,2
GO:0060479,lung cell differentiation,2/823,30/18860,0.06666666666666667,1.5277440259214257,0.6179251737340474,0.37889787474900316,0.8675240048932392,0.8029679903875839,GATA6/FOXA1,2
GO:0060487,lung epithelial cell differentiation,2/823,30/18860,0.06666666666666667,1.5277440259214257,0.6179251737340474,0.37889787474900316,0.8675240048932392,0.8029679903875839,GATA6/FOXA1,2
GO:0061484,hematopoietic stem cell homeostasis,2/823,30/18860,0.06666666666666667,1.5277440259214257,0.6179251737340474,0.37889787474900316,0.8675240048932392,0.8029679903875839,ARMCX1/GLIS2,2
GO:0071467,cellular response to pH,2/823,30/18860,0.06666666666666667,1.5277440259214257,0.6179251737340474,0.37889787474900316,0.8675240048932392,0.8029679903875839,SCNN1B/SCNN1G,2
GO:0072012,glomerulus vasculature development,2/823,30/18860,0.06666666666666667,1.5277440259214257,0.6179251737340474,0.37889787474900316,0.8675240048932392,0.8029679903875839,PDGFD/EDN1,2
GO:0003279,cardiac septum development,6/823,114/18860,0.05263157894736842,1.2061137046748096,0.4715004199577885,0.37942462711376346,0.8675240048932392,0.8029679903875839,GATA6/ADAMTS19/PTK7/VANGL2/DAND5/KCNJ8,6
GO:0051235,maintenance of location,11/823,223/18860,0.04932735426008968,1.130393561780427,0.4184057773584745,0.3823460206567215,0.8675240048932392,0.8029679903875839,GSTM2/DMD/DBN1/SYNE1/PLCL1/RYR2/PRKD1/PDIA2/F2/DAND5/INSIG1,11
GO:0071560,cellular response to transforming growth factor beta stimulus,15/823,311/18860,0.04823151125401929,1.1052810476923498,0.39989616313614684,0.3827540244549519,0.8675240048932392,0.8029679903875839,GDF5/FOLR1/ZMIZ1/PDGFD/SMAD5/TGFB1I1/FMOD/CHST11/SMAD9/GCNT2/TGFB3/DAND5/EDN1/POSTN/AMHR2,15
GO:0030901,midbrain development,5/823,93/18860,0.053763440860215055,1.2320516338076013,0.47918782263256426,0.3827774263889584,0.8675240048932392,0.8029679903875839,CKB/INA/SYPL2/S100A1/DKK1,5
GO:0032456,endocytic recycling,5/823,93/18860,0.053763440860215055,1.2320516338076013,0.47918782263256426,0.3827774263889584,0.8675240048932392,0.8029679903875839,STX12/ZDHHC2/RAB17/MICALL1/ANKRD50,5
GO:1900180,regulation of protein localization to nucleus,8/823,158/18860,0.05063291139240506,1.160311918421336,0.43224245742838985,0.3851248545192984,0.8675240048932392,0.8029679903875839,GLUL/NMD3/PRKD1/CWH43/F2/GLIS2/EDN1/CABP1,8
GO:1904375,regulation of protein localization to cell periphery,8/823,158/18860,0.05063291139240506,1.160311918421336,0.43224245742838985,0.3851248545192984,0.8675240048932392,0.8029679903875839,EGFR/AR/ZDHHC2/GNAI1/CACNA2D2/ABCA2/SORBS1/CAMK2B,8
GO:0022617,extracellular matrix disassembly,4/823,72/18860,0.05555555555555555,1.2731200216011882,0.495971368038943,0.38524420836372986,0.8675240048932392,0.8029679903875839,HPN/PBXIP1/MMP19/TIMP3,4
GO:0030032,lamellipodium assembly,4/823,72/18860,0.05555555555555555,1.2731200216011882,0.495971368038943,0.38524420836372986,0.8675240048932392,0.8029679903875839,WASF3/KIT/VAV3/HRG,4
GO:0042058,regulation of epidermal growth factor receptor signaling pathway,4/823,72/18860,0.05555555555555555,1.2731200216011882,0.495971368038943,0.38524420836372986,0.8675240048932392,0.8029679903875839,SH3GL2/DGKD/HIP1R/EGFR,4
GO:0060042,retina morphogenesis in camera-type eye,4/823,72/18860,0.05555555555555555,1.2731200216011882,0.495971368038943,0.38524420836372986,0.8675240048932392,0.8029679903875839,PTPRM/PTF1A/TFAP2B/ATP8A2,4
GO:0002269,leukocyte activation involved in inflammatory response,3/823,51/18860,0.058823529411764705,1.348009434636552,0.5315820994043822,0.385504191645496,0.8675240048932392,0.8029679903875839,IL33/SCNN1B/KCNJ8,3
GO:0008206,bile acid metabolic process,3/823,51/18860,0.058823529411764705,1.348009434636552,0.5315820994043822,0.385504191645496,0.8675240048932392,0.8029679903875839,CYP7B1/SULT2A1/KIT,3
GO:0043368,positive T cell selection,3/823,51/18860,0.058823529411764705,1.348009434636552,0.5315820994043822,0.385504191645496,0.8675240048932392,0.8029679903875839,CD3E/TOX/BRD4,3
GO:0045948,positive regulation of translational initiation,3/823,51/18860,0.058823529411764705,1.348009434636552,0.5315820994043822,0.385504191645496,0.8675240048932392,0.8029679903875839,GPR155/PRKAA2/RNF152,3
GO:0070296,sarcoplasmic reticulum calcium ion transport,3/823,51/18860,0.058823529411764705,1.348009434636552,0.5315820994043822,0.385504191645496,0.8675240048932392,0.8029679903875839,GSTM2/DMD/RYR2,3
GO:2000300,regulation of synaptic vesicle exocytosis,3/823,51/18860,0.058823529411764705,1.348009434636552,0.5315820994043822,0.385504191645496,0.8675240048932392,0.8029679903875839,RIMS4/RIMS3/NPY,3
GO:0015718,monocarboxylic acid transport,9/823,180/18860,0.05,1.1458080194410694,0.41986176069678033,0.3865715318163894,0.8675240048932392,0.8029679903875839,SLC26A7/SLC16A7/FABP3/RBP7/PLA2G1B/SLC10A1/EDN1/KCNJ8/SLC22A13,9
GO:0002317,plasma cell differentiation,1/823,11/18860,0.09090909090909091,2.0832873080746714,0.7676671125811152,0.38794425987778647,0.8675240048932392,0.8029679903875839,ITM2A,1
GO:0002361,"CD4-positive, CD25-positive, alpha-beta regulatory T cell differentiation",1/823,11/18860,0.09090909090909091,2.0832873080746714,0.7676671125811152,0.38794425987778647,0.8675240048932392,0.8029679903875839,TOX,1
GO:0002732,positive regulation of dendritic cell cytokine production,1/823,11/18860,0.09090909090909091,2.0832873080746714,0.7676671125811152,0.38794425987778647,0.8675240048932392,0.8029679903875839,KIT,1
GO:0002775,antimicrobial peptide production,1/823,11/18860,0.09090909090909091,2.0832873080746714,0.7676671125811152,0.38794425987778647,0.8675240048932392,0.8029679903875839,PGC,1
GO:0002826,negative regulation of T-helper 1 type immune response,1/823,11/18860,0.09090909090909091,2.0832873080746714,0.7676671125811152,0.38794425987778647,0.8675240048932392,0.8029679903875839,IL33,1
GO:0003093,regulation of glomerular filtration,1/823,11/18860,0.09090909090909091,2.0832873080746714,0.7676671125811152,0.38794425987778647,0.8675240048932392,0.8029679903875839,TTR,1
GO:0003139,secondary heart field specification,1/823,11/18860,0.09090909090909091,2.0832873080746714,0.7676671125811152,0.38794425987778647,0.8675240048932392,0.8029679903875839,SMARCD3,1
GO:0003263,cardioblast proliferation,1/823,11/18860,0.09090909090909091,2.0832873080746714,0.7676671125811152,0.38794425987778647,0.8675240048932392,0.8029679903875839,SIX1,1
GO:0003264,regulation of cardioblast proliferation,1/823,11/18860,0.09090909090909091,2.0832873080746714,0.7676671125811152,0.38794425987778647,0.8675240048932392,0.8029679903875839,SIX1,1
GO:0003357,noradrenergic neuron differentiation,1/823,11/18860,0.09090909090909091,2.0832873080746714,0.7676671125811152,0.38794425987778647,0.8675240048932392,0.8029679903875839,EDN1,1
GO:0006171,cAMP biosynthetic process,1/823,11/18860,0.09090909090909091,2.0832873080746714,0.7676671125811152,0.38794425987778647,0.8675240048932392,0.8029679903875839,ADCY1,1
GO:0006751,glutathione catabolic process,1/823,11/18860,0.09090909090909091,2.0832873080746714,0.7676671125811152,0.38794425987778647,0.8675240048932392,0.8029679903875839,GGT7,1
GO:0007191,adenylate cyclase-activating dopamine receptor signaling pathway,1/823,11/18860,0.09090909090909091,2.0832873080746714,0.7676671125811152,0.38794425987778647,0.8675240048932392,0.8029679903875839,DRD5,1
GO:0007440,foregut morphogenesis,1/823,11/18860,0.09090909090909091,2.0832873080746714,0.7676671125811152,0.38794425987778647,0.8675240048932392,0.8029679903875839,ACVR2B,1
GO:0007494,midgut development,1/823,11/18860,0.09090909090909091,2.0832873080746714,0.7676671125811152,0.38794425987778647,0.8675240048932392,0.8029679903875839,RET,1
GO:0009128,purine nucleoside monophosphate catabolic process,1/823,11/18860,0.09090909090909091,2.0832873080746714,0.7676671125811152,0.38794425987778647,0.8675240048932392,0.8029679903875839,ADA,1
GO:0009396,folic acid-containing compound biosynthetic process,1/823,11/18860,0.09090909090909091,2.0832873080746714,0.7676671125811152,0.38794425987778647,0.8675240048932392,0.8029679903875839,FOLR1,1
GO:0010248,establishment or maintenance of transmembrane electrochemical gradient,1/823,11/18860,0.09090909090909091,2.0832873080746714,0.7676671125811152,0.38794425987778647,0.8675240048932392,0.8029679903875839,ATP4A,1
GO:0010269,response to selenium ion,1/823,11/18860,0.09090909090909091,2.0832873080746714,0.7676671125811152,0.38794425987778647,0.8675240048932392,0.8029679903875839,ALAD,1
GO:0010716,negative regulation of extracellular matrix disassembly,1/823,11/18860,0.09090909090909091,2.0832873080746714,0.7676671125811152,0.38794425987778647,0.8675240048932392,0.8029679903875839,TIMP3,1
GO:0015840,urea transport,1/823,11/18860,0.09090909090909091,2.0832873080746714,0.7676671125811152,0.38794425987778647,0.8675240048932392,0.8029679903875839,SLC14A2,1
GO:0015871,choline transport,1/823,11/18860,0.09090909090909091,2.0832873080746714,0.7676671125811152,0.38794425987778647,0.8675240048932392,0.8029679903875839,SLC5A7,1
GO:0016185,synaptic vesicle budding from presynaptic endocytic zone membrane,1/823,11/18860,0.09090909090909091,2.0832873080746714,0.7676671125811152,0.38794425987778647,0.8675240048932392,0.8029679903875839,SLC2A4,1
GO:0019227,neuronal action potential propagation,1/823,11/18860,0.09090909090909091,2.0832873080746714,0.7676671125811152,0.38794425987778647,0.8675240048932392,0.8029679903875839,CLDN19,1
GO:0019372,lipoxygenase pathway,1/823,11/18860,0.09090909090909091,2.0832873080746714,0.7676671125811152,0.38794425987778647,0.8675240048932392,0.8029679903875839,ALOX15B,1
GO:0019614,catechol-containing compound catabolic process,1/823,11/18860,0.09090909090909091,2.0832873080746714,0.7676671125811152,0.38794425987778647,0.8675240048932392,0.8029679903875839,PDE1B,1
GO:0019673,GDP-mannose metabolic process,1/823,11/18860,0.09090909090909091,2.0832873080746714,0.7676671125811152,0.38794425987778647,0.8675240048932392,0.8029679903875839,PMM1,1
GO:0021561,facial nerve development,1/823,11/18860,0.09090909090909091,2.0832873080746714,0.7676671125811152,0.38794425987778647,0.8675240048932392,0.8029679903875839,SIX1,1
GO:0021610,facial nerve morphogenesis,1/823,11/18860,0.09090909090909091,2.0832873080746714,0.7676671125811152,0.38794425987778647,0.8675240048932392,0.8029679903875839,SIX1,1
GO:0021860,pyramidal neuron development,1/823,11/18860,0.09090909090909091,2.0832873080746714,0.7676671125811152,0.38794425987778647,0.8675240048932392,0.8029679903875839,ZMIZ1,1
GO:0031652,positive regulation of heat generation,1/823,11/18860,0.09090909090909091,2.0832873080746714,0.7676671125811152,0.38794425987778647,0.8675240048932392,0.8029679903875839,PTGER3,1
GO:0032380,regulation of intracellular sterol transport,1/823,11/18860,0.09090909090909091,2.0832873080746714,0.7676671125811152,0.38794425987778647,0.8675240048932392,0.8029679903875839,ABCA2,1
GO:0032383,regulation of intracellular cholesterol transport,1/823,11/18860,0.09090909090909091,2.0832873080746714,0.7676671125811152,0.38794425987778647,0.8675240048932392,0.8029679903875839,ABCA2,1
GO:0032534,regulation of microvillus assembly,1/823,11/18860,0.09090909090909091,2.0832873080746714,0.7676671125811152,0.38794425987778647,0.8675240048932392,0.8029679903875839,RAP1GAP,1
GO:0033089,positive regulation of T cell differentiation in thymus,1/823,11/18860,0.09090909090909091,2.0832873080746714,0.7676671125811152,0.38794425987778647,0.8675240048932392,0.8029679903875839,ADA,1
GO:0033327,Leydig cell differentiation,1/823,11/18860,0.09090909090909091,2.0832873080746714,0.7676671125811152,0.38794425987778647,0.8675240048932392,0.8029679903875839,AR,1
GO:0033504,floor plate development,1/823,11/18860,0.09090909090909091,2.0832873080746714,0.7676671125811152,0.38794425987778647,0.8675240048932392,0.8029679903875839,FERD3L,1
GO:0034975,protein folding in endoplasmic reticulum,1/823,11/18860,0.09090909090909091,2.0832873080746714,0.7676671125811152,0.38794425987778647,0.8675240048932392,0.8029679903875839,PDIA2,1
GO:0035696,monocyte extravasation,1/823,11/18860,0.09090909090909091,2.0832873080746714,0.7676671125811152,0.38794425987778647,0.8675240048932392,0.8029679903875839,PDGFD,1
GO:0035871,protein K11-linked deubiquitination,1/823,11/18860,0.09090909090909091,2.0832873080746714,0.7676671125811152,0.38794425987778647,0.8675240048932392,0.8029679903875839,OTUD6A,1
GO:0035878,nail development,1/823,11/18860,0.09090909090909091,2.0832873080746714,0.7676671125811152,0.38794425987778647,0.8675240048932392,0.8029679903875839,HOXC13,1
GO:0042118,endothelial cell activation,1/823,11/18860,0.09090909090909091,2.0832873080746714,0.7676671125811152,0.38794425987778647,0.8675240048932392,0.8029679903875839,BMPER,1
GO:0042167,heme catabolic process,1/823,11/18860,0.09090909090909091,2.0832873080746714,0.7676671125811152,0.38794425987778647,0.8675240048932392,0.8029679903875839,HMOX2,1
GO:0042420,dopamine catabolic process,1/823,11/18860,0.09090909090909091,2.0832873080746714,0.7676671125811152,0.38794425987778647,0.8675240048932392,0.8029679903875839,PDE1B,1
GO:0042424,catecholamine catabolic process,1/823,11/18860,0.09090909090909091,2.0832873080746714,0.7676671125811152,0.38794425987778647,0.8675240048932392,0.8029679903875839,PDE1B,1
GO:0042451,purine nucleoside biosynthetic process,1/823,11/18860,0.09090909090909091,2.0832873080746714,0.7676671125811152,0.38794425987778647,0.8675240048932392,0.8029679903875839,ADA,1
GO:0042455,ribonucleoside biosynthetic process,1/823,11/18860,0.09090909090909091,2.0832873080746714,0.7676671125811152,0.38794425987778647,0.8675240048932392,0.8029679903875839,ADA,1
GO:0042487,regulation of odontogenesis of dentin-containing tooth,1/823,11/18860,0.09090909090909091,2.0832873080746714,0.7676671125811152,0.38794425987778647,0.8675240048932392,0.8029679903875839,APCDD1,1
GO:0044062,regulation of excretion,1/823,11/18860,0.09090909090909091,2.0832873080746714,0.7676671125811152,0.38794425987778647,0.8675240048932392,0.8029679903875839,EDN1,1
GO:0045602,negative regulation of endothelial cell differentiation,1/823,11/18860,0.09090909090909091,2.0832873080746714,0.7676671125811152,0.38794425987778647,0.8675240048932392,0.8029679903875839,S1PR3,1
GO:0045654,positive regulation of megakaryocyte differentiation,1/823,11/18860,0.09090909090909091,2.0832873080746714,0.7676671125811152,0.38794425987778647,0.8675240048932392,0.8029679903875839,RAB7B,1
GO:0046085,adenosine metabolic process,1/823,11/18860,0.09090909090909091,2.0832873080746714,0.7676671125811152,0.38794425987778647,0.8675240048932392,0.8029679903875839,ADA,1
GO:0046129,purine ribonucleoside biosynthetic process,1/823,11/18860,0.09090909090909091,2.0832873080746714,0.7676671125811152,0.38794425987778647,0.8675240048932392,0.8029679903875839,ADA,1
GO:0046149,pigment catabolic process,1/823,11/18860,0.09090909090909091,2.0832873080746714,0.7676671125811152,0.38794425987778647,0.8675240048932392,0.8029679903875839,HMOX2,1
GO:0046500,S-adenosylmethionine metabolic process,1/823,11/18860,0.09090909090909091,2.0832873080746714,0.7676671125811152,0.38794425987778647,0.8675240048932392,0.8029679903875839,GNMT,1
GO:0046501,protoporphyrinogen IX metabolic process,1/823,11/18860,0.09090909090909091,2.0832873080746714,0.7676671125811152,0.38794425987778647,0.8675240048932392,0.8029679903875839,ALAD,1
GO:0048733,sebaceous gland development,1/823,11/18860,0.09090909090909091,2.0832873080746714,0.7676671125811152,0.38794425987778647,0.8675240048932392,0.8029679903875839,GATA6,1
GO:0048755,branching morphogenesis of a nerve,1/823,11/18860,0.09090909090909091,2.0832873080746714,0.7676671125811152,0.38794425987778647,0.8675240048932392,0.8029679903875839,FGF13,1
GO:0048840,otolith development,1/823,11/18860,0.09090909090909091,2.0832873080746714,0.7676671125811152,0.38794425987778647,0.8675240048932392,0.8029679903875839,LRIG1,1
GO:0051386,regulation of neurotrophin TRK receptor signaling pathway,1/823,11/18860,0.09090909090909091,2.0832873080746714,0.7676671125811152,0.38794425987778647,0.8675240048932392,0.8029679903875839,CYFIP2,1
GO:0060525,prostate glandular acinus development,1/823,11/18860,0.09090909090909091,2.0832873080746714,0.7676671125811152,0.38794425987778647,0.8675240048932392,0.8029679903875839,FOXA1,1
GO:0060628,regulation of ER to Golgi vesicle-mediated transport,1/823,11/18860,0.09090909090909091,2.0832873080746714,0.7676671125811152,0.38794425987778647,0.8675240048932392,0.8029679903875839,GAS1,1
GO:0060732,positive regulation of inositol phosphate biosynthetic process,1/823,11/18860,0.09090909090909091,2.0832873080746714,0.7676671125811152,0.38794425987778647,0.8675240048932392,0.8029679903875839,PTH1R,1
GO:0060767,epithelial cell proliferation involved in prostate gland development,1/823,11/18860,0.09090909090909091,2.0832873080746714,0.7676671125811152,0.38794425987778647,0.8675240048932392,0.8029679903875839,AR,1
GO:0060920,cardiac pacemaker cell differentiation,1/823,11/18860,0.09090909090909091,2.0832873080746714,0.7676671125811152,0.38794425987778647,0.8675240048932392,0.8029679903875839,KCNJ8,1
GO:0061511,centriole elongation,1/823,11/18860,0.09090909090909091,2.0832873080746714,0.7676671125811152,0.38794425987778647,0.8675240048932392,0.8029679903875839,WDR90,1
GO:0062028,regulation of stress granule assembly,1/823,11/18860,0.09090909090909091,2.0832873080746714,0.7676671125811152,0.38794425987778647,0.8675240048932392,0.8029679903875839,PRKAA2,1
GO:0070778,L-aspartate transmembrane transport,1/823,11/18860,0.09090909090909091,2.0832873080746714,0.7676671125811152,0.38794425987778647,0.8675240048932392,0.8029679903875839,SLC1A2,1
GO:0071073,positive regulation of phospholipid biosynthetic process,1/823,11/18860,0.09090909090909091,2.0832873080746714,0.7676671125811152,0.38794425987778647,0.8675240048932392,0.8029679903875839,FABP3,1
GO:0071314,cellular response to cocaine,1/823,11/18860,0.09090909090909091,2.0832873080746714,0.7676671125811152,0.38794425987778647,0.8675240048932392,0.8029679903875839,SLC1A2,1
GO:0071377,cellular response to glucagon stimulus,1/823,11/18860,0.09090909090909091,2.0832873080746714,0.7676671125811152,0.38794425987778647,0.8675240048932392,0.8029679903875839,FUT1,1
GO:0072124,regulation of glomerular mesangial cell proliferation,1/823,11/18860,0.09090909090909091,2.0832873080746714,0.7676671125811152,0.38794425987778647,0.8675240048932392,0.8029679903875839,PDGFD,1
GO:0072178,nephric duct morphogenesis,1/823,11/18860,0.09090909090909091,2.0832873080746714,0.7676671125811152,0.38794425987778647,0.8675240048932392,0.8029679903875839,GPC3,1
GO:0086016,AV node cell action potential,1/823,11/18860,0.09090909090909091,2.0832873080746714,0.7676671125811152,0.38794425987778647,0.8675240048932392,0.8029679903875839,RYR2,1
GO:0086027,AV node cell to bundle of His cell signaling,1/823,11/18860,0.09090909090909091,2.0832873080746714,0.7676671125811152,0.38794425987778647,0.8675240048932392,0.8029679903875839,RYR2,1
GO:0090557,establishment of endothelial intestinal barrier,1/823,11/18860,0.09090909090909091,2.0832873080746714,0.7676671125811152,0.38794425987778647,0.8675240048932392,0.8029679903875839,PTPRS,1
GO:0090673,endothelial cell-matrix adhesion,1/823,11/18860,0.09090909090909091,2.0832873080746714,0.7676671125811152,0.38794425987778647,0.8675240048932392,0.8029679903875839,FUT1,1
GO:0097267,omega-hydroxylase P450 pathway,1/823,11/18860,0.09090909090909091,2.0832873080746714,0.7676671125811152,0.38794425987778647,0.8675240048932392,0.8029679903875839,CYP2C8,1
GO:0098880,maintenance of postsynaptic specialization structure,1/823,11/18860,0.09090909090909091,2.0832873080746714,0.7676671125811152,0.38794425987778647,0.8675240048932392,0.8029679903875839,RAPSN,1
GO:0098970,postsynaptic neurotransmitter receptor diffusion trapping,1/823,11/18860,0.09090909090909091,2.0832873080746714,0.7676671125811152,0.38794425987778647,0.8675240048932392,0.8029679903875839,ZDHHC2,1
GO:0099519,dense core granule cytoskeletal transport,1/823,11/18860,0.09090909090909091,2.0832873080746714,0.7676671125811152,0.38794425987778647,0.8675240048932392,0.8029679903875839,KIF1A,1
GO:0099624,atrial cardiac muscle cell membrane repolarization,1/823,11/18860,0.09090909090909091,2.0832873080746714,0.7676671125811152,0.38794425987778647,0.8675240048932392,0.8029679903875839,KCNQ1,1
GO:0099628,neurotransmitter receptor diffusion trapping,1/823,11/18860,0.09090909090909091,2.0832873080746714,0.7676671125811152,0.38794425987778647,0.8675240048932392,0.8029679903875839,ZDHHC2,1
GO:1901844,regulation of cell communication by electrical coupling involved in cardiac conduction,1/823,11/18860,0.09090909090909091,2.0832873080746714,0.7676671125811152,0.38794425987778647,0.8675240048932392,0.8029679903875839,IRX3,1
GO:1901950,dense core granule transport,1/823,11/18860,0.09090909090909091,2.0832873080746714,0.7676671125811152,0.38794425987778647,0.8675240048932392,0.8029679903875839,KIF1A,1
GO:1902237,positive regulation of endoplasmic reticulum stress-induced intrinsic apoptotic signaling pathway,1/823,11/18860,0.09090909090909091,2.0832873080746714,0.7676671125811152,0.38794425987778647,0.8675240048932392,0.8029679903875839,BCL2L11,1
GO:1902306,negative regulation of sodium ion transmembrane transport,1/823,11/18860,0.09090909090909091,2.0832873080746714,0.7676671125811152,0.38794425987778647,0.8675240048932392,0.8029679903875839,NEDD4L,1
GO:1903689,"regulation of wound healing, spreading of epidermal cells",1/823,11/18860,0.09090909090909091,2.0832873080746714,0.7676671125811152,0.38794425987778647,0.8675240048932392,0.8029679903875839,FIGNL2,1
GO:1905383,protein localization to presynapse,1/823,11/18860,0.09090909090909091,2.0832873080746714,0.7676671125811152,0.38794425987778647,0.8675240048932392,0.8029679903875839,KIF5C,1
GO:1905461,positive regulation of vascular associated smooth muscle cell apoptotic process,1/823,11/18860,0.09090909090909091,2.0832873080746714,0.7676671125811152,0.38794425987778647,0.8675240048932392,0.8029679903875839,PDCD4,1
GO:1990839,response to endothelin,1/823,11/18860,0.09090909090909091,2.0832873080746714,0.7676671125811152,0.38794425987778647,0.8675240048932392,0.8029679903875839,PRKD1,1
GO:2000638,regulation of SREBP signaling pathway,1/823,11/18860,0.09090909090909091,2.0832873080746714,0.7676671125811152,0.38794425987778647,0.8675240048932392,0.8029679903875839,INSIG1,1
GO:2000672,negative regulation of motor neuron apoptotic process,1/823,11/18860,0.09090909090909091,2.0832873080746714,0.7676671125811152,0.38794425987778647,0.8675240048932392,0.8029679903875839,NEFL,1
GO:2000726,negative regulation of cardiac muscle cell differentiation,1/823,11/18860,0.09090909090909091,2.0832873080746714,0.7676671125811152,0.38794425987778647,0.8675240048932392,0.8029679903875839,DKK1,1
GO:2001241,positive regulation of extrinsic apoptotic signaling pathway in absence of ligand,1/823,11/18860,0.09090909090909091,2.0832873080746714,0.7676671125811152,0.38794425987778647,0.8675240048932392,0.8029679903875839,RET,1
GO:2001280,positive regulation of unsaturated fatty acid biosynthetic process,1/823,11/18860,0.09090909090909091,2.0832873080746714,0.7676671125811152,0.38794425987778647,0.8675240048932392,0.8029679903875839,EDN1,1
GO:0014902,myotube differentiation,7/823,137/18860,0.051094890510948905,1.1708987059981728,0.42883323329585943,0.39006880456550597,0.8675240048932392,0.8029679903875839,DNER/NPHS1/NFATC2/HDAC5/SIX4/MYEF2/SIX1,7
GO:0048704,embryonic skeletal system morphogenesis,5/823,94/18860,0.05319148936170213,1.2189447015330523,0.454558314212979,0.3915098639342294,0.8675240048932392,0.8029679903875839,COL2A1/CHST11/SIX4/HOXC4/SIX1,5
GO:0040013,negative regulation of locomotion,20/823,424/18860,0.04716981132075472,1.080950961736858,0.36012119826400457,0.392525615373688,0.8675240048932392,0.8029679903875839,ROBO3/PTPRM/ERBB4/GHRL/CLDN19/C5/HDAC5/IL33/APOH/EVL/FIGNL2/ADA/MITF/ABCC8/ALOX15B/IGFBP5/IDH2/ATP1B2/FBLN1/HRG,20
GO:0002837,regulation of immune response to tumor cell,2/823,31/18860,0.06451612903225806,1.4784619605691216,0.5694973793700339,0.39457614224270743,0.8675240048932392,0.8029679903875839,HRG/SLC22A13,2
GO:0003094,glomerular filtration,2/823,31/18860,0.06451612903225806,1.4784619605691216,0.5694973793700339,0.39457614224270743,0.8675240048932392,0.8029679903875839,EDN1/TTR,2
GO:0006505,GPI anchor metabolic process,2/823,31/18860,0.06451612903225806,1.4784619605691216,0.5694973793700339,0.39457614224270743,0.8675240048932392,0.8029679903875839,PIGZ/CWH43,2
GO:0006506,GPI anchor biosynthetic process,2/823,31/18860,0.06451612903225806,1.4784619605691216,0.5694973793700339,0.39457614224270743,0.8675240048932392,0.8029679903875839,PIGZ/CWH43,2
GO:0007588,excretion,2/823,31/18860,0.06451612903225806,1.4784619605691216,0.5694973793700339,0.39457614224270743,0.8675240048932392,0.8029679903875839,SLC22A12/EDN1,2
GO:0010894,negative regulation of steroid biosynthetic process,2/823,31/18860,0.06451612903225806,1.4784619605691216,0.5694973793700339,0.39457614224270743,0.8675240048932392,0.8029679903875839,PDE8B/INSIG1,2
GO:0034250,positive regulation of amide metabolic process,2/823,31/18860,0.06451612903225806,1.4784619605691216,0.5694973793700339,0.39457614224270743,0.8675240048932392,0.8029679903875839,ABCA2/PLA2G6,2
GO:0034315,regulation of Arp2/3 complex-mediated actin nucleation,2/823,31/18860,0.06451612903225806,1.4784619605691216,0.5694973793700339,0.39457614224270743,0.8675240048932392,0.8029679903875839,WASF3/HIP1R,2
GO:0042430,indole-containing compound metabolic process,2/823,31/18860,0.06451612903225806,1.4784619605691216,0.5694973793700339,0.39457614224270743,0.8675240048932392,0.8029679903875839,PDE1B/RNF180,2
GO:0046337,phosphatidylethanolamine metabolic process,2/823,31/18860,0.06451612903225806,1.4784619605691216,0.5694973793700339,0.39457614224270743,0.8675240048932392,0.8029679903875839,PRKAA2/PLA2G6,2
GO:0048679,regulation of axon regeneration,2/823,31/18860,0.06451612903225806,1.4784619605691216,0.5694973793700339,0.39457614224270743,0.8675240048932392,0.8029679903875839,PTPRS/FIGNL2,2
GO:0060402,calcium ion transport into cytosol,2/823,31/18860,0.06451612903225806,1.4784619605691216,0.5694973793700339,0.39457614224270743,0.8675240048932392,0.8029679903875839,RYR2/PLA2G1B,2
GO:0090205,positive regulation of cholesterol metabolic process,2/823,31/18860,0.06451612903225806,1.4784619605691216,0.5694973793700339,0.39457614224270743,0.8675240048932392,0.8029679903875839,GNAI1/INSIG1,2
GO:0180046,GPI anchored protein biosynthesis,2/823,31/18860,0.06451612903225806,1.4784619605691216,0.5694973793700339,0.39457614224270743,0.8675240048932392,0.8029679903875839,PIGZ/CWH43,2
GO:2000191,regulation of fatty acid transport,2/823,31/18860,0.06451612903225806,1.4784619605691216,0.5694973793700339,0.39457614224270743,0.8675240048932392,0.8029679903875839,FABP3/EDN1,2
GO:0043473,pigmentation,6/823,116/18860,0.05172413793103448,1.185318640801106,0.4276554965690764,0.39513059425972297,0.8675240048932392,0.8029679903875839,EDA/RAB17/BCL2L11/KITLG/KIT/MITF,6
GO:1904888,cranial skeletal system development,4/823,73/18860,0.0547945205479452,1.2556800213052812,0.4675268973938464,0.3952164986136869,0.8675240048932392,0.8029679903875839,CHST11/SIX4/INSIG1/SIX1,4
GO:0010665,regulation of cardiac muscle cell apoptotic process,3/823,52/18860,0.057692307692307696,1.3220861762781568,0.4967976634321443,0.39742289590666313,0.8675240048932392,0.8029679903875839,BNIP3/SIRT4/NUPR1,3
GO:0030521,androgen receptor signaling pathway,3/823,52/18860,0.057692307692307696,1.3220861762781568,0.4967976634321443,0.39742289590666313,0.8675240048932392,0.8029679903875839,ZMIZ1/AR/SCGB2A1,3
GO:0030838,positive regulation of actin filament polymerization,3/823,52/18860,0.057692307692307696,1.3220861762781568,0.4967976634321443,0.39742289590666313,0.8675240048932392,0.8029679903875839,NPHS1/EVL/LMOD2,3
GO:0089718,amino acid import across plasma membrane,3/823,52/18860,0.057692307692307696,1.3220861762781568,0.4967976634321443,0.39742289590666313,0.8675240048932392,0.8029679903875839,SLC1A2/KCNJ10/SLC6A5,3
GO:1903825,organic acid transmembrane transport,8/823,160/18860,0.05,1.1458080194410694,0.39563772336369224,0.3984736964918096,0.8675240048932392,0.8029679903875839,SLC26A7/SLC16A7/SLC1A2/SLC13A3/ABCC5/SLC16A10/KCNJ10/SLC6A5,8
GO:0021766,hippocampus development,5/823,95/18860,0.05263157894736842,1.2061137046748096,0.4302010666373793,0.4002328500508936,0.8675240048932392,0.8029679903875839,FGF13/PTPRS/CDK6/NEFL/ID4,5
GO:0032007,negative regulation of TOR signaling,5/823,95/18860,0.05263157894736842,1.2061137046748096,0.4302010666373793,0.4002328500508936,0.8675240048932392,0.8029679903875839,GPR155/PDCD6/PRKAA2/RNF152/PRKACB,5
GO:1904705,regulation of vascular associated smooth muscle cell proliferation,5/823,95/18860,0.05263157894736842,1.2061137046748096,0.4302010666373793,0.4002328500508936,0.8675240048932392,0.8029679903875839,PDCD4/IGFBP5/EFEMP2/TGFB3/EDN1,5
GO:1901800,positive regulation of proteasomal protein catabolic process,6/823,117/18860,0.05128205128205128,1.1751877122472505,0.40602625254275365,0.40297916936700484,0.8675240048932392,0.8029679903875839,KCNE2/RNF180/IL33/NUPR1/TRIB2/TF,6
GO:1903052,positive regulation of proteolysis involved in protein catabolic process,7/823,139/18860,0.050359712230215826,1.1540512426025158,0.38939034550020774,0.4044549135123805,0.8675240048932392,0.8029679903875839,KCNE2/RNF180/IL33/TGFB1I1/NUPR1/TRIB2/TF,7
GO:0045667,regulation of osteoblast differentiation,8/823,161/18860,0.049689440993788817,1.1386911994445408,0.3775111180446902,0.4051508358499265,0.8675240048932392,0.8029679903875839,RANBP3L/IGFBP2/SMAD5/CDK6/ACVR2B/PRKD1/IGFBP5/SMOC1,8
GO:0045123,cellular extravasation,4/823,74/18860,0.05405405405405406,1.2387113723687235,0.43948990682467143,0.40516280960260764,0.8675240048932392,0.8029679903875839,PDGFD/FUT9/PRTN3/PLVAP,4
GO:0048284,organelle fusion,9/823,183/18860,0.04918032786885246,1.1270242814174452,0.368838143559041,0.40533700126561795,0.8675240048932392,0.8029679903875839,STX12/BNIP3/NME3/PLD6/TBC1D4/RAB7B/ERC2/TSNARE1/VAV3,9
GO:0015807,L-amino acid transport,5/823,96/18860,0.052083333333333336,1.193550020251114,0.4061095671101564,0.4089422992091625,0.8675240048932392,0.8029679903875839,SLC1A2/ABCC8/SLC16A10/KCNJ10/KCNJ8,5
GO:0021795,cerebral cortex cell migration,3/823,53/18860,0.05660377358490566,1.2971411540842295,0.46271978932854385,0.4092779255929596,0.8675240048932392,0.8029679903875839,FGF13/ZMIZ1/EGFR,3
GO:0035987,endodermal cell differentiation,3/823,53/18860,0.05660377358490566,1.2971411540842295,0.46271978932854385,0.4092779255929596,0.8675240048932392,0.8029679903875839,GATA6/SOX2/DKK1,3
GO:0048013,ephrin receptor signaling pathway,3/823,53/18860,0.05660377358490566,1.2971411540842295,0.46271978932854385,0.4092779255929596,0.8675240048932392,0.8029679903875839,EPHB3/PAK3/EPHB6,3
GO:0050922,negative regulation of chemotaxis,3/823,53/18860,0.05660377358490566,1.2971411540842295,0.46271978932854385,0.4092779255929596,0.8675240048932392,0.8029679903875839,ROBO3/C5/HRG,3
GO:1905144,response to acetylcholine,3/823,53/18860,0.05660377358490566,1.2971411540842295,0.46271978932854385,0.4092779255929596,0.8675240048932392,0.8029679903875839,CHRM3/CHRM2/LY6H,3
GO:0002834,regulation of response to tumor cell,2/823,32/18860,0.0625,1.4322600243013366,0.522751229700381,0.4100706126019502,0.8675240048932392,0.8029679903875839,HRG/SLC22A13,2
GO:0003298,physiological muscle hypertrophy,2/823,32/18860,0.0625,1.4322600243013366,0.522751229700381,0.4100706126019502,0.8675240048932392,0.8029679903875839,SORBS2/EDN1,2
GO:0003301,physiological cardiac muscle hypertrophy,2/823,32/18860,0.0625,1.4322600243013366,0.522751229700381,0.4100706126019502,0.8675240048932392,0.8029679903875839,SORBS2/EDN1,2
GO:0005979,regulation of glycogen biosynthetic process,2/823,32/18860,0.0625,1.4322600243013366,0.522751229700381,0.4100706126019502,0.8675240048932392,0.8029679903875839,PPP1R3C/SORBS1,2
GO:0006007,glucose catabolic process,2/823,32/18860,0.0625,1.4322600243013366,0.522751229700381,0.4100706126019502,0.8675240048932392,0.8029679903875839,TKTL1/PGAM2,2
GO:0007026,negative regulation of microtubule depolymerization,2/823,32/18860,0.0625,1.4322600243013366,0.522751229700381,0.4100706126019502,0.8675240048932392,0.8029679903875839,FGF13/APC2,2
GO:0010039,response to iron ion,2/823,32/18860,0.0625,1.4322600243013366,0.522751229700381,0.4100706126019502,0.8675240048932392,0.8029679903875839,ALAD/TF,2
GO:0010962,regulation of glucan biosynthetic process,2/823,32/18860,0.0625,1.4322600243013366,0.522751229700381,0.4100706126019502,0.8675240048932392,0.8029679903875839,PPP1R3C/SORBS1,2
GO:0021680,cerebellar Purkinje cell layer development,2/823,32/18860,0.0625,1.4322600243013366,0.522751229700381,0.4100706126019502,0.8675240048932392,0.8029679903875839,SEZ6L2/RORA,2
GO:0035590,purinergic nucleotide receptor signaling pathway,2/823,32/18860,0.0625,1.4322600243013366,0.522751229700381,0.4100706126019502,0.8675240048932392,0.8029679903875839,P2RY4/ADA,2
GO:0043101,purine-containing compound salvage,2/823,32/18860,0.0625,1.4322600243013366,0.522751229700381,0.4100706126019502,0.8675240048932392,0.8029679903875839,ADA/SLC22A13,2
GO:0043373,"CD4-positive, alpha-beta T cell lineage commitment",2/823,32/18860,0.0625,1.4322600243013366,0.522751229700381,0.4100706126019502,0.8675240048932392,0.8029679903875839,TOX/BRD4,2
GO:0045742,positive regulation of epidermal growth factor receptor signaling pathway,2/823,32/18860,0.0625,1.4322600243013366,0.522751229700381,0.4100706126019502,0.8675240048932392,0.8029679903875839,DGKD/HIP1R,2
GO:0060045,positive regulation of cardiac muscle cell proliferation,2/823,32/18860,0.0625,1.4322600243013366,0.522751229700381,0.4100706126019502,0.8675240048932392,0.8029679903875839,ERBB4/GATA6,2
GO:0060295,regulation of cilium movement involved in cell motility,2/823,32/18860,0.0625,1.4322600243013366,0.522751229700381,0.4100706126019502,0.8675240048932392,0.8029679903875839,TAC4/DEFB1,2
GO:0061049,cell growth involved in cardiac muscle cell development,2/823,32/18860,0.0625,1.4322600243013366,0.522751229700381,0.4100706126019502,0.8675240048932392,0.8029679903875839,SORBS2/EDN1,2
GO:0061437,renal system vasculature development,2/823,32/18860,0.0625,1.4322600243013366,0.522751229700381,0.4100706126019502,0.8675240048932392,0.8029679903875839,PDGFD/EDN1,2
GO:0061440,kidney vasculature development,2/823,32/18860,0.0625,1.4322600243013366,0.522751229700381,0.4100706126019502,0.8675240048932392,0.8029679903875839,PDGFD/EDN1,2
GO:0072525,pyridine-containing compound biosynthetic process,2/823,32/18860,0.0625,1.4322600243013366,0.522751229700381,0.4100706126019502,0.8675240048932392,0.8029679903875839,IDH2/SLC22A13,2
GO:0099560,synaptic membrane adhesion,2/823,32/18860,0.0625,1.4322600243013366,0.522751229700381,0.4100706126019502,0.8675240048932392,0.8029679903875839,PTPRS/FLRT3,2
GO:1902019,regulation of cilium-dependent cell motility,2/823,32/18860,0.0625,1.4322600243013366,0.522751229700381,0.4100706126019502,0.8675240048932392,0.8029679903875839,TAC4/DEFB1,2
GO:1902751,positive regulation of cell cycle G2/M phase transition,2/823,32/18860,0.0625,1.4322600243013366,0.522751229700381,0.4100706126019502,0.8675240048932392,0.8029679903875839,SMARCD3/BRD4,2
GO:0001547,antral ovarian follicle growth,1/823,12/18860,0.08333333333333333,1.909680032401782,0.673323455697471,0.41466832344193205,0.8675240048932392,0.8029679903875839,GAS2,1
GO:0001973,G protein-coupled adenosine receptor signaling pathway,1/823,12/18860,0.08333333333333333,1.909680032401782,0.673323455697471,0.41466832344193205,0.8675240048932392,0.8029679903875839,ADA,1
GO:0002068,glandular epithelial cell development,1/823,12/18860,0.08333333333333333,1.909680032401782,0.673323455697471,0.41466832344193205,0.8675240048932392,0.8029679903875839,SLC9A4,1
GO:0002158,osteoclast proliferation,1/823,12/18860,0.08333333333333333,1.909680032401782,0.673323455697471,0.41466832344193205,0.8675240048932392,0.8029679903875839,NPR3,1
GO:0002638,negative regulation of immunoglobulin production,1/823,12/18860,0.08333333333333333,1.909680032401782,0.673323455697471,0.41466832344193205,0.8675240048932392,0.8029679903875839,IL33,1
GO:0002645,positive regulation of tolerance induction,1/823,12/18860,0.08333333333333333,1.909680032401782,0.673323455697471,0.41466832344193205,0.8675240048932392,0.8029679903875839,CD3E,1
GO:0003163,sinoatrial node development,1/823,12/18860,0.08333333333333333,1.909680032401782,0.673323455697471,0.41466832344193205,0.8675240048932392,0.8029679903875839,GATA6,1
GO:0003207,cardiac chamber formation,1/823,12/18860,0.08333333333333333,1.909680032401782,0.673323455697471,0.41466832344193205,0.8675240048932392,0.8029679903875839,SMARCD3,1
GO:0006646,phosphatidylethanolamine biosynthetic process,1/823,12/18860,0.08333333333333333,1.909680032401782,0.673323455697471,0.41466832344193205,0.8675240048932392,0.8029679903875839,PRKAA2,1
GO:0006863,purine nucleobase transport,1/823,12/18860,0.08333333333333333,1.909680032401782,0.673323455697471,0.41466832344193205,0.8675240048932392,0.8029679903875839,SLC29A1,1
GO:0006995,cellular response to nitrogen starvation,1/823,12/18860,0.08333333333333333,1.909680032401782,0.673323455697471,0.41466832344193205,0.8675240048932392,0.8029679903875839,GABARAPL1,1
GO:0007320,insemination,1/823,12/18860,0.08333333333333333,1.909680032401782,0.673323455697471,0.41466832344193205,0.8675240048932392,0.8029679903875839,SERPINA5,1
GO:0007343,egg activation,1/823,12/18860,0.08333333333333333,1.909680032401782,0.673323455697471,0.41466832344193205,0.8675240048932392,0.8029679903875839,NLRP5,1
GO:0009143,nucleoside triphosphate catabolic process,1/823,12/18860,0.08333333333333333,1.909680032401782,0.673323455697471,0.41466832344193205,0.8675240048932392,0.8029679903875839,ADA,1
GO:0009155,purine deoxyribonucleotide catabolic process,1/823,12/18860,0.08333333333333333,1.909680032401782,0.673323455697471,0.41466832344193205,0.8675240048932392,0.8029679903875839,ADA,1
GO:0009176,pyrimidine deoxyribonucleoside monophosphate metabolic process,1/823,12/18860,0.08333333333333333,1.909680032401782,0.673323455697471,0.41466832344193205,0.8675240048932392,0.8029679903875839,NT5M,1
GO:0009756,carbohydrate mediated signaling,1/823,12/18860,0.08333333333333333,1.909680032401782,0.673323455697471,0.41466832344193205,0.8675240048932392,0.8029679903875839,COLEC12,1
GO:0010936,negative regulation of macrophage cytokine production,1/823,12/18860,0.08333333333333333,1.909680032401782,0.673323455697471,0.41466832344193205,0.8675240048932392,0.8029679903875839,TGFB3,1
GO:0010986,positive regulation of lipoprotein particle clearance,1/823,12/18860,0.08333333333333333,1.909680032401782,0.673323455697471,0.41466832344193205,0.8675240048932392,0.8029679903875839,GPIHBP1,1
GO:0014061,regulation of norepinephrine secretion,1/823,12/18860,0.08333333333333333,1.909680032401782,0.673323455697471,0.41466832344193205,0.8675240048932392,0.8029679903875839,FFAR3,1
GO:0016554,cytidine to uridine editing,1/823,12/18860,0.08333333333333333,1.909680032401782,0.673323455697471,0.41466832344193205,0.8675240048932392,0.8029679903875839,APOBEC2,1
GO:0019732,antifungal humoral response,1/823,12/18860,0.08333333333333333,1.909680032401782,0.673323455697471,0.41466832344193205,0.8675240048932392,0.8029679903875839,NPY,1
GO:0021889,olfactory bulb interneuron differentiation,1/823,12/18860,0.08333333333333333,1.909680032401782,0.673323455697471,0.41466832344193205,0.8675240048932392,0.8029679903875839,ERBB4,1
GO:0030948,negative regulation of vascular endothelial growth factor receptor signaling pathway,1/823,12/18860,0.08333333333333333,1.909680032401782,0.673323455697471,0.41466832344193205,0.8675240048932392,0.8029679903875839,PDCD6,1
GO:0032308,positive regulation of prostaglandin secretion,1/823,12/18860,0.08333333333333333,1.909680032401782,0.673323455697471,0.41466832344193205,0.8675240048932392,0.8029679903875839,EDN1,1
GO:0032377,regulation of intracellular lipid transport,1/823,12/18860,0.08333333333333333,1.909680032401782,0.673323455697471,0.41466832344193205,0.8675240048932392,0.8029679903875839,ABCA2,1
GO:0032754,positive regulation of interleukin-5 production,1/823,12/18860,0.08333333333333333,1.909680032401782,0.673323455697471,0.41466832344193205,0.8675240048932392,0.8029679903875839,IL33,1
GO:0032908,regulation of transforming growth factor beta1 production,1/823,12/18860,0.08333333333333333,1.909680032401782,0.673323455697471,0.41466832344193205,0.8675240048932392,0.8029679903875839,GATA6,1
GO:0033539,fatty acid beta-oxidation using acyl-CoA dehydrogenase,1/823,12/18860,0.08333333333333333,1.909680032401782,0.673323455697471,0.41466832344193205,0.8675240048932392,0.8029679903875839,ACADL,1
GO:0033604,negative regulation of catecholamine secretion,1/823,12/18860,0.08333333333333333,1.909680032401782,0.673323455697471,0.41466832344193205,0.8675240048932392,0.8029679903875839,CHGA,1
GO:0033629,negative regulation of cell adhesion mediated by integrin,1/823,12/18860,0.08333333333333333,1.909680032401782,0.673323455697471,0.41466832344193205,0.8675240048932392,0.8029679903875839,HRG,1
GO:0034214,protein hexamerization,1/823,12/18860,0.08333333333333333,1.909680032401782,0.673323455697471,0.41466832344193205,0.8675240048932392,0.8029679903875839,NME3,1
GO:0034454,microtubule anchoring at centrosome,1/823,12/18860,0.08333333333333333,1.909680032401782,0.673323455697471,0.41466832344193205,0.8675240048932392,0.8029679903875839,NIN,1
GO:0035588,G protein-coupled purinergic receptor signaling pathway,1/823,12/18860,0.08333333333333333,1.909680032401782,0.673323455697471,0.41466832344193205,0.8675240048932392,0.8029679903875839,ADA,1
GO:0035812,renal sodium excretion,1/823,12/18860,0.08333333333333333,1.909680032401782,0.673323455697471,0.41466832344193205,0.8675240048932392,0.8029679903875839,EDN1,1
GO:0038063,collagen-activated tyrosine kinase receptor signaling pathway,1/823,12/18860,0.08333333333333333,1.909680032401782,0.673323455697471,0.41466832344193205,0.8675240048932392,0.8029679903875839,COL4A5,1
GO:0042754,negative regulation of circadian rhythm,1/823,12/18860,0.08333333333333333,1.909680032401782,0.673323455697471,0.41466832344193205,0.8675240048932392,0.8029679903875839,GHRL,1
GO:0043562,cellular response to nitrogen levels,1/823,12/18860,0.08333333333333333,1.909680032401782,0.673323455697471,0.41466832344193205,0.8675240048932392,0.8029679903875839,GABARAPL1,1
GO:0043696,dedifferentiation,1/823,12/18860,0.08333333333333333,1.909680032401782,0.673323455697471,0.41466832344193205,0.8675240048932392,0.8029679903875839,CDK6,1
GO:0043697,cell dedifferentiation,1/823,12/18860,0.08333333333333333,1.909680032401782,0.673323455697471,0.41466832344193205,0.8675240048932392,0.8029679903875839,CDK6,1
GO:0044849,estrous cycle,1/823,12/18860,0.08333333333333333,1.909680032401782,0.673323455697471,0.41466832344193205,0.8675240048932392,0.8029679903875839,CA12,1
GO:0045060,negative thymic T cell selection,1/823,12/18860,0.08333333333333333,1.909680032401782,0.673323455697471,0.41466832344193205,0.8675240048932392,0.8029679903875839,CD3E,1
GO:0045541,negative regulation of cholesterol biosynthetic process,1/823,12/18860,0.08333333333333333,1.909680032401782,0.673323455697471,0.41466832344193205,0.8675240048932392,0.8029679903875839,INSIG1,1
GO:0046415,urate metabolic process,1/823,12/18860,0.08333333333333333,1.909680032401782,0.673323455697471,0.41466832344193205,0.8675240048932392,0.8029679903875839,SLC22A12,1
GO:0051583,dopamine uptake involved in synaptic transmission,1/823,12/18860,0.08333333333333333,1.909680032401782,0.673323455697471,0.41466832344193205,0.8675240048932392,0.8029679903875839,SLC6A2,1
GO:0051798,positive regulation of hair follicle development,1/823,12/18860,0.08333333333333333,1.909680032401782,0.673323455697471,0.41466832344193205,0.8675240048932392,0.8029679903875839,FST,1
GO:0051934,catecholamine uptake involved in synaptic transmission,1/823,12/18860,0.08333333333333333,1.909680032401782,0.673323455697471,0.41466832344193205,0.8675240048932392,0.8029679903875839,SLC6A2,1
GO:0060272,embryonic skeletal joint morphogenesis,1/823,12/18860,0.08333333333333333,1.909680032401782,0.673323455697471,0.41466832344193205,0.8675240048932392,0.8029679903875839,COL2A1,1
GO:0060312,regulation of blood vessel remodeling,1/823,12/18860,0.08333333333333333,1.909680032401782,0.673323455697471,0.41466832344193205,0.8675240048932392,0.8029679903875839,HRG,1
GO:0061140,lung secretory cell differentiation,1/823,12/18860,0.08333333333333333,1.909680032401782,0.673323455697471,0.41466832344193205,0.8675240048932392,0.8029679903875839,GATA6,1
GO:0061723,glycophagy,1/823,12/18860,0.08333333333333333,1.909680032401782,0.673323455697471,0.41466832344193205,0.8675240048932392,0.8029679903875839,GABARAPL1,1
GO:0070099,regulation of chemokine-mediated signaling pathway,1/823,12/18860,0.08333333333333333,1.909680032401782,0.673323455697471,0.41466832344193205,0.8675240048932392,0.8029679903875839,EDN1,1
GO:0070327,thyroid hormone transport,1/823,12/18860,0.08333333333333333,1.909680032401782,0.673323455697471,0.41466832344193205,0.8675240048932392,0.8029679903875839,SLC16A10,1
GO:0070828,heterochromatin organization,1/823,12/18860,0.08333333333333333,1.909680032401782,0.673323455697471,0.41466832344193205,0.8675240048932392,0.8029679903875839,MECOM,1
GO:0071372,cellular response to follicle-stimulating hormone stimulus,1/823,12/18860,0.08333333333333333,1.909680032401782,0.673323455697471,0.41466832344193205,0.8675240048932392,0.8029679903875839,EDN1,1
GO:0072110,glomerular mesangial cell proliferation,1/823,12/18860,0.08333333333333333,1.909680032401782,0.673323455697471,0.41466832344193205,0.8675240048932392,0.8029679903875839,PDGFD,1
GO:0072584,caveolin-mediated endocytosis,1/823,12/18860,0.08333333333333333,1.909680032401782,0.673323455697471,0.41466832344193205,0.8675240048932392,0.8029679903875839,NEDD4L,1
GO:0072697,protein localization to cell cortex,1/823,12/18860,0.08333333333333333,1.909680032401782,0.673323455697471,0.41466832344193205,0.8675240048932392,0.8029679903875839,GNAI1,1
GO:0086015,SA node cell action potential,1/823,12/18860,0.08333333333333333,1.909680032401782,0.673323455697471,0.41466832344193205,0.8675240048932392,0.8029679903875839,RYR2,1
GO:0086018,SA node cell to atrial cardiac muscle cell signaling,1/823,12/18860,0.08333333333333333,1.909680032401782,0.673323455697471,0.41466832344193205,0.8675240048932392,0.8029679903875839,RYR2,1
GO:0090394,negative regulation of excitatory postsynaptic potential,1/823,12/18860,0.08333333333333333,1.909680032401782,0.673323455697471,0.41466832344193205,0.8675240048932392,0.8029679903875839,CELF4,1
GO:0097011,cellular response to granulocyte macrophage colony-stimulating factor stimulus,1/823,12/18860,0.08333333333333333,1.909680032401782,0.673323455697471,0.41466832344193205,0.8675240048932392,0.8029679903875839,PDE1B,1
GO:0097012,response to granulocyte macrophage colony-stimulating factor,1/823,12/18860,0.08333333333333333,1.909680032401782,0.673323455697471,0.41466832344193205,0.8675240048932392,0.8029679903875839,PDE1B,1
GO:0097050,type B pancreatic cell apoptotic process,1/823,12/18860,0.08333333333333333,1.909680032401782,0.673323455697471,0.41466832344193205,0.8675240048932392,0.8029679903875839,RYR2,1
GO:0097250,mitochondrial respirasome assembly,1/823,12/18860,0.08333333333333333,1.909680032401782,0.673323455697471,0.41466832344193205,0.8675240048932392,0.8029679903875839,HIGD1B,1
GO:0098870,action potential propagation,1/823,12/18860,0.08333333333333333,1.909680032401782,0.673323455697471,0.41466832344193205,0.8675240048932392,0.8029679903875839,CLDN19,1
GO:0098911,regulation of ventricular cardiac muscle cell action potential,1/823,12/18860,0.08333333333333333,1.909680032401782,0.673323455697471,0.41466832344193205,0.8675240048932392,0.8029679903875839,RYR2,1
GO:0098953,receptor diffusion trapping,1/823,12/18860,0.08333333333333333,1.909680032401782,0.673323455697471,0.41466832344193205,0.8675240048932392,0.8029679903875839,ZDHHC2,1
GO:0106119,negative regulation of sterol biosynthetic process,1/823,12/18860,0.08333333333333333,1.909680032401782,0.673323455697471,0.41466832344193205,0.8675240048932392,0.8029679903875839,INSIG1,1
GO:0140507,granzyme-mediated programmed cell death signaling pathway,1/823,12/18860,0.08333333333333333,1.909680032401782,0.673323455697471,0.41466832344193205,0.8675240048932392,0.8029679903875839,BNIP3,1
GO:0160257,"complement activation, GZMK pathway",1/823,12/18860,0.08333333333333333,1.909680032401782,0.673323455697471,0.41466832344193205,0.8675240048932392,0.8029679903875839,C5,1
GO:1901678,iron coordination entity transport,1/823,12/18860,0.08333333333333333,1.909680032401782,0.673323455697471,0.41466832344193205,0.8675240048932392,0.8029679903875839,ABCC5,1
GO:1901862,negative regulation of muscle tissue development,1/823,12/18860,0.08333333333333333,1.909680032401782,0.673323455697471,0.41466832344193205,0.8675240048932392,0.8029679903875839,IGFBP5,1
GO:1902043,positive regulation of extrinsic apoptotic signaling pathway via death domain receptors,1/823,12/18860,0.08333333333333333,1.909680032401782,0.673323455697471,0.41466832344193205,0.8675240048932392,0.8029679903875839,MAL,1
GO:1902667,regulation of axon guidance,1/823,12/18860,0.08333333333333333,1.909680032401782,0.673323455697471,0.41466832344193205,0.8675240048932392,0.8029679903875839,ROBO3,1
GO:1902883,negative regulation of response to oxidative stress,1/823,12/18860,0.08333333333333333,1.909680032401782,0.673323455697471,0.41466832344193205,0.8675240048932392,0.8029679903875839,GGT7,1
GO:1903764,regulation of potassium ion export across plasma membrane,1/823,12/18860,0.08333333333333333,1.909680032401782,0.673323455697471,0.41466832344193205,0.8675240048932392,0.8029679903875839,NEDD4L,1
GO:1903911,positive regulation of receptor clustering,1/823,12/18860,0.08333333333333333,1.909680032401782,0.673323455697471,0.41466832344193205,0.8675240048932392,0.8029679903875839,ZDHHC2,1
GO:1904628,cellular response to phorbol 13-acetate 12-myristate,1/823,12/18860,0.08333333333333333,1.909680032401782,0.673323455697471,0.41466832344193205,0.8675240048932392,0.8029679903875839,PRKD1,1
GO:1990034,calcium ion export across plasma membrane,1/823,12/18860,0.08333333333333333,1.909680032401782,0.673323455697471,0.41466832344193205,0.8675240048932392,0.8029679903875839,SLC8A2,1
GO:1990314,cellular response to insulin-like growth factor stimulus,1/823,12/18860,0.08333333333333333,1.909680032401782,0.673323455697471,0.41466832344193205,0.8675240048932392,0.8029679903875839,CACNA2D3,1
GO:2000049,positive regulation of cell-cell adhesion mediated by cadherin,1/823,12/18860,0.08333333333333333,1.909680032401782,0.673323455697471,0.41466832344193205,0.8675240048932392,0.8029679903875839,FOXA1,1
GO:2000321,positive regulation of T-helper 17 cell differentiation,1/823,12/18860,0.08333333333333333,1.909680032401782,0.673323455697471,0.41466832344193205,0.8675240048932392,0.8029679903875839,BRD4,1
GO:2000343,positive regulation of chemokine (C-X-C motif) ligand 2 production,1/823,12/18860,0.08333333333333333,1.909680032401782,0.673323455697471,0.41466832344193205,0.8675240048932392,0.8029679903875839,POSTN,1
GO:2000849,regulation of glucocorticoid secretion,1/823,12/18860,0.08333333333333333,1.909680032401782,0.673323455697471,0.41466832344193205,0.8675240048932392,0.8029679903875839,GHRL,1
GO:2001214,positive regulation of vasculogenesis,1/823,12/18860,0.08333333333333333,1.909680032401782,0.673323455697471,0.41466832344193205,0.8675240048932392,0.8029679903875839,ADM,1
GO:2001223,negative regulation of neuron migration,1/823,12/18860,0.08333333333333333,1.909680032401782,0.673323455697471,0.41466832344193205,0.8675240048932392,0.8029679903875839,ERBB4,1
GO:0009583,detection of light stimulus,4/823,75/18860,0.05333333333333334,1.2221952207371407,0.41184788547566126,0.41507744287446857,0.8675240048932392,0.8029679903875839,OPN4/OPN1MW/ATP8A2/TTR,4
GO:1902893,regulation of miRNA transcription,4/823,75/18860,0.05333333333333334,1.2221952207371407,0.41184788547566126,0.41507744287446857,0.8675240048932392,0.8029679903875839,EGFR/AR/FOXA1/ZNF512B,4
GO:0071559,response to transforming growth factor beta,15/823,318/18860,0.04716981132075472,1.080950961736858,0.31098137509997203,0.4160247777203174,0.8675240048932392,0.8029679903875839,GDF5/FOLR1/ZMIZ1/PDGFD/SMAD5/TGFB1I1/FMOD/CHST11/SMAD9/GCNT2/TGFB3/DAND5/EDN1/POSTN/AMHR2,15
GO:1990874,vascular associated smooth muscle cell proliferation,5/823,97/18860,0.05154639175257732,1.1812453808670818,0.38227752910619206,0.41763423147136447,0.8675240048932392,0.8029679903875839,PDCD4/IGFBP5/EFEMP2/TGFB3/EDN1,5
GO:0002062,chondrocyte differentiation,6/823,119/18860,0.05042016806722689,1.1554366582599018,0.36333534381928184,0.41865232426186305,0.8675240048932392,0.8029679903875839,GDF5/COL2A1/EFEMP1/CHST11/ZBTB16/PTH1R,6
GO:0006672,ceramide metabolic process,6/823,119/18860,0.05042016806722689,1.1554366582599018,0.36333534381928184,0.41865232426186305,0.8675240048932392,0.8029679903875839,ST3GAL1/CERS4/ABCA2/PLA2G6/PNPLA1/CYP4F22,6
GO:0007265,Ras protein signal transduction,6/823,119/18860,0.05042016806722689,1.1554366582599018,0.36333534381928184,0.41865232426186305,0.8675240048932392,0.8029679903875839,RAPGEF4/RGL3/KITLG/MRAS/SYDE1/NTN1,6
GO:0003044,regulation of systemic arterial blood pressure mediated by a chemical signal,3/823,54/18860,0.05555555555555555,1.2731200216011882,0.42931819756666473,0.4210606996385773,0.8675240048932392,0.8029679903875839,DRD5/EDN1/ADRB2,3
GO:0006220,pyrimidine nucleotide metabolic process,3/823,54/18860,0.05555555555555555,1.2731200216011882,0.42931819756666473,0.4210606996385773,0.8675240048932392,0.8029679903875839,NME9/NME3/NT5M,3
GO:0007129,homologous chromosome pairing at meiosis,3/823,54/18860,0.05555555555555555,1.2731200216011882,0.42931819756666473,0.4210606996385773,0.8675240048932392,0.8029679903875839,REC8/ZCWPW1/SYCP2,3
GO:0042596,fear response,3/823,54/18860,0.05555555555555555,1.2731200216011882,0.42931819756666473,0.4210606996385773,0.8675240048932392,0.8029679903875839,DEAF1/PDE8B/SLITRK4,3
GO:0043303,mast cell degranulation,3/823,54/18860,0.05555555555555555,1.2731200216011882,0.42931819756666473,0.4210606996385773,0.8675240048932392,0.8029679903875839,KIT/CHGA/SLC18A2,3
GO:0048260,positive regulation of receptor-mediated endocytosis,3/823,54/18860,0.05555555555555555,1.2731200216011882,0.42931819756666473,0.4210606996385773,0.8675240048932392,0.8029679903875839,DGKD/APOA5/TF,3
GO:0002520,immune system development,10/823,208/18860,0.04807692307692308,1.1017384802317973,0.3151601548339912,0.42290766896900744,0.8675240048932392,0.8029679903875839,LRRC17/EPHB3/CD3E/BCL2L11/RORC/ADA/TOX/RET/SIX4/SIX1,10
GO:0006163,purine nucleotide metabolic process,21/823,454/18860,0.046255506607929514,1.0599986082935002,0.27641810770419845,0.42349823677266957,0.8675240048932392,0.8029679903875839,PAPSS1/PDE8B/DCXR/NME9/NME3/PRKAA2/LDHB/NPR3/NUPR1/SULT2A1/NNT/ADA/ALDH1L2/ADCY1/IDH2/RORA/ALDH1L1/PGAM2/GMPR/FMO2/SLC22A13,21
GO:0045665,negative regulation of neuron differentiation,4/823,76/18860,0.05263157894736842,1.2061137046748096,0.3845888782550344,0.42495491056601364,0.8675240048932392,0.8029679903875839,RAP1GAP/IRX3/SOX2/ID4,4
GO:0046635,positive regulation of alpha-beta T cell activation,4/823,76/18860,0.05263157894736842,1.2061137046748096,0.3845888782550344,0.42495491056601364,0.8675240048932392,0.8029679903875839,CD3E/ADA/ZBTB16/BRD4,4
GO:0061614,miRNA transcription,4/823,76/18860,0.05263157894736842,1.2061137046748096,0.3845888782550344,0.42495491056601364,0.8675240048932392,0.8029679903875839,EGFR/AR/FOXA1/ZNF512B,4
GO:0150116,regulation of cell-substrate junction organization,4/823,76/18860,0.05263157894736842,1.2061137046748096,0.3845888782550344,0.42495491056601364,0.8675240048932392,0.8029679903875839,WDPCP/HRG/FAM107A/GPM6B,4
GO:0001945,lymph vessel development,2/823,33/18860,0.06060606060606061,1.3888582053831142,0.47756750813239907,0.42536746918528856,0.8675240048932392,0.8029679903875839,ACVR2B/CCBE1,2
GO:0006308,DNA catabolic process,2/823,33/18860,0.06060606060606061,1.3888582053831142,0.47756750813239907,0.42536746918528856,0.8675240048932392,0.8029679903875839,GATA5/DNASE1,2
GO:0007274,neuromuscular synaptic transmission,2/823,33/18860,0.06060606060606061,1.3888582053831142,0.47756750813239907,0.42536746918528856,0.8675240048932392,0.8029679903875839,RAPSN/SLC5A7,2
GO:0009218,pyrimidine ribonucleotide metabolic process,2/823,33/18860,0.06060606060606061,1.3888582053831142,0.47756750813239907,0.42536746918528856,0.8675240048932392,0.8029679903875839,NME9/NME3,2
GO:0035767,endothelial cell chemotaxis,2/823,33/18860,0.06060606060606061,1.3888582053831142,0.47756750813239907,0.42536746918528856,0.8675240048932392,0.8029679903875839,PRKD1/HRG,2
GO:0048710,regulation of astrocyte differentiation,2/823,33/18860,0.06060606060606061,1.3888582053831142,0.47756750813239907,0.42536746918528856,0.8675240048932392,0.8029679903875839,F2/ID4,2
GO:0048799,animal organ maturation,2/823,33/18860,0.06060606060606061,1.3888582053831142,0.47756750813239907,0.42536746918528856,0.8675240048932392,0.8029679903875839,RET/ZBTB16,2
GO:0051450,myoblast proliferation,2/823,33/18860,0.06060606060606061,1.3888582053831142,0.47756750813239907,0.42536746918528856,0.8675240048932392,0.8029679903875839,GATA6/SIX1,2
GO:0060325,face morphogenesis,2/823,33/18860,0.06060606060606061,1.3888582053831142,0.47756750813239907,0.42536746918528856,0.8675240048932392,0.8029679903875839,TGFB3/DKK1,2
GO:0061036,positive regulation of cartilage development,2/823,33/18860,0.06060606060606061,1.3888582053831142,0.47756750813239907,0.42536746918528856,0.8675240048932392,0.8029679903875839,GDF5/ZBTB16,2
GO:0070570,regulation of neuron projection regeneration,2/823,33/18860,0.06060606060606061,1.3888582053831142,0.47756750813239907,0.42536746918528856,0.8675240048932392,0.8029679903875839,PTPRS/FIGNL2,2
GO:0071295,cellular response to vitamin,2/823,33/18860,0.06060606060606061,1.3888582053831142,0.47756750813239907,0.42536746918528856,0.8675240048932392,0.8029679903875839,FOLR1/POSTN,2
GO:0086019,cell-cell signaling involved in cardiac conduction,2/823,33/18860,0.06060606060606061,1.3888582053831142,0.47756750813239907,0.42536746918528856,0.8675240048932392,0.8029679903875839,RYR2/KCNQ1,2
GO:0097345,mitochondrial outer membrane permeabilization,2/823,33/18860,0.06060606060606061,1.3888582053831142,0.47756750813239907,0.42536746918528856,0.8675240048932392,0.8029679903875839,HIP1R/BNIP3,2
GO:0099174,regulation of presynapse organization,2/823,33/18860,0.06060606060606061,1.3888582053831142,0.47756750813239907,0.42536746918528856,0.8675240048932392,0.8029679903875839,CACNA2D3/DKK1,2
GO:1905207,regulation of cardiocyte differentiation,2/823,33/18860,0.06060606060606061,1.3888582053831142,0.47756750813239907,0.42536746918528856,0.8675240048932392,0.8029679903875839,EGFR/DKK1,2
GO:2000463,positive regulation of excitatory postsynaptic potential,2/823,33/18860,0.06060606060606061,1.3888582053831142,0.47756750813239907,0.42536746918528856,0.8675240048932392,0.8029679903875839,CUX2/ADRB2,2
GO:0000423,mitophagy,5/823,98/18860,0.05102040816326531,1.1691918565725197,0.35869888219339074,0.426304774602284,0.8675240048932392,0.8029679903875839,GABARAPL1/BNIP3/ULK1/ULK2/ATG9B,5
GO:0016052,carbohydrate catabolic process,9/823,187/18860,0.0481283422459893,1.102916810157179,0.30211839367604515,0.43036267053511246,0.8675240048932392,0.8029679903875839,CHIA/GABARAPL1/FUT1/PRKAA2/NUPR1/GALT/TKTL1/PGAM2/FUT9,9
GO:0045807,positive regulation of endocytosis,8/823,165/18860,0.048484848484848485,1.1110865643064913,0.3061384420080285,0.4318331692232614,0.8675240048932392,0.8029679903875839,RAP1GAP/DGKD/NEDD4L/PPP3CC/APOA5/GPC3/SFTPD/TF,8
GO:0097696,cell surface receptor signaling pathway via STAT,8/823,165/18860,0.048484848484848485,1.1110865643064913,0.3061384420080285,0.4318331692232614,0.8675240048932392,0.8029679903875839,NRTN/GHR/ERBB4/CSH1/CTF1/LEPR/KIT/F2,8
GO:0007602,phototransduction,3/823,55/18860,0.05454545454545454,1.2499723848448028,0.39656447316315907,0.43276313154979495,0.8675240048932392,0.8029679903875839,OPN4/OPN1MW/TTR,3
GO:0009395,phospholipid catabolic process,3/823,55/18860,0.05454545454545454,1.2499723848448028,0.39656447316315907,0.43276313154979495,0.8675240048932392,0.8029679903875839,ANGPTL3/PLA2G6/PNPLA7,3
GO:0010543,regulation of platelet activation,3/823,55/18860,0.05454545454545454,1.2499723848448028,0.39656447316315907,0.43276313154979495,0.8675240048932392,0.8029679903875839,CELA2A/F2/HRG,3
GO:0010662,regulation of striated muscle cell apoptotic process,3/823,55/18860,0.05454545454545454,1.2499723848448028,0.39656447316315907,0.43276313154979495,0.8675240048932392,0.8029679903875839,BNIP3/SIRT4/NUPR1,3
GO:0031529,ruffle organization,3/823,55/18860,0.05454545454545454,1.2499723848448028,0.39656447316315907,0.43276313154979495,0.8675240048932392,0.8029679903875839,ARHGAP24/EVL/WDPCP,3
GO:0032330,regulation of chondrocyte differentiation,3/823,55/18860,0.05454545454545454,1.2499723848448028,0.39656447316315907,0.43276313154979495,0.8675240048932392,0.8029679903875839,GDF5/EFEMP1/ZBTB16,3
GO:0032964,collagen biosynthetic process,3/823,55/18860,0.05454545454545454,1.2499723848448028,0.39656447316315907,0.43276313154979495,0.8675240048932392,0.8029679903875839,LARP6/F2/TGFB3,3
GO:0042551,neuron maturation,3/823,55/18860,0.05454545454545454,1.2499723848448028,0.39656447316315907,0.43276313154979495,0.8675240048932392,0.8029679903875839,NTN4/RET/SRRM4,3
GO:0044546,NLRP3 inflammasome complex assembly,3/823,55/18860,0.05454545454545454,1.2499723848448028,0.39656447316315907,0.43276313154979495,0.8675240048932392,0.8029679903875839,LAMP2/PRKD1/KCNJ8,3
GO:0072538,T-helper 17 type immune response,3/823,55/18860,0.05454545454545454,1.2499723848448028,0.39656447316315907,0.43276313154979495,0.8675240048932392,0.8029679903875839,RORC/RORA/BRD4,3
GO:0098926,postsynaptic signal transduction,3/823,55/18860,0.05454545454545454,1.2499723848448028,0.39656447316315907,0.43276313154979495,0.8675240048932392,0.8029679903875839,CHRM3/CHRM2/LY6H,3
GO:2001222,regulation of neuron migration,3/823,55/18860,0.05454545454545454,1.2499723848448028,0.39656447316315907,0.43276313154979495,0.8675240048932392,0.8029679903875839,ERBB4/KIF26A/CAMK2B,3
GO:0046632,alpha-beta T cell differentiation,7/823,143/18860,0.04895104895104895,1.1217700889632847,0.3122249588968949,0.43317069182117485,0.8675240048932392,0.8029679903875839,SLC4A2/RORC/ADA/TOX/RORA/ZBTB16/BRD4,7
GO:0099072,regulation of postsynaptic membrane neurotransmitter receptor levels,6/823,121/18860,0.049586776859504134,1.1363385316770935,0.3213772922130192,0.43427395983052886,0.8675240048932392,0.8029679903875839,ERBB4/SUSD4/RAPSN/ZDHHC2/CNIH3/CACNA2D2,6
GO:0051260,protein homooligomerization,10/823,210/18860,0.047619047619047616,1.0912457328010183,0.2840271708599636,0.4347221632374546,0.8675240048932392,0.8029679903875839,AQP4/KCTD8/SLC1A2/ALAD/GRIA3/KCNJ12/CRTC1/GNMT/EVL/KCNG4,10
GO:0120032,regulation of plasma membrane bounded cell projection assembly,10/823,210/18860,0.047619047619047616,1.0912457328010183,0.2840271708599636,0.4347221632374546,0.8675240048932392,0.8029679903875839,RAP1GAP/ARHGAP24/DAAM2/EVL/RAB17/KIT/WDPCP/TGFB3/HRG/DCDC2,10
GO:0003281,ventricular septum development,4/823,77/18860,0.05194805194805195,1.1904498903283838,0.35770145397621295,0.43478993610361394,0.8675240048932392,0.8029679903875839,ADAMTS19/PTK7/VANGL2/DAND5,4
GO:0006081,aldehyde metabolic process,4/823,77/18860,0.05194805194805195,1.1904498903283838,0.35770145397621295,0.43478993610361394,0.8675240048932392,0.8029679903875839,ALDH1A1/SCNN1B/IDH2/ALDH3A1,4
GO:0016126,sterol biosynthetic process,4/823,77/18860,0.05194805194805195,1.1904498903283838,0.35770145397621295,0.43478993610361394,0.8675240048932392,0.8029679903875839,TM7SF2/PRKAA2/GNAI1/INSIG1,4
GO:0045685,regulation of glial cell differentiation,4/823,77/18860,0.05194805194805195,1.1904498903283838,0.35770145397621295,0.43478993610361394,0.8675240048932392,0.8029679903875839,PTPRZ1/DAAM2/F2/ID4,4
GO:0060415,muscle tissue morphogenesis,4/823,77/18860,0.05194805194805195,1.1904498903283838,0.35770145397621295,0.43478993610361394,0.8675240048932392,0.8029679903875839,MYBPC3/RYR2/EFEMP2/VANGL2,4
GO:0007044,cell-substrate junction assembly,5/823,99/18860,0.050505050505050504,1.157381837819262,0.3353677624135783,0.4349501658878836,0.8675240048932392,0.8029679903875839,SORBS1/WDPCP/HRG/FAM107A/GPM6B,5
GO:0009308,amine metabolic process,5/823,99/18860,0.050505050505050504,1.157381837819262,0.3353677624135783,0.4349501658878836,0.8675240048932392,0.8029679903875839,PDE1B/HDC/RNF180/KL/NPY,5
GO:1904892,regulation of receptor signaling pathway via STAT,5/823,99/18860,0.050505050505050504,1.157381837819262,0.3353677624135783,0.4349501658878836,0.8675240048932392,0.8029679903875839,GHR/ERBB4/CSH1/KIT/F2,5
GO:0006650,glycerophospholipid metabolic process,14/823,300/18860,0.04666666666666667,1.069420818144998,0.25890382358272673,0.4372295533139203,0.8675240048932392,0.8029679903875839,DGKD/TMEM86B/TTC7B/PLCL1/FABP3/PIGZ/PRKAA2/PLA2G1B/PLA2G6/PNPLA7/IP6K3/PIK3C2G/CWH43/PLA1A,14
GO:0034504,protein localization to nucleus,16/823,345/18860,0.0463768115942029,1.0627784528149047,0.2513827036468997,0.4376498052251716,0.8675240048932392,0.8029679903875839,GLUL/NMD3/SYNE1/IPO11/IL33/PRKD1/SIX4/CWH43/F2/ZBTB16/GLIS2/INSIG1/EDN1/CABP1/RANBP17/SIX1,16
GO:0006865,amino acid transport,8/823,166/18860,0.04819277108433735,1.1043932717504283,0.2885708966665176,0.4384879504522845,0.8675240048932392,0.8029679903875839,KCNK2/SLC1A2/SLC6A2/ABCC8/SLC16A10/KCNJ10/KCNJ8/SLC6A5,8
GO:0072657,protein localization to membrane,21/823,458/18860,0.04585152838427948,1.0507409785267448,0.23482058154275004,0.4395424299678191,0.8675240048932392,0.8029679903875839,FGF13/CDH2/GGA2/PACSIN1/KCNIP3/ERBB4/RAB26/EGFR/TTC7B/RAPSN/AR/ZDHHC2/CNIH3/GPC3/ZFYVE27/CACNA2D2/SORBS1/KCNIP4/TSPAN33/RAMP1/CAMK2B,21
GO:0000054,ribosomal subunit export from nucleus,1/823,13/18860,0.07692307692307693,1.762781568370876,0.5876623215136456,0.44022689569401674,0.8675240048932392,0.8029679903875839,NMD3,1
GO:0001682,tRNA 5'-leader removal,1/823,13/18860,0.07692307692307693,1.762781568370876,0.5876623215136456,0.44022689569401674,0.8675240048932392,0.8029679903875839,RPP30,1
GO:0002674,negative regulation of acute inflammatory response,1/823,13/18860,0.07692307692307693,1.762781568370876,0.5876623215136456,0.44022689569401674,0.8675240048932392,0.8029679903875839,NPY,1
GO:0003183,mitral valve morphogenesis,1/823,13/18860,0.07692307692307693,1.762781568370876,0.5876623215136456,0.44022689569401674,0.8675240048932392,0.8029679903875839,ADAMTS19,1
GO:0006012,galactose metabolic process,1/823,13/18860,0.07692307692307693,1.762781568370876,0.5876623215136456,0.44022689569401674,0.8675240048932392,0.8029679903875839,GALT,1
GO:0006054,N-acetylneuraminate metabolic process,1/823,13/18860,0.07692307692307693,1.762781568370876,0.5876623215136456,0.44022689569401674,0.8675240048932392,0.8029679903875839,ST3GAL1,1
GO:0006167,AMP biosynthetic process,1/823,13/18860,0.07692307692307693,1.762781568370876,0.5876623215136456,0.44022689569401674,0.8675240048932392,0.8029679903875839,ADA,1
GO:0006182,cGMP biosynthetic process,1/823,13/18860,0.07692307692307693,1.762781568370876,0.5876623215136456,0.44022689569401674,0.8675240048932392,0.8029679903875839,NPR3,1
GO:0006521,regulation of amino acid metabolic process,1/823,13/18860,0.07692307692307693,1.762781568370876,0.5876623215136456,0.44022689569401674,0.8675240048932392,0.8029679903875839,SIRT4,1
GO:0006544,glycine metabolic process,1/823,13/18860,0.07692307692307693,1.762781568370876,0.5876623215136456,0.44022689569401674,0.8675240048932392,0.8029679903875839,PHGDH,1
GO:0006787,porphyrin-containing compound catabolic process,1/823,13/18860,0.07692307692307693,1.762781568370876,0.5876623215136456,0.44022689569401674,0.8675240048932392,0.8029679903875839,HMOX2,1
GO:0007008,outer mitochondrial membrane organization,1/823,13/18860,0.07692307692307693,1.762781568370876,0.5876623215136456,0.44022689569401674,0.8675240048932392,0.8029679903875839,NME3,1
GO:0007501,mesodermal cell fate specification,1/823,13/18860,0.07692307692307693,1.762781568370876,0.5876623215136456,0.44022689569401674,0.8675240048932392,0.8029679903875839,DKK1,1
GO:0008063,Toll signaling pathway,1/823,13/18860,0.07692307692307693,1.762781568370876,0.5876623215136456,0.44022689569401674,0.8675240048932392,0.8029679903875839,PALM3,1
GO:0009120,deoxyribonucleoside metabolic process,1/823,13/18860,0.07692307692307693,1.762781568370876,0.5876623215136456,0.44022689569401674,0.8675240048932392,0.8029679903875839,ADA,1
GO:0009170,purine deoxyribonucleoside monophosphate metabolic process,1/823,13/18860,0.07692307692307693,1.762781568370876,0.5876623215136456,0.44022689569401674,0.8675240048932392,0.8029679903875839,ADA,1
GO:0010459,negative regulation of heart rate,1/823,13/18860,0.07692307692307693,1.762781568370876,0.5876623215136456,0.44022689569401674,0.8675240048932392,0.8029679903875839,RNLS,1
GO:0010917,negative regulation of mitochondrial membrane potential,1/823,13/18860,0.07692307692307693,1.762781568370876,0.5876623215136456,0.44022689569401674,0.8675240048932392,0.8029679903875839,BNIP3,1
GO:0010919,regulation of inositol phosphate biosynthetic process,1/823,13/18860,0.07692307692307693,1.762781568370876,0.5876623215136456,0.44022689569401674,0.8675240048932392,0.8029679903875839,PTH1R,1
GO:0010960,magnesium ion homeostasis,1/823,13/18860,0.07692307692307693,1.762781568370876,0.5876623215136456,0.44022689569401674,0.8675240048932392,0.8029679903875839,SLC41A1,1
GO:0014816,skeletal muscle satellite cell differentiation,1/823,13/18860,0.07692307692307693,1.762781568370876,0.5876623215136456,0.44022689569401674,0.8675240048932392,0.8029679903875839,SIX4,1
GO:0014842,regulation of skeletal muscle satellite cell proliferation,1/823,13/18860,0.07692307692307693,1.762781568370876,0.5876623215136456,0.44022689569401674,0.8675240048932392,0.8029679903875839,SIX1,1
GO:0015801,aromatic amino acid transport,1/823,13/18860,0.07692307692307693,1.762781568370876,0.5876623215136456,0.44022689569401674,0.8675240048932392,0.8029679903875839,SLC16A10,1
GO:0015851,nucleobase transport,1/823,13/18860,0.07692307692307693,1.762781568370876,0.5876623215136456,0.44022689569401674,0.8675240048932392,0.8029679903875839,SLC29A1,1
GO:0016081,synaptic vesicle docking,1/823,13/18860,0.07692307692307693,1.762781568370876,0.5876623215136456,0.44022689569401674,0.8675240048932392,0.8029679903875839,RIMS3,1
GO:0019321,pentose metabolic process,1/823,13/18860,0.07692307692307693,1.762781568370876,0.5876623215136456,0.44022689569401674,0.8675240048932392,0.8029679903875839,DCXR,1
GO:0021534,cell proliferation in hindbrain,1/823,13/18860,0.07692307692307693,1.762781568370876,0.5876623215136456,0.44022689569401674,0.8675240048932392,0.8029679903875839,RORA,1
GO:0021924,cell proliferation in external granule layer,1/823,13/18860,0.07692307692307693,1.762781568370876,0.5876623215136456,0.44022689569401674,0.8675240048932392,0.8029679903875839,RORA,1
GO:0021930,cerebellar granule cell precursor proliferation,1/823,13/18860,0.07692307692307693,1.762781568370876,0.5876623215136456,0.44022689569401674,0.8675240048932392,0.8029679903875839,RORA,1
GO:0030213,hyaluronan biosynthetic process,1/823,13/18860,0.07692307692307693,1.762781568370876,0.5876623215136456,0.44022689569401674,0.8675240048932392,0.8029679903875839,ABCC5,1
GO:0031272,regulation of pseudopodium assembly,1/823,13/18860,0.07692307692307693,1.762781568370876,0.5876623215136456,0.44022689569401674,0.8675240048932392,0.8029679903875839,KIT,1
GO:0031274,positive regulation of pseudopodium assembly,1/823,13/18860,0.07692307692307693,1.762781568370876,0.5876623215136456,0.44022689569401674,0.8675240048932392,0.8029679903875839,KIT,1
GO:0032048,cardiolipin metabolic process,1/823,13/18860,0.07692307692307693,1.762781568370876,0.5876623215136456,0.44022689569401674,0.8675240048932392,0.8029679903875839,PLA2G6,1
GO:0032306,regulation of prostaglandin secretion,1/823,13/18860,0.07692307692307693,1.762781568370876,0.5876623215136456,0.44022689569401674,0.8675240048932392,0.8029679903875839,EDN1,1
GO:0032341,aldosterone metabolic process,1/823,13/18860,0.07692307692307693,1.762781568370876,0.5876623215136456,0.44022689569401674,0.8675240048932392,0.8029679903875839,SCNN1B,1
GO:0032536,regulation of cell projection size,1/823,13/18860,0.07692307692307693,1.762781568370876,0.5876623215136456,0.44022689569401674,0.8675240048932392,0.8029679903875839,NEFL,1
GO:0033015,tetrapyrrole catabolic process,1/823,13/18860,0.07692307692307693,1.762781568370876,0.5876623215136456,0.44022689569401674,0.8675240048932392,0.8029679903875839,HMOX2,1
GO:0033750,ribosome localization,1/823,13/18860,0.07692307692307693,1.762781568370876,0.5876623215136456,0.44022689569401674,0.8675240048932392,0.8029679903875839,NMD3,1
GO:0034380,high-density lipoprotein particle assembly,1/823,13/18860,0.07692307692307693,1.762781568370876,0.5876623215136456,0.44022689569401674,0.8675240048932392,0.8029679903875839,PRKACB,1
GO:0034982,mitochondrial protein processing,1/823,13/18860,0.07692307692307693,1.762781568370876,0.5876623215136456,0.44022689569401674,0.8675240048932392,0.8029679903875839,SIRT4,1
GO:0035881,amacrine cell differentiation,1/823,13/18860,0.07692307692307693,1.762781568370876,0.5876623215136456,0.44022689569401674,0.8675240048932392,0.8029679903875839,PTF1A,1
GO:0036006,cellular response to macrophage colony-stimulating factor stimulus,1/823,13/18860,0.07692307692307693,1.762781568370876,0.5876623215136456,0.44022689569401674,0.8675240048932392,0.8029679903875839,PDE1B,1
GO:0036302,atrioventricular canal development,1/823,13/18860,0.07692307692307693,1.762781568370876,0.5876623215136456,0.44022689569401674,0.8675240048932392,0.8029679903875839,GATA6,1
GO:0040015,negative regulation of multicellular organism growth,1/823,13/18860,0.07692307692307693,1.762781568370876,0.5876623215136456,0.44022689569401674,0.8675240048932392,0.8029679903875839,ADRB2,1
GO:0043383,negative T cell selection,1/823,13/18860,0.07692307692307693,1.762781568370876,0.5876623215136456,0.44022689569401674,0.8675240048932392,0.8029679903875839,CD3E,1
GO:0043922,host-mediated suppression of viral transcription,1/823,13/18860,0.07692307692307693,1.762781568370876,0.5876623215136456,0.44022689569401674,0.8675240048932392,0.8029679903875839,BRD4,1
GO:0044029,positive regulation of gene expression via chromosomal CpG island demethylation,1/823,13/18860,0.07692307692307693,1.762781568370876,0.5876623215136456,0.44022689569401674,0.8675240048932392,0.8029679903875839,APOBEC2,1
GO:0045838,positive regulation of membrane potential,1/823,13/18860,0.07692307692307693,1.762781568370876,0.5876623215136456,0.44022689569401674,0.8675240048932392,0.8029679903875839,NNT,1
GO:0048243,norepinephrine secretion,1/823,13/18860,0.07692307692307693,1.762781568370876,0.5876623215136456,0.44022689569401674,0.8675240048932392,0.8029679903875839,FFAR3,1
GO:0051013,microtubule severing,1/823,13/18860,0.07692307692307693,1.762781568370876,0.5876623215136456,0.44022689569401674,0.8675240048932392,0.8029679903875839,FIGNL2,1
GO:0051127,positive regulation of actin nucleation,1/823,13/18860,0.07692307692307693,1.762781568370876,0.5876623215136456,0.44022689569401674,0.8675240048932392,0.8029679903875839,WASF3,1
GO:0060081,membrane hyperpolarization,1/823,13/18860,0.07692307692307693,1.762781568370876,0.5876623215136456,0.44022689569401674,0.8675240048932392,0.8029679903875839,CRTC1,1
GO:0060123,regulation of growth hormone secretion,1/823,13/18860,0.07692307692307693,1.762781568370876,0.5876623215136456,0.44022689569401674,0.8675240048932392,0.8029679903875839,GHRL,1
GO:0061303,cornea development in camera-type eye,1/823,13/18860,0.07692307692307693,1.762781568370876,0.5876623215136456,0.44022689569401674,0.8675240048932392,0.8029679903875839,WNT6,1
GO:0061430,bone trabecula morphogenesis,1/823,13/18860,0.07692307692307693,1.762781568370876,0.5876623215136456,0.44022689569401674,0.8675240048932392,0.8029679903875839,CHAD,1
GO:0061517,macrophage proliferation,1/823,13/18860,0.07692307692307693,1.762781568370876,0.5876623215136456,0.44022689569401674,0.8675240048932392,0.8029679903875839,IL33,1
GO:0061795,Golgi lumen acidification,1/823,13/18860,0.07692307692307693,1.762781568370876,0.5876623215136456,0.44022689569401674,0.8675240048932392,0.8029679903875839,SLC9A7,1
GO:0070142,synaptic vesicle budding,1/823,13/18860,0.07692307692307693,1.762781568370876,0.5876623215136456,0.44022689569401674,0.8675240048932392,0.8029679903875839,SLC2A4,1
GO:0070837,dehydroascorbic acid transport,1/823,13/18860,0.07692307692307693,1.762781568370876,0.5876623215136456,0.44022689569401674,0.8675240048932392,0.8029679903875839,SLC2A4,1
GO:0086067,AV node cell to bundle of His cell communication,1/823,13/18860,0.07692307692307693,1.762781568370876,0.5876623215136456,0.44022689569401674,0.8675240048932392,0.8029679903875839,RYR2,1
GO:0086070,SA node cell to atrial cardiac muscle cell communication,1/823,13/18860,0.07692307692307693,1.762781568370876,0.5876623215136456,0.44022689569401674,0.8675240048932392,0.8029679903875839,RYR2,1
GO:0097475,motor neuron migration,1/823,13/18860,0.07692307692307693,1.762781568370876,0.5876623215136456,0.44022689569401674,0.8675240048932392,0.8029679903875839,NTN1,1
GO:0098528,skeletal muscle fiber differentiation,1/823,13/18860,0.07692307692307693,1.762781568370876,0.5876623215136456,0.44022689569401674,0.8675240048932392,0.8029679903875839,SIX4,1
GO:0106014,regulation of inflammatory response to wounding,1/823,13/18860,0.07692307692307693,1.762781568370876,0.5876623215136456,0.44022689569401674,0.8675240048932392,0.8029679903875839,IL33,1
GO:0106072,negative regulation of adenylate cyclase-activating G protein-coupled receptor signaling pathway,1/823,13/18860,0.07692307692307693,1.762781568370876,0.5876623215136456,0.44022689569401674,0.8675240048932392,0.8029679903875839,APLP1,1
GO:1900103,positive regulation of endoplasmic reticulum unfolded protein response,1/823,13/18860,0.07692307692307693,1.762781568370876,0.5876623215136456,0.44022689569401674,0.8675240048932392,0.8029679903875839,BCL2L11,1
GO:1900272,negative regulation of long-term synaptic potentiation,1/823,13/18860,0.07692307692307693,1.762781568370876,0.5876623215136456,0.44022689569401674,0.8675240048932392,0.8029679903875839,FAM107A,1
GO:1900426,positive regulation of defense response to bacterium,1/823,13/18860,0.07692307692307693,1.762781568370876,0.5876623215136456,0.44022689569401674,0.8675240048932392,0.8029679903875839,PGC,1
GO:1901748,leukotriene D4 metabolic process,1/823,13/18860,0.07692307692307693,1.762781568370876,0.5876623215136456,0.44022689569401674,0.8675240048932392,0.8029679903875839,GGT7,1
GO:1902902,negative regulation of autophagosome assembly,1/823,13/18860,0.07692307692307693,1.762781568370876,0.5876623215136456,0.44022689569401674,0.8675240048932392,0.8029679903875839,NUPR1,1
GO:1904179,positive regulation of adipose tissue development,1/823,13/18860,0.07692307692307693,1.762781568370876,0.5876623215136456,0.44022689569401674,0.8675240048932392,0.8029679903875839,GHRL,1
GO:1904464,regulation of matrix metallopeptidase secretion,1/823,13/18860,0.07692307692307693,1.762781568370876,0.5876623215136456,0.44022689569401674,0.8675240048932392,0.8029679903875839,IDH2,1
GO:1905939,regulation of gonad development,1/823,13/18860,0.07692307692307693,1.762781568370876,0.5876623215136456,0.44022689569401674,0.8675240048932392,0.8029679903875839,NUPR1,1
GO:1990773,matrix metallopeptidase secretion,1/823,13/18860,0.07692307692307693,1.762781568370876,0.5876623215136456,0.44022689569401674,0.8675240048932392,0.8029679903875839,IDH2,1
GO:2000644,regulation of receptor catabolic process,1/823,13/18860,0.07692307692307693,1.762781568370876,0.5876623215136456,0.44022689569401674,0.8675240048932392,0.8029679903875839,ABCA2,1
GO:2000833,positive regulation of steroid hormone secretion,1/823,13/18860,0.07692307692307693,1.762781568370876,0.5876623215136456,0.44022689569401674,0.8675240048932392,0.8029679903875839,GHRL,1
GO:2001053,regulation of mesenchymal cell apoptotic process,1/823,13/18860,0.07692307692307693,1.762781568370876,0.5876623215136456,0.44022689569401674,0.8675240048932392,0.8029679903875839,GDF5,1
GO:0002363,alpha-beta T cell lineage commitment,2/823,34/18860,0.058823529411764705,1.348009434636552,0.4338389541921369,0.44045444797258027,0.8675240048932392,0.8029679903875839,TOX/BRD4,2
GO:0006099,tricarboxylic acid cycle,2/823,34/18860,0.058823529411764705,1.348009434636552,0.4338389541921369,0.44045444797258027,0.8675240048932392,0.8029679903875839,NNT/IDH2,2
GO:0006221,pyrimidine nucleotide biosynthetic process,2/823,34/18860,0.058823529411764705,1.348009434636552,0.4338389541921369,0.44045444797258027,0.8675240048932392,0.8029679903875839,NME9/NME3,2
GO:0009954,proximal/distal pattern formation,2/823,34/18860,0.058823529411764705,1.348009434636552,0.4338389541921369,0.44045444797258027,0.8675240048932392,0.8029679903875839,IRX3/IRX2,2
GO:0015813,L-glutamate transmembrane transport,2/823,34/18860,0.058823529411764705,1.348009434636552,0.4338389541921369,0.44045444797258027,0.8675240048932392,0.8029679903875839,SLC1A2/KCNJ10,2
GO:0021591,ventricular system development,2/823,34/18860,0.058823529411764705,1.348009434636552,0.4338389541921369,0.44045444797258027,0.8675240048932392,0.8029679903875839,CDK6/ATP1B2,2
GO:0033032,regulation of myeloid cell apoptotic process,2/823,34/18860,0.058823529411764705,1.348009434636552,0.4338389541921369,0.44045444797258027,0.8675240048932392,0.8029679903875839,APOH/KITLG,2
GO:0043462,regulation of ATP-dependent activity,2/823,34/18860,0.058823529411764705,1.348009434636552,0.4338389541921369,0.44045444797258027,0.8675240048932392,0.8029679903875839,RGN/TPM2,2
GO:0046475,glycerophospholipid catabolic process,2/823,34/18860,0.058823529411764705,1.348009434636552,0.4338389541921369,0.44045444797258027,0.8675240048932392,0.8029679903875839,PLA2G6/PNPLA7,2
GO:0048026,"positive regulation of mRNA splicing, via spliceosome",2/823,34/18860,0.058823529411764705,1.348009434636552,0.4338389541921369,0.44045444797258027,0.8675240048932392,0.8029679903875839,CELF4/CIRBP,2
GO:0061037,negative regulation of cartilage development,2/823,34/18860,0.058823529411764705,1.348009434636552,0.4338389541921369,0.44045444797258027,0.8675240048932392,0.8029679903875839,GDF5/EFEMP1,2
GO:0070972,protein localization to endoplasmic reticulum,2/823,34/18860,0.058823529411764705,1.348009434636552,0.4338389541921369,0.44045444797258027,0.8675240048932392,0.8029679903875839,PDIA2/INSIG1,2
GO:0097205,renal filtration,2/823,34/18860,0.058823529411764705,1.348009434636552,0.4338389541921369,0.44045444797258027,0.8675240048932392,0.8029679903875839,EDN1/TTR,2
GO:1901185,negative regulation of ERBB signaling pathway,2/823,34/18860,0.058823529411764705,1.348009434636552,0.4338389541921369,0.44045444797258027,0.8675240048932392,0.8029679903875839,SH3GL2/EGFR,2
GO:1901186,positive regulation of ERBB signaling pathway,2/823,34/18860,0.058823529411764705,1.348009434636552,0.4338389541921369,0.44045444797258027,0.8675240048932392,0.8029679903875839,DGKD/HIP1R,2
GO:0141193,nuclear receptor-mediated signaling pathway,10/823,211/18860,0.04739336492890995,1.0860739520768428,0.26857296418078375,0.44062324322204827,0.8675240048932392,0.8029679903875839,ESRRG/PLIN5/ZMIZ1/PTF1A/AR/CYP7B1/FOXA1/ALOX15B/PAQR7/SCGB2A1,10
GO:0051090,regulation of DNA-binding transcription factor activity,9/823,189/18860,0.047619047619047616,1.0912457328010183,0.26930025907585436,0.44284982388062033,0.8712207863629292,0.8063896792064246,CRTC1/NUPR1/SGK1/PRKD1/KIT/RAB7B/FOXA1/ADCY1/NWD1,9
GO:0016239,positive regulation of macroautophagy,5/823,100/18860,0.05,1.1458080194410694,0.3122785031857701,0.4435667536738084,0.8712207863629292,0.8063896792064246,GPSM1/BNIP3/PRKAA2/ULK1/ADRB2,5
GO:1900182,positive regulation of protein localization to nucleus,5/823,100/18860,0.05,1.1458080194410694,0.3122785031857701,0.4435667536738084,0.8712207863629292,0.8063896792064246,NMD3/PRKD1/F2/GLIS2/EDN1,5
GO:0010659,cardiac muscle cell apoptotic process,3/823,56/18860,0.05357142857142857,1.2276514494011455,0.3644319183651847,0.44437761895105654,0.8712207863629292,0.8063896792064246,BNIP3/SIRT4/NUPR1,3
GO:0045332,phospholipid translocation,3/823,56/18860,0.05357142857142857,1.2276514494011455,0.3644319183651847,0.44437761895105654,0.8712207863629292,0.8063896792064246,ATP8A1/ATG9B/ATP8A2,3
GO:0099084,postsynaptic specialization organization,3/823,56/18860,0.05357142857142857,1.2276514494011455,0.3644319183651847,0.44437761895105654,0.8712207863629292,0.8063896792064246,CDH2/PTPRS/RAPSN,3
GO:1902895,positive regulation of miRNA transcription,3/823,56/18860,0.05357142857142857,1.2276514494011455,0.3644319183651847,0.44437761895105654,0.8712207863629292,0.8063896792064246,EGFR/AR/FOXA1,3
GO:0006879,intracellular iron ion homeostasis,4/823,78/18860,0.05128205128205128,1.1751877122472505,0.3311746757200341,0.44457745436288154,0.8712207863629292,0.8063896792064246,SMAD5/ACVR2B/TF/SMAD9,4
GO:0009880,embryonic pattern specification,4/823,78/18860,0.05128205128205128,1.1751877122472505,0.3311746757200341,0.44457745436288154,0.8712207863629292,0.8063896792064246,ERBB4/SMAD5/PLD6/ZBTB16,4
GO:0051881,regulation of mitochondrial membrane potential,4/823,78/18860,0.05128205128205128,1.1751877122472505,0.3311746757200341,0.44457745436288154,0.8712207863629292,0.8063896792064246,SLC25A36/BNIP3/ALB/NNT,4
GO:1901184,regulation of ERBB signaling pathway,4/823,78/18860,0.05128205128205128,1.1751877122472505,0.3311746757200341,0.44457745436288154,0.8712207863629292,0.8063896792064246,SH3GL2/DGKD/HIP1R/EGFR,4
GO:0007584,response to nutrient,8/823,167/18860,0.04790419161676647,1.0977801383866532,0.27111058579213926,0.44513280888281503,0.8715689066585453,0.8067118944449738,FOLR1/IGFBP2/ALAD/OXCT1/CBS/KL/NNT/POSTN,8
GO:2001236,regulation of extrinsic apoptotic signaling pathway,8/823,167/18860,0.04790419161676647,1.0977801383866532,0.27111058579213926,0.44513280888281503,0.8715689066585453,0.8067118944449738,FGA/FGB/FGG/COL2A1/G0S2/AR/RET/MAL,8
GO:0051651,maintenance of location in cell,10/823,212/18860,0.04716981132075472,1.080950961736858,0.2531925415086163,0.4465185241013101,0.8739113607835225,0.8088800369640269,GSTM2/DMD/DBN1/SYNE1/PLCL1/RYR2/PRKD1/PDIA2/F2/INSIG1,10
GO:0038127,ERBB signaling pathway,7/823,145/18860,0.04827586206896552,1.1062973980810324,0.27446616536770635,0.44746402430286525,0.8753906198209932,0.8102492182776053,SH3GL2/ERBB4/DGKD/HIP1R/EGFR/EFEMP1/NRG4,7
GO:0010876,lipid localization,22/823,483/18860,0.045548654244306416,1.0438002661574959,0.20830039930947422,0.44914555945441825,0.8779359410767218,0.8126051317532844,STX12/PLIN5/FZD4/GHRL/ATP8A1/SERPINA5/FABP3/SLC13A3/RBP7/APOC4/APOA5/APOH/PLA2G1B/ABCA2/KCNQ1/GRAMD1A/SLC10A1/PLTP/ATG9B/EDN1/KCNJ8/ATP8A2,22
GO:0022411,cellular component disassembly,22/823,483/18860,0.045548654244306416,1.0438002661574959,0.20830039930947422,0.44914555945441825,0.8779359410767218,0.8126051317532844,SMARCD3/FGF13/IGF1R/GABARAPL1/DNAJC6/LAMP2/EIF5A2/HPN/BNIP3/APC2/PRKAA2/PBXIP1/ABCC8/MMP19/NES/VANGL2/TGFB3/LMOD2/GATA5/TIMP3/ADRB2/DKK1,22
GO:0006869,lipid transport,21/823,461/18860,0.0455531453362256,1.0439031847402367,0.2038573964504696,0.45158081146658957,0.8781554042705512,0.8128082637919591,STX12/FZD4/GHRL/ATP8A1/SERPINA5/FABP3/SLC13A3/RBP7/APOC4/APOA5/APOH/PLA2G1B/ABCA2/KCNQ1/GRAMD1A/SLC10A1/PLTP/ATG9B/EDN1/KCNJ8/ATP8A2,21
GO:0007156,homophilic cell adhesion via plasma membrane adhesion molecules,8/823,168/18860,0.047619047619047616,1.0912457328010183,0.2537560546080748,0.4517659944658251,0.8781554042705512,0.8128082637919591,ROBO3/CDH2/PTPRM/CADM2/CELSR1/PCDHA7/PTK7/RET,8
GO:0033555,multicellular organismal response to stress,5/823,101/18860,0.04950495049504951,1.134463385585217,0.2894256266984691,0.45215099863510977,0.8781554042705512,0.8128082637919591,DEAF1/PDE8B/SLC6A2/RET/SLITRK4,5
GO:0060491,regulation of cell projection assembly,10/823,213/18860,0.046948356807511735,1.0758760745925533,0.23788511402605034,0.45240675969178357,0.8781554042705512,0.8128082637919591,RAP1GAP/ARHGAP24/DAAM2/EVL/RAB17/KIT/WDPCP/TGFB3/HRG/DCDC2,10
GO:0007179,transforming growth factor beta receptor signaling pathway,12/823,258/18860,0.046511627906976744,1.0658679250614598,0.22755223785235096,0.4524068713987628,0.8781554042705512,0.8128082637919591,GDF5/FOLR1/ZMIZ1/SMAD5/TGFB1I1/FMOD/CHST11/SMAD9/GCNT2/TGFB3/DAND5/AMHR2,12
GO:0033344,cholesterol efflux,4/823,79/18860,0.05063291139240506,1.160311918421336,0.30499807323648404,0.45431261132757594,0.8781554042705512,0.8128082637919591,STX12/APOA5/ABCA2/PLTP,4
GO:0002431,Fc receptor mediated stimulatory signaling pathway,2/823,35/18860,0.05714285714285714,1.309494879361222,0.39146874441714924,0.4553207286550284,0.8781554042705512,0.8128082637919591,PLA2G6/VAV3,2
GO:0010661,positive regulation of muscle cell apoptotic process,2/823,35/18860,0.05714285714285714,1.309494879361222,0.39146874441714924,0.4553207286550284,0.8781554042705512,0.8128082637919591,BNIP3/PDCD4,2
GO:0010667,negative regulation of cardiac muscle cell apoptotic process,2/823,35/18860,0.05714285714285714,1.309494879361222,0.39146874441714924,0.4553207286550284,0.8781554042705512,0.8128082637919591,SIRT4/NUPR1,2
GO:0032633,interleukin-4 production,2/823,35/18860,0.05714285714285714,1.309494879361222,0.39146874441714924,0.4553207286550284,0.8781554042705512,0.8128082637919591,IL33/CD3E,2
GO:0032673,regulation of interleukin-4 production,2/823,35/18860,0.05714285714285714,1.309494879361222,0.39146874441714924,0.4553207286550284,0.8781554042705512,0.8128082637919591,IL33/CD3E,2
GO:0043173,nucleotide salvage,2/823,35/18860,0.05714285714285714,1.309494879361222,0.39146874441714924,0.4553207286550284,0.8781554042705512,0.8128082637919591,ADA/SLC22A13,2
GO:0048265,response to pain,2/823,35/18860,0.05714285714285714,1.309494879361222,0.39146874441714924,0.4553207286550284,0.8781554042705512,0.8128082637919591,SLC6A2/RET,2
GO:0048566,embryonic digestive tract development,2/823,35/18860,0.05714285714285714,1.309494879361222,0.39146874441714924,0.4553207286550284,0.8781554042705512,0.8128082637919591,RBPMS2/ADA,2
GO:0071634,regulation of transforming growth factor beta production,2/823,35/18860,0.05714285714285714,1.309494879361222,0.39146874441714924,0.4553207286550284,0.8781554042705512,0.8128082637919591,GATA6/FBLN1,2
GO:0002279,mast cell activation involved in immune response,3/823,57/18860,0.05263157894736842,1.2061137046748096,0.33289541941814293,0.4558970323931928,0.8781554042705512,0.8128082637919591,KIT/CHGA/SLC18A2,3
GO:0002448,mast cell mediated immunity,3/823,57/18860,0.05263157894736842,1.2061137046748096,0.33289541941814293,0.4558970323931928,0.8781554042705512,0.8128082637919591,KIT/CHGA/SLC18A2,3
GO:0002686,negative regulation of leukocyte migration,3/823,57/18860,0.05263157894736842,1.2061137046748096,0.33289541941814293,0.4558970323931928,0.8781554042705512,0.8128082637919591,C5/IL33/ADA,3
GO:0007140,male meiotic nuclear division,3/823,57/18860,0.05263157894736842,1.2061137046748096,0.33289541941814293,0.4558970323931928,0.8781554042705512,0.8128082637919591,REC8/SYCP2/TDRD9,3
GO:0014888,striated muscle adaptation,3/823,57/18860,0.05263157894736842,1.2061137046748096,0.33289541941814293,0.4558970323931928,0.8781554042705512,0.8128082637919591,GATA6/IGFBP5/CAMK2B,3
GO:0046638,positive regulation of alpha-beta T cell differentiation,3/823,57/18860,0.05263157894736842,1.2061137046748096,0.33289541941814293,0.4558970323931928,0.8781554042705512,0.8128082637919591,ADA/ZBTB16/BRD4,3
GO:0010631,epithelial cell migration,5/823,102/18860,0.049019607843137254,1.12334119553046,0.2668038357600769,0.46069947478864337,0.8781554042705512,0.8128082637919591,DAAM2/EVL/KITLG/KIT/WDPCP,5
GO:0009755,hormone-mediated signaling pathway,11/823,237/18860,0.046413502109704644,1.0636192585528912,0.21053051359351346,0.46085090795710026,0.8781554042705512,0.8128082637919591,ESRRG/ZMIZ1/GHR/PTF1A/GHRL/AR/CYP7B1/FOXA1/SSTR2/PAQR7/SCGB2A1,11
GO:0030595,leukocyte chemotaxis,11/823,237/18860,0.046413502109704644,1.0636192585528912,0.21053051359351346,0.46085090795710026,0.8781554042705512,0.8128082637919591,VEGFB/C5/CCL16/CYP7B1/PLA2G1B/SFTPD/KIT/CHGA/VAV3/CXCL17/EDN1,11
GO:1902600,proton transmembrane transport,9/823,192/18860,0.046875,1.0741950182260025,0.22072603367063565,0.4615149644771015,0.8781554042705512,0.8128082637919591,LAMP2/ATP4B/ATP4A/SLC9A4/SLC9A7/NNT/SLC9A3/ATP6V0E2/SLC18A2,9
GO:0030518,nuclear receptor-mediated steroid hormone signaling pathway,7/823,147/18860,0.047619047619047616,1.0912457328010183,0.23723382827794212,0.46169120459891655,0.8781554042705512,0.8128082637919591,ESRRG/ZMIZ1/AR/CYP7B1/FOXA1/PAQR7/SCGB2A1,7
GO:0043401,steroid hormone receptor signaling pathway,7/823,147/18860,0.047619047619047616,1.0912457328010183,0.23723382827794212,0.46169120459891655,0.8781554042705512,0.8128082637919591,ESRRG/ZMIZ1/AR/CYP7B1/FOXA1/PAQR7/SCGB2A1,7
GO:1904063,negative regulation of cation transmembrane transport,4/823,80/18860,0.05,1.1458080194410694,0.2791616172214416,0.4639907632830699,0.8781554042705512,0.8128082637919591,KCNE2/NEDD4L/PPP3CC/KCNQ1,4
GO:1904377,positive regulation of protein localization to cell periphery,4/823,80/18860,0.05,1.1458080194410694,0.2791616172214416,0.4639907632830699,0.8781554042705512,0.8128082637919591,EGFR/ZDHHC2/GNAI1/SORBS1,4
GO:0000101,sulfur amino acid transport,1/823,14/18860,0.07142857142857142,1.6368685992015275,0.5091917472616906,0.46467074696179544,0.8781554042705512,0.8128082637919591,SLC1A2,1
GO:0002467,germinal center formation,1/823,14/18860,0.07142857142857142,1.6368685992015275,0.5091917472616906,0.46467074696179544,0.8781554042705512,0.8128082637919591,ADA,1
GO:0002486,"antigen processing and presentation of endogenous peptide antigen via MHC class I via ER pathway, TAP-independent",1/823,14/18860,0.07142857142857142,1.6368685992015275,0.5091917472616906,0.46467074696179544,0.8781554042705512,0.8128082637919591,AZGP1,1
GO:0002664,regulation of T cell tolerance induction,1/823,14/18860,0.07142857142857142,1.6368685992015275,0.5091917472616906,0.46467074696179544,0.8781554042705512,0.8128082637919591,CD3E,1
GO:0002713,negative regulation of B cell mediated immunity,1/823,14/18860,0.07142857142857142,1.6368685992015275,0.5091917472616906,0.46467074696179544,0.8781554042705512,0.8128082637919591,SUSD4,1
GO:0002890,negative regulation of immunoglobulin mediated immune response,1/823,14/18860,0.07142857142857142,1.6368685992015275,0.5091917472616906,0.46467074696179544,0.8781554042705512,0.8128082637919591,SUSD4,1
GO:0003174,mitral valve development,1/823,14/18860,0.07142857142857142,1.6368685992015275,0.5091917472616906,0.46467074696179544,0.8781554042705512,0.8128082637919591,ADAMTS19,1
GO:0006000,fructose metabolic process,1/823,14/18860,0.07142857142857142,1.6368685992015275,0.5091917472616906,0.46467074696179544,0.8781554042705512,0.8128082637919591,FBP2,1
GO:0006002,fructose 6-phosphate metabolic process,1/823,14/18860,0.07142857142857142,1.6368685992015275,0.5091917472616906,0.46467074696179544,0.8781554042705512,0.8128082637919591,FBP2,1
GO:0006068,ethanol catabolic process,1/823,14/18860,0.07142857142857142,1.6368685992015275,0.5091917472616906,0.46467074696179544,0.8781554042705512,0.8128082637919591,SULT2A1,1
GO:0006177,GMP biosynthetic process,1/823,14/18860,0.07142857142857142,1.6368685992015275,0.5091917472616906,0.46467074696179544,0.8781554042705512,0.8128082637919591,ADA,1
GO:0006448,regulation of translational elongation,1/823,14/18860,0.07142857142857142,1.6368685992015275,0.5091917472616906,0.46467074696179544,0.8781554042705512,0.8128082637919591,EIF5A2,1
GO:0008212,mineralocorticoid metabolic process,1/823,14/18860,0.07142857142857142,1.6368685992015275,0.5091917472616906,0.46467074696179544,0.8781554042705512,0.8128082637919591,SCNN1B,1
GO:0009214,cyclic nucleotide catabolic process,1/823,14/18860,0.07142857142857142,1.6368685992015275,0.5091917472616906,0.46467074696179544,0.8781554042705512,0.8128082637919591,PDE8B,1
GO:0009437,carnitine metabolic process,1/823,14/18860,0.07142857142857142,1.6368685992015275,0.5091917472616906,0.46467074696179544,0.8781554042705512,0.8128082637919591,ACADL,1
GO:0010524,positive regulation of calcium ion transport into cytosol,1/823,14/18860,0.07142857142857142,1.6368685992015275,0.5091917472616906,0.46467074696179544,0.8781554042705512,0.8128082637919591,PLA2G1B,1
GO:0010867,positive regulation of triglyceride biosynthetic process,1/823,14/18860,0.07142857142857142,1.6368685992015275,0.5091917472616906,0.46467074696179544,0.8781554042705512,0.8128082637919591,PLIN5,1
GO:0021702,cerebellar Purkinje cell differentiation,1/823,14/18860,0.07142857142857142,1.6368685992015275,0.5091917472616906,0.46467074696179544,0.8781554042705512,0.8128082637919591,RORA,1
GO:0021781,glial cell fate commitment,1/823,14/18860,0.07142857142857142,1.6368685992015275,0.5091917472616906,0.46467074696179544,0.8781554042705512,0.8128082637919591,SOX2,1
GO:0031650,regulation of heat generation,1/823,14/18860,0.07142857142857142,1.6368685992015275,0.5091917472616906,0.46467074696179544,0.8781554042705512,0.8128082637919591,PTGER3,1
GO:0033700,phospholipid efflux,1/823,14/18860,0.07142857142857142,1.6368685992015275,0.5091917472616906,0.46467074696179544,0.8781554042705512,0.8128082637919591,APOA5,1
GO:0035589,G protein-coupled purinergic nucleotide receptor signaling pathway,1/823,14/18860,0.07142857142857142,1.6368685992015275,0.5091917472616906,0.46467074696179544,0.8781554042705512,0.8128082637919591,P2RY4,1
GO:0035865,cellular response to potassium ion,1/823,14/18860,0.07142857142857142,1.6368685992015275,0.5091917472616906,0.46467074696179544,0.8781554042705512,0.8128082637919591,KCNJ10,1
GO:0042074,cell migration involved in gastrulation,1/823,14/18860,0.07142857142857142,1.6368685992015275,0.5091917472616906,0.46467074696179544,0.8781554042705512,0.8128082637919591,GPC3,1
GO:0042362,fat-soluble vitamin biosynthetic process,1/823,14/18860,0.07142857142857142,1.6368685992015275,0.5091917472616906,0.46467074696179544,0.8781554042705512,0.8128082637919591,PLTP,1
GO:0044857,plasma membrane raft organization,1/823,14/18860,0.07142857142857142,1.6368685992015275,0.5091917472616906,0.46467074696179544,0.8781554042705512,0.8128082637919591,COLEC12,1
GO:0045837,negative regulation of membrane potential,1/823,14/18860,0.07142857142857142,1.6368685992015275,0.5091917472616906,0.46467074696179544,0.8781554042705512,0.8128082637919591,BNIP3,1
GO:0045906,negative regulation of vasoconstriction,1/823,14/18860,0.07142857142857142,1.6368685992015275,0.5091917472616906,0.46467074696179544,0.8781554042705512,0.8128082637919591,ADM,1
GO:0045916,negative regulation of complement activation,1/823,14/18860,0.07142857142857142,1.6368685992015275,0.5091917472616906,0.46467074696179544,0.8781554042705512,0.8128082637919591,SUSD4,1
GO:0045986,negative regulation of smooth muscle contraction,1/823,14/18860,0.07142857142857142,1.6368685992015275,0.5091917472616906,0.46467074696179544,0.8781554042705512,0.8128082637919591,ADRB2,1
GO:0048521,negative regulation of behavior,1/823,14/18860,0.07142857142857142,1.6368685992015275,0.5091917472616906,0.46467074696179544,0.8781554042705512,0.8128082637919591,GHRL,1
GO:0051764,actin crosslink formation,1/823,14/18860,0.07142857142857142,1.6368685992015275,0.5091917472616906,0.46467074696179544,0.8781554042705512,0.8128082637919591,GAS2,1
GO:0051775,response to redox state,1/823,14/18860,0.07142857142857142,1.6368685992015275,0.5091917472616906,0.46467074696179544,0.8781554042705512,0.8128082637919591,RYR2,1
GO:0060019,radial glial cell differentiation,1/823,14/18860,0.07142857142857142,1.6368685992015275,0.5091917472616906,0.46467074696179544,0.8781554042705512,0.8128082637919591,CDH2,1
GO:0060044,negative regulation of cardiac muscle cell proliferation,1/823,14/18860,0.07142857142857142,1.6368685992015275,0.5091917472616906,0.46467074696179544,0.8781554042705512,0.8128082637919591,KCNK2,1
GO:0060456,positive regulation of digestive system process,1/823,14/18860,0.07142857142857142,1.6368685992015275,0.5091917472616906,0.46467074696179544,0.8781554042705512,0.8128082637919591,GHRL,1
GO:0060670,branching involved in labyrinthine layer morphogenesis,1/823,14/18860,0.07142857142857142,1.6368685992015275,0.5091917472616906,0.46467074696179544,0.8781554042705512,0.8128082637919591,ADM,1
GO:0061029,eyelid development in camera-type eye,1/823,14/18860,0.07142857142857142,1.6368685992015275,0.5091917472616906,0.46467074696179544,0.8781554042705512,0.8128082637919591,EGFR,1
GO:0070988,demethylation,1/823,14/18860,0.07142857142857142,1.6368685992015275,0.5091917472616906,0.46467074696179544,0.8781554042705512,0.8128082637919591,CYP2C8,1
GO:0071679,commissural neuron axon guidance,1/823,14/18860,0.07142857142857142,1.6368685992015275,0.5091917472616906,0.46467074696179544,0.8781554042705512,0.8128082637919591,ROBO3,1
GO:0072393,microtubule anchoring at microtubule organizing center,1/823,14/18860,0.07142857142857142,1.6368685992015275,0.5091917472616906,0.46467074696179544,0.8781554042705512,0.8128082637919591,NIN,1
GO:0072672,neutrophil extravasation,1/823,14/18860,0.07142857142857142,1.6368685992015275,0.5091917472616906,0.46467074696179544,0.8781554042705512,0.8128082637919591,PRTN3,1
GO:0090385,phagosome-lysosome fusion,1/823,14/18860,0.07142857142857142,1.6368685992015275,0.5091917472616906,0.46467074696179544,0.8781554042705512,0.8128082637919591,RAB7B,1
GO:0090715,immunological memory formation process,1/823,14/18860,0.07142857142857142,1.6368685992015275,0.5091917472616906,0.46467074696179544,0.8781554042705512,0.8128082637919591,ST3GAL1,1
GO:0098840,protein transport along microtubule,1/823,14/18860,0.07142857142857142,1.6368685992015275,0.5091917472616906,0.46467074696179544,0.8781554042705512,0.8128082637919591,KIF5C,1
GO:0099118,microtubule-based protein transport,1/823,14/18860,0.07142857142857142,1.6368685992015275,0.5091917472616906,0.46467074696179544,0.8781554042705512,0.8128082637919591,KIF5C,1
GO:1901334,lactone metabolic process,1/823,14/18860,0.07142857142857142,1.6368685992015275,0.5091917472616906,0.46467074696179544,0.8781554042705512,0.8128082637919591,PON3,1
GO:1902047,polyamine transmembrane transport,1/823,14/18860,0.07142857142857142,1.6368685992015275,0.5091917472616906,0.46467074696179544,0.8781554042705512,0.8128082637919591,ATP13A5,1
GO:1904627,response to phorbol 13-acetate 12-myristate,1/823,14/18860,0.07142857142857142,1.6368685992015275,0.5091917472616906,0.46467074696179544,0.8781554042705512,0.8128082637919591,PRKD1,1
GO:1905522,negative regulation of macrophage migration,1/823,14/18860,0.07142857142857142,1.6368685992015275,0.5091917472616906,0.46467074696179544,0.8781554042705512,0.8128082637919591,C5,1
GO:1905651,regulation of artery morphogenesis,1/823,14/18860,0.07142857142857142,1.6368685992015275,0.5091917472616906,0.46467074696179544,0.8781554042705512,0.8128082637919591,EDN1,1
GO:2000303,regulation of ceramide biosynthetic process,1/823,14/18860,0.07142857142857142,1.6368685992015275,0.5091917472616906,0.46467074696179544,0.8781554042705512,0.8128082637919591,PLA2G6,1
GO:0071887,leukocyte apoptotic process,6/823,125/18860,0.048,1.0999756986634264,0.23955194468858365,0.465273605237722,0.8789347884453896,0.8135296507980593,ST3GAL1/TSC22D3/BCL2L11/KITLG/RORC/ADA,6
GO:0045010,actin nucleation,3/823,58/18860,0.05172413793103448,1.185318640801106,0.3019313258446024,0.46731470353851934,0.8801460444698158,0.8146507723005104,WASF3/HIP1R/LMOD2,3
GO:0046854,phosphatidylinositol phosphate biosynthetic process,3/823,58/18860,0.05172413793103448,1.185318640801106,0.3019313258446024,0.46731470353851934,0.8801460444698158,0.8146507723005104,TTC7B/IP6K3/PIK3C2G,3
GO:0051452,intracellular pH reduction,3/823,58/18860,0.05172413793103448,1.185318640801106,0.3019313258446024,0.46731470353851934,0.8801460444698158,0.8146507723005104,LAMP2/SLC9A7/ATP6V0E2,3
GO:0071320,cellular response to cAMP,3/823,58/18860,0.05172413793103448,1.185318640801106,0.3019313258446024,0.46731470353851934,0.8801460444698158,0.8146507723005104,CRTC1/KCNQ1/IGFBP5,3
GO:1904035,regulation of epithelial cell apoptotic process,3/823,58/18860,0.05172413793103448,1.185318640801106,0.3019313258446024,0.46731470353851934,0.8801460444698158,0.8146507723005104,PRKAA2/NUPR1/PLA2G1B,3
GO:0034109,homotypic cell-cell adhesion,5/823,103/18860,0.04854368932038835,1.1124349703311351,0.2444080060787641,0.4692088702595435,0.8801460444698158,0.8146507723005104,FGA/FGB/FGG/CELA2A/PDIA2,5
GO:2001237,negative regulation of extrinsic apoptotic signaling pathway,5/823,103/18860,0.04854368932038835,1.1124349703311351,0.2444080060787641,0.4692088702595435,0.8801460444698158,0.8146507723005104,FGA/FGB/FGG/COL2A1/AR,5
GO:0001782,B cell homeostasis,2/823,36/18860,0.05555555555555555,1.2731200216011882,0.35036920412216405,0.4699568322551183,0.8801460444698158,0.8146507723005104,BCL2L11/ADA,2
GO:0002067,glandular epithelial cell differentiation,2/823,36/18860,0.05555555555555555,1.2731200216011882,0.35036920412216405,0.4699568322551183,0.8801460444698158,0.8146507723005104,SLC9A4/FOXA1,2
GO:0006691,leukotriene metabolic process,2/823,36/18860,0.05555555555555555,1.2731200216011882,0.35036920412216405,0.4699568322551183,0.8801460444698158,0.8146507723005104,GGT7/PLA2G1B,2
GO:0031338,regulation of vesicle fusion,2/823,36/18860,0.05555555555555555,1.2731200216011882,0.35036920412216405,0.4699568322551183,0.8801460444698158,0.8146507723005104,TBC1D4/ERC2,2
GO:0032366,intracellular sterol transport,2/823,36/18860,0.05555555555555555,1.2731200216011882,0.35036920412216405,0.4699568322551183,0.8801460444698158,0.8146507723005104,ABCA2/GRAMD1A,2
GO:0043045,epigenetic programming of gene expression,2/823,36/18860,0.05555555555555555,1.2731200216011882,0.35036920412216405,0.4699568322551183,0.8801460444698158,0.8146507723005104,NDN/ZDBF2,2
GO:0043369,"CD4-positive or CD8-positive, alpha-beta T cell lineage commitment",2/823,36/18860,0.05555555555555555,1.2731200216011882,0.35036920412216405,0.4699568322551183,0.8801460444698158,0.8146507723005104,TOX/BRD4,2
GO:0046471,phosphatidylglycerol metabolic process,2/823,36/18860,0.05555555555555555,1.2731200216011882,0.35036920412216405,0.4699568322551183,0.8801460444698158,0.8146507723005104,PLA2G1B/PLA2G6,2
GO:0048499,synaptic vesicle membrane organization,2/823,36/18860,0.05555555555555555,1.2731200216011882,0.35036920412216405,0.4699568322551183,0.8801460444698158,0.8146507723005104,SYNGR1/ERC2,2
GO:0071392,cellular response to estradiol stimulus,2/823,36/18860,0.05555555555555555,1.2731200216011882,0.35036920412216405,0.4699568322551183,0.8801460444698158,0.8146507723005104,EGFR/SSTR2,2
GO:0010594,regulation of endothelial cell migration,11/823,239/18860,0.04602510460251046,1.054718678983411,0.18184867866257884,0.4720037891629476,0.8801460444698158,0.8146507723005104,PDCD6/GLUL/PTPRM/FUT1/HDAC5/CCBE1/APOH/PRKD1/BMPER/HRG/EDN1,11
GO:0097191,extrinsic apoptotic signaling pathway,11/823,239/18860,0.04602510460251046,1.054718678983411,0.18184867866257884,0.4720037891629476,0.8801460444698158,0.8146507723005104,FGA/FGB/FGG/COL2A1/G0S2/AR/IL33/BCL2L11/KITLG/RET/MAL,11
GO:0030162,regulation of proteolysis,18/823,398/18860,0.04522613065326633,1.0364092638160425,0.1568162830223442,0.4724476218035314,0.8801460444698158,0.8146507723005104,KCNE2/CYFIP2/RNF180/ALAD/HPN/IL33/SIRT4/CCBE1/TGFB1I1/NUPR1/TRIB2/TF/PRKACB/CWH43/GAS1/F2/PACSIN3/TIMP3,18
GO:0045446,endothelial cell differentiation,6/823,126/18860,0.047619047619047616,1.0912457328010183,0.21951271092824215,0.4729574084684016,0.8801460444698158,0.8146507723005104,FZD4/PTPRS/ACVR2B/PROC/GSTM3/S1PR3,6
GO:0021879,forebrain neuron differentiation,4/823,81/18860,0.04938271604938271,1.1316622414232782,0.2536556953190779,0.4736074755784184,0.8801460444698158,0.8146507723005104,ZMIZ1/ERBB4/TOX/ID4,4
GO:0003158,endothelium development,7/823,149/18860,0.04697986577181208,1.0765981390721457,0.2005118060367412,0.47583578205833266,0.8801460444698158,0.8146507723005104,FZD4/PTPRS/ACVR2B/PROC/GSTM3/EDN1/S1PR3,7
GO:0017148,negative regulation of translation,11/823,240/18860,0.04583333333333333,1.05032401782098,0.1675977505014378,0.47756533777196475,0.8801460444698158,0.8146507723005104,GPR155/CELF4/PAIP2B/ZNF540/PRKAA2/WTIP/RNF152/IGFBP5/CIRBP/ZAR1/ZAR1L,11
GO:0009062,fatty acid catabolic process,5/823,104/18860,0.04807692307692308,1.1017384802317973,0.2222331789451777,0.47767598781312803,0.8801460444698158,0.8146507723005104,PLIN5/ACADL/ECI2/ACAT1/ALDH1L2,5
GO:0021510,spinal cord development,5/823,104/18860,0.04807692307692308,1.1017384802317973,0.2222331789451777,0.47767598781312803,0.8801460444698158,0.8146507723005104,PTPRS/LONRF2/DAAM2/NEFL/PHGDH,5
GO:0008037,cell recognition,8/823,172/18860,0.046511627906976744,1.0658679250614598,0.1853676263076054,0.4781480911416208,0.8801460444698158,0.8146507723005104,ROBO3/FOLR1/EPHB3/PCDHA7/COLEC12/NDN/CRTAC1/FOLR3,8
GO:0048660,regulation of smooth muscle cell proliferation,8/823,172/18860,0.046511627906976744,1.0658679250614598,0.1853676263076054,0.4781480911416208,0.8801460444698158,0.8146507723005104,PDGFD/PDCD4/RBPMS2/PPARGC1A/IGFBP5/EFEMP2/TGFB3/EDN1,8
GO:0000271,polysaccharide biosynthetic process,3/823,59/18860,0.05084745762711865,1.16522849434685,0.2715173408637561,0.4786244128276569,0.8801460444698158,0.8146507723005104,PPP1R3C/SORBS1/FUT9,3
GO:0001836,release of cytochrome c from mitochondria,3/823,59/18860,0.05084745762711865,1.16522849434685,0.2715173408637561,0.4786244128276569,0.8801460444698158,0.8146507723005104,BNIP3/PRKAA2/BCL2L11,3
GO:0010658,striated muscle cell apoptotic process,3/823,59/18860,0.05084745762711865,1.16522849434685,0.2715173408637561,0.4786244128276569,0.8801460444698158,0.8146507723005104,BNIP3/SIRT4/NUPR1,3
GO:0030520,estrogen receptor signaling pathway,3/823,59/18860,0.05084745762711865,1.16522849434685,0.2715173408637561,0.4786244128276569,0.8801460444698158,0.8146507723005104,AR/CYP7B1/FOXA1,3
GO:0030837,negative regulation of actin filament polymerization,3/823,59/18860,0.05084745762711865,1.16522849434685,0.2715173408637561,0.4786244128276569,0.8801460444698158,0.8146507723005104,HIP1R/KANK4/LMOD2,3
GO:0046902,regulation of mitochondrial membrane permeability,3/823,59/18860,0.05084745762711865,1.16522849434685,0.2715173408637561,0.4786244128276569,0.8801460444698158,0.8146507723005104,HIP1R/BNIP3/BCL2L11,3
GO:0090181,regulation of cholesterol metabolic process,3/823,59/18860,0.05084745762711865,1.16522849434685,0.2715173408637561,0.4786244128276569,0.8801460444698158,0.8146507723005104,ACADL/GNAI1/INSIG1,3
GO:2001238,positive regulation of extrinsic apoptotic signaling pathway,3/823,59/18860,0.05084745762711865,1.16522849434685,0.2715173408637561,0.4786244128276569,0.8801460444698158,0.8146507723005104,G0S2/RET/MAL,3
GO:0001837,epithelial to mesenchymal transition,9/823,195/18860,0.046153846153846156,1.0576689410225255,0.1729109035780391,0.48006724029849424,0.8801460444698158,0.8146507723005104,PDCD6/HPN/PDCD4/TGFB1I1/FOXA1/GCNT2/TGFB3/TCOF1/EDN1,9
GO:0007173,epidermal growth factor receptor signaling pathway,6/823,127/18860,0.047244094488188976,1.0826532467159709,0.19963432099403136,0.4806097824668829,0.8801460444698158,0.8146507723005104,SH3GL2/ERBB4/DGKD/HIP1R/EGFR/EFEMP1,6
GO:0001570,vasculogenesis,4/823,82/18860,0.04878048780487805,1.117861482381531,0.2284710897141518,0.4831585209897412,0.8801460444698158,0.8146507723005104,ZMIZ1/FZD4/ADM/EGFL8,4
GO:0032436,positive regulation of proteasomal ubiquitin-dependent protein catabolic process,4/823,82/18860,0.04878048780487805,1.117861482381531,0.2284710897141518,0.4831585209897412,0.8801460444698158,0.8146507723005104,RNF180/IL33/TRIB2/TF,4
GO:0046637,regulation of alpha-beta T cell differentiation,4/823,82/18860,0.04878048780487805,1.117861482381531,0.2284710897141518,0.4831585209897412,0.8801460444698158,0.8146507723005104,SLC4A2/ADA/ZBTB16/BRD4,4
GO:0002418,immune response to tumor cell,2/823,37/18860,0.05405405405405406,1.2387113723687235,0.3104607095468405,0.4843545249150165,0.8801460444698158,0.8146507723005104,HRG/SLC22A13,2
GO:0006884,cell volume homeostasis,2/823,37/18860,0.05405405405405406,1.2387113723687235,0.3104607095468405,0.4843545249150165,0.8801460444698158,0.8146507723005104,AQP4/SCTR,2
GO:0007035,vacuolar acidification,2/823,37/18860,0.05405405405405406,1.2387113723687235,0.3104607095468405,0.4843545249150165,0.8801460444698158,0.8146507723005104,LAMP2/ATP6V0E2,2
GO:0045540,regulation of cholesterol biosynthetic process,2/823,37/18860,0.05405405405405406,1.2387113723687235,0.3104607095468405,0.4843545249150165,0.8801460444698158,0.8146507723005104,GNAI1/INSIG1,2
GO:0071425,hematopoietic stem cell proliferation,2/823,37/18860,0.05405405405405406,1.2387113723687235,0.3104607095468405,0.4843545249150165,0.8801460444698158,0.8146507723005104,MECOM/KITLG,2
GO:0090317,negative regulation of intracellular protein transport,2/823,37/18860,0.05405405405405406,1.2387113723687235,0.3104607095468405,0.4843545249150165,0.8801460444698158,0.8146507723005104,INSIG1/CABP1,2
GO:0106118,regulation of sterol biosynthetic process,2/823,37/18860,0.05405405405405406,1.2387113723687235,0.3104607095468405,0.4843545249150165,0.8801460444698158,0.8146507723005104,GNAI1/INSIG1,2
GO:1903725,regulation of phospholipid metabolic process,2/823,37/18860,0.05405405405405406,1.2387113723687235,0.3104607095468405,0.4843545249150165,0.8801460444698158,0.8146507723005104,FABP3/ABCA2,2
GO:0032984,protein-containing complex disassembly,12/823,264/18860,0.045454545454545456,1.0416436540373357,0.14555198068562047,0.4843625450966349,0.8801460444698158,0.8146507723005104,SMARCD3/FGF13/IGF1R/GABARAPL1/DNAJC6/LAMP2/EIF5A2/BNIP3/APC2/NES/LMOD2/ADRB2,12
GO:0003300,cardiac muscle hypertrophy,5/823,105/18860,0.047619047619047616,1.0912457328010183,0.20027455429326751,0.48609774516348214,0.8801460444698158,0.8146507723005104,RYR2/SORBS2/GATA6/GATA5/EDN1,5
GO:0008593,regulation of Notch signaling pathway,5/823,105/18860,0.047619047619047616,1.0912457328010183,0.20027455429326751,0.48609774516348214,0.8801460444698158,0.8146507723005104,ZMIZ1/KIT/GATA5/GAS2/POSTN,5
GO:0035282,segmentation,5/823,105/18860,0.047619047619047616,1.0912457328010183,0.20027455429326751,0.48609774516348214,0.8801460444698158,0.8146507723005104,PPP2R3A/PLD6/IRX3/IRX2/DKK1,5
GO:0090132,epithelium migration,5/823,105/18860,0.047619047619047616,1.0912457328010183,0.20027455429326751,0.48609774516348214,0.8801460444698158,0.8146507723005104,DAAM2/EVL/KITLG/KIT/WDPCP,5
GO:0001867,"complement activation, lectin pathway",1/823,15/18860,0.06666666666666667,1.5277440259214257,0.4367651514294115,0.48804843852766877,0.8801460444698158,0.8146507723005104,C5,1
GO:0001878,response to yeast,1/823,15/18860,0.06666666666666667,1.5277440259214257,0.4367651514294115,0.48804843852766877,0.8801460444698158,0.8146507723005104,NPY,1
GO:0002476,antigen processing and presentation of endogenous peptide antigen via MHC class Ib,1/823,15/18860,0.06666666666666667,1.5277440259214257,0.4367651514294115,0.48804843852766877,0.8801460444698158,0.8146507723005104,AZGP1,1
GO:0002484,antigen processing and presentation of endogenous peptide antigen via MHC class I via ER pathway,1/823,15/18860,0.06666666666666667,1.5277440259214257,0.4367651514294115,0.48804843852766877,0.8801460444698158,0.8146507723005104,AZGP1,1
GO:0002903,negative regulation of B cell apoptotic process,1/823,15/18860,0.06666666666666667,1.5277440259214257,0.4367651514294115,0.48804843852766877,0.8801460444698158,0.8146507723005104,ADA,1
GO:0006067,ethanol metabolic process,1/823,15/18860,0.06666666666666667,1.5277440259214257,0.4367651514294115,0.48804843852766877,0.8801460444698158,0.8146507723005104,SULT2A1,1
GO:0006206,pyrimidine nucleobase metabolic process,1/823,15/18860,0.06666666666666667,1.5277440259214257,0.4367651514294115,0.48804843852766877,0.8801460444698158,0.8146507723005104,ALDH6A1,1
GO:0009158,ribonucleoside monophosphate catabolic process,1/823,15/18860,0.06666666666666667,1.5277440259214257,0.4367651514294115,0.48804843852766877,0.8801460444698158,0.8146507723005104,ADA,1
GO:0014745,negative regulation of muscle adaptation,1/823,15/18860,0.06666666666666667,1.5277440259214257,0.4367651514294115,0.48804843852766877,0.8801460444698158,0.8146507723005104,IGFBP5,1
GO:0015670,carbon dioxide transport,1/823,15/18860,0.06666666666666667,1.5277440259214257,0.4367651514294115,0.48804843852766877,0.8801460444698158,0.8146507723005104,HBZ,1
GO:0016322,neuron remodeling,1/823,15/18860,0.06666666666666667,1.5277440259214257,0.4367651514294115,0.48804843852766877,0.8801460444698158,0.8146507723005104,NTN4,1
GO:0018230,peptidyl-L-cysteine S-palmitoylation,1/823,15/18860,0.06666666666666667,1.5277440259214257,0.4367651514294115,0.48804843852766877,0.8801460444698158,0.8146507723005104,ZDHHC2,1
GO:0018231,peptidyl-S-diacylglycerol-L-cysteine biosynthetic process from peptidyl-cysteine,1/823,15/18860,0.06666666666666667,1.5277440259214257,0.4367651514294115,0.48804843852766877,0.8801460444698158,0.8146507723005104,ZDHHC2,1
GO:0019336,phenol-containing compound catabolic process,1/823,15/18860,0.06666666666666667,1.5277440259214257,0.4367651514294115,0.48804843852766877,0.8801460444698158,0.8146507723005104,PDE1B,1
GO:0030252,growth hormone secretion,1/823,15/18860,0.06666666666666667,1.5277440259214257,0.4367651514294115,0.48804843852766877,0.8801460444698158,0.8146507723005104,GHRL,1
GO:0031269,pseudopodium assembly,1/823,15/18860,0.06666666666666667,1.5277440259214257,0.4367651514294115,0.48804843852766877,0.8801460444698158,0.8146507723005104,KIT,1
GO:0031392,regulation of prostaglandin biosynthetic process,1/823,15/18860,0.06666666666666667,1.5277440259214257,0.4367651514294115,0.48804843852766877,0.8801460444698158,0.8146507723005104,EDN1,1
GO:0031632,positive regulation of synaptic vesicle fusion to presynaptic active zone membrane,1/823,15/18860,0.06666666666666667,1.5277440259214257,0.4367651514294115,0.48804843852766877,0.8801460444698158,0.8146507723005104,ERC2,1
GO:0032488,Cdc42 protein signal transduction,1/823,15/18860,0.06666666666666667,1.5277440259214257,0.4367651514294115,0.48804843852766877,0.8801460444698158,0.8146507723005104,NTN1,1
GO:0032736,positive regulation of interleukin-13 production,1/823,15/18860,0.06666666666666667,1.5277440259214257,0.4367651514294115,0.48804843852766877,0.8801460444698158,0.8146507723005104,IL33,1
GO:0032823,regulation of natural killer cell differentiation,1/823,15/18860,0.06666666666666667,1.5277440259214257,0.4367651514294115,0.48804843852766877,0.8801460444698158,0.8146507723005104,TOX,1
GO:0032905,transforming growth factor beta1 production,1/823,15/18860,0.06666666666666667,1.5277440259214257,0.4367651514294115,0.48804843852766877,0.8801460444698158,0.8146507723005104,GATA6,1
GO:0033147,negative regulation of intracellular estrogen receptor signaling pathway,1/823,15/18860,0.06666666666666667,1.5277440259214257,0.4367651514294115,0.48804843852766877,0.8801460444698158,0.8146507723005104,CYP7B1,1
GO:0035791,platelet-derived growth factor receptor-beta signaling pathway,1/823,15/18860,0.06666666666666667,1.5277440259214257,0.4367651514294115,0.48804843852766877,0.8801460444698158,0.8146507723005104,HIP1R,1
GO:0036151,phosphatidylcholine acyl-chain remodeling,1/823,15/18860,0.06666666666666667,1.5277440259214257,0.4367651514294115,0.48804843852766877,0.8801460444698158,0.8146507723005104,TMEM86B,1
GO:0036446,myofibroblast differentiation,1/823,15/18860,0.06666666666666667,1.5277440259214257,0.4367651514294115,0.48804843852766877,0.8801460444698158,0.8146507723005104,PDCD4,1
GO:0042762,regulation of sulfur metabolic process,1/823,15/18860,0.06666666666666667,1.5277440259214257,0.4367651514294115,0.48804843852766877,0.8801460444698158,0.8146507723005104,SIRT4,1
GO:0045348,positive regulation of MHC class II biosynthetic process,1/823,15/18860,0.06666666666666667,1.5277440259214257,0.4367651514294115,0.48804843852766877,0.8801460444698158,0.8146507723005104,IL33,1
GO:0046541,saliva secretion,1/823,15/18860,0.06666666666666667,1.5277440259214257,0.4367651514294115,0.48804843852766877,0.8801460444698158,0.8146507723005104,CHRM3,1
GO:0050667,homocysteine metabolic process,1/823,15/18860,0.06666666666666667,1.5277440259214257,0.4367651514294115,0.48804843852766877,0.8801460444698158,0.8146507723005104,CBS,1
GO:0050930,induction of positive chemotaxis,1/823,15/18860,0.06666666666666667,1.5277440259214257,0.4367651514294115,0.48804843852766877,0.8801460444698158,0.8146507723005104,VEGFB,1
GO:0055057,neuroblast division,1/823,15/18860,0.06666666666666667,1.5277440259214257,0.4367651514294115,0.48804843852766877,0.8801460444698158,0.8146507723005104,FGF13,1
GO:0060397,growth hormone receptor signaling pathway via JAK-STAT,1/823,15/18860,0.06666666666666667,1.5277440259214257,0.4367651514294115,0.48804843852766877,0.8801460444698158,0.8146507723005104,GHR,1
GO:0061043,regulation of vascular wound healing,1/823,15/18860,0.06666666666666667,1.5277440259214257,0.4367651514294115,0.48804843852766877,0.8801460444698158,0.8146507723005104,VEGFB,1
GO:0070141,response to UV-A,1/823,15/18860,0.06666666666666667,1.5277440259214257,0.4367651514294115,0.48804843852766877,0.8801460444698158,0.8146507723005104,EGFR,1
GO:0070207,protein homotrimerization,1/823,15/18860,0.06666666666666667,1.5277440259214257,0.4367651514294115,0.48804843852766877,0.8801460444698158,0.8146507723005104,SLC1A2,1
GO:0070493,thrombin-activated receptor signaling pathway,1/823,15/18860,0.06666666666666667,1.5277440259214257,0.4367651514294115,0.48804843852766877,0.8801460444698158,0.8146507723005104,F2,1
GO:0070885,negative regulation of calcineurin-NFAT signaling cascade,1/823,15/18860,0.06666666666666667,1.5277440259214257,0.4367651514294115,0.48804843852766877,0.8801460444698158,0.8146507723005104,HOMER2,1
GO:0071211,protein targeting to vacuole involved in autophagy,1/823,15/18860,0.06666666666666667,1.5277440259214257,0.4367651514294115,0.48804843852766877,0.8801460444698158,0.8146507723005104,LAMP2,1
GO:0072044,collecting duct development,1/823,15/18860,0.06666666666666667,1.5277440259214257,0.4367651514294115,0.48804843852766877,0.8801460444698158,0.8146507723005104,TFAP2B,1
GO:0072148,epithelial cell fate commitment,1/823,15/18860,0.06666666666666667,1.5277440259214257,0.4367651514294115,0.48804843852766877,0.8801460444698158,0.8146507723005104,SOSTDC1,1
GO:0072176,nephric duct development,1/823,15/18860,0.06666666666666667,1.5277440259214257,0.4367651514294115,0.48804843852766877,0.8801460444698158,0.8146507723005104,GPC3,1
GO:0090206,negative regulation of cholesterol metabolic process,1/823,15/18860,0.06666666666666667,1.5277440259214257,0.4367651514294115,0.48804843852766877,0.8801460444698158,0.8146507723005104,INSIG1,1
GO:0097152,mesenchymal cell apoptotic process,1/823,15/18860,0.06666666666666667,1.5277440259214257,0.4367651514294115,0.48804843852766877,0.8801460444698158,0.8146507723005104,GDF5,1
GO:0097699,vascular endothelial cell response to fluid shear stress,1/823,15/18860,0.06666666666666667,1.5277440259214257,0.4367651514294115,0.48804843852766877,0.8801460444698158,0.8146507723005104,PRKACB,1
GO:0098693,regulation of synaptic vesicle cycle,1/823,15/18860,0.06666666666666667,1.5277440259214257,0.4367651514294115,0.48804843852766877,0.8801460444698158,0.8146507723005104,RAPGEF4,1
GO:0099502,calcium-dependent activation of synaptic vesicle fusion,1/823,15/18860,0.06666666666666667,1.5277440259214257,0.4367651514294115,0.48804843852766877,0.8801460444698158,0.8146507723005104,ERC2,1
GO:0106057,negative regulation of calcineurin-mediated signaling,1/823,15/18860,0.06666666666666667,1.5277440259214257,0.4367651514294115,0.48804843852766877,0.8801460444698158,0.8146507723005104,HOMER2,1
GO:0141176,gene silencing by piRNA-directed DNA methylation,1/823,15/18860,0.06666666666666667,1.5277440259214257,0.4367651514294115,0.48804843852766877,0.8801460444698158,0.8146507723005104,TDRD9,1
GO:0141196,transposable element silencing by piRNA-mediated DNA methylation,1/823,15/18860,0.06666666666666667,1.5277440259214257,0.4367651514294115,0.48804843852766877,0.8801460444698158,0.8146507723005104,TDRD9,1
GO:0150011,regulation of neuron projection arborization,1/823,15/18860,0.06666666666666667,1.5277440259214257,0.4367651514294115,0.48804843852766877,0.8801460444698158,0.8146507723005104,FZD4,1
GO:1900748,positive regulation of vascular endothelial growth factor signaling pathway,1/823,15/18860,0.06666666666666667,1.5277440259214257,0.4367651514294115,0.48804843852766877,0.8801460444698158,0.8146507723005104,CCBE1,1
GO:1901634,positive regulation of synaptic vesicle membrane organization,1/823,15/18860,0.06666666666666667,1.5277440259214257,0.4367651514294115,0.48804843852766877,0.8801460444698158,0.8146507723005104,ERC2,1
GO:1901722,regulation of cell proliferation involved in kidney development,1/823,15/18860,0.06666666666666667,1.5277440259214257,0.4367651514294115,0.48804843852766877,0.8801460444698158,0.8146507723005104,PDGFD,1
GO:1901857,positive regulation of cellular respiration,1/823,15/18860,0.06666666666666667,1.5277440259214257,0.4367651514294115,0.48804843852766877,0.8801460444698158,0.8146507723005104,NUPR1,1
GO:1904251,regulation of bile acid metabolic process,1/823,15/18860,0.06666666666666667,1.5277440259214257,0.4367651514294115,0.48804843852766877,0.8801460444698158,0.8146507723005104,KIT,1
GO:2000328,regulation of T-helper 17 cell lineage commitment,1/823,15/18860,0.06666666666666667,1.5277440259214257,0.4367651514294115,0.48804843852766877,0.8801460444698158,0.8146507723005104,BRD4,1
GO:2000345,regulation of hepatocyte proliferation,1/823,15/18860,0.06666666666666667,1.5277440259214257,0.4367651514294115,0.48804843852766877,0.8801460444698158,0.8146507723005104,HPN,1
GO:2001028,positive regulation of endothelial cell chemotaxis,1/823,15/18860,0.06666666666666667,1.5277440259214257,0.4367651514294115,0.48804843852766877,0.8801460444698158,0.8146507723005104,PRKD1,1
GO:2001256,regulation of store-operated calcium entry,1/823,15/18860,0.06666666666666667,1.5277440259214257,0.4367651514294115,0.48804843852766877,0.8801460444698158,0.8146507723005104,HOMER2,1
GO:0002532,production of molecular mediator involved in inflammatory response,6/823,128/18860,0.046875,1.0741950182260025,0.17991391386358707,0.4882283583624547,0.8801460444698158,0.8146507723005104,CHIA/PDCD4/IL33/PBXIP1/F2/SLC18A2,6
GO:0006690,icosanoid metabolic process,6/823,128/18860,0.046875,1.0741950182260025,0.17991391386358707,0.4882283583624547,0.8801460444698158,0.8146507723005104,CYP2C8/GGT7/PLA2G1B/ALOX15B/CYP4F22/EDN1,6
GO:0030282,bone mineralization,6/823,128/18860,0.046875,1.0741950182260025,0.17991391386358707,0.4882283583624547,0.8801460444698158,0.8146507723005104,ACVR2B/GPC3/KL/PTH1R/ADRB2/GPM6B,6
GO:0001649,osteoblast differentiation,12/823,265/18860,0.045283018867924525,1.0377129232673834,0.13206633880222615,0.4896559568485068,0.88171524720494,0.8161032042327985,RANBP3L/IGFBP2/SMAD5/CDK6/ACVR2B/PRKD1/IGFBP5/SOX2/SMAD9/PTH1R/ID4/SMOC1,12
GO:0042311,vasodilation,3/823,60/18860,0.05,1.1458080194410694,0.24163242175156516,0.4898203767237096,0.88171524720494,0.8161032042327985,ADRB2/KCNJ8/S100A1,3
GO:1902930,regulation of alcohol biosynthetic process,3/823,60/18860,0.05,1.1458080194410694,0.24163242175156516,0.4898203767237096,0.88171524720494,0.8161032042327985,GNAI1/PTH1R/INSIG1,3
GO:0030308,negative regulation of cell growth,8/823,174/18860,0.04597701149425287,1.0536165696009832,0.15177231949886752,0.4912259138768228,0.88171524720494,0.8161032042327985,FGF13/PTPRS/ULK1/ULK2/MT3/NTN1/RERG/HRG,8
GO:0002260,lymphocyte homeostasis,4/823,83/18860,0.04819277108433735,1.1043932717504283,0.20359895619065796,0.4926398777163983,0.88171524720494,0.8161032042327985,CHST3/TSC22D3/BCL2L11/ADA,4
GO:0030500,regulation of bone mineralization,4/823,83/18860,0.04819277108433735,1.1043932717504283,0.20359895619065796,0.4926398777163983,0.88171524720494,0.8161032042327985,ACVR2B/KL/ADRB2/GPM6B,4
GO:0034620,cellular response to unfolded protein,5/823,106/18860,0.04716981132075472,1.080950961736858,0.17852748411625347,0.49447117506985483,0.88171524720494,0.8161032042327985,ASB11/FUT1/PACRG/TMTC4/BCL2L11,5
GO:2000060,positive regulation of ubiquitin-dependent protein catabolic process,5/823,106/18860,0.04716981132075472,1.080950961736858,0.17852748411625347,0.49447117506985483,0.88171524720494,0.8161032042327985,RNF180/IL33/TGFB1I1/TRIB2/TF,5
GO:0006986,response to unfolded protein,7/823,152/18860,0.046052631578947366,1.0553494915904584,0.14635206162894984,0.496863614849928,0.88171524720494,0.8161032042327985,ASB11/FUT1/HSPB7/PACRG/ERP27/TMTC4/BCL2L11,7
GO:0001916,positive regulation of T cell mediated cytotoxicity,2/823,38/18860,0.05263157894736842,1.2061137046748096,0.2716707478898976,0.4985067275110554,0.88171524720494,0.8161032042327985,AZGP1/SLC22A13,2
GO:0010469,regulation of signaling receptor activity,2/823,38/18860,0.05263157894736842,1.2061137046748096,0.2716707478898976,0.4985067275110554,0.88171524720494,0.8161032042327985,CNIH3/GREM2,2
GO:0010664,negative regulation of striated muscle cell apoptotic process,2/823,38/18860,0.05263157894736842,1.2061137046748096,0.2716707478898976,0.4985067275110554,0.88171524720494,0.8161032042327985,SIRT4/NUPR1,2
GO:0010984,regulation of lipoprotein particle clearance,2/823,38/18860,0.05263157894736842,1.2061137046748096,0.2716707478898976,0.4985067275110554,0.88171524720494,0.8161032042327985,GPIHBP1/ABCC8,2
GO:0031114,regulation of microtubule depolymerization,2/823,38/18860,0.05263157894736842,1.2061137046748096,0.2716707478898976,0.4985067275110554,0.88171524720494,0.8161032042327985,FGF13/APC2,2
GO:0034063,stress granule assembly,2/823,38/18860,0.05263157894736842,1.2061137046748096,0.2716707478898976,0.4985067275110554,0.88171524720494,0.8161032042327985,PRKAA2/CIRBP,2
GO:0038094,Fc-gamma receptor signaling pathway,2/823,38/18860,0.05263157894736842,1.2061137046748096,0.2716707478898976,0.4985067275110554,0.88171524720494,0.8161032042327985,PLA2G6/VAV3,2
GO:0048665,neuron fate specification,2/823,38/18860,0.05263157894736842,1.2061137046748096,0.2716707478898976,0.4985067275110554,0.88171524720494,0.8161032042327985,FOXA1/SIX1,2
GO:0050685,positive regulation of mRNA processing,2/823,38/18860,0.05263157894736842,1.2061137046748096,0.2716707478898976,0.4985067275110554,0.88171524720494,0.8161032042327985,CELF4/CIRBP,2
GO:0051346,negative regulation of hydrolase activity,2/823,38/18860,0.05263157894736842,1.2061137046748096,0.2716707478898976,0.4985067275110554,0.88171524720494,0.8161032042327985,PLIN5/GPSM1,2
GO:0006513,protein monoubiquitination,3/823,61/18860,0.04918032786885246,1.1270242814174452,0.21225668908877388,0.5008972346208675,0.88171524720494,0.8161032042327985,PDCD6/NEDD4L/RNF152,3
GO:0032387,negative regulation of intracellular transport,3/823,61/18860,0.04918032786885246,1.1270242814174452,0.21225668908877388,0.5008972346208675,0.88171524720494,0.8161032042327985,ABCA2/INSIG1/CABP1,3
GO:0038093,Fc receptor signaling pathway,3/823,61/18860,0.04918032786885246,1.1270242814174452,0.21225668908877388,0.5008972346208675,0.88171524720494,0.8161032042327985,KIT/PLA2G6/VAV3,3
GO:0045912,negative regulation of carbohydrate metabolic process,3/823,61/18860,0.04918032786885246,1.1270242814174452,0.21225668908877388,0.5008972346208675,0.88171524720494,0.8161032042327985,LEPR/NUPR1/C1QTNF3,3
GO:0060425,lung morphogenesis,3/823,61/18860,0.04918032786885246,1.1270242814174452,0.21225668908877388,0.5008972346208675,0.88171524720494,0.8161032042327985,CELSR1/FOXA1/VANGL2,3
GO:1904427,positive regulation of calcium ion transmembrane transport,3/823,61/18860,0.04918032786885246,1.1270242814174452,0.21225668908877388,0.5008972346208675,0.88171524720494,0.8161032042327985,PPP3CC/PLA2G1B/F2,3
GO:0003151,outflow tract morphogenesis,4/823,84/18860,0.047619047619047616,1.0912457328010183,0.17903080454424972,0.5020477270400898,0.88171524720494,0.8161032042327985,FOLR1/GATA6/EDN1/SIX1,4
GO:0030516,regulation of axon extension,4/823,84/18860,0.047619047619047616,1.0912457328010183,0.17903080454424972,0.5020477270400898,0.88171524720494,0.8161032042327985,PTPRS/ZFYVE27/MT3/NTN1,4
GO:0042246,tissue regeneration,4/823,84/18860,0.047619047619047616,1.0912457328010183,0.17903080454424972,0.5020477270400898,0.88171524720494,0.8161032042327985,ERBB4/APOA5/SOX2/POSTN,4
GO:0045913,positive regulation of carbohydrate metabolic process,4/823,84/18860,0.047619047619047616,1.0912457328010183,0.17903080454424972,0.5020477270400898,0.88171524720494,0.8161032042327985,PRKAA2/PPARGC1A/SORBS1/PTH1R,4
GO:0060390,regulation of SMAD protein signal transduction,4/823,84/18860,0.047619047619047616,1.0912457328010183,0.17903080454424972,0.5020477270400898,0.88171524720494,0.8161032042327985,GDF5/BMPER/TGFB3/DKK1,4
GO:0072665,protein localization to vacuole,5/823,107/18860,0.04672897196261682,1.0708486163000648,0.15698746621634263,0.5027934252318466,0.88171524720494,0.8161032042327985,GPR155/LAMP2/VPS37D/PRKAA2/RNF152,5
GO:0046165,alcohol biosynthetic process,7/823,153/18860,0.0457516339869281,1.048451782495096,0.12853769168690327,0.5038150605116472,0.88171524720494,0.8161032042327985,TM7SF2/PRKAA2/GNAI1/ABCA2/IP6K3/PTH1R/INSIG1,7
GO:0010508,positive regulation of autophagy,8/823,176/18860,0.045454545454545456,1.0416436540373357,0.1185624949287464,0.5042116574216147,0.88171524720494,0.8161032042327985,GPSM1/MID2/BNIP3/PRKAA2/ULK1/PRKD1/RNF152/ADRB2,8
GO:0048659,smooth muscle cell proliferation,8/823,176/18860,0.045454545454545456,1.0416436540373357,0.1185624949287464,0.5042116574216147,0.88171524720494,0.8161032042327985,PDGFD/PDCD4/RBPMS2/PPARGC1A/IGFBP5/EFEMP2/TGFB3/EDN1,8
GO:0021953,central nervous system neuron differentiation,11/823,245/18860,0.044897959183673466,1.0288888337838171,0.09722067392705011,0.5051844298608342,0.88171524720494,0.8161032042327985,ZMIZ1/PTF1A/ERBB4/EPHB3/NIN/LONRF2/TOX/RORA/ID4/NPY/DKK1,11
GO:2000146,negative regulation of cell motility,18/823,406/18860,0.04433497536945813,1.0159874064009482,0.06956212953397714,0.5068801386110924,0.88171524720494,0.8161032042327985,PTPRM/ERBB4/CLDN19/C5/HDAC5/IL33/APOH/EVL/FIGNL2/ADA/MITF/ABCC8/ALOX15B/IGFBP5/IDH2/ATP1B2/FBLN1/HRG,18
GO:0032102,negative regulation of response to external stimulus,20/823,452/18860,0.04424778761061947,1.0139893977354595,0.06430459801175133,0.5072887069750222,0.88171524720494,0.8161032042327985,FGA/FGB/FGG/ROBO3/PTPRS/GHRL/SUSD4/C5/IL33/APOH/C1QTNF3/FIGNL2/ADA/RORA/F2/PROC/CXCL17/HRG/EDN1/NPY,20
GO:0001977,renal system process involved in regulation of blood volume,1/823,16/18860,0.0625,1.4322600243013366,0.36948397932847815,0.5104064186333588,0.88171524720494,0.8161032042327985,TTR,1
GO:0002076,osteoblast development,1/823,16/18860,0.0625,1.4322600243013366,0.36948397932847815,0.5104064186333588,0.88171524720494,0.8161032042327985,PTH1R,1
GO:0002371,dendritic cell cytokine production,1/823,16/18860,0.0625,1.4322600243013366,0.36948397932847815,0.5104064186333588,0.88171524720494,0.8161032042327985,KIT,1
GO:0002428,antigen processing and presentation of peptide antigen via MHC class Ib,1/823,16/18860,0.0625,1.4322600243013366,0.36948397932847815,0.5104064186333588,0.88171524720494,0.8161032042327985,AZGP1,1
GO:0002517,T cell tolerance induction,1/823,16/18860,0.0625,1.4322600243013366,0.36948397932847815,0.5104064186333588,0.88171524720494,0.8161032042327985,CD3E,1
GO:0002730,regulation of dendritic cell cytokine production,1/823,16/18860,0.0625,1.4322600243013366,0.36948397932847815,0.5104064186333588,0.88171524720494,0.8161032042327985,KIT,1
GO:0002923,regulation of humoral immune response mediated by circulating immunoglobulin,1/823,16/18860,0.0625,1.4322600243013366,0.36948397932847815,0.5104064186333588,0.88171524720494,0.8161032042327985,SUSD4,1
GO:0006086,pyruvate decarboxylation to acetyl-CoA,1/823,16/18860,0.0625,1.4322600243013366,0.36948397932847815,0.5104064186333588,0.88171524720494,0.8161032042327985,SIRT4,1
GO:0006555,methionine metabolic process,1/823,16/18860,0.0625,1.4322600243013366,0.36948397932847815,0.5104064186333588,0.88171524720494,0.8161032042327985,GNMT,1
GO:0007158,neuron cell-cell adhesion,1/823,16/18860,0.0625,1.4322600243013366,0.36948397932847815,0.5104064186333588,0.88171524720494,0.8161032042327985,RET,1
GO:0007210,serotonin receptor signaling pathway,1/823,16/18860,0.0625,1.4322600243013366,0.36948397932847815,0.5104064186333588,0.88171524720494,0.8161032042327985,HTR3E,1
GO:0007216,G protein-coupled glutamate receptor signaling pathway,1/823,16/18860,0.0625,1.4322600243013366,0.36948397932847815,0.5104064186333588,0.88171524720494,0.8161032042327985,HOMER2,1
GO:0009263,deoxyribonucleotide biosynthetic process,1/823,16/18860,0.0625,1.4322600243013366,0.36948397932847815,0.5104064186333588,0.88171524720494,0.8161032042327985,NME3,1
GO:0009265,2'-deoxyribonucleotide biosynthetic process,1/823,16/18860,0.0625,1.4322600243013366,0.36948397932847815,0.5104064186333588,0.88171524720494,0.8161032042327985,NME3,1
GO:0010455,positive regulation of cell fate commitment,1/823,16/18860,0.0625,1.4322600243013366,0.36948397932847815,0.5104064186333588,0.88171524720494,0.8161032042327985,BRD4,1
GO:0010649,regulation of cell communication by electrical coupling,1/823,16/18860,0.0625,1.4322600243013366,0.36948397932847815,0.5104064186333588,0.88171524720494,0.8161032042327985,IRX3,1
GO:0010766,negative regulation of sodium ion transport,1/823,16/18860,0.0625,1.4322600243013366,0.36948397932847815,0.5104064186333588,0.88171524720494,0.8161032042327985,NEDD4L,1
GO:0010832,negative regulation of myotube differentiation,1/823,16/18860,0.0625,1.4322600243013366,0.36948397932847815,0.5104064186333588,0.88171524720494,0.8161032042327985,HDAC5,1
GO:0015846,polyamine transport,1/823,16/18860,0.0625,1.4322600243013366,0.36948397932847815,0.5104064186333588,0.88171524720494,0.8161032042327985,ATP13A5,1
GO:0018126,protein hydroxylation,1/823,16/18860,0.0625,1.4322600243013366,0.36948397932847815,0.5104064186333588,0.88171524720494,0.8161032042327985,PLOD2,1
GO:0019896,axonal transport of mitochondrion,1/823,16/18860,0.0625,1.4322600243013366,0.36948397932847815,0.5104064186333588,0.88171524720494,0.8161032042327985,NEFL,1
GO:0021694,cerebellar Purkinje cell layer formation,1/823,16/18860,0.0625,1.4322600243013366,0.36948397932847815,0.5104064186333588,0.88171524720494,0.8161032042327985,RORA,1
GO:0021859,pyramidal neuron differentiation,1/823,16/18860,0.0625,1.4322600243013366,0.36948397932847815,0.5104064186333588,0.88171524720494,0.8161032042327985,ZMIZ1,1
GO:0021984,adenohypophysis development,1/823,16/18860,0.0625,1.4322600243013366,0.36948397932847815,0.5104064186333588,0.88171524720494,0.8161032042327985,SOX2,1
GO:0030214,hyaluronan catabolic process,1/823,16/18860,0.0625,1.4322600243013366,0.36948397932847815,0.5104064186333588,0.88171524720494,0.8161032042327985,STAB2,1
GO:0031268,pseudopodium organization,1/823,16/18860,0.0625,1.4322600243013366,0.36948397932847815,0.5104064186333588,0.88171524720494,0.8161032042327985,KIT,1
GO:0032230,"positive regulation of synaptic transmission, GABAergic",1/823,16/18860,0.0625,1.4322600243013366,0.36948397932847815,0.5104064186333588,0.88171524720494,0.8161032042327985,NALCN,1
GO:0032354,response to follicle-stimulating hormone,1/823,16/18860,0.0625,1.4322600243013366,0.36948397932847815,0.5104064186333588,0.88171524720494,0.8161032042327985,EDN1,1
GO:0032897,negative regulation of viral transcription,1/823,16/18860,0.0625,1.4322600243013366,0.36948397932847815,0.5104064186333588,0.88171524720494,0.8161032042327985,MID2,1
GO:0033599,regulation of mammary gland epithelial cell proliferation,1/823,16/18860,0.0625,1.4322600243013366,0.36948397932847815,0.5104064186333588,0.88171524720494,0.8161032042327985,DEAF1,1
GO:0034260,negative regulation of GTPase activity,1/823,16/18860,0.0625,1.4322600243013366,0.36948397932847815,0.5104064186333588,0.88171524720494,0.8161032042327985,GPSM1,1
GO:0038065,collagen-activated signaling pathway,1/823,16/18860,0.0625,1.4322600243013366,0.36948397932847815,0.5104064186333588,0.88171524720494,0.8161032042327985,COL4A5,1
GO:0042559,pteridine-containing compound biosynthetic process,1/823,16/18860,0.0625,1.4322600243013366,0.36948397932847815,0.5104064186333588,0.88171524720494,0.8161032042327985,FOLR1,1
GO:0043328,protein transport to vacuole involved in ubiquitin-dependent protein catabolic process via the multivesicular body sorting pathway,1/823,16/18860,0.0625,1.4322600243013366,0.36948397932847815,0.5104064186333588,0.88171524720494,0.8161032042327985,VPS37D,1
GO:0043650,dicarboxylic acid biosynthetic process,1/823,16/18860,0.0625,1.4322600243013366,0.36948397932847815,0.5104064186333588,0.88171524720494,0.8161032042327985,GLS2,1
GO:0044793,host-mediated suppression of viral proces,1/823,16/18860,0.0625,1.4322600243013366,0.36948397932847815,0.5104064186333588,0.88171524720494,0.8161032042327985,BRD4,1
GO:0046385,deoxyribose phosphate biosynthetic process,1/823,16/18860,0.0625,1.4322600243013366,0.36948397932847815,0.5104064186333588,0.88171524720494,0.8161032042327985,NME3,1
GO:0046512,sphingosine biosynthetic process,1/823,16/18860,0.0625,1.4322600243013366,0.36948397932847815,0.5104064186333588,0.88171524720494,0.8161032042327985,ABCA2,1
GO:0046520,sphingoid biosynthetic process,1/823,16/18860,0.0625,1.4322600243013366,0.36948397932847815,0.5104064186333588,0.88171524720494,0.8161032042327985,ABCA2,1
GO:0046642,negative regulation of alpha-beta T cell proliferation,1/823,16/18860,0.0625,1.4322600243013366,0.36948397932847815,0.5104064186333588,0.88171524720494,0.8161032042327985,SLC4A2,1
GO:0051290,protein heterotetramerization,1/823,16/18860,0.0625,1.4322600243013366,0.36948397932847815,0.5104064186333588,0.88171524720494,0.8161032042327985,GRIA3,1
GO:0051412,response to corticosterone,1/823,16/18860,0.0625,1.4322600243013366,0.36948397932847815,0.5104064186333588,0.88171524720494,0.8161032042327985,NEFL,1
GO:0060457,negative regulation of digestive system process,1/823,16/18860,0.0625,1.4322600243013366,0.36948397932847815,0.5104064186333588,0.88171524720494,0.8161032042327985,PTGER3,1
GO:0070234,positive regulation of T cell apoptotic process,1/823,16/18860,0.0625,1.4322600243013366,0.36948397932847815,0.5104064186333588,0.88171524720494,0.8161032042327985,BCL2L11,1
GO:0070593,dendrite self-avoidance,1/823,16/18860,0.0625,1.4322600243013366,0.36948397932847815,0.5104064186333588,0.88171524720494,0.8161032042327985,ROBO3,1
GO:0071340,skeletal muscle acetylcholine-gated channel clustering,1/823,16/18860,0.0625,1.4322600243013366,0.36948397932847815,0.5104064186333588,0.88171524720494,0.8161032042327985,RAPSN,1
GO:0072498,embryonic skeletal joint development,1/823,16/18860,0.0625,1.4322600243013366,0.36948397932847815,0.5104064186333588,0.88171524720494,0.8161032042327985,COL2A1,1
GO:0090030,regulation of steroid hormone biosynthetic process,1/823,16/18860,0.0625,1.4322600243013366,0.36948397932847815,0.5104064186333588,0.88171524720494,0.8161032042327985,PDE8B,1
GO:0090281,negative regulation of calcium ion import,1/823,16/18860,0.0625,1.4322600243013366,0.36948397932847815,0.5104064186333588,0.88171524720494,0.8161032042327985,PPP3CC,1
GO:0099116,tRNA 5'-end processing,1/823,16/18860,0.0625,1.4322600243013366,0.36948397932847815,0.5104064186333588,0.88171524720494,0.8161032042327985,RPP30,1
GO:0099151,regulation of postsynaptic density assembly,1/823,16/18860,0.0625,1.4322600243013366,0.36948397932847815,0.5104064186333588,0.88171524720494,0.8161032042327985,PTPRS,1
GO:0140966,piRNA-mediated heterochromatin formation,1/823,16/18860,0.0625,1.4322600243013366,0.36948397932847815,0.5104064186333588,0.88171524720494,0.8161032042327985,TDRD9,1
GO:0141163,positive regulation of cAMP/PKA signal transduction,1/823,16/18860,0.0625,1.4322600243013366,0.36948397932847815,0.5104064186333588,0.88171524720494,0.8161032042327985,ADRB2,1
GO:1900006,positive regulation of dendrite development,1/823,16/18860,0.0625,1.4322600243013366,0.36948397932847815,0.5104064186333588,0.88171524720494,0.8161032042327985,PACSIN1,1
GO:1901741,positive regulation of myoblast fusion,1/823,16/18860,0.0625,1.4322600243013366,0.36948397932847815,0.5104064186333588,0.88171524720494,0.8161032042327985,NFATC2,1
GO:1903236,regulation of leukocyte tethering or rolling,1/823,16/18860,0.0625,1.4322600243013366,0.36948397932847815,0.5104064186333588,0.88171524720494,0.8161032042327985,FUT9,1
GO:1903540,establishment of protein localization to postsynaptic membrane,1/823,16/18860,0.0625,1.4322600243013366,0.36948397932847815,0.5104064186333588,0.88171524720494,0.8161032042327985,RAPSN,1
GO:1903727,positive regulation of phospholipid metabolic process,1/823,16/18860,0.0625,1.4322600243013366,0.36948397932847815,0.5104064186333588,0.88171524720494,0.8161032042327985,FABP3,1
GO:1903894,regulation of IRE1-mediated unfolded protein response,1/823,16/18860,0.0625,1.4322600243013366,0.36948397932847815,0.5104064186333588,0.88171524720494,0.8161032042327985,BCL2L11,1
GO:1905664,regulation of calcium ion import across plasma membrane,1/823,16/18860,0.0625,1.4322600243013366,0.36948397932847815,0.5104064186333588,0.88171524720494,0.8161032042327985,PPP3CC,1
GO:2001212,regulation of vasculogenesis,1/823,16/18860,0.0625,1.4322600243013366,0.36948397932847815,0.5104064186333588,0.88171524720494,0.8161032042327985,ADM,1
GO:1905475,regulation of protein localization to membrane,8/823,177/18860,0.04519774011299435,1.0357586616416445,0.10209904441202122,0.5106663046923896,0.88171524720494,0.8161032042327985,CDH2/EGFR/AR/ZDHHC2/GPC3/CACNA2D2/SORBS1/CAMK2B,8
GO:0007269,neurotransmitter secretion,7/823,154/18860,0.045454545454545456,1.0416436540373357,0.11083982220492562,0.510734639923725,0.88171524720494,0.8161032042327985,RIMS4/SYN2/ABCC8/ERC2/RIMS3/KCNJ8/NPY,7
GO:0099643,signal release from synapse,7/823,154/18860,0.045454545454545456,1.0416436540373357,0.11083982220492562,0.510734639923725,0.88171524720494,0.8161032042327985,RIMS4/SYN2/ABCC8/ERC2/RIMS3/KCNJ8/NPY,7
GO:0034766,negative regulation of monoatomic ion transmembrane transport,4/823,85/18860,0.047058823529411764,1.0784075477092416,0.15475848024574923,0.5113784506757686,0.88171524720494,0.8161032042327985,KCNE2/NEDD4L/PPP3CC/KCNQ1,4
GO:0045921,positive regulation of exocytosis,4/823,85/18860,0.047058823529411764,1.0784075477092416,0.15475848024574923,0.5113784506757686,0.88171524720494,0.8161032042327985,FGA/FGB/FGG/SCAMP5,4
GO:0048644,muscle organ morphogenesis,4/823,85/18860,0.047058823529411764,1.0784075477092416,0.15475848024574923,0.5113784506757686,0.88171524720494,0.8161032042327985,MYBPC3/RYR2/EFEMP2/VANGL2,4
GO:0061053,somite development,4/823,85/18860,0.047058823529411764,1.0784075477092416,0.15475848024574923,0.5113784506757686,0.88171524720494,0.8161032042327985,PPP2R3A/SIX4/SIX1/DKK1,4
GO:0001706,endoderm formation,3/823,62/18860,0.04838709677419355,1.108846470426841,0.18337134397090735,0.5118500354966016,0.88171524720494,0.8161032042327985,GATA6/SOX2/DKK1,3
GO:0042306,regulation of protein import into nucleus,3/823,62/18860,0.04838709677419355,1.108846470426841,0.18337134397090735,0.5118500354966016,0.88171524720494,0.8161032042327985,PRKD1/CWH43/CABP1,3
GO:0043405,regulation of MAP kinase activity,3/823,62/18860,0.04838709677419355,1.108846470426841,0.18337134397090735,0.5118500354966016,0.88171524720494,0.8161032042327985,TPD52L1/PDCD4/TRIB2,3
GO:1901570,fatty acid derivative biosynthetic process,3/823,62/18860,0.04838709677419355,1.108846470426841,0.18337134397090735,0.5118500354966016,0.88171524720494,0.8161032042327985,GGT7/ACAT1/ALOX15B,3
GO:0003180,aortic valve morphogenesis,2/823,39/18860,0.05128205128205128,1.1751877122472505,0.23393310898336828,0.5124074307700215,0.88171524720494,0.8161032042327985,ADAMTS19/GATA5,2
GO:0006516,glycoprotein catabolic process,2/823,39/18860,0.05128205128205128,1.1751877122472505,0.23393310898336828,0.5124074307700215,0.88171524720494,0.8161032042327985,IDUA/FBXO27,2
GO:0006958,"complement activation, classical pathway",2/823,39/18860,0.05128205128205128,1.1751877122472505,0.23393310898336828,0.5124074307700215,0.88171524720494,0.8161032042327985,SUSD4/C5,2
GO:0021955,central nervous system neuron axonogenesis,2/823,39/18860,0.05128205128205128,1.1751877122472505,0.23393310898336828,0.5124074307700215,0.88171524720494,0.8161032042327985,EPHB3/NIN,2
GO:0023019,signal transduction involved in regulation of gene expression,2/823,39/18860,0.05128205128205128,1.1751877122472505,0.23393310898336828,0.5124074307700215,0.88171524720494,0.8161032042327985,DAND5/EDN1,2
GO:0045773,positive regulation of axon extension,2/823,39/18860,0.05128205128205128,1.1751877122472505,0.23393310898336828,0.5124074307700215,0.88171524720494,0.8161032042327985,ZFYVE27/NTN1,2
GO:0046473,phosphatidic acid metabolic process,2/823,39/18860,0.05128205128205128,1.1751877122472505,0.23393310898336828,0.5124074307700215,0.88171524720494,0.8161032042327985,DGKD/PLA2G6,2
GO:0048384,retinoic acid receptor signaling pathway,2/823,39/18860,0.05128205128205128,1.1751877122472505,0.23393310898336828,0.5124074307700215,0.88171524720494,0.8161032042327985,ESRRG/PTF1A,2
GO:0048741,skeletal muscle fiber development,2/823,39/18860,0.05128205128205128,1.1751877122472505,0.23393310898336828,0.5124074307700215,0.88171524720494,0.8161032042327985,DNER/SIX1,2
GO:0051125,regulation of actin nucleation,2/823,39/18860,0.05128205128205128,1.1751877122472505,0.23393310898336828,0.5124074307700215,0.88171524720494,0.8161032042327985,WASF3/HIP1R,2
GO:0070884,regulation of calcineurin-NFAT signaling cascade,2/823,39/18860,0.05128205128205128,1.1751877122472505,0.23393310898336828,0.5124074307700215,0.88171524720494,0.8161032042327985,HOMER2/PPP3CC,2
GO:0071604,transforming growth factor beta production,2/823,39/18860,0.05128205128205128,1.1751877122472505,0.23393310898336828,0.5124074307700215,0.88171524720494,0.8161032042327985,GATA6/FBLN1,2
GO:0072530,purine-containing compound transmembrane transport,2/823,39/18860,0.05128205128205128,1.1751877122472505,0.23393310898336828,0.5124074307700215,0.88171524720494,0.8161032042327985,SLC29A1/SLC25A47,2
GO:0009952,anterior/posterior pattern specification,10/823,224/18860,0.044642857142857144,1.0230428745009548,0.07410737122614035,0.5163733128795964,0.8859952211456659,0.8200646877822005,PPP2R3A/ACVR2B/PLD6/GPC3/HOXC13/CFC1/VANGL2/ZBTB16/HOXC4/DKK1,10
GO:0002262,myeloid cell homeostasis,9/823,201/18860,0.04477611940298507,1.026096733827823,0.07945424361006849,0.5166885259063019,0.8859952211456659,0.8200646877822005,GLUL/HBZ/SMAD5/CDK6/BCL2L11/KITLG/KIT/SCNN1B/KCNQ1,9
GO:0015748,organophosphate ester transport,8/823,178/18860,0.0449438202247191,1.0299397927560174,0.08572829814688987,0.5170935694363231,0.8859952211456659,0.8200646877822005,SLC25A36/ATP8A1/APOA5/ABCC5/SLC25A47/PLTP/ATG9B/ATP8A2,8
GO:0032368,regulation of lipid transport,7/823,155/18860,0.04516129032258064,1.034923372398385,0.09325674717018785,0.5176206572931472,0.8859952211456659,0.8200646877822005,GHRL/ATP8A1/FABP3/ABCA2/PLTP/EDN1/ATP8A2,7
GO:0006090,pyruvate metabolic process,6/823,132/18860,0.045454545454545456,1.0416436540373357,0.10255744441609763,0.51831982758117,0.8859952211456659,0.8200646877822005,ME3/PRKAA2/SIRT4/LDHB/NUPR1/PGAM2,6
GO:0015914,phospholipid transport,5/823,109/18860,0.045871559633027525,1.0512000178358434,0.1145112721783328,0.519273549871828,0.8859952211456659,0.8200646877822005,ATP8A1/APOA5/PLTP/ATG9B/ATP8A2,5
GO:0150115,cell-substrate junction organization,5/823,109/18860,0.045871559633027525,1.0512000178358434,0.1145112721783328,0.519273549871828,0.8859952211456659,0.8200646877822005,SORBS1/WDPCP/HRG/FAM107A/GPM6B,5
GO:1901222,regulation of non-canonical NF-kappaB signal transduction,5/823,109/18860,0.045871559633027525,1.0512000178358434,0.1145112721783328,0.519273549871828,0.8859952211456659,0.8200646877822005,EDA/PDCD4/PTP4A3/C1QTNF3/EDN1,5
GO:0008625,extrinsic apoptotic signaling pathway via death domain receptors,4/823,86/18860,0.046511627906976744,1.0658679250614598,0.13077414726196349,0.5206286278419481,0.8859952211456659,0.8200646877822005,FGA/FGB/FGG/MAL,4
GO:1904019,epithelial cell apoptotic process,4/823,86/18860,0.046511627906976744,1.0658679250614598,0.13077414726196349,0.5206286278419481,0.8859952211456659,0.8200646877822005,RYR2/PRKAA2/NUPR1/PLA2G1B,4
GO:0006611,protein export from nucleus,3/823,63/18860,0.047619047619047616,1.0912457328010183,0.15495859236416923,0.5226742243792184,0.8859952211456659,0.8200646877822005,RANBP3L/PRKD1/RANBP17,3
GO:0010718,positive regulation of epithelial to mesenchymal transition,3/823,63/18860,0.047619047619047616,1.0912457328010183,0.15495859236416923,0.5226742243792184,0.8859952211456659,0.8200646877822005,TGFB1I1/GCNT2/TGFB3,3
GO:0044088,regulation of vacuole organization,3/823,63/18860,0.047619047619047616,1.0912457328010183,0.15495859236416923,0.5226742243792184,0.8859952211456659,0.8200646877822005,TBC1D14/ULK1/NUPR1,3
GO:0045453,bone resorption,3/823,63/18860,0.047619047619047616,1.0912457328010183,0.15495859236416923,0.5226742243792184,0.8859952211456659,0.8200646877822005,SLC4A2/PTH1R/ADRB2,3
GO:0046173,polyol biosynthetic process,3/823,63/18860,0.047619047619047616,1.0912457328010183,0.15495859236416923,0.5226742243792184,0.8859952211456659,0.8200646877822005,ABCA2/IP6K3/PTH1R,3
GO:0048278,vesicle docking,3/823,63/18860,0.047619047619047616,1.0912457328010183,0.15495859236416923,0.5226742243792184,0.8859952211456659,0.8200646877822005,STX12/TSNARE1/RIMS3,3
GO:1905517,macrophage migration,3/823,63/18860,0.047619047619047616,1.0912457328010183,0.15495859236416923,0.5226742243792184,0.8859952211456659,0.8200646877822005,C5/SFTPD/CXCL17,3
GO:0009416,response to light stimulus,15/823,341/18860,0.04398826979472141,1.0080422458425828,0.03201274120497431,0.5248790952833506,0.8859952211456659,0.8200646877822005,DEAF1/PDE1B/PDE8B/SLC1A2/B3GAT1/EGFR/CRTC1/OPN4/KIT/ABCC8/CIRBP/OPN1MW/ATP8A2/TTR/NPY,15
GO:0051209,release of sequestered calcium ion into cytosol,6/823,133/18860,0.045112781954887216,1.0338117468641226,0.08358655367613048,0.5257364082323048,0.8859952211456659,0.8200646877822005,GSTM2/DMD/PLCL1/RYR2/PRKD1/F2,6
GO:0006084,acetyl-CoA metabolic process,2/823,40/18860,0.05,1.1458080194410694,0.19718718728029225,0.5260516155800936,0.8859952211456659,0.8200646877822005,SIRT4/ACAT1,2
GO:0006497,protein lipidation,2/823,40/18860,0.05,1.1458080194410694,0.19718718728029225,0.5260516155800936,0.8859952211456659,0.8200646877822005,GLUL/ZDHHC2,2
GO:0030513,positive regulation of BMP signaling pathway,2/823,40/18860,0.05,1.1458080194410694,0.19718718728029225,0.5260516155800936,0.8859952211456659,0.8200646877822005,GDF5/GPC3,2
GO:0032885,regulation of polysaccharide biosynthetic process,2/823,40/18860,0.05,1.1458080194410694,0.19718718728029225,0.5260516155800936,0.8859952211456659,0.8200646877822005,PPP1R3C/SORBS1,2
GO:0042401,biogenic amine biosynthetic process,2/823,40/18860,0.05,1.1458080194410694,0.19718718728029225,0.5260516155800936,0.8859952211456659,0.8200646877822005,HDC/KL,2
GO:0051503,adenine nucleotide transport,2/823,40/18860,0.05,1.1458080194410694,0.19718718728029225,0.5260516155800936,0.8859952211456659,0.8200646877822005,ABCC5/SLC25A47,2
GO:0060323,head morphogenesis,2/823,40/18860,0.05,1.1458080194410694,0.19718718728029225,0.5260516155800936,0.8859952211456659,0.8200646877822005,TGFB3/DKK1,2
GO:0090659,walking behavior,2/823,40/18860,0.05,1.1458080194410694,0.19718718728029225,0.5260516155800936,0.8859952211456659,0.8200646877822005,CWH43/KCNJ10,2
GO:0014812,muscle cell migration,5/823,110/18860,0.045454545454545456,1.0416436540373357,0.09356676872096417,0.52742629090548665,0.8859952211456659,0.8200646877822005,PDGFD/IGFBP5/SIX4/POSTN/SIX1,5
GO:0019751,polyol metabolic process,5/823,110/18860,0.045454545454545456,1.0416436540373357,0.09356676872096417,0.52742629090548665,0.8859952211456659,0.8200646877822005,ANGPTL3/ABCA2/IP6K3/MOGAT1/PTH1R,5
GO:0090130,tissue migration,5/823,110/18860,0.045454545454545456,1.0416436540373357,0.09356676872096417,0.52742629090548665,0.8859952211456659,0.8200646877822005,DAAM2/EVL/KITLG/KIT/WDPCP,5
GO:0002040,sprouting angiogenesis,9/823,203/18860,0.04433497536945813,1.0159874064009482,0.048919524081589165,0.5287157540904959,0.8859952211456659,0.8200646877822005,VEGFB/GLUL/FUT1/GHRL/HDAC5/CCBE1/BMPER/MICALL1/S100A1,9
GO:0045765,regulation of angiogenesis,16/823,365/18860,0.043835616438356165,1.0045440170442252,0.018725624542642576,0.52900792351417,0.8859952211456659,0.8200646877822005,PDCD6/VEGFB/ANGPTL3/GLUL/PTPRM/FUT1/GHRL/CCBE1/APOH/PRKD1/GATA6/BMPER/ADM/ABCC8/HRG/S100A1,16
GO:0099068,postsynapse assembly,4/823,87/18860,0.04597701149425287,1.0536165696009832,0.10707027194806269,0.5297950320767285,0.8859952211456659,0.8200646877822005,CDH2/PTPRS/CYFIP2/SYNDIG1,4
GO:0001574,ganglioside biosynthetic process,1/823,17/18860,0.058823529411764705,1.348009434636552,0.30663205232712726,0.531789114317117,0.8859952211456659,0.8200646877822005,ST3GAL1,1
GO:0002327,immature B cell differentiation,1/823,17/18860,0.058823529411764705,1.348009434636552,0.30663205232712726,0.531789114317117,0.8859952211456659,0.8200646877822005,KIT,1
GO:0002840,regulation of T cell mediated immune response to tumor cell,1/823,17/18860,0.058823529411764705,1.348009434636552,0.30663205232712726,0.531789114317117,0.8859952211456659,0.8200646877822005,SLC22A13,1
GO:0002864,regulation of acute inflammatory response to antigenic stimulus,1/823,17/18860,0.058823529411764705,1.348009434636552,0.30663205232712726,0.531789114317117,0.8859952211456659,0.8200646877822005,NPY,1
GO:0003214,cardiac left ventricle morphogenesis,1/823,17/18860,0.058823529411764705,1.348009434636552,0.30663205232712726,0.531789114317117,0.8859952211456659,0.8200646877822005,RYR2,1
GO:0003376,sphingosine-1-phosphate receptor signaling pathway,1/823,17/18860,0.058823529411764705,1.348009434636552,0.30663205232712726,0.531789114317117,0.8859952211456659,0.8200646877822005,S1PR3,1
GO:0006878,intracellular copper ion homeostasis,1/823,17/18860,0.058823529411764705,1.348009434636552,0.30663205232712726,0.531789114317117,0.8859952211456659,0.8200646877822005,MT2A,1
GO:0010663,positive regulation of striated muscle cell apoptotic process,1/823,17/18860,0.058823529411764705,1.348009434636552,0.30663205232712726,0.531789114317117,0.8859952211456659,0.8200646877822005,BNIP3,1
GO:0010666,positive regulation of cardiac muscle cell apoptotic process,1/823,17/18860,0.058823529411764705,1.348009434636552,0.30663205232712726,0.531789114317117,0.8859952211456659,0.8200646877822005,BNIP3,1
GO:0010989,negative regulation of low-density lipoprotein particle clearance,1/823,17/18860,0.058823529411764705,1.348009434636552,0.30663205232712726,0.531789114317117,0.8859952211456659,0.8200646877822005,ABCC8,1
GO:0014857,regulation of skeletal muscle cell proliferation,1/823,17/18860,0.058823529411764705,1.348009434636552,0.30663205232712726,0.531789114317117,0.8859952211456659,0.8200646877822005,SIX1,1
GO:0015671,oxygen transport,1/823,17/18860,0.058823529411764705,1.348009434636552,0.30663205232712726,0.531789114317117,0.8859952211456659,0.8200646877822005,HBZ,1
GO:0015816,glycine transport,1/823,17/18860,0.058823529411764705,1.348009434636552,0.30663205232712726,0.531789114317117,0.8859952211456659,0.8200646877822005,SLC6A5,1
GO:0018022,peptidyl-lysine methylation,1/823,17/18860,0.058823529411764705,1.348009434636552,0.30663205232712726,0.531789114317117,0.8859952211456659,0.8200646877822005,SMYD2,1
GO:0018200,peptidyl-glutamic acid modification,1/823,17/18860,0.058823529411764705,1.348009434636552,0.30663205232712726,0.531789114317117,0.8859952211456659,0.8200646877822005,TTLL7,1
GO:0019365,pyridine nucleotide salvage,1/823,17/18860,0.058823529411764705,1.348009434636552,0.30663205232712726,0.531789114317117,0.8859952211456659,0.8200646877822005,SLC22A13,1
GO:0021535,cell migration in hindbrain,1/823,17/18860,0.058823529411764705,1.348009434636552,0.30663205232712726,0.531789114317117,0.8859952211456659,0.8200646877822005,ATP1B2,1
GO:0021783,preganglionic parasympathetic fiber development,1/823,17/18860,0.058823529411764705,1.348009434636552,0.30663205232712726,0.531789114317117,0.8859952211456659,0.8200646877822005,SIX1,1
GO:0021904,dorsal/ventral neural tube patterning,1/823,17/18860,0.058823529411764705,1.348009434636552,0.30663205232712726,0.531789114317117,0.8859952211456659,0.8200646877822005,FOXA1,1
GO:0030033,microvillus assembly,1/823,17/18860,0.058823529411764705,1.348009434636552,0.30663205232712726,0.531789114317117,0.8859952211456659,0.8200646877822005,RAP1GAP,1
GO:0030049,muscle filament sliding,1/823,17/18860,0.058823529411764705,1.348009434636552,0.30663205232712726,0.531789114317117,0.8859952211456659,0.8200646877822005,MYBPC3,1
GO:0030167,proteoglycan catabolic process,1/823,17/18860,0.058823529411764705,1.348009434636552,0.30663205232712726,0.531789114317117,0.8859952211456659,0.8200646877822005,IDUA,1
GO:0032305,positive regulation of icosanoid secretion,1/823,17/18860,0.058823529411764705,1.348009434636552,0.30663205232712726,0.531789114317117,0.8859952211456659,0.8200646877822005,EDN1,1
GO:0032310,prostaglandin secretion,1/823,17/18860,0.058823529411764705,1.348009434636552,0.30663205232712726,0.531789114317117,0.8859952211456659,0.8200646877822005,EDN1,1
GO:0032688,negative regulation of interferon-beta production,1/823,17/18860,0.058823529411764705,1.348009434636552,0.30663205232712726,0.531789114317117,0.8859952211456659,0.8200646877822005,PTPRS,1
GO:0034310,primary alcohol catabolic process,1/823,17/18860,0.058823529411764705,1.348009434636552,0.30663205232712726,0.531789114317117,0.8859952211456659,0.8200646877822005,SULT2A1,1
GO:0034355,NAD+ biosynthetic process via the salvage pathway,1/823,17/18860,0.058823529411764705,1.348009434636552,0.30663205232712726,0.531789114317117,0.8859952211456659,0.8200646877822005,SLC22A13,1
GO:0034497,protein localization to phagophore assembly site,1/823,17/18860,0.058823529411764705,1.348009434636552,0.30663205232712726,0.531789114317117,0.8859952211456659,0.8200646877822005,ATG9B,1
GO:0036005,response to macrophage colony-stimulating factor,1/823,17/18860,0.058823529411764705,1.348009434636552,0.30663205232712726,0.531789114317117,0.8859952211456659,0.8200646877822005,PDE1B,1
GO:0042182,ketone catabolic process,1/823,17/18860,0.058823529411764705,1.348009434636552,0.30663205232712726,0.531789114317117,0.8859952211456659,0.8200646877822005,OXCT1,1
GO:0043117,positive regulation of vascular permeability,1/823,17/18860,0.058823529411764705,1.348009434636552,0.30663205232712726,0.531789114317117,0.8859952211456659,0.8200646877822005,PTP4A3,1
GO:0044790,suppression of viral release by host,1/823,17/18860,0.058823529411764705,1.348009434636552,0.30663205232712726,0.531789114317117,0.8859952211456659,0.8200646877822005,MID2,1
GO:0045198,establishment of epithelial cell apical/basal polarity,1/823,17/18860,0.058823529411764705,1.348009434636552,0.30663205232712726,0.531789114317117,0.8859952211456659,0.8200646877822005,PTK7,1
GO:0045725,positive regulation of glycogen biosynthetic process,1/823,17/18860,0.058823529411764705,1.348009434636552,0.30663205232712726,0.531789114317117,0.8859952211456659,0.8200646877822005,SORBS1,1
GO:0046112,nucleobase biosynthetic process,1/823,17/18860,0.058823529411764705,1.348009434636552,0.30663205232712726,0.531789114317117,0.8859952211456659,0.8200646877822005,ADA,1
GO:0048148,behavioral response to cocaine,1/823,17/18860,0.058823529411764705,1.348009434636552,0.30663205232712726,0.531789114317117,0.8859952211456659,0.8200646877822005,HOMER2,1
GO:0051044,positive regulation of membrane protein ectodomain proteolysis,1/823,17/18860,0.058823529411764705,1.348009434636552,0.30663205232712726,0.531789114317117,0.8859952211456659,0.8200646877822005,PACSIN3,1
GO:0051177,meiotic sister chromatid cohesion,1/823,17/18860,0.058823529411764705,1.348009434636552,0.30663205232712726,0.531789114317117,0.8859952211456659,0.8200646877822005,REC8,1
GO:0051969,regulation of transmission of nerve impulse,1/823,17/18860,0.058823529411764705,1.348009434636552,0.30663205232712726,0.531789114317117,0.8859952211456659,0.8200646877822005,GHRL,1
GO:0060046,regulation of acrosome reaction,1/823,17/18860,0.058823529411764705,1.348009434636552,0.30663205232712726,0.531789114317117,0.8859952211456659,0.8200646877822005,SPINK13,1
GO:0060080,inhibitory postsynaptic potential,1/823,17/18860,0.058823529411764705,1.348009434636552,0.30663205232712726,0.531789114317117,0.8859952211456659,0.8200646877822005,GABRB3,1
GO:0060856,establishment of blood-brain barrier,1/823,17/18860,0.058823529411764705,1.348009434636552,0.30663205232712726,0.531789114317117,0.8859952211456659,0.8200646877822005,FZD4,1
GO:0070341,fat cell proliferation,1/823,17/18860,0.058823529411764705,1.348009434636552,0.30663205232712726,0.531789114317117,0.8859952211456659,0.8200646877822005,SLC2A4,1
GO:0071732,cellular response to nitric oxide,1/823,17/18860,0.058823529411764705,1.348009434636552,0.30663205232712726,0.531789114317117,0.8859952211456659,0.8200646877822005,GATA5,1
GO:0072109,glomerular mesangium development,1/823,17/18860,0.058823529411764705,1.348009434636552,0.30663205232712726,0.531789114317117,0.8859952211456659,0.8200646877822005,PDGFD,1
GO:0090136,epithelial cell-cell adhesion,1/823,17/18860,0.058823529411764705,1.348009434636552,0.30663205232712726,0.531789114317117,0.8859952211456659,0.8200646877822005,KIT,1
GO:0090158,endoplasmic reticulum membrane organization,1/823,17/18860,0.058823529411764705,1.348009434636552,0.30663205232712726,0.531789114317117,0.8859952211456659,0.8200646877822005,REEP5,1
GO:0090209,negative regulation of triglyceride metabolic process,1/823,17/18860,0.058823529411764705,1.348009434636552,0.30663205232712726,0.531789114317117,0.8859952211456659,0.8200646877822005,PLIN5,1
GO:0140367,antibacterial innate immune response,1/823,17/18860,0.058823529411764705,1.348009434636552,0.30663205232712726,0.531789114317117,0.8859952211456659,0.8200646877822005,IL33,1
GO:1900226,negative regulation of NLRP3 inflammasome complex assembly,1/823,17/18860,0.058823529411764705,1.348009434636552,0.30663205232712726,0.531789114317117,0.8859952211456659,0.8200646877822005,LAMP2,1
GO:1901096,regulation of autophagosome maturation,1/823,17/18860,0.058823529411764705,1.348009434636552,0.30663205232712726,0.531789114317117,0.8859952211456659,0.8200646877822005,ADRB2,1
GO:1902033,regulation of hematopoietic stem cell proliferation,1/823,17/18860,0.058823529411764705,1.348009434636552,0.30663205232712726,0.531789114317117,0.8859952211456659,0.8200646877822005,KITLG,1
GO:1902036,regulation of hematopoietic stem cell differentiation,1/823,17/18860,0.058823529411764705,1.348009434636552,0.30663205232712726,0.531789114317117,0.8859952211456659,0.8200646877822005,CDK6,1
GO:1904948,midbrain dopaminergic neuron differentiation,1/823,17/18860,0.058823529411764705,1.348009434636552,0.30663205232712726,0.531789114317117,0.8859952211456659,0.8200646877822005,DKK1,1
GO:2001279,regulation of unsaturated fatty acid biosynthetic process,1/823,17/18860,0.058823529411764705,1.348009434636552,0.30663205232712726,0.531789114317117,0.8859952211456659,0.8200646877822005,EDN1,1
GO:0003206,cardiac chamber morphogenesis,6/823,134/18860,0.04477611940298507,1.026096733827823,0.06475795727371286,0.5331064978791147,0.886701144247419,0.8207180802545534,MYBPC3/SMARCD3/RYR2/GATA6/ADAMTS19/VANGL2,6
GO:0006906,vesicle fusion,6/823,134/18860,0.04477611940298507,1.026096733827823,0.06475795727371286,0.5331064978791147,0.886701144247419,0.8207180802545534,STX12/TBC1D4/RAB7B/ERC2/TSNARE1/VAV3,6
GO:0051283,negative regulation of sequestering of calcium ion,6/823,134/18860,0.04477611940298507,1.026096733827823,0.06475795727371286,0.5331064978791147,0.886701144247419,0.8207180802545534,GSTM2/DMD/PLCL1/RYR2/PRKD1/F2,6
GO:0006518,peptide metabolic process,3/823,64/18860,0.046875,1.0741950182260025,0.12700157588642944,0.5333656286957389,0.886701144247419,0.8207180802545534,SLC1A2/DMD/GGT7,3
GO:0034381,plasma lipoprotein particle clearance,3/823,64/18860,0.046875,1.0741950182260025,0.12700157588642944,0.5333656286957389,0.886701144247419,0.8207180802545534,APOA5/GPIHBP1/ABCC8,3
GO:0045058,T cell selection,3/823,64/18860,0.046875,1.0741950182260025,0.12700157588642944,0.5333656286957389,0.886701144247419,0.8207180802545534,CD3E/TOX/BRD4,3
GO:0022409,positive regulation of cell-cell adhesion,15/823,343/18860,0.043731778425655975,1.002164448490731,0.00864143956394556,0.5341382932406467,0.8876659068439267,0.8216110509146728,FGA/FGB/RAP1GAP/SMARCD3/FGG/ZMIZ1/IGFBP2/CD3E/KITLG/FOXA1/ADA/SOX2/ZBTB16/GCNT2/BRD4,15
GO:0110053,regulation of actin filament organization,12/823,274/18860,0.043795620437956206,1.0036274622841483,0.012919994115720338,0.5366749517120977,0.8906883267552588,0.8244085601808383,CGNL1/WASF3/NPHS1/CYFIP2/HIP1R/ASAP3/PAK3/DAAM2/EVL/KANK4/TGFB3/LMOD2,12
GO:1903169,regulation of calcium ion transmembrane transport,7/823,158/18860,0.04430379746835443,1.015272928618669,0.04117977168055191,0.5380611309064538,0.8906883267552588,0.8244085601808383,GSTM2/DMD/RYR2/PPP3CC/PRKD1/PLA2G1B/F2,7
GO:0009309,amine biosynthetic process,2/823,41/18860,0.04878048780487805,1.117861482381531,0.16137737672768285,0.5394351782055873,0.8906883267552588,0.8244085601808383,HDC/KL,2
GO:0015865,purine nucleotide transport,2/823,41/18860,0.04878048780487805,1.117861482381531,0.16137737672768285,0.5394351782055873,0.8906883267552588,0.8244085601808383,ABCC5/SLC25A47,2
GO:0017158,regulation of calcium ion-dependent exocytosis,2/823,41/18860,0.04878048780487805,1.117861482381531,0.16137737672768285,0.5394351782055873,0.8906883267552588,0.8244085601808383,SCAMP5/TRPV6,2
GO:0033028,myeloid cell apoptotic process,2/823,41/18860,0.04878048780487805,1.117861482381531,0.16137737672768285,0.5394351782055873,0.8906883267552588,0.8244085601808383,APOH/KITLG,2
GO:0034389,lipid droplet organization,2/823,41/18860,0.04878048780487805,1.117861482381531,0.16137737672768285,0.5394351782055873,0.8906883267552588,0.8244085601808383,PLIN5/PRKAA2,2
GO:0044319,"wound healing, spreading of cells",2/823,41/18860,0.04878048780487805,1.117861482381531,0.16137737672768285,0.5394351782055873,0.8906883267552588,0.8244085601808383,ARHGAP24/FIGNL2,2
GO:0070873,regulation of glycogen metabolic process,2/823,41/18860,0.04878048780487805,1.117861482381531,0.16137737672768285,0.5394351782055873,0.8906883267552588,0.8244085601808383,PPP1R3C/SORBS1,2
GO:0090505,epiboly involved in wound healing,2/823,41/18860,0.04878048780487805,1.117861482381531,0.16137737672768285,0.5394351782055873,0.8906883267552588,0.8244085601808383,ARHGAP24/FIGNL2,2
GO:0007259,cell surface receptor signaling pathway via JAK-STAT,6/823,135/18860,0.044444444444444446,1.0184960172809505,0.04606926556414591,0.5404282357418022,0.8906883267552588,0.8244085601808383,GHR/ERBB4/CSH1/CTF1/KIT/F2,6
GO:0001558,regulation of cell growth,18/823,414/18860,0.043478260869565216,0.9963547995139733,-0.016019449331695277,0.5408137796071972,0.8906883267552588,0.8244085601808383,FGF13/PTPRS/EGFR/HPN/ULK1/NEDD4L/ULK2/ZFYVE27/SGK1/MT3/IGFBP5/F2/NTN1/RERG/HRG/FAM107A/EDN1/KIF26A,18
GO:0030336,negative regulation of cell migration,17/823,391/18860,0.043478260869565216,0.9963547995139733,-0.015558409670916406,0.5415687811752241,0.8906883267552588,0.8244085601808383,PTPRM/ERBB4/CLDN19/C5/HDAC5/IL33/APOH/EVL/FIGNL2/ADA/MITF/ABCC8/ALOX15B/IGFBP5/IDH2/ATP1B2/HRG,17
GO:0001894,tissue homeostasis,12/823,275/18860,0.04363636363636364,0.9999779078758423,-7.883147174689448e-5,0.5418156730904317,0.8906883267552588,0.8244085601808383,SH3GL2/COL2A1/DMD/LAMA2/ALDH1A1/SLC4A2/ABCC8/RDH12/PTH1R/ATP1B2/GCNT2/ADRB2,12
GO:0060249,anatomical structure homeostasis,12/823,275/18860,0.04363636363636364,0.9999779078758423,-7.883147174689448e-5,0.5418156730904317,0.8906883267552588,0.8244085601808383,SH3GL2/COL2A1/DMD/LAMA2/ALDH1A1/SLC4A2/ABCC8/RDH12/PTH1R/ATP1B2/GCNT2/ADRB2,12
GO:0039532,negative regulation of cytoplasmic pattern recognition receptor signaling pathway,3/823,65/18860,0.046153846153846156,1.0576689410225255,0.09948430837532256,0.5439204445587589,0.8906883267552588,0.8244085601808383,LAMP2/PTPRS/RAB7B,3
GO:0097352,autophagosome maturation,3/823,65/18860,0.046153846153846156,1.0576689410225255,0.09948430837532256,0.5439204445587589,0.8906883267552588,0.8244085601808383,GABARAPL1/LAMP2/ADRB2,3
GO:1903409,reactive oxygen species biosynthetic process,3/823,65/18860,0.046153846153846156,1.0576689410225255,0.09948430837532256,0.5439204445587589,0.8906883267552588,0.8244085601808383,DUOX1/DUOXA1/SLC18A2,3
GO:2000630,positive regulation of miRNA metabolic process,3/823,65/18860,0.046153846153846156,1.0576689410225255,0.09948430837532256,0.5439204445587589,0.8906883267552588,0.8244085601808383,EGFR/AR/FOXA1,3
GO:0061025,membrane fusion,9/823,206/18860,0.043689320388349516,1.0011914732980218,0.0036728993982386494,0.5465561652364653,0.8906883267552588,0.8244085601808383,STX12/FOLR1/SERPINA5/TBC1D4/RAB7B/ERC2/TSNARE1/VAV3/FOLR3,9
GO:0048872,homeostasis of number of cells,16/823,369/18860,0.04336043360433604,0.9936546510058054,-0.026294540888417227,0.5468475557197472,0.8906883267552588,0.8244085601808383,CDH2/GLUL/HBZ/SMAD5/CHST3/ARMCX1/CDK6/TSC22D3/BCL2L11/KITLG/KIT/ADA/SCNN1B/KCNQ1/GLIS2/AFP,16
GO:0048706,embryonic skeletal system development,6/823,136/18860,0.04411764705882353,1.0110070759774141,0.027518147705312128,0.5476998335736092,0.8906883267552588,0.8244085601808383,DEAF1/COL2A1/CHST11/SIX4/HOXC4/SIX1,6
GO:0051282,regulation of sequestering of calcium ion,6/823,136/18860,0.04411764705882353,1.0110070759774141,0.027518147705312128,0.5476998335736092,0.8906883267552588,0.8244085601808383,GSTM2/DMD/PLCL1/RYR2/PRKD1/F2,6
GO:0035050,embryonic heart tube development,4/823,89/18860,0.0449438202247191,1.0299397927560174,0.06047518192644069,0.5478645668180238,0.8906883267552588,0.8244085601808383,FOLR1/RYR2/VANGL2/EDN1,4
GO:1901264,carbohydrate derivative transport,4/823,89/18860,0.0449438202247191,1.0299397927560174,0.06047518192644069,0.5478645668180238,0.8906883267552588,0.8244085601808383,SLC5A2/SLC29A1/ABCC5/PLTP,4
GO:2000243,positive regulation of reproductive process,4/823,89/18860,0.0449438202247191,1.0299397927560174,0.06047518192644069,0.5478645668180238,0.8906883267552588,0.8244085601808383,AR/TAC4/SYDE1/DEFB1,4
GO:2000628,regulation of miRNA metabolic process,4/823,89/18860,0.0449438202247191,1.0299397927560174,0.06047518192644069,0.5478645668180238,0.8906883267552588,0.8244085601808383,EGFR/AR/FOXA1/ZNF512B,4
GO:0046434,organophosphate catabolic process,11/823,253/18860,0.043478260869565216,0.9963547995139733,-0.012468683367335332,0.5484951094792327,0.8906883267552588,0.8244085601808383,ANGPTL3/PDE8B/PRKAA2/NUPR1/ACAT1/GALT/PLA2G6/ADA/NT5M/PNPLA7/PGAM2,11
GO:0007519,skeletal muscle tissue development,8/823,183/18860,0.04371584699453552,1.0017993612599512,0.005224773242616819,0.5487721468094905,0.8906883267552588,0.8244085601808383,DNER/NPHS1/POPDC3/DMD/NUPR1/SIX4/SRPK3/SIX1,8
GO:1905952,regulation of lipid localization,8/823,183/18860,0.04371584699453552,1.0017993612599512,0.005224773242616819,0.5487721468094905,0.8906883267552588,0.8244085601808383,PLIN5/GHRL/ATP8A1/FABP3/ABCA2/PLTP/EDN1/ATP8A2,8
GO:0001890,placenta development,7/823,160/18860,0.04375,1.0025820170109356,0.007006084684565257,0.5514914734486699,0.8906883267552588,0.8244085601808383,GHRL/EGFR/EPOR/LDOC1/STOX2/ADM/ADA,7
GO:0001710,mesodermal cell fate commitment,1/823,18/18860,0.05555555555555555,1.2731200216011882,0.24763007327442424,0.5522390192641538,0.8906883267552588,0.8244085601808383,DKK1,1
GO:0002830,positive regulation of type 2 immune response,1/823,18/18860,0.05555555555555555,1.2731200216011882,0.24763007327442424,0.5522390192641538,0.8906883267552588,0.8244085601808383,IL33,1
GO:0002921,negative regulation of humoral immune response,1/823,18/18860,0.05555555555555555,1.2731200216011882,0.24763007327442424,0.5522390192641538,0.8906883267552588,0.8244085601808383,SUSD4,1
GO:0006577,amino-acid betaine metabolic process,1/823,18/18860,0.05555555555555555,1.2731200216011882,0.24763007327442424,0.5522390192641538,0.8906883267552588,0.8244085601808383,ACADL,1
GO:0008298,intracellular mRNA localization,1/823,18/18860,0.05555555555555555,1.2731200216011882,0.24763007327442424,0.5522390192641538,0.8906883267552588,0.8244085601808383,KIF5C,1
GO:0009151,purine deoxyribonucleotide metabolic process,1/823,18/18860,0.05555555555555555,1.2731200216011882,0.24763007327442424,0.5522390192641538,0.8906883267552588,0.8244085601808383,ADA,1
GO:0009223,pyrimidine deoxyribonucleotide catabolic process,1/823,18/18860,0.05555555555555555,1.2731200216011882,0.24763007327442424,0.5522390192641538,0.8906883267552588,0.8244085601808383,NT5M,1
GO:0010544,negative regulation of platelet activation,1/823,18/18860,0.05555555555555555,1.2731200216011882,0.24763007327442424,0.5522390192641538,0.8906883267552588,0.8244085601808383,F2,1
GO:0010755,regulation of plasminogen activation,1/823,18/18860,0.05555555555555555,1.2731200216011882,0.24763007327442424,0.5522390192641538,0.8906883267552588,0.8244085601808383,HPN,1
GO:0014841,skeletal muscle satellite cell proliferation,1/823,18/18860,0.05555555555555555,1.2731200216011882,0.24763007327442424,0.5522390192641538,0.8906883267552588,0.8244085601808383,SIX1,1
GO:0015936,coenzyme A metabolic process,1/823,18/18860,0.05555555555555555,1.2731200216011882,0.24763007327442424,0.5522390192641538,0.8906883267552588,0.8244085601808383,ACAT1,1
GO:0016264,gap junction assembly,1/823,18/18860,0.05555555555555555,1.2731200216011882,0.24763007327442424,0.5522390192641538,0.8906883267552588,0.8244085601808383,IRX3,1
GO:0016553,base conversion or substitution editing,1/823,18/18860,0.05555555555555555,1.2731200216011882,0.24763007327442424,0.5522390192641538,0.8906883267552588,0.8244085601808383,APOBEC2,1
GO:0019373,epoxygenase P450 pathway,1/823,18/18860,0.05555555555555555,1.2731200216011882,0.24763007327442424,0.5522390192641538,0.8906883267552588,0.8244085601808383,CYP2C8,1
GO:0030903,notochord development,1/823,18/18860,0.05555555555555555,1.2731200216011882,0.24763007327442424,0.5522390192641538,0.8906883267552588,0.8244085601808383,COL2A1,1
GO:0031998,regulation of fatty acid beta-oxidation,1/823,18/18860,0.05555555555555555,1.2731200216011882,0.24763007327442424,0.5522390192641538,0.8906883267552588,0.8244085601808383,PLIN5,1
GO:0032026,response to magnesium ion,1/823,18/18860,0.05555555555555555,1.2731200216011882,0.24763007327442424,0.5522390192641538,0.8906883267552588,0.8244085601808383,SLC41A1,1
GO:0032530,regulation of microvillus organization,1/823,18/18860,0.05555555555555555,1.2731200216011882,0.24763007327442424,0.5522390192641538,0.8906883267552588,0.8244085601808383,RAP1GAP,1
GO:0032933,SREBP signaling pathway,1/823,18/18860,0.05555555555555555,1.2731200216011882,0.24763007327442424,0.5522390192641538,0.8906883267552588,0.8244085601808383,INSIG1,1
GO:0035269,protein O-linked glycosylation via mannose,1/823,18/18860,0.05555555555555555,1.2731200216011882,0.24763007327442424,0.5522390192641538,0.8906883267552588,0.8244085601808383,TMTC4,1
GO:0042308,negative regulation of protein import into nucleus,1/823,18/18860,0.05555555555555555,1.2731200216011882,0.24763007327442424,0.5522390192641538,0.8906883267552588,0.8244085601808383,CABP1,1
GO:0043923,host-mediated activation of viral transcription,1/823,18/18860,0.05555555555555555,1.2731200216011882,0.24763007327442424,0.5522390192641538,0.8906883267552588,0.8244085601808383,HPN,1
GO:0044539,long-chain fatty acid import into cell,1/823,18/18860,0.05555555555555555,1.2731200216011882,0.24763007327442424,0.5522390192641538,0.8906883267552588,0.8244085601808383,FABP3,1
GO:0045945,positive regulation of transcription by RNA polymerase III,1/823,18/18860,0.05555555555555555,1.2731200216011882,0.24763007327442424,0.5522390192641538,0.8906883267552588,0.8244085601808383,AR,1
GO:0045956,positive regulation of calcium ion-dependent exocytosis,1/823,18/18860,0.05555555555555555,1.2731200216011882,0.24763007327442424,0.5522390192641538,0.8906883267552588,0.8244085601808383,SCAMP5,1
GO:0046579,positive regulation of Ras protein signal transduction,1/823,18/18860,0.05555555555555555,1.2731200216011882,0.24763007327442424,0.5522390192641538,0.8906883267552588,0.8244085601808383,KITLG,1
GO:0048368,lateral mesoderm development,1/823,18/18860,0.05555555555555555,1.2731200216011882,0.24763007327442424,0.5522390192641538,0.8906883267552588,0.8244085601808383,DAND5,1
GO:0048557,embryonic digestive tract morphogenesis,1/823,18/18860,0.05555555555555555,1.2731200216011882,0.24763007327442424,0.5522390192641538,0.8906883267552588,0.8244085601808383,RBPMS2,1
GO:0055089,fatty acid homeostasis,1/823,18/18860,0.05555555555555555,1.2731200216011882,0.24763007327442424,0.5522390192641538,0.8906883267552588,0.8244085601808383,PRKAA2,1
GO:0060039,pericardium development,1/823,18/18860,0.05555555555555555,1.2731200216011882,0.24763007327442424,0.5522390192641538,0.8906883267552588,0.8244085601808383,FLRT3,1
GO:0060644,mammary gland epithelial cell differentiation,1/823,18/18860,0.05555555555555555,1.2731200216011882,0.24763007327442424,0.5522390192641538,0.8906883267552588,0.8244085601808383,ERBB4,1
GO:0070206,protein trimerization,1/823,18/18860,0.05555555555555555,1.2731200216011882,0.24763007327442424,0.5522390192641538,0.8906883267552588,0.8244085601808383,SLC1A2,1
GO:0071499,cellular response to laminar fluid shear stress,1/823,18/18860,0.05555555555555555,1.2731200216011882,0.24763007327442424,0.5522390192641538,0.8906883267552588,0.8244085601808383,PRKACB,1
GO:0080154,regulation of fertilization,1/823,18/18860,0.05555555555555555,1.2731200216011882,0.24763007327442424,0.5522390192641538,0.8906883267552588,0.8244085601808383,NLRP5,1
GO:0090494,dopamine uptake,1/823,18/18860,0.05555555555555555,1.2731200216011882,0.24763007327442424,0.5522390192641538,0.8906883267552588,0.8244085601808383,SLC6A2,1
GO:0097094,craniofacial suture morphogenesis,1/823,18/18860,0.05555555555555555,1.2731200216011882,0.24763007327442424,0.5522390192641538,0.8906883267552588,0.8244085601808383,INSIG1,1
GO:0099601,regulation of neurotransmitter receptor activity,1/823,18/18860,0.05555555555555555,1.2731200216011882,0.24763007327442424,0.5522390192641538,0.8906883267552588,0.8244085601808383,CNIH3,1
GO:1900747,negative regulation of vascular endothelial growth factor signaling pathway,1/823,18/18860,0.05555555555555555,1.2731200216011882,0.24763007327442424,0.5522390192641538,0.8906883267552588,0.8244085601808383,HRG,1
GO:1901142,insulin metabolic process,1/823,18/18860,0.05555555555555555,1.2731200216011882,0.24763007327442424,0.5522390192641538,0.8906883267552588,0.8244085601808383,CELA2A,1
GO:1901163,regulation of trophoblast cell migration,1/823,18/18860,0.05555555555555555,1.2731200216011882,0.24763007327442424,0.5522390192641538,0.8906883267552588,0.8244085601808383,SYDE1,1
GO:1902170,cellular response to reactive nitrogen species,1/823,18/18860,0.05555555555555555,1.2731200216011882,0.24763007327442424,0.5522390192641538,0.8906883267552588,0.8244085601808383,GATA5,1
GO:1902931,negative regulation of alcohol biosynthetic process,1/823,18/18860,0.05555555555555555,1.2731200216011882,0.24763007327442424,0.5522390192641538,0.8906883267552588,0.8244085601808383,INSIG1,1
GO:1903909,regulation of receptor clustering,1/823,18/18860,0.05555555555555555,1.2731200216011882,0.24763007327442424,0.5522390192641538,0.8906883267552588,0.8244085601808383,ZDHHC2,1
GO:1905288,vascular associated smooth muscle cell apoptotic process,1/823,18/18860,0.05555555555555555,1.2731200216011882,0.24763007327442424,0.5522390192641538,0.8906883267552588,0.8244085601808383,PDCD4,1
GO:1905459,regulation of vascular associated smooth muscle cell apoptotic process,1/823,18/18860,0.05555555555555555,1.2731200216011882,0.24763007327442424,0.5522390192641538,0.8906883267552588,0.8244085601808383,PDCD4,1
GO:2000136,regulation of cell proliferation involved in heart morphogenesis,1/823,18/18860,0.05555555555555555,1.2731200216011882,0.24763007327442424,0.5522390192641538,0.8906883267552588,0.8244085601808383,SIX1,1
GO:0002360,T cell lineage commitment,2/823,42/18860,0.047619047619047616,1.0912457328010183,0.1264525442054943,0.5525548601300772,0.8906883267552588,0.8244085601808383,TOX/BRD4,2
GO:0009072,aromatic amino acid metabolic process,2/823,42/18860,0.047619047619047616,1.0912457328010183,0.1264525442054943,0.5525548601300772,0.8906883267552588,0.8244085601808383,HDC/CARNS1,2
GO:0014741,negative regulation of muscle hypertrophy,2/823,42/18860,0.047619047619047616,1.0912457328010183,0.1264525442054943,0.5525548601300772,0.8906883267552588,0.8244085601808383,IGFBP5/GATA5,2
GO:0019432,triglyceride biosynthetic process,2/823,42/18860,0.047619047619047616,1.0912457328010183,0.1264525442054943,0.5525548601300772,0.8906883267552588,0.8244085601808383,PLIN5/MOGAT1,2
GO:0032892,positive regulation of organic acid transport,2/823,42/18860,0.047619047619047616,1.0912457328010183,0.1264525442054943,0.5525548601300772,0.8906883267552588,0.8244085601808383,FABP3/EDN1,2
GO:0043647,inositol phosphate metabolic process,2/823,42/18860,0.047619047619047616,1.0912457328010183,0.1264525442054943,0.5525548601300772,0.8906883267552588,0.8244085601808383,IP6K3/PTH1R,2
GO:0090504,epiboly,2/823,42/18860,0.047619047619047616,1.0912457328010183,0.1264525442054943,0.5525548601300772,0.8906883267552588,0.8244085601808383,ARHGAP24/FIGNL2,2
GO:0099171,presynaptic modulation of chemical synaptic transmission,2/823,42/18860,0.047619047619047616,1.0912457328010183,0.1264525442054943,0.5525548601300772,0.8906883267552588,0.8244085601808383,ADCY1/CHRM2,2
GO:1901532,regulation of hematopoietic progenitor cell differentiation,2/823,42/18860,0.047619047619047616,1.0912457328010183,0.1264525442054943,0.5525548601300772,0.8906883267552588,0.8244085601808383,CDK6/KITLG,2
GO:0022029,telencephalon cell migration,3/823,66/18860,0.045454545454545456,1.0416436540373357,0.07239161767766122,0.5543352230450629,0.8916894577737766,0.8253351929397241,FGF13/ZMIZ1/EGFR,3
GO:0032623,interleukin-2 production,3/823,66/18860,0.045454545454545456,1.0416436540373357,0.07239161767766122,0.5543352230450629,0.8916894577737766,0.8253351929397241,HOMER2/CD3E/SFTPD,3
GO:0032663,regulation of interleukin-2 production,3/823,66/18860,0.045454545454545456,1.0416436540373357,0.07239161767766122,0.5543352230450629,0.8916894577737766,0.8253351929397241,HOMER2/CD3E/SFTPD,3
GO:0043113,receptor clustering,3/823,66/18860,0.045454545454545456,1.0416436540373357,0.07239161767766122,0.5543352230450629,0.8916894577737766,0.8253351929397241,CDH2/RAPSN/ZDHHC2,3
GO:0070192,chromosome organization involved in meiotic cell cycle,3/823,66/18860,0.045454545454545456,1.0416436540373357,0.07239161767766122,0.5543352230450629,0.8916894577737766,0.8253351929397241,REC8/ZCWPW1/SYCP2,3
GO:0140632,canonical inflammasome complex assembly,3/823,66/18860,0.045454545454545456,1.0416436540373357,0.07239161767766122,0.5543352230450629,0.8916894577737766,0.8253351929397241,LAMP2/PRKD1/KCNJ8,3
GO:0015837,amine transport,4/823,90/18860,0.044444444444444446,1.0184960172809505,0.03757028038015412,0.5567621842759591,0.8940353098237827,0.827506480530287,CHGA/FGF20/FFAR3/SLC18A2,4
GO:0021872,forebrain generation of neurons,4/823,90/18860,0.044444444444444446,1.0184960172809505,0.03757028038015412,0.5567621842759591,0.8940353098237827,0.827506480530287,ZMIZ1/ERBB4/TOX/ID4,4
GO:0045995,regulation of embryonic development,4/823,90/18860,0.044444444444444446,1.0184960172809505,0.03757028038015412,0.5567621842759591,0.8940353098237827,0.827506480530287,MBIP/LAMA2/WDPCP/NLRP5,4
GO:0048708,astrocyte differentiation,4/823,90/18860,0.044444444444444446,1.0184960172809505,0.03757028038015412,0.5567621842759591,0.8940353098237827,0.827506480530287,CDK6/LAMB2/F2/ID4,4
GO:0050810,regulation of steroid biosynthetic process,4/823,90/18860,0.044444444444444446,1.0184960172809505,0.03757028038015412,0.5567621842759591,0.8940353098237827,0.827506480530287,PDE8B/GNAI1/ADM/INSIG1,4
GO:0090101,negative regulation of transmembrane receptor protein serine/threonine kinase signaling pathway,9/823,208/18860,0.04326923076923077,0.9915646322086176,-0.026130642144021676,0.558303708711518,0.8961988228534455,0.8295089976938546,GPR155/RBPMS2/GREM2/BMPER/CHST11/FST/SOSTDC1/DAND5/DKK1,9
GO:0002274,myeloid leukocyte activation,11/823,255/18860,0.043137254901960784,0.9885402520668047,-0.039355679333791735,0.5591103524851573,0.8971815983028515,0.8304186407967089,DHRS2/IL33/MT1G/KIT/SCNN1B/CHGA/RORA/SLC18A2/KCNJ8/DNASE1/NPY,11
GO:0043542,endothelial cell migration,13/823,302/18860,0.04304635761589404,0.9864572352803906,-0.05067833231175278,0.5602499528071021,0.8986977866544233,0.8318220033628672,PDCD6/GLUL/PTPRM/FUT1/HDAC5/CCBE1/APOH/PRKD1/PTP4A3/BMPER/MICALL1/HRG/EDN1,13
GO:0007368,determination of left/right symmetry,6/823,138/18860,0.043478260869565216,0.9963547995139733,-0.009180407043000483,0.562085816934411,0.9006287132239507,0.8336092417774515,FOLR1/ACVR2B/DAAM2/CFC1/VANGL2/DAND5,6
GO:0098742,cell-cell adhesion via plasma-membrane adhesion molecules,12/823,279/18860,0.043010752688172046,0.9856413070460811,-0.05161305475462893,0.562176767028548,0.9006287132239507,0.8336092417774515,ROBO3/CDH2/PTPRM/PTPRS/CLDN19/CADM2/CELSR1/PCDHA7/FLRT3/PTK7/RET/GATA5,12
GO:0032715,negative regulation of interleukin-6 production,3/823,67/18860,0.04477611940298507,1.026096733827823,0.045709092157431255,0.5646068565133965,0.9006287132239507,0.8336092417774515,GHRL/ORM1/C1QTNF3,3
GO:0032922,circadian regulation of gene expression,3/823,67/18860,0.04477611940298507,1.026096733827823,0.045709092157431255,0.5646068565133965,0.9006287132239507,0.8336092417774515,PPARGC1A/RORC/RORA,3
GO:1905515,non-motile cilium assembly,3/823,67/18860,0.04477611940298507,1.026096733827823,0.045709092157431255,0.5646068565133965,0.9006287132239507,0.8336092417774515,KCNQ1/VANGL2/KCNJ10,3
GO:0001953,negative regulation of cell-matrix adhesion,2/823,43/18860,0.046511627906976744,1.0658679250614598,0.09236556970637415,0.5654081822671478,0.9006287132239507,0.8336092417774515,FAM107A/POSTN,2
GO:0003352,regulation of cilium movement,2/823,43/18860,0.046511627906976744,1.0658679250614598,0.09236556970637415,0.5654081822671478,0.9006287132239507,0.8336092417774515,TAC4/DEFB1,2
GO:0014002,astrocyte development,2/823,43/18860,0.046511627906976744,1.0658679250614598,0.09236556970637415,0.5654081822671478,0.9006287132239507,0.8336092417774515,CDK6/LAMB2,2
GO:0046640,regulation of alpha-beta T cell proliferation,2/823,43/18860,0.046511627906976744,1.0658679250614598,0.09236556970637415,0.5654081822671478,0.9006287132239507,0.8336092417774515,CD3E/SLC4A2,2
GO:0051154,negative regulation of striated muscle cell differentiation,2/823,43/18860,0.046511627906976744,1.0658679250614598,0.09236556970637415,0.5654081822671478,0.9006287132239507,0.8336092417774515,HDAC5/DKK1,2
GO:0090114,COPII-coated vesicle budding,2/823,43/18860,0.046511627906976744,1.0658679250614598,0.09236556970637415,0.5654081822671478,0.9006287132239507,0.8336092417774515,PDCD6/INSIG1,2
GO:1904861,excitatory synapse assembly,2/823,43/18860,0.046511627906976744,1.0658679250614598,0.09236556970637415,0.5654081822671478,0.9006287132239507,0.8336092417774515,PTPRS/PTPN13,2
GO:0150076,neuroinflammatory response,4/823,91/18860,0.04395604395604396,1.0073037533547862,0.014918436945177908,0.565564994941588,0.9006287132239507,0.8336092417774515,IL33/NUPR1/ADCY1/KCNJ8,4
GO:1901568,fatty acid derivative metabolic process,4/823,91/18860,0.04395604395604396,1.0073037533547862,0.014918436945177908,0.565564994941588,0.9006287132239507,0.8336092417774515,OXCT1/GGT7/ACAT1/ALOX15B,4
GO:0002685,regulation of leukocyte migration,10/823,233/18860,0.04291845493562232,0.9835261969451239,-0.054047731216831346,0.5669331450713702,0.9006287132239507,0.8336092417774515,VEGFB/PDGFD/C5/IL33/KITLG/ADA/FUT9/CXCL17/EDN1/PLVAP,10
GO:0043271,negative regulation of monoatomic ion transport,5/823,115/18860,0.043478260869565216,0.9963547995139733,-0.008375383702030151,0.5672242182270164,0.9006287132239507,0.8336092417774515,KCNE2/NEDD4L/PPP3CC/KCNQ1/PACSIN3,5
GO:0090174,organelle membrane fusion,6/823,139/18860,0.04316546762589928,0.9891867793735851,-0.02733222818951123,0.5691969855098407,0.9006287132239507,0.8336092417774515,STX12/TBC1D4/RAB7B/ERC2/TSNARE1/VAV3,6
GO:0072523,purine-containing compound catabolic process,7/823,163/18860,0.04294478527607362,0.9841295872499982,-0.043468349995814254,0.5713136512218875,0.9006287132239507,0.8336092417774515,PDE8B/PRKAA2/NUPR1/ENPP4/ACAT1/ADA/PGAM2,7
GO:0001845,phagolysosome assembly,1/823,19/18860,0.05263157894736842,1.2061137046748096,0.1920033429660855,0.5717967778431583,0.9006287132239507,0.8336092417774515,RAB7B,1
GO:0003215,cardiac right ventricle morphogenesis,1/823,19/18860,0.05263157894736842,1.2061137046748096,0.1920033429660855,0.5717967778431583,0.9006287132239507,0.8336092417774515,SMARCD3,1
GO:0006044,N-acetylglucosamine metabolic process,1/823,19/18860,0.05263157894736842,1.2061137046748096,0.1920033429660855,0.5717967778431583,0.9006287132239507,0.8336092417774515,CHST3,1
GO:0006309,apoptotic DNA fragmentation,1/823,19/18860,0.05263157894736842,1.2061137046748096,0.1920033429660855,0.5717967778431583,0.9006287132239507,0.8336092417774515,GATA5,1
GO:0006684,sphingomyelin metabolic process,1/823,19/18860,0.05263157894736842,1.2061137046748096,0.1920033429660855,0.5717967778431583,0.9006287132239507,0.8336092417774515,ABCA2,1
GO:0009168,purine ribonucleoside monophosphate biosynthetic process,1/823,19/18860,0.05263157894736842,1.2061137046748096,0.1920033429660855,0.5717967778431583,0.9006287132239507,0.8336092417774515,ADA,1
GO:0009404,toxin metabolic process,1/823,19/18860,0.05263157894736842,1.2061137046748096,0.1920033429660855,0.5717967778431583,0.9006287132239507,0.8336092417774515,FMO2,1
GO:0010288,response to lead ion,1/823,19/18860,0.05263157894736842,1.2061137046748096,0.1920033429660855,0.5717967778431583,0.9006287132239507,0.8336092417774515,ALAD,1
GO:0010633,negative regulation of epithelial cell migration,1/823,19/18860,0.05263157894736842,1.2061137046748096,0.1920033429660855,0.5717967778431583,0.9006287132239507,0.8336092417774515,EVL,1
GO:0031645,negative regulation of nervous system process,1/823,19/18860,0.05263157894736842,1.2061137046748096,0.1920033429660855,0.5717967778431583,0.9006287132239507,0.8336092417774515,TAC4,1
GO:0032303,regulation of icosanoid secretion,1/823,19/18860,0.05263157894736842,1.2061137046748096,0.1920033429660855,0.5717967778431583,0.9006287132239507,0.8336092417774515,EDN1,1
GO:0032781,positive regulation of ATP-dependent activity,1/823,19/18860,0.05263157894736842,1.2061137046748096,0.1920033429660855,0.5717967778431583,0.9006287132239507,0.8336092417774515,RGN,1
GO:0033275,actin-myosin filament sliding,1/823,19/18860,0.05263157894736842,1.2061137046748096,0.1920033429660855,0.5717967778431583,0.9006287132239507,0.8336092417774515,MYBPC3,1
GO:0034393,positive regulation of smooth muscle cell apoptotic process,1/823,19/18860,0.05263157894736842,1.2061137046748096,0.1920033429660855,0.5717967778431583,0.9006287132239507,0.8336092417774515,PDCD4,1
GO:0035372,protein localization to microtubule,1/823,19/18860,0.05263157894736842,1.2061137046748096,0.1920033429660855,0.5717967778431583,0.9006287132239507,0.8336092417774515,MID2,1
GO:0045346,regulation of MHC class II biosynthetic process,1/823,19/18860,0.05263157894736842,1.2061137046748096,0.1920033429660855,0.5717967778431583,0.9006287132239507,0.8336092417774515,IL33,1
GO:0046931,pore complex assembly,1/823,19/18860,0.05263157894736842,1.2061137046748096,0.1920033429660855,0.5717967778431583,0.9006287132239507,0.8336092417774515,TSPAN33,1
GO:0048486,parasympathetic nervous system development,1/823,19/18860,0.05263157894736842,1.2061137046748096,0.1920033429660855,0.5717967778431583,0.9006287132239507,0.8336092417774515,SIX1,1
GO:0050884,neuromuscular process controlling posture,1/823,19/18860,0.05263157894736842,1.2061137046748096,0.1920033429660855,0.5717967778431583,0.9006287132239507,0.8336092417774515,ATP8A2,1
GO:0051895,negative regulation of focal adhesion assembly,1/823,19/18860,0.05263157894736842,1.2061137046748096,0.1920033429660855,0.5717967778431583,0.9006287132239507,0.8336092417774515,FAM107A,1
GO:0055093,response to hyperoxia,1/823,19/18860,0.05263157894736842,1.2061137046748096,0.1920033429660855,0.5717967778431583,0.9006287132239507,0.8336092417774515,BNIP3,1
GO:0060438,trachea development,1/823,19/18860,0.05263157894736842,1.2061137046748096,0.1920033429660855,0.5717967778431583,0.9006287132239507,0.8336092417774515,EDA,1
GO:0061323,cell proliferation involved in heart morphogenesis,1/823,19/18860,0.05263157894736842,1.2061137046748096,0.1920033429660855,0.5717967778431583,0.9006287132239507,0.8336092417774515,SIX1,1
GO:0071318,cellular response to ATP,1/823,19/18860,0.05263157894736842,1.2061137046748096,0.1920033429660855,0.5717967778431583,0.9006287132239507,0.8336092417774515,P2RY4,1
GO:0071391,cellular response to estrogen stimulus,1/823,19/18860,0.05263157894736842,1.2061137046748096,0.1920033429660855,0.5717967778431583,0.9006287132239507,0.8336092417774515,AR,1
GO:0071501,cellular response to sterol depletion,1/823,19/18860,0.05263157894736842,1.2061137046748096,0.1920033429660855,0.5717967778431583,0.9006287132239507,0.8336092417774515,INSIG1,1
GO:0072578,neurotransmitter-gated ion channel clustering,1/823,19/18860,0.05263157894736842,1.2061137046748096,0.1920033429660855,0.5717967778431583,0.9006287132239507,0.8336092417774515,ZDHHC2,1
GO:0090110,COPII-coated vesicle cargo loading,1/823,19/18860,0.05263157894736842,1.2061137046748096,0.1920033429660855,0.5717967778431583,0.9006287132239507,0.8336092417774515,INSIG1,1
GO:0090493,catecholamine uptake,1/823,19/18860,0.05263157894736842,1.2061137046748096,0.1920033429660855,0.5717967778431583,0.9006287132239507,0.8336092417774515,SLC6A2,1
GO:0098696,regulation of neurotransmitter receptor localization to postsynaptic specialization membrane,1/823,19/18860,0.05263157894736842,1.2061137046748096,0.1920033429660855,0.5717967778431583,0.9006287132239507,0.8336092417774515,CACNA2D2,1
GO:0098885,modification of postsynaptic actin cytoskeleton,1/823,19/18860,0.05263157894736842,1.2061137046748096,0.1920033429660855,0.5717967778431583,0.9006287132239507,0.8336092417774515,WASF3,1
GO:0099638,endosome to plasma membrane protein transport,1/823,19/18860,0.05263157894736842,1.2061137046748096,0.1920033429660855,0.5717967778431583,0.9006287132239507,0.8336092417774515,ZDHHC2,1
GO:1900424,regulation of defense response to bacterium,1/823,19/18860,0.05263157894736842,1.2061137046748096,0.1920033429660855,0.5717967778431583,0.9006287132239507,0.8336092417774515,PGC,1
GO:2000846,regulation of corticosteroid hormone secretion,1/823,19/18860,0.05263157894736842,1.2061137046748096,0.1920033429660855,0.5717967778431583,0.9006287132239507,0.8336092417774515,GHRL,1
GO:2001023,regulation of response to drug,1/823,19/18860,0.05263157894736842,1.2061137046748096,0.1920033429660855,0.5717967778431583,0.9006287132239507,0.8336092417774515,PON3,1
GO:1901342,regulation of vasculature development,16/823,375/18860,0.042666666666666665,0.9777561765897124,-0.09293781123666726,0.5731824674843703,0.9022492641257279,0.8351092008489943,PDCD6/VEGFB/ANGPTL3/GLUL/PTPRM/FUT1/GHRL/CCBE1/APOH/PRKD1/GATA6/BMPER/ADM/ABCC8/HRG/S100A1,16
GO:0009953,dorsal/ventral pattern formation,4/823,92/18860,0.043478260869565216,0.9963547995139733,-0.007486579332727562,0.5742706889787648,0.9022492641257279,0.8351092008489943,GREM2/FOXA1/SOSTDC1/EDN1,4
GO:0030888,regulation of B cell proliferation,3/823,68/18860,0.04411764705882353,1.0110070759774141,0.019423031474818025,0.5747325650037639,0.9022492641257279,0.8351092008489943,NFATC2/ADA/VAV3,3
GO:0045143,homologous chromosome segregation,3/823,68/18860,0.04411764705882353,1.0110070759774141,0.019423031474818025,0.5747325650037639,0.9022492641257279,0.8351092008489943,REC8/ZCWPW1/SYCP2,3
GO:0050832,defense response to fungus,3/823,68/18860,0.04411764705882353,1.0110070759774141,0.019423031474818025,0.5747325650037639,0.9022492641257279,0.8351092008489943,CHGA/HRG/NPY,3
GO:0098930,axonal transport,3/823,68/18860,0.04411764705882353,1.0110070759774141,0.019423031474818025,0.5747325650037639,0.9022492641257279,0.8351092008489943,NEFL/KIF1A/KIF5C,3
GO:1903078,positive regulation of protein localization to plasma membrane,3/823,68/18860,0.04411764705882353,1.0110070759774141,0.019423031474818025,0.5747325650037639,0.9022492641257279,0.8351092008489943,EGFR/ZDHHC2/SORBS1,3
GO:0008637,apoptotic mitochondrial changes,5/823,116/18860,0.04310344827586207,0.9877655340009219,-0.028233191272477885,0.5749761832705884,0.9022492641257279,0.8351092008489943,ERBB4/HIP1R/BNIP3/PRKAA2/BCL2L11,5
GO:0030038,contractile actin filament bundle assembly,5/823,116/18860,0.04310344827586207,0.9877655340009219,-0.028233191272477885,0.5749761832705884,0.9022492641257279,0.8351092008489943,CGNL1/ASAP3/EVL/SORBS1/TGFB3,5
GO:0032963,collagen metabolic process,5/823,116/18860,0.04310344827586207,0.9877655340009219,-0.028233191272477885,0.5749761832705884,0.9022492641257279,0.8351092008489943,LARP6/MMP19/F2/TGFB3/PRTN3,5
GO:0043149,stress fiber assembly,5/823,116/18860,0.04310344827586207,0.9877655340009219,-0.028233191272477885,0.5749761832705884,0.9022492641257279,0.8351092008489943,CGNL1/ASAP3/EVL/SORBS1/TGFB3,5
GO:0051208,sequestering of calcium ion,6/823,140/18860,0.04285714285714286,0.9821211595209166,-0.0453552474104293,0.5762515791389344,0.9039432487172612,0.8366771291086608,GSTM2/DMD/PLCL1/RYR2/PRKD1/F2,6
GO:0032309,icosanoid secretion,2/823,44/18860,0.045454545454545456,1.0416436540373357,0.05907294344313146,0.5779933832919126,0.9057519402010787,0.8383512284509271,PLA2G1B/EDN1,2
GO:0043393,regulation of protein binding,2/823,44/18860,0.045454545454545456,1.0416436540373357,0.05907294344313146,0.5779933832919126,0.9057519402010787,0.8383512284509271,GREM2/NES,2
GO:0060236,regulation of mitotic spindle organization,2/823,44/18860,0.045454545454545456,1.0416436540373357,0.05907294344313146,0.5779933832919126,0.9057519402010787,0.8383512284509271,GNAI1/FSD1,2
GO:0030217,T cell differentiation,14/823,330/18860,0.04242424242424243,0.97220074376818,-0.108825214548637,0.581779883668861,0.9074802997856058,0.8399509737195617,SMARCD3/ZMIZ1/LEPR/CDK6/CD3E/SLC4A2/KIT/RORC/ADA/TOX/RORA/ZBTB16/FZD8/BRD4,14
GO:0060326,cell chemotaxis,14/823,330/18860,0.04242424242424243,0.97220074376818,-0.108825214548637,0.581779883668861,0.9074802997856058,0.8399509737195617,VEGFB/PDGFD/C5/CCL16/CYP7B1/PRKD1/PLA2G1B/SFTPD/KIT/CHGA/VAV3/CXCL17/HRG/EDN1,14
GO:0000422,autophagy of mitochondrion,5/823,117/18860,0.042735042735042736,0.9793230935393754,-0.047922121572862825,0.5826546213912842,0.9074802997856058,0.8399509737195617,GABARAPL1/BNIP3/ULK1/ULK2/ATG9B,5
GO:0030316,osteoclast differentiation,5/823,117/18860,0.042735042735042736,0.9793230935393754,-0.047922121572862825,0.5826546213912842,0.9074802997856058,0.8399509737195617,LRRC17/GPC3/SLC4A2/MITF/TF,5
GO:0097581,lamellipodium organization,4/823,93/18860,0.043010752688172046,0.9856413070460811,-0.0296507751293954,0.5828771277468461,0.9074802997856058,0.8399509737195617,WASF3/KIT/VAV3/HRG,4
GO:0045621,positive regulation of lymphocyte differentiation,6/823,141/18860,0.0425531914893617,0.9751557612264419,-0.06325152836020119,0.5832481660983491,0.9074802997856058,0.8399509737195617,SMARCD3/ZMIZ1/ADA/TOX/ZBTB16/BRD4,6
GO:0098876,vesicle-mediated transport to the plasma membrane,7/823,165/18860,0.04242424242424243,0.97220074376818,-0.07661071386014649,0.5842977955426033,0.9074802997856058,0.8399509737195617,STX12/GGA2/RAB26/ZDHHC2/RAB17/MICALL1/ANKRD50,7
GO:0000381,"regulation of alternative mRNA splicing, via spliceosome",3/823,69/18860,0.043478260869565216,0.9963547995139733,-0.006479598762869419,0.5847098827560345,0.9074802997856058,0.8399509737195617,CELF4/RBPMS2/SRRM4,3
GO:0021885,forebrain cell migration,3/823,69/18860,0.043478260869565216,0.9963547995139733,-0.006479598762869419,0.5847098827560345,0.9074802997856058,0.8399509737195617,FGF13/ZMIZ1/EGFR,3
GO:0035904,aorta development,3/823,69/18860,0.043478260869565216,0.9963547995139733,-0.006479598762869419,0.5847098827560345,0.9074802997856058,0.8399509737195617,EFEMP2/TFAP2B/SIX1,3
GO:0001776,leukocyte homeostasis,5/823,118/18860,0.0423728813559322,0.9710237452890417,-0.06744540745284212,0.5902578905705624,0.9074802997856058,0.8399509737195617,CHST3/TSC22D3/BCL2L11/KITLG/ADA,5
GO:0003176,aortic valve development,2/823,45/18860,0.044444444444444446,1.0184960172809505,0.026534411702966935,0.590309361859618,0.9074802997856058,0.8399509737195617,ADAMTS19/GATA5,2
GO:0005978,glycogen biosynthetic process,2/823,45/18860,0.044444444444444446,1.0184960172809505,0.026534411702966935,0.590309361859618,0.9074802997856058,0.8399509737195617,PPP1R3C/SORBS1,2
GO:0009250,glucan biosynthetic process,2/823,45/18860,0.044444444444444446,1.0184960172809505,0.026534411702966935,0.590309361859618,0.9074802997856058,0.8399509737195617,PPP1R3C/SORBS1,2
GO:0021587,cerebellum morphogenesis,2/823,45/18860,0.044444444444444446,1.0184960172809505,0.026534411702966935,0.590309361859618,0.9074802997856058,0.8399509737195617,CBS/RORA,2
GO:0030574,collagen catabolic process,2/823,45/18860,0.044444444444444446,1.0184960172809505,0.026534411702966935,0.590309361859618,0.9074802997856058,0.8399509737195617,MMP19/PRTN3,2
GO:0031111,negative regulation of microtubule polymerization or depolymerization,2/823,45/18860,0.044444444444444446,1.0184960172809505,0.026534411702966935,0.590309361859618,0.9074802997856058,0.8399509737195617,FGF13/APC2,2
GO:0042417,dopamine metabolic process,2/823,45/18860,0.044444444444444446,1.0184960172809505,0.026534411702966935,0.590309361859618,0.9074802997856058,0.8399509737195617,PDE1B/NPY,2
GO:0045494,photoreceptor cell maintenance,2/823,45/18860,0.044444444444444446,1.0184960172809505,0.026534411702966935,0.590309361859618,0.9074802997856058,0.8399509737195617,RDH12/ATP1B2,2
GO:1904407,positive regulation of nitric oxide metabolic process,2/823,45/18860,0.044444444444444446,1.0184960172809505,0.026534411702966935,0.590309361859618,0.9074802997856058,0.8399509737195617,EDN1/NPY,2
GO:0001829,trophectodermal cell differentiation,1/823,20/18860,0.05,1.1458080194410694,0.13935836893374418,0.5905012654942956,0.9074802997856058,0.8399509737195617,ADA,1
GO:0002281,macrophage activation involved in immune response,1/823,20/18860,0.05,1.1458080194410694,0.13935836893374418,0.5905012654942956,0.9074802997856058,0.8399509737195617,IL33,1
GO:0002424,T cell mediated immune response to tumor cell,1/823,20/18860,0.05,1.1458080194410694,0.13935836893374418,0.5905012654942956,0.9074802997856058,0.8399509737195617,SLC22A13,1
GO:0002643,regulation of tolerance induction,1/823,20/18860,0.05,1.1458080194410694,0.13935836893374418,0.5905012654942956,0.9074802997856058,0.8399509737195617,CD3E,1
GO:0003184,pulmonary valve morphogenesis,1/823,20/18860,0.05,1.1458080194410694,0.13935836893374418,0.5905012654942956,0.9074802997856058,0.8399509737195617,ADAMTS19,1
GO:0006089,lactate metabolic process,1/823,20/18860,0.05,1.1458080194410694,0.13935836893374418,0.5905012654942956,0.9074802997856058,0.8399509737195617,LDHB,1
GO:0006415,translational termination,1/823,20/18860,0.05,1.1458080194410694,0.13935836893374418,0.5905012654942956,0.9074802997856058,0.8399509737195617,EIF5A2,1
GO:0010522,regulation of calcium ion transport into cytosol,1/823,20/18860,0.05,1.1458080194410694,0.13935836893374418,0.5905012654942956,0.9074802997856058,0.8399509737195617,PLA2G1B,1
GO:0015810,aspartate transmembrane transport,1/823,20/18860,0.05,1.1458080194410694,0.13935836893374418,0.5905012654942956,0.9074802997856058,0.8399509737195617,SLC1A2,1
GO:0016556,mRNA modification,1/823,20/18860,0.05,1.1458080194410694,0.13935836893374418,0.5905012654942956,0.9074802997856058,0.8399509737195617,APOBEC2,1
GO:0021692,cerebellar Purkinje cell layer morphogenesis,1/823,20/18860,0.05,1.1458080194410694,0.13935836893374418,0.5905012654942956,0.9074802997856058,0.8399509737195617,RORA,1
GO:0030812,negative regulation of nucleotide catabolic process,1/823,20/18860,0.05,1.1458080194410694,0.13935836893374418,0.5905012654942956,0.9074802997856058,0.8399509737195617,NUPR1,1
GO:0033122,negative regulation of purine nucleotide catabolic process,1/823,20/18860,0.05,1.1458080194410694,0.13935836893374418,0.5905012654942956,0.9074802997856058,0.8399509737195617,NUPR1,1
GO:0042053,regulation of dopamine metabolic process,1/823,20/18860,0.05,1.1458080194410694,0.13935836893374418,0.5905012654942956,0.9074802997856058,0.8399509737195617,NPY,1
GO:0042402,biogenic amine catabolic process,1/823,20/18860,0.05,1.1458080194410694,0.13935836893374418,0.5905012654942956,0.9074802997856058,0.8399509737195617,PDE1B,1
GO:0042985,negative regulation of amyloid precursor protein biosynthetic process,1/823,20/18860,0.05,1.1458080194410694,0.13935836893374418,0.5905012654942956,0.9074802997856058,0.8399509737195617,ITM2A,1
GO:0043129,surfactant homeostasis,1/823,20/18860,0.05,1.1458080194410694,0.13935836893374418,0.5905012654942956,0.9074802997856058,0.8399509737195617,SFTPD,1
GO:0043506,regulation of JUN kinase activity,1/823,20/18860,0.05,1.1458080194410694,0.13935836893374418,0.5905012654942956,0.9074802997856058,0.8399509737195617,PDCD4,1
GO:0045342,MHC class II biosynthetic process,1/823,20/18860,0.05,1.1458080194410694,0.13935836893374418,0.5905012654942956,0.9074802997856058,0.8399509737195617,IL33,1
GO:0045655,regulation of monocyte differentiation,1/823,20/18860,0.05,1.1458080194410694,0.13935836893374418,0.5905012654942956,0.9074802997856058,0.8399509737195617,CDK6,1
GO:0045762,positive regulation of adenylate cyclase activity,1/823,20/18860,0.05,1.1458080194410694,0.13935836893374418,0.5905012654942956,0.9074802997856058,0.8399509737195617,DRD5,1
GO:0045820,negative regulation of glycolytic process,1/823,20/18860,0.05,1.1458080194410694,0.13935836893374418,0.5905012654942956,0.9074802997856058,0.8399509737195617,NUPR1,1
GO:0046782,regulation of viral transcription,1/823,20/18860,0.05,1.1458080194410694,0.13935836893374418,0.5905012654942956,0.9074802997856058,0.8399509737195617,MID2,1
GO:0046827,positive regulation of protein export from nucleus,1/823,20/18860,0.05,1.1458080194410694,0.13935836893374418,0.5905012654942956,0.9074802997856058,0.8399509737195617,PRKD1,1
GO:0050965,detection of temperature stimulus involved in sensory perception of pain,1/823,20/18860,0.05,1.1458080194410694,0.13935836893374418,0.5905012654942956,0.9074802997856058,0.8399509737195617,TAC4,1
GO:0051580,regulation of neurotransmitter uptake,1/823,20/18860,0.05,1.1458080194410694,0.13935836893374418,0.5905012654942956,0.9074802997856058,0.8399509737195617,GPM6B,1
GO:0051797,regulation of hair follicle development,1/823,20/18860,0.05,1.1458080194410694,0.13935836893374418,0.5905012654942956,0.9074802997856058,0.8399509737195617,FST,1
GO:0051923,sulfation,1/823,20/18860,0.05,1.1458080194410694,0.13935836893374418,0.5905012654942956,0.9074802997856058,0.8399509737195617,SULT2A1,1
GO:0070230,positive regulation of lymphocyte apoptotic process,1/823,20/18860,0.05,1.1458080194410694,0.13935836893374418,0.5905012654942956,0.9074802997856058,0.8399509737195617,BCL2L11,1
GO:0097284,hepatocyte apoptotic process,1/823,20/18860,0.05,1.1458080194410694,0.13935836893374418,0.5905012654942956,0.9074802997856058,0.8399509737195617,PRKAA2,1
GO:0098974,postsynaptic actin cytoskeleton organization,1/823,20/18860,0.05,1.1458080194410694,0.13935836893374418,0.5905012654942956,0.9074802997856058,0.8399509737195617,SH3GL2,1
GO:0099150,regulation of postsynaptic specialization assembly,1/823,20/18860,0.05,1.1458080194410694,0.13935836893374418,0.5905012654942956,0.9074802997856058,0.8399509737195617,PTPRS,1
GO:0106070,regulation of adenylate cyclase-activating G protein-coupled receptor signaling pathway,1/823,20/18860,0.05,1.1458080194410694,0.13935836893374418,0.5905012654942956,0.9074802997856058,0.8399509737195617,APLP1,1
GO:0150118,negative regulation of cell-substrate junction organization,1/823,20/18860,0.05,1.1458080194410694,0.13935836893374418,0.5905012654942956,0.9074802997856058,0.8399509737195617,FAM107A,1
GO:1902548,negative regulation of cellular response to vascular endothelial growth factor stimulus,1/823,20/18860,0.05,1.1458080194410694,0.13935836893374418,0.5905012654942956,0.9074802997856058,0.8399509737195617,HRG,1
GO:1903830,magnesium ion transmembrane transport,1/823,20/18860,0.05,1.1458080194410694,0.13935836893374418,0.5905012654942956,0.9074802997856058,0.8399509737195617,SLC41A1,1
GO:2000318,positive regulation of T-helper 17 type immune response,1/823,20/18860,0.05,1.1458080194410694,0.13935836893374418,0.5905012654942956,0.9074802997856058,0.8399509737195617,BRD4,1
GO:2001185,"regulation of CD8-positive, alpha-beta T cell activation",1/823,20/18860,0.05,1.1458080194410694,0.13935836893374418,0.5905012654942956,0.9074802997856058,0.8399509737195617,SLC4A2,1
GO:0030968,endoplasmic reticulum unfolded protein response,4/823,94/18860,0.0425531914893617,0.9751557612264419,-0.05157994331782643,0.5913823394718506,0.9085317898344176,0.8409242180870312,ASB11/FUT1/TMTC4/BCL2L11,4
GO:0045576,mast cell activation,3/823,70/18860,0.04285714285714286,0.9821211595209166,-0.03201120883496181,0.5945366448813594,0.9127699987117344,0.8448470444824585,KIT/CHGA/SLC18A2,3
GO:0061371,determination of heart left/right asymmetry,3/823,70/18860,0.04285714285714286,0.9821211595209166,-0.03201120883496181,0.5945366448813594,0.9127699987117344,0.8448470444824585,FOLR1/VANGL2/DAND5,3
GO:0034101,erythrocyte homeostasis,7/823,167/18860,0.041916167664670656,0.9605576210883215,-0.10936010756597873,0.5970864094994796,0.9133761570813684,0.845408096125037,GLUL/HBZ/SMAD5/CDK6/KIT/SCNN1B/KCNQ1,7
GO:0051495,positive regulation of cytoskeleton organization,8/823,191/18860,0.041884816753926704,0.9598391785893774,-0.11916146608755494,0.5975786612662726,0.9133761570813684,0.845408096125037,WASF3/NPHS1/EVL/PRKD1/NES/TGFB3/LMOD2/EDN1,8
GO:0015908,fatty acid transport,5/823,119/18860,0.04201680672268908,0.9628638818832516,-0.08680619099196789,0.597784450496383,0.9133761570813684,0.845408096125037,FABP3/RBP7/PLA2G1B/EDN1/KCNJ8,5
GO:0002701,negative regulation of production of molecular mediator of immune response,2/823,46/18860,0.043478260869565216,0.9963547995139733,-0.005287335401835702,0.6023556224901936,0.9133761570813684,0.845408096125037,IL33/TGFB3,2
GO:0034314,Arp2/3 complex-mediated actin nucleation,2/823,46/18860,0.043478260869565216,0.9963547995139733,-0.005287335401835702,0.6023556224901936,0.9133761570813684,0.845408096125037,WASF3/HIP1R,2
GO:0042158,lipoprotein biosynthetic process,2/823,46/18860,0.043478260869565216,0.9963547995139733,-0.005287335401835702,0.6023556224901936,0.9133761570813684,0.845408096125037,GLUL/ZDHHC2,2
GO:0042168,heme metabolic process,2/823,46/18860,0.043478260869565216,0.9963547995139733,-0.005287335401835702,0.6023556224901936,0.9133761570813684,0.845408096125037,HMOX2/ALAD,2
GO:0043001,Golgi to plasma membrane protein transport,2/823,46/18860,0.043478260869565216,0.9963547995139733,-0.005287335401835702,0.6023556224901936,0.9133761570813684,0.845408096125037,GGA2/RAB26,2
GO:0045601,regulation of endothelial cell differentiation,2/823,46/18860,0.043478260869565216,0.9963547995139733,-0.005287335401835702,0.6023556224901936,0.9133761570813684,0.845408096125037,PROC/S1PR3,2
GO:0060412,ventricular septum morphogenesis,2/823,46/18860,0.043478260869565216,0.9963547995139733,-0.005287335401835702,0.6023556224901936,0.9133761570813684,0.845408096125037,ADAMTS19/VANGL2,2
GO:0072528,pyrimidine-containing compound biosynthetic process,2/823,46/18860,0.043478260869565216,0.9963547995139733,-0.005287335401835702,0.6023556224901936,0.9133761570813684,0.845408096125037,NME9/NME3,2
GO:0150052,regulation of postsynapse assembly,2/823,46/18860,0.043478260869565216,0.9963547995139733,-0.005287335401835702,0.6023556224901936,0.9133761570813684,0.845408096125037,CYFIP2/SYNDIG1,2
GO:0150077,regulation of neuroinflammatory response,2/823,46/18860,0.043478260869565216,0.9963547995139733,-0.005287335401835702,0.6023556224901936,0.9133761570813684,0.845408096125037,IL33/NUPR1,2
GO:0030307,positive regulation of cell growth,7/823,168/18860,0.041666666666666664,0.954840016200891,-0.125590742309196,0.6034046884139865,0.9133761570813684,0.845408096125037,EGFR/HPN/NEDD4L/ZFYVE27/F2/NTN1/EDN1,7
GO:0003143,embryonic heart tube morphogenesis,3/823,71/18860,0.04225352112676056,0.968288467133298,-0.057183623544991895,0.6042109742159911,0.9133761570813684,0.845408096125037,FOLR1/RYR2/VANGL2,3
GO:0007566,embryo implantation,3/823,71/18860,0.04225352112676056,0.968288467133298,-0.057183623544991895,0.6042109742159911,0.9133761570813684,0.845408096125037,ACVR2B/SYDE1/FBLN1,3
GO:0061951,establishment of protein localization to plasma membrane,3/823,71/18860,0.04225352112676056,0.968288467133298,-0.057183623544991895,0.6042109742159911,0.9133761570813684,0.845408096125037,GGA2/RAB26/ZDHHC2,3
GO:1901657,glycosyl compound metabolic process,3/823,71/18860,0.04225352112676056,0.968288467133298,-0.057183623544991895,0.6042109742159911,0.9133761570813684,0.845408096125037,GNMT/ENPP4/ADA,3
GO:1904263,positive regulation of TORC1 signaling,3/823,71/18860,0.04225352112676056,0.968288467133298,-0.057183623544991895,0.6042109742159911,0.9133761570813684,0.845408096125037,GPR155/PRKAA2/RNF152,3
GO:0051924,regulation of calcium ion transport,10/823,240/18860,0.041666666666666664,0.954840016200891,-0.15039959099324227,0.6046823698648569,0.9133761570813684,0.845408096125037,GSTM2/DMD/HOMER2/RYR2/PPP3CC/PRKD1/PLA2G1B/F2/PACSIN3/CAMK2B,10
GO:0010821,regulation of mitochondrion organization,5/823,120/18860,0.041666666666666664,0.954840016200891,-0.10600752681624522,0.6052328607443194,0.9133761570813684,0.845408096125037,HIP1R/BNIP3/PLD6/PRKAA2/BCL2L11,5
GO:1901879,regulation of protein depolymerization,4/823,96/18860,0.041666666666666664,0.954840016200891,-0.0947553580597067,0.6080820024667466,0.9133761570813684,0.845408096125037,FGF13/APC2/NES/LMOD2,4
GO:0001502,cartilage condensation,1/823,21/18860,0.047619047619047616,1.0912457328010183,0.08936560151256535,0.6083896656268963,0.9133761570813684,0.845408096125037,COL2A1,1
GO:0002902,regulation of B cell apoptotic process,1/823,21/18860,0.047619047619047616,1.0912457328010183,0.08936560151256535,0.6083896656268963,0.9133761570813684,0.845408096125037,ADA,1
GO:0006244,pyrimidine nucleotide catabolic process,1/823,21/18860,0.047619047619047616,1.0912457328010183,0.08936560151256535,0.6083896656268963,0.9133761570813684,0.845408096125037,NT5M,1
GO:0006337,nucleosome disassembly,1/823,21/18860,0.047619047619047616,1.0912457328010183,0.08936560151256535,0.6083896656268963,0.9133761570813684,0.845408096125037,SMARCD3,1
GO:0006991,response to sterol depletion,1/823,21/18860,0.047619047619047616,1.0912457328010183,0.08936560151256535,0.6083896656268963,0.9133761570813684,0.845408096125037,INSIG1,1
GO:0007351,tripartite regional subdivision,1/823,21/18860,0.047619047619047616,1.0912457328010183,0.08936560151256535,0.6083896656268963,0.9133761570813684,0.845408096125037,PLD6,1
GO:0008595,"anterior/posterior axis specification, embryo",1/823,21/18860,0.047619047619047616,1.0912457328010183,0.08936560151256535,0.6083896656268963,0.9133761570813684,0.845408096125037,PLD6,1
GO:0009127,purine nucleoside monophosphate biosynthetic process,1/823,21/18860,0.047619047619047616,1.0912457328010183,0.08936560151256535,0.6083896656268963,0.9133761570813684,0.845408096125037,ADA,1
GO:0009163,nucleoside biosynthetic process,1/823,21/18860,0.047619047619047616,1.0912457328010183,0.08936560151256535,0.6083896656268963,0.9133761570813684,0.845408096125037,ADA,1
GO:0010744,positive regulation of macrophage derived foam cell differentiation,1/823,21/18860,0.047619047619047616,1.0912457328010183,0.08936560151256535,0.6083896656268963,0.9133761570813684,0.845408096125037,ALOX15B,1
GO:0010759,positive regulation of macrophage chemotaxis,1/823,21/18860,0.047619047619047616,1.0912457328010183,0.08936560151256535,0.6083896656268963,0.9133761570813684,0.845408096125037,CXCL17,1
GO:0015693,magnesium ion transport,1/823,21/18860,0.047619047619047616,1.0912457328010183,0.08936560151256535,0.6083896656268963,0.9133761570813684,0.845408096125037,SLC41A1,1
GO:0018198,peptidyl-cysteine modification,1/823,21/18860,0.047619047619047616,1.0912457328010183,0.08936560151256535,0.6083896656268963,0.9133761570813684,0.845408096125037,ZDHHC2,1
GO:0021516,dorsal spinal cord development,1/823,21/18860,0.047619047619047616,1.0912457328010183,0.08936560151256535,0.6083896656268963,0.9133761570813684,0.845408096125037,DAAM2,1
GO:0032634,interleukin-5 production,1/823,21/18860,0.047619047619047616,1.0912457328010183,0.08936560151256535,0.6083896656268963,0.9133761570813684,0.845408096125037,IL33,1
GO:0032674,regulation of interleukin-5 production,1/823,21/18860,0.047619047619047616,1.0912457328010183,0.08936560151256535,0.6083896656268963,0.9133761570813684,0.845408096125037,IL33,1
GO:0034144,negative regulation of toll-like receptor 4 signaling pathway,1/823,21/18860,0.047619047619047616,1.0912457328010183,0.08936560151256535,0.6083896656268963,0.9133761570813684,0.845408096125037,RAB7B,1
GO:0034375,high-density lipoprotein particle remodeling,1/823,21/18860,0.047619047619047616,1.0912457328010183,0.08936560151256535,0.6083896656268963,0.9133761570813684,0.845408096125037,PLTP,1
GO:0034404,nucleobase-containing small molecule biosynthetic process,1/823,21/18860,0.047619047619047616,1.0912457328010183,0.08936560151256535,0.6083896656268963,0.9133761570813684,0.845408096125037,ADA,1
GO:0035332,positive regulation of hippo signaling,1/823,21/18860,0.047619047619047616,1.0912457328010183,0.08936560151256535,0.6083896656268963,0.9133761570813684,0.845408096125037,FRMD1,1
GO:0035795,negative regulation of mitochondrial membrane permeability,1/823,21/18860,0.047619047619047616,1.0912457328010183,0.08936560151256535,0.6083896656268963,0.9133761570813684,0.845408096125037,BNIP3,1
GO:0035864,response to potassium ion,1/823,21/18860,0.047619047619047616,1.0912457328010183,0.08936560151256535,0.6083896656268963,0.9133761570813684,0.845408096125037,KCNJ10,1
GO:0042069,regulation of catecholamine metabolic process,1/823,21/18860,0.047619047619047616,1.0912457328010183,0.08936560151256535,0.6083896656268963,0.9133761570813684,0.845408096125037,NPY,1
GO:0042359,vitamin D metabolic process,1/823,21/18860,0.047619047619047616,1.0912457328010183,0.08936560151256535,0.6083896656268963,0.9133761570813684,0.845408096125037,GC,1
GO:0043011,myeloid dendritic cell differentiation,1/823,21/18860,0.047619047619047616,1.0912457328010183,0.08936560151256535,0.6083896656268963,0.9133761570813684,0.845408096125037,DHRS2,1
GO:0043407,negative regulation of MAP kinase activity,1/823,21/18860,0.047619047619047616,1.0912457328010183,0.08936560151256535,0.6083896656268963,0.9133761570813684,0.845408096125037,PDCD4,1
GO:0045217,cell-cell junction maintenance,1/823,21/18860,0.047619047619047616,1.0912457328010183,0.08936560151256535,0.6083896656268963,0.9133761570813684,0.845408096125037,PRTN3,1
GO:0045618,positive regulation of keratinocyte differentiation,1/823,21/18860,0.047619047619047616,1.0912457328010183,0.08936560151256535,0.6083896656268963,0.9133761570813684,0.845408096125037,ALOX15B,1
GO:0048245,eosinophil chemotaxis,1/823,21/18860,0.047619047619047616,1.0912457328010183,0.08936560151256535,0.6083896656268963,0.9133761570813684,0.845408096125037,CCL16,1
GO:0050862,positive regulation of T cell receptor signaling pathway,1/823,21/18860,0.047619047619047616,1.0912457328010183,0.08936560151256535,0.6083896656268963,0.9133761570813684,0.845408096125037,ADA,1
GO:0055070,copper ion homeostasis,1/823,21/18860,0.047619047619047616,1.0912457328010183,0.08936560151256535,0.6083896656268963,0.9133761570813684,0.845408096125037,MT2A,1
GO:0070875,positive regulation of glycogen metabolic process,1/823,21/18860,0.047619047619047616,1.0912457328010183,0.08936560151256535,0.6083896656268963,0.9133761570813684,0.845408096125037,SORBS1,1
GO:0070886,positive regulation of calcineurin-NFAT signaling cascade,1/823,21/18860,0.047619047619047616,1.0912457328010183,0.08936560151256535,0.6083896656268963,0.9133761570813684,0.845408096125037,PPP3CC,1
GO:0071605,monocyte chemotactic protein-1 production,1/823,21/18860,0.047619047619047616,1.0912457328010183,0.08936560151256535,0.6083896656268963,0.9133761570813684,0.845408096125037,C1QTNF3,1
GO:0071637,regulation of monocyte chemotactic protein-1 production,1/823,21/18860,0.047619047619047616,1.0912457328010183,0.08936560151256535,0.6083896656268963,0.9133761570813684,0.845408096125037,C1QTNF3,1
GO:0072567,chemokine (C-X-C motif) ligand 2 production,1/823,21/18860,0.047619047619047616,1.0912457328010183,0.08936560151256535,0.6083896656268963,0.9133761570813684,0.845408096125037,POSTN,1
GO:0090520,sphingolipid mediated signaling pathway,1/823,21/18860,0.047619047619047616,1.0912457328010183,0.08936560151256535,0.6083896656268963,0.9133761570813684,0.845408096125037,S1PR3,1
GO:0090713,immunological memory process,1/823,21/18860,0.047619047619047616,1.0912457328010183,0.08936560151256535,0.6083896656268963,0.9133761570813684,0.845408096125037,ST3GAL1,1
GO:0106058,positive regulation of calcineurin-mediated signaling,1/823,21/18860,0.047619047619047616,1.0912457328010183,0.08936560151256535,0.6083896656268963,0.9133761570813684,0.845408096125037,PPP3CC,1
GO:0141086,negative regulation of inflammasome-mediated signaling pathway,1/823,21/18860,0.047619047619047616,1.0912457328010183,0.08936560151256535,0.6083896656268963,0.9133761570813684,0.845408096125037,LAMP2,1
GO:1901739,regulation of myoblast fusion,1/823,21/18860,0.047619047619047616,1.0912457328010183,0.08936560151256535,0.6083896656268963,0.9133761570813684,0.845408096125037,NFATC2,1
GO:1901881,positive regulation of protein depolymerization,1/823,21/18860,0.047619047619047616,1.0912457328010183,0.08936560151256535,0.6083896656268963,0.9133761570813684,0.845408096125037,NES,1
GO:1902004,positive regulation of amyloid-beta formation,1/823,21/18860,0.047619047619047616,1.0912457328010183,0.08936560151256535,0.6083896656268963,0.9133761570813684,0.845408096125037,ABCA2,1
GO:1903427,negative regulation of reactive oxygen species biosynthetic process,1/823,21/18860,0.047619047619047616,1.0912457328010183,0.08936560151256535,0.6083896656268963,0.9133761570813684,0.845408096125037,SLC18A2,1
GO:1903428,positive regulation of reactive oxygen species biosynthetic process,1/823,21/18860,0.047619047619047616,1.0912457328010183,0.08936560151256535,0.6083896656268963,0.9133761570813684,0.845408096125037,DUOXA1,1
GO:2000341,regulation of chemokine (C-X-C motif) ligand 2 production,1/823,21/18860,0.047619047619047616,1.0912457328010183,0.08936560151256535,0.6083896656268963,0.9133761570813684,0.845408096125037,POSTN,1
GO:0000086,G2/M transition of mitotic cell cycle,6/823,145/18860,0.041379310344827586,0.9482549126408849,-0.13360887435124863,0.6106282306453366,0.9158431213611401,0.8476914834882834,SMARCD3/CDK14/TPD52L1/CDK6/NES/BRD4,6
GO:0001889,liver development,6/823,145/18860,0.041379310344827586,0.9482549126408849,-0.13360887435124863,0.6106282306453366,0.9158431213611401,0.8476914834882834,HPN/GATA6/ACAT1/ADA/FGL1/DBP,6
GO:0060972,left/right pattern formation,6/823,145/18860,0.041379310344827586,0.9482549126408849,-0.13360887435124863,0.6106282306453366,0.9158431213611401,0.8476914834882834,FOLR1/ACVR2B/DAAM2/CFC1/VANGL2/DAND5,6
GO:0006661,phosphatidylinositol biosynthetic process,5/823,121/18860,0.04132231404958678,0.9469487763975779,-0.12505238526636062,0.6126017788871554,0.9160375623648986,0.8478714553405391,TTC7B/PIGZ/IP6K3/PIK3C2G/CWH43,5
GO:0051261,protein depolymerization,5/823,121/18860,0.04132231404958678,0.9469487763975779,-0.12505238526636062,0.6126017788871554,0.9160375623648986,0.8478714553405391,FGF13/DNAJC6/APC2/NES/LMOD2,5
GO:0071621,granulocyte chemotaxis,5/823,121/18860,0.04132231404958678,0.9469487763975779,-0.12505238526636062,0.6126017788871554,0.9160375623648986,0.8478714553405391,CCL16/PLA2G1B/VAV3/CXCL17/EDN1,5
GO:1903076,regulation of protein localization to plasma membrane,5/823,121/18860,0.04132231404958678,0.9469487763975779,-0.12505238526636062,0.6126017788871554,0.9160375623648986,0.8478714553405391,EGFR/AR/ZDHHC2/SORBS1/CAMK2B,5
GO:0003208,cardiac ventricle morphogenesis,3/823,72/18860,0.041666666666666664,0.954840016200891,-0.08200811794810993,0.613731268383481,0.9160375623648986,0.8478714553405391,MYBPC3/SMARCD3/RYR2,3
GO:0045600,positive regulation of fat cell differentiation,3/823,72/18860,0.041666666666666664,0.954840016200891,-0.08200811794810993,0.613731268383481,0.9160375623648986,0.8478714553405391,FNDC5/ZBTB16/SIX1,3
GO:0141084,inflammasome-mediated signaling pathway,3/823,72/18860,0.041666666666666664,0.954840016200891,-0.08200811794810993,0.613731268383481,0.9160375623648986,0.8478714553405391,LAMP2/PRKD1/KCNJ8,3
GO:0001990,regulation of systemic arterial blood pressure by hormone,2/823,47/18860,0.0425531914893617,0.9751557612264419,-0.036426940046912125,0.614132224909425,0.9160375623648986,0.8478714553405391,DRD5/EDN1,2
GO:0010463,mesenchymal cell proliferation,2/823,47/18860,0.0425531914893617,0.9751557612264419,-0.036426940046912125,0.614132224909425,0.9160375623648986,0.8478714553405391,GPC3/SIX1,2
GO:0035330,regulation of hippo signaling,2/823,47/18860,0.0425531914893617,0.9751557612264419,-0.036426940046912125,0.614132224909425,0.9160375623648986,0.8478714553405391,WTIP/FRMD1,2
GO:0045663,positive regulation of myoblast differentiation,2/823,47/18860,0.0425531914893617,0.9751557612264419,-0.036426940046912125,0.614132224909425,0.9160375623648986,0.8478714553405391,RANBP3L/SMARCD3,2
GO:0046633,alpha-beta T cell proliferation,2/823,47/18860,0.0425531914893617,0.9751557612264419,-0.036426940046912125,0.614132224909425,0.9160375623648986,0.8478714553405391,CD3E/SLC4A2,2
GO:0046850,regulation of bone remodeling,2/823,47/18860,0.0425531914893617,0.9751557612264419,-0.036426940046912125,0.614132224909425,0.9160375623648986,0.8478714553405391,LEPR/SLC4A2,2
GO:0048806,genitalia development,2/823,47/18860,0.0425531914893617,0.9751557612264419,-0.036426940046912125,0.614132224909425,0.9160375623648986,0.8478714553405391,AR/SYCP2,2
GO:0071364,cellular response to epidermal growth factor stimulus,2/823,47/18860,0.0425531914893617,0.9751557612264419,-0.036426940046912125,0.614132224909425,0.9160375623648986,0.8478714553405391,ERBB4/EGFR,2
GO:1902692,regulation of neuroblast proliferation,2/823,47/18860,0.0425531914893617,0.9751557612264419,-0.036426940046912125,0.614132224909425,0.9160375623648986,0.8478714553405391,SMARCD3/ID4,2
GO:1990776,response to angiotensin,2/823,47/18860,0.0425531914893617,0.9751557612264419,-0.036426940046912125,0.614132224909425,0.9160375623648986,0.8478714553405391,KL/PRKD1,2
GO:0031333,negative regulation of protein-containing complex assembly,6/823,146/18860,0.0410958904109589,0.941760015978961,-0.15090077064018217,0.6173157150126138,0.9163209725908695,0.8481337758507723,LAMP2/HIP1R/ULK1/KANK4/LMOD2/DKK1,6
GO:0032272,negative regulation of protein polymerization,3/823,73/18860,0.0410958904109589,0.941760015978961,-0.10649545042517201,0.6230961870879006,0.9163209725908695,0.8481337758507723,HIP1R/KANK4/LMOD2,3
GO:0021954,central nervous system neuron development,4/823,98/18860,0.04081632653061224,0.9353534852580156,-0.13705525221723164,0.6243570716723941,0.9163209725908695,0.8481337758507723,ZMIZ1/EPHB3/NIN/NPY,4
GO:0048661,positive regulation of smooth muscle cell proliferation,4/823,98/18860,0.04081632653061224,0.9353534852580156,-0.13705525221723164,0.6243570716723941,0.9163209725908695,0.8481337758507723,PDGFD/RBPMS2/IGFBP5/EDN1,4
GO:0051153,regulation of striated muscle cell differentiation,4/823,98/18860,0.04081632653061224,0.9353534852580156,-0.13705525221723164,0.6243570716723941,0.9163209725908695,0.8481337758507723,HDAC5/PRKD1/EDN1/DKK1,4
GO:0051492,regulation of stress fiber assembly,4/823,98/18860,0.04081632653061224,0.9353534852580156,-0.13705525221723164,0.6243570716723941,0.9163209725908695,0.8481337758507723,CGNL1/ASAP3/EVL/TGFB3,4
GO:0006670,sphingosine metabolic process,1/823,22/18860,0.045454545454545456,1.0416436540373357,0.04174648066113431,0.6254975431782028,0.9163209725908695,0.8481337758507723,ABCA2,1
GO:0006700,C21-steroid hormone biosynthetic process,1/823,22/18860,0.045454545454545456,1.0416436540373357,0.04174648066113431,0.6254975431782028,0.9163209725908695,0.8481337758507723,ADM,1
GO:0009129,pyrimidine nucleoside monophosphate metabolic process,1/823,22/18860,0.045454545454545456,1.0416436540373357,0.04174648066113431,0.6254975431782028,0.9163209725908695,0.8481337758507723,NT5M,1
GO:0009310,amine catabolic process,1/823,22/18860,0.045454545454545456,1.0416436540373357,0.04174648066113431,0.6254975431782028,0.9163209725908695,0.8481337758507723,PDE1B,1
GO:0010566,regulation of ketone biosynthetic process,1/823,22/18860,0.045454545454545456,1.0416436540373357,0.04174648066113431,0.6254975431782028,0.9163209725908695,0.8481337758507723,ADM,1
GO:0010866,regulation of triglyceride biosynthetic process,1/823,22/18860,0.045454545454545456,1.0416436540373357,0.04174648066113431,0.6254975431782028,0.9163209725908695,0.8481337758507723,PLIN5,1
GO:0010884,positive regulation of lipid storage,1/823,22/18860,0.045454545454545456,1.0416436540373357,0.04174648066113431,0.6254975431782028,0.9163209725908695,0.8481337758507723,PLIN5,1
GO:0031630,regulation of synaptic vesicle fusion to presynaptic active zone membrane,1/823,22/18860,0.045454545454545456,1.0416436540373357,0.04174648066113431,0.6254975431782028,0.9163209725908695,0.8481337758507723,ERC2,1
GO:0032253,dense core granule localization,1/823,22/18860,0.045454545454545456,1.0416436540373357,0.04174648066113431,0.6254975431782028,0.9163209725908695,0.8481337758507723,KIF1A,1
GO:0032288,myelin assembly,1/823,22/18860,0.045454545454545456,1.0416436540373357,0.04174648066113431,0.6254975431782028,0.9163209725908695,0.8481337758507723,ABCA2,1
GO:0032495,response to muramyl dipeptide,1/823,22/18860,0.045454545454545456,1.0416436540373357,0.04174648066113431,0.6254975431782028,0.9163209725908695,0.8481337758507723,LDOC1,1
GO:0032616,interleukin-13 production,1/823,22/18860,0.045454545454545456,1.0416436540373357,0.04174648066113431,0.6254975431782028,0.9163209725908695,0.8481337758507723,IL33,1
GO:0032656,regulation of interleukin-13 production,1/823,22/18860,0.045454545454545456,1.0416436540373357,0.04174648066113431,0.6254975431782028,0.9163209725908695,0.8481337758507723,IL33,1
GO:0032928,regulation of superoxide anion generation,1/823,22/18860,0.045454545454545456,1.0416436540373357,0.04174648066113431,0.6254975431782028,0.9163209725908695,0.8481337758507723,PON3,1
GO:0033138,positive regulation of peptidyl-serine phosphorylation,1/823,22/18860,0.045454545454545456,1.0416436540373357,0.04174648066113431,0.6254975431782028,0.9163209725908695,0.8481337758507723,EGFR,1
GO:0034616,response to laminar fluid shear stress,1/823,22/18860,0.045454545454545456,1.0416436540373357,0.04174648066113431,0.6254975431782028,0.9163209725908695,0.8481337758507723,PRKACB,1
GO:0035089,establishment of apical/basal cell polarity,1/823,22/18860,0.045454545454545456,1.0416436540373357,0.04174648066113431,0.6254975431782028,0.9163209725908695,0.8481337758507723,PTK7,1
GO:0035739,"CD4-positive, alpha-beta T cell proliferation",1/823,22/18860,0.045454545454545456,1.0416436540373357,0.04174648066113431,0.6254975431782028,0.9163209725908695,0.8481337758507723,CD3E,1
GO:0036498,IRE1-mediated unfolded protein response,1/823,22/18860,0.045454545454545456,1.0416436540373357,0.04174648066113431,0.6254975431782028,0.9163209725908695,0.8481337758507723,BCL2L11,1
GO:0039702,viral budding via host ESCRT complex,1/823,22/18860,0.045454545454545456,1.0416436540373357,0.04174648066113431,0.6254975431782028,0.9163209725908695,0.8481337758507723,VPS37D,1
GO:0040019,positive regulation of embryonic development,1/823,22/18860,0.045454545454545456,1.0416436540373357,0.04174648066113431,0.6254975431782028,0.9163209725908695,0.8481337758507723,NLRP5,1
GO:0048025,"negative regulation of mRNA splicing, via spliceosome",1/823,22/18860,0.045454545454545456,1.0416436540373357,0.04174648066113431,0.6254975431782028,0.9163209725908695,0.8481337758507723,CELF4,1
GO:0050765,negative regulation of phagocytosis,1/823,22/18860,0.045454545454545456,1.0416436540373357,0.04174648066113431,0.6254975431782028,0.9163209725908695,0.8481337758507723,PRTN3,1
GO:0050849,negative regulation of calcium-mediated signaling,1/823,22/18860,0.045454545454545456,1.0416436540373357,0.04174648066113431,0.6254975431782028,0.9163209725908695,0.8481337758507723,HOMER2,1
GO:0051900,regulation of mitochondrial depolarization,1/823,22/18860,0.045454545454545456,1.0416436540373357,0.04174648066113431,0.6254975431782028,0.9163209725908695,0.8481337758507723,ALB,1
GO:0051930,regulation of sensory perception of pain,1/823,22/18860,0.045454545454545456,1.0416436540373357,0.04174648066113431,0.6254975431782028,0.9163209725908695,0.8481337758507723,TAC4,1
GO:0051931,regulation of sensory perception,1/823,22/18860,0.045454545454545456,1.0416436540373357,0.04174648066113431,0.6254975431782028,0.9163209725908695,0.8481337758507723,TAC4,1
GO:0060445,branching involved in salivary gland morphogenesis,1/823,22/18860,0.045454545454545456,1.0416436540373357,0.04174648066113431,0.6254975431782028,0.9163209725908695,0.8481337758507723,NTN4,1
GO:0061050,regulation of cell growth involved in cardiac muscle cell development,1/823,22/18860,0.045454545454545456,1.0416436540373357,0.04174648066113431,0.6254975431782028,0.9163209725908695,0.8481337758507723,EDN1,1
GO:0061621,canonical glycolysis,1/823,22/18860,0.045454545454545456,1.0416436540373357,0.04174648066113431,0.6254975431782028,0.9163209725908695,0.8481337758507723,PGAM2,1
GO:0061718,glucose catabolic process to pyruvate,1/823,22/18860,0.045454545454545456,1.0416436540373357,0.04174648066113431,0.6254975431782028,0.9163209725908695,0.8481337758507723,PGAM2,1
GO:0071731,response to nitric oxide,1/823,22/18860,0.045454545454545456,1.0416436540373357,0.04174648066113431,0.6254975431782028,0.9163209725908695,0.8481337758507723,GATA5,1
GO:0072202,cell differentiation involved in metanephros development,1/823,22/18860,0.045454545454545456,1.0416436540373357,0.04174648066113431,0.6254975431782028,0.9163209725908695,0.8481337758507723,LAMB2,1
GO:0072234,metanephric nephron tubule development,1/823,22/18860,0.045454545454545456,1.0416436540373357,0.04174648066113431,0.6254975431782028,0.9163209725908695,0.8481337758507723,ACAT1,1
GO:0090141,positive regulation of mitochondrial fission,1/823,22/18860,0.045454545454545456,1.0416436540373357,0.04174648066113431,0.6254975431782028,0.9163209725908695,0.8481337758507723,BNIP3,1
GO:0097066,response to thyroid hormone,1/823,22/18860,0.045454545454545456,1.0416436540373357,0.04174648066113431,0.6254975431782028,0.9163209725908695,0.8481337758507723,HPN,1
GO:0140354,lipid import into cell,1/823,22/18860,0.045454545454545456,1.0416436540373357,0.04174648066113431,0.6254975431782028,0.9163209725908695,0.8481337758507723,FABP3,1
GO:1901632,regulation of synaptic vesicle membrane organization,1/823,22/18860,0.045454545454545456,1.0416436540373357,0.04174648066113431,0.6254975431782028,0.9163209725908695,0.8481337758507723,ERC2,1
GO:2000561,"regulation of CD4-positive, alpha-beta T cell proliferation",1/823,22/18860,0.045454545454545456,1.0416436540373357,0.04174648066113431,0.6254975431782028,0.9163209725908695,0.8481337758507723,CD3E,1
GO:2000725,regulation of cardiac muscle cell differentiation,1/823,22/18860,0.045454545454545456,1.0416436540373357,0.04174648066113431,0.6254975431782028,0.9163209725908695,0.8481337758507723,DKK1,1
GO:0001774,microglial cell activation,2/823,48/18860,0.041666666666666664,0.954840016200891,-0.06691662153536922,0.6256397366487172,0.9163209725908695,0.8481337758507723,IL33/KCNJ8,2
GO:0001914,regulation of T cell mediated cytotoxicity,2/823,48/18860,0.041666666666666664,0.954840016200891,-0.06691662153536922,0.6256397366487172,0.9163209725908695,0.8481337758507723,AZGP1/SLC22A13,2
GO:0021575,hindbrain morphogenesis,2/823,48/18860,0.041666666666666664,0.954840016200891,-0.06691662153536922,0.6256397366487172,0.9163209725908695,0.8481337758507723,CBS/RORA,2
GO:0042119,neutrophil activation,2/823,48/18860,0.041666666666666664,0.954840016200891,-0.06691662153536922,0.6256397366487172,0.9163209725908695,0.8481337758507723,SCNN1B/DNASE1,2
GO:0048489,synaptic vesicle transport,2/823,48/18860,0.041666666666666664,0.954840016200891,-0.06691662153536922,0.6256397366487172,0.9163209725908695,0.8481337758507723,SLC2A4/KIF5C,2
GO:0055010,ventricular cardiac muscle tissue morphogenesis,2/823,48/18860,0.041666666666666664,0.954840016200891,-0.06691662153536922,0.6256397366487172,0.9163209725908695,0.8481337758507723,MYBPC3/RYR2,2
GO:0060428,lung epithelium development,2/823,48/18860,0.041666666666666664,0.954840016200891,-0.06691662153536922,0.6256397366487172,0.9163209725908695,0.8481337758507723,GATA6/FOXA1,2
GO:0090224,regulation of spindle organization,2/823,48/18860,0.041666666666666664,0.954840016200891,-0.06691662153536922,0.6256397366487172,0.9163209725908695,0.8481337758507723,GNAI1/FSD1,2
GO:0140894,endolysosomal toll-like receptor signaling pathway,2/823,48/18860,0.041666666666666664,0.954840016200891,-0.06691662153536922,0.6256397366487172,0.9163209725908695,0.8481337758507723,PTPRS/RAB7B,2
GO:1905521,regulation of macrophage migration,2/823,48/18860,0.041666666666666664,0.954840016200891,-0.06691662153536922,0.6256397366487172,0.9163209725908695,0.8481337758507723,C5/CXCL17,2
GO:2001239,regulation of extrinsic apoptotic signaling pathway in absence of ligand,2/823,48/18860,0.041666666666666664,0.954840016200891,-0.06691662153536922,0.6256397366487172,0.9163209725908695,0.8481337758507723,COL2A1/RET,2
GO:0035966,response to topologically incorrect protein,7/823,172/18860,0.040697674418604654,0.9326344344287775,-0.18958233424166948,0.6281482563871152,0.9197031101607033,0.8512642347110987,ASB11/FUT1/HSPB7/PACRG/ERP27/TMTC4/BCL2L11,7
GO:0061008,hepaticobiliary system development,6/823,148/18860,0.04054054054054054,0.9290335292765426,-0.1851403396467381,0.6304942268498529,0.9224791299838954,0.8538336795289155,HPN/GATA6/ACAT1/ADA/FGL1/DBP,6
GO:0097530,granulocyte migration,6/823,148/18860,0.04054054054054054,0.9290335292765426,-0.1851403396467381,0.6304942268498529,0.9224791299838954,0.8538336795289155,CCL16/PLA2G1B/VAV3/PRTN3/CXCL17/EDN1,6
GO:0045017,glycerolipid biosynthetic process,10/823,245/18860,0.04081632653061224,0.9353534852580156,-0.2175573364187289,0.6306439122641798,0.9224791299838954,0.8538336795289155,PLIN5/DGKD/TTC7B/FABP3/PIGZ/PRKAA2/IP6K3/PIK3C2G/MOGAT1/CWH43,10
GO:0070830,bicellular tight junction assembly,3/823,74/18860,0.04054054054054054,0.9290335292765426,-0.13065589333444955,0.6323046396577019,0.9225097765877953,0.8538620455934934,CLDN19/CLDN25/CLDN24,3
GO:0043502,regulation of muscle adaptation,4/823,99/18860,0.04040404040404041,0.9259054702554096,-0.1578893536372745,0.6323320992843737,0.9225097765877953,0.8538620455934934,IGFBP5/GATA5/EDN1/CAMK2B,4
GO:0051781,positive regulation of cell division,4/823,99/18860,0.04040404040404041,0.9259054702554096,-0.1578893536372745,0.6323320992843737,0.9225097765877953,0.8538620455934934,VEGFB/PDGFD/TGFB3/OPN1MW,4
GO:0060538,skeletal muscle organ development,8/823,197/18860,0.04060913705583756,0.9306054980232034,-0.2091435828090231,0.6323945367230821,0.9225097765877953,0.8538620455934934,DNER/NPHS1/POPDC3/DMD/NUPR1/SIX4/SRPK3/SIX1,8
GO:0070665,positive regulation of leukocyte proliferation,7/823,173/18860,0.04046242774566474,0.9272434839407497,-0.20535356593580611,0.6341973738779065,0.9225097765877953,0.8538620455934934,IGFBP2/NFATC2/CD3E/KITLG/KIT/ADA/VAV3,7
GO:0035821,modulation of process of another organism,5/823,124/18860,0.04032258064516129,0.9240387253557011,-0.18127659815578945,0.6342195849268469,0.9225097765877953,0.8538620455934934,MID2/HPN/PIK3C2G/BRD4/FBLN1,5
GO:0035967,cellular response to topologically incorrect protein,5/823,124/18860,0.04032258064516129,0.9240387253557011,-0.18127659815578945,0.6342195849268469,0.9225097765877953,0.8538620455934934,ASB11/FUT1/PACRG/TMTC4/BCL2L11,5
GO:0046634,regulation of alpha-beta T cell activation,5/823,124/18860,0.04032258064516129,0.9240387253557011,-0.18127659815578945,0.6342195849268469,0.9225097765877953,0.8538620455934934,CD3E/SLC4A2/ADA/ZBTB16/BRD4,5
GO:0007520,myoblast fusion,2/823,49/18860,0.04081632653061224,0.9353534852580156,-0.09678639398492585,0.6368791887160676,0.9225097765877953,0.8538620455934934,NPHS1/NFATC2,2
GO:0032881,regulation of polysaccharide metabolic process,2/823,49/18860,0.04081632653061224,0.9353534852580156,-0.09678639398492585,0.6368791887160676,0.9225097765877953,0.8538620455934934,PPP1R3C/SORBS1,2
GO:0033120,positive regulation of RNA splicing,2/823,49/18860,0.04081632653061224,0.9353534852580156,-0.09678639398492585,0.6368791887160676,0.9225097765877953,0.8538620455934934,CELF4/CIRBP,2
GO:0046189,phenol-containing compound biosynthetic process,2/823,49/18860,0.04081632653061224,0.9353534852580156,-0.09678639398492585,0.6368791887160676,0.9225097765877953,0.8538620455934934,HDC/KL,2
GO:0046578,regulation of Ras protein signal transduction,2/823,49/18860,0.04081632653061224,0.9353534852580156,-0.09678639398492585,0.6368791887160676,0.9225097765877953,0.8538620455934934,KITLG/SYDE1,2
GO:0071526,semaphorin-plexin signaling pathway,2/823,49/18860,0.04081632653061224,0.9353534852580156,-0.09678639398492585,0.6368791887160676,0.9225097765877953,0.8538620455934934,SEMA3D/EDN1,2
GO:0097028,dendritic cell differentiation,2/823,49/18860,0.04081632653061224,0.9353534852580156,-0.09678639398492585,0.6368791887160676,0.9225097765877953,0.8538620455934934,DHRS2/PRTN3,2
GO:1900225,regulation of NLRP3 inflammasome complex assembly,2/823,49/18860,0.04081632653061224,0.9353534852580156,-0.09678639398492585,0.6368791887160676,0.9225097765877953,0.8538620455934934,LAMP2/PRKD1,2
GO:1903426,regulation of reactive oxygen species biosynthetic process,2/823,49/18860,0.04081632653061224,0.9353534852580156,-0.09678639398492585,0.6368791887160676,0.9225097765877953,0.8538620455934934,DUOXA1/SLC18A2,2
GO:1905314,semi-lunar valve development,2/823,49/18860,0.04081632653061224,0.9353534852580156,-0.09678639398492585,0.6368791887160676,0.9225097765877953,0.8538620455934934,ADAMTS19/GATA5,2
GO:2000516,"positive regulation of CD4-positive, alpha-beta T cell activation",2/823,49/18860,0.04081632653061224,0.9353534852580156,-0.09678639398492585,0.6368791887160676,0.9225097765877953,0.8538620455934934,CD3E/BRD4,2
GO:0045582,positive regulation of T cell differentiation,5/823,125/18860,0.04,0.9166464155528554,-0.1997236680315612,0.6412590007472272,0.9225097765877953,0.8538620455934934,SMARCD3/ZMIZ1/ADA/ZBTB16/BRD4,5
GO:0090559,regulation of membrane permeability,3/823,75/18860,0.04,0.9166464155528554,-0.15449926144894488,0.6413557728570032,0.9225097765877953,0.8538620455934934,HIP1R/BNIP3/BCL2L11,3
GO:0002223,stimulatory C-type lectin receptor signaling pathway,1/823,23/18860,0.043478260869565216,0.9963547995139733,-0.0037364275347155067,0.6418589149779872,0.9225097765877953,0.8538620455934934,PAK3,1
GO:0002475,antigen processing and presentation via MHC class Ib,1/823,23/18860,0.043478260869565216,0.9963547995139733,-0.0037364275347155067,0.6418589149779872,0.9225097765877953,0.8538620455934934,AZGP1,1
GO:0002689,negative regulation of leukocyte chemotaxis,1/823,23/18860,0.043478260869565216,0.9963547995139733,-0.0037364275347155067,0.6418589149779872,0.9225097765877953,0.8538620455934934,C5,1
GO:0003228,atrial cardiac muscle tissue development,1/823,23/18860,0.043478260869565216,0.9963547995139733,-0.0037364275347155067,0.6418589149779872,0.9225097765877953,0.8538620455934934,GATA6,1
GO:0003283,atrial septum development,1/823,23/18860,0.043478260869565216,0.9963547995139733,-0.0037364275347155067,0.6418589149779872,0.9225097765877953,0.8538620455934934,DAND5,1
GO:0006658,phosphatidylserine metabolic process,1/823,23/18860,0.043478260869565216,0.9963547995139733,-0.0037364275347155067,0.6418589149779872,0.9225097765877953,0.8538620455934934,PLA1A,1
GO:0007603,"phototransduction, visible light",1/823,23/18860,0.043478260869565216,0.9963547995139733,-0.0037364275347155067,0.6418589149779872,0.9225097765877953,0.8538620455934934,TTR,1
GO:0009110,vitamin biosynthetic process,1/823,23/18860,0.043478260869565216,0.9963547995139733,-0.0037364275347155067,0.6418589149779872,0.9225097765877953,0.8538620455934934,PLTP,1
GO:0010829,negative regulation of D-glucose transmembrane transport,1/823,23/18860,0.043478260869565216,0.9963547995139733,-0.0037364275347155067,0.6418589149779872,0.9225097765877953,0.8538620455934934,PTPRM,1
GO:0010985,negative regulation of lipoprotein particle clearance,1/823,23/18860,0.043478260869565216,0.9963547995139733,-0.0037364275347155067,0.6418589149779872,0.9225097765877953,0.8538620455934934,ABCC8,1
GO:0014059,regulation of dopamine secretion,1/823,23/18860,0.043478260869565216,0.9963547995139733,-0.0037364275347155067,0.6418589149779872,0.9225097765877953,0.8538620455934934,FGF20,1
GO:0016338,calcium-independent cell-cell adhesion via plasma membrane cell-adhesion molecules,1/823,23/18860,0.043478260869565216,0.9963547995139733,-0.0037364275347155067,0.6418589149779872,0.9225097765877953,0.8538620455934934,CLDN19,1
GO:0019885,antigen processing and presentation of endogenous peptide antigen via MHC class I,1/823,23/18860,0.043478260869565216,0.9963547995139733,-0.0037364275347155067,0.6418589149779872,0.9225097765877953,0.8538620455934934,AZGP1,1
GO:0031340,positive regulation of vesicle fusion,1/823,23/18860,0.043478260869565216,0.9963547995139733,-0.0037364275347155067,0.6418589149779872,0.9225097765877953,0.8538620455934934,ERC2,1
GO:0032402,melanosome transport,1/823,23/18860,0.043478260869565216,0.9963547995139733,-0.0037364275347155067,0.6418589149779872,0.9225097765877953,0.8538620455934934,RAB17,1
GO:0032986,protein-DNA complex disassembly,1/823,23/18860,0.043478260869565216,0.9963547995139733,-0.0037364275347155067,0.6418589149779872,0.9225097765877953,0.8538620455934934,SMARCD3,1
GO:0034105,positive regulation of tissue remodeling,1/823,23/18860,0.043478260869565216,0.9963547995139733,-0.0037364275347155067,0.6418589149779872,0.9225097765877953,0.8538620455934934,HRG,1
GO:0035855,megakaryocyte development,1/823,23/18860,0.043478260869565216,0.9963547995139733,-0.0037364275347155067,0.6418589149779872,0.9225097765877953,0.8538620455934934,KIT,1
GO:0036092,phosphatidylinositol-3-phosphate biosynthetic process,1/823,23/18860,0.043478260869565216,0.9963547995139733,-0.0037364275347155067,0.6418589149779872,0.9225097765877953,0.8538620455934934,PIK3C2G,1
GO:0046033,AMP metabolic process,1/823,23/18860,0.043478260869565216,0.9963547995139733,-0.0037364275347155067,0.6418589149779872,0.9225097765877953,0.8538620455934934,ADA,1
GO:0046628,positive regulation of insulin receptor signaling pathway,1/823,23/18860,0.043478260869565216,0.9963547995139733,-0.0037364275347155067,0.6418589149779872,0.9225097765877953,0.8538620455934934,SORBS1,1
GO:0050686,negative regulation of mRNA processing,1/823,23/18860,0.043478260869565216,0.9963547995139733,-0.0037364275347155067,0.6418589149779872,0.9225097765877953,0.8538620455934934,CELF4,1
GO:0051349,positive regulation of lyase activity,1/823,23/18860,0.043478260869565216,0.9963547995139733,-0.0037364275347155067,0.6418589149779872,0.9225097765877953,0.8538620455934934,DRD5,1
GO:0060004,reflex,1/823,23/18860,0.043478260869565216,0.9963547995139733,-0.0037364275347155067,0.6418589149779872,0.9225097765877953,0.8538620455934934,HPN,1
GO:0060713,labyrinthine layer morphogenesis,1/823,23/18860,0.043478260869565216,0.9963547995139733,-0.0037364275347155067,0.6418589149779872,0.9225097765877953,0.8538620455934934,ADM,1
GO:0071786,endoplasmic reticulum tubular network organization,1/823,23/18860,0.043478260869565216,0.9963547995139733,-0.0037364275347155067,0.6418589149779872,0.9225097765877953,0.8538620455934934,ZFYVE27,1
GO:0090026,positive regulation of monocyte chemotaxis,1/823,23/18860,0.043478260869565216,0.9963547995139733,-0.0037364275347155067,0.6418589149779872,0.9225097765877953,0.8538620455934934,CXCL17,1
GO:1903861,positive regulation of dendrite extension,1/823,23/18860,0.043478260869565216,0.9963547995139733,-0.0037364275347155067,0.6418589149779872,0.9225097765877953,0.8538620455934934,NEDD4L,1
GO:1990840,response to lectin,1/823,23/18860,0.043478260869565216,0.9963547995139733,-0.0037364275347155067,0.6418589149779872,0.9225097765877953,0.8538620455934934,PAK3,1
GO:1990858,cellular response to lectin,1/823,23/18860,0.043478260869565216,0.9963547995139733,-0.0037364275347155067,0.6418589149779872,0.9225097765877953,0.8538620455934934,PAK3,1
GO:2000001,regulation of DNA damage checkpoint,1/823,23/18860,0.043478260869565216,0.9963547995139733,-0.0037364275347155067,0.6418589149779872,0.9225097765877953,0.8538620455934934,BRD4,1
GO:2000010,positive regulation of protein localization to cell surface,1/823,23/18860,0.043478260869565216,0.9963547995139733,-0.0037364275347155067,0.6418589149779872,0.9225097765877953,0.8538620455934934,ERBB4,1
GO:2000047,regulation of cell-cell adhesion mediated by cadherin,1/823,23/18860,0.043478260869565216,0.9963547995139733,-0.0037364275347155067,0.6418589149779872,0.9225097765877953,0.8538620455934934,FOXA1,1
GO:2000786,positive regulation of autophagosome assembly,1/823,23/18860,0.043478260869565216,0.9963547995139733,-0.0037364275347155067,0.6418589149779872,0.9225097765877953,0.8538620455934934,ULK1,1
GO:2001135,regulation of endocytic recycling,1/823,23/18860,0.043478260869565216,0.9963547995139733,-0.0037364275347155067,0.6418589149779872,0.9225097765877953,0.8538620455934934,ZDHHC2,1
GO:0046488,phosphatidylinositol metabolic process,6/823,150/18860,0.04,0.9166464155528554,-0.21893243707474955,0.6434046938701283,0.9244435436521302,0.8556519131300324,TTC7B/PLCL1/PIGZ/IP6K3/PIK3C2G/CWH43,6
GO:0010562,positive regulation of phosphorus metabolic process,13/823,320/18860,0.040625,0.9309690157958688,-0.2660365362943165,0.6439965976787214,0.924718201085034,0.8559061321783813,VEGFB/ERBB4/EGFR/TPD52L1/CTF1/FABP3/PRKAA2/MT3/KIT/EEF1A2/ODAM/PTH1R/FAM20A,13
GO:0045937,positive regulation of phosphate metabolic process,13/823,320/18860,0.040625,0.9309690157958688,-0.2660365362943165,0.6439965976787214,0.924718201085034,0.8559061321783813,VEGFB/ERBB4/EGFR/TPD52L1/CTF1/FABP3/PRKAA2/MT3/KIT/EEF1A2/ODAM/PTH1R/FAM20A,13
GO:0016485,protein processing,10/823,248/18860,0.04032258064516129,0.9240387253557011,-0.2572164010781824,0.6457828502653565,0.9260688685208731,0.8571562909181052,FGA/FGB/FGG/HPN/SIRT4/CCBE1/APOH/PRKACB/CWH43/GAS1,10
GO:0003016,respiratory system process,2/823,50/18860,0.04,0.9166464155528554,-0.12606426036777763,0.6478520341609869,0.9260688685208731,0.8571562909181052,CCBE1/NDN,2
GO:0010907,positive regulation of glucose metabolic process,2/823,50/18860,0.04,0.9166464155528554,-0.12606426036777763,0.6478520341609869,0.9260688685208731,0.8571562909181052,PPARGC1A/SORBS1,2
GO:0014037,Schwann cell differentiation,2/823,50/18860,0.04,0.9166464155528554,-0.12606426036777763,0.6478520341609869,0.9260688685208731,0.8571562909181052,LAMA2/LAMB2,2
GO:0019674,NAD+ metabolic process,2/823,50/18860,0.04,0.9166464155528554,-0.12606426036777763,0.6478520341609869,0.9260688685208731,0.8571562909181052,LDHB/SLC22A13,2
GO:0042149,cellular response to glucose starvation,2/823,50/18860,0.04,0.9166464155528554,-0.12606426036777763,0.6478520341609869,0.9260688685208731,0.8571562909181052,PRKAA2/ASNS,2
GO:0045197,establishment or maintenance of epithelial cell apical/basal polarity,2/823,50/18860,0.04,0.9166464155528554,-0.12606426036777763,0.6478520341609869,0.9260688685208731,0.8571562909181052,PTK7/VANGL2,2
GO:1904646,cellular response to amyloid-beta,2/823,50/18860,0.04,0.9166464155528554,-0.12606426036777763,0.6478520341609869,0.9260688685208731,0.8571562909181052,IGF1R/ADRB2,2
GO:0170062,nutrient storage,4/823,101/18860,0.039603960396039604,0.9075707084681737,-0.19894936833894028,0.6479518095803345,0.9260688685208731,0.8571562909181052,PLIN5/ANGPTL3/APOC4/NLRP5,4
GO:0043500,muscle adaptation,5/823,126/18860,0.03968253968253968,0.9093714440008485,-0.21802794940854126,0.6482136119984188,0.9260688685208731,0.8571562909181052,GATA6/IGFBP5/GATA5/EDN1/CAMK2B,5
GO:0016311,dephosphorylation,6/823,151/18860,0.039735099337748346,0.9105759094895916,-0.23566485106742366,0.6497573550592874,0.9260688685208731,0.8571562909181052,PPP2R3A/PTPRS/PTPN13/PTPRZ1/PPP3CC/DUSP26,6
GO:0007405,neuroblast proliferation,3/823,76/18860,0.039473684210526314,0.9045852785061073,-0.17803493836689777,0.6502489589785508,0.9260688685208731,0.8571562909181052,SMARCD3/FGF13/ID4,3
GO:0061035,regulation of cartilage development,3/823,76/18860,0.039473684210526314,0.9045852785061073,-0.17803493836689777,0.6502489589785508,0.9260688685208731,0.8571562909181052,GDF5/EFEMP1/ZBTB16,3
GO:1902905,positive regulation of supramolecular fiber organization,7/823,176/18860,0.03977272727272727,0.9114381972826687,-0.2521418575838789,0.6520040956656828,0.9260688685208731,0.8571562909181052,WASF3/NPHS1/EVL/PRKD1/TGFB3/LMOD2/EDN1,7
GO:0006979,response to oxidative stress,17/823,418/18860,0.04066985645933014,0.9319969536123529,-0.3003236930953521,0.6523867874648005,0.9260688685208731,0.8571562909181052,DHRS2/HMOX2/PDGFD/ALAD/BNIP3/GGT7/PRKAA2/DUOX1/PRKD1/MT3/RCAN2/PPARGC1A/PTPRN/GATA5/EDN1/GPX3/SOD3,17
GO:0021761,limbic system development,5/823,127/18860,0.03937007874015748,0.9022110389299758,-0.23619196607014645,0.6550826214054488,0.9260688685208731,0.8571562909181052,FGF13/PTPRS/CDK6/NEFL/ID4,5
GO:0000041,transition metal ion transport,4/823,102/18860,0.0392156862745098,0.8986729564243681,-0.21918422126474932,0.6555947620208115,0.9260688685208731,0.8571562909181052,MT3/TF/ABCC5/TCN1,4
GO:0010596,negative regulation of endothelial cell migration,4/823,102/18860,0.0392156862745098,0.8986729564243681,-0.21918422126474932,0.6555947620208115,0.9260688685208731,0.8571562909181052,PTPRM/HDAC5/APOH/HRG,4
GO:0002687,positive regulation of leukocyte migration,6/823,152/18860,0.039473684210526314,0.9045852785061073,-0.25229032461050643,0.6560406594514528,0.9260688685208731,0.8571562909181052,VEGFB/PDGFD/KITLG/CXCL17/EDN1/PLVAP,6
GO:1902903,regulation of supramolecular fiber organization,16/823,395/18860,0.04050632911392405,0.9282495347370687,-0.3078404665962111,0.6561912328650281,0.9260688685208731,0.8571562909181052,CGNL1/FGF13/WASF3/NPHS1/CYFIP2/HIP1R/APC2/ASAP3/PAK3/DAAM2/EVL/PRKD1/KANK4/TGFB3/LMOD2/EDN1,16
GO:0002082,regulation of oxidative phosphorylation,1/823,24/18860,0.041666666666666664,0.954840016200891,-0.047287042511248295,0.6575063170575708,0.9260688685208731,0.8571562909181052,NUPR1,1
GO:0002115,store-operated calcium entry,1/823,24/18860,0.041666666666666664,0.954840016200891,-0.047287042511248295,0.6575063170575708,0.9260688685208731,0.8571562909181052,HOMER2,1
GO:0002320,lymphoid progenitor cell differentiation,1/823,24/18860,0.041666666666666664,0.954840016200891,-0.047287042511248295,0.6575063170575708,0.9260688685208731,0.8571562909181052,KIT,1
GO:0003177,pulmonary valve development,1/823,24/18860,0.041666666666666664,0.954840016200891,-0.047287042511248295,0.6575063170575708,0.9260688685208731,0.8571562909181052,ADAMTS19,1
GO:0010988,regulation of low-density lipoprotein particle clearance,1/823,24/18860,0.041666666666666664,0.954840016200891,-0.047287042511248295,0.6575063170575708,0.9260688685208731,0.8571562909181052,ABCC8,1
GO:0015669,gas transport,1/823,24/18860,0.041666666666666664,0.954840016200891,-0.047287042511248295,0.6575063170575708,0.9260688685208731,0.8571562909181052,HBZ,1
GO:0021533,cell differentiation in hindbrain,1/823,24/18860,0.041666666666666664,0.954840016200891,-0.047287042511248295,0.6575063170575708,0.9260688685208731,0.8571562909181052,RORA,1
GO:0030449,regulation of complement activation,1/823,24/18860,0.041666666666666664,0.954840016200891,-0.047287042511248295,0.6575063170575708,0.9260688685208731,0.8571562909181052,SUSD4,1
GO:0030813,positive regulation of nucleotide catabolic process,1/823,24/18860,0.041666666666666664,0.954840016200891,-0.047287042511248295,0.6575063170575708,0.9260688685208731,0.8571562909181052,PRKAA2,1
GO:0032401,establishment of melanosome localization,1/823,24/18860,0.041666666666666664,0.954840016200891,-0.047287042511248295,0.6575063170575708,0.9260688685208731,0.8571562909181052,RAB17,1
GO:0033123,positive regulation of purine nucleotide catabolic process,1/823,24/18860,0.041666666666666664,0.954840016200891,-0.047287042511248295,0.6575063170575708,0.9260688685208731,0.8571562909181052,PRKAA2,1
GO:0034312,diol biosynthetic process,1/823,24/18860,0.041666666666666664,0.954840016200891,-0.047287042511248295,0.6575063170575708,0.9260688685208731,0.8571562909181052,ABCA2,1
GO:0043153,entrainment of circadian clock by photoperiod,1/823,24/18860,0.041666666666666664,0.954840016200891,-0.047287042511248295,0.6575063170575708,0.9260688685208731,0.8571562909181052,CRTC1,1
GO:0043249,erythrocyte maturation,1/823,24/18860,0.041666666666666664,0.954840016200891,-0.047287042511248295,0.6575063170575708,0.9260688685208731,0.8571562909181052,HBZ,1
GO:0045722,positive regulation of gluconeogenesis,1/823,24/18860,0.041666666666666664,0.954840016200891,-0.047287042511248295,0.6575063170575708,0.9260688685208731,0.8571562909181052,PPARGC1A,1
GO:0045821,positive regulation of glycolytic process,1/823,24/18860,0.041666666666666664,0.954840016200891,-0.047287042511248295,0.6575063170575708,0.9260688685208731,0.8571562909181052,PRKAA2,1
GO:0045822,negative regulation of heart contraction,1/823,24/18860,0.041666666666666664,0.954840016200891,-0.047287042511248295,0.6575063170575708,0.9260688685208731,0.8571562909181052,RNLS,1
GO:0045932,negative regulation of muscle contraction,1/823,24/18860,0.041666666666666664,0.954840016200891,-0.047287042511248295,0.6575063170575708,0.9260688685208731,0.8571562909181052,ADRB2,1
GO:0046519,sphingoid metabolic process,1/823,24/18860,0.041666666666666664,0.954840016200891,-0.047287042511248295,0.6575063170575708,0.9260688685208731,0.8571562909181052,ABCA2,1
GO:0046597,host-mediated suppression of symbiont invasion,1/823,24/18860,0.041666666666666664,0.954840016200891,-0.047287042511248295,0.6575063170575708,0.9260688685208731,0.8571562909181052,MID2,1
GO:0046641,positive regulation of alpha-beta T cell proliferation,1/823,24/18860,0.041666666666666664,0.954840016200891,-0.047287042511248295,0.6575063170575708,0.9260688685208731,0.8571562909181052,CD3E,1
GO:0050908,detection of light stimulus involved in visual perception,1/823,24/18860,0.041666666666666664,0.954840016200891,-0.047287042511248295,0.6575063170575708,0.9260688685208731,0.8571562909181052,ATP8A2,1
GO:0050962,detection of light stimulus involved in sensory perception,1/823,24/18860,0.041666666666666664,0.954840016200891,-0.047287042511248295,0.6575063170575708,0.9260688685208731,0.8571562909181052,ATP8A2,1
GO:0051904,pigment granule transport,1/823,24/18860,0.041666666666666664,0.954840016200891,-0.047287042511248295,0.6575063170575708,0.9260688685208731,0.8571562909181052,RAB17,1
GO:0060143,positive regulation of syncytium formation by plasma membrane fusion,1/823,24/18860,0.041666666666666664,0.954840016200891,-0.047287042511248295,0.6575063170575708,0.9260688685208731,0.8571562909181052,NFATC2,1
GO:0060252,positive regulation of glial cell proliferation,1/823,24/18860,0.041666666666666664,0.954840016200891,-0.047287042511248295,0.6575063170575708,0.9260688685208731,0.8571562909181052,NTN1,1
GO:0061042,vascular wound healing,1/823,24/18860,0.041666666666666664,0.954840016200891,-0.047287042511248295,0.6575063170575708,0.9260688685208731,0.8571562909181052,VEGFB,1
GO:0061162,establishment of monopolar cell polarity,1/823,24/18860,0.041666666666666664,0.954840016200891,-0.047287042511248295,0.6575063170575708,0.9260688685208731,0.8571562909181052,PTK7,1
GO:0061620,glycolytic process through glucose-6-phosphate,1/823,24/18860,0.041666666666666664,0.954840016200891,-0.047287042511248295,0.6575063170575708,0.9260688685208731,0.8571562909181052,PGAM2,1
GO:0062099,negative regulation of programmed necrotic cell death,1/823,24/18860,0.041666666666666664,0.954840016200891,-0.047287042511248295,0.6575063170575708,0.9260688685208731,0.8571562909181052,NUPR1,1
GO:0072170,metanephric tubule development,1/823,24/18860,0.041666666666666664,0.954840016200891,-0.047287042511248295,0.6575063170575708,0.9260688685208731,0.8571562909181052,ACAT1,1
GO:0097062,dendritic spine maintenance,1/823,24/18860,0.041666666666666664,0.954840016200891,-0.047287042511248295,0.6575063170575708,0.9260688685208731,0.8571562909181052,IGF1R,1
GO:0141005,transposable element silencing by heterochromatin formation,1/823,24/18860,0.041666666666666664,0.954840016200891,-0.047287042511248295,0.6575063170575708,0.9260688685208731,0.8571562909181052,TDRD9,1
GO:1900037,regulation of cellular response to hypoxia,1/823,24/18860,0.041666666666666664,0.954840016200891,-0.047287042511248295,0.6575063170575708,0.9260688685208731,0.8571562909181052,KCNK2,1
GO:1900242,regulation of synaptic vesicle endocytosis,1/823,24/18860,0.041666666666666664,0.954840016200891,-0.047287042511248295,0.6575063170575708,0.9260688685208731,0.8571562909181052,PPP3CC,1
GO:1901028,regulation of mitochondrial outer membrane permeabilization involved in apoptotic signaling pathway,1/823,24/18860,0.041666666666666664,0.954840016200891,-0.047287042511248295,0.6575063170575708,0.9260688685208731,0.8571562909181052,HIP1R,1
GO:1905709,negative regulation of membrane permeability,1/823,24/18860,0.041666666666666664,0.954840016200891,-0.047287042511248295,0.6575063170575708,0.9260688685208731,0.8571562909181052,BNIP3,1
GO:2000114,regulation of establishment of cell polarity,1/823,24/18860,0.041666666666666664,0.954840016200891,-0.047287042511248295,0.6575063170575708,0.9260688685208731,0.8571562909181052,WDPCP,1
GO:0045216,cell-cell junction organization,9/823,226/18860,0.03982300884955752,0.9125904579619136,-0.28238206777705327,0.6575465400066793,0.9260688685208731,0.8571562909181052,CDH2/NPHS1/CLDN19/CLDN25/IRX3/ABCC8/TGFB3/PRTN3/CLDN24,9
GO:0006694,steroid biosynthetic process,7/823,177/18860,0.03954802259887006,0.906288828936439,-0.26756653009570036,0.6578238870587005,0.9260688685208731,0.8571562909181052,PDE8B/TM7SF2/PRKAA2/CYP7B1/GNAI1/ADM/INSIG1,7
GO:0003351,epithelial cilium movement involved in extracellular fluid movement,2/823,51/18860,0.0392156862745098,0.8986729564243681,-0.15477638589490228,0.658560109365701,0.9260688685208731,0.8571562909181052,AQP4/CWH43,2
GO:0046460,neutral lipid biosynthetic process,2/823,51/18860,0.0392156862745098,0.8986729564243681,-0.15477638589490228,0.658560109365701,0.9260688685208731,0.8571562909181052,PLIN5/MOGAT1,2
GO:0046463,acylglycerol biosynthetic process,2/823,51/18860,0.0392156862745098,0.8986729564243681,-0.15477638589490228,0.658560109365701,0.9260688685208731,0.8571562909181052,PLIN5/MOGAT1,2
GO:0051155,positive regulation of striated muscle cell differentiation,2/823,51/18860,0.0392156862745098,0.8986729564243681,-0.15477638589490228,0.658560109365701,0.9260688685208731,0.8571562909181052,PRKD1/EDN1,2
GO:0061082,myeloid leukocyte cytokine production,2/823,51/18860,0.0392156862745098,0.8986729564243681,-0.15477638589490228,0.658560109365701,0.9260688685208731,0.8571562909181052,KIT/TGFB3,2
GO:0002090,regulation of receptor internalization,3/823,77/18860,0.03896103896103896,0.8928374177462877,-0.20127190106491524,0.6589837842302377,0.9260688685208731,0.8571562909181052,SH3GL2/SUSD4/DKK1,3
GO:0014743,regulation of muscle hypertrophy,3/823,77/18860,0.03896103896103896,0.8928374177462877,-0.20127190106491524,0.6589837842302377,0.9260688685208731,0.8571562909181052,IGFBP5/GATA5/EDN1,3
GO:0044788,host-mediated perturbation of viral process,3/823,77/18860,0.03896103896103896,0.8928374177462877,-0.20127190106491524,0.6589837842302377,0.9260688685208731,0.8571562909181052,HPN/PIK3C2G/BRD4,3
GO:0045661,regulation of myoblast differentiation,3/823,77/18860,0.03896103896103896,0.8928374177462877,-0.20127190106491524,0.6589837842302377,0.9260688685208731,0.8571562909181052,RANBP3L/SMARCD3/SOSTDC1,3
GO:0060411,cardiac septum morphogenesis,3/823,77/18860,0.03896103896103896,0.8928374177462877,-0.20127190106491524,0.6589837842302377,0.9260688685208731,0.8571562909181052,GATA6/ADAMTS19/VANGL2,3
GO:0032271,regulation of protein polymerization,8/823,202/18860,0.039603960396039604,0.9075707084681737,-0.28211739158448845,0.660096961143089,0.9273508297337462,0.8583428561463287,NPHS1/CYFIP2/HIP1R/PAK3/DAAM2/EVL/KANK4/LMOD2,8
GO:0010717,regulation of epithelial to mesenchymal transition,5/823,128/18860,0.0390625,0.8951625151883353,-0.2542181761399001,0.6618653150250827,0.9280661066387983,0.8590049063671652,HPN/TGFB1I1/FOXA1/GCNT2/TGFB3,5
GO:1903305,regulation of regulated secretory pathway,5/823,128/18860,0.0390625,0.8951625151883353,-0.2542181761399001,0.6618653150250827,0.9280661066387983,0.8590049063671652,RIMS4/SCAMP5/RIMS3/TRPV6/NPY,5
GO:0034614,cellular response to reactive oxygen species,6/823,153/18860,0.0392156862745098,0.8986729564243681,-0.26881042587005344,0.6622539492040976,0.9280661066387983,0.8590049063671652,PDGFD/BNIP3/MT3/GATA5/EDN1/SOD3,6
GO:0050671,positive regulation of lymphocyte proliferation,6/823,153/18860,0.0392156862745098,0.8986729564243681,-0.26881042587005344,0.6622539492040976,0.9280661066387983,0.8590049063671652,IGFBP2/NFATC2/CD3E/KITLG/ADA/VAV3,6
GO:0042542,response to hydrogen peroxide,4/823,103/18860,0.038834951456310676,0.8899479762649081,-0.23922802315693986,0.6631255051222769,0.9280661066387983,0.8590049063671652,PDGFD/BNIP3/GATA5/EDN1,4
GO:0006606,protein import into nucleus,7/823,178/18860,0.03932584269662921,0.9011973186615152,-0.2829072930638581,0.6635847772537687,0.9280661066387983,0.8590049063671652,IPO11/IL33/PRKD1/CWH43/INSIG1/CABP1/RANBP17,7
GO:0007517,muscle organ development,15/823,373/18860,0.040214477211796246,0.9215614097381254,-0.32683463296235593,0.6643696032716921,0.9280661066387983,0.8590049063671652,MYBPC3/DNER/NPHS1/POPDC3/DMD/CTF1/LAMA2/RYR2/NUPR1/EFEMP2/SIX4/VANGL2/CHODL/SRPK3/SIX1,15
GO:0006091,generation of precursor metabolites and energy,20/823,494/18860,0.04048582995951417,0.9277797728267767,-0.34744985109097404,0.6675367231880871,0.9280661066387983,0.8590049063671652,ADHFE1/DHRS2/GABARAPL1/LEPR/OXCT1/PRKAA2/PPP1R3C/SIRT4/GNMT/NUPR1/KL/ACAT1/MT3/NNT/PPARGC1A/SORBS1/ALDH1L2/IDH2/ALDH1L1/PGAM2,20
GO:0001937,negative regulation of endothelial cell proliferation,3/823,78/18860,0.038461538461538464,0.881390784185438,-0.22421874274696235,0.6675600374249316,0.9280661066387983,0.8590049063671652,PTPRM/GHRL/APOH,3
GO:0003170,heart valve development,3/823,78/18860,0.038461538461538464,0.881390784185438,-0.22421874274696235,0.6675600374249316,0.9280661066387983,0.8590049063671652,ADAMTS19/GATA5/DKK1,3
GO:0031397,negative regulation of protein ubiquitination,3/823,78/18860,0.038461538461538464,0.881390784185438,-0.22421874274696235,0.6675600374249316,0.9280661066387983,0.8590049063671652,BEX2/BEX4/BEX1,3
GO:0035019,somatic stem cell population maintenance,3/823,78/18860,0.038461538461538464,0.881390784185438,-0.22421874274696235,0.6675600374249316,0.9280661066387983,0.8590049063671652,KIT/SOX2/VANGL2,3
GO:0048663,neuron fate commitment,3/823,78/18860,0.038461538461538464,0.881390784185438,-0.22421874274696235,0.6675600374249316,0.9280661066387983,0.8590049063671652,PTF1A/FOXA1/SIX1,3
GO:0051952,regulation of amine transport,3/823,78/18860,0.038461538461538464,0.881390784185438,-0.22421874274696235,0.6675600374249316,0.9280661066387983,0.8590049063671652,CHGA/FGF20/FFAR3,3
GO:1901880,negative regulation of protein depolymerization,3/823,78/18860,0.038461538461538464,0.881390784185438,-0.22421874274696235,0.6675600374249316,0.9280661066387983,0.8590049063671652,FGF13/APC2/LMOD2,3
GO:2001235,positive regulation of apoptotic signaling pathway,6/823,154/18860,0.03896103896103896,0.8928374177462877,-0.2852266891222621,0.6683966239046539,0.9280661066387983,0.8590049063671652,TPD52L1/G0S2/NUPR1/BCL2L11/RET/MAL,6
GO:0002347,response to tumor cell,2/823,52/18860,0.038461538461538464,0.881390784185438,-0.1829472533068459,0.6690055979040626,0.9280661066387983,0.8590049063671652,HRG/SLC22A13,2
GO:0002455,humoral immune response mediated by circulating immunoglobulin,2/823,52/18860,0.038461538461538464,0.881390784185438,-0.1829472533068459,0.6690055979040626,0.9280661066387983,0.8590049063671652,SUSD4/C5,2
GO:0006968,cellular defense response,2/823,52/18860,0.038461538461538464,0.881390784185438,-0.1829472533068459,0.6690055979040626,0.9280661066387983,0.8590049063671652,IL33/DCDC2,2
GO:0007019,microtubule depolymerization,2/823,52/18860,0.038461538461538464,0.881390784185438,-0.1829472533068459,0.6690055979040626,0.9280661066387983,0.8590049063671652,FGF13/APC2,2
GO:0045646,regulation of erythrocyte differentiation,2/823,52/18860,0.038461538461538464,0.881390784185438,-0.1829472533068459,0.6690055979040626,0.9280661066387983,0.8590049063671652,GLUL/CDK6,2
GO:0070849,response to epidermal growth factor,2/823,52/18860,0.038461538461538464,0.881390784185438,-0.1829472533068459,0.6690055979040626,0.9280661066387983,0.8590049063671652,ERBB4/EGFR,2
GO:0001935,endothelial cell proliferation,8/823,204/18860,0.0392156862745098,0.8986729564243681,-0.31081951883656733,0.6708255954126946,0.9280661066387983,0.8590049063671652,PDCD6/VEGFB/PTPRM/FUT1/GHRL/APOH/PRKD1/BMPER,8
GO:0006164,purine nucleotide biosynthetic process,8/823,204/18860,0.0392156862745098,0.8986729564243681,-0.31081951883656733,0.6708255954126946,0.9280661066387983,0.8590049063671652,PAPSS1/NME9/NME3/NPR3/ADA/ADCY1/IDH2/SLC22A13,8
GO:0046474,glycerophospholipid biosynthetic process,8/823,204/18860,0.0392156862745098,0.8986729564243681,-0.31081951883656733,0.6708255954126946,0.9280661066387983,0.8590049063671652,DGKD/TTC7B/FABP3/PIGZ/PRKAA2/IP6K3/PIK3C2G/CWH43,8
GO:0002070,epithelial cell maturation,1/823,25/18860,0.04,0.9166464155528554,-0.08908171465314081,0.6724708690357837,0.9280661066387983,0.8590049063671652,FOXA1,1
GO:0002483,antigen processing and presentation of endogenous peptide antigen,1/823,25/18860,0.04,0.9166464155528554,-0.08908171465314081,0.6724708690357837,0.9280661066387983,0.8590049063671652,AZGP1,1
GO:0002922,positive regulation of humoral immune response,1/823,25/18860,0.04,0.9166464155528554,-0.08908171465314081,0.6724708690357837,0.9280661066387983,0.8590049063671652,PGC,1
GO:0007042,lysosomal lumen acidification,1/823,25/18860,0.04,0.9166464155528554,-0.08908171465314081,0.6724708690357837,0.9280661066387983,0.8590049063671652,LAMP2,1
GO:0010561,negative regulation of glycoprotein biosynthetic process,1/823,25/18860,0.04,0.9166464155528554,-0.08908171465314081,0.6724708690357837,0.9280661066387983,0.8590049063671652,ITM2A,1
GO:0014856,skeletal muscle cell proliferation,1/823,25/18860,0.04,0.9166464155528554,-0.08908171465314081,0.6724708690357837,0.9280661066387983,0.8590049063671652,SIX1,1
GO:0019083,viral transcription,1/823,25/18860,0.04,0.9166464155528554,-0.08908171465314081,0.6724708690357837,0.9280661066387983,0.8590049063671652,MID2,1
GO:0030859,polarized epithelial cell differentiation,1/823,25/18860,0.04,0.9166464155528554,-0.08908171465314081,0.6724708690357837,0.9280661066387983,0.8590049063671652,PTK7,1
GO:0031281,positive regulation of cyclase activity,1/823,25/18860,0.04,0.9166464155528554,-0.08908171465314081,0.6724708690357837,0.9280661066387983,0.8590049063671652,DRD5,1
GO:0032252,secretory granule localization,1/823,25/18860,0.04,0.9166464155528554,-0.08908171465314081,0.6724708690357837,0.9280661066387983,0.8590049063671652,KIF1A,1
GO:0032528,microvillus organization,1/823,25/18860,0.04,0.9166464155528554,-0.08908171465314081,0.6724708690357837,0.9280661066387983,0.8590049063671652,RAP1GAP,1
GO:0032693,negative regulation of interleukin-10 production,1/823,25/18860,0.04,0.9166464155528554,-0.08908171465314081,0.6724708690357837,0.9280661066387983,0.8590049063671652,TRIB2,1
GO:0033238,regulation of amine metabolic process,1/823,25/18860,0.04,0.9166464155528554,-0.08908171465314081,0.6724708690357837,0.9280661066387983,0.8590049063671652,NPY,1
GO:0034453,microtubule anchoring,1/823,25/18860,0.04,0.9166464155528554,-0.08908171465314081,0.6724708690357837,0.9280661066387983,0.8590049063671652,NIN,1
GO:0035331,negative regulation of hippo signaling,1/823,25/18860,0.04,0.9166464155528554,-0.08908171465314081,0.6724708690357837,0.9280661066387983,0.8590049063671652,WTIP,1
GO:0038095,Fc-epsilon receptor signaling pathway,1/823,25/18860,0.04,0.9166464155528554,-0.08908171465314081,0.6724708690357837,0.9280661066387983,0.8590049063671652,VAV3,1
GO:0042790,nucleolar large rRNA transcription by RNA polymerase I,1/823,25/18860,0.04,0.9166464155528554,-0.08908171465314081,0.6724708690357837,0.9280661066387983,0.8590049063671652,TCOF1,1
GO:0046755,viral budding,1/823,25/18860,0.04,0.9166464155528554,-0.08908171465314081,0.6724708690357837,0.9280661066387983,0.8590049063671652,VPS37D,1
GO:0048207,"vesicle targeting, rough ER to cis-Golgi",1/823,25/18860,0.04,0.9166464155528554,-0.08908171465314081,0.6724708690357837,0.9280661066387983,0.8590049063671652,PDCD6,1
GO:0048208,COPII vesicle coating,1/823,25/18860,0.04,0.9166464155528554,-0.08908171465314081,0.6724708690357837,0.9280661066387983,0.8590049063671652,PDCD6,1
GO:0048714,positive regulation of oligodendrocyte differentiation,1/823,25/18860,0.04,0.9166464155528554,-0.08908171465314081,0.6724708690357837,0.9280661066387983,0.8590049063671652,PTPRZ1,1
GO:0050927,positive regulation of positive chemotaxis,1/823,25/18860,0.04,0.9166464155528554,-0.08908171465314081,0.6724708690357837,0.9280661066387983,0.8590049063671652,VEGFB,1
GO:0051560,mitochondrial calcium ion homeostasis,1/823,25/18860,0.04,0.9166464155528554,-0.08908171465314081,0.6724708690357837,0.9280661066387983,0.8590049063671652,BNIP3,1
GO:0051905,establishment of pigment granule localization,1/823,25/18860,0.04,0.9166464155528554,-0.08908171465314081,0.6724708690357837,0.9280661066387983,0.8590049063671652,RAB17,1
GO:0051953,negative regulation of amine transport,1/823,25/18860,0.04,0.9166464155528554,-0.08908171465314081,0.6724708690357837,0.9280661066387983,0.8590049063671652,CHGA,1
GO:0060444,branching involved in mammary gland duct morphogenesis,1/823,25/18860,0.04,0.9166464155528554,-0.08908171465314081,0.6724708690357837,0.9280661066387983,0.8590049063671652,AR,1
GO:0061339,establishment or maintenance of monopolar cell polarity,1/823,25/18860,0.04,0.9166464155528554,-0.08908171465314081,0.6724708690357837,0.9280661066387983,0.8590049063671652,PTK7,1
GO:0070861,regulation of protein exit from endoplasmic reticulum,1/823,25/18860,0.04,0.9166464155528554,-0.08908171465314081,0.6724708690357837,0.9280661066387983,0.8590049063671652,INSIG1,1
GO:0072540,T-helper 17 cell lineage commitment,1/823,25/18860,0.04,0.9166464155528554,-0.08908171465314081,0.6724708690357837,0.9280661066387983,0.8590049063671652,BRD4,1
GO:0072677,eosinophil migration,1/823,25/18860,0.04,0.9166464155528554,-0.08908171465314081,0.6724708690357837,0.9280661066387983,0.8590049063671652,CCL16,1
GO:0090023,positive regulation of neutrophil chemotaxis,1/823,25/18860,0.04,0.9166464155528554,-0.08908171465314081,0.6724708690357837,0.9280661066387983,0.8590049063671652,EDN1,1
GO:0098743,cell aggregation,1/823,25/18860,0.04,0.9166464155528554,-0.08908171465314081,0.6724708690357837,0.9280661066387983,0.8590049063671652,COL2A1,1
GO:1904037,positive regulation of epithelial cell apoptotic process,1/823,25/18860,0.04,0.9166464155528554,-0.08908171465314081,0.6724708690357837,0.9280661066387983,0.8590049063671652,PLA2G1B,1
GO:2000831,regulation of steroid hormone secretion,1/823,25/18860,0.04,0.9166464155528554,-0.08908171465314081,0.6724708690357837,0.9280661066387983,0.8590049063671652,GHRL,1
GO:0032946,positive regulation of mononuclear cell proliferation,6/823,155/18860,0.03870967741935484,0.8870771763414731,-0.30154061570966517,0.6744681393386743,0.9305442340950618,0.8612986262092174,IGFBP2/NFATC2/CD3E/KITLG/ADA/VAV3,6
GO:0042327,positive regulation of phosphorylation,10/823,254/18860,0.03937007874015748,0.9022110389299758,-0.3351639324671143,0.6750120321106754,0.9309549837544715,0.861678810304076,VEGFB/ERBB4/EGFR/TPD52L1/CTF1/MT3/KIT/EEF1A2/ODAM/FAM20A,10
GO:0006612,protein targeting to membrane,5/823,130/18860,0.038461538461538464,0.881390784185438,-0.28986669396844705,0.675169302410881,0.9309549837544715,0.861678810304076,ZDHHC2/VPS37D/NACAD/MICALL1/CWH43,5
GO:0009620,response to fungus,3/823,79/18860,0.0379746835443038,0.870233938816002,-0.2468836941280067,0.6759776989814059,0.9309570518648727,0.8616807245179114,CHGA/HRG/NPY,3
GO:0009988,cell-cell recognition,3/823,79/18860,0.0379746835443038,0.870233938816002,-0.2468836941280067,0.6759776989814059,0.9309570518648727,0.8616807245179114,FOLR1/PCDHA7/FOLR3,3
GO:0043112,receptor metabolic process,3/823,79/18860,0.0379746835443038,0.870233938816002,-0.2468836941280067,0.6759776989814059,0.9309570518648727,0.8616807245179114,NEDD4L/ABCA2/ZNRF3,3
GO:0045669,positive regulation of osteoblast differentiation,3/823,79/18860,0.0379746835443038,0.870233938816002,-0.2468836941280067,0.6759776989814059,0.9309570518648727,0.8616807245179114,SMAD5/ACVR2B/PRKD1,3
GO:0016079,synaptic vesicle exocytosis,4/823,105/18860,0.0380952380952381,0.8729965862408148,-0.2787588120949414,0.6778482676226099,0.9325993604034815,0.8632008221514119,RIMS4/ERC2/RIMS3/NPY,4
GO:0003197,endocardial cushion development,2/823,53/18860,0.03773584905660377,0.8647607693894862,-0.2105998022721301,0.6791909968182235,0.9325993604034815,0.8632008221514119,GATA5/DKK1,2
GO:0003254,regulation of membrane depolarization,2/823,53/18860,0.03773584905660377,0.8647607693894862,-0.2105998022721301,0.6791909968182235,0.9325993604034815,0.8632008221514119,NEDD4L/ALB,2
GO:0006778,porphyrin-containing compound metabolic process,2/823,53/18860,0.03773584905660377,0.8647607693894862,-0.2105998022721301,0.6791909968182235,0.9325993604034815,0.8632008221514119,HMOX2/ALAD,2
GO:0019369,arachidonate metabolic process,2/823,53/18860,0.03773584905660377,0.8647607693894862,-0.2105998022721301,0.6791909968182235,0.9325993604034815,0.8632008221514119,CYP2C8/ALOX15B,2
GO:0035384,thioester biosynthetic process,2/823,53/18860,0.03773584905660377,0.8647607693894862,-0.2105998022721301,0.6791909968182235,0.9325993604034815,0.8632008221514119,SIRT4/ACAT1,2
GO:0051496,positive regulation of stress fiber assembly,2/823,53/18860,0.03773584905660377,0.8647607693894862,-0.2105998022721301,0.6791909968182235,0.9325993604034815,0.8632008221514119,EVL/TGFB3,2
GO:0071616,acyl-CoA biosynthetic process,2/823,53/18860,0.03773584905660377,0.8647607693894862,-0.2105998022721301,0.6791909968182235,0.9325993604034815,0.8632008221514119,SIRT4/ACAT1,2
GO:0071622,regulation of granulocyte chemotaxis,2/823,53/18860,0.03773584905660377,0.8647607693894862,-0.2105998022721301,0.6791909968182235,0.9325993604034815,0.8632008221514119,CXCL17/EDN1,2
GO:1904707,positive regulation of vascular associated smooth muscle cell proliferation,2/823,53/18860,0.03773584905660377,0.8647607693894862,-0.2105998022721301,0.6791909968182235,0.9325993604034815,0.8632008221514119,IGFBP5/EDN1,2
GO:0008654,phospholipid biosynthetic process,10/823,255/18860,0.0392156862745098,0.8986729564243681,-0.3479827530283091,0.6797427129117167,0.932801849565142,0.8633882432651756,DGKD/TTC7B/FABP3/PLD6/PIGZ/PRKAA2/ABCA2/IP6K3/PIK3C2G/CWH43,10
GO:0009913,epidermal cell differentiation,10/823,255/18860,0.0392156862745098,0.8986729564243681,-0.3479827530283091,0.6797427129117167,0.932801849565142,0.8633882432651756,ANKRD24/SPRR2G/GATA6/LHFPL5/WDPCP/KCNQ1/ALOX15B/CNFN/FGF20/KRT73,10
GO:0030218,erythrocyte differentiation,6/823,156/18860,0.038461538461538464,0.881390784185438,-0.3177536749642197,0.6804680062380706,0.9332981456739625,0.8638476079477538,GLUL/HBZ/SMAD5/CDK6/KIT/KCNQ1,6
GO:0001936,regulation of endothelial cell proliferation,7/823,181/18860,0.03867403314917127,0.8862603465290038,-0.3284365430786888,0.6805088321111341,0.9332981456739625,0.8638476079477538,PDCD6/VEGFB/PTPRM/FUT1/GHRL/APOH/PRKD1,7
GO:0046631,alpha-beta T cell activation,8/823,206/18860,0.038834951456310676,0.8899479762649081,-0.33925226223931576,0.6813470163241448,0.933854000970963,0.8643620997753704,CD3E/SLC4A2/RORC/ADA/TOX/RORA/ZBTB16/BRD4,8
GO:0072089,stem cell proliferation,5/823,131/18860,0.03816793893129771,0.8746626102603583,-0.3074936092602989,0.6816895648299686,0.933854000970963,0.8643620997753704,MECOM/KITLG/ZNRF3/NES/FBLN1,5
GO:0001934,positive regulation of protein phosphorylation,9/823,231/18860,0.03896103896103896,0.8928374177462877,-0.35005112996939464,0.6827110108829505,0.933854000970963,0.8643620997753704,VEGFB/ERBB4/EGFR/TPD52L1/CTF1/MT3/KIT/ODAM/FAM20A,9
GO:0120192,tight junction assembly,3/823,80/18860,0.0375,0.8593560145808019,-0.2692746432781824,0.6842369302423801,0.933854000970963,0.8643620997753704,CLDN19/CLDN25/CLDN24,3
GO:1990266,neutrophil migration,4/823,106/18860,0.03773584905660377,0.8647607693894862,-0.2982536473525284,0.6850395261540898,0.933854000970963,0.8643620997753704,PLA2G1B/VAV3/PRTN3/EDN1,4
GO:0003148,outflow tract septum morphogenesis,1/823,26/18860,0.038461538461538464,0.881390784185438,-0.12927392075358793,0.6867823357086562,0.933854000970963,0.8643620997753704,GATA6,1
GO:0007350,blastoderm segmentation,1/823,26/18860,0.038461538461538464,0.881390784185438,-0.12927392075358793,0.6867823357086562,0.933854000970963,0.8643620997753704,PLD6,1
GO:0008045,motor neuron axon guidance,1/823,26/18860,0.038461538461538464,0.881390784185438,-0.12927392075358793,0.6867823357086562,0.933854000970963,0.8643620997753704,KIF5C,1
GO:0009435,NAD+ biosynthetic process,1/823,26/18860,0.038461538461538464,0.881390784185438,-0.12927392075358793,0.6867823357086562,0.933854000970963,0.8643620997753704,SLC22A13,1
GO:0010715,regulation of extracellular matrix disassembly,1/823,26/18860,0.038461538461538464,0.881390784185438,-0.12927392075358793,0.6867823357086562,0.933854000970963,0.8643620997753704,TIMP3,1
GO:0021542,dentate gyrus development,1/823,26/18860,0.038461538461538464,0.881390784185438,-0.12927392075358793,0.6867823357086562,0.933854000970963,0.8643620997753704,CDK6,1
GO:0031048,regulatory ncRNA-mediated heterochromatin formation,1/823,26/18860,0.038461538461538464,0.881390784185438,-0.12927392075358793,0.6867823357086562,0.933854000970963,0.8643620997753704,TDRD9,1
GO:0032400,melanosome localization,1/823,26/18860,0.038461538461538464,0.881390784185438,-0.12927392075358793,0.6867823357086562,0.933854000970963,0.8643620997753704,RAB17,1
GO:0032469,endoplasmic reticulum calcium ion homeostasis,1/823,26/18860,0.038461538461538464,0.881390784185438,-0.12927392075358793,0.6867823357086562,0.933854000970963,0.8643620997753704,TMTC4,1
GO:0032816,positive regulation of natural killer cell activation,1/823,26/18860,0.038461538461538464,0.881390784185438,-0.12927392075358793,0.6867823357086562,0.933854000970963,0.8643620997753704,TOX,1
GO:0035988,chondrocyte proliferation,1/823,26/18860,0.038461538461538464,0.881390784185438,-0.12927392075358793,0.6867823357086562,0.933854000970963,0.8643620997753704,PBXIP1,1
GO:0036120,cellular response to platelet-derived growth factor stimulus,1/823,26/18860,0.038461538461538464,0.881390784185438,-0.12927392075358793,0.6867823357086562,0.933854000970963,0.8643620997753704,PDGFD,1
GO:0043931,ossification involved in bone maturation,1/823,26/18860,0.038461538461538464,0.881390784185438,-0.12927392075358793,0.6867823357086562,0.933854000970963,0.8643620997753704,ZBTB16,1
GO:0050926,regulation of positive chemotaxis,1/823,26/18860,0.038461538461538464,0.881390784185438,-0.12927392075358793,0.6867823357086562,0.933854000970963,0.8643620997753704,VEGFB,1
GO:0051457,maintenance of protein location in nucleus,1/823,26/18860,0.038461538461538464,0.881390784185438,-0.12927392075358793,0.6867823357086562,0.933854000970963,0.8643620997753704,SYNE1,1
GO:0060343,trabecula formation,1/823,26/18860,0.038461538461538464,0.881390784185438,-0.12927392075358793,0.6867823357086562,0.933854000970963,0.8643620997753704,CHAD,1
GO:0085020,protein K6-linked ubiquitination,1/823,26/18860,0.038461538461538464,0.881390784185438,-0.12927392075358793,0.6867823357086562,0.933854000970963,0.8643620997753704,PRKAA2,1
GO:0090370,negative regulation of cholesterol efflux,1/823,26/18860,0.038461538461538464,0.881390784185438,-0.12927392075358793,0.6867823357086562,0.933854000970963,0.8643620997753704,ABCA2,1
GO:0099149,regulation of postsynaptic neurotransmitter receptor internalization,1/823,26/18860,0.038461538461538464,0.881390784185438,-0.12927392075358793,0.6867823357086562,0.933854000970963,0.8643620997753704,SUSD4,1
GO:1903523,negative regulation of blood circulation,1/823,26/18860,0.038461538461538464,0.881390784185438,-0.12927392075358793,0.6867823357086562,0.933854000970963,0.8643620997753704,RNLS,1
GO:1903579,negative regulation of ATP metabolic process,1/823,26/18860,0.038461538461538464,0.881390784185438,-0.12927392075358793,0.6867823357086562,0.933854000970963,0.8643620997753704,NUPR1,1
GO:1905146,lysosomal protein catabolic process,1/823,26/18860,0.038461538461538464,0.881390784185438,-0.12927392075358793,0.6867823357086562,0.933854000970963,0.8643620997753704,LAMP2,1
GO:1990961,xenobiotic detoxification by transmembrane export across the plasma membrane,1/823,26/18860,0.038461538461538464,0.881390784185438,-0.12927392075358793,0.6867823357086562,0.933854000970963,0.8643620997753704,ABCC5,1
GO:2000773,negative regulation of cellular senescence,1/823,26/18860,0.038461538461538464,0.881390784185438,-0.12927392075358793,0.6867823357086562,0.933854000970963,0.8643620997753704,CDK6,1
GO:0007127,meiosis I,5/823,132/18860,0.03787878787878788,0.8680363783644464,-0.32499193703562695,0.6881214442492125,0.9353778170780849,0.8657725224845455,REC8/ZCWPW1/BCL2L11/SYCP2/TDRD9,5
GO:0006858,extracellular transport,2/823,54/18860,0.037037037037037035,0.8487466810674587,-0.23775555479017324,0.6891190851712867,0.9353778170780849,0.8657725224845455,AQP4/CWH43,2
GO:0031670,cellular response to nutrient,2/823,54/18860,0.037037037037037035,0.8487466810674587,-0.23775555479017324,0.6891190851712867,0.9353778170780849,0.8657725224845455,FOLR1/POSTN,2
GO:0043094,metabolic compound salvage,2/823,54/18860,0.037037037037037035,0.8487466810674587,-0.23775555479017324,0.6891190851712867,0.9353778170780849,0.8657725224845455,ADA/SLC22A13,2
GO:0060324,face development,2/823,54/18860,0.037037037037037035,0.8487466810674587,-0.23775555479017324,0.6891190851712867,0.9353778170780849,0.8657725224845455,TGFB3/DKK1,2
GO:0141085,regulation of inflammasome-mediated signaling pathway,2/823,54/18860,0.037037037037037035,0.8487466810674587,-0.23775555479017324,0.6891190851712867,0.9353778170780849,0.8657725224845455,LAMP2/PRKD1,2
GO:0051259,protein complex oligomerization,11/823,282/18860,0.03900709219858156,0.8938927811242384,-0.3834838702016629,0.6908326054729055,0.9374279547949012,0.8676701010566708,AQP4/KCTD8/SLC1A2/ALAD/GRIA3/NME3/KCNJ12/CRTC1/GNMT/EVL/KCNG4,11
GO:0043409,negative regulation of MAPK cascade,7/823,183/18860,0.03825136612021858,0.8765744411024574,-0.3583885970738073,0.6914881990434838,0.9380417514949083,0.8682382226301734,SH3GL2/IGF1R/DUSP19/MECOM/PDCD4/DUSP26/FBLN1,7
GO:1903432,regulation of TORC1 signaling,4/823,107/18860,0.037383177570093455,0.8566788930400517,-0.31757313850239793,0.6921170446365075,0.9380920758051375,0.8682848021023546,GPR155/PRKAA2/RNF152/PRKACB,4
GO:0043299,leukocyte degranulation,3/823,81/18860,0.037037037037037035,0.8487466810674587,-0.2913991541417641,0.6923380631140711,0.9380920758051375,0.8682848021023546,KIT/CHGA/SLC18A2,3
GO:0001701,in utero embryonic development,17/823,429/18860,0.039627039627039624,0.9080995958274208,-0.41129053302107776,0.6933378602515967,0.9380920758051375,0.8682848021023546,ZMIZ1/CELF4/EGFR/DBN1/AR/GATA6/BCL2L11/ADM/ADA/CHST11/MXI1/PTH1R/TGFB3/PRICKLE2/ARHGDIG/EDN1/SLC5A7,17
GO:0051170,import into nucleus,7/823,184/18860,0.03804347826086957,0.8718104495747266,-0.3732473203809023,0.6968857437630263,0.9380920758051375,0.8682848021023546,IPO11/IL33/PRKD1/CWH43/INSIG1/CABP1/RANBP17,7
GO:0006826,iron ion transport,2/823,55/18860,0.03636363636363636,0.8333149232298684,-0.264434728238271,0.6987928947419091,0.9380920758051375,0.8682848021023546,TF/ABCC5,2
GO:0030857,negative regulation of epithelial cell differentiation,2/823,55/18860,0.03636363636363636,0.8333149232298684,-0.264434728238271,0.6987928947419091,0.9380920758051375,0.8682848021023546,FST/S1PR3,2
GO:0035088,establishment or maintenance of apical/basal cell polarity,2/823,55/18860,0.03636363636363636,0.8333149232298684,-0.264434728238271,0.6987928947419091,0.9380920758051375,0.8682848021023546,PTK7/VANGL2,2
GO:0061245,establishment or maintenance of bipolar cell polarity,2/823,55/18860,0.03636363636363636,0.8333149232298684,-0.264434728238271,0.6987928947419091,0.9380920758051375,0.8682848021023546,PTK7/VANGL2,2
GO:1900016,negative regulation of cytokine production involved in inflammatory response,2/823,55/18860,0.03636363636363636,0.8333149232298684,-0.264434728238271,0.6987928947419091,0.9380920758051375,0.8682848021023546,PDCD4/F2,2
GO:0010586,miRNA metabolic process,4/823,108/18860,0.037037037037037035,0.8487466810674587,-0.3367209119052907,0.6990807095073656,0.9380920758051375,0.8682848021023546,EGFR/AR/FOXA1/ZNF512B,4
GO:0051588,regulation of neurotransmitter transport,4/823,108/18860,0.037037037037037035,0.8487466810674587,-0.3367209119052907,0.6990807095073656,0.9380920758051375,0.8682848021023546,RIMS4/RIMS3/GPM6B/NPY,4
GO:0031424,keratinization,3/823,82/18860,0.036585365853658534,0.8383961117861483,-0.31326448383486794,0.700281590030185,0.9380920758051375,0.8682848021023546,SPRR2G/CNFN/KRT73,3
GO:0140056,organelle localization by membrane tethering,3/823,82/18860,0.036585365853658534,0.8383961117861483,-0.31326448383486794,0.700281590030185,0.9380920758051375,0.8682848021023546,STX12/TSNARE1/RIMS3,3
GO:0001779,natural killer cell differentiation,1/823,27/18860,0.037037037037037035,0.8487466810674587,-0.16799800993200192,0.7004691859641395,0.9380920758051375,0.8682848021023546,TOX,1
GO:0001783,B cell apoptotic process,1/823,27/18860,0.037037037037037035,0.8487466810674587,-0.16799800993200192,0.7004691859641395,0.9380920758051375,0.8682848021023546,ADA,1
GO:0002053,positive regulation of mesenchymal cell proliferation,1/823,27/18860,0.037037037037037035,0.8487466810674587,-0.16799800993200192,0.7004691859641395,0.9380920758051375,0.8682848021023546,SIX1,1
GO:0002066,columnar/cuboidal epithelial cell development,1/823,27/18860,0.037037037037037035,0.8487466810674587,-0.16799800993200192,0.7004691859641395,0.9380920758051375,0.8682848021023546,SLC9A4,1
GO:0003181,atrioventricular valve morphogenesis,1/823,27/18860,0.037037037037037035,0.8487466810674587,-0.16799800993200192,0.7004691859641395,0.9380920758051375,0.8682848021023546,ADAMTS19,1
GO:0005980,glycogen catabolic process,1/823,27/18860,0.037037037037037035,0.8487466810674587,-0.16799800993200192,0.7004691859641395,0.9380920758051375,0.8682848021023546,GABARAPL1,1
GO:0006607,NLS-bearing protein import into nucleus,1/823,27/18860,0.037037037037037035,0.8487466810674587,-0.16799800993200192,0.7004691859641395,0.9380920758051375,0.8682848021023546,INSIG1,1
GO:0010875,positive regulation of cholesterol efflux,1/823,27/18860,0.037037037037037035,0.8487466810674587,-0.16799800993200192,0.7004691859641395,0.9380920758051375,0.8682848021023546,PLTP,1
GO:0015721,bile acid and bile salt transport,1/823,27/18860,0.037037037037037035,0.8487466810674587,-0.16799800993200192,0.7004691859641395,0.9380920758051375,0.8682848021023546,SLC10A1,1
GO:0016188,synaptic vesicle maturation,1/823,27/18860,0.037037037037037035,0.8487466810674587,-0.16799800993200192,0.7004691859641395,0.9380920758051375,0.8682848021023546,ZDHHC2,1
GO:0021697,cerebellar cortex formation,1/823,27/18860,0.037037037037037035,0.8487466810674587,-0.16799800993200192,0.7004691859641395,0.9380920758051375,0.8682848021023546,RORA,1
GO:0033119,negative regulation of RNA splicing,1/823,27/18860,0.037037037037037035,0.8487466810674587,-0.16799800993200192,0.7004691859641395,0.9380920758051375,0.8682848021023546,CELF4,1
GO:0033622,integrin activation,1/823,27/18860,0.037037037037037035,0.8487466810674587,-0.16799800993200192,0.7004691859641395,0.9380920758051375,0.8682848021023546,LRP12,1
GO:0034377,plasma lipoprotein particle assembly,1/823,27/18860,0.037037037037037035,0.8487466810674587,-0.16799800993200192,0.7004691859641395,0.9380920758051375,0.8682848021023546,PRKACB,1
GO:0036296,response to increased oxygen levels,1/823,27/18860,0.037037037037037035,0.8487466810674587,-0.16799800993200192,0.7004691859641395,0.9380920758051375,0.8682848021023546,BNIP3,1
GO:0045624,positive regulation of T-helper cell differentiation,1/823,27/18860,0.037037037037037035,0.8487466810674587,-0.16799800993200192,0.7004691859641395,0.9380920758051375,0.8682848021023546,BRD4,1
GO:0050995,negative regulation of lipid catabolic process,1/823,27/18860,0.037037037037037035,0.8487466810674587,-0.16799800993200192,0.7004691859641395,0.9380920758051375,0.8682848021023546,PLIN5,1
GO:0051875,pigment granule localization,1/823,27/18860,0.037037037037037035,0.8487466810674587,-0.16799800993200192,0.7004691859641395,0.9380920758051375,0.8682848021023546,RAB17,1
GO:0055022,negative regulation of cardiac muscle tissue growth,1/823,27/18860,0.037037037037037035,0.8487466810674587,-0.16799800993200192,0.7004691859641395,0.9380920758051375,0.8682848021023546,KCNK2,1
GO:0060669,embryonic placenta morphogenesis,1/823,27/18860,0.037037037037037035,0.8487466810674587,-0.16799800993200192,0.7004691859641395,0.9380920758051375,0.8682848021023546,ADM,1
GO:0061117,negative regulation of heart growth,1/823,27/18860,0.037037037037037035,0.8487466810674587,-0.16799800993200192,0.7004691859641395,0.9380920758051375,0.8682848021023546,KCNK2,1
GO:0071624,positive regulation of granulocyte chemotaxis,1/823,27/18860,0.037037037037037035,0.8487466810674587,-0.16799800993200192,0.7004691859641395,0.9380920758051375,0.8682848021023546,EDN1,1
GO:0090280,positive regulation of calcium ion import,1/823,27/18860,0.037037037037037035,0.8487466810674587,-0.16799800993200192,0.7004691859641395,0.9380920758051375,0.8682848021023546,PPP3CC,1
GO:0150105,protein localization to cell-cell junction,1/823,27/18860,0.037037037037037035,0.8487466810674587,-0.16799800993200192,0.7004691859641395,0.9380920758051375,0.8682848021023546,CGNL1,1
GO:1901659,glycosyl compound biosynthetic process,1/823,27/18860,0.037037037037037035,0.8487466810674587,-0.16799800993200192,0.7004691859641395,0.9380920758051375,0.8682848021023546,ADA,1
GO:1902894,negative regulation of miRNA transcription,1/823,27/18860,0.037037037037037035,0.8487466810674587,-0.16799800993200192,0.7004691859641395,0.9380920758051375,0.8682848021023546,ZNF512B,1
GO:1902993,positive regulation of amyloid precursor protein catabolic process,1/823,27/18860,0.037037037037037035,0.8487466810674587,-0.16799800993200192,0.7004691859641395,0.9380920758051375,0.8682848021023546,ABCA2,1
GO:1903054,negative regulation of extracellular matrix organization,1/823,27/18860,0.037037037037037035,0.8487466810674587,-0.16799800993200192,0.7004691859641395,0.9380920758051375,0.8682848021023546,TIMP3,1
GO:1903859,regulation of dendrite extension,1/823,27/18860,0.037037037037037035,0.8487466810674587,-0.16799800993200192,0.7004691859641395,0.9380920758051375,0.8682848021023546,NEDD4L,1
GO:1904754,positive regulation of vascular associated smooth muscle cell migration,1/823,27/18860,0.037037037037037035,0.8487466810674587,-0.16799800993200192,0.7004691859641395,0.9380920758051375,0.8682848021023546,IGFBP5,1
GO:1905564,positive regulation of vascular endothelial cell proliferation,1/823,27/18860,0.037037037037037035,0.8487466810674587,-0.16799800993200192,0.7004691859641395,0.9380920758051375,0.8682848021023546,GHRL,1
GO:0034763,negative regulation of transmembrane transport,5/823,134/18860,0.03731343283582089,0.855080611523186,-0.35961142221976317,0.700718800099999,0.9381541231393952,0.8683422322403298,KCNE2/PTPRM/NEDD4L/PPP3CC/KCNQ1,5
GO:0050728,negative regulation of inflammatory response,8/823,210/18860,0.0380952380952381,0.8729965862408148,-0.3953326823320359,0.7017558521278389,0.9392700863021973,0.8693751520133014,GHRL/IL33/C1QTNF3/ADA/RORA/PROC/CXCL17/NPY,8
GO:0030099,myeloid cell differentiation,19/823,481/18860,0.0395010395010395,0.9052121567309903,-0.4498226671327672,0.7054471712265324,0.9419545668682577,0.8718598693850464,DHRS2/PDE1B/GLUL/HBZ/SMAD5/LRRC17/CDK6/IL33/GPC3/SLC4A2/MT1G/KITLG/KIT/RAB7B/MITF/KCNQ1/TF/ZBTB16/PRTN3,19
GO:0031398,positive regulation of protein ubiquitination,4/823,109/18860,0.03669724770642202,0.8409600142686747,-0.3557004833808563,0.7059305060649097,0.9419545668682577,0.8718598693850464,PDCD6/RNF180/TSPYL5/FAM107A,4
GO:0031640,killing of cells of another organism,5/823,135/18860,0.037037037037037035,0.8487466810674587,-0.3767367434576517,0.7068838218060833,0.9419545668682577,0.8718598693850464,C5/SCNN1B/CHGA/F2/HRG,5
GO:0141061,disruption of cell in another organism,5/823,135/18860,0.037037037037037035,0.8487466810674587,-0.3767367434576517,0.7068838218060833,0.9419545668682577,0.8718598693850464,C5/SCNN1B/CHGA/F2/HRG,5
GO:0030593,neutrophil chemotaxis,3/823,83/18860,0.03614457831325301,0.8282949538128211,-0.334877598816467,0.7080681542419518,0.9419545668682577,0.8718598693850464,PLA2G1B/VAV3/EDN1,3
GO:0033143,regulation of intracellular steroid hormone receptor signaling pathway,3/823,83/18860,0.03614457831325301,0.8282949538128211,-0.334877598816467,0.7080681542419518,0.9419545668682577,0.8718598693850464,AR/CYP7B1/FOXA1,3
GO:0035914,skeletal muscle cell differentiation,3/823,83/18860,0.03614457831325301,0.8282949538128211,-0.334877598816467,0.7080681542419518,0.9419545668682577,0.8718598693850464,NUPR1/SIX4/SIX1,3
GO:0043297,apical junction assembly,3/823,83/18860,0.03614457831325301,0.8282949538128211,-0.334877598816467,0.7080681542419518,0.9419545668682577,0.8718598693850464,CLDN19/CLDN25/CLDN24,3
GO:0006110,regulation of glycolytic process,2/823,56/18860,0.03571428571428571,0.8184342996007637,-0.2906563374837844,0.7082156827341628,0.9419545668682577,0.8718598693850464,PRKAA2/NUPR1,2
GO:0006623,protein targeting to vacuole,2/823,56/18860,0.03571428571428571,0.8184342996007637,-0.2906563374837844,0.7082156827341628,0.9419545668682577,0.8718598693850464,LAMP2/VPS37D,2
GO:0030811,regulation of nucleotide catabolic process,2/823,56/18860,0.03571428571428571,0.8184342996007637,-0.2906563374837844,0.7082156827341628,0.9419545668682577,0.8718598693850464,PRKAA2/NUPR1,2
GO:0033121,regulation of purine nucleotide catabolic process,2/823,56/18860,0.03571428571428571,0.8184342996007637,-0.2906563374837844,0.7082156827341628,0.9419545668682577,0.8718598693850464,PRKAA2/NUPR1,2
GO:0035036,sperm-egg recognition,2/823,56/18860,0.03571428571428571,0.8184342996007637,-0.2906563374837844,0.7082156827341628,0.9419545668682577,0.8718598693850464,FOLR1/FOLR3,2
GO:0036230,granulocyte activation,2/823,56/18860,0.03571428571428571,0.8184342996007637,-0.2906563374837844,0.7082156827341628,0.9419545668682577,0.8718598693850464,SCNN1B/DNASE1,2
GO:0051646,mitochondrion localization,2/823,56/18860,0.03571428571428571,0.8184342996007637,-0.2906563374837844,0.7082156827341628,0.9419545668682577,0.8718598693850464,PLIN5/NEFL,2
GO:0061900,glial cell activation,2/823,56/18860,0.03571428571428571,0.8184342996007637,-0.2906563374837844,0.7082156827341628,0.9419545668682577,0.8718598693850464,IL33/KCNJ8,2
GO:0001676,long-chain fatty acid metabolic process,4/823,110/18860,0.03636363636363636,0.8333149232298684,-0.37451526259929746,0.7126665141841331,0.9419545668682577,0.8718598693850464,ACADL/GSTM2/CYP2C8/ALOX15B,4
GO:0001938,positive regulation of endothelial cell proliferation,4/823,110/18860,0.03636363636363636,0.8333149232298684,-0.37451526259929746,0.7126665141841331,0.9419545668682577,0.8718598693850464,PDCD6/VEGFB/GHRL/PRKD1,4
GO:0051851,host-mediated perturbation of symbiont process,4/823,110/18860,0.03636363636363636,0.8333149232298684,-0.37451526259929746,0.7126665141841331,0.9419545668682577,0.8718598693850464,MID2/HPN/PIK3C2G/BRD4,4
GO:0002244,hematopoietic progenitor cell differentiation,5/823,136/18860,0.03676470588235294,0.842505896647845,-0.39374180823801963,0.7129595465477809,0.9419545668682577,0.8718598693850464,CDK6/PTPRZ1/KITLG/KIT/FST,5
GO:0010595,positive regulation of endothelial cell migration,5/823,136/18860,0.03676470588235294,0.842505896647845,-0.39374180823801963,0.7129595465477809,0.9419545668682577,0.8718598693850464,PDCD6/FUT1/CCBE1/PRKD1/EDN1,5
GO:0015918,sterol transport,5/823,136/18860,0.03676470588235294,0.842505896647845,-0.39374180823801963,0.7129595465477809,0.9419545668682577,0.8718598693850464,STX12/APOA5/ABCA2/GRAMD1A/PLTP,5
GO:0001702,gastrulation with mouth forming second,1/823,28/18860,0.03571428571428571,0.8184342996007637,-0.20537221988093307,0.7135586491379045,0.9419545668682577,0.8718598693850464,ACVR2B,1
GO:0007097,nuclear migration,1/823,28/18860,0.03571428571428571,0.8184342996007637,-0.20537221988093307,0.7135586491379045,0.9419545668682577,0.8718598693850464,NTN1,1
GO:0009251,glucan catabolic process,1/823,28/18860,0.03571428571428571,0.8184342996007637,-0.20537221988093307,0.7135586491379045,0.9419545668682577,0.8718598693850464,GABARAPL1,1
GO:0010640,regulation of platelet-derived growth factor receptor signaling pathway,1/823,28/18860,0.03571428571428571,0.8184342996007637,-0.20537221988093307,0.7135586491379045,0.9419545668682577,0.8718598693850464,HIP1R,1
GO:0015732,prostaglandin transport,1/823,28/18860,0.03571428571428571,0.8184342996007637,-0.20537221988093307,0.7135586491379045,0.9419545668682577,0.8718598693850464,EDN1,1
GO:0032511,late endosome to vacuole transport via multivesicular body sorting pathway,1/823,28/18860,0.03571428571428571,0.8184342996007637,-0.20537221988093307,0.7135586491379045,0.9419545668682577,0.8718598693850464,VPS37D,1
GO:0032878,regulation of establishment or maintenance of cell polarity,1/823,28/18860,0.03571428571428571,0.8184342996007637,-0.20537221988093307,0.7135586491379045,0.9419545668682577,0.8718598693850464,WDPCP,1
GO:0033598,mammary gland epithelial cell proliferation,1/823,28/18860,0.03571428571428571,0.8184342996007637,-0.20537221988093307,0.7135586491379045,0.9419545668682577,0.8718598693850464,DEAF1,1
GO:0034643,"establishment of mitochondrion localization, microtubule-mediated",1/823,28/18860,0.03571428571428571,0.8184342996007637,-0.20537221988093307,0.7135586491379045,0.9419545668682577,0.8718598693850464,NEFL,1
GO:0036010,protein localization to endosome,1/823,28/18860,0.03571428571428571,0.8184342996007637,-0.20537221988093307,0.7135586491379045,0.9419545668682577,0.8718598693850464,MICALL1,1
GO:0036119,response to platelet-derived growth factor,1/823,28/18860,0.03571428571428571,0.8184342996007637,-0.20537221988093307,0.7135586491379045,0.9419545668682577,0.8718598693850464,PDGFD,1
GO:0042104,positive regulation of activated T cell proliferation,1/823,28/18860,0.03571428571428571,0.8184342996007637,-0.20537221988093307,0.7135586491379045,0.9419545668682577,0.8718598693850464,IGFBP2,1
GO:0044090,positive regulation of vacuole organization,1/823,28/18860,0.03571428571428571,0.8184342996007637,-0.20537221988093307,0.7135586491379045,0.9419545668682577,0.8718598693850464,ULK1,1
GO:0045662,negative regulation of myoblast differentiation,1/823,28/18860,0.03571428571428571,0.8184342996007637,-0.20537221988093307,0.7135586491379045,0.9419545668682577,0.8718598693850464,SOSTDC1,1
GO:0046037,GMP metabolic process,1/823,28/18860,0.03571428571428571,0.8184342996007637,-0.20537221988093307,0.7135586491379045,0.9419545668682577,0.8718598693850464,ADA,1
GO:0046629,gamma-delta T cell activation,1/823,28/18860,0.03571428571428571,0.8184342996007637,-0.20537221988093307,0.7135586491379045,0.9419545668682577,0.8718598693850464,CD3E,1
GO:0046949,fatty-acyl-CoA biosynthetic process,1/823,28/18860,0.03571428571428571,0.8184342996007637,-0.20537221988093307,0.7135586491379045,0.9419545668682577,0.8718598693850464,ACAT1,1
GO:0047497,mitochondrion transport along microtubule,1/823,28/18860,0.03571428571428571,0.8184342996007637,-0.20537221988093307,0.7135586491379045,0.9419545668682577,0.8718598693850464,NEFL,1
GO:0051882,mitochondrial depolarization,1/823,28/18860,0.03571428571428571,0.8184342996007637,-0.20537221988093307,0.7135586491379045,0.9419545668682577,0.8718598693850464,ALB,1
GO:0060586,multicellular organismal-level iron ion homeostasis,1/823,28/18860,0.03571428571428571,0.8184342996007637,-0.20537221988093307,0.7135586491379045,0.9419545668682577,0.8718598693850464,TF,1
GO:0061615,glycolytic process through fructose-6-phosphate,1/823,28/18860,0.03571428571428571,0.8184342996007637,-0.20537221988093307,0.7135586491379045,0.9419545668682577,0.8718598693850464,PGAM2,1
GO:0071480,cellular response to gamma radiation,1/823,28/18860,0.03571428571428571,0.8184342996007637,-0.20537221988093307,0.7135586491379045,0.9419545668682577,0.8718598693850464,TSPYL5,1
GO:1903019,negative regulation of glycoprotein metabolic process,1/823,28/18860,0.03571428571428571,0.8184342996007637,-0.20537221988093307,0.7135586491379045,0.9419545668682577,0.8718598693850464,ITM2A,1
GO:1903599,positive regulation of autophagy of mitochondrion,1/823,28/18860,0.03571428571428571,0.8184342996007637,-0.20537221988093307,0.7135586491379045,0.9419545668682577,0.8718598693850464,BNIP3,1
GO:1905523,positive regulation of macrophage migration,1/823,28/18860,0.03571428571428571,0.8184342996007637,-0.20537221988093307,0.7135586491379045,0.9419545668682577,0.8718598693850464,CXCL17,1
GO:2000647,negative regulation of stem cell proliferation,1/823,28/18860,0.03571428571428571,0.8184342996007637,-0.20537221988093307,0.7135586491379045,0.9419545668682577,0.8718598693850464,FBLN1,1
GO:0007043,cell-cell junction assembly,6/823,162/18860,0.037037037037037035,0.8487466810674587,-0.412992284123168,0.7149417900521327,0.9432408122042859,0.8730503999372737,CDH2/NPHS1/CLDN19/CLDN25/IRX3/CLDN24,6
GO:0044839,cell cycle G2/M phase transition,6/823,162/18860,0.037037037037037035,0.8487466810674587,-0.412992284123168,0.7149417900521327,0.9432408122042859,0.8730503999372737,SMARCD3/CDK14/TPD52L1/CDK6/NES/BRD4,6
GO:0002762,negative regulation of myeloid leukocyte differentiation,2/823,57/18860,0.03508771929824561,0.8040758031165397,-0.3164382872967371,0.7173909063829254,0.9453909288855513,0.8750405176295984,LRRC17/CDK6,2
GO:0010874,regulation of cholesterol efflux,2/823,57/18860,0.03508771929824561,0.8040758031165397,-0.3164382872967371,0.7173909063829254,0.9453909288855513,0.8750405176295984,ABCA2/PLTP,2
GO:0099172,presynapse organization,2/823,57/18860,0.03508771929824561,0.8040758031165397,-0.3164382872967371,0.7173909063829254,0.9453909288855513,0.8750405176295984,CACNA2D3/DKK1,2
GO:1903351,cellular response to dopamine,2/823,57/18860,0.03508771929824561,0.8040758031165397,-0.3164382872967371,0.7173909063829254,0.9453909288855513,0.8750405176295984,DRD5/HTR3E,2
GO:0009154,purine ribonucleotide catabolic process,5/823,137/18860,0.0364963503649635,0.8363562185701234,-0.41062857374756884,0.7189459090927639,0.9463514822026352,0.8759295922400169,PDE8B/PRKAA2/NUPR1/ADA/PGAM2,5
GO:0003333,amino acid transmembrane transport,4/823,111/18860,0.036036036036036036,0.825807581579149,-0.3931685572593677,0.7192889041028563,0.9463514822026352,0.8759295922400169,SLC1A2/SLC16A10/KCNJ10/SLC6A5,4
GO:0006446,regulation of translational initiation,4/823,111/18860,0.036036036036036036,0.825807581579149,-0.3931685572593677,0.7192889041028563,0.9463514822026352,0.8759295922400169,GPR155/PAIP2B/PRKAA2/RNF152,4
GO:0043367,"CD4-positive, alpha-beta T cell differentiation",4/823,111/18860,0.036036036036036036,0.825807581579149,-0.3931685572593677,0.7192889041028563,0.9463514822026352,0.8759295922400169,RORC/TOX/RORA/BRD4,4
GO:0034599,cellular response to oxidative stress,10/823,264/18860,0.03787878787878788,0.8680363783644464,-0.4612363384414359,0.7204305214710643,0.9463514822026352,0.8759295922400169,DHRS2/PDGFD/BNIP3/PRKAA2/PRKD1/MT3/PPARGC1A/GATA5/EDN1/SOD3,10
GO:0009152,purine ribonucleotide biosynthetic process,6/823,163/18860,0.03680981595092025,0.8435396462142841,-0.42853790420955756,0.7204307635106137,0.9463514822026352,0.8759295922400169,PAPSS1/NME9/NME3/NPR3/ADA/ADCY1,6
GO:0009566,fertilization,9/823,239/18860,0.03765690376569038,0.8629516464409727,-0.45545803500019777,0.7205491281817142,0.9463514822026352,0.8759295922400169,FOLR1/REC8/SERPINA5/AR/SYCP2/FOLR3/NLRP5/SPINK13/TDRD9,9
GO:0050920,regulation of chemotaxis,8/823,214/18860,0.037383177570093455,0.8566788930400517,-0.4504030220223265,0.7213035547652116,0.9463514822026352,0.8759295922400169,ROBO3/VEGFB/PDGFD/C5/PRKD1/CXCL17/HRG/EDN1,8
GO:0034103,regulation of tissue remodeling,3/823,85/18860,0.03529411764705882,0.8088056607819312,-0.3773736870167544,0.723173665669693,0.9463514822026352,0.8759295922400169,LEPR/SLC4A2/HRG,3
GO:0042157,lipoprotein metabolic process,3/823,85/18860,0.03529411764705882,0.8088056607819312,-0.3773736870167544,0.723173665669693,0.9463514822026352,0.8759295922400169,GLUL/ZDHHC2/APOA5,3
GO:0035710,"CD4-positive, alpha-beta T cell activation",5/823,138/18860,0.036231884057971016,0.8302956662616444,-0.4273989501130306,0.7248429050385665,0.9463514822026352,0.8759295922400169,CD3E/RORC/TOX/RORA/BRD4,5
GO:0045931,positive regulation of mitotic cell cycle,5/823,138/18860,0.036231884057971016,0.8302956662616444,-0.4273989501130306,0.7248429050385665,0.9463514822026352,0.8759295922400169,SMARCD3/EGFR/FOXA1/ASNS/BRD4,5
GO:0032231,regulation of actin filament bundle assembly,4/823,112/18860,0.03571428571428571,0.8184342996007637,-0.41166357706497847,0.7257979322821069,0.9463514822026352,0.8759295922400169,CGNL1/ASAP3/EVL/TGFB3,4
GO:0002295,T-helper cell lineage commitment,1/823,29/18860,0.034482758620689655,0.7902124272007374,-0.24150112643492766,0.7260767689212255,0.9463514822026352,0.8759295922400169,BRD4,1
GO:0006833,water transport,1/823,29/18860,0.034482758620689655,0.7902124272007374,-0.24150112643492766,0.7260767689212255,0.9463514822026352,0.8759295922400169,AQP4,1
GO:0009649,entrainment of circadian clock,1/823,29/18860,0.034482758620689655,0.7902124272007374,-0.24150112643492766,0.7260767689212255,0.9463514822026352,0.8759295922400169,CRTC1,1
GO:0030262,apoptotic nuclear changes,1/823,29/18860,0.034482758620689655,0.7902124272007374,-0.24150112643492766,0.7260767689212255,0.9463514822026352,0.8759295922400169,GATA5,1
GO:0042634,regulation of hair cycle,1/823,29/18860,0.034482758620689655,0.7902124272007374,-0.24150112643492766,0.7260767689212255,0.9463514822026352,0.8759295922400169,FST,1
GO:0045980,negative regulation of nucleotide metabolic process,1/823,29/18860,0.034482758620689655,0.7902124272007374,-0.24150112643492766,0.7260767689212255,0.9463514822026352,0.8759295922400169,NUPR1,1
GO:0046618,xenobiotic export from cell,1/823,29/18860,0.034482758620689655,0.7902124272007374,-0.24150112643492766,0.7260767689212255,0.9463514822026352,0.8759295922400169,ABCC5,1
GO:0050482,arachidonate secretion,1/823,29/18860,0.034482758620689655,0.7902124272007374,-0.24150112643492766,0.7260767689212255,0.9463514822026352,0.8759295922400169,PLA2G1B,1
GO:0060561,apoptotic process involved in morphogenesis,1/823,29/18860,0.034482758620689655,0.7902124272007374,-0.24150112643492766,0.7260767689212255,0.9463514822026352,0.8759295922400169,BCL2L11,1
GO:0062149,detection of stimulus involved in sensory perception of pain,1/823,29/18860,0.034482758620689655,0.7902124272007374,-0.24150112643492766,0.7260767689212255,0.9463514822026352,0.8759295922400169,TAC4,1
GO:0070977,bone maturation,1/823,29/18860,0.034482758620689655,0.7902124272007374,-0.24150112643492766,0.7260767689212255,0.9463514822026352,0.8759295922400169,ZBTB16,1
GO:0097107,postsynaptic density assembly,1/823,29/18860,0.034482758620689655,0.7902124272007374,-0.24150112643492766,0.7260767689212255,0.9463514822026352,0.8759295922400169,PTPRS,1
GO:1900543,negative regulation of purine nucleotide metabolic process,1/823,29/18860,0.034482758620689655,0.7902124272007374,-0.24150112643492766,0.7260767689212255,0.9463514822026352,0.8759295922400169,NUPR1,1
GO:1900745,positive regulation of p38MAPK cascade,1/823,29/18860,0.034482758620689655,0.7902124272007374,-0.24150112643492766,0.7260767689212255,0.9463514822026352,0.8759295922400169,GADD45B,1
GO:1902473,regulation of protein localization to synapse,1/823,29/18860,0.034482758620689655,0.7902124272007374,-0.24150112643492766,0.7260767689212255,0.9463514822026352,0.8759295922400169,CACNA2D2,1
GO:1903055,positive regulation of extracellular matrix organization,1/823,29/18860,0.034482758620689655,0.7902124272007374,-0.24150112643492766,0.7260767689212255,0.9463514822026352,0.8759295922400169,EFEMP2,1
GO:1903421,regulation of synaptic vesicle recycling,1/823,29/18860,0.034482758620689655,0.7902124272007374,-0.24150112643492766,0.7260767689212255,0.9463514822026352,0.8759295922400169,PPP3CC,1
GO:1903963,arachidonate transport,1/823,29/18860,0.034482758620689655,0.7902124272007374,-0.24150112643492766,0.7260767689212255,0.9463514822026352,0.8759295922400169,PLA2G1B,1
GO:2000319,regulation of T-helper 17 cell differentiation,1/823,29/18860,0.034482758620689655,0.7902124272007374,-0.24150112643492766,0.7260767689212255,0.9463514822026352,0.8759295922400169,BRD4,1
GO:2000353,positive regulation of endothelial cell apoptotic process,1/823,29/18860,0.034482758620689655,0.7902124272007374,-0.24150112643492766,0.7260767689212255,0.9463514822026352,0.8759295922400169,PDCD4,1
GO:2000629,negative regulation of miRNA metabolic process,1/823,29/18860,0.034482758620689655,0.7902124272007374,-0.24150112643492766,0.7260767689212255,0.9463514822026352,0.8759295922400169,ZNF512B,1
GO:2000819,regulation of nucleotide-excision repair,1/823,29/18860,0.034482758620689655,0.7902124272007374,-0.24150112643492766,0.7260767689212255,0.9463514822026352,0.8759295922400169,SMARCD3,1
GO:0010719,negative regulation of epithelial to mesenchymal transition,2/823,58/18860,0.034482758620689655,0.7902124272007374,-0.34179745613925466,0.7263221993416542,0.9463514822026352,0.8759295922400169,HPN/FOXA1,2
GO:0015804,neutral amino acid transport,2/823,58/18860,0.034482758620689655,0.7902124272007374,-0.34179745613925466,0.7263221993416542,0.9463514822026352,0.8759295922400169,SLC1A2/SLC6A5,2
GO:0021695,cerebellar cortex development,2/823,58/18860,0.034482758620689655,0.7902124272007374,-0.34179745613925466,0.7263221993416542,0.9463514822026352,0.8759295922400169,SEZ6L2/RORA,2
GO:0051926,negative regulation of calcium ion transport,2/823,58/18860,0.034482758620689655,0.7902124272007374,-0.34179745613925466,0.7263221993416542,0.9463514822026352,0.8759295922400169,PPP3CC/PACSIN3,2
GO:1903350,response to dopamine,2/823,58/18860,0.034482758620689655,0.7902124272007374,-0.34179745613925466,0.7263221993416542,0.9463514822026352,0.8759295922400169,DRD5/HTR3E,2
GO:0051302,regulation of cell division,7/823,190/18860,0.03684210526315789,0.8442795932723667,-0.46081569896107555,0.727964307265505,0.9482233355998604,0.8776621533590087,VEGFB/MBIP/PDGFD/TGFB3/OPN1MW/NLRP5/FSD1,7
GO:0000380,"alternative mRNA splicing, via spliceosome",3/823,86/18860,0.03488372093023256,0.7994009437960948,-0.39826927130531076,0.7304945706514188,0.9506491306465107,0.8799074350603959,CELF4/RBPMS2/SRRM4,3
GO:0032418,lysosome localization,3/823,86/18860,0.03488372093023256,0.7994009437960948,-0.39826927130531076,0.7304945706514188,0.9506491306465107,0.8799074350603959,KIT/CHGA/SLC18A2,3
GO:0050684,regulation of mRNA processing,5/823,139/18860,0.03597122302158273,0.8243223161446541,-0.4440548018792302,0.7306505886030712,0.9506491306465107,0.8799074350603959,CELF4/RBPMS2/CIRBP/SRPK3/SRRM4,5
GO:0141060,disruption of anatomical structure in another organism,5/823,139/18860,0.03597122302158273,0.8243223161446541,-0.4440548018792302,0.7306505886030712,0.9506491306465107,0.8799074350603959,C5/SCNN1B/CHGA/F2/HRG,5
GO:0032760,positive regulation of tumor necrosis factor production,4/823,113/18860,0.035398230088495575,0.8111915181883677,-0.430003437511846,0.732193937344562,0.9523886755482394,0.881517533300965,IL33/ORM2/ORM1/ABCC8,4
GO:1901292,nucleoside phosphate catabolic process,7/823,191/18860,0.03664921465968586,0.8398592812657052,-0.475154694411852,0.7329246307546065,0.9524870300584072,0.8816085688491797,PDE8B/PRKAA2/NUPR1/ACAT1/ADA/NT5M/PGAM2,7
GO:0030098,lymphocyte differentiation,17/823,441/18860,0.03854875283446712,0.8833894027436815,-0.5292993805639015,0.7346884529624406,0.9524870300584072,0.8816085688491797,SMARCD3/ZMIZ1/ST3GAL1/LEPR/CDK6/HDAC5/CD3E/ITM2A/SLC4A2/KIT/RORC/ADA/TOX/RORA/ZBTB16/FZD8/BRD4,17
GO:0001895,retina homeostasis,2/823,59/18860,0.03389830508474576,0.7768189962312334,-0.36674977227228317,0.7350133497456541,0.9524870300584072,0.8816085688491797,RDH12/ATP1B2,2
GO:0006383,transcription by RNA polymerase III,2/823,59/18860,0.03389830508474576,0.7768189962312334,-0.36674977227228317,0.7350133497456541,0.9524870300584072,0.8816085688491797,AR/ZNF345,2
GO:0035176,social behavior,2/823,59/18860,0.03389830508474576,0.7768189962312334,-0.36674977227228317,0.7350133497456541,0.9524870300584072,0.8816085688491797,KCNQ1/GABRB3,2
GO:0071470,cellular response to osmotic stress,2/823,59/18860,0.03389830508474576,0.7768189962312334,-0.36674977227228317,0.7350133497456541,0.9524870300584072,0.8816085688491797,SLC2A4/SCN2A,2
GO:0043086,negative regulation of catalytic activity,6/823,166/18860,0.03614457831325301,0.8282949538128211,-0.4746386267005446,0.7364550770180687,0.9524870300584072,0.8816085688491797,DRD5/PLIN5/GPSM1/PDCD4/MT3/NES,6
GO:0043085,positive regulation of catalytic activity,12/823,318/18860,0.03773584905660377,0.8647607693894862,-0.5195352964357788,0.7370994738571623,0.9524870300584072,0.8816085688491797,DRD5/RAP1GAP/PLIN5/TPD52L1/APC2/ASAP3/RGS7/MT3/EEF1A2/ODAM/SYDE1/PRTN3,12
GO:0006970,response to osmotic stress,3/823,87/18860,0.034482758620689655,0.7902124272007374,-0.4189378887553659,0.7376624113148005,0.9524870300584072,0.8816085688491797,SLC2A4/TSC22D3/SCN2A,3
GO:0050871,positive regulation of B cell activation,3/823,87/18860,0.034482758620689655,0.7902124272007374,-0.4189378887553659,0.7376624113148005,0.9524870300584072,0.8816085688491797,NFATC2/ADA/VAV3,3
GO:1990849,vacuolar localization,3/823,87/18860,0.034482758620689655,0.7902124272007374,-0.4189378887553659,0.7376624113148005,0.9524870300584072,0.8816085688491797,KIT/CHGA/SLC18A2,3
GO:0001835,blastocyst hatching,1/823,30/18860,0.03333333333333333,0.7638720129607128,-0.2764776487236759,0.7380484549271644,0.9524870300584072,0.8816085688491797,ARHGDIG,1
GO:0003071,renal system process involved in regulation of systemic arterial blood pressure,1/823,30/18860,0.03333333333333333,0.7638720129607128,-0.2764776487236759,0.7380484549271644,0.9524870300584072,0.8816085688491797,TTR,1
GO:0006783,heme biosynthetic process,1/823,30/18860,0.03333333333333333,0.7638720129607128,-0.2764776487236759,0.7380484549271644,0.9524870300584072,0.8816085688491797,ALAD,1
GO:0009226,nucleotide-sugar biosynthetic process,1/823,30/18860,0.03333333333333333,0.7638720129607128,-0.2764776487236759,0.7380484549271644,0.9524870300584072,0.8816085688491797,PMM1,1
GO:0017121,plasma membrane phospholipid scrambling,1/823,30/18860,0.03333333333333333,0.7638720129607128,-0.2764776487236759,0.7380484549271644,0.9524870300584072,0.8816085688491797,ATG9B,1
GO:0035188,hatching,1/823,30/18860,0.03333333333333333,0.7638720129607128,-0.2764776487236759,0.7380484549271644,0.9524870300584072,0.8816085688491797,ARHGDIG,1
GO:0043032,positive regulation of macrophage activation,1/823,30/18860,0.03333333333333333,0.7638720129607128,-0.2764776487236759,0.7380484549271644,0.9524870300584072,0.8816085688491797,IL33,1
GO:0045606,positive regulation of epidermal cell differentiation,1/823,30/18860,0.03333333333333333,0.7638720129607128,-0.2764776487236759,0.7380484549271644,0.9524870300584072,0.8816085688491797,ALOX15B,1
GO:0045761,regulation of adenylate cyclase activity,1/823,30/18860,0.03333333333333333,0.7638720129607128,-0.2764776487236759,0.7380484549271644,0.9524870300584072,0.8816085688491797,DRD5,1
GO:0046639,negative regulation of alpha-beta T cell differentiation,1/823,30/18860,0.03333333333333333,0.7638720129607128,-0.2764776487236759,0.7380484549271644,0.9524870300584072,0.8816085688491797,SLC4A2,1
GO:0050857,positive regulation of antigen receptor-mediated signaling pathway,1/823,30/18860,0.03333333333333333,0.7638720129607128,-0.2764776487236759,0.7380484549271644,0.9524870300584072,0.8816085688491797,ADA,1
GO:0051491,positive regulation of filopodium assembly,1/823,30/18860,0.03333333333333333,0.7638720129607128,-0.2764776487236759,0.7380484549271644,0.9524870300584072,0.8816085688491797,TGFB3,1
GO:0051894,positive regulation of focal adhesion assembly,1/823,30/18860,0.03333333333333333,0.7638720129607128,-0.2764776487236759,0.7380484549271644,0.9524870300584072,0.8816085688491797,HRG,1
GO:0060142,regulation of syncytium formation by plasma membrane fusion,1/823,30/18860,0.03333333333333333,0.7638720129607128,-0.2764776487236759,0.7380484549271644,0.9524870300584072,0.8816085688491797,NFATC2,1
GO:0065005,protein-lipid complex assembly,1/823,30/18860,0.03333333333333333,0.7638720129607128,-0.2764776487236759,0.7380484549271644,0.9524870300584072,0.8816085688491797,PRKACB,1
GO:0071684,organism emergence from protective structure,1/823,30/18860,0.03333333333333333,0.7638720129607128,-0.2764776487236759,0.7380484549271644,0.9524870300584072,0.8816085688491797,ARHGDIG,1
GO:0090594,inflammatory response to wounding,1/823,30/18860,0.03333333333333333,0.7638720129607128,-0.2764776487236759,0.7380484549271644,0.9524870300584072,0.8816085688491797,IL33,1
GO:0045445,myoblast differentiation,4/823,114/18860,0.03508771929824561,0.8040758031165397,-0.448191163494884,0.7384773360943475,0.9525077993503113,0.8816277926130041,RANBP3L/SMARCD3/PLEKHM3/SOSTDC1,4
GO:0072676,lymphocyte migration,4/823,114/18860,0.03508771929824561,0.8040758031165397,-0.448191163494884,0.7384773360943475,0.9525077993503113,0.8816277926130041,CYP7B1/GNAI1/RET/LRP12,4
GO:0007626,locomotory behavior,8/823,218/18860,0.03669724770642202,0.8409600142686747,-0.5045049344078067,0.7399775292347623,0.9541761099241207,0.8831719573637639,PDE1B/FZD4/SEZ6L2/ABCA2/RCAN2/CWH43/KCNJ10/SLC18A2,8
GO:0051494,negative regulation of cytoskeleton organization,6/823,167/18860,0.03592814371257485,0.8233351037899899,-0.48983080092409675,0.7416489404038544,0.9560642066937955,0.88491955311933,CGNL1/FGF13/HIP1R/APC2/KANK4/LMOD2,6
GO:0006636,unsaturated fatty acid biosynthetic process,2/823,60/18860,0.03333333333333333,0.7638720129607128,-0.39131028300322934,0.7434682798498591,0.9566113184982747,0.8854259520935164,ALOX15B/EDN1,2
GO:0009948,anterior/posterior axis specification,2/823,60/18860,0.03333333333333333,0.7638720129607128,-0.39131028300322934,0.7434682798498591,0.9566113184982747,0.8854259520935164,PLD6/GPC3,2
GO:0006900,vesicle budding from membrane,3/823,88/18860,0.03409090909090909,0.7812327405280017,-0.43938526130347716,0.7446784507321011,0.9566113184982747,0.8854259520935164,PDCD6/SLC2A4/INSIG1,3
GO:0043242,negative regulation of protein-containing complex disassembly,3/823,88/18860,0.03409090909090909,0.7812327405280017,-0.43938526130347716,0.7446784507321011,0.9566113184982747,0.8854259520935164,FGF13/APC2/LMOD2,3
GO:0070509,calcium ion import,3/823,88/18860,0.03409090909090909,0.7812327405280017,-0.43938526130347716,0.7446784507321011,0.9566113184982747,0.8854259520935164,PPP3CC/SLC8A2/TRPV6,3
GO:0007033,vacuole organization,10/823,270/18860,0.037037037037037035,0.8487466810674587,-0.5347172510221742,0.7456156652207446,0.9566113184982747,0.8854259520935164,STX12/TBC1D14/GABARAPL1/LAMP2/BNIP3/ULK1/ULK2/NUPR1/RAB7B/ATG9B,10
GO:0009166,nucleotide catabolic process,6/823,168/18860,0.03571428571428571,0.8184342996007637,-0.5049375392264668,0.7467690978849606,0.9566113184982747,0.8854259520935164,PDE8B/PRKAA2/NUPR1/ADA/NT5M/PGAM2,6
GO:0070507,regulation of microtubule cytoskeleton organization,6/823,168/18860,0.03571428571428571,0.8184342996007637,-0.5049375392264668,0.7467690978849606,0.9566113184982747,0.8854259520935164,FGF13/APC2/PRKAA2/GNAI1/FAM107A/FSD1,6
GO:0045580,regulation of T cell differentiation,7/823,194/18860,0.03608247422680412,0.8268717666069572,-0.5177501423079839,0.7474277176028252,0.9566113184982747,0.8854259520935164,SMARCD3/ZMIZ1/SLC4A2/ADA/TOX/ZBTB16/BRD4,7
GO:0006888,endoplasmic reticulum to Golgi vesicle-mediated transport,5/823,142/18860,0.035211267605633804,0.806907055944415,-0.49335320076684336,0.7475391406752256,0.9566113184982747,0.8854259520935164,PDCD6/LMAN1L/TMED6/GAS1/INSIG1,5
GO:0061982,meiosis I cell cycle process,5/823,142/18860,0.035211267605633804,0.806907055944415,-0.49335320076684336,0.7475391406752256,0.9566113184982747,0.8854259520935164,REC8/ZCWPW1/BCL2L11/SYCP2/TDRD9,5
GO:0001516,prostaglandin biosynthetic process,1/823,31/18860,0.03225806451612903,0.7392309802845608,-0.31038470262544726,0.7494975320166462,0.9566113184982747,0.8854259520935164,EDN1,1
GO:0002507,tolerance induction,1/823,31/18860,0.03225806451612903,0.7392309802845608,-0.31038470262544726,0.7494975320166462,0.9566113184982747,0.8854259520935164,CD3E,1
GO:0003171,atrioventricular valve development,1/823,31/18860,0.03225806451612903,0.7392309802845608,-0.31038470262544726,0.7494975320166462,0.9566113184982747,0.8854259520935164,ADAMTS19,1
GO:0006921,cellular component disassembly involved in execution phase of apoptosis,1/823,31/18860,0.03225806451612903,0.7392309802845608,-0.31038470262544726,0.7494975320166462,0.9566113184982747,0.8854259520935164,GATA5,1
GO:0019886,antigen processing and presentation of exogenous peptide antigen via MHC class II,1/823,31/18860,0.03225806451612903,0.7392309802845608,-0.31038470262544726,0.7494975320166462,0.9566113184982747,0.8854259520935164,CTSF,1
GO:0021522,spinal cord motor neuron differentiation,1/823,31/18860,0.03225806451612903,0.7392309802845608,-0.31038470262544726,0.7494975320166462,0.9566113184982747,0.8854259520935164,LONRF2,1
GO:0021602,cranial nerve morphogenesis,1/823,31/18860,0.03225806451612903,0.7392309802845608,-0.31038470262544726,0.7494975320166462,0.9566113184982747,0.8854259520935164,SIX1,1
GO:0021801,cerebral cortex radial glia-guided migration,1/823,31/18860,0.03225806451612903,0.7392309802845608,-0.31038470262544726,0.7494975320166462,0.9566113184982747,0.8854259520935164,ZMIZ1,1
GO:0022030,telencephalon glial cell migration,1/823,31/18860,0.03225806451612903,0.7392309802845608,-0.31038470262544726,0.7494975320166462,0.9566113184982747,0.8854259520935164,ZMIZ1,1
GO:0031629,synaptic vesicle fusion to presynaptic active zone membrane,1/823,31/18860,0.03225806451612903,0.7392309802845608,-0.31038470262544726,0.7494975320166462,0.9566113184982747,0.8854259520935164,ERC2,1
GO:0032091,negative regulation of protein binding,1/823,31/18860,0.03225806451612903,0.7392309802845608,-0.31038470262544726,0.7494975320166462,0.9566113184982747,0.8854259520935164,NES,1
GO:0033135,regulation of peptidyl-serine phosphorylation,1/823,31/18860,0.03225806451612903,0.7392309802845608,-0.31038470262544726,0.7494975320166462,0.9566113184982747,0.8854259520935164,EGFR,1
GO:0033688,regulation of osteoblast proliferation,1/823,31/18860,0.03225806451612903,0.7392309802845608,-0.31038470262544726,0.7494975320166462,0.9566113184982747,0.8854259520935164,NPR3,1
GO:0046823,negative regulation of nucleocytoplasmic transport,1/823,31/18860,0.03225806451612903,0.7392309802845608,-0.31038470262544726,0.7494975320166462,0.9566113184982747,0.8854259520935164,CABP1,1
GO:0090140,regulation of mitochondrial fission,1/823,31/18860,0.03225806451612903,0.7392309802845608,-0.31038470262544726,0.7494975320166462,0.9566113184982747,0.8854259520935164,BNIP3,1
GO:0090162,establishment of epithelial cell polarity,1/823,31/18860,0.03225806451612903,0.7392309802845608,-0.31038470262544726,0.7494975320166462,0.9566113184982747,0.8854259520935164,PTK7,1
GO:0090330,regulation of platelet aggregation,1/823,31/18860,0.03225806451612903,0.7392309802845608,-0.31038470262544726,0.7494975320166462,0.9566113184982747,0.8854259520935164,CELA2A,1
GO:0090382,phagosome maturation,1/823,31/18860,0.03225806451612903,0.7392309802845608,-0.31038470262544726,0.7494975320166462,0.9566113184982747,0.8854259520935164,RAB7B,1
GO:1903715,regulation of aerobic respiration,1/823,31/18860,0.03225806451612903,0.7392309802845608,-0.31038470262544726,0.7494975320166462,0.9566113184982747,0.8854259520935164,NUPR1,1
GO:2000279,negative regulation of DNA biosynthetic process,1/823,31/18860,0.03225806451612903,0.7392309802845608,-0.31038470262544726,0.7494975320166462,0.9566113184982747,0.8854259520935164,KCNK2,1
GO:0032611,interleukin-1 beta production,4/823,116/18860,0.034482758620689655,0.7902124272007374,-0.48412187911403215,0.750708349490759,0.9566113184982747,0.8854259520935164,GHRL/ORM2/ORM1/S1PR3,4
GO:0032651,regulation of interleukin-1 beta production,4/823,116/18860,0.034482758620689655,0.7902124272007374,-0.48412187911403215,0.750708349490759,0.9566113184982747,0.8854259520935164,GHRL/ORM2/ORM1/S1PR3,4
GO:0014910,regulation of smooth muscle cell migration,3/823,89/18860,0.033707865168539325,0.772454844567013,-0.4596168979334178,0.7515440513337549,0.9566113184982747,0.8854259520935164,PDGFD/IGFBP5/POSTN,3
GO:0046209,nitric oxide metabolic process,3/823,89/18860,0.033707865168539325,0.772454844567013,-0.4596168979334178,0.7515440513337549,0.9566113184982747,0.8854259520935164,RORA/EDN1/NPY,3
GO:0070098,chemokine-mediated signaling pathway,3/823,89/18860,0.033707865168539325,0.772454844567013,-0.4596168979334178,0.7515440513337549,0.9566113184982747,0.8854259520935164,CCL16/GNAI1/EDN1,3
GO:0001913,T cell mediated cytotoxicity,2/823,61/18860,0.03278688524590164,0.7513495209449635,-0.41549321779757953,0.751691027145757,0.9566113184982747,0.8854259520935164,AZGP1/SLC22A13,2
GO:0035329,hippo signaling,2/823,61/18860,0.03278688524590164,0.7513495209449635,-0.41549321779757953,0.751691027145757,0.9566113184982747,0.8854259520935164,WTIP/FRMD1,2
GO:0043030,regulation of macrophage activation,2/823,61/18860,0.03278688524590164,0.7513495209449635,-0.41549321779757953,0.751691027145757,0.9566113184982747,0.8854259520935164,IL33/RORA,2
GO:0051293,establishment of spindle localization,2/823,61/18860,0.03278688524590164,0.7513495209449635,-0.41549321779757953,0.751691027145757,0.9566113184982747,0.8854259520935164,GPSM1/NLRP5,2
GO:0051703,biological process involved in intraspecies interaction between organisms,2/823,61/18860,0.03278688524590164,0.7513495209449635,-0.41549321779757953,0.751691027145757,0.9566113184982747,0.8854259520935164,KCNQ1/GABRB3,2
GO:0060632,regulation of microtubule-based movement,2/823,61/18860,0.03278688524590164,0.7513495209449635,-0.41549321779757953,0.751691027145757,0.9566113184982747,0.8854259520935164,TAC4/DEFB1,2
GO:0071715,icosanoid transport,2/823,61/18860,0.03278688524590164,0.7513495209449635,-0.41549321779757953,0.751691027145757,0.9566113184982747,0.8854259520935164,PLA2G1B/EDN1,2
GO:0097300,programmed necrotic cell death,2/823,61/18860,0.03278688524590164,0.7513495209449635,-0.41549321779757953,0.751691027145757,0.9566113184982747,0.8854259520935164,NUPR1/ATG9B,2
GO:1904645,response to amyloid-beta,2/823,61/18860,0.03278688524590164,0.7513495209449635,-0.41549321779757953,0.751691027145757,0.9566113184982747,0.8854259520935164,IGF1R/ADRB2,2
GO:0051017,actin filament bundle assembly,6/823,169/18860,0.03550295857988166,0.8135914930942504,-0.5199599659502868,0.7518156559465314,0.9566113184982747,0.8854259520935164,CGNL1/ASAP3/EVL/SORBS1/TGFB3/FAM107A,6
GO:1902904,negative regulation of supramolecular fiber organization,6/823,169/18860,0.03550295857988166,0.8135914930942504,-0.5199599659502868,0.7518156559465314,0.9566113184982747,0.8854259520935164,CGNL1/FGF13/HIP1R/APC2/KANK4/LMOD2,6
GO:0030522,intracellular receptor signaling pathway,17/823,447/18860,0.03803131991051454,0.8715318268679273,-0.5871703654003306,0.7539907886713545,0.9591145230756066,0.8877428829653446,ESRRG/PLIN5/ZMIZ1/LAMP2/PTF1A/PTPRS/AR/CYP7B1/PRKD1/RAB7B/RORC/FOXA1/ALOX15B/RORA/PAQR7/KCNJ8/SCGB2A1,17
GO:0048024,"regulation of mRNA splicing, via spliceosome",4/823,117/18860,0.03418803418803419,0.7834584748315004,-0.5018704956884793,0.7566571540252536,0.9593936370223488,0.8880012269000837,CELF4/RBPMS2/CIRBP/SRRM4,4
GO:1903557,positive regulation of tumor necrosis factor superfamily cytokine production,4/823,117/18860,0.03418803418803419,0.7834584748315004,-0.5018704956884793,0.7566571540252536,0.9593936370223488,0.8880012269000837,IL33/ORM2/ORM1/ABCC8,4
GO:0072522,purine-containing compound biosynthetic process,10/823,273/18860,0.03663003663003663,0.8394197944623218,-0.5708812492709989,0.7576156933800099,0.9593936370223488,0.8880012269000837,PAPSS1/NME9/NME3/SIRT4/NPR3/ACAT1/ADA/ADCY1/IDH2/SLC22A13,10
GO:0007492,endoderm development,3/823,90/18860,0.03333333333333333,0.7638720129607128,-0.4796381049991952,0.758260667439196,0.9593936370223488,0.8880012269000837,GATA6/SOX2/DKK1,3
GO:0034248,regulation of amide metabolic process,3/823,90/18860,0.03333333333333333,0.7638720129607128,-0.4796381049991952,0.758260667439196,0.9593936370223488,0.8880012269000837,SIRT4/ABCA2/PLA2G6,3
GO:0042093,T-helper cell differentiation,3/823,90/18860,0.03333333333333333,0.7638720129607128,-0.4796381049991952,0.758260667439196,0.9593936370223488,0.8880012269000837,RORC/RORA/BRD4,3
GO:0046928,regulation of neurotransmitter secretion,3/823,90/18860,0.03333333333333333,0.7638720129607128,-0.4796381049991952,0.758260667439196,0.9593936370223488,0.8880012269000837,RIMS4/RIMS3/NPY,3
GO:1905477,positive regulation of protein localization to membrane,3/823,90/18860,0.03333333333333333,0.7638720129607128,-0.4796381049991952,0.758260667439196,0.9593936370223488,0.8880012269000837,EGFR/ZDHHC2/SORBS1,3
GO:0009261,ribonucleotide catabolic process,5/823,144/18860,0.034722222222222224,0.7957000135007425,-0.5256784346353688,0.7583550478673693,0.9593936370223488,0.8880012269000837,PDE8B/PRKAA2/NUPR1/ADA/PGAM2,5
GO:0021545,cranial nerve development,2/823,62/18860,0.03225806451612903,0.7392309802845608,-0.43931204589069006,0.7596857268673955,0.9593936370223488,0.8880012269000837,SIX4/SIX1,2
GO:0042908,xenobiotic transport,2/823,62/18860,0.03225806451612903,0.7392309802845608,-0.43931204589069006,0.7596857268673955,0.9593936370223488,0.8880012269000837,SLC29A1/ABCC5,2
GO:0055008,cardiac muscle tissue morphogenesis,2/823,62/18860,0.03225806451612903,0.7392309802845608,-0.43931204589069006,0.7596857268673955,0.9593936370223488,0.8880012269000837,MYBPC3/RYR2,2
GO:0071709,membrane assembly,2/823,62/18860,0.03225806451612903,0.7392309802845608,-0.43931204589069006,0.7596857268673955,0.9593936370223488,0.8880012269000837,CDH2/DMKN,2
GO:0001773,myeloid dendritic cell activation,1/823,32/18860,0.03125,0.7161300121506683,-0.3432965735453312,0.7604467874816364,0.9593936370223488,0.8880012269000837,DHRS2,1
GO:0002438,acute inflammatory response to antigenic stimulus,1/823,32/18860,0.03125,0.7161300121506683,-0.3432965735453312,0.7604467874816364,0.9593936370223488,0.8880012269000837,NPY,1
GO:0006829,zinc ion transport,1/823,32/18860,0.03125,0.7161300121506683,-0.3432965735453312,0.7604467874816364,0.9593936370223488,0.8880012269000837,MT3,1
GO:0007212,G protein-coupled dopamine receptor signaling pathway,1/823,32/18860,0.03125,0.7161300121506683,-0.3432965735453312,0.7604467874816364,0.9593936370223488,0.8880012269000837,DRD5,1
GO:0019082,viral protein processing,1/823,32/18860,0.03125,0.7161300121506683,-0.3432965735453312,0.7604467874816364,0.9593936370223488,0.8880012269000837,ST3GAL1,1
GO:0019883,antigen processing and presentation of endogenous antigen,1/823,32/18860,0.03125,0.7161300121506683,-0.3432965735453312,0.7604467874816364,0.9593936370223488,0.8880012269000837,AZGP1,1
GO:0032607,interferon-alpha production,1/823,32/18860,0.03125,0.7161300121506683,-0.3432965735453312,0.7604467874816364,0.9593936370223488,0.8880012269000837,PTPRS,1
GO:0032647,regulation of interferon-alpha production,1/823,32/18860,0.03125,0.7161300121506683,-0.3432965735453312,0.7604467874816364,0.9593936370223488,0.8880012269000837,PTPRS,1
GO:0032682,negative regulation of chemokine production,1/823,32/18860,0.03125,0.7161300121506683,-0.3432965735453312,0.7604467874816364,0.9593936370223488,0.8880012269000837,C1QTNF3,1
GO:0036258,multivesicular body assembly,1/823,32/18860,0.03125,0.7161300121506683,-0.3432965735453312,0.7604467874816364,0.9593936370223488,0.8880012269000837,VPS37D,1
GO:0048199,"vesicle targeting, to, from or within Golgi",1/823,32/18860,0.03125,0.7161300121506683,-0.3432965735453312,0.7604467874816364,0.9593936370223488,0.8880012269000837,PDCD6,1
GO:0050901,leukocyte tethering or rolling,1/823,32/18860,0.03125,0.7161300121506683,-0.3432965735453312,0.7604467874816364,0.9593936370223488,0.8880012269000837,FUT9,1
GO:0051291,protein heterooligomerization,1/823,32/18860,0.03125,0.7161300121506683,-0.3432965735453312,0.7604467874816364,0.9593936370223488,0.8880012269000837,GRIA3,1
GO:0090025,regulation of monocyte chemotaxis,1/823,32/18860,0.03125,0.7161300121506683,-0.3432965735453312,0.7604467874816364,0.9593936370223488,0.8880012269000837,CXCL17,1
GO:0090322,regulation of superoxide metabolic process,1/823,32/18860,0.03125,0.7161300121506683,-0.3432965735453312,0.7604467874816364,0.9593936370223488,0.8880012269000837,PON3,1
GO:0099500,vesicle fusion to plasma membrane,1/823,32/18860,0.03125,0.7161300121506683,-0.3432965735453312,0.7604467874816364,0.9593936370223488,0.8880012269000837,ERC2,1
GO:1905606,regulation of presynapse assembly,1/823,32/18860,0.03125,0.7161300121506683,-0.3432965735453312,0.7604467874816364,0.9593936370223488,0.8880012269000837,DKK1,1
GO:0051648,vesicle localization,8/823,223/18860,0.03587443946188341,0.8221044085675834,-0.5708298953230891,0.7620829874512303,0.9611951317538748,0.8896686650298736,PDCD6/CDH2/SLC2A4/SYN2/RAB17/KIF1A/KIF5C/SYNDIG1,8
GO:0031401,positive regulation of protein modification process,14/823,375/18860,0.037333333333333336,0.8555366545159984,-0.6035881010905745,0.7623419778349066,0.9612590786087689,0.8897278533373745,PDCD6/VEGFB/ERBB4/RNF180/EGFR/TPD52L1/CTF1/MT3/KIT/ODAM/TSPYL5/FAM20A/RAMP1/FAM107A,14
GO:0002366,leukocyte activation involved in immune response,12/823,325/18860,0.036923076923076927,0.8461351528180204,-0.5976705963840118,0.7630168795339893,0.9618332671836122,0.8902593141885382,ST3GAL1/IL33/ITM2A/KIT/RORC/ADA/SCNN1B/CHGA/RORA/BRD4/SLC18A2/DNASE1,12
GO:0007286,spermatid development,9/823,249/18860,0.03614457831325301,0.8282949538128211,-0.5826060268094817,0.7634996180261459,0.9618332671836122,0.8902593141885382,SUN5/REC8/PDILT/PACRG/PLD6/TUBA8/KIT/TSSK1B/DEFB1,9
GO:0006195,purine nucleotide catabolic process,5/823,145/18860,0.034482758620689655,0.7902124272007374,-0.5416839140702036,0.7636310056252991,0.9618332671836122,0.8902593141885382,PDE8B/PRKAA2/NUPR1/ADA/PGAM2,5
GO:0050921,positive regulation of chemotaxis,5/823,145/18860,0.034482758620689655,0.7902124272007374,-0.5416839140702036,0.7636310056252991,0.9618332671836122,0.8902593141885382,VEGFB/PDGFD/PRKD1/CXCL17/EDN1,5
GO:0008543,fibroblast growth factor receptor signaling pathway,3/823,91/18860,0.03296703296703297,0.7554778150160896,-0.4994539959360951,0.7648298380925238,0.9622927215913296,0.8906845787118927,KL/FLRT3/FGF20,3
GO:0032273,positive regulation of protein polymerization,3/823,91/18860,0.03296703296703297,0.7554778150160896,-0.4994539959360951,0.7648298380925238,0.9622927215913296,0.8906845787118927,NPHS1/EVL/LMOD2,3
GO:1903321,negative regulation of protein modification by small protein conjugation or removal,3/823,91/18860,0.03296703296703297,0.7554778150160896,-0.4994539959360951,0.7648298380925238,0.9622927215913296,0.8906845787118927,BEX2/BEX4/BEX1,3
GO:2001057,reactive nitrogen species metabolic process,3/823,91/18860,0.03296703296703297,0.7554778150160896,-0.4994539959360951,0.7648298380925238,0.9622927215913296,0.8906845787118927,RORA/EDN1/NPY,3
GO:0003179,heart valve morphogenesis,2/823,63/18860,0.031746031746031744,0.7274971552006788,-0.4627795289607579,0.7674565958014343,0.962782722266619,0.8911381164299343,ADAMTS19/GATA5,2
GO:0031146,SCF-dependent proteasomal ubiquitin-dependent protein catabolic process,2/823,63/18860,0.031746031746031744,0.7274971552006788,-0.4627795289607579,0.7674565958014343,0.962782722266619,0.8911381164299343,FBXL13/FBXO27,2
GO:0033013,tetrapyrrole metabolic process,2/823,63/18860,0.031746031746031744,0.7274971552006788,-0.4627795289607579,0.7674565958014343,0.962782722266619,0.8911381164299343,HMOX2/ALAD,2
GO:0043616,keratinocyte proliferation,2/823,63/18860,0.031746031746031744,0.7274971552006788,-0.4627795289607579,0.7674565958014343,0.962782722266619,0.8911381164299343,PRKD1/FST,2
GO:0048008,platelet-derived growth factor receptor signaling pathway,2/823,63/18860,0.031746031746031744,0.7274971552006788,-0.4627795289607579,0.7674565958014343,0.962782722266619,0.8911381164299343,PDGFD/HIP1R,2
GO:0050821,protein stabilization,9/823,250/18860,0.036,0.8249817739975698,-0.5950551119952817,0.7675259179021816,0.962782722266619,0.8911381164299343,STX12/LAMP2/HIP1R/TBL1X/MT3/PPARGC1A/GPIHBP1/AFM/ATP1B2,9
GO:0038061,non-canonical NF-kappaB signal transduction,5/823,146/18860,0.03424657534246575,0.7848000133158008,-0.5575867572469038,0.7688194911080182,0.962782722266619,0.8911381164299343,EDA/PDCD4/PTP4A3/C1QTNF3/EDN1,5
GO:0010506,regulation of autophagy,14/823,377/18860,0.03713527851458886,0.850997998523871,-0.6242429419968148,0.768968033598033,0.962782722266619,0.8911381164299343,TBC1D14/GPSM1/MID2/LEPR/BNIP3/PRKAA2/ULK1/ULK2/NUPR1/PRKD1/EEF1A2/RNF152/ATP6V0E2/ADRB2,14
GO:0016241,regulation of macroautophagy,7/823,199/18860,0.035175879396984924,0.8060960940791443,-0.5873848412416247,0.7703416961060799,0.962782722266619,0.8911381164299343,GPSM1/BNIP3/PRKAA2/ULK1/NUPR1/ATP6V0E2/ADRB2,7
GO:1902107,positive regulation of leukocyte differentiation,7/823,199/18860,0.035175879396984924,0.8060960940791443,-0.5873848412416247,0.7703416961060799,0.962782722266619,0.8911381164299343,SMARCD3/ZMIZ1/KITLG/ADA/TOX/ZBTB16/BRD4,7
GO:1903708,positive regulation of hemopoiesis,7/823,199/18860,0.035175879396984924,0.8060960940791443,-0.5873848412416247,0.7703416961060799,0.962782722266619,0.8911381164299343,SMARCD3/ZMIZ1/KITLG/ADA/TOX/ZBTB16/BRD4,7
GO:0006622,protein targeting to lysosome,1/823,33/18860,0.030303030303030304,0.6944291026915571,-0.3752800634400891,0.7709180161783972,0.962782722266619,0.8911381164299343,LAMP2,1
GO:0032367,intracellular cholesterol transport,1/823,33/18860,0.030303030303030304,0.6944291026915571,-0.3752800634400891,0.7709180161783972,0.962782722266619,0.8911381164299343,ABCA2,1
GO:0034067,protein localization to Golgi apparatus,1/823,33/18860,0.030303030303030304,0.6944291026915571,-0.3752800634400891,0.7709180161783972,0.962782722266619,0.8911381164299343,OBSL1,1
GO:0035020,regulation of Rac protein signal transduction,1/823,33/18860,0.030303030303030304,0.6944291026915571,-0.3752800634400891,0.7709180161783972,0.962782722266619,0.8911381164299343,ARHGAP24,1
GO:0035751,regulation of lysosomal lumen pH,1/823,33/18860,0.030303030303030304,0.6944291026915571,-0.3752800634400891,0.7709180161783972,0.962782722266619,0.8911381164299343,LAMP2,1
GO:0036257,multivesicular body organization,1/823,33/18860,0.030303030303030304,0.6944291026915571,-0.3752800634400891,0.7709180161783972,0.962782722266619,0.8911381164299343,VPS37D,1
GO:0046457,prostanoid biosynthetic process,1/823,33/18860,0.030303030303030304,0.6944291026915571,-0.3752800634400891,0.7709180161783972,0.962782722266619,0.8911381164299343,EDN1,1
GO:0051642,centrosome localization,1/823,33/18860,0.030303030303030304,0.6944291026915571,-0.3752800634400891,0.7709180161783972,0.962782722266619,0.8911381164299343,NIN,1
GO:0051647,nucleus localization,1/823,33/18860,0.030303030303030304,0.6944291026915571,-0.3752800634400891,0.7709180161783972,0.962782722266619,0.8911381164299343,NTN1,1
GO:0060055,angiogenesis involved in wound healing,1/823,33/18860,0.030303030303030304,0.6944291026915571,-0.3752800634400891,0.7709180161783972,0.962782722266619,0.8911381164299343,VEGFB,1
GO:0060292,long-term synaptic depression,1/823,33/18860,0.030303030303030304,0.6944291026915571,-0.3752800634400891,0.7709180161783972,0.962782722266619,0.8911381164299343,DRD5,1
GO:0061842,microtubule organizing center localization,1/823,33/18860,0.030303030303030304,0.6944291026915571,-0.3752800634400891,0.7709180161783972,0.962782722266619,0.8911381164299343,NIN,1
GO:0090022,regulation of neutrophil chemotaxis,1/823,33/18860,0.030303030303030304,0.6944291026915571,-0.3752800634400891,0.7709180161783972,0.962782722266619,0.8911381164299343,EDN1,1
GO:1900227,positive regulation of NLRP3 inflammasome complex assembly,1/823,33/18860,0.030303030303030304,0.6944291026915571,-0.3752800634400891,0.7709180161783972,0.962782722266619,0.8911381164299343,PRKD1,1
GO:2000108,positive regulation of leukocyte apoptotic process,1/823,33/18860,0.030303030303030304,0.6944291026915571,-0.3752800634400891,0.7709180161783972,0.962782722266619,0.8911381164299343,BCL2L11,1
GO:0002294,"CD4-positive, alpha-beta T cell differentiation involved in immune response",3/823,92/18860,0.03260869565217391,0.74726609963548,-0.5190695004024438,0.7712531801974818,0.962782722266619,0.8911381164299343,RORC/RORA/BRD4,3
GO:0022406,membrane docking,3/823,92/18860,0.03260869565217391,0.74726609963548,-0.5190695004024438,0.7712531801974818,0.962782722266619,0.8911381164299343,STX12/TSNARE1/RIMS3,3
GO:0061572,actin filament bundle organization,6/823,173/18860,0.03468208092485549,0.7947801290920711,-0.5792282887419945,0.7712692793542124,0.962782722266619,0.8911381164299343,CGNL1/ASAP3/EVL/SORBS1/TGFB3/FAM107A,6
GO:0016236,macroautophagy,15/823,403/18860,0.03722084367245657,0.8529588234052624,-0.6373647362085393,0.7720424841671891,0.963121719394578,0.8914518873930997,STX12/TBC1D14/GABARAPL1/LAMP2/GPSM1/BNIP3/VPS37D/PRKAA2/ULK1/ULK2/NUPR1/ATP6V0E2/KLHL3/ATG9B/ADRB2,15
GO:0044344,cellular response to fibroblast growth factor stimulus,4/823,120/18860,0.03333333333333333,0.7638720129607128,-0.5542815079270933,0.7738452245987061,0.963121719394578,0.8914518873930997,KL/FLRT3/FGF20/POSTN,4
GO:0007266,Rho protein signal transduction,5/823,147/18860,0.034013605442176874,0.7794612377150132,-0.5733885109415504,0.7739209508440512,0.963121719394578,0.8914518873930997,CELSR1/VANGL2/NTN1/ARHGDIG/ARHGAP20,5
GO:0030183,B cell differentiation,5/823,147/18860,0.034013605442176874,0.7794612377150132,-0.5733885109415504,0.7739209508440512,0.963121719394578,0.8914518873930997,ST3GAL1/HDAC5/ITM2A/KIT/ADA,5
GO:0031396,regulation of protein ubiquitination,7/823,200/18860,0.035,0.8020656136087485,-0.6011149406469483,0.7747367117577668,0.963121719394578,0.8914518873930997,PDCD6/BEX2/RNF180/BEX4/BEX1/TSPYL5/FAM107A,7
GO:0000768,syncytium formation by plasma membrane fusion,2/823,64/18860,0.03125,0.7161300121506683,-0.48590776935872454,0.7750079173209727,0.963121719394578,0.8914518873930997,NPHS1/NFATC2,2
GO:0032233,positive regulation of actin filament bundle assembly,2/823,64/18860,0.03125,0.7161300121506683,-0.48590776935872454,0.7750079173209727,0.963121719394578,0.8914518873930997,EVL/TGFB3,2
GO:0140253,cell-cell fusion,2/823,64/18860,0.03125,0.7161300121506683,-0.48590776935872454,0.7750079173209727,0.963121719394578,0.8914518873930997,NPHS1/NFATC2,2
GO:0018193,peptidyl-amino acid modification,15/823,404/18860,0.03712871287128713,0.8508475391889128,-0.6473354785062798,0.7751817691534653,0.963121719394578,0.8914518873930997,IGF1R/VEGFB/ZMIZ1/ERBB4/EGFR/CTF1/SMYD2/ZDHHC2/ULK1/SIRT4/EFEMP1/KIT/PLOD2/TTLL7/HRG,15
GO:0010563,negative regulation of phosphorus metabolic process,6/823,174/18860,0.034482758620689655,0.7902124272007374,-0.5938452751217737,0.7759506754180565,0.963121719394578,0.8914518873930997,PTPN13/PDCD4/SIRT4/NUPR1/ABCA2/FBLN1,6
GO:0045936,negative regulation of phosphate metabolic process,6/823,174/18860,0.034482758620689655,0.7902124272007374,-0.5938452751217737,0.7759506754180565,0.963121719394578,0.8914518873930997,PTPN13/PDCD4/SIRT4/NUPR1/ABCA2/FBLN1,6
GO:0002263,cell activation involved in immune response,12/823,329/18860,0.0364741641337386,0.8358477953369502,-0.64161179050186945,0.7770173339222886,0.963121719394578,0.8914518873930997,ST3GAL1/IL33/ITM2A/KIT/RORC/ADA/SCNN1B/CHGA/RORA/BRD4/SLC18A2/DNASE1,12
GO:0002287,alpha-beta T cell activation involved in immune response,3/823,93/18860,0.03225806451612903,0.7392309802845608,-0.5384893728913551,0.7775323819458362,0.963121719394578,0.8914518873930997,RORC/RORA/BRD4,3
GO:0002293,alpha-beta T cell differentiation involved in immune response,3/823,93/18860,0.03225806451612903,0.7392309802845608,-0.5384893728913551,0.7775323819458362,0.963121719394578,0.8914518873930997,RORC/RORA/BRD4,3
GO:0032008,positive regulation of TOR signaling,3/823,93/18860,0.03225806451612903,0.7392309802845608,-0.5384893728913551,0.7775323819458362,0.963121719394578,0.8914518873930997,GPR155/PRKAA2/RNF152,3
GO:0071230,cellular response to amino acid stimulus,3/823,93/18860,0.03225806451612903,0.7392309802845608,-0.5384893728913551,0.7775323819458362,0.963121719394578,0.8914518873930997,PDGFD/EGFR/SIX1,3
GO:0007006,mitochondrial membrane organization,4/823,121/18860,0.03305785123966942,0.7575590211180624,-0.5714820627457404,0.7793578210332893,0.963121719394578,0.8914518873930997,HIP1R/BNIP3/NME3/BCL2L11,4
GO:0033559,unsaturated fatty acid metabolic process,4/823,121/18860,0.03305785123966942,0.7575590211180624,-0.5714820627457404,0.7793578210332893,0.963121719394578,0.8914518873930997,GSTM2/CYP2C8/ALOX15B/EDN1,4
GO:0038202,TORC1 signaling,4/823,121/18860,0.03305785123966942,0.7575590211180624,-0.5714820627457404,0.7793578210332893,0.963121719394578,0.8914518873930997,GPR155/PRKAA2/RNF152/PRKACB,4
GO:0009266,response to temperature stimulus,6/823,175/18860,0.03428571428571429,0.7856969276167333,-0.6083842548640614,0.7805598359420198,0.963121719394578,0.8914518873930997,PDCD6/TAC4/OPN4/CIRBP/GMPR/ADRB2,6
GO:0002825,regulation of T-helper 1 type immune response,1/823,34/18860,0.029411764705882353,0.674004717318276,-0.4063954549333202,0.7809320636997856,0.963121719394578,0.8914518873930997,IL33,1
GO:0002828,regulation of type 2 immune response,1/823,34/18860,0.029411764705882353,0.674004717318276,-0.4063954549333202,0.7809320636997856,0.963121719394578,0.8914518873930997,IL33,1
GO:0002862,negative regulation of inflammatory response to antigenic stimulus,1/823,34/18860,0.029411764705882353,0.674004717318276,-0.4063954549333202,0.7809320636997856,0.963121719394578,0.8914518873930997,NPY,1
GO:0006515,protein quality control for misfolded or incompletely synthesized proteins,1/823,34/18860,0.029411764705882353,0.674004717318276,-0.4063954549333202,0.7809320636997856,0.963121719394578,0.8914518873930997,LONRF2,1
GO:0006779,porphyrin-containing compound biosynthetic process,1/823,34/18860,0.029411764705882353,0.674004717318276,-0.4063954549333202,0.7809320636997856,0.963121719394578,0.8914518873930997,ALAD,1
GO:0007628,adult walking behavior,1/823,34/18860,0.029411764705882353,0.674004717318276,-0.4063954549333202,0.7809320636997856,0.963121719394578,0.8914518873930997,KCNJ10,1
GO:0021532,neural tube patterning,1/823,34/18860,0.029411764705882353,0.674004717318276,-0.4063954549333202,0.7809320636997856,0.963121719394578,0.8914518873930997,FOXA1,1
GO:0030511,positive regulation of transforming growth factor beta receptor signaling pathway,1/823,34/18860,0.029411764705882353,0.674004717318276,-0.4063954549333202,0.7809320636997856,0.963121719394578,0.8914518873930997,TGFB1I1,1
GO:0032372,negative regulation of sterol transport,1/823,34/18860,0.029411764705882353,0.674004717318276,-0.4063954549333202,0.7809320636997856,0.963121719394578,0.8914518873930997,ABCA2,1
GO:0032375,negative regulation of cholesterol transport,1/823,34/18860,0.029411764705882353,0.674004717318276,-0.4063954549333202,0.7809320636997856,0.963121719394578,0.8914518873930997,ABCA2,1
GO:0033014,tetrapyrrole biosynthetic process,1/823,34/18860,0.029411764705882353,0.674004717318276,-0.4063954549333202,0.7809320636997856,0.963121719394578,0.8914518873930997,ALAD,1
GO:0034311,diol metabolic process,1/823,34/18860,0.029411764705882353,0.674004717318276,-0.4063954549333202,0.7809320636997856,0.963121719394578,0.8914518873930997,ABCA2,1
GO:0043406,positive regulation of MAP kinase activity,1/823,34/18860,0.029411764705882353,0.674004717318276,-0.4063954549333202,0.7809320636997856,0.963121719394578,0.8914518873930997,TPD52L1,1
GO:0045671,negative regulation of osteoclast differentiation,1/823,34/18860,0.029411764705882353,0.674004717318276,-0.4063954549333202,0.7809320636997856,0.963121719394578,0.8914518873930997,LRRC17,1
GO:0048240,sperm capacitation,1/823,34/18860,0.029411764705882353,0.674004717318276,-0.4063954549333202,0.7809320636997856,0.963121719394578,0.8914518873930997,DEFB1,1
GO:0048261,negative regulation of receptor-mediated endocytosis,1/823,34/18860,0.029411764705882353,0.674004717318276,-0.4063954549333202,0.7809320636997856,0.963121719394578,0.8914518873930997,ABCA2,1
GO:0051497,negative regulation of stress fiber assembly,1/823,34/18860,0.029411764705882353,0.674004717318276,-0.4063954549333202,0.7809320636997856,0.963121719394578,0.8914518873930997,CGNL1,1
GO:0071498,cellular response to fluid shear stress,1/823,34/18860,0.029411764705882353,0.674004717318276,-0.4063954549333202,0.7809320636997856,0.963121719394578,0.8914518873930997,PRKACB,1
GO:0098884,postsynaptic neurotransmitter receptor internalization,1/823,34/18860,0.029411764705882353,0.674004717318276,-0.4063954549333202,0.7809320636997856,0.963121719394578,0.8914518873930997,SUSD4,1
GO:0099590,neurotransmitter receptor internalization,1/823,34/18860,0.029411764705882353,0.674004717318276,-0.4063954549333202,0.7809320636997856,0.963121719394578,0.8914518873930997,SUSD4,1
GO:0120255,olefinic compound biosynthetic process,1/823,34/18860,0.029411764705882353,0.674004717318276,-0.4063954549333202,0.7809320636997856,0.963121719394578,0.8914518873930997,ADM,1
GO:0140239,postsynaptic endocytosis,1/823,34/18860,0.029411764705882353,0.674004717318276,-0.4063954549333202,0.7809320636997856,0.963121719394578,0.8914518873930997,SUSD4,1
GO:0141087,positive regulation of inflammasome-mediated signaling pathway,1/823,34/18860,0.029411764705882353,0.674004717318276,-0.4063954549333202,0.7809320636997856,0.963121719394578,0.8914518873930997,PRKD1,1
GO:1902624,positive regulation of neutrophil migration,1/823,34/18860,0.029411764705882353,0.674004717318276,-0.4063954549333202,0.7809320636997856,0.963121719394578,0.8914518873930997,EDN1,1
GO:1903846,positive regulation of cellular response to transforming growth factor beta stimulus,1/823,34/18860,0.029411764705882353,0.674004717318276,-0.4063954549333202,0.7809320636997856,0.963121719394578,0.8914518873930997,TGFB1I1,1
GO:0050907,detection of chemical stimulus involved in sensory perception,18/823,481/18860,0.037422037422037424,0.8575694116398855,-0.6759148106747014,0.7813834376507155,0.9634209363500005,0.8917288383893032,OR52K2/OR51I1/AZGP1/OR2A25/OR3A3/OR4D11/OR12D2/OR10G4/OR6A2/OR4N4/OR7A17/OR4D10/OR1J4/TAS2R31/TAS2R39/OR56B1/OR52I2/OR5L2,18
GO:0001947,heart looping,2/823,65/18860,0.03076923076923077,0.7051126273483505,-0.5087082543341053,0.7823440275673921,0.9638328049181834,0.8921100581303502,FOLR1/VANGL2,2
GO:0006956,complement activation,2/823,65/18860,0.03076923076923077,0.7051126273483505,-0.5087082543341053,0.7823440275673921,0.9638328049181834,0.8921100581303502,SUSD4/C5,2
GO:0015909,long-chain fatty acid transport,2/823,65/18860,0.03076923076923077,0.7051126273483505,-0.5087082543341053,0.7823440275673921,0.9638328049181834,0.8921100581303502,FABP3/PLA2G1B,2
GO:0042100,B cell proliferation,3/823,94/18860,0.031914893617021274,0.7313668209198314,-0.5577182008486319,0.7836691965328906,0.965207724045714,0.8933826638940543,NFATC2/ADA/VAV3,3
GO:0007369,gastrulation,7/823,203/18860,0.034482758620689655,0.7902124272007374,-0.6419245224768351,0.7875493765878142,0.9661542437248019,0.8942587491669602,ACVR2B/GPC3/GATA6/CFC1/SOX2/VANGL2/DKK1,7
GO:0045861,negative regulation of proteolysis,5/823,150/18860,0.03333333333333333,0.7638720129607128,-0.6202021905470309,0.7887082279155629,0.9661542437248019,0.8942587491669602,ALAD/SIRT4/GAS1/F2/TIMP3,5
GO:0032731,positive regulation of interleukin-1 beta production,2/823,66/18860,0.030303030303030304,0.6944291026915571,-0.5311918966462519,0.7894693027087152,0.9661542437248019,0.8942587491669602,ORM2/ORM1,2
GO:0051653,spindle localization,2/823,66/18860,0.030303030303030304,0.6944291026915571,-0.5311918966462519,0.7894693027087152,0.9661542437248019,0.8942587491669602,GPSM1/NLRP5,2
GO:0048592,eye morphogenesis,6/823,177/18860,0.03389830508474576,0.7768189962312334,-0.637232104603422,0.7895628240408998,0.9661542437248019,0.8942587491669602,PPP2R3A/PTPRM/PTF1A/EFEMP1/TFAP2B/ATP8A2,6
GO:0071347,cellular response to interleukin-1,3/823,95/18860,0.031578947368421054,0.7236682228048859,-0.5767604123301634,0.789665436153604,0.9661542437248019,0.8942587491669602,FGB/RORA/EDN1,3
GO:1901874,negative regulation of post-translational protein modification,3/823,95/18860,0.031578947368421054,0.7236682228048859,-0.5767604123301634,0.789665436153604,0.9661542437248019,0.8942587491669602,BEX2/BEX4/BEX1,3
GO:0070555,response to interleukin-1,4/823,123/18860,0.032520325203252036,0.745240988254354,-0.6054930716003318,0.7900632512516064,0.9661542437248019,0.8942587491669602,FGB/GHR/RORA/EDN1,4
GO:0002063,chondrocyte development,1/823,35/18860,0.02857142857142857,0.654747439680611,-0.43669732621744817,0.7905088676716905,0.9661542437248019,0.8942587491669602,CHST11,1
GO:0002495,antigen processing and presentation of peptide antigen via MHC class II,1/823,35/18860,0.02857142857142857,0.654747439680611,-0.43669732621744817,0.7905088676716905,0.9661542437248019,0.8942587491669602,CTSF,1
GO:0002719,negative regulation of cytokine production involved in immune response,1/823,35/18860,0.02857142857142857,0.654747439680611,-0.43669732621744817,0.7905088676716905,0.9661542437248019,0.8942587491669602,TGFB3,1
GO:0003299,muscle hypertrophy in response to stress,1/823,35/18860,0.02857142857142857,0.654747439680611,-0.43669732621744817,0.7905088676716905,0.9661542437248019,0.8942587491669602,GATA6,1
GO:0006654,phosphatidic acid biosynthetic process,1/823,35/18860,0.02857142857142857,0.654747439680611,-0.43669732621744817,0.7905088676716905,0.9661542437248019,0.8942587491669602,DGKD,1
GO:0009156,ribonucleoside monophosphate biosynthetic process,1/823,35/18860,0.02857142857142857,0.654747439680611,-0.43669732621744817,0.7905088676716905,0.9661542437248019,0.8942587491669602,ADA,1
GO:0010464,regulation of mesenchymal cell proliferation,1/823,35/18860,0.02857142857142857,0.654747439680611,-0.43669732621744817,0.7905088676716905,0.9661542437248019,0.8942587491669602,SIX1,1
GO:0010743,regulation of macrophage derived foam cell differentiation,1/823,35/18860,0.02857142857142857,0.654747439680611,-0.43669732621744817,0.7905088676716905,0.9661542437248019,0.8942587491669602,ALOX15B,1
GO:0010996,response to auditory stimulus,1/823,35/18860,0.02857142857142857,0.654747439680611,-0.43669732621744817,0.7905088676716905,0.9661542437248019,0.8942587491669602,ATP8A2,1
GO:0014887,cardiac muscle adaptation,1/823,35/18860,0.02857142857142857,0.654747439680611,-0.43669732621744817,0.7905088676716905,0.9661542437248019,0.8942587491669602,GATA6,1
GO:0014898,cardiac muscle hypertrophy in response to stress,1/823,35/18860,0.02857142857142857,0.654747439680611,-0.43669732621744817,0.7905088676716905,0.9661542437248019,0.8942587491669602,GATA6,1
GO:0015868,purine ribonucleotide transport,1/823,35/18860,0.02857142857142857,0.654747439680611,-0.43669732621744817,0.7905088676716905,0.9661542437248019,0.8942587491669602,ABCC5,1
GO:0045684,positive regulation of epidermis development,1/823,35/18860,0.02857142857142857,0.654747439680611,-0.43669732621744817,0.7905088676716905,0.9661542437248019,0.8942587491669602,ALOX15B,1
GO:0048147,negative regulation of fibroblast proliferation,1/823,35/18860,0.02857142857142857,0.654747439680611,-0.43669732621744817,0.7905088676716905,0.9661542437248019,0.8942587491669602,NUPR1,1
GO:0048333,mesodermal cell differentiation,1/823,35/18860,0.02857142857142857,0.654747439680611,-0.43669732621744817,0.7905088676716905,0.9661542437248019,0.8942587491669602,DKK1,1
GO:0051281,positive regulation of release of sequestered calcium ion into cytosol,1/823,35/18860,0.02857142857142857,0.654747439680611,-0.43669732621744817,0.7905088676716905,0.9661542437248019,0.8942587491669602,F2,1
GO:0051654,establishment of mitochondrion localization,1/823,35/18860,0.02857142857142857,0.654747439680611,-0.43669732621744817,0.7905088676716905,0.9661542437248019,0.8942587491669602,NEFL,1
GO:0061081,positive regulation of myeloid leukocyte cytokine production involved in immune response,1/823,35/18860,0.02857142857142857,0.654747439680611,-0.43669732621744817,0.7905088676716905,0.9661542437248019,0.8942587491669602,KIT,1
GO:0071901,negative regulation of protein serine/threonine kinase activity,1/823,35/18860,0.02857142857142857,0.654747439680611,-0.43669732621744817,0.7905088676716905,0.9661542437248019,0.8942587491669602,PDCD4,1
GO:0098868,bone growth,1/823,35/18860,0.02857142857142857,0.654747439680611,-0.43669732621744817,0.7905088676716905,0.9661542437248019,0.8942587491669602,LEPR,1
GO:0099010,modification of postsynaptic structure,1/823,35/18860,0.02857142857142857,0.654747439680611,-0.43669732621744817,0.7905088676716905,0.9661542437248019,0.8942587491669602,WASF3,1
GO:0050727,regulation of inflammatory response,17/823,460/18860,0.036956521739130437,0.8469015795868773,-0.7100972151858023,0.7925836606572942,0.9684335700114941,0.8963684614487409,PTGER3/GHRL/PDCD4/IL33/NUPR1/C1QTNF3/ADA/RORA/FFAR3/DUOXA1/NLRP14/BRD4/PROC/CXCL17/NLRP5/DNASE1/NPY,17
GO:0090150,establishment of protein localization to membrane,10/823,283/18860,0.0353356890459364,0.8097583176261974,-0.6887921681155529,0.7947561106272047,0.9704090191511756,0.8981969093266742,GGA2/RAB26/EGFR/RAPSN/ZDHHC2/VPS37D/NACAD/MICALL1/CWH43/MAL,10
GO:0014909,smooth muscle cell migration,3/823,96/18860,0.03125,0.7161300121506683,-0.5956202832295697,0.7955229662725352,0.9704090191511756,0.8981969093266742,PDGFD/IGFBP5/POSTN,3
GO:0019915,lipid storage,3/823,96/18860,0.03125,0.7161300121506683,-0.5956202832295697,0.7955229662725352,0.9704090191511756,0.8981969093266742,PLIN5/ANGPTL3/APOC4,3
GO:0000302,response to reactive oxygen species,7/823,205/18860,0.03414634146341464,0.7825030376670717,-0.668820528714075,0.7957832428876863,0.9704090191511756,0.8981969093266742,PDGFD/BNIP3/MT3/PTPRN/GATA5/EDN1/SOD3,7
GO:0001756,somitogenesis,2/823,67/18860,0.029850746268656716,0.6840644892185488,-0.5533690719073033,0.7963881472070324,0.9704090191511756,0.8981969093266742,PPP2R3A/DKK1,2
GO:0006949,syncytium formation,2/823,67/18860,0.029850746268656716,0.6840644892185488,-0.5533690719073033,0.7963881472070324,0.9704090191511756,0.8981969093266742,NPHS1/NFATC2,2
GO:0044380,protein localization to cytoskeleton,2/823,67/18860,0.029850746268656716,0.6840644892185488,-0.5533690719073033,0.7963881472070324,0.9704090191511756,0.8981969093266742,MID2/FILIP1L,2
GO:0062197,cellular response to chemical stress,12/823,335/18860,0.03582089552238806,0.8208773870622585,-0.7065954007465174,0.7969147370258282,0.9704090191511756,0.8981969093266742,DHRS2/PDGFD/BNIP3/SLC2A4/PRKAA2/PRKD1/MT3/PPARGC1A/SCN2A/GATA5/EDN1/SOD3,12
GO:0009314,response to radiation,17/823,462/18860,0.0367965367965368,0.8432353389826052,-0.7287204268085808,0.7981267483571831,0.9704090191511756,0.8981969093266742,DEAF1/PDE1B/PDE8B/SLC1A2/B3GAT1/EGFR/ALAD/CRTC1/OPN4/KIT/ABCC8/CIRBP/OPN1MW/TSPYL5/ATP8A2/TTR/NPY,17
GO:0033157,regulation of intracellular protein transport,5/823,152/18860,0.03289473684210526,0.753821065421756,-0.6509327108499626,0.7981411786354197,0.9704090191511756,0.8981969093266742,ZDHHC2/PRKD1/CWH43/INSIG1/CABP1,5
GO:0070663,regulation of leukocyte proliferation,10/823,284/18860,0.035211267605633804,0.806907055944415,-0.7003684409404899,0.7982296061794691,0.9704090191511756,0.8981969093266742,IGFBP2/NFATC2/IL33/CD3E/SLC4A2/SFTPD/KITLG/KIT/ADA/VAV3,10
GO:0009260,ribonucleotide biosynthetic process,6/823,179/18860,0.0335195530726257,0.7681394543739011,-0.6657794775406185,0.798281263109141,0.9704090191511756,0.8981969093266742,PAPSS1/NME9/NME3/NPR3/ADA/ADCY1,6
GO:0099111,microtubule-based transport,8/823,232/18860,0.034482758620689655,0.7902124272007374,-0.6867801453569905,0.7984249969698854,0.9704090191511756,0.8981969093266742,AQP4/KIF17/RAB17/WDPCP/NEFL/CWH43/KIF1A/KIF5C,8
GO:0019068,virion assembly,1/823,36/18860,0.027777777777777776,0.6365600108005941,-0.4662352434487719,0.7996674972550208,0.9704090191511756,0.8981969093266742,VPS37D,1
GO:0032373,positive regulation of sterol transport,1/823,36/18860,0.027777777777777776,0.6365600108005941,-0.4662352434487719,0.7996674972550208,0.9704090191511756,0.8981969093266742,PLTP,1
GO:0032376,positive regulation of cholesterol transport,1/823,36/18860,0.027777777777777776,0.6365600108005941,-0.4662352434487719,0.7996674972550208,0.9704090191511756,0.8981969093266742,PLTP,1
GO:0032570,response to progesterone,1/823,36/18860,0.027777777777777776,0.6365600108005941,-0.4662352434487719,0.7996674972550208,0.9704090191511756,0.8981969093266742,TGFB3,1
GO:0033687,osteoblast proliferation,1/823,36/18860,0.027777777777777776,0.6365600108005941,-0.4662352434487719,0.7996674972550208,0.9704090191511756,0.8981969093266742,NPR3,1
GO:0045648,positive regulation of erythrocyte differentiation,1/823,36/18860,0.027777777777777776,0.6365600108005941,-0.4662352434487719,0.7996674972550208,0.9704090191511756,0.8981969093266742,GLUL,1
GO:0046621,negative regulation of organ growth,1/823,36/18860,0.027777777777777776,0.6365600108005941,-0.4662352434487719,0.7996674972550208,0.9704090191511756,0.8981969093266742,KCNK2,1
GO:0060317,cardiac epithelial to mesenchymal transition,1/823,36/18860,0.027777777777777776,0.6365600108005941,-0.4662352434487719,0.7996674972550208,0.9704090191511756,0.8981969093266742,PDCD4,1
GO:0071353,cellular response to interleukin-4,1/823,36/18860,0.027777777777777776,0.6365600108005941,-0.4662352434487719,0.7996674972550208,0.9704090191511756,0.8981969093266742,ALAD,1
GO:0098698,postsynaptic specialization assembly,1/823,36/18860,0.027777777777777776,0.6365600108005941,-0.4662352434487719,0.7996674972550208,0.9704090191511756,0.8981969093266742,PTPRS,1
GO:0140058,neuron projection arborization,1/823,36/18860,0.027777777777777776,0.6365600108005941,-0.4662352434487719,0.7996674972550208,0.9704090191511756,0.8981969093266742,FZD4,1
GO:1902235,regulation of endoplasmic reticulum stress-induced intrinsic apoptotic signaling pathway,1/823,36/18860,0.027777777777777776,0.6365600108005941,-0.4662352434487719,0.7996674972550208,0.9704090191511756,0.8981969093266742,BCL2L11,1
GO:1902882,regulation of response to oxidative stress,1/823,36/18860,0.027777777777777776,0.6365600108005941,-0.4662352434487719,0.7996674972550208,0.9704090191511756,0.8981969093266742,GGT7,1
GO:0001932,regulation of protein phosphorylation,14/823,387/18860,0.03617571059431524,0.829008386158913,-0.7260034322496863,0.8001966059320862,0.9707958297519921,0.8985549357663418,VEGFB/ERBB4/EGFR/TPD52L1/CTF1/PTPN13/PDCD4/TRIB2/MT3/KIT/ODAM/FAM20A/FBLN1/HRG,14
GO:0002690,positive regulation of leukocyte chemotaxis,3/823,97/18860,0.030927835051546393,0.708747228520249,-0.6143019441045042,0.8012437001606465,0.9713001513636416,0.8990217287412118,VEGFB/CXCL17/EDN1,3
GO:0045132,meiotic chromosome segregation,3/823,97/18860,0.030927835051546393,0.708747228520249,-0.6143019441045042,0.8012437001606465,0.9713001513636416,0.8990217287412118,REC8/ZCWPW1/SYCP2,3
GO:0140029,exocytic process,3/823,97/18860,0.030927835051546393,0.708747228520249,-0.6143019441045042,0.8012437001606465,0.9713001513636416,0.8990217287412118,ERC2/RIMS3/SLC18A2,3
GO:0048515,spermatid differentiation,9/823,259/18860,0.03474903474903475,0.7963144536656079,-0.7050485814721447,0.8015763544917356,0.9714482342382773,0.8991587921626115,SUN5/REC8/PDILT/PACRG/PLD6/TUBA8/KIT/TSSK1B/DEFB1,9
GO:0008333,endosome to lysosome transport,2/823,68/18860,0.029411764705882353,0.674004717318276,-0.575249652965225,0.8031049830313741,0.9717696635264268,0.8994563025808837,RAB7B/ADRB2,2
GO:0030219,megakaryocyte differentiation,2/823,68/18860,0.029411764705882353,0.674004717318276,-0.575249652965225,0.8031049830313741,0.9717696635264268,0.8994563025808837,KIT/RAB7B,2
GO:0038066,p38MAPK cascade,2/823,68/18860,0.029411764705882353,0.674004717318276,-0.575249652965225,0.8031049830313741,0.9717696635264268,0.8994563025808837,GADD45B/KCNJ8,2
GO:0043470,regulation of carbohydrate catabolic process,2/823,68/18860,0.029411764705882353,0.674004717318276,-0.575249652965225,0.8031049830313741,0.9717696635264268,0.8994563025808837,PRKAA2/NUPR1,2
GO:0072666,establishment of protein localization to vacuole,2/823,68/18860,0.029411764705882353,0.674004717318276,-0.575249652965225,0.8031049830313741,0.9717696635264268,0.8994563025808837,LAMP2/VPS37D,2
GO:2001244,positive regulation of intrinsic apoptotic signaling pathway,2/823,68/18860,0.029411764705882353,0.674004717318276,-0.575249652965225,0.8031049830313741,0.9717696635264268,0.8994563025808837,NUPR1/BCL2L11,2
GO:0002688,regulation of leukocyte chemotaxis,4/823,126/18860,0.031746031746031744,0.7274971552006788,-0.6555686097453247,0.8053369602661875,0.9725982458673552,0.9002232267160238,VEGFB/C5/CXCL17/EDN1,4
GO:0002534,cytokine production involved in inflammatory response,3/823,98/18860,0.030612244897959183,0.7015151139435118,-0.632809386627854,0.8068295936918545,0.9725982458673552,0.9002232267160238,PDCD4/IL33/F2,3
GO:1900015,regulation of cytokine production involved in inflammatory response,3/823,98/18860,0.030612244897959183,0.7015151139435118,-0.632809386627854,0.8068295936918545,0.9725982458673552,0.9002232267160238,PDCD4/IL33/F2,3
GO:1990868,response to chemokine,3/823,98/18860,0.030612244897959183,0.7015151139435118,-0.632809386627854,0.8068295936918545,0.9725982458673552,0.9002232267160238,CCL16/GNAI1/EDN1,3
GO:1990869,cellular response to chemokine,3/823,98/18860,0.030612244897959183,0.7015151139435118,-0.632809386627854,0.8068295936918545,0.9725982458673552,0.9002232267160238,CCL16/GNAI1/EDN1,3
GO:0000132,establishment of mitotic spindle orientation,1/823,37/18860,0.02702702702702703,0.6193556861843618,-0.49505435195452285,0.8084261909311321,0.9725982458673552,0.9002232267160238,GPSM1,1
GO:0002504,antigen processing and presentation of peptide or polysaccharide antigen via MHC class II,1/823,37/18860,0.02702702702702703,0.6193556861843618,-0.49505435195452285,0.8084261909311321,0.9725982458673552,0.9002232267160238,CTSF,1
GO:0003230,cardiac atrium development,1/823,37/18860,0.02702702702702703,0.6193556861843618,-0.49505435195452285,0.8084261909311321,0.9725982458673552,0.9002232267160238,DAND5,1
GO:0006910,"phagocytosis, recognition",1/823,37/18860,0.02702702702702703,0.6193556861843618,-0.49505435195452285,0.8084261909311321,0.9725982458673552,0.9002232267160238,COLEC12,1
GO:0021884,forebrain neuron development,1/823,37/18860,0.02702702702702703,0.6193556861843618,-0.49505435195452285,0.8084261909311321,0.9725982458673552,0.9002232267160238,ZMIZ1,1
GO:0032743,positive regulation of interleukin-2 production,1/823,37/18860,0.02702702702702703,0.6193556861843618,-0.49505435195452285,0.8084261909311321,0.9725982458673552,0.9002232267160238,CD3E,1
GO:0035459,vesicle cargo loading,1/823,37/18860,0.02702702702702703,0.6193556861843618,-0.49505435195452285,0.8084261909311321,0.9725982458673552,0.9002232267160238,INSIG1,1
GO:0043162,ubiquitin-dependent protein catabolic process via the multivesicular body sorting pathway,1/823,37/18860,0.02702702702702703,0.6193556861843618,-0.49505435195452285,0.8084261909311321,0.9725982458673552,0.9002232267160238,VPS37D,1
GO:0045777,positive regulation of blood pressure,1/823,37/18860,0.02702702702702703,0.6193556861843618,-0.49505435195452285,0.8084261909311321,0.9725982458673552,0.9002232267160238,DRD5,1
GO:0046825,regulation of protein export from nucleus,1/823,37/18860,0.02702702702702703,0.6193556861843618,-0.49505435195452285,0.8084261909311321,0.9725982458673552,0.9002232267160238,PRKD1,1
GO:0048048,embryonic eye morphogenesis,1/823,37/18860,0.02702702702702703,0.6193556861843618,-0.49505435195452285,0.8084261909311321,0.9725982458673552,0.9002232267160238,EFEMP1,1
GO:0060218,hematopoietic stem cell differentiation,1/823,37/18860,0.02702702702702703,0.6193556861843618,-0.49505435195452285,0.8084261909311321,0.9725982458673552,0.9002232267160238,CDK6,1
GO:0071676,negative regulation of mononuclear cell migration,1/823,37/18860,0.02702702702702703,0.6193556861843618,-0.49505435195452285,0.8084261909311321,0.9725982458673552,0.9002232267160238,C5,1
GO:0150117,positive regulation of cell-substrate junction organization,1/823,37/18860,0.02702702702702703,0.6193556861843618,-0.49505435195452285,0.8084261909311321,0.9725982458673552,0.9002232267160238,HRG,1
GO:1900101,regulation of endoplasmic reticulum unfolded protein response,1/823,37/18860,0.02702702702702703,0.6193556861843618,-0.49505435195452285,0.8084261909311321,0.9725982458673552,0.9002232267160238,BCL2L11,1
GO:1901099,negative regulation of signal transduction in absence of ligand,1/823,37/18860,0.02702702702702703,0.6193556861843618,-0.49505435195452285,0.8084261909311321,0.9725982458673552,0.9002232267160238,COL2A1,1
GO:2001240,negative regulation of extrinsic apoptotic signaling pathway in absence of ligand,1/823,37/18860,0.02702702702702703,0.6193556861843618,-0.49505435195452285,0.8084261909311321,0.9725982458673552,0.9002232267160238,COL2A1,1
GO:0071674,mononuclear cell migration,8/823,235/18860,0.03404255319148936,0.7801246089811535,-0.7245018694819628,0.8095689774329161,0.9730249652276021,0.9006181921408699,PDGFD/C5/CYP7B1/SFTPD/GNAI1/RET/LRP12/CXCL17,8
GO:0051058,negative regulation of small GTPase mediated signal transduction,2/823,69/18860,0.028985507246376812,0.6642365330093155,-0.5968430416020946,0.8096242397560112,0.9730249652276021,0.9006181921408699,CGNL1/ARHGAP24,2
GO:0070918,regulatory ncRNA processing,2/823,69/18860,0.028985507246376812,0.6642365330093155,-0.5968430416020946,0.8096242397560112,0.9730249652276021,0.9006181921408699,PLD6/TDRD9,2
GO:0080164,regulation of nitric oxide metabolic process,2/823,69/18860,0.028985507246376812,0.6642365330093155,-0.5968430416020946,0.8096242397560112,0.9730249652276021,0.9006181921408699,EDN1/NPY,2
GO:0030301,cholesterol transport,4/823,127/18860,0.031496062992125984,0.7217688311439806,-0.6720182531343243,0.8102232802291383,0.9732380109988218,0.9008153843036365,STX12/APOA5/ABCA2/PLTP,4
GO:0042177,negative regulation of protein catabolic process,4/823,127/18860,0.031496062992125984,0.7217688311439806,-0.6720182531343243,0.8102232802291383,0.9732380109988218,0.9008153843036365,TMEM132A/EGFR/ALAD/TIMP3,4
GO:0061136,regulation of proteasomal protein catabolic process,7/823,209/18860,0.03349282296650718,0.7675269029748789,-0.7218914175555835,0.8115225437098673,0.9740421297306313,0.9015596652670131,KCNE2/RNF180/ALAD/IL33/NUPR1/TRIB2/TF,7
GO:0034976,response to endoplasmic reticulum stress,10/823,288/18860,0.034722222222222224,0.7957000135007425,-0.7462981061624078,0.8116918851496362,0.9740421297306313,0.9015596652670131,ASB11/FUT1/NUPR1/ERP27/TMTC4/BCL2L11/PDIA2/FBXO27/SCAMP5/KCNJ8,10
GO:0051056,regulation of small GTPase mediated signal transduction,11/823,314/18860,0.03503184713375796,0.8027954276338701,-0.7527205481126148,0.8118795826730159,0.9740421297306313,0.9015596652670131,CGNL1/RAP1GAP/ARHGEF17/FGD4/ARHGAP24/KITLG/FAM13A/ARHGAP10/SYDE1/VAV3/ARHGAP20,11
GO:0006839,mitochondrial transport,3/823,99/18860,0.030303030303030304,0.6944291026915571,-0.6511464696881273,0.8122826403920882,0.9740421297306313,0.9015596652670131,HIP1R/BNIP3/BCL2L11,3
GO:0010970,transport along microtubule,6/823,183/18860,0.03278688524590164,0.7513495209449635,-0.7220019673902315,0.8148785818181346,0.9740421297306313,0.9015596652670131,KIF17/RAB17/WDPCP/NEFL/KIF1A/KIF5C,6
GO:0001824,blastocyst development,4/823,128/18860,0.03125,0.7161300121506683,-0.6883502661433873,0.8150090210421725,0.9740421297306313,0.9015596652670131,ADA/MXI1/PRICKLE2/ARHGDIG,4
GO:0071774,response to fibroblast growth factor,4/823,128/18860,0.03125,0.7161300121506683,-0.6883502661433873,0.8150090210421725,0.9740421297306313,0.9015596652670131,KL/FLRT3/FGF20/POSTN,4
GO:0001912,positive regulation of leukocyte mediated cytotoxicity,2/823,70/18860,0.02857142857142857,0.654747439680611,-0.6181581977935813,0.8159503454876185,0.9740421297306313,0.9015596652670131,AZGP1/SLC22A13,2
GO:0002823,negative regulation of adaptive immune response based on somatic recombination of immune receptors built from immunoglobulin superfamily domains,2/823,70/18860,0.02857142857142857,0.654747439680611,-0.6181581977935813,0.8159503454876185,0.9740421297306313,0.9015596652670131,SUSD4/IL33,2
GO:0014015,positive regulation of gliogenesis,2/823,70/18860,0.02857142857142857,0.654747439680611,-0.6181581977935813,0.8159503454876185,0.9740421297306313,0.9015596652670131,PTPRZ1/NTN1,2
GO:0043433,negative regulation of DNA-binding transcription factor activity,2/823,70/18860,0.02857142857142857,0.654747439680611,-0.6181581977935813,0.8159503454876185,0.9740421297306313,0.9015596652670131,NUPR1/NWD1,2
GO:0044091,membrane biogenesis,2/823,70/18860,0.02857142857142857,0.654747439680611,-0.6181581977935813,0.8159503454876185,0.9740421297306313,0.9015596652670131,CDH2/DMKN,2
GO:0000966,RNA 5'-end processing,1/823,38/18860,0.02631578947368421,0.6030568523374048,-0.52319588338585,0.8168023926451882,0.9740421297306313,0.9015596652670131,RPP30,1
GO:0002474,antigen processing and presentation of peptide antigen via MHC class I,1/823,38/18860,0.02631578947368421,0.6030568523374048,-0.52319588338585,0.8168023926451882,0.9740421297306313,0.9015596652670131,AZGP1,1
GO:0006699,bile acid biosynthetic process,1/823,38/18860,0.02631578947368421,0.6030568523374048,-0.52319588338585,0.8168023926451882,0.9740421297306313,0.9015596652670131,CYP7B1,1
GO:0006901,vesicle coating,1/823,38/18860,0.02631578947368421,0.6030568523374048,-0.52319588338585,0.8168023926451882,0.9740421297306313,0.9015596652670131,PDCD6,1
GO:0010613,positive regulation of cardiac muscle hypertrophy,1/823,38/18860,0.02631578947368421,0.6030568523374048,-0.52319588338585,0.8168023926451882,0.9740421297306313,0.9015596652670131,EDN1,1
GO:0010934,macrophage cytokine production,1/823,38/18860,0.02631578947368421,0.6030568523374048,-0.52319588338585,0.8168023926451882,0.9740421297306313,0.9015596652670131,TGFB3,1
GO:0010935,regulation of macrophage cytokine production,1/823,38/18860,0.02631578947368421,0.6030568523374048,-0.52319588338585,0.8168023926451882,0.9740421297306313,0.9015596652670131,TGFB3,1
GO:0019934,cGMP-mediated signaling,1/823,38/18860,0.02631578947368421,0.6030568523374048,-0.52319588338585,0.8168023926451882,0.9740421297306313,0.9015596652670131,GUCA2B,1
GO:0021696,cerebellar cortex morphogenesis,1/823,38/18860,0.02631578947368421,0.6030568523374048,-0.52319588338585,0.8168023926451882,0.9740421297306313,0.9015596652670131,RORA,1
GO:0044794,host-mediated activation of viral process,1/823,38/18860,0.02631578947368421,0.6030568523374048,-0.52319588338585,0.8168023926451882,0.9740421297306313,0.9015596652670131,HPN,1
GO:0045324,late endosome to vacuole transport,1/823,38/18860,0.02631578947368421,0.6030568523374048,-0.52319588338585,0.8168023926451882,0.9740421297306313,0.9015596652670131,VPS37D,1
GO:0045652,regulation of megakaryocyte differentiation,1/823,38/18860,0.02631578947368421,0.6030568523374048,-0.52319588338585,0.8168023926451882,0.9740421297306313,0.9015596652670131,RAB7B,1
GO:0046164,alcohol catabolic process,1/823,38/18860,0.02631578947368421,0.6030568523374048,-0.52319588338585,0.8168023926451882,0.9740421297306313,0.9015596652670131,SULT2A1,1
GO:0048854,brain morphogenesis,1/823,38/18860,0.02631578947368421,0.6030568523374048,-0.52319588338585,0.8168023926451882,0.9740421297306313,0.9015596652670131,CDH2,1
GO:0051602,response to electrical stimulus,1/823,38/18860,0.02631578947368421,0.6030568523374048,-0.52319588338585,0.8168023926451882,0.9740421297306313,0.9015596652670131,GHRL,1
GO:1900017,positive regulation of cytokine production involved in inflammatory response,1/823,38/18860,0.02631578947368421,0.6030568523374048,-0.52319588338585,0.8168023926451882,0.9740421297306313,0.9015596652670131,IL33,1
GO:0009798,axis specification,3/823,100/18860,0.03,0.6874848116646415,-0.669316925161501,0.8176048667335503,0.9744954700349521,0.9019792706624475,PLD6/GPC3/WNT6,3
GO:0051899,membrane depolarization,3/823,100/18860,0.03,0.6874848116646415,-0.669316925161501,0.8176048667335503,0.9744954700349521,0.9019792706624475,NEDD4L/ALB/EDN1,3
GO:0018205,peptidyl-lysine modification,4/823,129/18860,0.031007751937984496,0.7105786167076399,-0.7045666515191684,0.8196953557949107,0.9767348481780308,0.904052007505605,ZMIZ1/SMYD2/SIRT4/PLOD2,4
GO:0001909,leukocyte mediated cytotoxicity,5/823,157/18860,0.03184713375796178,0.7298140251217002,-0.7261629486199457,0.8202734967017301,0.9770305464933031,0.9043257016980839,AZGP1/SCNN1B/F2/SLC22A13/DNASE1,5
GO:0043543,protein acylation,2/823,71/18860,0.028169014084507043,0.6455256447555321,-0.63920366674982,0.8220877185679556,0.9770305464933031,0.9043257016980839,GLUL/ZDHHC2,2
GO:0051205,protein insertion into membrane,2/823,71/18860,0.028169014084507043,0.6455256447555321,-0.63920366674982,0.8220877185679556,0.9770305464933031,0.9043257016980839,EGFR/MAL,2
GO:0046390,ribose phosphate biosynthetic process,6/823,185/18860,0.032432432432432434,0.7432268234212341,-0.749691018703734,0.8227654021786557,0.9770305464933031,0.9043257016980839,PAPSS1/NME9/NME3/NPR3/ADA/ADCY1,6
GO:0001910,regulation of leukocyte mediated cytotoxicity,3/823,101/18860,0.0297029702970297,0.6806780313511303,-0.6873243633763496,0.822798327666812,0.9770305464933031,0.9043257016980839,AZGP1/SLC22A13/DNASE1,3
GO:0002292,T cell differentiation involved in immune response,3/823,101/18860,0.0297029702970297,0.6806780313511303,-0.6873243633763496,0.822798327666812,0.9770305464933031,0.9043257016980839,RORC/RORA/BRD4,3
GO:0009165,nucleotide biosynthetic process,8/823,239/18860,0.03347280334728033,0.7670681301697535,-0.7741113918315861,0.8236909450864166,0.9770305464933031,0.9043257016980839,PAPSS1/NME9/NME3/NPR3/ADA/ADCY1/IDH2/SLC22A13,8
GO:0007030,Golgi organization,5/823,158/18860,0.03164556962025317,0.725194949013335,-0.740945599815124,0.8244572350101644,0.9770305464933031,0.9043257016980839,OBSL1/SYNE1/TMED6/FAM174B/PRKD1,5
GO:0001569,branching involved in blood vessel morphogenesis,1/823,39/18860,0.02564102564102564,0.5875938561236252,-0.5506975926752348,0.8248127863787452,0.9770305464933031,0.9043257016980839,EDN1,1
GO:0008210,estrogen metabolic process,1/823,39/18860,0.02564102564102564,0.5875938561236252,-0.5506975926752348,0.8248127863787452,0.9770305464933031,0.9043257016980839,CYP2C8,1
GO:0014742,positive regulation of muscle hypertrophy,1/823,39/18860,0.02564102564102564,0.5875938561236252,-0.5506975926752348,0.8248127863787452,0.9770305464933031,0.9043257016980839,EDN1,1
GO:0032147,activation of protein kinase activity,1/823,39/18860,0.02564102564102564,0.5875938561236252,-0.5506975926752348,0.8248127863787452,0.9770305464933031,0.9043257016980839,MT3,1
GO:0032232,negative regulation of actin filament bundle assembly,1/823,39/18860,0.02564102564102564,0.5875938561236252,-0.5506975926752348,0.8248127863787452,0.9770305464933031,0.9043257016980839,CGNL1,1
GO:0034249,negative regulation of amide metabolic process,1/823,39/18860,0.02564102564102564,0.5875938561236252,-0.5506975926752348,0.8248127863787452,0.9770305464933031,0.9043257016980839,SIRT4,1
GO:0043372,"positive regulation of CD4-positive, alpha-beta T cell differentiation",1/823,39/18860,0.02564102564102564,0.5875938561236252,-0.5506975926752348,0.8248127863787452,0.9770305464933031,0.9043257016980839,BRD4,1
GO:0043516,"regulation of DNA damage response, signal transduction by p53 class mediator",1/823,39/18860,0.02564102564102564,0.5875938561236252,-0.5506975926752348,0.8248127863787452,0.9770305464933031,0.9043257016980839,SMYD2,1
GO:0070316,regulation of G0 to G1 transition,1/823,39/18860,0.02564102564102564,0.5875938561236252,-0.5506975926752348,0.8248127863787452,0.9770305464933031,0.9043257016980839,SMARCD3,1
GO:0070670,response to interleukin-4,1/823,39/18860,0.02564102564102564,0.5875938561236252,-0.5506975926752348,0.8248127863787452,0.9770305464933031,0.9043257016980839,ALAD,1
GO:0071404,cellular response to low-density lipoprotein particle stimulus,1/823,39/18860,0.02564102564102564,0.5875938561236252,-0.5506975926752348,0.8248127863787452,0.9770305464933031,0.9043257016980839,FUT1,1
GO:0120009,intermembrane lipid transfer,1/823,39/18860,0.02564102564102564,0.5875938561236252,-0.5506975926752348,0.8248127863787452,0.9770305464933031,0.9043257016980839,PLTP,1
GO:1903580,positive regulation of ATP metabolic process,1/823,39/18860,0.02564102564102564,0.5875938561236252,-0.5506975926752348,0.8248127863787452,0.9770305464933031,0.9043257016980839,PRKAA2,1
GO:1904994,regulation of leukocyte adhesion to vascular endothelial cell,1/823,39/18860,0.02564102564102564,0.5875938561236252,-0.5506975926752348,0.8248127863787452,0.9770305464933031,0.9043257016980839,FUT9,1
GO:2000316,regulation of T-helper 17 type immune response,1/823,39/18860,0.02564102564102564,0.5875938561236252,-0.5506975926752348,0.8248127863787452,0.9770305464933031,0.9043257016980839,BRD4,1
GO:0042982,amyloid precursor protein metabolic process,3/823,102/18860,0.029411764705882353,0.674004717318276,-0.7051722782895755,0.8278651023833575,0.9788442898074532,0.9060044769432958,ITM2A/ABCA2/NECAB3,3
GO:0045638,negative regulation of myeloid cell differentiation,3/823,102/18860,0.029411764705882353,0.674004717318276,-0.7051722782895755,0.8278651023833575,0.9788442898074532,0.9060044769432958,LRRC17/CDK6/ZBTB16,3
GO:0051928,positive regulation of calcium ion transport,3/823,102/18860,0.029411764705882353,0.674004717318276,-0.7051722782895755,0.8278651023833575,0.9788442898074532,0.9060044769432958,PPP3CC/PLA2G1B/F2,3
GO:0071229,cellular response to acid chemical,3/823,102/18860,0.029411764705882353,0.674004717318276,-0.7051722782895755,0.8278651023833575,0.9788442898074532,0.9060044769432958,PDGFD/EGFR/SIX1,3
GO:0018105,peptidyl-serine phosphorylation,2/823,72/18860,0.027777777777777776,0.6365600108005941,-0.6599876039351628,0.8280407600017978,0.9788442898074532,0.9060044769432958,EGFR/ULK1,2
GO:0032890,regulation of organic acid transport,2/823,72/18860,0.027777777777777776,0.6365600108005941,-0.6599876039351628,0.8280407600017978,0.9788442898074532,0.9060044769432958,FABP3/EDN1,2
GO:0048002,antigen processing and presentation of peptide antigen,2/823,72/18860,0.027777777777777776,0.6365600108005941,-0.6599876039351628,0.8280407600017978,0.9788442898074532,0.9060044769432958,AZGP1/CTSF,2
GO:0050918,positive chemotaxis,2/823,72/18860,0.027777777777777776,0.6365600108005941,-0.6599876039351628,0.8280407600017978,0.9788442898074532,0.9060044769432958,VEGFB/CCL16,2
GO:0003382,epithelial cell morphogenesis,1/823,40/18860,0.025,0.5729040097205347,-0.5775941360751896,0.8324733292197364,0.9796381532370209,0.9067392657434751,AR,1
GO:0006766,vitamin metabolic process,1/823,40/18860,0.025,0.5729040097205347,-0.5775941360751896,0.8324733292197364,0.9796381532370209,0.9067392657434751,PLTP,1
GO:0010591,regulation of lamellipodium assembly,1/823,40/18860,0.025,0.5729040097205347,-0.5775941360751896,0.8324733292197364,0.9796381532370209,0.9067392657434751,HRG,1
GO:0010614,negative regulation of cardiac muscle hypertrophy,1/823,40/18860,0.025,0.5729040097205347,-0.5775941360751896,0.8324733292197364,0.9796381532370209,0.9067392657434751,GATA5,1
GO:0010742,macrophage derived foam cell differentiation,1/823,40/18860,0.025,0.5729040097205347,-0.5775941360751896,0.8324733292197364,0.9796381532370209,0.9067392657434751,ALOX15B,1
GO:0014912,negative regulation of smooth muscle cell migration,1/823,40/18860,0.025,0.5729040097205347,-0.5775941360751896,0.8324733292197364,0.9796381532370209,0.9067392657434751,IGFBP5,1
GO:0016242,negative regulation of macroautophagy,1/823,40/18860,0.025,0.5729040097205347,-0.5775941360751896,0.8324733292197364,0.9796381532370209,0.9067392657434751,NUPR1,1
GO:0031076,embryonic camera-type eye development,1/823,40/18860,0.025,0.5729040097205347,-0.5775941360751896,0.8324733292197364,0.9796381532370209,0.9067392657434751,NES,1
GO:0034110,regulation of homotypic cell-cell adhesion,1/823,40/18860,0.025,0.5729040097205347,-0.5775941360751896,0.8324733292197364,0.9796381532370209,0.9067392657434751,CELA2A,1
GO:0034143,regulation of toll-like receptor 4 signaling pathway,1/823,40/18860,0.025,0.5729040097205347,-0.5775941360751896,0.8324733292197364,0.9796381532370209,0.9067392657434751,RAB7B,1
GO:0034383,low-density lipoprotein particle clearance,1/823,40/18860,0.025,0.5729040097205347,-0.5775941360751896,0.8324733292197364,0.9796381532370209,0.9067392657434751,ABCC8,1
GO:0035640,exploration behavior,1/823,40/18860,0.025,0.5729040097205347,-0.5775941360751896,0.8324733292197364,0.9796381532370209,0.9067392657434751,GABRB3,1
GO:0042307,positive regulation of protein import into nucleus,1/823,40/18860,0.025,0.5729040097205347,-0.5775941360751896,0.8324733292197364,0.9796381532370209,0.9067392657434751,PRKD1,1
GO:0045124,regulation of bone resorption,1/823,40/18860,0.025,0.5729040097205347,-0.5775941360751896,0.8324733292197364,0.9796381532370209,0.9067392657434751,SLC4A2,1
GO:0055094,response to lipoprotein particle,1/823,40/18860,0.025,0.5729040097205347,-0.5775941360751896,0.8324733292197364,0.9796381532370209,0.9067392657434751,FUT1,1
GO:1904385,cellular response to angiotensin,1/823,40/18860,0.025,0.5729040097205347,-0.5775941360751896,0.8324733292197364,0.9796381532370209,0.9067392657434751,PRKD1,1
GO:0006096,glycolytic process,3/823,103/18860,0.02912621359223301,0.6674609821986811,-0.7228640523926438,0.8328072903011899,0.9796381532370209,0.9067392657434751,PRKAA2/NUPR1/PGAM2,3
GO:0071346,cellular response to type II interferon,3/823,103/18860,0.02912621359223301,0.6674609821986811,-0.7228640523926438,0.8328072903011899,0.9796381532370209,0.9067392657434751,AQP4/RAB7B/EDN1,3
GO:0002761,regulation of myeloid leukocyte differentiation,4/823,132/18860,0.030303030303030304,0.6944291026915571,-0.7525413184873515,0.8331700436522875,0.9796381532370209,0.9067392657434751,LRRC17/CDK6/KITLG/MITF,4
GO:0002824,positive regulation of adaptive immune response based on somatic recombination of immune receptors built from immunoglobulin superfamily domains,4/823,132/18860,0.030303030303030304,0.6944291026915571,-0.7525413184873515,0.8331700436522875,0.9796381532370209,0.9067392657434751,AZGP1/ADA/BRD4/SLC22A13,4
GO:1903322,positive regulation of protein modification by small protein conjugation or removal,4/823,132/18860,0.030303030303030304,0.6944291026915571,-0.7525413184873515,0.8331700436522875,0.9796381532370209,0.9067392657434751,PDCD6/RNF180/TSPYL5/FAM107A,4
GO:0006893,Golgi to plasma membrane transport,2/823,73/18860,0.0273972602739726,0.6278400106526406,-0.6805177982441905,0.8338138465627526,0.9798958242646049,0.9069777624144988,GGA2/RAB26,2
GO:0031343,positive regulation of cell killing,2/823,73/18860,0.0273972602739726,0.6278400106526406,-0.6805177982441905,0.8338138465627526,0.9798958242646049,0.9069777624144988,AZGP1/SLC22A13,2
GO:1901875,positive regulation of post-translational protein modification,4/823,133/18860,0.03007518796992481,0.6892078312427484,-0.7683142311559783,0.8374709873401531,0.9831744523141401,0.9100124143218978,PDCD6/RNF180/TSPYL5/FAM107A,4
GO:0042147,"retrograde transport, endosome to Golgi",3/823,104/18860,0.028846153846153848,0.6610430881390784,-0.7404029613639748,0.8376270072661368,0.9831744523141401,0.9100124143218978,TBC1D14/RAB7B/DENND5A,3
GO:0002711,positive regulation of T cell mediated immunity,2/823,74/18860,0.02702702702702703,0.6193556861843618,-0.7008016934935706,0.8394113245323374,0.9831744523141401,0.9100124143218978,AZGP1/SLC22A13,2
GO:0002820,negative regulation of adaptive immune response,2/823,74/18860,0.02702702702702703,0.6193556861843618,-0.7008016934935706,0.8394113245323374,0.9831744523141401,0.9100124143218978,SUSD4/IL33,2
GO:0010611,regulation of cardiac muscle hypertrophy,2/823,74/18860,0.02702702702702703,0.6193556861843618,-0.7008016934935706,0.8394113245323374,0.9831744523141401,0.9100124143218978,GATA5/EDN1,2
GO:0018209,peptidyl-serine modification,2/823,74/18860,0.02702702702702703,0.6193556861843618,-0.7008016934935706,0.8394113245323374,0.9831744523141401,0.9100124143218978,EGFR/ULK1,2
GO:1902475,L-alpha-amino acid transmembrane transport,2/823,74/18860,0.02702702702702703,0.6193556861843618,-0.7008016934935706,0.8394113245323374,0.9831744523141401,0.9100124143218978,SLC1A2/KCNJ10,2
GO:0002478,antigen processing and presentation of exogenous peptide antigen,1/823,41/18860,0.024390243902439025,0.5589307411907655,-0.6039173995066894,0.83979928299509,0.9831744523141401,0.9100124143218978,CTSF,1
GO:0003203,endocardial cushion morphogenesis,1/823,41/18860,0.024390243902439025,0.5589307411907655,-0.6039173995066894,0.83979928299509,0.9831744523141401,0.9100124143218978,GATA5,1
GO:0009167,purine ribonucleoside monophosphate metabolic process,1/823,41/18860,0.024390243902439025,0.5589307411907655,-0.6039173995066894,0.83979928299509,0.9831744523141401,0.9100124143218978,ADA,1
GO:0021799,cerebral cortex radially oriented cell migration,1/823,41/18860,0.024390243902439025,0.5589307411907655,-0.6039173995066894,0.83979928299509,0.9831744523141401,0.9100124143218978,ZMIZ1,1
GO:0062098,regulation of programmed necrotic cell death,1/823,41/18860,0.024390243902439025,0.5589307411907655,-0.6039173995066894,0.83979928299509,0.9831744523141401,0.9100124143218978,NUPR1,1
GO:0070979,protein K11-linked ubiquitination,1/823,41/18860,0.024390243902439025,0.5589307411907655,-0.6039173995066894,0.83979928299509,0.9831744523141401,0.9100124143218978,ASB11,1
GO:0090077,foam cell differentiation,1/823,41/18860,0.024390243902439025,0.5589307411907655,-0.6039173995066894,0.83979928299509,0.9831744523141401,0.9100124143218978,ALOX15B,1
GO:1905898,positive regulation of response to endoplasmic reticulum stress,1/823,41/18860,0.024390243902439025,0.5589307411907655,-0.6039173995066894,0.83979928299509,0.9831744523141401,0.9100124143218978,BCL2L11,1
GO:0031400,negative regulation of protein modification process,7/823,217/18860,0.03225806451612903,0.7392309802845608,-0.8252871000389536,0.8401703322666123,0.9832649949371919,0.9100962192975138,BEX2/PTPN13/PDCD4/BEX4/PRKAA2/BEX1/FBLN1,7
GO:0032006,regulation of TOR signaling,5/823,162/18860,0.030864197530864196,0.7072889008895489,-0.7992381672215985,0.8404097921629792,0.9832649949371919,0.9100962192975138,GPR155/PDCD6/PRKAA2/RNF152/PRKACB,5
GO:0070664,negative regulation of leukocyte proliferation,3/823,105/18860,0.02857142857142857,0.654747439680611,-0.7577921784831503,0.8423263819615348,0.9832649949371919,0.9100962192975138,IL33/SLC4A2/SFTPD,3
GO:1901992,positive regulation of mitotic cell cycle phase transition,3/823,105/18860,0.02857142857142857,0.654747439680611,-0.7577921784831503,0.8423263819615348,0.9832649949371919,0.9100962192975138,SMARCD3/EGFR/BRD4,3
GO:0016525,negative regulation of angiogenesis,5/823,163/18860,0.03067484662576687,0.7029497051785701,-0.8136074584233008,0.8442065968671683,0.9832649949371919,0.9100962192975138,PTPRM/GHRL/APOH/ABCC8/HRG,5
GO:0006414,translational elongation,2/823,75/18860,0.02666666666666667,0.6110976103685704,-0.7208464083735511,0.8448375040302918,0.9832649949371919,0.9100962192975138,EIF5A2/EEF1A2,2
GO:0045670,regulation of osteoclast differentiation,2/823,75/18860,0.02666666666666667,0.6110976103685704,-0.7208464083735511,0.8448375040302918,0.9832649949371919,0.9100962192975138,LRRC17/MITF,2
GO:0006479,protein methylation,1/823,42/18860,0.023809523809523808,0.5456228664005092,-0.6296967848102384,0.8468052445283829,0.9832649949371919,0.9100962192975138,SMYD2,1
GO:0006904,vesicle docking involved in exocytosis,1/823,42/18860,0.023809523809523808,0.5456228664005092,-0.6296967848102384,0.8468052445283829,0.9832649949371919,0.9100962192975138,RIMS3,1
GO:0007340,acrosome reaction,1/823,42/18860,0.023809523809523808,0.5456228664005092,-0.6296967848102384,0.8468052445283829,0.9832649949371919,0.9100962192975138,SPINK13,1
GO:0008213,protein alkylation,1/823,42/18860,0.023809523809523808,0.5456228664005092,-0.6296967848102384,0.8468052445283829,0.9832649949371919,0.9100962192975138,SMYD2,1
GO:0010762,regulation of fibroblast migration,1/823,42/18860,0.023809523809523808,0.5456228664005092,-0.6296967848102384,0.8468052445283829,0.9832649949371919,0.9100962192975138,WDPCP,1
GO:0033144,negative regulation of intracellular steroid hormone receptor signaling pathway,1/823,42/18860,0.023809523809523808,0.5456228664005092,-0.6296967848102384,0.8468052445283829,0.9832649949371919,0.9100962192975138,CYP7B1,1
GO:0040001,establishment of mitotic spindle localization,1/823,42/18860,0.023809523809523808,0.5456228664005092,-0.6296967848102384,0.8468052445283829,0.9832649949371919,0.9100962192975138,GPSM1,1
GO:0043903,regulation of biological process involved in symbiotic interaction,1/823,42/18860,0.023809523809523808,0.5456228664005092,-0.6296967848102384,0.8468052445283829,0.9832649949371919,0.9100962192975138,FBLN1,1
GO:0045023,G0 to G1 transition,1/823,42/18860,0.023809523809523808,0.5456228664005092,-0.6296967848102384,0.8468052445283829,0.9832649949371919,0.9100962192975138,SMARCD3,1
GO:0045429,positive regulation of nitric oxide biosynthetic process,1/823,42/18860,0.023809523809523808,0.5456228664005092,-0.6296967848102384,0.8468052445283829,0.9832649949371919,0.9100962192975138,EDN1,1
GO:0045616,regulation of keratinocyte differentiation,1/823,42/18860,0.023809523809523808,0.5456228664005092,-0.6296967848102384,0.8468052445283829,0.9832649949371919,0.9100962192975138,ALOX15B,1
GO:0045740,positive regulation of DNA replication,1/823,42/18860,0.023809523809523808,0.5456228664005092,-0.6296967848102384,0.8468052445283829,0.9832649949371919,0.9100962192975138,EGFR,1
GO:0045981,positive regulation of nucleotide metabolic process,1/823,42/18860,0.023809523809523808,0.5456228664005092,-0.6296967848102384,0.8468052445283829,0.9832649949371919,0.9100962192975138,PRKAA2,1
GO:0048536,spleen development,1/823,42/18860,0.023809523809523808,0.5456228664005092,-0.6296967848102384,0.8468052445283829,0.9832649949371919,0.9100962192975138,BCL2L11,1
GO:0051693,actin filament capping,1/823,42/18860,0.023809523809523808,0.5456228664005092,-0.6296967848102384,0.8468052445283829,0.9832649949371919,0.9100962192975138,LMOD2,1
GO:0060392,negative regulation of SMAD protein signal transduction,1/823,42/18860,0.023809523809523808,0.5456228664005092,-0.6296967848102384,0.8468052445283829,0.9832649949371919,0.9100962192975138,DKK1,1
GO:0097242,amyloid-beta clearance,1/823,42/18860,0.023809523809523808,0.5456228664005092,-0.6296967848102384,0.8468052445283829,0.9832649949371919,0.9100962192975138,IGF1R,1
GO:0099563,modification of synaptic structure,1/823,42/18860,0.023809523809523808,0.5456228664005092,-0.6296967848102384,0.8468052445283829,0.9832649949371919,0.9100962192975138,WASF3,1
GO:1900544,positive regulation of purine nucleotide metabolic process,1/823,42/18860,0.023809523809523808,0.5456228664005092,-0.6296967848102384,0.8468052445283829,0.9832649949371919,0.9100962192975138,PRKAA2,1
GO:1901223,negative regulation of non-canonical NF-kappaB signal transduction,1/823,42/18860,0.023809523809523808,0.5456228664005092,-0.6296967848102384,0.8468052445283829,0.9832649949371919,0.9100962192975138,C1QTNF3,1
GO:1903170,negative regulation of calcium ion transmembrane transport,1/823,42/18860,0.023809523809523808,0.5456228664005092,-0.6296967848102384,0.8468052445283829,0.9832649949371919,0.9100962192975138,PPP3CC,1
GO:0007162,negative regulation of cell adhesion,11/823,326/18860,0.03374233128834356,0.7732446756964271,-0.8821832532330872,0.8468832590641416,0.9832649949371919,0.9100962192975138,FZD4/SLC4A2/SFTPD/MUC21/FGL1/GCNT2/FBLN1/HRG/ARHGDIG/FAM107A/POSTN,11
GO:0006637,acyl-CoA metabolic process,3/823,106/18860,0.02830188679245283,0.6485705770421147,-0.7750347788213103,0.8469075525190332,0.9832649949371919,0.9100962192975138,SIRT4/ACAT1/ACSM2B,3
GO:0019364,pyridine nucleotide catabolic process,3/823,106/18860,0.02830188679245283,0.6485705770421147,-0.7750347788213103,0.8469075525190332,0.9832649949371919,0.9100962192975138,PRKAA2/NUPR1/PGAM2,3
GO:0035383,thioester metabolic process,3/823,106/18860,0.02830188679245283,0.6485705770421147,-0.7750347788213103,0.8469075525190332,0.9832649949371919,0.9100962192975138,SIRT4/ACAT1/ACSM2B,3
GO:0046032,ADP catabolic process,3/823,106/18860,0.02830188679245283,0.6485705770421147,-0.7750347788213103,0.8469075525190332,0.9832649949371919,0.9100962192975138,PRKAA2/NUPR1/PGAM2,3
GO:0030010,establishment of cell polarity,5/823,164/18860,0.03048780487804878,0.6986634264884569,-0.8278973932679469,0.8479286282908045,0.9839553984314968,0.9107352470399759,FGF13/GPSM1/WDPCP/PTK7/KCNJ8,5
GO:0045727,positive regulation of translation,5/823,164/18860,0.03048780487804878,0.6986634264884569,-0.8278973932679469,0.8479286282908045,0.9839553984314968,0.9107352470399759,GPR155/EIF5A2/PRKAA2/RNF152/CIRBP,5
GO:0042325,regulation of phosphorylation,15/823,431/18860,0.03480278422273782,0.7975461852258022,-0.9082194739021741,0.8488501409442086,0.9847315951742387,0.911453683803857,VEGFB/ERBB4/EGFR/TPD52L1/CTF1/PTPN13/PDCD4/TRIB2/MT3/KIT/EEF1A2/ODAM/FAM20A/FBLN1/HRG,15
GO:1901873,regulation of post-translational protein modification,8/823,247/18860,0.032388663967611336,0.7422238182614214,-0.8710842666589679,0.8494864658483794,0.9847315951742387,0.911453683803857,PDCD6/BEX2/RNF180/BEX4/BEX1/ABCA2/TSPYL5/FAM107A,8
GO:0032612,interleukin-1 production,4/823,136/18860,0.029411764705882353,0.674004717318276,-0.8150017641813514,0.8498199278570052,0.9847315951742387,0.911453683803857,GHRL/ORM2/ORM1/S1PR3,4
GO:0032652,regulation of interleukin-1 production,4/823,136/18860,0.029411764705882353,0.674004717318276,-0.8150017641813514,0.8498199278570052,0.9847315951742387,0.911453683803857,GHRL/ORM2/ORM1/S1PR3,4
GO:0051966,"regulation of synaptic transmission, glutamatergic",2/823,76/18860,0.02631578947368421,0.6030568523374048,-0.7406587549888299,0.8500966538965548,0.9847315951742387,0.911453683803857,HOMER2/DKK1,2
GO:0002312,B cell activation involved in immune response,3/823,107/18860,0.028037383177570093,0.6425091697800388,-0.7921337432211385,0.8513726633233367,0.9847315951742387,0.911453683803857,ST3GAL1/ITM2A/ADA,3
GO:2000181,negative regulation of blood vessel morphogenesis,5/823,165/18860,0.030303030303030304,0.6944291026915571,-0.8421090255964965,0.851576790450441,0.9847315951742387,0.911453683803857,PTPRM/GHRL/APOH/ABCC8/HRG,5
GO:1903050,regulation of proteolysis involved in protein catabolic process,8/823,248/18860,0.03225806451612903,0.7392309802845608,-0.8830034656208193,0.8524885334192016,0.9847315951742387,0.911453683803857,KCNE2/RNF180/ALAD/IL33/TGFB1I1/NUPR1/TRIB2/TF,8
GO:0000266,mitochondrial fission,1/823,43/18860,0.023255813953488372,0.5329339625307299,-0.654959460178747,0.853505174582222,0.9847315951742387,0.911453683803857,BNIP3,1
GO:0000578,embryonic axis specification,1/823,43/18860,0.023255813953488372,0.5329339625307299,-0.654959460178747,0.853505174582222,0.9847315951742387,0.911453683803857,PLD6,1
GO:0001709,cell fate determination,1/823,43/18860,0.023255813953488372,0.5329339625307299,-0.654959460178747,0.853505174582222,0.9847315951742387,0.911453683803857,GATA6,1
GO:0006346,DNA methylation-dependent constitutive heterochromatin formation,1/823,43/18860,0.023255813953488372,0.5329339625307299,-0.654959460178747,0.853505174582222,0.9847315951742387,0.911453683803857,TDRD9,1
GO:0007143,female meiotic nuclear division,1/823,43/18860,0.023255813953488372,0.5329339625307299,-0.654959460178747,0.853505174582222,0.9847315951742387,0.911453683803857,SYCP2,1
GO:0009124,nucleoside monophosphate biosynthetic process,1/823,43/18860,0.023255813953488372,0.5329339625307299,-0.654959460178747,0.853505174582222,0.9847315951742387,0.911453683803857,ADA,1
GO:0009303,rRNA transcription,1/823,43/18860,0.023255813953488372,0.5329339625307299,-0.654959460178747,0.853505174582222,0.9847315951742387,0.911453683803857,TCOF1,1
GO:0010526,transposable element silencing,1/823,43/18860,0.023255813953488372,0.5329339625307299,-0.654959460178747,0.853505174582222,0.9847315951742387,0.911453683803857,TDRD9,1
GO:0014044,Schwann cell development,1/823,43/18860,0.023255813953488372,0.5329339625307299,-0.654959460178747,0.853505174582222,0.9847315951742387,0.911453683803857,LAMB2,1
GO:0021983,pituitary gland development,1/823,43/18860,0.023255813953488372,0.5329339625307299,-0.654959460178747,0.853505174582222,0.9847315951742387,0.911453683803857,SOX2,1
GO:0033280,response to vitamin D,1/823,43/18860,0.023255813953488372,0.5329339625307299,-0.654959460178747,0.853505174582222,0.9847315951742387,0.911453683803857,KL,1
GO:0045066,regulatory T cell differentiation,1/823,43/18860,0.023255813953488372,0.5329339625307299,-0.654959460178747,0.853505174582222,0.9847315951742387,0.911453683803857,TOX,1
GO:0045687,positive regulation of glial cell differentiation,1/823,43/18860,0.023255813953488372,0.5329339625307299,-0.654959460178747,0.853505174582222,0.9847315951742387,0.911453683803857,PTPRZ1,1
GO:1901861,regulation of muscle tissue development,1/823,43/18860,0.023255813953488372,0.5329339625307299,-0.654959460178747,0.853505174582222,0.9847315951742387,0.911453683803857,IGFBP5,1
GO:1902742,apoptotic process involved in development,1/823,43/18860,0.023255813953488372,0.5329339625307299,-0.654959460178747,0.853505174582222,0.9847315951742387,0.911453683803857,BCL2L11,1
GO:0032732,positive regulation of interleukin-1 production,2/823,77/18860,0.025974025974025976,0.5952249451641919,-0.7602452561060434,0.8551929970876567,0.9853525632611487,0.9120284431119897,ORM2/ORM1,2
GO:0046626,regulation of insulin receptor signaling pathway,2/823,77/18860,0.025974025974025976,0.5952249451641919,-0.7602452561060434,0.8551929970876567,0.9853525632611487,0.9120284431119897,SORBS1/FFAR3,2
GO:1902017,regulation of cilium assembly,2/823,77/18860,0.025974025974025976,0.5952249451641919,-0.7602452561060434,0.8551929970876567,0.9853525632611487,0.9120284431119897,WDPCP/DCDC2,2
GO:0010507,negative regulation of autophagy,3/823,108/18860,0.027777777777777776,0.6365600108005941,-0.8090919620788833,0.855723862003793,0.9853525632611487,0.9120284431119897,TBC1D14/LEPR/NUPR1,3
GO:0042102,positive regulation of T cell proliferation,3/823,108/18860,0.027777777777777776,0.6365600108005941,-0.8090919620788833,0.855723862003793,0.9853525632611487,0.9120284431119897,IGFBP2/CD3E/KITLG,3
GO:0050764,regulation of phagocytosis,3/823,108/18860,0.027777777777777776,0.6365600108005941,-0.8090919620788833,0.855723862003793,0.9853525632611487,0.9120284431119897,RAP1GAP/SFTPD/PRTN3,3
GO:0015980,energy derivation by oxidation of organic compounds,15/823,434/18860,0.03456221198156682,0.7920331931620295,-0.9362685820325887,0.8557514785591948,0.9853525632611487,0.9120284431119897,ADHFE1/GABARAPL1/LEPR/PRKAA2/PPP1R3C/SIRT4/GNMT/NUPR1/KL/MT3/NNT/PPARGC1A/SORBS1/IDH2/PGAM2,15
GO:0050911,detection of chemical stimulus involved in sensory perception of smell,15/823,434/18860,0.03456221198156682,0.7920331931620295,-0.9362685820325887,0.8557514785591948,0.9853525632611487,0.9120284431119897,OR52K2/OR51I1/OR2A25/OR3A3/OR4D11/OR12D2/OR10G4/OR6A2/OR4N4/OR7A17/OR4D10/OR1J4/OR56B1/OR52I2/OR5L2,15
GO:0002821,positive regulation of adaptive immune response,4/823,138/18860,0.028985507246376812,0.6642365330093155,-0.8456174931830608,0.8576041403189776,0.9864570603229691,0.913050750023518,AZGP1/ADA/BRD4/SLC22A13,4
GO:1901343,negative regulation of vasculature development,5/823,167/18860,0.029940119760479042,0.6861125864916583,-0.8703014942822147,0.8586551797612121,0.9864570603229691,0.913050750023518,PTPRM/GHRL/APOH/ABCC8/HRG,5
GO:0009126,purine nucleoside monophosphate metabolic process,1/823,44/18860,0.022727272727272728,0.5208218270186679,-0.6797305799901966,0.8599124255424617,0.9864570603229691,0.913050750023518,ADA,1
GO:0032509,endosome transport via multivesicular body sorting pathway,1/823,44/18860,0.022727272727272728,0.5208218270186679,-0.6797305799901966,0.8599124255424617,0.9864570603229691,0.913050750023518,VPS37D,1
GO:0032689,negative regulation of type II interferon production,1/823,44/18860,0.022727272727272728,0.5208218270186679,-0.6797305799901966,0.8599124255424617,0.9864570603229691,0.913050750023518,IL33,1
GO:0045454,cell redox homeostasis,1/823,44/18860,0.022727272727272728,0.5208218270186679,-0.6797305799901966,0.8599124255424617,0.9864570603229691,0.913050750023518,NNT,1
GO:0071548,response to dexamethasone,1/823,44/18860,0.022727272727272728,0.5208218270186679,-0.6797305799901966,0.8599124255424617,0.9864570603229691,0.913050750023518,EDN1,1
GO:1900744,regulation of p38MAPK cascade,1/823,44/18860,0.022727272727272728,0.5208218270186679,-0.6797305799901966,0.8599124255424617,0.9864570603229691,0.913050750023518,GADD45B,1
GO:0009137,purine nucleoside diphosphate catabolic process,3/823,109/18860,0.027522935779816515,0.6307200107015061,-0.8259122389400454,0.8599632966058369,0.9864570603229691,0.913050750023518,PRKAA2/NUPR1/PGAM2,3
GO:0009181,purine ribonucleoside diphosphate catabolic process,3/823,109/18860,0.027522935779816515,0.6307200107015061,-0.8259122389400454,0.8599632966058369,0.9864570603229691,0.913050750023518,PRKAA2/NUPR1/PGAM2,3
GO:0010389,regulation of G2/M transition of mitotic cell cycle,3/823,109/18860,0.027522935779816515,0.6307200107015061,-0.8259122389400454,0.8599632966058369,0.9864570603229691,0.913050750023518,SMARCD3/CDK6/BRD4,3
GO:0051098,regulation of binding,3/823,109/18860,0.027522935779816515,0.6307200107015061,-0.8259122389400454,0.8599632966058369,0.9864570603229691,0.913050750023518,GPSM1/GREM2/NES,3
GO:0072526,pyridine-containing compound catabolic process,3/823,109/18860,0.027522935779816515,0.6307200107015061,-0.8259122389400454,0.8599632966058369,0.9864570603229691,0.913050750023518,PRKAA2/NUPR1/PGAM2,3
GO:0009123,nucleoside monophosphate metabolic process,2/823,78/18860,0.02564102564102564,0.5875938561236252,-0.7796121612139588,0.8601307065524654,0.9864570603229691,0.913050750023518,ADA/NT5M,2
GO:0048255,mRNA stabilization,2/823,78/18860,0.02564102564102564,0.5875938561236252,-0.7796121612139588,0.8601307065524654,0.9864570603229691,0.913050750023518,CIRBP/ZAR1,2
GO:0050853,B cell receptor signaling pathway,2/823,78/18860,0.02564102564102564,0.5875938561236252,-0.7796121612139588,0.8601307065524654,0.9864570603229691,0.913050750023518,NFATC2/VAV3,2
GO:0006909,phagocytosis,8/823,251/18860,0.03187250996015936,0.730395550241319,-0.91850070475731,0.8612079664527751,0.9868576614452784,0.9134215407754895,RAP1GAP/LEPR/SFTPD/COLEC12/PLA2G6/RAB7B/VAV3/PRTN3,8
GO:0032434,regulation of proteasomal ubiquitin-dependent protein catabolic process,4/823,139/18860,0.02877697841726619,0.6594578529157233,-0.8607773755689492,0.8613657270364861,0.9868576614452784,0.9134215407754895,RNF180/IL33/TRIB2/TF,4
GO:0039531,regulation of cytoplasmic pattern recognition receptor signaling pathway,4/823,139/18860,0.02877697841726619,0.6594578529157233,-0.8607773755689492,0.8613657270364861,0.9868576614452784,0.9134215407754895,LAMP2/PTPRS/PRKD1/RAB7B,4
GO:1901293,nucleoside phosphate biosynthetic process,11/823,332/18860,0.03313253012048193,0.7592703743284195,-0.9452820400627512,0.8623797656576825,0.9868576614452784,0.9134215407754895,PAPSS1/NME9/NME3/SIRT4/NPR3/ACAT1/ADA/ADCY1/PMM1/IDH2/SLC22A13,11
GO:0032386,regulation of intracellular transport,9/823,279/18860,0.03225806451612903,0.7392309802845608,-0.9373475521816583,0.8636978690514536,0.9868576614452784,0.9134215407754895,MYBPC3/REEP5/ZDHHC2/PRKD1/ABCA2/CWH43/GAS1/INSIG1/CABP1,9
GO:0043254,regulation of protein-containing complex assembly,15/823,438/18860,0.03424657534246575,0.7848000133158008,-0.9733925133033793,0.8645727899329629,0.9868576614452784,0.9134215407754895,DNAJC6/LAMP2/NPHS1/CYFIP2/HIP1R/PAK3/ULK1/DAAM2/EVL/PRKD1/BCL2L11/KANK4/LMOD2/HRG/DKK1,15
GO:0007338,single fertilization,6/823,197/18860,0.030456852791878174,0.6979541235174026,-0.9103164513146091,0.8646156568307265,0.9868576614452784,0.9134215407754895,FOLR1/SERPINA5/AR/FOLR3/NLRP5/SPINK13,6
GO:0032371,regulation of sterol transport,2/823,79/18860,0.02531645569620253,0.580155959210668,-0.7987654614924974,0.8649139015543109,0.9868576614452784,0.9134215407754895,ABCA2/PLTP,2
GO:0032374,regulation of cholesterol transport,2/823,79/18860,0.02531645569620253,0.580155959210668,-0.7987654614924974,0.8649139015543109,0.9868576614452784,0.9134215407754895,ABCA2/PLTP,2
GO:0042130,negative regulation of T cell proliferation,2/823,79/18860,0.02531645569620253,0.580155959210668,-0.7987654614924974,0.8649139015543109,0.9868576614452784,0.9134215407754895,SLC4A2/SFTPD,2
GO:0050766,positive regulation of phagocytosis,2/823,79/18860,0.02531645569620253,0.580155959210668,-0.7987654614924974,0.8649139015543109,0.9868576614452784,0.9134215407754895,RAP1GAP/SFTPD,2
GO:0061512,protein localization to cilium,2/823,79/18860,0.02531645569620253,0.580155959210668,-0.7987654614924974,0.8649139015543109,0.9868576614452784,0.9134215407754895,TCTN2/MICALL1,2
GO:1903578,regulation of ATP metabolic process,2/823,79/18860,0.02531645569620253,0.580155959210668,-0.7987654614924974,0.8649139015543109,0.9868576614452784,0.9134215407754895,PRKAA2/NUPR1,2
GO:0032088,negative regulation of NF-kappaB transcription factor activity,1/823,45/18860,0.022222222222222223,0.5092480086404753,-0.7040334783962413,0.86603976789889,0.9868576614452784,0.9134215407754895,NWD1,1
GO:0032197,retrotransposition,1/823,45/18860,0.022222222222222223,0.5092480086404753,-0.7040334783962413,0.86603976789889,0.9868576614452784,0.9134215407754895,TDRD9,1
GO:0032691,negative regulation of interleukin-1 beta production,1/823,45/18860,0.022222222222222223,0.5092480086404753,-0.7040334783962413,0.86603976789889,0.9868576614452784,0.9134215407754895,GHRL,1
GO:0032814,regulation of natural killer cell activation,1/823,45/18860,0.022222222222222223,0.5092480086404753,-0.7040334783962413,0.86603976789889,0.9868576614452784,0.9134215407754895,TOX,1
GO:0034405,response to fluid shear stress,1/823,45/18860,0.022222222222222223,0.5092480086404753,-0.7040334783962413,0.86603976789889,0.9868576614452784,0.9134215407754895,PRKACB,1
GO:0035337,fatty-acyl-CoA metabolic process,1/823,45/18860,0.022222222222222223,0.5092480086404753,-0.7040334783962413,0.86603976789889,0.9868576614452784,0.9134215407754895,ACAT1,1
GO:0042092,type 2 immune response,1/823,45/18860,0.022222222222222223,0.5092480086404753,-0.7040334783962413,0.86603976789889,0.9868576614452784,0.9134215407754895,IL33,1
GO:0044060,regulation of endocrine process,1/823,45/18860,0.022222222222222223,0.5092480086404753,-0.7040334783962413,0.86603976789889,0.9868576614452784,0.9134215407754895,GHRL,1
GO:0050892,intestinal absorption,1/823,45/18860,0.022222222222222223,0.5092480086404753,-0.7040334783962413,0.86603976789889,0.9868576614452784,0.9134215407754895,KCNQ1,1
GO:0090051,negative regulation of cell migration involved in sprouting angiogenesis,1/823,45/18860,0.022222222222222223,0.5092480086404753,-0.7040334783962413,0.86603976789889,0.9868576614452784,0.9134215407754895,HDAC5,1
GO:0090148,membrane fission,1/823,45/18860,0.022222222222222223,0.5092480086404753,-0.7040334783962413,0.86603976789889,0.9868576614452784,0.9134215407754895,VPS37D,1
GO:1901797,negative regulation of signal transduction by p53 class mediator,1/823,45/18860,0.022222222222222223,0.5092480086404753,-0.7040334783962413,0.86603976789889,0.9868576614452784,0.9134215407754895,MORN3,1
GO:1902622,regulation of neutrophil migration,1/823,45/18860,0.022222222222222223,0.5092480086404753,-0.7040334783962413,0.86603976789889,0.9868576614452784,0.9134215407754895,EDN1,1
GO:0045639,positive regulation of myeloid cell differentiation,3/823,111/18860,0.02702702702702703,0.6193556861843618,-0.8591497669565762,0.8681154520696552,0.9887346523448812,0.9151588570942644,GLUL/KITLG/RAB7B,3
GO:0070936,protein K48-linked ubiquitination,3/823,111/18860,0.02702702702702703,0.6193556861843618,-0.8591497669565762,0.8681154520696552,0.9887346523448812,0.9151588570942644,NEDD4L/RNF152/KLHL3,3
GO:0043467,regulation of generation of precursor metabolites and energy,4/823,141/18860,0.028368794326241134,0.650103840817628,-0.8908088123514578,0.8686346126863156,0.988930577564467,0.9153402027157683,PRKAA2/PPP1R3C/NUPR1/SORBS1,4
GO:0050670,regulation of lymphocyte proliferation,8/823,254/18860,0.031496062992125984,0.7217688311439806,-0.953615333145108,0.8695063605964285,0.988930577564467,0.9153402027157683,IGFBP2/NFATC2/CD3E/SLC4A2/SFTPD/KITLG/ADA/VAV3,8
GO:0006809,nitric oxide biosynthetic process,2/823,80/18860,0.025,0.5729040097205347,-0.8177109037778064,0.869546644408463,0.988930577564467,0.9153402027157683,RORA/EDN1,2
GO:0042440,pigment metabolic process,2/823,80/18860,0.025,0.5729040097205347,-0.8177109037778064,0.869546644408463,0.988930577564467,0.9153402027157683,HMOX2/ALAD,2
GO:0051092,positive regulation of NF-kappaB transcription factor activity,2/823,80/18860,0.025,0.5729040097205347,-0.8177109037778064,0.869546644408463,0.988930577564467,0.9153402027157683,PRKD1/RAB7B,2
GO:0045619,regulation of lymphocyte differentiation,7/823,227/18860,0.030837004405286344,0.7066657388623335,-0.9497546377235205,0.8709728141210973,0.988930577564467,0.9153402027157683,SMARCD3/ZMIZ1/SLC4A2/ADA/TOX/ZBTB16/BRD4,7
GO:0045637,regulation of myeloid cell differentiation,7/823,227/18860,0.030837004405286344,0.7066657388623335,-0.9497546377235205,0.8709728141210973,0.988930577564467,0.9153402027157683,GLUL/LRRC17/CDK6/KITLG/RAB7B/MITF/ZBTB16,7
GO:0007099,centriole replication,1/823,46/18860,0.021739130434782608,0.49817739975698666,-0.727889840319381,0.8718994155746388,0.988930577564467,0.9153402027157683,WDR90,1
GO:0007157,heterophilic cell-cell adhesion via plasma membrane cell adhesion molecules,1/823,46/18860,0.021739130434782608,0.49817739975698666,-0.727889840319381,0.8718994155746388,0.988930577564467,0.9153402027157683,CDH2,1
GO:0046006,regulation of activated T cell proliferation,1/823,46/18860,0.021739130434782608,0.49817739975698666,-0.727889840319381,0.8718994155746388,0.988930577564467,0.9153402027157683,IGFBP2,1
GO:0071354,cellular response to interleukin-6,1/823,46/18860,0.021739130434782608,0.49817739975698666,-0.727889840319381,0.8718994155746388,0.988930577564467,0.9153402027157683,ST3GAL6,1
GO:0099054,presynapse assembly,1/823,46/18860,0.021739130434782608,0.49817739975698666,-0.727889840319381,0.8718994155746388,0.988930577564467,0.9153402027157683,DKK1,1
GO:0009191,ribonucleoside diphosphate catabolic process,3/823,112/18860,0.026785714285714284,0.6138257247005727,-0.875572220913299,0.8720324480271107,0.988930577564467,0.9153402027157683,PRKAA2/NUPR1/PGAM2,3
GO:0031341,regulation of cell killing,3/823,112/18860,0.026785714285714284,0.6138257247005727,-0.875572220913299,0.8720324480271107,0.988930577564467,0.9153402027157683,AZGP1/SLC22A13/DNASE1,3
GO:0046031,ADP metabolic process,3/823,112/18860,0.026785714285714284,0.6138257247005727,-0.875572220913299,0.8720324480271107,0.988930577564467,0.9153402027157683,PRKAA2/NUPR1/PGAM2,3
GO:1903312,negative regulation of mRNA metabolic process,3/823,112/18860,0.026785714285714284,0.6138257247005727,-0.875572220913299,0.8720324480271107,0.988930577564467,0.9153402027157683,CELF4/CIRBP/ZAR1,3
GO:0007498,mesoderm development,4/823,142/18860,0.028169014084507043,0.6455256447555321,-0.9056833153845276,0.8721446263677964,0.988930577564467,0.9153402027157683,ACVR2B/IRX3/DAND5/DKK1,4
GO:0016482,cytosolic transport,4/823,142/18860,0.028169014084507043,0.6455256447555321,-0.9056833153845276,0.8721446263677964,0.988930577564467,0.9153402027157683,TBC1D14/RAB7B/DENND5A/KIF1A,4
GO:0032720,negative regulation of tumor necrosis factor production,2/823,81/18860,0.024691358024691357,0.5658311207116391,-0.836454003602606,0.8740329376057894,0.9905849722619642,0.9168714871275704,GHRL/ORM1,2
GO:1900076,regulation of cellular response to insulin stimulus,2/823,81/18860,0.024691358024691357,0.5658311207116391,-0.836454003602606,0.8740329376057894,0.9905849722619642,0.9168714871275704,ECHDC3/SORBS1,2
GO:0009150,purine ribonucleotide metabolic process,12/823,364/18860,0.03296703296703297,0.7554778150160896,-1.0062529035771326,0.8751103525249725,0.9913528950947795,0.9175822656770519,PAPSS1/PDE8B/NME9/NME3/PRKAA2/NPR3/NUPR1/SULT2A1/ADA/ADCY1/RORA/PGAM2,12
GO:0048593,camera-type eye morphogenesis,4/823,143/18860,0.027972027972027972,0.6410114794075912,-0.9204655842882494,0.8755735015680021,0.9913528950947795,0.9175822656770519,PTPRM/PTF1A/TFAP2B/ATP8A2,4
GO:0010830,regulation of myotube differentiation,1/823,47/18860,0.02127659574468085,0.48757788061322094,-0.7513198529342833,0.8775030501543173,0.9913528950947795,0.9175822656770519,HDAC5,1
GO:0021517,ventral spinal cord development,1/823,47/18860,0.02127659574468085,0.48757788061322094,-0.7513198529342833,0.8775030501543173,0.9913528950947795,0.9175822656770519,LONRF2,1
GO:0030835,negative regulation of actin filament depolymerization,1/823,47/18860,0.02127659574468085,0.48757788061322094,-0.7513198529342833,0.8775030501543173,0.9913528950947795,0.9175822656770519,LMOD2,1
GO:0032196,transposition,1/823,47/18860,0.02127659574468085,0.48757788061322094,-0.7513198529342833,0.8775030501543173,0.9913528950947795,0.9175822656770519,TDRD9,1
GO:0043330,response to exogenous dsRNA,1/823,47/18860,0.02127659574468085,0.48757788061322094,-0.7513198529342833,0.8775030501543173,0.9913528950947795,0.9175822656770519,KCNJ8,1
GO:0043457,regulation of cellular respiration,1/823,47/18860,0.02127659574468085,0.48757788061322094,-0.7513198529342833,0.8775030501543173,0.9913528950947795,0.9175822656770519,NUPR1,1
GO:0045840,positive regulation of mitotic nuclear division,1/823,47/18860,0.02127659574468085,0.48757788061322094,-0.7513198529342833,0.8775030501543173,0.9913528950947795,0.9175822656770519,EDN1,1
GO:0051294,establishment of spindle orientation,1/823,47/18860,0.02127659574468085,0.48757788061322094,-0.7513198529342833,0.8775030501543173,0.9913528950947795,0.9175822656770519,GPSM1,1
GO:0060563,neuroepithelial cell differentiation,1/823,47/18860,0.02127659574468085,0.48757788061322094,-0.7513198529342833,0.8775030501543173,0.9913528950947795,0.9175822656770519,CDH2,1
GO:0071402,cellular response to lipoprotein particle stimulus,1/823,47/18860,0.02127659574468085,0.48757788061322094,-0.7513198529342833,0.8775030501543173,0.9913528950947795,0.9175822656770519,FUT1,1
GO:0120178,steroid hormone biosynthetic process,1/823,47/18860,0.02127659574468085,0.48757788061322094,-0.7513198529342833,0.8775030501543173,0.9913528950947795,0.9175822656770519,ADM,1
GO:1902807,negative regulation of cell cycle G1/S phase transition,2/823,82/18860,0.024390243902439025,0.5589307411907655,-0.8550000573838876,0.8783767212951796,0.9920970555010412,0.9182710500594686,SOX2/FAM107A,2
GO:0001933,negative regulation of protein phosphorylation,3/823,114/18860,0.02631578947368421,0.6030568523374048,-0.9080369552212203,0.8795588982802839,0.9929462611456729,0.9190570628338119,PTPN13/PDCD4/FBLN1,3
GO:0009134,nucleoside diphosphate catabolic process,3/823,114/18860,0.02631578947368421,0.6030568523374048,-0.9080369552212203,0.8795588982802839,0.9929462611456729,0.9190570628338119,PRKAA2/NUPR1/PGAM2,3
GO:0032944,regulation of mononuclear cell proliferation,8/823,258/18860,0.031007751937984496,0.7105786167076399,-0.9998566584426121,0.8799369678228455,0.9931301312062686,0.9192272503700832,IGFBP2/NFATC2/CD3E/SLC4A2/SFTPD/KITLG/ADA/VAV3,8
GO:0140694,membraneless organelle assembly,15/823,446/18860,0.033632286995515695,0.7707228830321095,-1.0467215540782135,0.8809490812749639,0.994000344067056,0.9200327071275847,MYBPC3/OBSL1/AR/PRKAA2/PRKD1/NIP7/NRAP/WDR90/NEBL/CSRP2/SIX4/CIRBP/LMOD2/EDN1/ZAR1,15
GO:0043537,negative regulation of blood vessel endothelial cell migration,2/823,83/18860,0.024096385542168676,0.5521966358752142,-0.8733541538235919,0.882581871098963,0.994000344067056,0.9200327071275847,HDAC5/HRG,2
GO:1903556,negative regulation of tumor necrosis factor superfamily cytokine production,2/823,83/18860,0.024096385542168676,0.5521966358752142,-0.8733541538235919,0.882581871098963,0.994000344067056,0.9200327071275847,GHRL/ORM1,2
GO:0007020,microtubule nucleation,1/823,48/18860,0.020833333333333332,0.4774200081004455,-0.774342340233276,0.8828618440586917,0.994000344067056,0.9200327071275847,NIN,1
GO:0016339,calcium-dependent cell-cell adhesion via plasma membrane cell adhesion molecules,1/823,48/18860,0.020833333333333332,0.4774200081004455,-0.774342340233276,0.8828618440586917,0.994000344067056,0.9200327071275847,CDH2,1
GO:0042771,intrinsic apoptotic signaling pathway in response to DNA damage by p53 class mediator,1/823,48/18860,0.020833333333333332,0.4774200081004455,-0.774342340233276,0.8828618440586917,0.994000344067056,0.9200327071275847,NUPR1,1
GO:0048247,lymphocyte chemotaxis,1/823,48/18860,0.020833333333333332,0.4774200081004455,-0.774342340233276,0.8828618440586917,0.994000344067056,0.9200327071275847,CYP7B1,1
GO:0061383,trabecula morphogenesis,1/823,48/18860,0.020833333333333332,0.4774200081004455,-0.774342340233276,0.8828618440586917,0.994000344067056,0.9200327071275847,CHAD,1
GO:1900181,negative regulation of protein localization to nucleus,1/823,48/18860,0.020833333333333332,0.4774200081004455,-0.774342340233276,0.8828618440586917,0.994000344067056,0.9200327071275847,CABP1,1
GO:1901976,regulation of cell cycle checkpoint,1/823,48/18860,0.020833333333333332,0.4774200081004455,-0.774342340233276,0.8828618440586917,0.994000344067056,0.9200327071275847,BRD4,1
GO:0042116,macrophage activation,3/823,115/18860,0.02608695652173913,0.5978128797083839,-0.9240840017906481,0.8831725664586548,0.9941076571235833,0.9201320345800312,IL33/RORA/KCNJ8,3
GO:0002702,positive regulation of production of molecular mediator of immune response,4/823,146/18860,0.0273972602739726,0.6278400106526406,-0.9642727438536254,0.8853869117430826,0.9963571318445077,0.9222141166733221,IL33/KIT/PGC/FFAR3,4
GO:0070373,negative regulation of ERK1 and ERK2 cascade,2/823,84/18860,0.023809523809523808,0.5456228664005092,-0.8915211845821129,0.8866521962371179,0.996367035670879,0.9222232835154078,DUSP26/FBLN1,2
GO:1902105,regulation of leukocyte differentiation,11/823,343/18860,0.03206997084548105,0.7349205955598694,-1.0583146990678631,0.8875399369158858,0.996367035670879,0.9222232835154078,SMARCD3/ZMIZ1/LRRC17/CDK6/SLC4A2/KITLG/ADA/MITF/TOX/ZBTB16/BRD4,11
GO:0002861,regulation of inflammatory response to antigenic stimulus,1/823,49/18860,0.02040816326530612,0.4676767426290078,-0.7969748828823938,0.887986482711663,0.996367035670879,0.9222232835154078,NPY,1
GO:0006376,mRNA splice site recognition,1/823,49/18860,0.02040816326530612,0.4676767426290078,-0.7969748828823938,0.887986482711663,0.996367035670879,0.9222232835154078,CELF4,1
GO:0010883,regulation of lipid storage,1/823,49/18860,0.02040816326530612,0.4676767426290078,-0.7969748828823938,0.887986482711663,0.996367035670879,0.9222232835154078,PLIN5,1
GO:0035094,response to nicotine,1/823,49/18860,0.02040816326530612,0.4676767426290078,-0.7969748828823938,0.887986482711663,0.996367035670879,0.9222232835154078,EDN1,1
GO:0047496,vesicle transport along microtubule,1/823,49/18860,0.02040816326530612,0.4676767426290078,-0.7969748828823938,0.887986482711663,0.996367035670879,0.9222232835154078,KIF1A,1
GO:0050798,activated T cell proliferation,1/823,49/18860,0.02040816326530612,0.4676767426290078,-0.7969748828823938,0.887986482711663,0.996367035670879,0.9222232835154078,IGFBP2,1
GO:0051099,positive regulation of binding,1/823,49/18860,0.02040816326530612,0.4676767426290078,-0.7969748828823938,0.887986482711663,0.996367035670879,0.9222232835154078,GPSM1,1
GO:0060711,labyrinthine layer development,1/823,49/18860,0.02040816326530612,0.4676767426290078,-0.7969748828823938,0.887986482711663,0.996367035670879,0.9222232835154078,ADM,1
GO:0090279,regulation of calcium ion import,1/823,49/18860,0.02040816326530612,0.4676767426290078,-0.7969748828823938,0.887986482711663,0.996367035670879,0.9222232835154078,PPP3CC,1
GO:1903307,positive regulation of regulated secretory pathway,1/823,49/18860,0.02040816326530612,0.4676767426290078,-0.7969748828823938,0.887986482711663,0.996367035670879,0.9222232835154078,SCAMP5,1
GO:0032635,interleukin-6 production,5/823,177/18860,0.02824858757062147,0.6473491635260278,-1.0068976791111435,0.8899344557059359,0.9980674393883097,0.9237971532275215,GHRL/IL33/ORM1/C1QTNF3/RAB7B,5
GO:0032675,regulation of interleukin-6 production,5/823,177/18860,0.02824858757062147,0.6473491635260278,-1.0068976791111435,0.8899344557059359,0.9980674393883097,0.9237971532275215,GHRL/IL33/ORM1/C1QTNF3/RAB7B,5
GO:0019233,sensory perception of pain,2/823,85/18860,0.023529411764705882,0.5392037738546208,-0.909505854279258,0.8905914379375378,0.998467255198782,0.9241672171059264,TAC4/NDN,2
GO:2000058,regulation of ubiquitin-dependent protein catabolic process,5/823,178/18860,0.028089887640449437,0.6437123704725108,-1.020178475485354,0.8927083588457501,0.998467255198782,0.9241672171059264,RNF180/IL33/TGFB1I1/TRIB2/TF,5
GO:0006693,prostaglandin metabolic process,1/823,50/18860,0.02,0.4583232077764277,-0.8192339252471609,0.8928871857433095,0.998467255198782,0.9241672171059264,EDN1,1
GO:0010837,regulation of keratinocyte proliferation,1/823,50/18860,0.02,0.4583232077764277,-0.8192339252471609,0.8928871857433095,0.998467255198782,0.9241672171059264,PRKD1,1
GO:0019884,antigen processing and presentation of exogenous antigen,1/823,50/18860,0.02,0.4583232077764277,-0.8192339252471609,0.8928871857433095,0.998467255198782,0.9241672171059264,CTSF,1
GO:0031295,T cell costimulation,1/823,50/18860,0.02,0.4583232077764277,-0.8192339252471609,0.8928871857433095,0.998467255198782,0.9241672171059264,CD3E,1
GO:0032480,negative regulation of type I interferon production,1/823,50/18860,0.02,0.4583232077764277,-0.8192339252471609,0.8928871857433095,0.998467255198782,0.9241672171059264,PTPRS,1
GO:0042073,intraciliary transport,1/823,50/18860,0.02,0.4583232077764277,-0.8192339252471609,0.8928871857433095,0.998467255198782,0.9241672171059264,WDPCP,1
GO:0045622,regulation of T-helper cell differentiation,1/823,50/18860,0.02,0.4583232077764277,-0.8192339252471609,0.8928871857433095,0.998467255198782,0.9241672171059264,BRD4,1
GO:0046636,negative regulation of alpha-beta T cell activation,1/823,50/18860,0.02,0.4583232077764277,-0.8192339252471609,0.8928871857433095,0.998467255198782,0.9241672171059264,SLC4A2,1
GO:0070741,response to interleukin-6,1/823,50/18860,0.02,0.4583232077764277,-0.8192339252471609,0.8928871857433095,0.998467255198782,0.9241672171059264,ST3GAL6,1
GO:0071985,multivesicular body sorting pathway,1/823,50/18860,0.02,0.4583232077764277,-0.8192339252471609,0.8928871857433095,0.998467255198782,0.9241672171059264,VPS37D,1
GO:0051251,positive regulation of lymphocyte activation,11/823,346/18860,0.031791907514450865,0.7285484516677319,-1.0885724481458083,0.8937111892249062,0.9984690571679589,0.9241688849831958,SMARCD3/ZMIZ1/IGFBP2/NFATC2/CD3E/KITLG/ADA/TOX/ZBTB16/VAV3/BRD4,11
GO:0044092,negative regulation of molecular function,10/823,319/18860,0.03134796238244514,0.7183749338188521,-1.0836203855705935,0.8940615407234359,0.9984690571679589,0.9241688849831958,DRD5/PLIN5/KCNE2/GPSM1/PDCD4/NUPR1/MT3/KCNQ1/NES/NWD1,10
GO:0048193,Golgi vesicle transport,10/823,319/18860,0.03134796238244514,0.7183749338188521,-1.0836203855705935,0.8940615407234359,0.9984690571679589,0.9241688849831958,TBC1D14/PDCD6/GGA2/LMAN1L/RAB26/TMED6/PRKD1/RAB7B/GAS1/INSIG1,10
GO:0051656,establishment of organelle localization,13/823,400/18860,0.0325,0.7447752126366951,-1.1020824668395492,0.8941798634211537,0.9984690571679589,0.9241688849831958,PDCD6/GPSM1/NMD3/SLC2A4/RAB17/KIT/CHGA/NEFL/KIF1A/NTN1/SLC18A2/KIF5C/NLRP5,13
GO:0007163,establishment or maintenance of cell polarity,7/823,236/18860,0.029661016949152543,0.6797166217023292,-1.0576233145296825,0.8943475793950886,0.9984690571679589,0.9241688849831958,FGF13/GPSM1/RHOBTB1/WDPCP/PTK7/VANGL2/KCNJ8,7
GO:2000514,"regulation of CD4-positive, alpha-beta T cell activation",2/823,86/18860,0.023255813953488372,0.5329339625307299,-0.927312689872585,0.8944032681110166,0.9984690571679589,0.9241688849831958,CD3E/BRD4,2
GO:2000736,regulation of stem cell differentiation,2/823,86/18860,0.023255813953488372,0.5329339625307299,-0.927312689872585,0.8944032681110166,0.9984690571679589,0.9241688849831958,CHD3/CDK6,2
GO:0050729,positive regulation of inflammatory response,5/823,179/18860,0.027932960893854747,0.640116211978251,-1.0333937570855452,0.8954217811370321,0.9993643337236766,0.9249975403434293,PTGER3/PDCD4/IL33/NUPR1/FFAR3,5
GO:0071900,regulation of protein serine/threonine kinase activity,3/823,119/18860,0.025210084033613446,0.5777183291299509,-0.9870892606144673,0.8966786462505143,0.9995904322767922,0.9252068139771279,TPD52L1/PDCD4/TRIB2,3
GO:0007098,centrosome cycle,4/823,150/18860,0.02666666666666667,0.6110976103685704,-1.021471944019312,0.8974179319959193,0.9995904322767922,0.9252068139771279,CHD3/NIN/WDR90/CCDC102B,4
GO:0031294,lymphocyte costimulation,1/823,51/18860,0.0196078431372549,0.44933647821218403,-0.8411348711941867,0.8975737272708617,0.9995904322767922,0.9252068139771279,CD3E,1
GO:0032467,positive regulation of cytokinesis,1/823,51/18860,0.0196078431372549,0.44933647821218403,-0.8411348711941867,0.8975737272708617,0.9995904322767922,0.9252068139771279,OPN1MW,1
GO:0032527,protein exit from endoplasmic reticulum,1/823,51/18860,0.0196078431372549,0.44933647821218403,-0.8411348711941867,0.8975737272708617,0.9995904322767922,0.9252068139771279,INSIG1,1
GO:0072599,establishment of protein localization to endoplasmic reticulum,1/823,51/18860,0.0196078431372549,0.44933647821218403,-0.8411348711941867,0.8975737272708617,0.9995904322767922,0.9252068139771279,RYR2,1
GO:0098534,centriole assembly,1/823,51/18860,0.0196078431372549,0.44933647821218403,-0.8411348711941867,0.8975737272708617,0.9995904322767922,0.9252068139771279,WDR90,1
GO:1902116,negative regulation of organelle assembly,1/823,51/18860,0.0196078431372549,0.44933647821218403,-0.8411348711941867,0.8975737272708617,0.9995904322767922,0.9252068139771279,NUPR1,1
GO:1990090,cellular response to nerve growth factor stimulus,1/823,51/18860,0.0196078431372549,0.44933647821218403,-0.8411348711941867,0.8975737272708617,0.9995904322767922,0.9252068139771279,SH3GL2,1
GO:0008344,adult locomotory behavior,2/823,87/18860,0.022988505747126436,0.5268082848004916,-0.9449460494587946,0.8980912882709278,0.9999255236116602,0.9255169697932638,SEZ6L2/KCNJ10,2
GO:1902115,regulation of organelle assembly,7/823,238/18860,0.029411764705882353,0.674004717318276,-1.0810946750906791,0.899027034667397,0.9999996234547373,0.9255855555635113,TBC1D14/PTPRS/PRKAA2/ULK1/NUPR1/WDPCP/DCDC2,7
GO:1902106,negative regulation of leukocyte differentiation,3/823,120/18860,0.025,0.5729040097205347,-1.0025554890379416,0.8998282211646631,0.9999996234547373,0.9255855555635113,LRRC17/CDK6/SLC4A2,3
GO:0002822,regulation of adaptive immune response based on somatic recombination of immune receptors built from immunoglobulin superfamily domains,6/823,210/18860,0.02857142857142857,0.654747439680611,-1.0746925355240353,0.9003603617516212,0.9999996234547373,0.9255855555635113,AZGP1/SUSD4/IL33/ADA/BRD4/SLC22A13,6
GO:0030705,cytoskeleton-dependent intracellular transport,6/823,210/18860,0.02857142857142857,0.654747439680611,-1.0746925355240353,0.9003603617516212,0.9999996234547373,0.9255855555635113,KIF17/RAB17/WDPCP/NEFL/KIF1A/KIF5C,6
GO:0031334,positive regulation of protein-containing complex assembly,6/823,210/18860,0.02857142857142857,0.654747439680611,-1.0746925355240353,0.9003603617516212,0.9999996234547373,0.9255855555635113,NPHS1/HIP1R/EVL/PRKD1/BCL2L11/LMOD2,6
GO:0050870,positive regulation of T cell activation,8/823,267/18860,0.0299625468164794,0.6866265285040116,-1.101590596304605,0.9009041944988102,0.9999996234547373,0.9255855555635113,SMARCD3/ZMIZ1/IGFBP2/CD3E/KITLG/ADA/ZBTB16/BRD4,8
GO:0002720,positive regulation of cytokine production involved in immune response,2/823,88/18860,0.022727272727272728,0.5208218270186679,-0.962410130540007,0.9016590286788074,0.9999996234547373,0.9255855555635113,KIT/FFAR3,2
GO:0072332,intrinsic apoptotic signaling pathway by p53 class mediator,2/823,88/18860,0.022727272727272728,0.5208218270186679,-0.962410130540007,0.9016590286788074,0.9999996234547373,0.9255855555635113,ZNF385B/NUPR1,2
GO:0006692,prostanoid metabolic process,1/823,52/18860,0.019230769230769232,0.440695392092719,-0.8626921700458361,0.9020554552976616,0.9999996234547373,0.9255855555635113,EDN1,1
GO:0032369,negative regulation of lipid transport,1/823,52/18860,0.019230769230769232,0.440695392092719,-0.8626921700458361,0.9020554552976616,0.9999996234547373,0.9255855555635113,ABCA2,1
GO:0051100,negative regulation of binding,1/823,52/18860,0.019230769230769232,0.440695392092719,-0.8626921700458361,0.9020554552976616,0.9999996234547373,0.9255855555635113,NES,1
GO:1902003,regulation of amyloid-beta formation,1/823,52/18860,0.019230769230769232,0.440695392092719,-0.8626921700458361,0.9020554552976616,0.9999996234547373,0.9255855555635113,ABCA2,1
GO:1904752,regulation of vascular associated smooth muscle cell migration,1/823,52/18860,0.019230769230769232,0.440695392092719,-0.8626921700458361,0.9020554552976616,0.9999996234547373,0.9255855555635113,IGFBP5,1
GO:1905562,regulation of vascular endothelial cell proliferation,1/823,52/18860,0.019230769230769232,0.440695392092719,-0.8626921700458361,0.9020554552976616,0.9999996234547373,0.9255855555635113,GHRL,1
GO:0046822,regulation of nucleocytoplasmic transport,3/823,121/18860,0.024793388429752067,0.5681692658385468,-1.01791174022512,0.9028910279476642,0.9999996234547373,0.9255855555635113,PRKD1/CWH43/CABP1,3
GO:0001818,negative regulation of cytokine production,13/823,405/18860,0.03209876543209877,0.735580456925131,-1.1490558350406723,0.9032160251560275,0.9999996234547373,0.9255855555635113,PTPRS/GHRL/HOMER2/PDCD4/IL33/GATA6/ORM1/SFTPD/TRIB2/C1QTNF3/F2/TGFB3/FBLN1,13
GO:0006140,regulation of nucleotide metabolic process,2/823,89/18860,0.02247191011235955,0.5149698963780087,-0.9797089777932764,0.9051099476982339,0.9999996234547373,0.9255855555635113,PRKAA2/NUPR1,2
GO:1900542,regulation of purine nucleotide metabolic process,2/823,89/18860,0.02247191011235955,0.5149698963780087,-0.9797089777932764,0.9051099476982339,0.9999996234547373,0.9255855555635113,PRKAA2/NUPR1,2
GO:1902373,negative regulation of mRNA catabolic process,2/823,89/18860,0.02247191011235955,0.5149698963780087,-0.9797089777932764,0.9051099476982339,0.9999996234547373,0.9255855555635113,CIRBP/ZAR1,2
GO:0015931,nucleobase-containing compound transport,7/823,241/18860,0.029045643153526972,0.6656146171026959,-1.115975667045171,0.9057159263280952,0.9999996234547373,0.9255855555635113,SLC25A36/SLC29A1/SIDT2/ABCC5/SLC25A47/KIF5C/RANBP17,7
GO:1902749,regulation of cell cycle G2/M phase transition,3/823,122/18860,0.02459016393442623,0.5635121407087226,-1.0331599480304487,0.9058690325693542,0.9999996234547373,0.9255855555635113,SMARCD3/CDK6/BRD4,3
GO:0010332,response to gamma radiation,1/823,53/18860,0.018867924528301886,0.4323803846947431,-0.883919393872804,0.9063413102684201,0.9999996234547373,0.9255855555635113,TSPYL5,1
GO:0021515,cell differentiation in spinal cord,1/823,53/18860,0.018867924528301886,0.4323803846947431,-0.883919393872804,0.9063413102684201,0.9999996234547373,0.9255855555635113,LONRF2,1
GO:0050856,regulation of T cell receptor signaling pathway,1/823,53/18860,0.018867924528301886,0.4323803846947431,-0.883919393872804,0.9063413102684201,0.9999996234547373,0.9255855555635113,ADA,1
GO:0101023,vascular endothelial cell proliferation,1/823,53/18860,0.018867924528301886,0.4323803846947431,-0.883919393872804,0.9063413102684201,0.9999996234547373,0.9255855555635113,GHRL,1
GO:1903320,regulation of protein modification by small protein conjugation or removal,7/823,242/18860,0.028925619834710745,0.6628641434783046,-1.1275172895753995,0.9078598701449119,0.9999996234547373,0.9255855555635113,PDCD6/BEX2/RNF180/BEX4/BEX1/TSPYL5/FAM107A,7
GO:0002696,positive regulation of leukocyte activation,12/823,381/18860,0.031496062992125984,0.7217688311439806,-1.1719420318470806,0.9084009096982614,0.9999996234547373,0.9255855555635113,SMARCD3/ZMIZ1/IGFBP2/NFATC2/IL33/CD3E/KITLG/ADA/TOX/ZBTB16/VAV3/BRD4,12
GO:1901796,regulation of signal transduction by p53 class mediator,3/823,123/18860,0.024390243902439025,0.5589307411907655,-1.04830199518722,0.908764177102298,0.9999996234547373,0.9255855555635113,SMYD2/SGK1/MORN3,3
GO:0002548,monocyte chemotaxis,1/823,54/18860,0.018518518518518517,0.4243733405337293,-0.9048293071470113,0.9104398428174225,0.9999996234547373,0.9255855555635113,CXCL17,1
GO:0032692,negative regulation of interleukin-1 production,1/823,54/18860,0.018518518518518517,0.4243733405337293,-0.9048293071470113,0.9104398428174225,0.9999996234547373,0.9255855555635113,GHRL,1
GO:0045581,negative regulation of T cell differentiation,1/823,54/18860,0.018518518518518517,0.4243733405337293,-0.9048293071470113,0.9104398428174225,0.9999996234547373,0.9255855555635113,SLC4A2,1
GO:0048821,erythrocyte development,1/823,54/18860,0.018518518518518517,0.4243733405337293,-0.9048293071470113,0.9104398428174225,0.9999996234547373,0.9255855555635113,HBZ,1
GO:1902743,regulation of lamellipodium organization,1/823,54/18860,0.018518518518518517,0.4243733405337293,-0.9048293071470113,0.9104398428174225,0.9999996234547373,0.9255855555635113,HRG,1
GO:1903146,regulation of autophagy of mitochondrion,1/823,54/18860,0.018518518518518517,0.4243733405337293,-0.9048293071470113,0.9104398428174225,0.9999996234547373,0.9255855555635113,BNIP3,1
GO:1904738,vascular associated smooth muscle cell migration,1/823,54/18860,0.018518518518518517,0.4243733405337293,-0.9048293071470113,0.9104398428174225,0.9999996234547373,0.9255855555635113,IGFBP5,1
GO:1990089,response to nerve growth factor,1/823,54/18860,0.018518518518518517,0.4243733405337293,-0.9048293071470113,0.9104398428174225,0.9999996234547373,0.9255855555635113,SH3GL2,1
GO:0016197,endosomal transport,9/823,300/18860,0.03,0.6874848116646415,-1.1655203633397437,0.9110399655782967,0.9999996234547373,0.9255855555635113,STX12/TBC1D14/ZDHHC2/VPS37D/RAB17/RAB7B/MICALL1/ANKRD50/DENND5A,9
GO:0009135,purine nucleoside diphosphate metabolic process,3/823,124/18860,0.024193548387096774,0.5544232352134205,-1.0633397150851471,0.9115783788454351,0.9999996234547373,0.9255855555635113,PRKAA2/NUPR1/PGAM2,3
GO:0009179,purine ribonucleoside diphosphate metabolic process,3/823,124/18860,0.024193548387096774,0.5544232352134205,-1.0633397150851471,0.9115783788454351,0.9999996234547373,0.9255855555635113,PRKAA2/NUPR1/PGAM2,3
GO:0001892,embryonic placenta development,2/823,91/18860,0.02197802197802198,0.5036518766773931,-1.0138264288173682,0.9116747929865063,0.9999996234547373,0.9255855555635113,EGFR/ADM,2
GO:0070661,leukocyte proliferation,11/823,356/18860,0.03089887640449438,0.708083607519762,-1.187757462430233,0.9123013337173085,0.9999996234547373,0.9255855555635113,IGFBP2/NFATC2/IL33/CD3E/NPR3/SLC4A2/SFTPD/KITLG/KIT/ADA/VAV3,11
GO:0001754,eye photoreceptor cell differentiation,1/823,55/18860,0.01818181818181818,0.4166574616149342,-0.9254339296397011,0.914359230744747,0.9999996234547373,0.9255855555635113,PPP2R3A,1
GO:0006984,ER-nucleus signaling pathway,1/823,55/18860,0.01818181818181818,0.4166574616149342,-0.9254339296397011,0.914359230744747,0.9999996234547373,0.9255855555635113,INSIG1,1
GO:0030865,cortical cytoskeleton organization,1/823,55/18860,0.01818181818181818,0.4166574616149342,-0.9254339296397011,0.914359230744747,0.9999996234547373,0.9255855555635113,RHOBTB1,1
GO:0042088,T-helper 1 type immune response,1/823,55/18860,0.01818181818181818,0.4166574616149342,-0.9254339296397011,0.914359230744747,0.9999996234547373,0.9255855555635113,IL33,1
GO:0043331,response to dsRNA,1/823,55/18860,0.01818181818181818,0.4166574616149342,-0.9254339296397011,0.914359230744747,0.9999996234547373,0.9255855555635113,KCNJ8,1
GO:2000648,positive regulation of stem cell proliferation,1/823,55/18860,0.01818181818181818,0.4166574616149342,-0.9254339296397011,0.914359230744747,0.9999996234547373,0.9255855555635113,KITLG,1
GO:0007608,sensory perception of smell,15/823,466/18860,0.032188841201716736,0.7376446477088429,-1.2249599540269607,0.9150401756156694,0.9999996234547373,0.9255855555635113,OR52K2/OR51I1/OR2A25/OR3A3/OR4D11/OR12D2/OR10G4/OR6A2/OR4N4/OR7A17/OR4D10/OR1J4/OR56B1/OR52I2/OR5L2,15
GO:0009259,ribonucleotide metabolic process,12/823,385/18860,0.03116883116883117,0.7142699341970301,-1.2099604580597383,0.9150599848085579,0.9999996234547373,0.9255855555635113,PAPSS1/PDE8B/NME9/NME3/PRKAA2/NPR3/NUPR1/SULT2A1/ADA/ADCY1/RORA/PGAM2,12
GO:0042326,negative regulation of phosphorylation,3/823,126/18860,0.023809523809523808,0.5456228664005092,-1.0931092700821081,0.9169714946392624,0.9999996234547373,0.9255855555635113,PTPN13/PDCD4/FBLN1,3
GO:1901989,positive regulation of cell cycle phase transition,3/823,126/18860,0.023809523809523808,0.5456228664005092,-1.0931092700821081,0.9169714946392624,0.9999996234547373,0.9255855555635113,SMARCD3/EGFR/BRD4,3
GO:0043489,RNA stabilization,2/823,93/18860,0.021505376344086023,0.49282065352304055,-1.0473279706533147,0.9178120401130118,0.9999996234547373,0.9255855555635113,CIRBP/ZAR1,2
GO:0072384,organelle transport along microtubule,2/823,93/18860,0.021505376344086023,0.49282065352304055,-1.0473279706533147,0.9178120401130118,0.9999996234547373,0.9255855555635113,NEFL/KIF1A,2
GO:0002043,blood vessel endothelial cell proliferation involved in sprouting angiogenesis,1/823,56/18860,0.017857142857142856,0.4092171498003819,-0.9457445933327535,0.9181072952540303,0.9999996234547373,0.9255855555635113,BMPER,1
GO:0030834,regulation of actin filament depolymerization,1/823,56/18860,0.017857142857142856,0.4092171498003819,-0.9457445933327535,0.9181072952540303,0.9999996234547373,0.9255855555635113,LMOD2,1
GO:0042181,ketone biosynthetic process,1/823,56/18860,0.017857142857142856,0.4092171498003819,-0.9457445933327535,0.9181072952540303,0.9999996234547373,0.9255855555635113,ADM,1
GO:0046148,pigment biosynthetic process,1/823,56/18860,0.017857142857142856,0.4092171498003819,-0.9457445933327535,0.9181072952540303,0.9999996234547373,0.9255855555635113,ALAD,1
GO:0061756,leukocyte adhesion to vascular endothelial cell,1/823,56/18860,0.017857142857142856,0.4092171498003819,-0.9457445933327535,0.9181072952540303,0.9999996234547373,0.9255855555635113,FUT9,1
GO:0071902,positive regulation of protein serine/threonine kinase activity,1/823,56/18860,0.017857142857142856,0.4092171498003819,-0.9457445933327535,0.9181072952540303,0.9999996234547373,0.9255855555635113,TPD52L1,1
GO:1900087,positive regulation of G1/S transition of mitotic cell cycle,1/823,56/18860,0.017857142857142856,0.4092171498003819,-0.9457445933327535,0.9181072952540303,0.9999996234547373,0.9255855555635113,EGFR,1
GO:2000772,regulation of cellular senescence,1/823,56/18860,0.017857142857142856,0.4092171498003819,-0.9457445933327535,0.9181072952540303,0.9999996234547373,0.9255855555635113,CDK6,1
GO:0032886,regulation of microtubule-based process,8/823,276/18860,0.028985507246376812,0.6642365330093155,-1.2003156773815504,0.9186973167614157,0.9999996234547373,0.9255855555635113,FGF13/APC2/PRKAA2/GNAI1/TAC4/FAM107A/FSD1/DEFB1,8
GO:1903707,negative regulation of hemopoiesis,3/823,127/18860,0.023622047244094488,0.5413266233579854,-1.107844540198502,0.91955411272983,0.9999996234547373,0.9255855555635113,LRRC17/CDK6/SLC4A2,3
GO:0090316,positive regulation of intracellular protein transport,2/823,94/18860,0.02127659574468085,0.48757788061322094,-1.0638564583794372,0.9207281888864925,0.9999996234547373,0.9255855555635113,ZDHHC2/PRKD1,2
GO:0031929,TOR signaling,5/823,190/18860,0.02631578947368421,0.6030568523374048,-1.1746542272901008,0.9215531863283227,0.9999996234547373,0.9255855555635113,GPR155/PDCD6/PRKAA2/RNF152/PRKACB,5
GO:0002886,regulation of myeloid leukocyte mediated immunity,1/823,57/18860,0.017543859649122806,0.40203790155826985,-0.9657719940116172,0.9216915164838715,0.9999996234547373,0.9255855555635113,DNASE1,1
GO:0016601,Rac protein signal transduction,1/823,57/18860,0.017543859649122806,0.40203790155826985,-0.9657719940116172,0.9216915164838715,0.9999996234547373,0.9255855555635113,ARHGAP24,1
GO:0032968,positive regulation of transcription elongation by RNA polymerase II,1/823,57/18860,0.017543859649122806,0.40203790155826985,-0.9657719940116172,0.9216915164838715,0.9999996234547373,0.9255855555635113,BRD4,1
GO:0045815,transcription initiation-coupled chromatin remodeling,1/823,57/18860,0.017543859649122806,0.40203790155826985,-0.9657719940116172,0.9216915164838715,0.9999996234547373,0.9255855555635113,APOBEC2,1
GO:0050805,negative regulation of synaptic transmission,1/823,57/18860,0.017543859649122806,0.40203790155826985,-0.9657719940116172,0.9216915164838715,0.9999996234547373,0.9255855555635113,DRD5,1
GO:0019080,viral gene expression,2/823,95/18860,0.021052631578947368,0.48244548186992386,-1.0802411518139348,0.9235467427087052,0.9999996234547373,0.9255855555635113,ST3GAL1/MID2,2
GO:0050672,negative regulation of lymphocyte proliferation,2/823,95/18860,0.021052631578947368,0.48244548186992386,-1.0802411518139348,0.9235467427087052,0.9999996234547373,0.9255855555635113,SLC4A2/SFTPD,2
GO:0072091,regulation of stem cell proliferation,2/823,95/18860,0.021052631578947368,0.48244548186992386,-1.0802411518139348,0.9235467427087052,0.9999996234547373,0.9255855555635113,KITLG/FBLN1,2
GO:1905897,regulation of response to endoplasmic reticulum stress,2/823,95/18860,0.021052631578947368,0.48244548186992386,-1.0802411518139348,0.9235467427087052,0.9999996234547373,0.9255855555635113,NUPR1/BCL2L11,2
GO:0034341,response to type II interferon,3/823,129/18860,0.023255813953488372,0.5329339625307299,-1.1370243287298143,0.9245005244335582,0.9999996234547373,0.9255855555635113,AQP4/RAB7B/EDN1,3
GO:0010761,fibroblast migration,1/823,58/18860,0.017241379310344827,0.3951062136003687,-0.9855262381231117,0.9251190483635594,0.9999996234547373,0.9255855555635113,WDPCP,1
GO:0042129,regulation of T cell proliferation,5/823,192/18860,0.026041666666666668,0.596775010125557,-1.1995718151960255,0.9256297691106072,0.9999996234547373,0.9255855555635113,IGFBP2/CD3E/SLC4A2/SFTPD/KITLG,5
GO:0019693,ribose phosphate metabolic process,12/823,392/18860,0.030612244897959183,0.7015151139435118,-1.2756529599035178,0.9257368043037573,0.9999996234547373,0.9255855555635113,PAPSS1/PDE8B/NME9/NME3/PRKAA2/NPR3/NUPR1/SULT2A1/ADA/ADCY1/RORA/PGAM2,12
GO:0000245,spliceosomal complex assembly,2/823,96/18860,0.020833333333333332,0.4774200081004455,-1.0964852083994328,0.9262706528456451,0.9999996234547373,0.9255855555635113,CELF4/SRPK3,2
GO:0032465,regulation of cytokinesis,2/823,96/18860,0.020833333333333332,0.4774200081004455,-1.0964852083994328,0.9262706528456451,0.9999996234547373,0.9255855555635113,OPN1MW/FSD1,2
GO:0002367,cytokine production involved in immune response,3/823,130/18860,0.023076923076923078,0.5288344705112628,-1.1514720286012146,0.9268678560861515,0.9999996234547373,0.9255855555635113,KIT/FFAR3/TGFB3,3
GO:0002718,regulation of cytokine production involved in immune response,3/823,130/18860,0.023076923076923078,0.5288344705112628,-1.1514720286012146,0.9268678560861515,0.9999996234547373,0.9255855555635113,KIT/FFAR3/TGFB3,3
GO:0006413,translational initiation,4/823,162/18860,0.024691358024691357,0.5658311207116391,-1.185484050320029,0.9270919098173406,0.9999996234547373,0.9255855555635113,GPR155/PAIP2B/PRKAA2/RNF152,4
GO:0001906,cell killing,8/823,281/18860,0.028469750889679714,0.6524173776176906,-1.2539411172112849,0.9273430803778826,0.9999996234547373,0.9255855555635113,AZGP1/C5/SCNN1B/CHGA/F2/HRG/SLC22A13/DNASE1,8
GO:0006417,regulation of translation,15/823,475/18860,0.031578947368421054,0.7236682228048859,-1.3029354879235844,0.9275041714872196,0.9999996234547373,0.9255855555635113,APLP1/GPR155/CELF4/PAIP2B/LARP6/EIF5A2/ZNF540/PRKAA2/WTIP/RNF152/IGFBP5/CIRBP/TCOF1/ZAR1/ZAR1L,15
GO:0002639,positive regulation of immunoglobulin production,1/823,59/18860,0.01694915254237288,0.3884094981156167,-1.0050168854083223,0.9283967328224889,0.9999996234547373,0.9255855555635113,IL33,1
GO:0072132,mesenchyme morphogenesis,1/823,59/18860,0.01694915254237288,0.3884094981156167,-1.0050168854083223,0.9283967328224889,0.9999996234547373,0.9255855555635113,GATA5,1
GO:0072698,protein localization to microtubule cytoskeleton,1/823,59/18860,0.01694915254237288,0.3884094981156167,-1.0050168854083223,0.9283967328224889,0.9999996234547373,0.9255855555635113,MID2,1
GO:0032945,negative regulation of mononuclear cell proliferation,2/823,97/18860,0.020618556701030927,0.4724981523468327,-1.1125916807098524,0.9289027992179608,0.9999996234547373,0.9255855555635113,SLC4A2/SFTPD,2
GO:0031023,microtubule organizing center organization,4/823,163/18860,0.024539877300613498,0.5623597641428562,-1.1986770126370443,0.9291770749230053,0.9999996234547373,0.9255855555635113,CHD3/NIN/WDR90/CCDC102B,4
GO:0002819,regulation of adaptive immune response,6/823,224/18860,0.026785714285714284,0.6138257247005727,-1.2419613870836597,0.9294902276365898,0.9999996234547373,0.9255855555635113,AZGP1/SUSD4/IL33/ADA/BRD4/SLC22A13,6
GO:0071677,positive regulation of mononuclear cell migration,2/823,98/18860,0.02040816326530612,0.4676767426290078,-1.1285635210384763,0.9314459909997548,0.9999996234547373,0.9255855555635113,PDGFD/CXCL17,2
GO:0007131,reciprocal meiotic recombination,1/823,60/18860,0.016666666666666666,0.3819360064803564,-1.0242529877580238,0.931531113381347,0.9999996234547373,0.9255855555635113,REC8,1
GO:0019748,secondary metabolic process,1/823,60/18860,0.016666666666666666,0.3819360064803564,-1.0242529877580238,0.931531113381347,0.9999996234547373,0.9255855555635113,FMO2,1
GO:0030042,actin filament depolymerization,1/823,60/18860,0.016666666666666666,0.3819360064803564,-1.0242529877580238,0.931531113381347,0.9999996234547373,0.9255855555635113,LMOD2,1
GO:0034205,amyloid-beta formation,1/823,60/18860,0.016666666666666666,0.3819360064803564,-1.0242529877580238,0.931531113381347,0.9999996234547373,0.9255855555635113,ABCA2,1
GO:0034332,adherens junction organization,1/823,60/18860,0.016666666666666666,0.3819360064803564,-1.0242529877580238,0.931531113381347,0.9999996234547373,0.9255855555635113,CDH2,1
GO:0042255,ribosome assembly,1/823,60/18860,0.016666666666666666,0.3819360064803564,-1.0242529877580238,0.931531113381347,0.9999996234547373,0.9255855555635113,NIP7,1
GO:0140527,reciprocal homologous recombination,1/823,60/18860,0.016666666666666666,0.3819360064803564,-1.0242529877580238,0.931531113381347,0.9999996234547373,0.9255855555635113,REC8,1
GO:1902991,regulation of amyloid precursor protein catabolic process,1/823,60/18860,0.016666666666666666,0.3819360064803564,-1.0242529877580238,0.931531113381347,0.9999996234547373,0.9255855555635113,ABCA2,1
GO:0031348,negative regulation of defense response,9/823,313/18860,0.02875399361022364,0.6589311293910303,-1.299734093506573,0.9327257404200527,0.9999996234547373,0.9255855555635113,GHRL/SUSD4/IL33/C1QTNF3/ADA/RORA/PROC/CXCL17/NPY,9
GO:0071356,cellular response to tumor necrosis factor,6/823,226/18860,0.02654867256637168,0.6083936386412757,-1.265109180264792,0.9329721051043314,0.9999996234547373,0.9255855555635113,SLC2A4/ULK1/RORA/EDN1/PLVAP/POSTN,6
GO:0032640,tumor necrosis factor production,5/823,196/18860,0.025510204081632654,0.5845959282862598,-1.2487442949316232,0.9332226463451205,0.9999996234547373,0.9255855555635113,GHRL/IL33/ORM2/ORM1/ABCC8,5
GO:0032680,regulation of tumor necrosis factor production,5/823,196/18860,0.025510204081632654,0.5845959282862598,-1.2487442949316232,0.9332226463451205,0.9999996234547373,0.9255855555635113,GHRL/IL33/ORM2/ORM1/ABCC8,5
GO:0072331,signal transduction by p53 class mediator,5/823,196/18860,0.025510204081632654,0.5845959282862598,-1.2487442949316232,0.9332226463451205,0.9999996234547373,0.9255855555635113,ZNF385B/SMYD2/NUPR1/SGK1/MORN3,5
GO:0007041,lysosomal transport,3/823,133/18860,0.022556390977443608,0.5169058734320613,-1.1942646235720327,0.9335669802274466,0.9999996234547373,0.9255855555635113,LAMP2/RAB7B/ADRB2,3
GO:0141137,"positive regulation of gene expression, epigenetic",1/823,61/18860,0.01639344262295082,0.3756747604724818,-1.0432431246839329,0.9345284481519401,0.9999996234547373,0.9255855555635113,APOBEC2,1
GO:1903046,meiotic cell cycle process,6/823,227/18860,0.02643171806167401,0.6057134904534287,-1.2766167838059934,0.9346553437735595,0.9999996234547373,0.9255855555635113,REC8/ZCWPW1/BCL2L11/SYCP2/EDN1/TDRD9,6
GO:0050864,regulation of B cell activation,3/823,134/18860,0.022388059701492536,0.5130483669139115,-1.2083501812067152,0.9356712909132459,0.9999996234547373,0.9255855555635113,NFATC2/ADA/VAV3,3
GO:0061515,myeloid cell development,2/823,100/18860,0.02,0.4583232077764277,-1.1601146393351365,0.936276397924768,0.9999996234547373,0.9255855555635113,HBZ/KIT,2
GO:2000781,positive regulation of double-strand break repair,2/823,100/18860,0.02,0.4583232077764277,-1.1601146393351365,0.936276397924768,0.9999996234547373,0.9255855555635113,SMARCD3/ZCWPW1,2
GO:0002712,regulation of B cell mediated immunity,1/823,62/18860,0.016129032258064516,0.3696154901422804,-1.0619954357522874,0.937394722271359,0.9999996234547373,0.9255855555635113,SUSD4,1
GO:0002889,regulation of immunoglobulin mediated immune response,1/823,62/18860,0.016129032258064516,0.3696154901422804,-1.0619954357522874,0.937394722271359,0.9999996234547373,0.9255855555635113,SUSD4,1
GO:0032608,interferon-beta production,1/823,62/18860,0.016129032258064516,0.3696154901422804,-1.0619954357522874,0.937394722271359,0.9999996234547373,0.9255855555635113,PTPRS,1
GO:0032648,regulation of interferon-beta production,1/823,62/18860,0.016129032258064516,0.3696154901422804,-1.0619954357522874,0.937394722271359,0.9999996234547373,0.9255855555635113,PTPRS,1
GO:0099518,vesicle cytoskeletal trafficking,1/823,62/18860,0.016129032258064516,0.3696154901422804,-1.0619954357522874,0.937394722271359,0.9999996234547373,0.9255855555635113,KIF1A,1
GO:0001704,formation of primary germ layer,3/823,135/18860,0.022222222222222223,0.5092480086404753,-1.222348761501247,0.9377139424675383,0.9999996234547373,0.9255855555635113,GATA6/SOX2/DKK1,3
GO:0009185,ribonucleoside diphosphate metabolic process,3/823,135/18860,0.022222222222222223,0.5092480086404753,-1.222348761501247,0.9377139424675383,0.9999996234547373,0.9255855555635113,PRKAA2/NUPR1/PGAM2,3
GO:0016050,vesicle organization,12/823,401/18860,0.029925187032418952,0.6857703857003906,-1.358602185790386,0.9377722666929597,0.9999996234547373,0.9255855555635113,STX12/PDCD6/SLC2A4/ZDHHC2/VPS37D/TBC1D4/RAB7B/ERC2/TSNARE1/PTPRN/VAV3/INSIG1,12
GO:0050867,positive regulation of cell activation,12/823,401/18860,0.029925187032418952,0.6857703857003906,-1.358602185790386,0.9377722666929597,0.9999996234547373,0.9255855555635113,SMARCD3/ZMIZ1/IGFBP2/NFATC2/IL33/CD3E/KITLG/ADA/TOX/ZBTB16/VAV3/BRD4,12
GO:1903037,regulation of leukocyte cell-cell adhesion,12/823,401/18860,0.029925187032418952,0.6857703857003906,-1.358602185790386,0.9377722666929597,0.9999996234547373,0.9255855555635113,SMARCD3/ZMIZ1/IGFBP2/CD3E/SLC4A2/SFTPD/KITLG/ADA/FGL1/ZBTB16/FUT9/BRD4,12
GO:1903039,positive regulation of leukocyte cell-cell adhesion,8/823,289/18860,0.02768166089965398,0.6343573810054363,-1.3380279411560791,0.939520118854006,0.9999996234547373,0.9255855555635113,SMARCD3/ZMIZ1/IGFBP2/CD3E/KITLG/ADA/ZBTB16/BRD4,8
GO:0007062,sister chromatid cohesion,1/823,63/18860,0.015873015873015872,0.3637485776003394,-1.080517650285685,0.9401356597950673,0.9999996234547373,0.9255855555635113,REC8,1
GO:0045604,regulation of epidermal cell differentiation,1/823,63/18860,0.015873015873015872,0.3637485776003394,-1.080517650285685,0.9401356597950673,0.9999996234547373,0.9255855555635113,ALOX15B,1
GO:0046824,positive regulation of nucleocytoplasmic transport,1/823,63/18860,0.015873015873015872,0.3637485776003394,-1.080517650285685,0.9401356597950673,0.9999996234547373,0.9255855555635113,PRKD1,1
GO:0051785,positive regulation of nuclear division,1/823,63/18860,0.015873015873015872,0.3637485776003394,-1.080517650285685,0.9401356597950673,0.9999996234547373,0.9255855555635113,EDN1,1
GO:0140719,constitutive heterochromatin formation,1/823,63/18860,0.015873015873015872,0.3637485776003394,-1.080517650285685,0.9401356597950673,0.9999996234547373,0.9255855555635113,TDRD9,1
GO:0002042,cell migration involved in sprouting angiogenesis,2/823,102/18860,0.0196078431372549,0.44933647821218403,-1.1911603353144018,0.9407829598287905,0.9999996234547373,0.9255855555635113,HDAC5/MICALL1,2
GO:0044403,biological process involved in symbiotic interaction,6/823,231/18860,0.025974025974025976,0.5952249451641919,-1.3222149219326966,0.9410194536204052,0.9999996234547373,0.9255855555635113,EGFR/SCNN1B/SLC10A1/F2/FBLN1/HRG,6
GO:0031647,regulation of protein stability,12/823,404/18860,0.0297029702970297,0.6806780313511303,-1.3858868854647677,0.9413927270576301,0.9999996234547373,0.9255855555635113,STX12/LAMP2/HIP1R/NEDD4L/TBL1X/MT3/PPARGC1A/GPIHBP1/AFM/TF/ATP1B2/FAM107A,12
GO:0050863,regulation of T cell activation,12/823,404/18860,0.0297029702970297,0.6806780313511303,-1.3858868854647677,0.9413927270576301,0.9999996234547373,0.9255855555635113,SMARCD3/ZMIZ1/IGFBP2/CD3E/SLC4A2/SFTPD/KITLG/ADA/FGL1/TOX/ZBTB16/BRD4,12
GO:0008286,insulin receptor signaling pathway,3/823,137/18860,0.021897810218978103,0.5018137311420742,-1.250090380790997,0.941620555844789,0.9999996234547373,0.9255855555635113,IGF1R/SORBS1/FFAR3,3
GO:0033674,positive regulation of kinase activity,3/823,137/18860,0.021897810218978103,0.5018137311420742,-1.250090380790997,0.941620555844789,0.9999996234547373,0.9255855555635113,TPD52L1/MT3/EEF1A2,3
GO:0071706,tumor necrosis factor superfamily cytokine production,5/823,201/18860,0.024875621890547265,0.5700537410154574,-1.3090164855869582,0.9417352514846902,0.9999996234547373,0.9255855555635113,GHRL/IL33/ORM2/ORM1/ABCC8,5
GO:1903555,regulation of tumor necrosis factor superfamily cytokine production,5/823,201/18860,0.024875621890547265,0.5700537410154574,-1.3090164855869582,0.9417352514846902,0.9999996234547373,0.9255855555635113,GHRL/IL33/ORM2/ORM1/ABCC8,5
GO:0032786,"positive regulation of DNA-templated transcription, elongation",1/823,64/18860,0.015625,0.35806500607533415,-1.0988171146038785,0.942756735072434,0.9999996234547373,0.9255855555635113,BRD4,1
GO:0043370,"regulation of CD4-positive, alpha-beta T cell differentiation",1/823,64/18860,0.015625,0.35806500607533415,-1.0988171146038785,0.942756735072434,0.9999996234547373,0.9255855555635113,BRD4,1
GO:0045620,negative regulation of lymphocyte differentiation,1/823,64/18860,0.015625,0.35806500607533415,-1.0988171146038785,0.942756735072434,0.9999996234547373,0.9255855555635113,SLC4A2,1
GO:0007029,endoplasmic reticulum organization,2/823,103/18860,0.019417475728155338,0.44497398813245403,-1.2065000816283478,0.9429210918986439,0.9999996234547373,0.9255855555635113,REEP5/ZFYVE27,2
GO:0032755,positive regulation of interleukin-6 production,2/823,103/18860,0.019417475728155338,0.44497398813245403,-1.2065000816283478,0.9429210918986439,0.9999996234547373,0.9255855555635113,IL33/RAB7B,2
GO:0002700,regulation of production of molecular mediator of immune response,5/823,202/18860,0.024752475247524754,0.5672316927926085,-1.320917470710505,0.9433157589409473,0.9999996234547373,0.9255855555635113,IL33/KIT/PGC/FFAR3/TGFB3,5
GO:0051650,establishment of vesicle localization,5/823,203/18860,0.024630541871921183,0.5644374480005268,-1.3327685690352593,0.9448575037309974,0.9999996234547373,0.9255855555635113,PDCD6/SLC2A4/RAB17/KIF1A/KIF5C,5
GO:0140013,meiotic nuclear division,5/823,203/18860,0.024630541871921183,0.5644374480005268,-1.3327685690352593,0.9448575037309974,0.9999996234547373,0.9255855555635113,REC8/ZCWPW1/BCL2L11/SYCP2/TDRD9,5
GO:0031110,regulation of microtubule polymerization or depolymerization,2/823,104/18860,0.019230769230769232,0.440695392092719,-1.2217210315185512,0.944985681793399,0.9999996234547373,0.9255855555635113,FGF13/APC2,2
GO:0001961,positive regulation of cytokine-mediated signaling pathway,1/823,65/18860,0.015384615384615385,0.3525563136741752,-1.1169008170435333,0.9452631836272002,0.9999996234547373,0.9255855555635113,EDN1,1
GO:0002763,positive regulation of myeloid leukocyte differentiation,1/823,65/18860,0.015384615384615385,0.3525563136741752,-1.1169008170435333,0.9452631836272002,0.9999996234547373,0.9255855555635113,KITLG,1
GO:0006903,vesicle targeting,1/823,65/18860,0.015384615384615385,0.3525563136741752,-1.1169008170435333,0.9452631836272002,0.9999996234547373,0.9255855555635113,PDCD6,1
GO:0031122,cytoplasmic microtubule organization,1/823,65/18860,0.015384615384615385,0.3525563136741752,-1.1169008170435333,0.9452631836272002,0.9999996234547373,0.9255855555635113,FSD1,1
GO:0032757,positive regulation of interleukin-8 production,1/823,65/18860,0.015384615384615385,0.3525563136741752,-1.1169008170435333,0.9452631836272002,0.9999996234547373,0.9255855555635113,PLA2G1B,1
GO:0033059,cellular pigmentation,1/823,65/18860,0.015384615384615385,0.3525563136741752,-1.1169008170435333,0.9452631836272002,0.9999996234547373,0.9255855555635113,RAB17,1
GO:0045428,regulation of nitric oxide biosynthetic process,1/823,65/18860,0.015384615384615385,0.3525563136741752,-1.1169008170435333,0.9452631836272002,0.9999996234547373,0.9255855555635113,EDN1,1
GO:0060271,cilium assembly,12/823,408/18860,0.029411764705882353,0.674004717318276,-1.4219907438342623,0.9459359261264194,0.9999996234547373,0.9255855555635113,FAM161A/DMD/RAB17/WDR90/TCTN2/WDPCP/KCNQ1/MICALL1/VANGL2/KCNJ10/DNAJB13/DCDC2,12
GO:0002285,lymphocyte activation involved in immune response,6/823,235/18860,0.02553191489361702,0.5850934567358651,-1.3671405647637886,0.9468251072696376,0.9999996234547373,0.9255855555635113,ST3GAL1/ITM2A/RORC/ADA/RORA/BRD4,6
GO:1902369,negative regulation of RNA catabolic process,2/823,105/18860,0.01904761904761905,0.4364982931204074,-1.2368255448713592,0.9469790662561537,0.9999996234547373,0.9255855555635113,CIRBP/ZAR1,2
GO:0002698,negative regulation of immune effector process,3/823,140/18860,0.02142857142857143,0.4910605797604583,-1.291083353469693,0.9470565514711484,0.9999996234547373,0.9255855555635113,SUSD4/IL33/TGFB3,3
GO:0034728,nucleosome organization,3/823,140/18860,0.02142857142857143,0.4910605797604583,-1.291083353469693,0.9470565514711484,0.9999996234547373,0.9255855555635113,SMARCD3/TSPYL4/TSPYL5,3
GO:0034605,cellular response to heat,1/823,66/18860,0.015151515151515152,0.34721455134577855,-1.1347754109701649,0.9476600125644077,0.9999996234547373,0.9255855555635113,PDCD6,1
GO:0009132,nucleoside diphosphate metabolic process,3/823,141/18860,0.02127659574468085,0.48757788061322094,-1.3045874543470861,0.9487613762273404,0.9999996234547373,0.9255855555635113,PRKAA2/NUPR1/PGAM2,3
GO:0051168,nuclear export,4/823,174/18860,0.022988505747126436,0.5268082848004916,-1.339462869742415,0.9488014299302594,0.9999996234547373,0.9255855555635113,RANBP3L/NMD3/PRKD1/RANBP17,4
GO:0032613,interleukin-10 production,1/823,67/18860,0.014925373134328358,0.3420322446092744,-1.152447235972038,0.949952010524368,0.9999996234547373,0.9255855555635113,TRIB2,1
GO:0032653,regulation of interleukin-10 production,1/823,67/18860,0.014925373134328358,0.3420322446092744,-1.152447235972038,0.949952010524368,0.9999996234547373,0.9255855555635113,TRIB2,1
GO:0070059,intrinsic apoptotic signaling pathway in response to endoplasmic reticulum stress,1/823,67/18860,0.014925373134328358,0.3420322446092744,-1.152447235972038,0.949952010524368,0.9999996234547373,0.9255855555635113,BCL2L11,1
GO:1901799,negative regulation of proteasomal protein catabolic process,1/823,67/18860,0.014925373134328358,0.3420322446092744,-1.152447235972038,0.949952010524368,0.9999996234547373,0.9255855555635113,ALAD,1
GO:0002286,T cell activation involved in immune response,3/823,142/18860,0.02112676056338028,0.484144233566649,-1.318013430002212,0.9504149751451723,0.9999996234547373,0.9255855555635113,RORC/RORA/BRD4,3
GO:0044782,cilium organization,13/823,441/18860,0.02947845804988662,0.6755330726863447,-1.4727661780437766,0.9511472737069144,0.9999996234547373,0.9255855555635113,FAM161A/DMD/RAB17/WDR90/TCTN2/WDPCP/KCNQ1/MICALL1/CWH43/VANGL2/KCNJ10/DNAJB13/DCDC2,13
GO:0003341,cilium movement,7/823,269/18860,0.026022304832713755,0.5963313112332702,-1.4243834657256171,0.9518317746457454,0.9999996234547373,0.9255855555635113,AQP4/PACRG/TAC4/CWH43/DNAH14/PLTP/DEFB1,7
GO:0045739,positive regulation of DNA repair,3/823,143/18860,0.02097902097902098,0.48075860955569344,-1.3313624320166308,0.9520187210075404,0.9999996234547373,0.9255855555635113,SMARCD3/ZCWPW1/EGFR,3
GO:0016925,protein sumoylation,1/823,68/18860,0.014705882352941176,0.337002358659138,-1.169922337405268,0.9521437572033677,0.9999996234547373,0.9255855555635113,ZMIZ1,1
GO:0035825,homologous recombination,1/823,68/18860,0.014705882352941176,0.337002358659138,-1.169922337405268,0.9521437572033677,0.9999996234547373,0.9255855555635113,REC8,1
GO:0002220,innate immune response activating cell surface receptor signaling pathway,2/823,108/18860,0.018518518518518517,0.4243733405337293,-1.281463012252476,0.9525544072626562,0.9999996234547373,0.9255855555635113,PAK3/RAB7B,2
GO:0002709,regulation of T cell mediated immunity,2/823,108/18860,0.018518518518518517,0.4243733405337293,-1.281463012252476,0.9525544072626562,0.9999996234547373,0.9255855555635113,AZGP1/SLC22A13,2
GO:1903706,regulation of hemopoiesis,13/823,443/18860,0.029345372460496615,0.6724832619744425,-1.4900574533310234,0.9530627019525486,0.9999996234547373,0.9255855555635113,SMARCD3/ZMIZ1/GLUL/LRRC17/CDK6/SLC4A2/KITLG/RAB7B/ADA/MITF/TOX/ZBTB16/BRD4,13
GO:0030856,regulation of epithelial cell differentiation,4/823,177/18860,0.022598870056497175,0.5178793308208223,-1.376563253618865,0.9532126392970859,0.9999996234547373,0.9255855555635113,ALOX15B/FST/PROC/S1PR3,4
GO:0002707,negative regulation of lymphocyte mediated immunity,1/823,69/18860,0.014492753623188406,0.33211826650465776,-1.1872064844413197,0.9542396324599466,0.9999996234547373,0.9255855555635113,SUSD4,1
GO:0042273,ribosomal large subunit biogenesis,1/823,69/18860,0.014492753623188406,0.33211826650465776,-1.1872064844413197,0.9542396324599466,0.9999996234547373,0.9255855555635113,NIP7,1
GO:0007034,vacuolar transport,4/823,178/18860,0.02247191011235955,0.5149698963780087,-1.388814066696102,0.9546035422959673,0.9999996234547373,0.9255855555635113,LAMP2/VPS37D/RAB7B/ADRB2,4
GO:0007005,mitochondrion organization,12/823,417/18860,0.02877697841726619,0.6594578529157233,-1.5021047154391598,0.9550533303254134,0.9999996234547373,0.9255855555635113,SLC25A36/ERBB4/HIP1R/BNIP3/NME3/PLD6/PRKAA2/SIRT4/BCL2L11/PPARGC1A/EDN1/HIGD1B,12
GO:0046785,microtubule polymerization,2/823,110/18860,0.01818181818181818,0.4166574616149342,-1.3106793252398208,0.9559553038817743,0.9999996234547373,0.9255855555635113,FGF13/NIN,2
GO:1902808,positive regulation of cell cycle G1/S phase transition,1/823,70/18860,0.014285714285714285,0.3273737198403055,-1.2043051867522008,0.9562438250247629,0.9999996234547373,0.9255855555635113,EGFR,1
GO:1905953,negative regulation of lipid localization,1/823,70/18860,0.014285714285714285,0.3273737198403055,-1.2043051867522008,0.9562438250247629,0.9999996234547373,0.9255855555635113,ABCA2,1
GO:0050868,negative regulation of T cell activation,3/823,146/18860,0.02054794520547945,0.4708800079894805,-1.370958730460347,0.9565441347437473,0.9999996234547373,0.9255855555635113,SLC4A2/SFTPD/FGL1,3
GO:0030216,keratinocyte differentiation,4/823,180/18860,0.022222222222222223,0.5092480086404753,-1.4131458334562936,0.9572717358637559,0.9999996234547373,0.9255855555635113,SPRR2G/ALOX15B/CNFN/KRT73,4
GO:0008630,intrinsic apoptotic signaling pathway in response to DNA damage,2/823,111/18860,0.018018018018018018,0.4129037907895745,-1.3251309766537847,0.9575670442819967,0.9999996234547373,0.9255855555635113,NUPR1/BCL2L11,2
GO:0090398,cellular senescence,2/823,111/18860,0.018018018018018018,0.4129037907895745,-1.3251309766537847,0.9575670442819967,0.9999996234547373,0.9255855555635113,ZMIZ1/CDK6,2
GO:0034612,response to tumor necrosis factor,6/823,244/18860,0.02459016393442623,0.5635121407087226,-1.465888682190885,0.958054400485902,0.9999996234547373,0.9255855555635113,SLC2A4/ULK1/RORA/EDN1/PLVAP/POSTN,6
GO:0045682,regulation of epidermis development,1/823,71/18860,0.014084507042253521,0.32276282237776605,-1.2212237099546481,0.9581603408312886,0.9999996234547373,0.9255855555635113,ALOX15B,1
GO:0017015,regulation of transforming growth factor beta receptor signaling pathway,4/823,181/18860,0.022099447513812154,0.5064344837308593,-1.4252281152555297,0.9585508470372632,0.9999996234547373,0.9255855555635113,FOLR1/TGFB1I1/CHST11/DAND5,4
GO:0044843,cell cycle G1/S phase transition,7/823,275/18860,0.025454545454545455,0.583320446260908,-1.4868403886199621,0.9585784636828436,0.9999996234547373,0.9255855555635113,SMARCD3/EGFR/CDK6/CCNJL/SOX2/ID4/FAM107A,7
GO:0002699,positive regulation of immune effector process,7/823,276/18860,0.025362318840579712,0.5812069663831512,-1.497136803875179,0.9596162630451113,0.9999996234547373,0.9255855555635113,AZGP1/IL33/KIT/PGC/FFAR3/BRD4/SLC22A13,7
GO:0010632,regulation of epithelial cell migration,1/823,72/18860,0.013888888888888888,0.31828000540029705,-1.2379670899222157,0.9599930109838168,0.9999996234547373,0.9255855555635113,EVL,1
GO:0034142,toll-like receptor 4 signaling pathway,1/823,72/18860,0.013888888888888888,0.31828000540029705,-1.2379670899222157,0.9599930109838168,0.9999996234547373,0.9255855555635113,RAB7B,1
GO:0060760,positive regulation of response to cytokine stimulus,1/823,72/18860,0.013888888888888888,0.31828000540029705,-1.2379670899222157,0.9599930109838168,0.9999996234547373,0.9255855555635113,EDN1,1
GO:0009895,negative regulation of catabolic process,11/823,394/18860,0.027918781725888325,0.6397912798909524,-1.5434515909260913,0.9599931782607094,0.9999996234547373,0.9255855555635113,TBC1D14/PLIN5/TMEM132A/EGFR/ALAD/LEPR/NUPR1/MT3/CIRBP/TIMP3/ZAR1,11
GO:0000082,G1/S transition of mitotic cell cycle,6/823,246/18860,0.024390243902439025,0.5589307411907655,-1.4874130373467351,0.9602376934436543,0.9999996234547373,0.9255855555635113,SMARCD3/EGFR/CDK6/CCNJL/ID4/FAM107A,6
GO:0050851,antigen receptor-mediated signaling pathway,5/823,215/18860,0.023255813953488372,0.5329339625307299,-1.471273525433449,0.96061445422926806,0.9999996234547373,0.9255855555635113,NFATC2/BTN1A1/CD3E/ADA/VAV3,5
GO:0006360,transcription by RNA polymerase I,1/823,73/18860,0.0136986301369863,0.3139200053263203,-1.2545401460632088,0.9617454993785538,0.9999996234547373,0.9255855555635113,TCOF1,1
GO:0030225,macrophage differentiation,1/823,73/18860,0.0136986301369863,0.3139200053263203,-1.2545401460632088,0.9617454993785538,0.9999996234547373,0.9255855555635113,IL33,1
GO:2000144,positive regulation of DNA-templated transcription initiation,1/823,73/18860,0.0136986301369863,0.3139200053263203,-1.2545401460632088,0.9617454993785538,0.9999996234547373,0.9255855555635113,MITF,1
GO:0071675,regulation of mononuclear cell migration,3/823,150/18860,0.02,0.4583232077764277,-1.4227416974915934,0.9619583439986295,0.9999996234547373,0.9255855555635113,PDGFD/C5/CXCL17,3
GO:1903844,regulation of cellular response to transforming growth factor beta stimulus,4/823,184/18860,0.021739130434782608,0.49817739975698666,-1.4611482778892193,0.9621788121880208,0.9999996234547373,0.9255855555635113,FOLR1/TGFB1I1/CHST11/DAND5,4
GO:0042987,amyloid precursor protein catabolic process,1/823,74/18860,0.013513513513513514,0.3096778430921809,-1.2709474936526914,0.9634213099928854,0.9999996234547373,0.9255855555635113,ABCA2,1
GO:0046530,photoreceptor cell differentiation,1/823,74/18860,0.013513513513513514,0.3096778430921809,-1.2709474936526914,0.9634213099928854,0.9999996234547373,0.9255855555635113,PPP2R3A,1
GO:0050435,amyloid-beta metabolic process,1/823,74/18860,0.013513513513513514,0.3096778430921809,-1.2709474936526914,0.9634213099928854,0.9999996234547373,0.9255855555635113,ABCA2,1
GO:0050854,regulation of antigen receptor-mediated signaling pathway,1/823,74/18860,0.013513513513513514,0.3096778430921809,-1.2709474936526914,0.9634213099928854,0.9999996234547373,0.9255855555635113,ADA,1
GO:0051057,positive regulation of small GTPase mediated signal transduction,1/823,74/18860,0.013513513513513514,0.3096778430921809,-1.2709474936526914,0.9634213099928854,0.9999996234547373,0.9255855555635113,KITLG,1
GO:2000134,negative regulation of G1/S transition of mitotic cell cycle,1/823,74/18860,0.013513513513513514,0.3096778430921809,-1.2709474936526914,0.9634213099928854,0.9999996234547373,0.9255855555635113,FAM107A,1
GO:0009206,purine ribonucleoside triphosphate biosynthetic process,2/823,115/18860,0.017391304347826087,0.3985419198055893,-1.381938310834957,0.9634666740243217,0.9999996234547373,0.9255855555635113,NME9/NME3,2
GO:0009145,purine nucleoside triphosphate biosynthetic process,2/823,116/18860,0.017241379310344827,0.3951062136003687,-1.3958992547971407,0.9648136452250696,0.9999996234547373,0.9255855555635113,NME9/NME3,2
GO:0002753,cytoplasmic pattern recognition receptor signaling pathway,5/823,219/18860,0.0228310502283105,0.5232000088772005,-1.5160055389644067,0.9648713881882791,0.9999996234547373,0.9255855555635113,LAMP2/PTPRS/PRKD1/RAB7B/KCNJ8,5
GO:0030858,positive regulation of epithelial cell differentiation,1/823,75/18860,0.013333333333333334,0.3055488051842852,-1.2871935552981573,0.9650237938572449,0.9999996234547373,0.9255855555635113,ALOX15B,1
GO:0051865,protein autoubiquitination,1/823,75/18860,0.013333333333333334,0.3055488051842852,-1.2871935552981573,0.9650237938572449,0.9999996234547373,0.9255855555635113,RNF208,1
GO:0071479,cellular response to ionizing radiation,1/823,75/18860,0.013333333333333334,0.3055488051842852,-1.2871935552981573,0.9650237938572449,0.9999996234547373,0.9255855555635113,TSPYL5,1
GO:0046651,lymphocyte proliferation,8/823,312/18860,0.02564102564102564,0.5875938561236252,-1.5690290166715477,0.9651160893961657,0.9999996234547373,0.9255855555635113,IGFBP2/NFATC2/CD3E/SLC4A2/SFTPD/KITLG/ADA/VAV3,8
GO:0043534,blood vessel endothelial cell migration,4/823,187/18860,0.0213903743315508,0.49018524895874616,-1.4965914064155683,0.965510450836228,0.9999996234547373,0.9255855555635113,HDAC5/PRKD1/MICALL1/HRG,4
GO:0031109,microtubule polymerization or depolymerization,3/823,153/18860,0.0196078431372549,0.44933647821218403,-1.4608547785409236,0.9655958692601541,0.9999996234547373,0.9255855555635113,FGF13/APC2/NIN,3
GO:0050852,T cell receptor signaling pathway,3/823,153/18860,0.0196078431372549,0.44933647821218403,-1.4608547785409236,0.9655958692601541,0.9999996234547373,0.9255855555635113,BTN1A1/CD3E/ADA,3
GO:0006892,post-Golgi vesicle-mediated transport,2/823,117/18860,0.017094017094017096,0.3917292374157502,-1.4097672439197122,0.9661128179321139,0.9999996234547373,0.9255855555635113,GGA2/RAB26,2
GO:0006469,negative regulation of protein kinase activity,1/823,76/18860,0.013157894736842105,0.3015284261687024,-1.303282571610762,0.9665561557233875,0.9999996234547373,0.9255855555635113,PDCD4,1
GO:0033363,secretory granule organization,1/823,76/18860,0.013157894736842105,0.3015284261687024,-1.303282571610762,0.9665561557233875,0.9999996234547373,0.9255855555635113,PTPRN,1
GO:0048525,negative regulation of viral process,1/823,76/18860,0.013157894736842105,0.3015284261687024,-1.303282571610762,0.9665561557233875,0.9999996234547373,0.9255855555635113,MID2,1
GO:0071260,cellular response to mechanical stimulus,1/823,76/18860,0.013157894736842105,0.3015284261687024,-1.303282571610762,0.9665561557233875,0.9999996234547373,0.9255855555635113,BNIP3,1
GO:0060294,cilium movement involved in cell motility,5/823,222/18860,0.02252252252252252,0.5161297384869681,-1.5491121495909865,0.9677816298254756,0.9999996234547373,0.9255855555635113,PACRG/TAC4/DNAH14/PLTP/DEFB1,5
GO:0001707,mesoderm formation,1/823,77/18860,0.012987012987012988,0.29761247258209594,-1.3192186111471715,0.9680214604422785,0.9999996234547373,0.9255855555635113,DKK1,1
GO:0010803,regulation of tumor necrosis factor-mediated signaling pathway,1/823,77/18860,0.012987012987012988,0.29761247258209594,-1.3192186111471715,0.9680214604422785,0.9999996234547373,0.9255855555635113,ULK1,1
GO:0032729,positive regulation of type II interferon production,1/823,77/18860,0.012987012987012988,0.29761247258209594,-1.3192186111471715,0.9680214604422785,0.9999996234547373,0.9255855555635113,CD3E,1
GO:0007088,regulation of mitotic nuclear division,2/823,119/18860,0.01680672268907563,0.3851455527533006,-1.437230795425717,0.9685741194125909,0.9999996234547373,0.9255855555635113,OBSL1/EDN1,2
GO:2001233,regulation of apoptotic signaling pathway,11/823,406/18860,0.027093596059113302,0.6208811928005794,-1.6495678482038927,0.9692883587301755,0.9999996234547373,0.9255855555635113,FGA/FGB/FGG/COL2A1/TPD52L1/G0S2/AR/NUPR1/BCL2L11/RET/MAL,11
GO:0051898,negative regulation of phosphatidylinositol 3-kinase/protein kinase B signal transduction,1/823,78/18860,0.01282051282051282,0.2937969280618126,-1.3350055796809552,0.9694226390642242,0.9999996234547373,0.9255855555635113,PDCD6,1
GO:0071496,cellular response to external stimulus,1/823,78/18860,0.01282051282051282,0.2937969280618126,-1.3350055796809552,0.9694226390642242,0.9999996234547373,0.9255855555635113,BNIP3,1
GO:0071806,protein transmembrane transport,1/823,78/18860,0.01282051282051282,0.2937969280618126,-1.3350055796809552,0.9694226390642242,0.9999996234547373,0.9255855555635113,AZGP1,1
GO:0042098,T cell proliferation,5/823,224/18860,0.022321428571428572,0.5115214372504774,-1.5709785766611095,0.9695963845543247,0.9999996234547373,0.9255855555635113,IGFBP2/CD3E/SLC4A2/SFTPD/KITLG,5
GO:0006334,nucleosome assembly,2/823,120/18860,0.016666666666666666,0.3819360064803564,-1.4508294701487896,0.9697393041286574,0.9999996234547373,0.9255855555635113,TSPYL4/TSPYL5,2
GO:0007040,lysosome organization,2/823,120/18860,0.016666666666666666,0.3819360064803564,-1.4508294701487896,0.9697393041286574,0.9999996234547373,0.9255855555635113,LAMP2/RAB7B,2
GO:0019882,antigen processing and presentation,2/823,120/18860,0.016666666666666666,0.3819360064803564,-1.4508294701487896,0.9697393041286574,0.9999996234547373,0.9255855555635113,AZGP1/CTSF,2
GO:0080171,lytic vacuole organization,2/823,120/18860,0.016666666666666666,0.3819360064803564,-1.4508294701487896,0.9697393041286574,0.9999996234547373,0.9255855555635113,LAMP2/RAB7B,2
GO:0120034,positive regulation of plasma membrane bounded cell projection assembly,2/823,120/18860,0.016666666666666666,0.3819360064803564,-1.4508294701487896,0.9697393041286574,0.9999996234547373,0.9255855555635113,KIT/TGFB3,2
GO:0043484,regulation of RNA splicing,4/823,192/18860,0.020833333333333332,0.4774200081004455,-1.5546462774126908,0.9704630228127493,0.9999996234547373,0.9255855555635113,CELF4/RBPMS2/CIRBP/SRRM4,4
GO:0001539,cilium or flagellum-dependent cell motility,5/823,225/18860,0.022222222222222223,0.5092480086404753,-1.5818515568530123,0.9704678790029484,0.9999996234547373,0.9255855555635113,PACRG/TAC4/DNAH14/PLTP/DEFB1,5
GO:0060285,cilium-dependent cell motility,5/823,225/18860,0.022222222222222223,0.5092480086404753,-1.5818515568530123,0.9704678790029484,0.9999996234547373,0.9255855555635113,PACRG/TAC4/DNAH14/PLTP/DEFB1,5
GO:0045787,positive regulation of cell cycle,9/823,349/18860,0.025787965616045846,0.5909611561587177,-1.647553099376351,0.9706212013564177,0.9999996234547373,0.9255855555635113,SMARCD3/EGFR/NUPR1/BCL2L11/FOXA1/ASNS/OPN1MW/BRD4/EDN1,9
GO:0006605,protein targeting,8/823,319/18860,0.025078369905956112,0.5746999470550818,-1.636444559444605,0.970681560777976,0.9999996234547373,0.9255855555635113,SYNGR1/LAMP2/ZDHHC2/VPS37D/SIRT4/NACAD/MICALL1/CWH43,8
GO:0032943,mononuclear cell proliferation,8/823,319/18860,0.025078369905956112,0.5746999470550818,-1.636444559444605,0.970681560777976,0.9999996234547373,0.9255855555635113,IGFBP2/NFATC2/CD3E/SLC4A2/SFTPD/KITLG/ADA/VAV3,8
GO:0002437,inflammatory response to antigenic stimulus,1/823,79/18860,0.012658227848101266,0.290077979605334,-1.3506472288569882,0.9707624946733258,0.9999996234547373,0.9255855555635113,NPY,1
GO:0045911,positive regulation of DNA recombination,1/823,79/18860,0.012658227848101266,0.290077979605334,-1.3506472288569882,0.9707624946733258,0.9999996234547373,0.9255855555635113,ZCWPW1,1
GO:0048332,mesoderm morphogenesis,1/823,79/18860,0.012658227848101266,0.290077979605334,-1.3506472288569882,0.9707624946733258,0.9999996234547373,0.9255855555635113,DKK1,1
GO:0072678,T cell migration,1/823,79/18860,0.012658227848101266,0.290077979605334,-1.3506472288569882,0.9707624946733258,0.9999996234547373,0.9255855555635113,GNAI1,1
GO:0009201,ribonucleoside triphosphate biosynthetic process,2/823,121/18860,0.01652892561983471,0.3787795105590312,-1.4643414177045,0.9708628045686741,0.9999996234547373,0.9255855555635113,NME9/NME3,2
GO:0006913,nucleocytoplasmic transport,9/823,350/18860,0.025714285714285714,0.5892726957125499,-1.6567671802859711,0.9713201620493135,0.9999996234547373,0.9255855555635113,RANBP3L/NMD3/IPO11/IL33/PRKD1/CWH43/INSIG1/CABP1/RANBP17,9
GO:0032496,response to lipopolysaccharide,9/823,350/18860,0.025714285714285714,0.5892726957125499,-1.6567671802859711,0.9713201620493135,0.9999996234547373,0.9255855555635113,PALM3/ATP4B/ALAD/HDAC5/PDCD4/LDOC1/ABCC8/EDN1/KCNJ8,9
GO:0051169,nuclear transport,9/823,350/18860,0.025714285714285714,0.5892726957125499,-1.6567671802859711,0.9713201620493135,0.9999996234547373,0.9255855555635113,RANBP3L/NMD3/IPO11/IL33/PRKD1/CWH43/INSIG1/CABP1/RANBP17,9
GO:0007159,leukocyte cell-cell adhesion,12/823,439/18860,0.02733485193621868,0.6264098511750721,-1.6917966859642974,0.9718822001919833,0.9999996234547373,0.9255855555635113,SMARCD3/ZMIZ1/IGFBP2/CD3E/SLC4A2/SFTPD/KITLG/ADA/FGL1/ZBTB16/FUT9/BRD4,12
GO:0002705,positive regulation of leukocyte mediated immunity,3/823,159/18860,0.018867924528301886,0.4323803846947431,-1.5353261157430662,0.9719095625518968,0.9999996234547373,0.9255855555635113,AZGP1/KIT/SLC22A13,3
GO:0043535,regulation of blood vessel endothelial cell migration,3/823,159/18860,0.018867924528301886,0.4323803846947431,-1.5353261157430662,0.9719095625518968,0.9999996234547373,0.9255855555635113,HDAC5/PRKD1/HRG,3
GO:0032609,type II interferon production,2/823,122/18860,0.01639344262295082,0.3756747604724818,-1.4777680943329692,0.9719460341019961,0.9999996234547373,0.9255855555635113,IL33/CD3E,2
GO:0032649,regulation of type II interferon production,2/823,122/18860,0.01639344262295082,0.3756747604724818,-1.4777680943329692,0.9719460341019961,0.9999996234547373,0.9255855555635113,IL33/CD3E,2
GO:0002637,regulation of immunoglobulin production,1/823,80/18860,0.0125,0.28645200486026734,-1.3661471642774305,0.9720437079678176,0.9999996234547373,0.9255855555635113,IL33,1
GO:0002704,negative regulation of leukocyte mediated immunity,1/823,80/18860,0.0125,0.28645200486026734,-1.3661471642774305,0.9720437079678176,0.9999996234547373,0.9255855555635113,SUSD4,1
GO:0006626,protein targeting to mitochondrion,1/823,80/18860,0.0125,0.28645200486026734,-1.3661471642774305,0.9720437079678176,0.9999996234547373,0.9255855555635113,SIRT4,1
GO:0043536,positive regulation of blood vessel endothelial cell migration,1/823,80/18860,0.0125,0.28645200486026734,-1.3661471642774305,0.9720437079678176,0.9999996234547373,0.9255855555635113,PRKD1,1
GO:0051298,centrosome duplication,1/823,80/18860,0.0125,0.28645200486026734,-1.3661471642774305,0.9720437079678176,0.9999996234547373,0.9255855555635113,WDR90,1
GO:0140895,cell surface toll-like receptor signaling pathway,1/823,80/18860,0.0125,0.28645200486026734,-1.3661471642774305,0.9720437079678176,0.9999996234547373,0.9255855555635113,RAB7B,1
GO:0042113,B cell activation,7/823,291/18860,0.024054982817869417,0.5512478444046381,-1.6479190694022523,0.9726027341855347,0.9999996234547373,0.9255855555635113,ST3GAL1/NFATC2/HDAC5/ITM2A/KIT/ADA/VAV3,7
GO:0019827,stem cell population maintenance,4/823,195/18860,0.020512820512820513,0.4700750848989002,-1.588893332770861,0.9731070515523372,0.9999996234547373,0.9255855555635113,CDH2/KIT/SOX2/VANGL2,4
GO:0051347,positive regulation of transferase activity,3/823,161/18860,0.018633540372670808,0.4270091997917029,-1.5596548193560975,0.9737582627695335,0.9999996234547373,0.9255855555635113,TPD52L1/MT3/EEF1A2,3
GO:0071482,cellular response to light stimulus,2/823,124/18860,0.016129032258064516,0.3696154901422804,-1.5043712735498258,0.9739971161442678,0.9999996234547373,0.9255855555635113,OPN4/OPN1MW,2
GO:0030330,"DNA damage response, signal transduction by p53 class mediator",1/823,82/18860,0.012195121951219513,0.27946537059538273,-1.3967356309329073,0.9744403502677401,0.9999996234547373,0.9255855555635113,SMYD2,1
GO:0090049,regulation of cell migration involved in sprouting angiogenesis,1/823,82/18860,0.012195121951219513,0.27946537059538273,-1.3967356309329073,0.9744403502677401,0.9999996234547373,0.9255855555635113,HDAC5,1
GO:0022900,electron transport chain,2/823,125/18860,0.016,0.3666585662211422,-1.5175505061919956,0.9749675809671803,0.9999996234547373,0.9255855555635113,DHRS2/PPARGC1A,2
GO:0021536,diencephalon development,1/823,83/18860,0.012048192771084338,0.2760983179376071,-1.411830708830717,0.9755605756234569,0.9999996234547373,0.9255855555635113,SOX2,1
GO:0033673,negative regulation of kinase activity,1/823,83/18860,0.012048192771084338,0.2760983179376071,-1.411830708830717,0.9755605756234569,0.9999996234547373,0.9255855555635113,PDCD4,1
GO:1903008,organelle disassembly,1/823,83/18860,0.012048192771084338,0.2760983179376071,-1.411830708830717,0.9755605756234569,0.9999996234547373,0.9255855555635113,PRKAA2,1
GO:0043123,positive regulation of canonical NF-kappaB signal transduction,5/823,232/18860,0.021551724137931036,0.49388276700046096,-1.6568725316236805,0.9759494453173163,0.9999996234547373,0.9255855555635113,EDA/MID2/PRKD1/BRD4/EDN1,5
GO:0044458,motile cilium assembly,1/823,84/18860,0.011904761904761904,0.2728114332002546,-1.4267971791452942,0.9766317609172681,0.9999996234547373,0.9255855555635113,DMD,1
GO:0070534,protein K63-linked ubiquitination,1/823,84/18860,0.011904761904761904,0.2728114332002546,-1.4267971791452942,0.9766317609172681,0.9999996234547373,0.9255855555635113,RNF152,1
GO:2000142,regulation of DNA-templated transcription initiation,1/823,84/18860,0.011904761904761904,0.2728114332002546,-1.4267971791452942,0.9766317609172681,0.9999996234547373,0.9255855555635113,MITF,1
GO:0098727,maintenance of cell number,4/823,200/18860,0.02,0.4583232077764277,-1.6450401506470809,0.977026837871328,0.9999996234547373,0.9255855555635113,CDH2/KIT/SOX2/VANGL2,4
GO:1903038,negative regulation of leukocyte cell-cell adhesion,3/823,165/18860,0.01818181818181818,0.4166574616149342,-1.6076073373328463,0.9771150098223629,0.9999996234547373,0.9255855555635113,SLC4A2/SFTPD/FGL1,3
GO:2000278,regulation of DNA biosynthetic process,1/823,85/18860,0.011764705882352941,0.2696018869273104,-1.4416380215417617,0.9776560504765507,0.9999996234547373,0.9255855555635113,KCNK2,1
GO:0045860,positive regulation of protein kinase activity,2/823,128/18860,0.015625,0.35806500607533415,-1.5566144461503617,0.97767349487479,0.9999996234547373,0.9255855555635113,TPD52L1/MT3,2
GO:0051321,meiotic cell cycle,7/823,299/18860,0.023411371237458192,0.5364987381998317,-1.72569056551093,0.9778441301473405,0.9999996234547373,0.9255855555635113,REC8/ZCWPW1/PLD6/BCL2L11/SYCP2/EDN1/TDRD9,7
GO:0000209,protein polyubiquitination,7/823,300/18860,0.023333333333333334,0.534710409072499,-1.735290038108732,0.978429942325802,0.9999996234547373,0.9255855555635113,ASB11/RNF180/UBE2QL1/PRKAA2/NEDD4L/RNF152/KLHL3,7
GO:0009142,nucleoside triphosphate biosynthetic process,2/823,129/18860,0.015503875968992248,0.35528930835381994,-1.5694820059404604,0.9785108644880378,0.9999996234547373,0.9255855555635113,NME9/NME3,2
GO:0006289,nucleotide-excision repair,1/823,86/18860,0.011627906976744186,0.26646698126536494,-1.456356108439859,0.9786354949749687,0.9999996234547373,0.9255855555635113,SMARCD3,1
GO:1903051,negative regulation of proteolysis involved in protein catabolic process,1/823,86/18860,0.011627906976744186,0.26646698126536494,-1.456356108439859,0.9786354949749687,0.9999996234547373,0.9255855555635113,ALAD,1
GO:0050657,nucleic acid transport,3/823,167/18860,0.017964071856287425,0.41166755189499493,-1.6312428809984507,0.9786361830832446,0.9999996234547373,0.9255855555635113,SIDT2/KIF5C/RANBP17,3
GO:0050658,RNA transport,3/823,167/18860,0.017964071856287425,0.41166755189499493,-1.6312428809984507,0.9786361830832446,0.9999996234547373,0.9255855555635113,SIDT2/KIF5C/RANBP17,3
GO:0002440,production of molecular mediator of immune response,5/823,236/18860,0.0211864406779661,0.48551187264452084,-1.6989162579462789,0.9786403678980964,0.9999996234547373,0.9255855555635113,IL33/KIT/PGC/FFAR3/TGFB3,5
GO:0030317,flagellated sperm motility,4/823,203/18860,0.019704433497536946,0.4515499584004214,-1.6781905923144715,0.9791139300498297,0.9999996234547373,0.9255855555635113,PACRG/TAC4/PLTP/DEFB1,4
GO:0062207,regulation of pattern recognition receptor signaling pathway,4/823,203/18860,0.019704433497536946,0.4515499584004214,-1.6781905923144715,0.9791139300498297,0.9999996234547373,0.9255855555635113,LAMP2/PTPRS/PRKD1/RAB7B,4
GO:0097722,sperm motility,4/823,204/18860,0.0196078431372549,0.44933647821218403,-1.6891539005101295,0.979768982987253,0.9999996234547373,0.9255855555635113,PACRG/TAC4/PLTP/DEFB1,4
GO:0009144,purine nucleoside triphosphate metabolic process,6/823,271/18860,0.02214022140221402,0.5073688646971524,-1.7448398989771676,0.9800414154930805,0.9999996234547373,0.9255855555635113,NME9/NME3/PRKAA2/NUPR1/ADA/PGAM2,6
GO:0033209,tumor necrosis factor-mediated signaling pathway,2/823,131/18860,0.015267175572519083,0.34986504410414326,-1.5949936767469943,0.9800953193696365,0.9999996234547373,0.9255855555635113,ULK1/PLVAP,2
GO:0062208,positive regulation of pattern recognition receptor signaling pathway,1/823,88/18860,0.011363636363636364,0.26041091350933393,-1.485434999776537,0.9804676075506737,0.9999996234547373,0.9255855555635113,PRKD1,1
GO:0051236,establishment of RNA localization,3/823,170/18860,0.01764705882352941,0.4044028303909656,-1.6662859425633343,0.9807386027484035,0.9999996234547373,0.9255855555635113,SIDT2/KIF5C/RANBP17,3
GO:1902850,microtubule cytoskeleton organization involved in mitosis,3/823,170/18860,0.01764705882352941,0.4044028303909656,-1.6662859425633343,0.9807386027484035,0.9999996234547373,0.9255855555635113,GPSM1/GNAI1/FSD1,3
GO:0030512,negative regulation of transforming growth factor beta receptor signaling pathway,2/823,132/18860,0.015151515151515152,0.34721455134577855,-1.6076400813908005,0.9808444873377767,0.9999996234547373,0.9255855555635113,CHST11/DAND5,2
GO:1902806,regulation of cell cycle G1/S phase transition,4/823,206/18860,0.019417475728155338,0.44497398813245403,-1.7109529087895334,0.981021389998818,0.9999996234547373,0.9255855555635113,SMARCD3/EGFR/SOX2/FAM107A,4
GO:0010639,negative regulation of organelle organization,9/823,367/18860,0.02452316076294278,0.5619766852844482,-1.8101045909550713,0.9811083245260181,0.9999996234547373,0.9255855555635113,CGNL1/FGF13/HIP1R/BNIP3/APC2/NUPR1/TBC1D4/KANK4/LMOD2,9
GO:0040029,epigenetic regulation of gene expression,7/823,305/18860,0.022950819672131147,0.5259446646614744,-1.78289420893112,0.9811502578853434,0.9999996234547373,0.9255855555635113,ZCWPW1/HDAC5/APOBEC2/SMARCA1/NDN/ZDBF2/TDRD9,7
GO:0002752,cell surface pattern recognition receptor signaling pathway,1/823,89/18860,0.011235955056179775,0.25748494818900436,-1.4998010576531349,0.9813239445944515,0.9999996234547373,0.9255855555635113,RAB7B,1
GO:0046718,symbiont entry into host cell,2/823,136/18860,0.014705882352941176,0.337002358659138,-1.657521676068015,0.9835768495196673,0.9999996234547373,0.9255855555635113,EGFR/SLC10A1,2
GO:0030071,regulation of mitotic metaphase/anaphase transition,1/823,92/18860,0.010869565217391304,0.24908869987849333,-1.5422353425418762,0.9836744461373461,0.9999996234547373,0.9255855555635113,SMARCD3,1
GO:0060337,type I interferon-mediated signaling pathway,1/823,92/18860,0.010869565217391304,0.24908869987849333,-1.5422353425418762,0.9836744461373461,0.9999996234547373,0.9255855555635113,TBKBP1,1
GO:2001234,negative regulation of apoptotic signaling pathway,5/823,245/18860,0.02040816326530612,0.4676767426290078,-1.791447388147624,0.98370023536501106,0.9999996234547373,0.9255855555635113,FGA/FGB/FGG/COL2A1/AR,5
GO:0002708,positive regulation of lymphocyte mediated immunity,2/823,137/18860,0.014598540145985401,0.3345424874280494,-1.6698212843127114,0.9841984242407766,0.9999996234547373,0.9255855555635113,AZGP1/SLC22A13,2
GO:0007052,mitotic spindle organization,2/823,137/18860,0.014598540145985401,0.3345424874280494,-1.6698212843127114,0.9841984242407766,0.9999996234547373,0.9255855555635113,GNAI1/FSD1,2
GO:0008033,tRNA processing,2/823,137/18860,0.014598540145985401,0.3345424874280494,-1.6698212843127114,0.9841984242407766,0.9999996234547373,0.9255855555635113,ANKRD16/RPP30,2
GO:0006400,tRNA modification,1/823,93/18860,0.010752688172043012,0.24641032676152028,-1.5561665684152743,0.984390341855002,0.9999996234547373,0.9255855555635113,ANKRD16,1
GO:0035023,regulation of Rho protein signal transduction,1/823,93/18860,0.010752688172043012,0.24641032676152028,-1.5561665684152743,0.984390341855002,0.9999996234547373,0.9255855555635113,ARHGAP20,1
GO:0071357,cellular response to type I interferon,1/823,93/18860,0.010752688172043012,0.24641032676152028,-1.5561665684152743,0.984390341855002,0.9999996234547373,0.9255855555635113,TBKBP1,1
GO:0002237,response to molecule of bacterial origin,9/823,375/18860,0.024,0.5499878493317132,-1.8802138257253425,0.9845572076302033,0.9999996234547373,0.9255855555635113,PALM3/ATP4B/ALAD/HDAC5/PDCD4/LDOC1/ABCC8/EDN1/KCNJ8,9
GO:0007018,microtubule-based movement,13/823,496/18860,0.02620967741935484,0.6006251714812056,-1.9253734572952466,0.9848397165672853,0.9999996234547373,0.9255855555635113,AQP4/KIF17/PACRG/RAB17/TAC4/WDPCP/NEFL/CWH43/DNAH14/KIF1A/KIF5C/PLTP/DEFB1,13
GO:0034243,regulation of transcription elongation by RNA polymerase II,1/823,94/18860,0.010638297872340425,0.24378894030661047,-1.5699947159102428,0.9850748811342331,0.9999996234547373,0.9255855555635113,BRD4,1
GO:0051028,mRNA transport,2/823,139/18860,0.014388489208633094,0.32972892645786167,-1.694222522948387,0.9853737263637551,0.9999996234547373,0.9255855555635113,KIF5C/RANBP17,2
GO:2000045,regulation of G1/S transition of mitotic cell cycle,3/823,178/18860,0.016853932584269662,0.3862274222835065,-1.75744965790685,0.9854225990756531,0.9999996234547373,0.9255855555635113,SMARCD3/EGFR/FAM107A,3
GO:1902099,regulation of metaphase/anaphase transition of cell cycle,1/823,95/18860,0.010526315789473684,0.24122274093496193,-1.583721891297706,0.9857294357983345,0.9999996234547373,0.9255855555635113,SMARCD3,1
GO:0007091,metaphase/anaphase transition of mitotic cell cycle,1/823,96/18860,0.010416666666666666,0.23871000405022275,-1.597350133569296,0.9863553177241523,0.9999996234547373,0.9255855555635113,SMARCD3,1
GO:0097194,execution phase of apoptosis,1/823,96/18860,0.010416666666666666,0.23871000405022275,-1.597350133569296,0.9863553177241523,0.9999996234547373,0.9255855555635113,GATA5,1
GO:0002456,T cell mediated immunity,2/823,141/18860,0.014184397163120567,0.325051920408814,-1.7183660963427143,0.9864638343794659,0.9999996234547373,0.9255855555635113,AZGP1/SLC22A13,2
GO:0044409,symbiont entry into host,2/823,141/18860,0.014184397163120567,0.325051920408814,-1.7183660963427143,0.9864638343794659,0.9999996234547373,0.9255855555635113,EGFR/SLC10A1,2
GO:1902117,positive regulation of organelle assembly,1/823,97/18860,0.010309278350515464,0.23624907617341634,-1.6108814173152004,0.9869537814585918,0.9999996234547373,0.9255855555635113,ULK1,1
GO:0032388,positive regulation of intracellular transport,2/823,142/18860,0.014084507042253521,0.32276282237776605,-1.7303435446198963,0.986978818082813,0.9999996234547373,0.9255855555635113,ZDHHC2/PRKD1,2
GO:0009141,nucleoside triphosphate metabolic process,6/823,287/18860,0.020905923344947737,0.4790834924492276,-1.8995255277575576,0.9873996146967007,0.9999996234547373,0.9255855555635113,NME9/NME3/PRKAA2/NUPR1/ADA/PGAM2,6
GO:0051250,negative regulation of lymphocyte activation,3/823,183/18860,0.01639344262295082,0.3756747604724818,-1.8128420783395038,0.9877728467220466,0.9999996234547373,0.9255855555635113,SLC4A2/SFTPD/FGL1,3
GO:0002429,immune response-activating cell surface receptor signaling pathway,8/823,353/18860,0.0226628895184136,0.5193464110781051,-1.9472809932240323,0.9878651715577424,0.9999996234547373,0.9255855555635113,NFATC2/PAK3/BTN1A1/CD3E/PLA2G6/RAB7B/ADA/VAV3,8
GO:0022408,negative regulation of cell-cell adhesion,4/823,220/18860,0.01818181818181818,0.4166574616149342,-1.8590416881858545,0.9879412927649154,0.9999996234547373,0.9255855555635113,SLC4A2/SFTPD/MUC21/FGL1,4
GO:0002768,immune response-regulating cell surface receptor signaling pathway,9/823,385/18860,0.023376623376623377,0.5357024506477727,-1.9661272743961826,0.9880493954654501,0.9999996234547373,0.9255855555635113,NFATC2/PAK3/BTN1A1/CD3E/KIT/PLA2G6/RAB7B/ADA/VAV3,9
GO:0034340,response to type I interferon,1/823,99/18860,0.010101010101010102,0.2314763675638524,-1.637660701789833,0.9880732007967694,0.9999996234547373,0.9255855555635113,TBKBP1,1
GO:0035278,miRNA-mediated gene silencing by inhibition of translation,1/823,99/18860,0.010101010101010102,0.2314763675638524,-1.637660701789833,0.9880732007967694,0.9999996234547373,0.9255855555635113,WTIP,1
GO:0044784,metaphase/anaphase transition of cell cycle,1/823,99/18860,0.010101010101010102,0.2314763675638524,-1.637660701789833,0.9880732007967694,0.9999996234547373,0.9255855555635113,SMARCD3,1
GO:0051348,negative regulation of transferase activity,1/823,99/18860,0.010101010101010102,0.2314763675638524,-1.637660701789833,0.9880732007967694,0.9999996234547373,0.9255855555635113,PDCD4,1
GO:0043549,regulation of kinase activity,5/823,256/18860,0.01953125,0.44758125759416767,-1.90091333509284,0.9883570994235622,0.9999996234547373,0.9255855555635113,TPD52L1/PDCD4/TRIB2/MT3/EEF1A2,5
GO:0010212,response to ionizing radiation,2/823,145/18860,0.013793103448275862,0.3160849708802949,-1.7659090332270684,0.9884119041289081,0.9999996234547373,0.9255855555635113,ALAD/TSPYL5,2
GO:0071214,cellular response to abiotic stimulus,8/823,355/18860,0.022535211267605635,0.5164205158044256,-1.9647830131770416,0.9884998736472104,0.9999996234547373,0.9255855555635113,BNIP3/SLC2A4/OPN4/SCNN1B/SCNN1G/OPN1MW/SCN2A/TSPYL5,8
GO:0104004,cellular response to environmental stimulus,8/823,355/18860,0.022535211267605635,0.5164205158044256,-1.9647830131770416,0.9884998736472104,0.9999996234547373,0.9255855555635113,BNIP3/SLC2A4/OPN4/SCNN1B/SCNN1G/OPN1MW/SCN2A/TSPYL5,8
GO:0051701,biological process involved in interaction with host,3/823,185/18860,0.016216216216216217,0.37161341171061707,-1.8346767672203543,0.9886070990837164,0.9999996234547373,0.9255855555635113,EGFR/SLC10A1/FBLN1,3
GO:0007032,endosome organization,1/823,101/18860,0.009900990099009901,0.22689267711704342,-1.6640743534511684,0.9890966759921113,0.9999996234547373,0.9255855555635113,VPS37D,1
GO:0051783,regulation of nuclear division,2/823,147/18860,0.013605442176870748,0.3117844950860052,-1.7893220197707893,0.989280620892223,0.9999996234547373,0.9255855555635113,OBSL1/EDN1,2
GO:0002697,regulation of immune effector process,10/823,421/18860,0.023752969121140142,0.5443268500907692,-2.0197745701675327,0.989477155038005,0.9999996234547373,0.9255855555635113,AZGP1/SUSD4/IL33/KIT/PGC/FFAR3/TGFB3/BRD4/SLC22A13/DNASE1,10
GO:0033108,mitochondrial respiratory chain complex assembly,1/823,102/18860,0.00980392156862745,0.22466823910609202,-1.677148392339228,0.9895750296174908,0.9999996234547373,0.9255855555635113,HIGD1B,1
GO:0071478,cellular response to radiation,3/823,188/18860,0.015957446808510637,0.3656834104599157,-1.8670960937120415,0.9897566346044151,0.9999996234547373,0.9255855555635113,OPN4/OPN1MW/TSPYL5,3
GO:0009408,response to heat,1/823,103/18860,0.009708737864077669,0.22248699406622702,-1.6901361108640518,0.9900324211637539,0.9999996234547373,0.9255855555635113,PDCD6,1
GO:0032784,regulation of DNA-templated transcription elongation,1/823,104/18860,0.009615384615384616,0.2203476960463595,-1.7030391016731272,0.9904697681479321,0.9999996234547373,0.9255855555635113,BRD4,1
GO:0045824,negative regulation of innate immune response,1/823,104/18860,0.009615384615384616,0.2203476960463595,-1.7030391016731272,0.9904697681479321,0.9999996234547373,0.9255855555635113,SUSD4,1
GO:0009060,aerobic respiration,6/823,297/18860,0.020202020202020204,0.4629527351277048,-1.9927083776779713,0.9906111540211692,0.9999996234547373,0.9255855555635113,PRKAA2/SIRT4/NUPR1/NNT/IDH2/PGAM2,6
GO:0006457,protein folding,4/823,228/18860,0.017543859649122806,0.40203790155826985,-1.9403873660840498,0.9907368162482291,0.9999996234547373,0.9255855555635113,PDILT/ERP27/PDIA2/DNAJB13,4
GO:2000779,regulation of double-strand break repair,2/823,151/18860,0.013245033112582781,0.30352530316319715,-1.835462958196592,0.9908316591791615,0.9999996234547373,0.9255855555635113,SMARCD3/ZCWPW1,2
GO:0032637,interleukin-8 production,1/823,105/18860,0.009523809523809525,0.2182491465602037,-1.7158589112595681,0.9908879479738146,0.9999996234547373,0.9255855555635113,PLA2G1B,1
GO:0032677,regulation of interleukin-8 production,1/823,105/18860,0.009523809523809525,0.2182491465602037,-1.7158589112595681,0.9908879479738146,0.9999996234547373,0.9255855555635113,PLA2G1B,1
GO:0002703,regulation of leukocyte mediated immunity,5/823,264/18860,0.01893939393939394,0.4340181891822232,-1.978207136259077,0.9909199016306403,0.9999996234547373,0.9255855555635113,AZGP1/SUSD4/KIT/SLC22A13/DNASE1,5
GO:0009205,purine ribonucleoside triphosphate metabolic process,5/823,264/18860,0.01893939393939394,0.4340181891822232,-1.978207136259077,0.9909199016306403,0.9999996234547373,0.9255855555635113,NME9/NME3/PRKAA2/NUPR1/PGAM2,5
GO:0030101,natural killer cell activation,1/823,107/18860,0.009345794392523364,0.21416972326001293,-1.7412549526586196,0.991670125633312,0.9999996234547373,0.9255855555635113,TOX,1
GO:0033045,regulation of sister chromatid segregation,1/823,107/18860,0.009345794392523364,0.21416972326001293,-1.7412549526586196,0.991670125633312,0.9999996234547373,0.9255855555635113,SMARCD3,1
GO:0035082,axoneme assembly,1/823,107/18860,0.009345794392523364,0.21416972326001293,-1.7412549526586196,0.991670125633312,0.9999996234547373,0.9255855555635113,DNAJB13,1
GO:0001960,negative regulation of cytokine-mediated signaling pathway,1/823,108/18860,0.009259259259259259,0.21218667026686466,-1.7538340624260687,0.9920356930947201,0.9999996234547373,0.9255855555635113,PALM3,1
GO:0045333,cellular respiration,7/823,336/18860,0.020833333333333332,0.4774200081004455,-2.0645819473717895,0.9920604584612701,0.9999996234547373,0.9255855555635113,PRKAA2/SIRT4/NUPR1/NNT/PPARGC1A/IDH2/PGAM2,7
GO:0002460,adaptive immune response based on somatic recombination of immune receptors built from immunoglobulin superfamily domains,9/823,402/18860,0.022388059701492536,0.5130483669139115,-2.1080632032154294,0.9923530481148595,0.9999996234547373,0.9255855555635113,AZGP1/SUSD4/C5/IL33/RORC/ADA/RORA/BRD4/SLC22A13,9
GO:0043124,negative regulation of canonical NF-kappaB signal transduction,1/823,109/18860,0.009174311926605505,0.21024000356716868,-1.7663357500584236,0.9923852357879285,0.9999996234547373,0.9255855555635113,RORA,1
GO:0045859,regulation of protein kinase activity,4/823,234/18860,0.017094017094017096,0.3917292374157502,-1.9999639461012395,0.9924147716722371,0.9999996234547373,0.9255855555635113,TPD52L1/PDCD4/TRIB2/MT3,4
GO:0045814,"negative regulation of gene expression, epigenetic",3/823,197/18860,0.015228426395939087,0.3489770617587013,-1.962075754072988,0.992573310414226,0.9999996234547373,0.9255855555635113,HDAC5/SMARCA1/TDRD9,3
GO:0050866,negative regulation of cell activation,4/823,235/18860,0.01702127659574468,0.39006230449057677,-2.0097792600456144,0.9926644591547303,0.9999996234547373,0.9255855555635113,SLC4A2/SFTPD/FGL1/F2,4
GO:0001959,regulation of cytokine-mediated signaling pathway,3/823,198/18860,0.015151515151515152,0.34721455134577855,-1.9724275627013037,0.9928355440476937,0.9999996234547373,0.9255855555635113,PALM3/ULK1/EDN1,3
GO:0002377,immunoglobulin production,1/823,111/18860,0.009009009009009009,0.20645189539478725,-1.7911121863509931,0.9930390227200161,0.9999996234547373,0.9255855555635113,IL33,1
GO:0009411,response to UV,2/823,159/18860,0.012578616352201259,0.2882535897964954,-1.9251675275248321,0.9933043150519076,0.9999996234547373,0.9255855555635113,EGFR/CIRBP,2
GO:0060761,negative regulation of response to cytokine stimulus,1/823,113/18860,0.008849557522123894,0.2027978795470919,-1.8155945585563382,0.9936367392660947,0.9999996234547373,0.9255855555635113,PALM3,1
GO:0000377,"RNA splicing, via transesterification reactions with bulged adenosine as nucleophile",7/823,344/18860,0.020348837209302327,0.46631721721438874,-2.133860000813152,0.9936957297204909,0.9999996234547373,0.9255855555635113,CELF4/SNRPN/RBPMS2/ZCRB1/CIRBP/SRPK3/SRRM4,7
GO:0000398,"mRNA splicing, via spliceosome",7/823,344/18860,0.020348837209302327,0.46631721721438874,-2.133860000813152,0.9936957297204909,0.9999996234547373,0.9255855555635113,CELF4/SNRPN/RBPMS2/ZCRB1/CIRBP/SRPK3/SRRM4,7
GO:0090068,positive regulation of cell cycle process,5/823,278/18860,0.017985611510791366,0.41216115807232706,-2.109169800323571,0.994166581350715,0.9999996234547373,0.9255855555635113,SMARCD3/EGFR/OPN1MW/BRD4/EDN1,5
GO:0022904,respiratory electron transport chain,1/823,115/18860,0.008695652173913044,0.19927095990279464,-1.839792619879266,0.9941831888150977,0.9999996234547373,0.9255855555635113,PPARGC1A,1
GO:0036503,ERAD pathway,1/823,115/18860,0.008695652173913044,0.19927095990279464,-1.839792619879266,0.9941831888150977,0.9999996234547373,0.9255855555635113,FBXO27,1
GO:0002706,regulation of lymphocyte mediated immunity,3/823,204/18860,0.014705882352941176,0.337002358659138,-2.03373749592852,0.9942306536943467,0.9999996234547373,0.9255855555635113,AZGP1/SUSD4/SLC22A13,3
GO:0031507,heterochromatin formation,2/823,163/18860,0.012269938650306749,0.2811798820714281,-1.968816121064531,0.9942826044685149,0.9999996234547373,0.9255855555635113,SMARCA1/TDRD9,2
GO:0000375,"RNA splicing, via transesterification reactions",7/823,348/18860,0.020114942528735632,0.46095724920043013,-2.1680198604047676,0.9943883862198349,0.9999996234547373,0.9255855555635113,CELF4/SNRPN/RBPMS2/ZCRB1/CIRBP/SRPK3/SRRM4,7
GO:0072594,establishment of protein localization to organelle,11/823,478/18860,0.02301255230125523,0.5273593394917055,-2.2357628894693633,0.9945577310574532,0.9999996234547373,0.9255855555635113,LAMP2/RYR2/IPO11/VPS37D/IL33/SIRT4/PRKD1/CWH43/INSIG1/CABP1/RANBP17,11
GO:0000077,DNA damage checkpoint signaling,1/823,117/18860,0.008547008547008548,0.1958646187078751,-1.8637156180353287,0.9946827637215128,0.9999996234547373,0.9255855555635113,BRD4,1
GO:0002181,cytoplasmic translation,3/823,208/18860,0.014423076923076924,0.3305215440695392,-2.073875424012099,0.9950103854387355,0.9999996234547373,0.9255855555635113,GPR155/PRKAA2/RNF152,3
GO:0006403,RNA localization,3/823,208/18860,0.014423076923076924,0.3305215440695392,-2.073875424012099,0.9950103854387355,0.9999996234547373,0.9255855555635113,SIDT2/KIF5C/RANBP17,3
GO:0007051,spindle organization,3/823,209/18860,0.014354066985645933,0.32894010127494816,-2.0838212582636446,0.9951887381753908,0.9999996234547373,0.9255855555635113,CHD3/GNAI1/FSD1,3
GO:0006275,regulation of DNA replication,1/823,120/18860,0.008333333333333333,0.1909680032401782,-1.8991034512596376,0.9953529272988677,0.9999996234547373,0.9255855555635113,EGFR,1
GO:0060759,regulation of response to cytokine stimulus,3/823,210/18860,0.014285714285714285,0.3273737198403055,-2.093732315312035,0.9953608970028659,0.9999996234547373,0.9255855555635113,PALM3/ULK1/EDN1,3
GO:0140888,interferon-mediated signaling pathway,1/823,121/18860,0.008264462809917356,0.1893897552795156,-1.9107710951838799,0.9955570116549526,0.9999996234547373,0.9255855555635113,TBKBP1,1
GO:0002695,negative regulation of leukocyte activation,3/823,212/18860,0.014150943396226415,0.32428528852105737,-2.1134514212475075,0.9956874545688723,0.9999996234547373,0.9255855555635113,SLC4A2/SFTPD/FGL1,3
GO:0002443,leukocyte mediated immunity,11/823,488/18860,0.022540983606557378,0.5165527956496624,-2.3113080985473307,0.9957945903708553,0.9999996234547373,0.9255855555635113,AZGP1/SUSD4/C5/PLA2G1B/KIT/SCNN1B/CHGA/F2/SLC18A2/SLC22A13/DNASE1,11
GO:0043414,macromolecule methylation,1/823,124/18860,0.008064516129032258,0.1848077450711402,-1.9454028320145047,0.9961171026674925,0.9999996234547373,0.9255855555635113,SMYD2,1
GO:0009451,RNA modification,2/823,173/18860,0.011560693641618497,0.26492670969735704,-2.0747271799667484,0.9961561980734295,0.9999996234547373,0.9255855555635113,ANKRD16/APOBEC2,2
GO:0044772,mitotic cell cycle phase transition,10/823,461/18860,0.021691973969631236,0.4970967546382079,-2.3351505562189403,0.9962958063271727,0.9999996234547373,0.9255855555635113,SMARCD3/CDK14/EGFR/TPD52L1/CDK6/CCNJL/NES/BRD4/ID4/FAM107A,10
GO:0031570,DNA integrity checkpoint signaling,1/823,126/18860,0.007936507936507936,0.1818742888001697,-1.968190590755675,0.9964507406192618,0.9999996234547373,0.9255855555635113,BRD4,1
GO:0016579,protein deubiquitination,1/823,127/18860,0.007874015748031496,0.18044220778599515,-1.9794971143268578,0.9966066624976833,0.9999996234547373,0.9255855555635113,OTUD6A,1
GO:0043122,regulation of canonical NF-kappaB signal transduction,6/823,332/18860,0.018072289156626505,0.41414747690641057,-2.3004890514030185,0.996767676591273,0.9999996234547373,0.9255855555635113,EDA/MID2/PRKD1/RORA/BRD4/EDN1,6
GO:0006368,transcription elongation by RNA polymerase II,1/823,129/18860,0.007751937984496124,0.17764465417690997,-2.001939683151106,0.9968982806676252,0.9999996234547373,0.9255855555635113,BRD4,1
GO:0072655,establishment of protein localization to mitochondrion,1/823,129/18860,0.007751937984496124,0.17764465417690997,-2.001939683151106,0.9968982806676252,0.9999996234547373,0.9255855555635113,SIRT4,1
GO:0097193,intrinsic apoptotic signaling pathway,6/823,335/18860,0.01791044776119403,0.4104386935311293,-2.3256768130878336,0.9970571857921791,0.9999996234547373,0.9255855555635113,ZNF385B/HIP1R/BNIP3/NUPR1/BCL2L11/SCN2A,6
GO:0032259,methylation,3/823,224/18860,0.013392857142857142,0.30691286235028636,-2.2290129558160094,0.9972255674433042,0.9999996234547373,0.9255855555635113,SMYD2/MECOM/GNMT,3
GO:0050777,negative regulation of immune response,3/823,226/18860,0.01327433628318584,0.30419681932063786,-2.247836292752531,0.9974234991296473,0.9999996234547373,0.9255855555635113,SUSD4/IL33/NPY,3
GO:0051338,regulation of transferase activity,5/823,304/18860,0.01644736842105263,0.376910532710878,-2.339494966344747,0.9974930061111539,0.9999996234547373,0.9255855555635113,TPD52L1/PDCD4/TRIB2/MT3/EEF1A2,5
GO:0051983,regulation of chromosome segregation,1/823,134/18860,0.007462686567164179,0.1710161223046372,-2.057088940193667,0.9975224498800399,0.9999996234547373,0.9255855555635113,SMARCD3,1
GO:0002758,innate immune response-activating signaling pathway,6/823,342/18860,0.017543859649122806,0.40203790155826985,-2.3837832601763003,0.9976391239512401,0.9999996234547373,0.9255855555635113,LAMP2/PTPRS/PAK3/PRKD1/RAB7B/KCNJ8,6
GO:0071222,cellular response to lipopolysaccharide,3/823,229/18860,0.013100436681222707,0.30021170815049847,-2.2758489044811263,0.9976948303898391,0.9999996234547373,0.9255855555635113,HDAC5/PDCD4/LDOC1,3
GO:0032479,regulation of type I interferon production,1/823,136/18860,0.007352941176470588,0.168501179329569,-2.0787816320113466,0.9977354445051304,0.9999996234547373,0.9255855555635113,PTPRS,1
GO:0032606,type I interferon production,1/823,136/18860,0.007352941176470588,0.168501179329569,-2.0787816320113466,0.9977354445051304,0.9999996234547373,0.9255855555635113,PTPRS,1
GO:0001578,microtubule bundle formation,1/823,138/18860,0.007246376811594203,0.16605913325232888,-2.1002731223931512,0.9979301483414633,0.9999996234547373,0.9255855555635113,DNAJB13,1
GO:0051053,negative regulation of DNA metabolic process,1/823,139/18860,0.007194244604316547,0.16486446322893084,-2.110945096638106,0.9980211369065191,0.9999996234547373,0.9255855555635113,KCNK2,1
GO:0006367,transcription initiation at RNA polymerase II promoter,2/823,190/18860,0.010526315789473684,0.24122274093496193,-2.2454120197836387,0.9980555126435278,0.9999996234547373,0.9255855555635113,APOBEC2/PPARGC1A,2
GO:0006352,DNA-templated transcription initiation,3/823,234/18860,0.01282051282051282,0.2937969280618126,-2.3219604974958665,0.9980863314879904,0.9999996234547373,0.9255855555635113,APOBEC2/PPARGC1A/MITF,3
GO:0050792,regulation of viral process,1/823,141/18860,0.0070921985815602835,0.162525960204407,-2.1321447383383427,0.998191303896441,0.9999996234547373,0.9255855555635113,MID2,1
GO:0006282,regulation of DNA repair,3/823,236/18860,0.012711864406779662,0.2913071235867125,-2.340209201362875,0.9982240408941769,0.9999996234547373,0.9255855555635113,SMARCD3/ZCWPW1/EGFR,3
GO:0006354,DNA-templated transcription elongation,1/823,143/18860,0.006993006993006993,0.1602528698518978,-2.1531561274733937,0.99834685408008494,0.9999996234547373,0.9255855555635113,BRD4,1
GO:0000910,cytokinesis,2/823,195/18860,0.010256410256410256,0.2350375424494501,-2.293615027310421,0.9984109150289884,0.9999996234547373,0.9255855555635113,OPN1MW/FSD1,2
GO:2001242,regulation of intrinsic apoptotic signaling pathway,2/823,195/18860,0.010256410256410256,0.2350375424494501,-2.293615027310421,0.9984109150289884,0.9999996234547373,0.9255855555635113,NUPR1/BCL2L11,2
GO:0002832,negative regulation of response to biotic stimulus,1/823,144/18860,0.006944444444444444,0.15914000270014853,-2.1635927378276794,0.9984195440994305,0.9999996234547373,0.9255855555635113,SUSD4,1
GO:0000018,regulation of DNA recombination,1/823,145/18860,0.006896551724137931,0.15804248544014746,-2.1739840729460234,0.9984890415992258,0.9999996234547373,0.9255855555635113,ZCWPW1,1
GO:0046034,ATP metabolic process,3/823,241/18860,0.012448132780082987,0.28526340732972677,-2.3853573946794415,0.9985273238067017,0.9999996234547373,0.9255855555635113,PRKAA2/NUPR1/PGAM2,3
GO:0070646,protein modification by small protein removal,1/823,146/18860,0.00684931506849315,0.15696000266316015,-2.18433070367379,0.9985554866306892,0.9999996234547373,0.9255855555635113,OTUD6A,1
GO:0051054,positive regulation of DNA metabolic process,4/823,283/18860,0.014134275618374558,0.323903327050479,-2.4478867480870243,0.9985989086727429,0.9999996234547373,0.9255855555635113,SMARCD3/ZCWPW1/EGFR/GATA5,4
GO:0007249,canonical NF-kappaB signal transduction,6/823,359/18860,0.016713091922005572,0.38299989507779475,-2.521227037475044,0.9986280916066237,0.9999996234547373,0.9255855555635113,EDA/MID2/PRKD1/RORA/BRD4/EDN1,6
GO:0006119,oxidative phosphorylation,1/823,148/18860,0.006756756756756757,0.15483892154609044,-2.2048920782732324,0.9986797490786288,0.9999996234547373,0.9255855555635113,NUPR1,1
GO:0002833,positive regulation of response to biotic stimulus,9/823,465/18860,0.01935483870967742,0.44353858817073655,-2.595306944806081,0.9986827826464337,0.9999996234547373,0.9255855555635113,LAMP2/PTPRS/PAK3/PRKD1/RAB7B/PGC/HRG/KCNJ8/SLC22A13,9
GO:0042770,signal transduction in response to DNA damage,2/823,200/18860,0.01,0.22916160388821386,-2.3409902906471696,0.9987021288785066,0.9999996234547373,0.9255855555635113,SMYD2/BRD4,2
GO:0002218,activation of innate immune response,6/823,362/18860,0.016574585635359115,0.3798258627981445,-2.5449698640417306,0.9987547710916909,0.9999996234547373,0.9255855555635113,LAMP2/PTPRS/PAK3/PRKD1/RAB7B/KCNJ8,6
GO:0002221,pattern recognition receptor signaling pathway,5/823,325/18860,0.015384615384615385,0.3525563136741752,-2.5149217720520287,0.9987567799716341,0.9999996234547373,0.9255855555635113,LAMP2/PTPRS/PRKD1/RAB7B/KCNJ8,5
GO:0045786,negative regulation of cell cycle,7/823,399/18860,0.017543859649122806,0.40203790155826985,-2.5787520677549614,0.9987982803349865,0.9999996234547373,0.9255855555635113,CDK6/NUPR1/ALOX15B/SOX2/GAS1/BRD4/FAM107A,7
GO:0071219,cellular response to molecule of bacterial origin,3/823,247/18860,0.012145748987854251,0.278333931848033,-2.4386735559080406,0.9988249002616059,0.9999996234547373,0.9255855555635113,HDAC5/PDCD4/LDOC1,3
GO:0016064,immunoglobulin mediated immune response,2/823,203/18860,0.009852216748768473,0.2257749792002107,-2.3690346388728956,0.9988508865296932,0.9999996234547373,0.9255855555635113,SUSD4/C5,2
GO:0006399,tRNA metabolic process,2/823,206/18860,0.009708737864077669,0.22248699406622702,-2.396803232064642,0.998982797652676,0.9999996234547373,0.9255855555635113,ANKRD16/RPP30,2
GO:0019724,B cell mediated immunity,2/823,206/18860,0.009708737864077669,0.22248699406622702,-2.396803232064642,0.998982797652676,0.9999996234547373,0.9255855555635113,SUSD4/C5,2
GO:0051607,defense response to virus,5/823,334/18860,0.014970059880239521,0.34305629324582915,-2.587543475073178,0.9990839209774891,0.9999996234547373,0.9255855555635113,MID2/BNIP3/IL33/TBKBP1/KCNJ8,5
GO:0006997,nucleus organization,1/823,160/18860,0.00625,0.14322600243013367,-2.3247837473901964,0.9992305573773672,0.9999996234547373,0.9255855555635113,SYNE1,1
GO:0071824,protein-DNA complex organization,3/823,265/18860,0.011320754716981131,0.25942823081684585,-2.593397533330278,0.9994067123099813,0.9999996234547373,0.9255855555635113,SMARCD3/TSPYL4/TSPYL5,3
GO:0071897,DNA biosynthetic process,1/823,168/18860,0.005952380952380952,0.1364057166001273,-2.401671523812821,0.9994632518405873,0.9999996234547373,0.9255855555635113,KCNK2,1
GO:1901987,regulation of cell cycle phase transition,8/823,468/18860,0.017094017094017096,0.3917292374157502,-2.8463118743094493,0.9995772581368012,0.9999996234547373,0.9255855555635113,SMARCD3/CDK14/EGFR/CDK6/SOX2/CDK18/BRD4/FAM107A,8
GO:0071216,cellular response to biotic stimulus,3/823,274/18860,0.010948905109489052,0.2509068655710371,-2.66805775796543,0.9995798164350426,0.9999996234547373,0.9255855555635113,HDAC5/PDCD4/LDOC1,3
GO:1901988,negative regulation of cell cycle phase transition,3/823,274/18860,0.010948905109489052,0.2509068655710371,-2.66805775796543,0.9995798164350426,0.9999996234547373,0.9255855555635113,SOX2/BRD4/FAM107A,3
GO:1901990,regulation of mitotic cell cycle phase transition,5/823,357/18860,0.014005602240896359,0.32095462729441715,-2.766871073210163,0.999585174401467,0.9999996234547373,0.9255855555635113,SMARCD3/EGFR/CDK6/BRD4/FAM107A,5
GO:0042254,ribosome biogenesis,4/823,318/18860,0.012578616352201259,0.2882535897964954,-2.734246420531114,0.9996017569919968,0.9999996234547373,0.9255855555635113,GLUL/NMD3/RPP30/NIP7,4
GO:0022618,protein-RNA complex assembly,2/823,231/18860,0.008658008658008658,0.1984083150547306,-2.618433311217099,0.9996344191920774,0.9999996234547373,0.9255855555635113,CELF4/SRPK3,2
GO:0098813,nuclear chromosome segregation,4/823,323/18860,0.01238390092879257,0.28379145992348465,-2.7733081418824437,0.9996682401724619,0.9999996234547373,0.9255855555635113,SMARCD3/REC8/ZCWPW1/SYCP2,4
GO:0009615,response to virus,7/823,445/18860,0.015730337078651686,0.3604789274646061,-2.916259042207289,0.9997233558002622,0.9999996234547373,0.9255855555635113,MID2/CDK6/BNIP3/IL33/TBKBP1/CHRM2/KCNJ8,7
GO:0071826,protein-RNA complex organization,2/823,240/18860,0.008333333333333333,0.1909680032401782,-2.694378322950683,0.9997478031550051,0.9999996234547373,0.9255855555635113,CELF4/SRPK3,2
GO:0000075,cell cycle checkpoint signaling,1/823,187/18860,0.0053475935828877,0.12254631223968654,-2.5758172864705364,0.9997719487249868,0.9999996234547373,0.9255855555635113,BRD4,1
GO:0045930,negative regulation of mitotic cell cycle,2/823,244/18860,0.00819672131147541,0.1878373802362409,-2.7275443453187127,0.9997862623506795,0.9999996234547373,0.9255855555635113,GAS1/FAM107A,2
GO:0000280,nuclear division,7/823,453/18860,0.01545253863134658,0.3541128536903967,-2.9722910371059257,0.9997871292943508,0.9999996234547373,0.9255855555635113,OBSL1/REC8/ZCWPW1/BCL2L11/SYCP2/EDN1/TDRD9,7
GO:0008380,RNA splicing,8/823,490/18860,0.0163265306122449,0.3741413941032063,-2.998449822058087,0.999788877879272,0.9999996234547373,0.9255855555635113,CELF4/SNRPN/RBPMS2/ZCRB1/PPARGC1A/CIRBP/SRPK3/SRRM4,8
GO:0065004,protein-DNA complex assembly,2/823,245/18860,0.00816326530612245,0.18707069705160315,-2.735781419184961,0.9997949318508572,0.9999996234547373,0.9255855555635113,TSPYL4/TSPYL5,2
GO:1901991,negative regulation of mitotic cell cycle phase transition,1/823,193/18860,0.0051813471502590676,0.11873658232549941,-2.628598334488951,0.999825995229185,0.9999996234547373,0.9255855555635113,FAM107A,1
GO:1903313,positive regulation of mRNA metabolic process,2/823,250/18860,0.008,0.1833292831105711,-2.7766484440035315,0.9998333223230045,0.9999996234547373,0.9255855555635113,CELF4/CIRBP,2
GO:0019058,viral life cycle,3/823,298/18860,0.010067114093959731,0.23069960122974548,-2.859359757542288,0.999834147690199,0.9999996234547373,0.9255855555635113,EGFR/VPS37D/SLC10A1,3
GO:1903311,regulation of mRNA metabolic process,6/823,423/18860,0.014184397163120567,0.325051920408814,-2.9989727325816298,0.9998369348372327,0.9999996234547373,0.9255855555635113,CELF4/RBPMS2/CIRBP/SRPK3/ZAR1/SRRM4,6
GO:0000724,double-strand break repair via homologous recombination,1/823,195/18860,0.005128205128205128,0.11751877122472505,-2.645975874580201,0.9998410006104608,0.9999996234547373,0.9255855555635113,REC8,1
GO:0000725,recombinational repair,1/823,201/18860,0.004975124378109453,0.11401074820309147,-2.697487214783985,0.9998786967046656,0.9999996234547373,0.9255855555635113,REC8,1
GO:0045089,positive regulation of innate immune response,6/823,432/18860,0.013888888888888888,0.31828000540029705,-3.0618640152259,0.9998802938321295,0.9999996234547373,0.9255855555635113,LAMP2/PTPRS/PAK3/PRKD1/RAB7B/KCNJ8,6
GO:0016032,viral process,5/823,396/18860,0.012626262626262626,0.2893454594548155,-3.0529544707898855,0.999895465801601,0.9999996234547373,0.9255855555635113,ST3GAL1/EGFR/MID2/VPS37D/SLC10A1,5
GO:0010948,negative regulation of cell cycle process,3/823,318/18860,0.009433962264150943,0.21619019234737155,-3.0110853110430313,0.9999243019662236,0.9999996234547373,0.9255855555635113,SOX2/BRD4/FAM107A,3
GO:0016072,rRNA metabolic process,2/823,270/18860,0.007407407407407408,0.16974933621349172,-2.935137924459413,0.9999275384838644,0.9999996234547373,0.9255855555635113,RPP30/TCOF1,2
GO:0140014,mitotic nuclear division,2/823,281/18860,0.0071174377224199285,0.16310434440442265,-3.019189699916944,0.9999542847116509,0.9999996234547373,0.9255855555635113,OBSL1/EDN1,2
GO:0006364,rRNA processing,1/823,223/18860,0.004484304932735426,0.10276305107094792,-2.8790464649134044,0.9999550608875429,0.9999996234547373,0.9255855555635113,RPP30,1
GO:0006302,double-strand break repair,3/823,334/18860,0.008982035928143712,0.20583377594749747,-3.1280300123790017,0.9999598116516948,0.9999996234547373,0.9255855555635113,SMARCD3/REC8/ZCWPW1,3
GO:0043488,regulation of mRNA stability,2/823,287/18860,0.006968641114982578,0.15969449748307585,-3.064179633413641,0.999964465828242,0.9999996234547373,0.9255855555635113,CIRBP/ZAR1,2
GO:0006260,DNA replication,2/823,290/18860,0.006896551724137931,0.15804248544014746,-3.0864576317338295,0.9999686770890865,0.9999996234547373,0.9255855555635113,EGFR/NT5M,2
GO:0002449,lymphocyte mediated immunity,4/823,388/18860,0.010309278350515464,0.23624907617341634,-3.247040807023814,0.9999708133368177,0.9999996234547373,0.9255855555635113,AZGP1/SUSD4/C5/SLC22A13,4
GO:0000819,sister chromatid segregation,1/823,233/18860,0.004291845493562232,0.09835261969451238,-2.9581508957451366,0.9999713957572136,0.9999996234547373,0.9255855555635113,SMARCD3,1
GO:0007059,chromosome segregation,5/823,434/18860,0.01152073732718894,0.2640110643873432,-3.313429328530343,0.9999736912250097,0.9999996234547373,0.9255855555635113,SMARCD3/REC8/ZCWPW1/BEX4/SYCP2,5
GO:0043487,regulation of RNA stability,2/823,303/18860,0.006600660066006601,0.15126178474469562,-3.181400043998763,0.9999818908867426,0.9999996234547373,0.9255855555635113,CIRBP/ZAR1,2
GO:0033044,regulation of chromosome organization,1/823,244/18860,0.004098360655737705,0.09391869011812044,-3.0429582611006696,0.9999826022719779,0.9999996234547373,0.9255855555635113,SMARCD3,1
GO:0061013,regulation of mRNA catabolic process,2/823,305/18860,0.006557377049180328,0.1502699041889927,-3.1957848673806732,0.9999833579125663,0.9999996234547373,0.9255855555635113,CIRBP/ZAR1,2
GO:0022613,ribonucleoprotein complex biogenesis,6/823,496/18860,0.012096774193548387,0.27721161760671026,-3.484540004343106,0.9999874495910441,0.9999996234547373,0.9255855555635113,CELF4/GLUL/NMD3/RPP30/NIP7/SRPK3,6
GO:0141188,nucleic acid catabolic process,5/823,479/18860,0.010438413361169102,0.23920835478936728,-3.602682741378995,0.9999950649311341,0.9999996234547373,0.9255855555635113,SIDT2/CIRBP/GATA5/ZAR1/DNASE1,5
GO:0051052,regulation of DNA metabolic process,5/823,497/18860,0.01006036217303823,0.23054487312697572,-3.713357565358766,0.9999975000667357,0.9999996234547373,0.9255855555635113,SMARCD3/KCNK2/ZCWPW1/EGFR/GATA5,5
GO:0006310,DNA recombination,2/823,358/18860,0.00558659217877095,0.12802324239565022,-3.558067470989653,0.9999982542478627,0.9999996234547373,0.9255855555635113,REC8/ZCWPW1,2
GO:0006402,mRNA catabolic process,2/823,371/18860,0.005390835579514825,0.12353725276992661,-3.642007204555382,0.9999990001494681,0.9999996234547373,0.9255855555635113,CIRBP/ZAR1,2
GO:0006401,RNA catabolic process,3/823,449/18860,0.0066815144766146995,0.15311465738633442,-3.879593233039163,0.9999996234547373,0.9999996234547373,0.9255855555635113,SIDT2/CIRBP/ZAR1,3
