ID,Description,GeneRatio,BgRatio,RichFactor,FoldEnrichment,zScore,pvalue,p.adjust,qvalue,geneID,Count
GO:0010273,detoxification of copper ion,9/828,16/18860,0.5625,12.8125,10.129028995662903,5.0301968765146385e-9,9.552171427666293e-6,8.848675590261406e-6,MT1F/MT1X/MT1B/MT1M/MT1G/MT3/MT1E/MT2A/MT1H,9
GO:1990169,stress response to copper ion,9/828,16/18860,0.5625,12.8125,10.129028995662903,5.0301968765146385e-9,9.552171427666293e-6,8.848675590261406e-6,MT1F/MT1X/MT1B/MT1M/MT1G/MT3/MT1E/MT2A/MT1H,9
GO:0098659,inorganic cation import across plasma membrane,24/828,139/18860,0.17266187050359713,3.9328537170263793,7.4367953390857515,8.27386004994915e-9,9.552171427666293e-6,8.848675590261406e-6,KCNE2/KCNJ16/ATP4B/KCNJ18/SLC5A2/ATP4A/KCNJ12/SLC9A4/KCNJ15/NEDD4L/PPP3CC/SLC9A7/SCNN1B/KCNQ1/ABCC8/SCNN1G/KCNJ13/SLC8A2/ATP1B2/SLC9A3/KCNJ10/TRPV6/KCNJ8/KCNJ11,24
GO:0099587,inorganic ion import across plasma membrane,24/828,139/18860,0.17266187050359713,3.9328537170263793,7.4367953390857515,8.27386004994915e-9,9.552171427666293e-6,8.848675590261406e-6,KCNE2/KCNJ16/ATP4B/KCNJ18/SLC5A2/ATP4A/KCNJ12/SLC9A4/KCNJ15/NEDD4L/PPP3CC/SLC9A7/SCNN1B/KCNQ1/ABCC8/SCNN1G/KCNJ13/SLC8A2/ATP1B2/SLC9A3/KCNJ10/TRPV6/KCNJ8/KCNJ11,24
GO:0001696,gastric acid secretion,8/828,14/18860,0.5714285714285714,13.015873015873016,9.637453681224066,3.167750043600036e-8,2.395249520327084e-5,2.2188448065029908e-5,SLC26A7/PTGER3/CCKBR/GHRL/HIP1R/SLC9A4/SGK1/KCNQ1,8
GO:1990573,potassium ion import across plasma membrane,14/828,52/18860,0.2692307692307692,6.132478632478632,7.941637563211197,3.3075847767692614e-8,2.395249520327084e-5,2.2188448065029908e-5,KCNE2/KCNJ16/ATP4B/KCNJ18/ATP4A/KCNJ12/KCNJ15/KCNQ1/ABCC8/KCNJ13/ATP1B2/KCNJ10/KCNJ8/KCNJ11,14
GO:0071805,potassium ion transmembrane transport,29/828,208/18860,0.13942307692307693,3.1757478632478633,6.761298022644823,3.630737687806321e-8,2.395249520327084e-5,2.2188448065029908e-5,KCNK2/KCNE2/KCNJ16/KCNMB2/FXYD4/KCNIP3/ATP4B/KCNJ18/HPN/ATP4A/KCNJ12/SLC9A4/KCNJ15/NEDD4L/SLC9A7/KCNQ1/ABCC8/NALCN/KCNJ13/KCNIP4/LRRC52/ATP1B2/SLC9A3/LRRC26/KCNJ10/KCNG4/KCNE4/KCNJ8/KCNJ11,29
GO:0071294,cellular response to zinc ion,10/828,25/18860,0.4,9.11111111111111,8.696011232398504,4.518325029843618e-8,2.6082031234772285e-5,2.4161148580637453e-5,MT1F/MT1X/MT1B/MT1M/MT1G/MT3/MT1E/GABRB3/MT2A/MT1H,10
GO:0097501,stress response to metal ion,9/828,21/18860,0.42857142857142855,9.761904761904761,8.60858559249618,1.0594683163088104e-7,5.436249649682318e-5,5.0358821490982526e-5,MT1F/MT1X/MT1B/MT1M/MT1G/MT3/MT1E/MT2A/MT1H,9
GO:0061687,detoxification of inorganic compound,9/828,23/18860,0.391304347826087,8.91304347826087,8.136809537969834,2.7207543433391293e-7,1.25644435575401e-4,1.1639100685610759e-4,MT1F/MT1X/MT1B/MT1M/MT1G/MT3/MT1E/MT2A/MT1H,9
GO:0006813,potassium ion transport,29/828,240/18860,0.12083333333333333,2.7523148148148144,5.854374015157102,8.044036603657969e-7,3.2809570239177753e-4,3.0393219541842767e-4,KCNK2/KCNE2/KCNJ16/KCNMB2/FXYD4/KCNIP3/ATP4B/KCNJ18/HPN/ATP4A/KCNJ12/SLC9A4/KCNJ15/NEDD4L/SLC9A7/KCNQ1/ABCC8/NALCN/KCNJ13/KCNIP4/LRRC52/ATP1B2/SLC9A3/LRRC26/KCNJ10/KCNG4/KCNE4/KCNJ8/KCNJ11,29
GO:0071276,cellular response to cadmium ion,9/828,26/18860,0.34615384615384615,7.884615384615384,7.527445559286635,9.236128477897593e-7,3.2809570239177753e-4,3.0393219541842767e-4,MT1F/MT1X/MT1B/MT1M/MT1G/MT3/MT1E/MT2A/MT1H,9
GO:0071280,cellular response to copper ion,9/828,26/18860,0.34615384615384615,7.884615384615384,7.527445559286635,9.236128477897593e-7,3.2809570239177753e-4,3.0393219541842767e-4,MT1F/MT1X/MT1B/MT1M/MT1G/MT3/MT1E/MT2A/MT1H,9
GO:0006575,modified amino acid metabolic process,25/828,191/18860,0.13089005235602094,2.981384525887144,5.897629311499299,1.049298865044634e-6,3.461187256268657e-4,3.206278637249168e-4,SLC26A7/CKB/CKMT2/FOLR1/ACADL/CKM/SLC1A2/GSTA3/GSTM2/HPN/GSTA4/GGT7/DUOX1/GNMT/SULT2A1/ALDH1L2/SARDH/PLOD2/DUOXA1/ALDH1L1/SLC16A10/GSTT2/GSTT2B/GSTM3/PLA1A,25
GO:0010043,response to zinc ion,12/828,53/18860,0.22641509433962265,5.157232704402516,6.49434052873309,2.397607374600449e-6,6.674176305706192e-4,6.182638304663664e-4,MT1F/ALAD/MT1X/MT1B/MT1M/MT1G/MT3/MT1E/GABRB3/ABCC8/MT2A/MT1H,12
GO:0042886,amide transport,35/828,338/18860,0.10355029585798817,2.358645627876397,5.400987287503978,2.401252728937098e-6,6.674176305706192e-4,6.182638304663664e-4,FGA/FGB/FGG/FOLR1/PDE8B/MYRIP/GHRL/CHRM3/RAPGEF4/GNAZ/ACVR2B/SLC13A3/OXCT1/SLC14A2/SIRT4/PRKD1/GNAI1/ABCA2/CELA2A/SIDT2/PLA2G6/ABCC8/CHGA/FFAR3/CWH43/F2/ABCC5/SLC16A10/PTPRN/TFAP2B/SLC25A47/PLTP/FOLR3/EDN1/KCNJ11,35
GO:0009410,response to xenobiotic stimulus,42/828,443/18860,0.09480812641083522,2.159518434913469,5.292034004585332,2.4569293459723965e-6,6.674176305706192e-4,6.182638304663664e-4,KCNE2/PTPRM/CA9/IGFBP2/SLC1A2/FUT1/GSTA3/GSTM2/NFATC2/ALAD/CYP2C8/ATP4A/FABP3/HDAC5/GSTA4/OXCT1/SLC6A2/PRKAA2/SLC29A1/GATA6/SULT2A1/ABCA2/ACSM2B/SLC22A12/RORC/ADA/SCNN1B/KCNQ1/GABRB3/ABCC8/SLC10A1/RORA/ABCC5/PON3/VAV3/TFAP2B/FMO2/GSTM3/EDN1/KCNJ8/KCNJ11/ALDH3A1,42
GO:0006814,sodium ion transport,29/828,255/18860,0.11372549019607843,2.59041394335512,5.479210392289151,2.779759017925963e-6,7.131626191545609e-4,6.606398040263809e-4,FGF13/SLC41A1/FXYD4/ATP4B/DMD/SLC5A2/ATP4A/SLC13A3/SLC6A2/SLC9A4/NEDD4L/SGK1/SLC9A7/SCNN1B/KCNQ1/NALCN/SCNN1G/SLC10A1/SLC8A2/ATP1B2/PON3/SLC9A3/SCN2A/KLHL3/EDN1/GUCA2B/ADRB2/SLC5A7/SLC6A5,29
GO:0098739,import across plasma membrane,26/828,218/18860,0.11926605504587157,2.716615698267075,5.462703439350684,3.7670663320721606e-6,9.155953853425914e-4,8.481638544898206e-4,KCNE2/KCNJ16/ATP4B/SLC1A2/KCNJ18/SLC5A2/ATP4A/KCNJ12/SLC9A4/KCNJ15/NEDD4L/PPP3CC/SLC9A7/SCNN1B/KCNQ1/ABCC8/SCNN1G/KCNJ13/SLC8A2/ATP1B2/SLC9A3/KCNJ10/TRPV6/KCNJ8/SLC6A5/KCNJ11,26
GO:0046686,response to cadmium ion,11/828,48/18860,0.22916666666666666,5.219907407407407,6.272759037059151,5.5631369116385755e-6,0.0012722127089449442,0.0011785171181765298,MT1F/ALAD/MT1X/MT1B/MT1M/MT1G/MT3/KIT/MT1E/MT2A/MT1H,11
GO:0042391,regulation of membrane potential,43/828,474/18860,0.09071729957805907,2.066338490389123,5.0384062028728165,5.785289494985671e-6,0.0012722127089449442,0.0011785171181765298,GRIA4/FGF13/KCNK2/KCNE2/TMEM161B/CELF4/SLC25A36/KCNMB2/RIMS4/GHRL/POPDC3/GABRG2/DMD/CLDN19/GRIA3/BNIP3/RYR2/CRTC1/CNIH3/NEDD4L/ALB/SLC29A1/RGS7/CUX2/NNT/KCNQ1/GABRB3/ABCC8/NALCN/SLC8A2/ATP1B2/RIMS3/SCN2A/KCNJ10/KCNG4/KCNE4/GABRB2/EDN1/ADRB2/KCNJ8/KCNJ11/GABRA3/HTR3E,43
GO:0006882,intracellular zinc ion homeostasis,9/828,35/18860,0.2571428571428571,5.857142857142857,6.163110523921609,1.462025689740731e-5,0.0030689248341921344,0.0028429054560317373,MT1F/MT1X/MT1B/MT1M/MT1G/MT3/MT1E/MT2A/MT1H,9
GO:0060047,heart contraction,28/828,265/18860,0.10566037735849057,2.406708595387841,4.94175870601712,1.6571388690722225e-5,0.0033272466510328364,0.0030822024548784956,MYBPC3/FGF13/VEGFB/KCNE2/TMEM161B/RNLS/HSPB7/GSTM2/DMD/SMAD5/RYR2/KCNJ12/NEDD4L/GATA6/ADM/ADA/KCNQ1/IRX3/CHRM2/CHGA/SLC8A2/ATP1B2/SCN2A/KCNE4/ADRA1B/EDN1/KCNJ8/S100A1,28
GO:0003018,vascular process in circulatory system,29/828,283/18860,0.10247349823321555,2.3341185708676875,4.845654062674213,2.1032069422134597e-5,0.004046920691309065,0.003748874128576974,DRD5/FGA/FGB/SH3GL2/FGG/SLC16A7/KCNMB2/SLC1A2/LEPR/ATP8A1/SLC2A4/SLC13A3/SLC29A1/CBS/ABCA2/PTP4A3/ADM/SCPEP1/SCNN1B/ABCC8/ABCC5/SLC8A2/ATP1B2/ADRA1B/EDN1/PLVAP/ADRB2/KCNJ8/S100A1,29
GO:0046879,hormone secretion,32/828,331/18860,0.09667673716012085,2.2020812353138637,4.727966310934324,2.5984600647129142e-5,0.004799875431537695,0.004446375453891908,FGA/FGB/FGG/FZD4/PDE8B/MYRIP/CCKAR/GHRL/CHRM3/RAPGEF4/GNAZ/ACVR2B/OXCT1/SIRT4/PRKD1/GNAI1/CELA2A/SIDT2/C1QTNF3/PLA2G6/KCNQ1/ABCC8/CHGA/FFAR3/F2/SLC16A10/PTPRN/TFAP2B/SLC18A2/EDN1/TRPV6/KCNJ11,32
GO:0003015,heart process,28/828,275/18860,0.10181818181818182,2.319191919191919,4.72221325421239,3.259906257995284e-5,0.005790095038239316,0.005363667624491026,MYBPC3/FGF13/VEGFB/KCNE2/TMEM161B/RNLS/HSPB7/GSTM2/DMD/SMAD5/RYR2/KCNJ12/NEDD4L/GATA6/ADM/ADA/KCNQ1/IRX3/CHRM2/CHGA/SLC8A2/ATP1B2/SCN2A/KCNE4/ADRA1B/EDN1/KCNJ8/S100A1,28
GO:0015833,peptide transport,29/828,292/18860,0.09931506849315068,2.2621765601217656,4.657807350717699,3.7581188182083006e-5,0.00642777507499479,0.005954383967718727,FGA/FGB/FGG/PDE8B/MYRIP/GHRL/CHRM3/RAPGEF4/GNAZ/ACVR2B/SLC13A3/OXCT1/SIRT4/PRKD1/GNAI1/CELA2A/SIDT2/PLA2G6/ABCC8/CHGA/FFAR3/CWH43/F2/ABCC5/SLC16A10/PTPRN/TFAP2B/EDN1/KCNJ11,29
GO:1903522,regulation of blood circulation,28/828,279/18860,0.1003584229390681,2.285941855834329,4.637046399420693,4.223796400628243e-5,0.00696624706360758,0.006453198711335781,FGA/MYBPC3/FGB/FGF13/FGG/KCNE2/TMEM161B/KCNMB2/RNLS/HSPB7/GHRL/GSTM2/DMD/RYR2/KCNJ12/ADM/ADA/KCNQ1/IRX3/CHRM2/CHGA/SLC8A2/ATP1B2/KCNE4/ADRA1B/EDN1/KCNJ8/S100A1,28
GO:0046688,response to copper ion,9/828,40/18860,0.225,5.125,5.596244599676885,4.6488141879283895e-5,0.0072800553114096,0.006743895690904838,MT1F/MT1X/MT1B/MT1M/MT1G/MT3/MT1E/MT2A/MT1H,9
GO:0002790,peptide secretion,27/828,266/18860,0.10150375939849623,2.31203007518797,4.61796614409022,4.729355984025292e-5,0.0072800553114096,0.006743895690904838,FGA/FGB/FGG/PDE8B/MYRIP/GHRL/CHRM3/RAPGEF4/GNAZ/ACVR2B/OXCT1/SIRT4/PRKD1/GNAI1/CELA2A/SIDT2/PLA2G6/ABCC8/CHGA/FFAR3/CWH43/F2/SLC16A10/PTPRN/TFAP2B/EDN1/KCNJ11,27
GO:0009914,hormone transport,32/828,343/18860,0.09329446064139942,2.125040492387431,4.505909345170879,5.2062825916932126e-5,0.0077556816156255665,0.007184493192747442,FGA/FGB/FGG/FZD4/PDE8B/MYRIP/CCKAR/GHRL/CHRM3/RAPGEF4/GNAZ/ACVR2B/OXCT1/SIRT4/PRKD1/GNAI1/CELA2A/SIDT2/C1QTNF3/PLA2G6/KCNQ1/ABCC8/CHGA/FFAR3/F2/SLC16A10/PTPRN/TFAP2B/SLC18A2/EDN1/TRPV6/KCNJ11,32
GO:0007416,synapse assembly,28/828,284/18860,0.09859154929577464,2.245696400625978,4.532604521746476,5.7872115382346036e-5,0.00833288400973332,0.007719185935026834,LINGO2/FGF13/CDH2/DNER/PTPRS/CYFIP2/ERBB4/GHRL/GABRG2/EPHB3/PTPN13/ZDHHC2/LINGO4/RAB17/CUX2/FLRT3/GABRB3/SIX4/NTN1/SLITRK4/LRRN1/CRTAC1/GABRB2/SYNDIG1/KCNJ8/SIX1/GABRA3/DKK1,28
GO:0009636,response to toxic substance,27/828,270/18860,0.1,2.2777777777777777,4.531584340930381,6.119670038160662e-5,0.00833288400973332,0.007719185935026834,DHRS2/GSTM2/MT1F/ALAD/PTPN13/DUOX1/ALDH1A1/ALB/MT1X/MT1B/MT1M/NUPR1/MT1G/MT3/NNT/MT1E/RDH12/MT2A/NEFL/ABCC5/MT1H/PON3/SLC18A2/GSTM3/EDN1/GPX3/SOD3,27
GO:0042692,muscle cell differentiation,38/828,441/18860,0.08616780045351474,1.962711010330058,4.3836387657912175,6.135081341076936e-5,0.00833288400973332,0.007719185935026834,MYBPC3/SMARCD3/CDH2/DNER/OBSL1/NPHS1/POPDC3/DMD/NFATC2/SYNE1/LAMA2/HDAC5/PDCD4/RBPMS2/SORBS2/PRKD1/LAMB2/GATA6/CACNA2D2/NRAP/KIT/ADM/NEBL/IRX3/SYPL2/CSRP2/IGFBP5/EFEMP2/RORA/SIX4/ALPK3/LMOD2/MYEF2/EDN1/NID1/KCNJ8/SIX1/DKK1,38
GO:0030072,peptide hormone secretion,26/828,258/18860,0.10077519379844961,2.2954349698535745,4.489502304020089,7.319438141503568e-5,0.009657475810703852,0.00894622454347985,FGA/FGB/FGG/PDE8B/MYRIP/GHRL/CHRM3/RAPGEF4/GNAZ/ACVR2B/OXCT1/SIRT4/PRKD1/GNAI1/CELA2A/SIDT2/PLA2G6/ABCC8/CHGA/FFAR3/F2/SLC16A10/PTPRN/TFAP2B/EDN1/KCNJ11,26
GO:0072006,nephron development,19/828,160/18860,0.11875,2.704861111111111,4.640670588425269,7.854533458617433e-5,0.010075620975526474,0.009333574261936038,NPHS1/ERBB4/PDGFD/GPC3/WNT6/LAMB2/ACAT1/COL4A4/IRX3/IRX2/RET/SIX4/VANGL2/TMEM59L/KLHL3/TFAP2B/EDN1/NID1/SIX1,19
GO:0003012,muscle system process,40/828,485/18860,0.08247422680412371,1.8785796105383734,4.20040208094256,1.032872216543189e-4,0.012891361881071477,0.01194194221346094,PTGER3/MYBPC3/FGF13/VEGFB/CKMT2/KCNE2/SNTB1/GHRL/GSTM2/DMD/CHRM3/SMAD5/RYR2/KCNJ12/NEDD4L/NPR3/SORBS2/PRKD1/GATA6/GNAI1/KIT/ADA/SCNN1B/KCNQ1/ABCC8/CHRM2/CHGA/TPM2/IGFBP5/PGAM2/SCN2A/LMOD2/GATA5/KCNE4/ADRA1B/EDN1/ADRB2/KCNJ8/ATP8A2/CAMK2B,40
GO:0098754,detoxification,19/828,166/18860,0.1144578313253012,2.607095046854083,4.4565320760232865,1.2883832033686659e-4,0.015657246403043418,0.014504125591385756,GSTM2/MT1F/DUOX1/ALDH1A1/ALB/MT1X/MT1B/MT1M/MT1G/MT3/NNT/MT1E/RDH12/MT2A/ABCC5/MT1H/GSTM3/GPX3/SOD3,19
GO:0008016,regulation of heart contraction,23/828,225/18860,0.10222222222222223,2.3283950617283953,4.29542719366965,1.512796964352138e-4,0.017913067644559418,0.016593810696699296,MYBPC3/FGF13/KCNE2/TMEM161B/RNLS/HSPB7/GSTM2/DMD/RYR2/KCNJ12/ADM/ADA/KCNQ1/IRX3/CHRM2/CHGA/SLC8A2/ATP1B2/KCNE4/ADRA1B/EDN1/KCNJ8/S100A1,23
GO:0090276,regulation of peptide hormone secretion,22/828,211/18860,0.10426540284360189,2.374934175882043,4.303758659573716,1.5708947681530066e-4,0.01813598009832646,0.016800306152036367,FGA/FGB/FGG/PDE8B/MYRIP/GHRL/CHRM3/RAPGEF4/GNAZ/OXCT1/SIRT4/PRKD1/GNAI1/CELA2A/SIDT2/PLA2G6/ABCC8/CHGA/FFAR3/F2/TFAP2B/KCNJ11,22
GO:0034765,regulation of monoatomic ion transmembrane transport,29/828,318/18860,0.09119496855345911,2.077218728162124,4.151372615939532,1.7068593321368087e-4,0.019225064380018985,0.01780918183775094,FGF13/KCNE2/KCNJ16/FXYD4/KCNIP3/KCNJ18/GSTM2/DMD/ATP4A/RYR2/KCNJ12/KCNJ15/NEDD4L/PPP3CC/PRKD1/PLA2G1B/KCNQ1/KCNJ13/KCNIP4/F2/LRRC52/ATP1B2/LRRC26/KCNJ10/KCNG4/EDN1/KCNJ8/KCNJ11/HEPH,29
GO:0051960,regulation of nervous system development,38/828,466/18860,0.0815450643776824,1.8574153552694324,4.016045952864007,1.9204273810385526e-4,0.021115556299133417,0.0195604432996007,LINGO2/SMARCD3/FGF13/ROBO3/WASF3/FZD4/OBSL1/PTPRS/GHRL/DBN1/EPHB3/PTPN13/PTPRZ1/NIN/LINGO4/ULK1/ULK2/DAAM2/ZFYVE27/CUX2/MT3/FLRT3/KIT/ABCC8/NEFL/IDH2/CDK18/F2/CHODL/RASSF10/NTN1/SLITRK4/FERD3L/ID4/LRRN1/SYNDIG1/CAMK2B/DKK1,38
GO:0071248,cellular response to metal ion,20/828,186/18860,0.10752688172043011,2.4492234169653524,4.256235865794358,2.0386503022347055e-4,0.021598770451674767,0.02000806982188832,SLC41A1/MT1F/NFATC2/ALAD/BNIP3/PRKAA2/MT1X/MT1B/MT1M/MT1G/MT3/MT1E/ADCY1/GABRB3/TF/MT2A/CPNE4/MT1H/KCNJ10/EDN1,20
GO:0002791,regulation of peptide secretion,22/828,215/18860,0.10232558139534884,2.330749354005168,4.205201875438963,2.0579166303024896e-4,0.021598770451674767,0.02000806982188832,FGA/FGB/FGG/PDE8B/MYRIP/GHRL/CHRM3/RAPGEF4/GNAZ/OXCT1/SIRT4/PRKD1/GNAI1/CELA2A/SIDT2/PLA2G6/ABCC8/CHGA/FFAR3/F2/TFAP2B/KCNJ11,22
GO:0035725,sodium ion transmembrane transport,20/828,187/18860,0.10695187165775401,2.4361259655377303,4.22920598755009,2.1909016248434812e-4,0.022180446721546357,0.02054690694909266,FGF13/SLC41A1/FXYD4/ATP4B/DMD/SLC5A2/ATP4A/SLC13A3/SLC6A2/SLC9A4/NEDD4L/SLC9A7/SCNN1B/NALCN/SCNN1G/SLC8A2/ATP1B2/SLC9A3/SCN2A/SLC6A5,20
GO:0001822,kidney development,29/828,323/18860,0.08978328173374613,2.0450636394908837,4.0595399835613595,2.2262533756383388e-4,0.022180446721546357,0.02054690694909266,NPHS1/ERBB4/PDGFD/SMAD5/ACVR2B/FREM2/GPC3/WNT6/LAMB2/ACAT1/BCL2L11/COL4A4/BMPER/WDPCP/IRX3/IRX2/PTK7/RET/SIX4/VANGL2/ZBTB16/TMEM59L/KLHL3/GLIS2/TFAP2B/EDN1/NID1/KCNJ8/SIX1,29
GO:0071466,cellular response to xenobiotic stimulus,21/828,202/18860,0.10396039603960396,2.3679867986798677,4.188683982661004,2.287249253086035e-4,0.022180446721546357,0.02054690694909266,KCNE2/FUT1/GSTA3/GSTM2/CYP2C8/GSTA4/PRKAA2/SLC29A1/SULT2A1/ACSM2B/RORC/ADA/KCNQ1/SLC10A1/RORA/ABCC5/PON3/FMO2/GSTM3/EDN1/ALDH3A1,21
GO:0090087,regulation of peptide transport,22/828,217/18860,0.10138248847926268,2.309267793138761,4.15674134485612,2.347996511326643e-4,0.022180446721546357,0.02054690694909266,FGA/FGB/FGG/PDE8B/MYRIP/GHRL/CHRM3/RAPGEF4/GNAZ/OXCT1/SIRT4/PRKD1/GNAI1/CELA2A/SIDT2/PLA2G6/ABCC8/CHGA/FFAR3/F2/TFAP2B/KCNJ11,22
GO:0006936,muscle contraction,32/828,372/18860,0.08602150537634409,1.959378733572282,4.0046921851484445,2.3534904490163955e-4,0.022180446721546357,0.02054690694909266,PTGER3/MYBPC3/FGF13/VEGFB/CKMT2/KCNE2/SNTB1/GHRL/GSTM2/DMD/CHRM3/SMAD5/RYR2/KCNJ12/NEDD4L/PRKD1/KIT/ADA/SCNN1B/KCNQ1/CHRM2/CHGA/TPM2/PGAM2/SCN2A/LMOD2/KCNE4/ADRA1B/EDN1/ADRB2/KCNJ8/ATP8A2,32
GO:0008217,regulation of blood pressure,21/828,203/18860,0.10344827586206896,2.3563218390804597,4.163345158405976,2.4483054666753315e-4,0.022612549290213363,0.020947186140144312,DRD5/RNLS/AR/NPR3/SGK1/KL/TAC4/ADM/SCPEP1/SCNN1B/KCNQ1/CHGA/SCNN1G/FFAR3/EDN1/POSTN/GUCA2B/ADRB2/KCNJ8/TTR/NPY,21
GO:0007188,adenylate cyclase-modulating G protein-coupled receptor signaling pathway,26/828,281/18860,0.09252669039145907,2.107552392249901,4.008287103243925,2.900263824215453e-4,0.02609057847972025,0.024169066340312077,DRD5/PTGER3/APLP1/CHRM3/RAPGEF4/GNAZ/PTGDR2/HTR1E/GNAI1/ADM/SCTR/ADCY1/CHRM2/CHGA/PRKACB/FFAR3/PTH1R/GPR62/RAMP1/SSTR2/MC5R/ADRA1B/EDN1/ADRB2/S1PR3/PSAPL1,26
GO:0070633,transepithelial transport,8/828,40/18860,0.2,4.555555555555555,4.823699048879739,2.9378737136107687e-4,0.02609057847972025,0.024169066340312077,CLCNKA/SLC1A2/CLDN19/P2RY4/SLC9A4/PRKD1/SCNN1B/EDN1,8
GO:0071772,response to BMP,20/828,192/18860,0.10416666666666667,2.3726851851851856,4.096615596430154,3.1115435666803285e-4,0.026609459612832884,0.024649733050660535,GDF5/GPR155/COL2A1/RGMB/SMAD5/ACVR2B/PDCD4/RBPMS2/GPC3/GATA6/GREM2/BMPER/FST/SMAD9/TFAP2B/GATA5/SOSTDC1/DAND5/AMHR2/DKK1,20
GO:0071773,cellular response to BMP stimulus,20/828,192/18860,0.10416666666666667,2.3726851851851856,4.096615596430154,3.1115435666803285e-4,0.026609459612832884,0.024649733050660535,GDF5/GPR155/COL2A1/RGMB/SMAD5/ACVR2B/PDCD4/RBPMS2/GPC3/GATA6/GREM2/BMPER/FST/SMAD9/TFAP2B/GATA5/SOSTDC1/DAND5/AMHR2/DKK1,20
GO:0045776,negative regulation of blood pressure,9/828,51/18860,0.17647058823529413,4.019607843137255,4.627062106788104,3.35755888816482e-4,0.028191285355536614,0.026115060902395845,DRD5/RNLS/KL/TAC4/SCPEP1/FFAR3/GUCA2B/ADRB2/NPY,9
GO:0043583,ear development,23/828,238/18860,0.09663865546218488,2.201213818860878,3.9962089339574187,3.438178037602901e-4,0.02835268960294678,0.026264578091763514,KCNK2/LRIG1/ANKRD24/COL2A1/HPN/FREM2/BCL2L11/BMPER/LHFPL5/WDPCP/KCNQ1/GABRB3/FGF20/PTK7/SOX2/SIX4/VANGL2/NTN1/GABRB2/INSIG1/EDN1/ATP8A2/SIX1,23
GO:0010975,regulation of neuron projection development,36/828,448/18860,0.08035714285714286,1.830357142857143,3.8115884219556464,3.7042948038947774e-4,0.029644582811527348,0.02746132628525613,FGF13/ROBO3/FZD4/OBSL1/PACSIN1/PTPRS/DMD/DBN1/EPHB3/NIN/PAK3/ULK1/NEDD4L/ULK2/ZFYVE27/SERPINI1/RAB17/PRKD1/CUX2/MT3/FIGNL2/CSMD3/TOX/NEFL/PTK7/RET/ATP1B2/DENND5A/KIF1A/FUT9/CHODL/NTN1/KIF26A/ATP8A2/CAMK2B/DKK1,36
GO:0048839,inner ear development,21/828,210/18860,0.1,2.2777777777777777,3.990047901286904,3.8820636896508e-4,0.029644582811527348,0.02746132628525613,KCNK2/LRIG1/ANKRD24/COL2A1/HPN/FREM2/BMPER/LHFPL5/WDPCP/KCNQ1/GABRB3/FGF20/PTK7/SOX2/SIX4/VANGL2/NTN1/GABRB2/INSIG1/ATP8A2/SIX1,21
GO:0072001,renal system development,29/828,334/18860,0.08682634730538923,1.97771124417831,3.8631855030570534,3.8907750530520153e-4,0.029644582811527348,0.02746132628525613,NPHS1/ERBB4/PDGFD/SMAD5/ACVR2B/FREM2/GPC3/WNT6/LAMB2/ACAT1/BCL2L11/COL4A4/BMPER/WDPCP/IRX3/IRX2/PTK7/RET/SIX4/VANGL2/ZBTB16/TMEM59L/KLHL3/GLIS2/TFAP2B/EDN1/NID1/KCNJ8/SIX1,29
GO:0098719,sodium ion import across plasma membrane,7/828,32/18860,0.21875,4.982638888888889,4.831660089498682,0.00039386065986078353,0.029644582811527348,0.02746132628525613,SLC5A2/SLC9A4/NEDD4L/SLC9A7/SCNN1B/SCNN1G/SLC9A3,7
GO:0010038,response to metal ion,30/828,351/18860,0.08547008547008547,1.9468186134852803,3.836908273684838,4.056699940073352e-4,0.029644582811527348,0.02746132628525613,FGA/FGB/FGG/PDCD6/SLC41A1/KCNMB2/MT1F/NFATC2/ALAD/BNIP3/RYR2/PRKAA2/MT1X/MT1B/MT1M/MT1G/MT3/KIT/MT1E/ADCY1/GABRB3/ABCC8/TF/MT2A/CPNE4/MT1H/PGAM2/KCNJ10/EDN1/TRPV6,30
GO:0009101,glycoprotein biosynthetic process,27/828,303/18860,0.0891089108910891,2.0297029702970297,3.8719696563287247,4.0717339682160285e-4,0.029644582811527348,0.02746132628525613,XYLT2/VEGFB/HS3ST4/B3GAT1/ST3GAL1/CHST3/B3GALNT1/MAN2A2/IL33/ITM2A/ST3GAL6/ABCA2/TMTC4/NDST3/HS6ST3/NECAB3/PMM1/CHST11/ST8SIA5/CWH43/VANGL2/GCNT2/FUT9/RAMP1/CSGALNACT1/GALNT14/GXYLT2,27
GO:0046883,regulation of hormone secretion,25/828,272/18860,0.09191176470588236,2.093545751633987,3.8927599829831645,4.158350704136317e-4,0.029644582811527348,0.02746132628525613,FGA/FGB/FGG/PDE8B/MYRIP/CCKAR/GHRL/CHRM3/RAPGEF4/GNAZ/OXCT1/SIRT4/PRKD1/GNAI1/CELA2A/SIDT2/C1QTNF3/PLA2G6/ABCC8/CHGA/FFAR3/F2/TFAP2B/EDN1/KCNJ11,25
GO:0046676,negative regulation of insulin secretion,8/828,42/18860,0.19047619047619047,4.338624338624339,4.641496394906961,4.1725809500850534e-4,0.029644582811527348,0.02746132628525613,PDE8B/GHRL/GNAZ/SIRT4/GNAI1/ABCC8/CHGA/KCNJ11,8
GO:0046717,acid secretion,8/828,42/18860,0.19047619047619047,4.338624338624339,4.641496394906961,4.1725809500850534e-4,0.029644582811527348,0.02746132628525613,SLC26A7/PTGER3/CCKBR/GHRL/HIP1R/SLC9A4/SGK1/KCNQ1,8
GO:0010232,vascular transport,12/828,88/18860,0.13636363636363635,3.1060606060606055,4.243356083152042,4.520118120400652e-4,0.031155082805985387,0.028860581368905344,SLC16A7/SLC1A2/LEPR/ATP8A1/SLC2A4/SLC13A3/SLC29A1/ABCA2/ABCC5/SLC8A2/ATP1B2/KCNJ8,12
GO:0150104,transport across blood-brain barrier,12/828,88/18860,0.13636363636363635,3.1060606060606055,4.243356083152042,4.520118120400652e-4,0.031155082805985387,0.028860581368905344,SLC16A7/SLC1A2/LEPR/ATP8A1/SLC2A4/SLC13A3/SLC29A1/ABCA2/ABCC5/SLC8A2/ATP1B2/KCNJ8,12
GO:0042472,inner ear morphogenesis,14/828,114/18860,0.12280701754385964,2.7972709551656916,4.124432729624628,4.704633626231142e-4,0.0311846744082827,0.028887993616571513,LRIG1/ANKRD24/COL2A1/HPN/LHFPL5/WDPCP/KCNQ1/PTK7/SIX4/VANGL2/NTN1/INSIG1/ATP8A2/SIX1,14
GO:0055123,digestive system development,17/828,155/18860,0.10967741935483871,2.4982078853046596,4.013392369372553,4.7337062283564615e-4,0.0311846744082827,0.028887993616571513,CCKBR/PTF1A/HIP1R/EGFR/EPHB3/ACVR2B/RBPMS2/SLC4A2/GATA6/KIT/ADA/WDPCP/KCNQ1/RET/VANGL2/GATA5/NPY,17
GO:0050807,regulation of synapse organization,28/828,322/18860,0.08695652173913043,1.9806763285024154,3.8034239656934257,4.751932977736586e-4,0.0311846744082827,0.028887993616571513,LINGO2/CDH2/CACNA2D3/PTPRS/CYFIP2/GHRL/DBN1/EPHB3/PTPN13/PAK3/LINGO4/NEDD4L/RAB17/CUX2/FLRT3/LRFN2/NEFL/SIX4/VANGL2/KIF1A/NTN1/SLITRK4/LRRN1/CRTAC1/SYNDIG1/SIX1/CAMK2B/DKK1,28
GO:0003096,renal sodium ion transport,6/828,24/18860,0.25,5.694444444444445,4.931147952073047,4.79452551534879e-4,0.0311846744082827,0.028887993616571513,SGK1/KCNQ1/PON3/KLHL3/EDN1/GUCA2B,6
GO:0007409,axonogenesis,37/828,472/18860,0.07838983050847458,1.7855461393596985,3.7036334654237564,4.952632641305905e-4,0.03176563546882037,0.02942616820799298,APLP1/FGF13/ROBO3/PTPRM/CCKAR/PTPRS/CYFIP2/EPHB3/LAMA2/PTPRZ1/NIN/PAK3/CELSR1/NTN4/EPHB6/ULK1/ULK2/ZFYVE27/EVL/LAMB2/GFRA3/MT3/FLRT3/ADCY1/NEFL/PTK7/RET/VANGL2/SEMA3D/NDN/UNC5A/CHODL/NTN1/SLITRK4/KIF5C/EDN1/ATP8A2,37
GO:0003014,renal system process,16/828,143/18860,0.11188811188811189,2.5485625485625487,3.9831916206321174,5.509726173299206e-4,0.034854678723692786,0.03228771040849024,AQP4/CLCNKA/SLC5A2/CLDN19/NPR3/SGK1/SLC22A12/ADM/SCNN1B/KCNQ1/PRKACB/PON3/KLHL3/EDN1/GUCA2B/TTR,16
GO:0043587,tongue morphogenesis,4/828,10/18860,0.4,9.11111111111111,5.497651709637465,6.263006578641065e-4,0.0390338596226436,0.036159104079328853,WDPCP/HOXC13/SIX4/SIX1,4
GO:0035860,glial cell-derived neurotrophic factor receptor signaling pathway,5/828,17/18860,0.29411764705882354,6.699346405228758,5.037638971528329,6.412378777170588e-4,0.0390338596226436,0.036159104079328853,NRTN/PSPN/GFRA3/GFRA4/RET,5
GO:0045834,positive regulation of lipid metabolic process,16/828,145/18860,0.1103448275862069,2.5134099616858236,3.920109722829935,6.423935321179978e-4,0.0390338596226436,0.036159104079328853,PLIN5/ANGPTL3/FUT1/FABP3/SIRT4/APOA5/APOH/GNAI1/PLA2G6/PPARGC1A/SORBS1/ADM/GPIHBP1/EEF1A2/INSIG1/EDN1,16
GO:0050803,regulation of synapse structure or activity,28/828,329/18860,0.0851063829787234,1.9385342789598108,3.680028733440995,6.666274192163226e-4,0.039766755123779515,0.03683802348317567,LINGO2/CDH2/CACNA2D3/PTPRS/CYFIP2/GHRL/DBN1/EPHB3/PTPN13/PAK3/LINGO4/NEDD4L/RAB17/CUX2/FLRT3/LRFN2/NEFL/SIX4/VANGL2/KIF1A/NTN1/SLITRK4/LRRN1/CRTAC1/SYNDIG1/SIX1/CAMK2B/DKK1,28
GO:0050708,regulation of protein secretion,25/828,281/18860,0.08896797153024912,2.0264926848556746,3.714927997151456,6.71677544316761e-4,0.039766755123779515,0.03683802348317567,FGA/FGB/FGG/PDE8B/TMEM132A/MYRIP/GHRL/CHRM3/RAPGEF4/GNAZ/OXCT1/SIRT4/PLA2G1B/GNAI1/CELA2A/SIDT2/C1QTNF3/PLA2G6/ABCC8/CHGA/IDH2/F2/TGFB3/TFAP2B/KCNJ11,25
GO:0170039,proteinogenic amino acid metabolic process,18/828,175/18860,0.10285714285714286,2.342857142857143,3.824325384016348,7.079920074685736e-4,0.04138616570240345,0.03833816813260871,ALDH6A1/BCAT2/ADHFE1/GPT2/GLUL/HDC/NAT8L/SIRT4/GNMT/CBS/ACAT1/GLS2/PLOD2/ASNS/CARNS1/PHGDH/GLYATL1/CDO1,18
GO:0071692,protein localization to extracellular region,32/828,398/18860,0.08040201005025126,1.8313791178112788,3.5921447097223553,7.601213308521586e-4,0.043878003823440856,0.04064648800767333,FGA/FGB/FGG/PDE8B/TMEM132A/MYRIP/GHRL/CHRM3/RAPGEF4/GNAZ/ACVR2B/OXCT1/SIRT4/PLA2G1B/GNAI1/CELA2A/SIDT2/C1QTNF3/PLA2G6/NECAB3/AFM/ABCC8/CHGA/IDH2/CWH43/F2/TGFB3/PTPRN/TFAP2B/DAND5/KCNJ8/KCNJ11,32
GO:0007586,digestion,16/828,148/18860,0.10810810810810811,2.4624624624624625,3.8274368184921053,8.036838386210838e-4,0.04556931250458893,0.042213235626871834,CHIA/SLC26A7/PTGER3/CCKBR/PGA3/GHRL/HIP1R/CHRM3/SLC9A4/SGK1/PPARGC1A/PGC/KCNQ1/CLPS/HEPH/PRSS1,16
GO:0170033,L-amino acid metabolic process,18/828,177/18860,0.1016949152542373,2.3163841807909606,3.7704963980330275,8.091562636154811e-4,0.04556931250458893,0.042213235626871834,ALDH6A1/BCAT2/ADHFE1/GPT2/GLUL/HDC/NAT8L/SIRT4/GNMT/CBS/ACAT1/GLS2/PLOD2/ASNS/CARNS1/PHGDH/GLYATL1/CDO1,18
GO:0072378,"blood coagulation, fibrin clot formation",5/828,18/18860,0.2777777777777778,6.327160493827161,4.845304590310573,8.559910211513574e-4,0.04762610283948155,0.04411854800201797,FGA/FGB/FGG/APOH/FBLN1,5
GO:0180064,protein O-linked glycosylation via xylose,9/828,58/18860,0.15517241379310345,3.53448275862069,4.142417454992656,8.937924007870973e-4,0.04769031810094467,0.04417803395460307,XYLT2/HS3ST4/B3GAT1/CHST3/NDST3/HS6ST3/CHST11/VANGL2/CSGALNACT1,9
GO:0070293,renal absorption,8/828,47/18860,0.1702127659574468,3.8770685579196216,4.231775904367383,9.161783106363598e-4,0.04769031810094467,0.04417803395460307,CLCNKA/SLC5A2/CLDN19/SGK1/KCNQ1/KLHL3/EDN1/GUCA2B,8
GO:0090278,negative regulation of peptide hormone secretion,8/828,47/18860,0.1702127659574468,3.8770685579196216,4.231775904367383,9.161783106363598e-4,0.04769031810094467,0.04417803395460307,PDE8B/GHRL/GNAZ/SIRT4/GNAI1/ABCC8/CHGA/KCNJ11,8
GO:0042471,ear morphogenesis,15/828,136/18860,0.11029411764705882,2.5122549019607843,3.792692983343623,9.411817115899168e-4,0.04769031810094467,0.04417803395460307,LRIG1/ANKRD24/COL2A1/HPN/LHFPL5/WDPCP/KCNQ1/PTK7/SIX4/VANGL2/NTN1/INSIG1/EDN1/ATP8A2/SIX1,15
GO:0042730,fibrinolysis,6/828,27/18860,0.2222222222222222,5.061728395061729,4.525697866071786,9.422901632235897e-4,0.04769031810094467,0.04417803395460307,FGA/FGB/FGG/APOH/F2/HRG,6
GO:0032836,glomerular basement membrane development,4/828,11/18860,0.36363636363636365,8.282828282828282,5.177317569007614,9.500886239252727e-4,0.04769031810094467,0.04417803395460307,NPHS1/LAMB2/COL4A4/NID1,4
GO:0048537,mucosa-associated lymphoid tissue development,4/828,11/18860,0.36363636363636365,8.282828282828282,5.177317569007614,9.500886239252727e-4,0.04769031810094467,0.04417803395460307,RORC/ADA/TOX/RET,4
GO:0048541,Peyer's patch development,4/828,11/18860,0.36363636363636365,8.282828282828282,5.177317569007614,9.500886239252727e-4,0.04769031810094467,0.04417803395460307,RORC/ADA/TOX/RET,4
GO:1904338,regulation of dopaminergic neuron differentiation,4/828,11/18860,0.36363636363636365,8.282828282828282,5.177317569007614,9.500886239252727e-4,0.04769031810094467,0.04417803395460307,FOXA1/FGF20/FERD3L/DKK1,4
GO:0030166,proteoglycan biosynthetic process,11/828,83/18860,0.13253012048192772,3.0187416331994648,3.949655637946933,9.837268226235848e-4,0.048524099415998716,0.04495040916017843,XYLT2/HS3ST4/B3GAT1/ST3GAL1/CHST3/ST3GAL6/NDST3/HS6ST3/CHST11/VANGL2/CSGALNACT1,11
GO:0055075,potassium ion homeostasis,7/828,37/18860,0.1891891891891892,4.3093093093093096,4.317639231528969,9.954658150188196e-4,0.048524099415998716,0.04495040916017843,ATP4B/ATP4A/SCNN1B/KCNQ1/ATP1B2/KLHL3/KCNJ10,7
GO:0072073,kidney epithelium development,16/828,151/18860,0.10596026490066225,2.4135393671817513,3.737004695871756,9.982220538154781e-4,0.048524099415998716,0.04495040916017843,NPHS1/SMAD5/GPC3/WNT6/LAMB2/ACAT1/BMPER/IRX3/IRX2/RET/SIX4/TMEM59L/KLHL3/TFAP2B/EDN1/SIX1,16
GO:0051963,regulation of synapse assembly,18/828,181/18860,0.09944751381215469,2.2651933701657456,3.6649827353694895,0.0010490455661667382,0.050358852062629446,0.04665003642099019,LINGO2/PTPRS/CYFIP2/GHRL/EPHB3/PTPN13/LINGO4/RAB17/CUX2/FLRT3/SIX4/NTN1/SLITRK4/LRRN1/CRTAC1/SYNDIG1/SIX1/DKK1,18
GO:0002792,negative regulation of peptide secretion,8/828,48/18860,0.16666666666666666,3.796296296296296,4.156606098062235,0.0010577758012288991,0.050358852062629446,0.04665003642099019,PDE8B/GHRL/GNAZ/SIRT4/GNAI1/ABCC8/CHGA/KCNJ11,8
GO:0014823,response to activity,11/828,84/18860,0.13095238095238096,2.982804232804233,3.9027478341058206,0.001087982800765741,0.05126841401975706,0.04749261119561731,FUT1/ALAD/FNDC5/RYR2/HDAC5/OXCT1/PRKAA2/KL/PPARGC1A/EDN1/POSTN,11
GO:0006541,glutamine metabolic process,5/828,19/18860,0.2631578947368421,5.994152046783626,4.667014339713151,0.0011200419410103662,0.05172353683585871,0.04791421524490661,GLUL/SIRT4/GLS2/PHGDH/GLYATL1,5
GO:0043586,tongue development,5/828,19/18860,0.2631578947368421,5.994152046783626,4.667014339713151,0.0011200419410103662,0.05172353683585871,0.04791421524490661,KIT/WDPCP/HOXC13/SIX4/SIX1,5
GO:0045926,negative regulation of growth,21/828,229/18860,0.09170305676855896,2.088791848617176,3.552197206114152,0.001198694236535306,0.05385475263694831,0.04988847181886849,FGF13/KCNK2/PTPRS/MT1F/ULK1/ULK2/MT1X/GPC3/MT1B/MT1M/MT1G/MT3/MT1E/ALOX15B/IGFBP5/MT2A/MT1H/NTN1/RERG/HRG/ADRB2,21
GO:1901606,alpha-amino acid catabolic process,12/828,98/18860,0.12244897959183673,2.7891156462585034,3.805085633960195,0.0011995576987172858,0.05385475263694831,0.04988847181886849,ALDH6A1/BCAT2/ADHFE1/GPT2/GLUL/HDC/CBS/ACAT1/SARDH/GLS2/CARNS1/CDO1,12
GO:0170040,proteinogenic amino acid catabolic process,11/828,85/18860,0.12941176470588237,2.947712418300654,3.8565314073060675,0.0012011778955404236,0.05385475263694831,0.04988847181886849,ALDH6A1/BCAT2/ADHFE1/GPT2/GLUL/HDC/CBS/ACAT1/GLS2/CARNS1/CDO1,11
GO:0006493,protein O-linked glycosylation,16/828,154/18860,0.1038961038961039,2.366522366522367,3.6487086738660928,0.001231287860887911,0.054673916745965126,0.05064730634259586,XYLT2/VEGFB/HS3ST4/B3GAT1/ST3GAL1/CHST3/B3GALNT1/TMTC4/NDST3/HS6ST3/CHST11/VANGL2/FUT9/CSGALNACT1/GALNT14/GXYLT2,16
GO:0009100,glycoprotein metabolic process,30/828,377/18860,0.07957559681697612,1.8125552608311228,3.4149936392559925,0.001287771891332871,0.05663743423023999,0.05246621520177231,XYLT2/VEGFB/HS3ST4/B3GAT1/COL2A1/ST3GAL1/CHST3/B3GALNT1/IDUA/MAN2A2/IL33/ITM2A/ST3GAL6/ABCA2/TMTC4/NDST3/HS6ST3/NECAB3/PMM1/CHST11/FBXO27/ST8SIA5/CWH43/VANGL2/GCNT2/FUT9/RAMP1/CSGALNACT1/GALNT14/GXYLT2,30
GO:0036018,cellular response to erythropoietin,4/828,12/18860,0.3333333333333333,7.592592592592592,4.895158675380358,0.0013758344126327514,0.058829660347574496,0.054496988820073124,EPOR/MT1X/KIT/MT2A,4
GO:0048671,negative regulation of collateral sprouting,4/828,12/18860,0.3333333333333333,7.592592592592592,4.895158675380358,0.0013758344126327514,0.058829660347574496,0.054496988820073124,FGF13/PTPRS/ULK1/ULK2,4
GO:0071389,cellular response to mineralocorticoid stimulus,4/828,12/18860,0.3333333333333333,7.592592592592592,4.895158675380358,0.0013758344126327514,0.058829660347574496,0.054496988820073124,SGK1/SCNN1B/SCNN1G/EDN1,4
GO:0140115,export across plasma membrane,12/828,100/18860,0.12,2.733333333333333,3.724073305901616,0.0014324022470650997,0.06044947660167443,0.055997509267900175,KCNE2/FXYD4/ATP4B/ATP4A/NEDD4L/KCNQ1/TF/ABCC5/SLC8A2/ATP1B2/KCNE4/HEPH,12
GO:0072079,nephron tubule formation,5/828,20/18860,0.25,5.694444444444445,4.501023721129274,0.0014398965842754843,0.06044947660167443,0.055997509267900175,WNT6/IRX3/IRX2/SIX4/SIX1,5
GO:0170035,L-amino acid catabolic process,11/828,87/18860,0.12643678160919541,2.8799489144316732,3.7660959759900505,0.0014566914569549914,0.060603613947911264,0.05614029474694249,ALDH6A1/BCAT2/ADHFE1/GPT2/GLUL/HDC/CBS/ACAT1/GLS2/CARNS1/CDO1,11
GO:0043269,regulation of monoatomic ion transport,34/828,449/18860,0.0757238307349666,1.724820588963128,3.3309456924491854,0.0014821534902794452,0.06061998939245706,0.056155464177006564,FGF13/KCNE2/KCNJ16/FXYD4/KCNIP3/KCNJ18/GSTM2/DMD/HOMER2/ATP4A/RYR2/KCNJ12/KCNJ15/NEDD4L/PPP3CC/PRKD1/PLA2G1B/KCNQ1/ABCC8/KCNJ13/KCNIP4/F2/LRRC52/ATP1B2/LRRC26/KCNJ10/PACSIN3/KCNG4/EDN1/ADRB2/KCNJ8/KCNJ11/CAMK2B/HEPH,34
GO:0006029,proteoglycan metabolic process,13/828,114/18860,0.11403508771929824,2.597465886939571,3.6659139066457507,0.0014833388482779662,0.06061998939245706,0.056155464177006564,XYLT2/HS3ST4/B3GAT1/COL2A1/ST3GAL1/CHST3/IDUA/ST3GAL6/NDST3/HS6ST3/CHST11/VANGL2/CSGALNACT1,13
GO:0034762,regulation of transmembrane transport,34/828,450/18860,0.07555555555555556,1.7209876543209879,3.3171089810772205,0.0015380100839752265,0.06192801895308265,0.05736716031668481,FGF13/KCNE2/PTPRM/KCNJ16/FXYD4/KCNIP3/SLC1A2/KCNJ18/GSTM2/DMD/ATP4A/RYR2/KCNJ12/KCNJ15/CNIH3/NEDD4L/PPP3CC/GPC3/PRKD1/PLA2G1B/SORBS1/KCNQ1/KCNJ13/KCNIP4/F2/LRRC52/ATP1B2/LRRC26/KCNJ10/KCNG4/EDN1/KCNJ8/KCNJ11/HEPH,34
GO:0030198,extracellular matrix organization,27/828,331/18860,0.08157099697885196,1.8580060422960725,3.3746668223256444,0.001542165911564423,0.06192801895308265,0.05736716031668481,APLP1/THSD4/EGFL6/NPHS1/COL2A1/LAMA2/HPN/NTN4/PBXIP1/COL6A5/DPT/LAMB2/COL4A4/FMOD/MMP19/ADAMTS19/PLOD2/EFEMP2/FBLN1/TIMP3/SMOC1/CSGALNACT1/GAS2/POSTN/NID1/GPM6B/PRSS1,27
GO:1903524,positive regulation of blood circulation,7/828,40/18860,0.175,3.986111111111111,4.051153498082593,0.0016081892111491462,0.0635762647016695,0.05889401649098148,GHRL/RYR2/ADM/ADA/KCNQ1/CHGA/EDN1,7
GO:0043062,extracellular structure organization,27/828,332/18860,0.08132530120481928,1.8524096385542168,3.357806550024894,0.001610745554373177,0.0635762647016695,0.05889401649098148,APLP1/THSD4/EGFL6/NPHS1/COL2A1/LAMA2/HPN/NTN4/PBXIP1/COL6A5/DPT/LAMB2/COL4A4/FMOD/MMP19/ADAMTS19/PLOD2/EFEMP2/FBLN1/TIMP3/SMOC1/CSGALNACT1/GAS2/POSTN/NID1/GPM6B/PRSS1,27
GO:0045229,external encapsulating structure organization,27/828,333/18860,0.08108108108108109,1.8468468468468469,3.341003957775332,0.0016819354864666867,0.06582354302121321,0.06097578784121869,APLP1/THSD4/EGFL6/NPHS1/COL2A1/LAMA2/HPN/NTN4/PBXIP1/COL6A5/DPT/LAMB2/COL4A4/FMOD/MMP19/ADAMTS19/PLOD2/EFEMP2/FBLN1/TIMP3/SMOC1/CSGALNACT1/GAS2/POSTN/NID1/GPM6B/PRSS1,27
GO:0001666,response to hypoxia,26/828,317/18860,0.08201892744479496,1.8682089029092186,3.3405379983249355,0.0017291288969513503,0.06710182559765827,0.06215992779487208,VEGFB/KCNK2/FZD4/CA9/HMOX2/ALAD/BNIP3/RYR2/SLC2A4/SIRT4/SLC29A1/CBS/GATA6/MT3/WTIP/ADA/PLOD2/SOX2/RORA/TGFB3/SCN2A/EDN1/POSTN/KCNJ8/KCNJ11/SOD3,26
GO:0030195,negative regulation of blood coagulation,8/828,52/18860,0.15384615384615385,3.5042735042735047,3.8749372290106257,0.0018080674538809402,0.06897661939784229,0.06389664726877232,FGA/FGB/FGG/APOH/F2/PROC/HRG/EDN1,8
GO:0070294,renal sodium ion absorption,5/828,21/18860,0.23809523809523808,5.423280423280422,4.345880166260149,0.0018222493647762582,0.06897661939784229,0.06389664726877232,SGK1/KCNQ1/KLHL3/EDN1/GUCA2B,5
GO:0110096,cellular response to aldehyde,5/828,21/18860,0.23809523809523808,5.423280423280422,4.345880166260149,0.0018222493647762582,0.06897661939784229,0.06389664726877232,ALDH1A1/SGK1/SCNN1B/SCNN1G/RDH12,5
GO:0055001,muscle cell development,19/828,206/18860,0.09223300970873786,2.1008629989212513,3.4043440802063163,0.001878917297668685,0.07054341528970721,0.06534805218421512,MYBPC3/DNER/OBSL1/DMD/NFATC2/SORBS2/PRKD1/CACNA2D2/NRAP/ADM/NEBL/SYPL2/CSRP2/EFEMP2/SIX4/ALPK3/LMOD2/EDN1/SIX1,19
GO:0034116,positive regulation of heterotypic cell-cell adhesion,4/828,13/18860,0.3076923076923077,7.008547008547009,4.643790015646941,0.0019186783639388878,0.07088365347735827,0.06566323259829591,FGA/FGB/FGG/GCNT2,4
GO:0036017,response to erythropoietin,4/828,13/18860,0.3076923076923077,7.008547008547009,4.643790015646941,0.0019186783639388878,0.07088365347735827,0.06566323259829591,EPOR/MT1X/KIT/MT2A,4
GO:0046467,membrane lipid biosynthetic process,16/828,161/18860,0.09937888198757763,2.2636300897170463,3.4504541063713012,0.001958775211441791,0.07179066608284279,0.06650344577526683,FUT1/ST3GAL1/GBGT1/B3GALNT1/PIGZ/A4GALT/CERS4/PRKD1/ST3GAL6/ABCA2/PLA2G6/PNPLA1/CYP4F22/ST8SIA5/CWH43/FUT9,16
GO:1901605,alpha-amino acid metabolic process,19/828,207/18860,0.09178743961352658,2.0907139023081056,3.381226200829565,0.001986175917904086,0.07222173534552023,0.06690276776097973,ALDH6A1/BCAT2/ADHFE1/GPT2/GLUL/HDC/NAT8L/SIRT4/GNMT/CBS/ACAT1/SARDH/GLS2/PLOD2/ASNS/CARNS1/PHGDH/GLYATL1/CDO1,19
GO:0042403,thyroid hormone metabolic process,6/828,31/18860,0.1935483870967742,4.408602150537634,4.070015677966954,0.002018453405118627,0.07279045039120269,0.06742959822886366,SLC26A7/HPN/DUOX1/SULT2A1/DUOXA1/SLC16A10,6
GO:0050873,brown fat cell differentiation,8/828,53/18860,0.1509433962264151,3.438155136268344,3.8088341073709455,0.002049103194208824,0.07279045039120269,0.06742959822886366,ALDH6A1/FNDC5/BNIP3/FABP3/SLC2A4/PPARGC1A/ADRB2/SIX1,8
GO:1900047,negative regulation of hemostasis,8/828,53/18860,0.1509433962264151,3.438155136268344,3.8088341073709455,0.002049103194208824,0.07279045039120269,0.06742959822886366,FGA/FGB/FGG/APOH/F2/PROC/HRG/EDN1,8
GO:0050878,regulation of body fluid levels,30/828,389/18860,0.07712082262210797,1.7566409597257926,3.2312606611114196,0.002081889058331556,0.07339056237690937,0.06798551332309719,FGA/AQP4/FGB/FGG/ERBB4/DGKD/CHRM3/SLC29A1/NPR3/APOH/ENPP4/CELA2A/PDIA2/ADM/ADA/SCNN1B/FGL1/SERPIND1/SCNN1G/PRKACB/F2/VAV3/FBLN1/PROC/HRG/EDN1/PRSS56/GUCA2B/CDO1/TTR,30
GO:0044282,small molecule catabolic process,29/828,373/18860,0.0777479892761394,1.7709264224009533,3.222453619742879,0.0021745894231435473,0.07607768148543106,0.07047473218225979,ALDH6A1/BCAT2/ADHFE1/PLIN5/GPT2/ACADL/GLUL/HDC/FUT1/DCXR/OXCT1/LDHB/ECI2/CBS/ENPP4/SULT2A1/ACAT1/GALT/ADA/ALDH1L2/SARDH/GLS2/TKTL1/ALDH1L1/PGAM2/PON3/CARNS1/FUT9/CDO1,29
GO:0035592,establishment of protein localization to extracellular region,30/828,391/18860,0.07672634271099744,1.7476555839727195,3.2012590453075034,0.0022486639823676036,0.07721342957566965,0.07152683499248284,FGA/FGB/FGG/PDE8B/TMEM132A/MYRIP/GHRL/CHRM3/RAPGEF4/GNAZ/ACVR2B/OXCT1/SIRT4/PLA2G1B/GNAI1/CELA2A/SIDT2/C1QTNF3/PLA2G6/NECAB3/AFM/ABCC8/CHGA/IDH2/F2/TGFB3/PTPRN/TFAP2B/KCNJ8/KCNJ11,30
GO:0006590,thyroid hormone generation,5/828,22/18860,0.22727272727272727,5.1767676767676765,4.200362888690168,0.002273933828993303,0.07721342957566965,0.07152683499248284,SLC26A7/HPN/DUOX1/DUOXA1/SLC16A10,5
GO:0006883,intracellular sodium ion homeostasis,5/828,22/18860,0.22727272727272727,5.1767676767676765,4.200362888690168,0.002273933828993303,0.07721342957566965,0.07152683499248284,ATP4B/ATP4A/SCNN1B/SCNN1G/ATP1B2,5
GO:0072376,protein activation cascade,5/828,22/18860,0.22727272727272727,5.1767676767676765,4.200362888690168,0.002273933828993303,0.07721342957566965,0.07152683499248284,FGA/FGB/FGG/APOH/FBLN1,5
GO:0001508,action potential,17/828,179/18860,0.09497206703910614,2.1632526381129735,3.3508350588767026,0.0023404257196355128,0.07771252222915365,0.07198917060000466,FGF13/KCNK2/KCNE2/TMEM161B/KCNMB2/DMD/CLDN19/RYR2/NEDD4L/KCNQ1/ABCC8/SLC8A2/SCN2A/KCNG4/KCNE4/KCNJ8/KCNJ11,17
GO:0030509,BMP signaling pathway,17/828,179/18860,0.09497206703910614,2.1632526381129735,3.3508350588767026,0.0023404257196355128,0.07771252222915365,0.07198917060000466,GDF5/GPR155/RGMB/SMAD5/ACVR2B/PDCD4/RBPMS2/GPC3/GREM2/BMPER/FST/SMAD9/TFAP2B/SOSTDC1/DAND5/AMHR2/DKK1,17
GO:0050796,regulation of insulin secretion,17/828,179/18860,0.09497206703910614,2.1632526381129735,3.3508350588767026,0.0023404257196355128,0.07771252222915365,0.07198917060000466,PDE8B/MYRIP/GHRL/CHRM3/RAPGEF4/GNAZ/OXCT1/SIRT4/GNAI1/CELA2A/SIDT2/PLA2G6/ABCC8/CHGA/F2/TFAP2B/KCNJ11,17
GO:0019722,calcium-mediated signaling,21/828,242/18860,0.08677685950413223,1.9765840220385675,3.276448407847805,0.0023649612313679006,0.07771252222915365,0.07198917060000466,RGN/GSTM2/DMD/NFATC2/CHRM3/HOMER2/GRIA3/RYR2/PPP3CC/CD3E/PTGDR2/PRKD1/RCAN2/ADA/SLC8A2/GPR62/CA8/EDN1/KCNJ8/KCNJ11/DEFB1,21
GO:0051962,positive regulation of nervous system development,24/828,291/18860,0.08247422680412371,1.8785796105383734,3.2365767192894777,0.0023727729827437557,0.07771252222915365,0.07198917060000466,LINGO2/SMARCD3/ROBO3/FZD4/OBSL1/GHRL/DBN1/EPHB3/PTPRZ1/NIN/LINGO4/ZFYVE27/CUX2/FLRT3/KIT/NEFL/CHODL/RASSF10/NTN1/SLITRK4/ID4/LRRN1/SYNDIG1/CAMK2B,24
GO:0019433,triglyceride catabolic process,6/828,32/18860,0.1875,4.270833333333333,3.9681114248541918,0.0023933594232550537,0.07783474518726648,0.07210239211348064,PLIN5/FUT1/PNPLA4/APOA5/GPIHBP1/PNPLA1,6
GO:0007189,adenylate cyclase-activating G protein-coupled receptor signaling pathway,18/828,195/18860,0.09230769230769231,2.1025641025641026,3.3163450185916106,0.002420634080229357,0.07817124603146273,0.07241411043100558,DRD5/PTGER3/APLP1/RAPGEF4/HTR1E/GNAI1/ADM/SCTR/ADCY1/CHGA/PRKACB/PTH1R/GPR62/RAMP1/MC5R/ADRA1B/ADRB2/S1PR3,18
GO:0006805,xenobiotic metabolic process,14/828,135/18860,0.1037037037037037,2.362139917695473,3.403535153116195,0.002465546215762987,0.07845721965676469,0.07267902274511448,GSTA3/GSTM2/CYP2C8/GSTA4/SLC29A1/SULT2A1/ACSM2B/RORC/ADA/RORA/ABCC5/FMO2/GSTM3/ALDH3A1,14
GO:0046461,neutral lipid catabolic process,7/828,43/18860,0.16279069767441862,3.7080103359173133,3.8094467066249953,0.0024804577890618546,0.07845721965676469,0.07267902274511448,PLIN5/FUT1/DGKD/PNPLA4/APOA5/GPIHBP1/PNPLA1,7
GO:0046464,acylglycerol catabolic process,7/828,43/18860,0.16279069767441862,3.7080103359173133,3.8094467066249953,0.0024804577890618546,0.07845721965676469,0.07267902274511448,PLIN5/FUT1/DGKD/PNPLA4/APOA5/GPIHBP1/PNPLA1,7
GO:0009247,glycolipid biosynthetic process,10/828,80/18860,0.125,2.8472222222222223,3.547879763947709,0.0025707626856203486,0.0803817782555362,0.07446184195265645,FUT1/ST3GAL1/GBGT1/B3GALNT1/PIGZ/A4GALT/ST3GAL6/ST8SIA5/CWH43/FUT9,10
GO:0046322,negative regulation of fatty acid oxidation,4/828,14/18860,0.2857142857142857,6.507936507936508,4.417696733665457,0.002593522078838219,0.0803817782555362,0.07446184195265645,PLIN5/ACADL/SIRT4/FMO2,4
GO:1901016,regulation of potassium ion transmembrane transporter activity,4/828,14/18860,0.2857142857142857,6.507936507936508,4.417696733665457,0.002593522078838219,0.0803817782555362,0.07446184195265645,KCNE2/KCNQ1/LRRC52/LRRC26,4
GO:0072009,nephron epithelium development,13/828,122/18860,0.10655737704918032,2.4271402550091072,3.3887341843201186,0.0027310621725040955,0.0839212578363899,0.07774064686172837,NPHS1/GPC3/WNT6/LAMB2/ACAT1/IRX3/IRX2/SIX4/TMEM59L/KLHL3/TFAP2B/EDN1/SIX1,13
GO:0030073,insulin secretion,19/828,213/18860,0.0892018779342723,2.0318205529473135,3.2452042792856046,0.0027440688465341866,0.0839212578363899,0.07774064686172837,PDE8B/MYRIP/GHRL/CHRM3/RAPGEF4/GNAZ/ACVR2B/OXCT1/SIRT4/GNAI1/CELA2A/SIDT2/PLA2G6/ABCC8/CHGA/F2/PTPRN/TFAP2B/KCNJ11,19
GO:0060560,developmental growth involved in morphogenesis,21/828,246/18860,0.08536585365853659,1.9444444444444446,3.19504268303435,0.002876086379537847,0.08738004539938012,0.08094470253768565,SH3GL2/FGF13/PPP2R3A/PTPRS/CYFIP2/NIN/ULK1/NEDD4L/ULK2/ZFYVE27/LAMB2/MT3/FLRT3/PTK7/SIX4/VANGL2/NDN/NTN1/EDN1/POSTN/SIX1,21
GO:0007528,neuromuscular junction development,8/828,56/18860,0.14285714285714285,3.253968253968254,3.619672151362312,0.0029264073797304678,0.08775421610126818,0.08129131641301861,RAPSN/NEDD4L/LAMB2/CACNA2D2/SIX4/COL4A5/KCNJ8/SIX1,8
GO:0050819,negative regulation of coagulation,8/828,56/18860,0.14285714285714285,3.253968253968254,3.619672151362312,0.0029264073797304678,0.08775421610126818,0.08129131641301861,FGA/FGB/FGG/APOH/F2/PROC/HRG/EDN1,8
GO:0014033,neural crest cell differentiation,11/828,95/18860,0.11578947368421053,2.6374269005847952,3.428482906395484,0.0029610586674413174,0.08822044468544518,0.08172320831566393,PDCD6/NRTN/CDH2/FOLR1/ERBB4/KITLG/RET/SEMA3D/TCOF1/EDN1/SIX1,11
GO:0036293,response to decreased oxygen levels,26/828,330/18860,0.07878787878787878,1.7946127946127943,3.12052282257962,0.003002138417946137,0.0888709949620209,0.08232584703463632,VEGFB/KCNK2/FZD4/CA9/HMOX2/ALAD/BNIP3/RYR2/SLC2A4/SIRT4/SLC29A1/CBS/GATA6/MT3/WTIP/ADA/PLOD2/SOX2/RORA/TGFB3/SCN2A/EDN1/POSTN/KCNJ8/KCNJ11/SOD3,26
GO:0035148,tube formation,15/828,153/18860,0.09803921568627451,2.233115468409586,3.281708011170192,0.003043092765602612,0.08947720849520387,0.08288741431116423,EDA/DEAF1/FOLR1/CELSR1/WNT6/BCL2L11/ADM/IRX3/IRX2/PTK7/RET/SIX4/PRKACB/VANGL2/SIX1,15
GO:0014032,neural crest cell development,10/828,82/18860,0.12195121951219512,2.7777777777777777,3.457102700339109,0.0030885646376734455,0.08947720849520387,0.08288741431116423,PDCD6/NRTN/CDH2/FOLR1/ERBB4/KITLG/RET/SEMA3D/TCOF1/EDN1,10
GO:0035567,non-canonical Wnt signaling pathway,9/828,69/18860,0.13043478260869565,2.971014492753623,3.5147299813555253,0.0031001198265986616,0.08947720849520387,0.08288741431116423,FZD4/CELSR1/DAAM2/GPC3/ZNRF3/VANGL2/FZD8/PRICKLE2/DKK1,9
GO:0046503,glycerolipid catabolic process,9/828,69/18860,0.13043478260869565,2.971014492753623,3.5147299813555253,0.0031001198265986616,0.08947720849520387,0.08288741431116423,PLIN5/FUT1/DGKD/PNPLA4/APOA5/PLA2G6/GPIHBP1/PNPLA1/PNPLA7,9
GO:0016054,organic acid catabolic process,21/828,248/18860,0.0846774193548387,1.928763440860215,3.154910035986496,0.003164605973266692,0.09021080484287398,0.08356698294578191,ALDH6A1/BCAT2/ADHFE1/PLIN5/GPT2/ACADL/GLUL/HDC/DCXR/LDHB/ECI2/CBS/SULT2A1/ACAT1/ALDH1L2/SARDH/GLS2/ALDH1L1/PON3/CARNS1/CDO1,21
GO:0046395,carboxylic acid catabolic process,21/828,248/18860,0.0846774193548387,1.928763440860215,3.154910035986496,0.003164605973266692,0.09021080484287398,0.08356698294578191,ALDH6A1/BCAT2/ADHFE1/PLIN5/GPT2/ACADL/GLUL/HDC/DCXR/LDHB/ECI2/CBS/SULT2A1/ACAT1/ALDH1L2/SARDH/GLS2/ALDH1L1/PON3/CARNS1/CDO1,21
GO:0051180,vitamin transport,8/828,57/18860,0.14035087719298245,3.1968810916179335,3.55945047793147,0.0032759976249406883,0.09172691604509313,0.08497143598442217,FOLR1/SLC2A4/AFM/SLC35F3/GC/ABCC5/FOLR3/TCN1,8
GO:0090102,cochlea development,8/828,57/18860,0.14035087719298245,3.1968810916179335,3.55945047793147,0.0032759976249406883,0.09172691604509313,0.08497143598442217,KCNK2/HPN/KCNQ1/GABRB3/PTK7/VANGL2/GABRB2/SIX1,8
GO:0015012,heparan sulfate proteoglycan biosynthetic process,6/828,34/18860,0.17647058823529413,4.019607843137255,3.7762742342908706,0.0032972429760687438,0.09172691604509313,0.08497143598442217,XYLT2/HS3ST4/NDST3/HS6ST3/VANGL2/CSGALNACT1,6
GO:0046320,regulation of fatty acid oxidation,6/828,34/18860,0.17647058823529413,4.019607843137255,3.7762742342908706,0.0032972429760687438,0.09172691604509313,0.08497143598442217,PLIN5/ACADL/FABP3/SIRT4/PPARGC1A/FMO2,6
GO:0090257,regulation of muscle system process,22/828,266/18860,0.08270676691729323,1.883876357560568,3.110988971949986,0.0034075148526748274,0.09247636985728584,0.08566569421713882,MYBPC3/FGF13/GHRL/GSTM2/DMD/CHRM3/RYR2/NPR3/PRKD1/GNAI1/KIT/ADA/KCNQ1/ABCC8/CHRM2/CHGA/IGFBP5/GATA5/ADRA1B/EDN1/ADRB2/CAMK2B,22
GO:0097531,mast cell migration,4/828,15/18860,0.26666666666666666,6.0740740740740735,4.212664868490968,0.0034148609113795825,0.09247636985728584,0.08566569421713882,VEGFB/KITLG/KIT/CHGA,4
GO:0030193,regulation of blood coagulation,9/828,70/18860,0.12857142857142856,2.9285714285714284,3.463968290061599,0.0034221689777885664,0.09247636985728584,0.08566569421713882,FGA/FGB/FGG/APOH/ENPP4/F2/PROC/HRG/EDN1,9
GO:0046888,negative regulation of hormone secretion,9/828,70/18860,0.12857142857142856,2.9285714285714284,3.463968290061599,0.0034221689777885664,0.09247636985728584,0.08566569421713882,PDE8B/GHRL/GNAZ/SIRT4/GNAI1/ABCC8/CHGA/EDN1/KCNJ11,9
GO:0016331,morphogenesis of embryonic epithelium,15/828,155/18860,0.0967741935483871,2.204301075268817,3.226076162940617,0.0034443342606005124,0.09247636985728584,0.08566569421713882,DEAF1/FOLR1/AR/CELSR1/TGFB1I1/WNT6/ADM/IRX3/IRX2/PTK7/RET/SIX4/PRKACB/VANGL2/SIX1,15
GO:0060048,cardiac muscle contraction,15/828,155/18860,0.0967741935483871,2.204301075268817,3.226076162940617,0.0034443342606005124,0.09247636985728584,0.08566569421713882,MYBPC3/FGF13/VEGFB/KCNE2/GSTM2/DMD/SMAD5/RYR2/NEDD4L/KCNQ1/CHGA/SCN2A/KCNE4/ADRA1B/KCNJ8,15
GO:0009063,amino acid catabolic process,12/828,111/18860,0.10810810810810811,2.4624624624624625,3.31138526448325,0.0034739552967696648,0.09252124756282505,0.08570726678109024,ALDH6A1/BCAT2/ADHFE1/GPT2/GLUL/HDC/CBS/ACAT1/SARDH/GLS2/CARNS1/CDO1,12
GO:0007193,adenylate cyclase-inhibiting G protein-coupled receptor signaling pathway,11/828,97/18860,0.1134020618556701,2.5830469644902636,3.349508440210914,0.00348607559028401,0.09252124756282505,0.08570726678109024,CHRM3/GNAZ/PTGDR2/HTR1E/GNAI1/CHRM2/FFAR3/SSTR2/EDN1/S1PR3/PSAPL1,11
GO:0043410,positive regulation of MAPK cascade,34/828,474/18860,0.07172995780590717,1.63384903891233,2.994911051344932,0.003549346125485353,0.09366217375709349,0.08676416633968406,DRD5/FGA/FGB/FGG/IGF1R/DUSP19/VEGFB/CDH2/MBIP/GHR/PDE8B/ERBB4/GHRL/PDGFD/EGFR/TPD52L1/GADD45B/AR/CD3E/KL/PLA2G1B/MT3/KIT/BMPER/FGF20/SOX2/RET/GCNT2/CXCL17/ADRA1B/EDN1/ADRB2/NPY/DKK1,34
GO:0001838,embryonic epithelial tube formation,13/828,126/18860,0.10317460317460317,2.3500881834215166,3.258252221610919,0.003619659255215483,0.09435084776947149,0.08740212106747788,DEAF1/FOLR1/CELSR1/WNT6/ADM/IRX3/IRX2/PTK7/RET/SIX4/PRKACB/VANGL2/SIX1,13
GO:0007611,learning or memory,23/828,284/18860,0.08098591549295775,1.8446791862284821,3.07345890780485,0.0036245253398681245,0.09435084776947149,0.08740212106747788,DRD5/FGF13/DEAF1/KCNK2/PDE1B/PDE8B/B3GAT1/EGFR/ATP8A1/SLC2A4/PTPRZ1/CRTC1/SGK1/CUX2/KIT/RCAN2/ADCY1/GABRB3/ABCC8/SLC8A2/SCN2A/SLITRK4/DKK1,23
GO:0048565,digestive tract development,14/828,141/18860,0.09929078014184398,2.2616233254531126,3.2221851611749392,0.00367504625695604,0.09435084776947149,0.08740212106747788,CCKBR/EGFR/EPHB3/ACVR2B/RBPMS2/SLC4A2/GATA6/KIT/ADA/KCNQ1/RET/VANGL2/GATA5/NPY,14
GO:0009066,aspartate family amino acid metabolic process,7/828,46/18860,0.15217391304347827,3.466183574879227,3.5885276449738663,0.003677599090191613,0.09435084776947149,0.08740212106747788,BCAT2/NAT8L/GNMT/ACAT1/PLOD2/ASNS/PHGDH,7
GO:0030201,heparan sulfate proteoglycan metabolic process,7/828,46/18860,0.15217391304347827,3.466183574879227,3.5885276449738663,0.003677599090191613,0.09435084776947149,0.08740212106747788,XYLT2/HS3ST4/IDUA/NDST3/HS6ST3/VANGL2/CSGALNACT1,7
GO:0008652,amino acid biosynthetic process,9/828,71/18860,0.1267605633802817,2.887323943661972,3.414100805881955,0.0037699244506055967,0.09602384813831343,0.08895190874019415,BCAT2/GLUL/ALDH1A1/CBS/GLS2/PLOD2/ASNS/CARNS1/PHGDH,9
GO:1901888,regulation of cell junction assembly,23/828,285/18860,0.08070175438596491,1.8382066276803117,3.055354863574455,0.0037843959205658387,0.09602384813831343,0.08895190874019415,LINGO2/PTPRS/CYFIP2/GHRL/EPHB3/PTPN13/LINGO4/RAB17/CUX2/FLRT3/WDPCP/IRX3/SIX4/NTN1/SLITRK4/LRRN1/CRTAC1/SYNDIG1/HRG/FAM107A/SIX1/GPM6B/DKK1,23
GO:0110110,positive regulation of animal organ morphogenesis,6/828,35/18860,0.17142857142857143,3.904761904761905,3.685781783913903,0.003834251850752462,0.09628465248759968,0.08919350543858247,AR/SIX4/GATA5/EDN1/SIX1/DKK1,6
GO:0009306,protein secretion,29/828,388/18860,0.07474226804123711,1.7024627720504009,2.9959514090116373,0.003836374200458714,0.09628465248759968,0.08919350543858247,FGA/FGB/FGG/PDE8B/TMEM132A/MYRIP/GHRL/CHRM3/RAPGEF4/GNAZ/ACVR2B/OXCT1/SIRT4/PLA2G1B/GNAI1/CELA2A/SIDT2/C1QTNF3/PLA2G6/NECAB3/ABCC8/CHGA/IDH2/F2/TGFB3/PTPRN/TFAP2B/KCNJ8/KCNJ11,29
GO:0006749,glutathione metabolic process,8/828,59/18860,0.13559322033898305,3.088512241054614,3.4429055238872865,0.004071713822944435,0.10073938625521088,0.09332015813206379,SLC1A2/GSTA3/GSTM2/GSTA4/GGT7/GSTT2/GSTT2B/GSTM3,8
GO:0022010,central nervous system myelination,5/828,25/18860,0.2,4.555555555555555,3.8119501292705773,0.004114389735121498,0.10073938625521088,0.09332015813206379,ABCA2/MAL/KCNJ10/ID4/GPM6B,5
GO:0032291,axon ensheathment in central nervous system,5/828,25/18860,0.2,4.555555555555555,3.8119501292705773,0.004114389735121498,0.10073938625521088,0.09332015813206379,ABCA2/MAL/KCNJ10/ID4/GPM6B,5
GO:0050714,positive regulation of protein secretion,15/828,158/18860,0.0949367088607595,2.1624472573839664,3.144201160233226,0.004126695496545651,0.10073938625521088,0.09332015813206379,FGA/FGB/FGG/TMEM132A/MYRIP/GHRL/CHRM3/RAPGEF4/OXCT1/PLA2G1B/C1QTNF3/PLA2G6/ABCC8/F2/TGFB3,15
GO:0051965,positive regulation of synapse assembly,9/828,72/18860,0.125,2.8472222222222223,3.3650976111572994,0.004144756039084034,0.10073938625521088,0.09332015813206379,LINGO2/GHRL/EPHB3/LINGO4/CUX2/FLRT3/SLITRK4/LRRN1/SYNDIG1,9
GO:1900046,regulation of hemostasis,9/828,72/18860,0.125,2.8472222222222223,3.3650976111572994,0.004144756039084034,0.10073938625521088,0.09332015813206379,FGA/FGB/FGG/APOH/ENPP4/F2/PROC/HRG/EDN1,9
GO:0006664,glycolipid metabolic process,12/828,114/18860,0.10526315789473684,2.39766081871345,3.207395083666874,0.004320040048929194,0.1044499735390315,0.09675746904848853,FUT1/ST3GAL1/GBGT1/B3GALNT1/PIGZ/A4GALT/ST3GAL6/ABCA2/KIT/ST8SIA5/CWH43/FUT9,12
GO:0034370,triglyceride-rich lipoprotein particle remodeling,4/828,16/18860,0.25,5.694444444444445,4.0254107002164154,0.0043966430221004564,0.10520050505730522,0.09745272561666898,ANGPTL3/APOA5/APOH/GPIHBP1,4
GO:1901077,regulation of relaxation of muscle,4/828,16/18860,0.25,5.694444444444445,4.0254107002164154,0.0043966430221004564,0.10520050505730522,0.09745272561666898,NPR3/GNAI1/ABCC8/CHGA,4
GO:0022612,gland morphogenesis,13/828,129/18860,0.10077519379844961,2.2954349698535745,3.1636070816970796,0.00442925867797658,0.10543462152008169,0.09766959993107338,EDA/EGFR/HPN/AR/NTN4/CYP7B1/FOXA1/FGL1/IGFBP5/TGFB3/NTN1/ID4/SOSTDC1,13
GO:1903509,liposaccharide metabolic process,12/828,115/18860,0.10434782608695652,2.3768115942028984,3.1734617028917995,0.004636143538881302,0.10979338903873771,0.10170735407294798,FUT1/ST3GAL1/GBGT1/B3GALNT1/PIGZ/A4GALT/ST3GAL6/ABCA2/KIT/ST8SIA5/CWH43/FUT9,12
GO:0061448,connective tissue development,24/828,307/18860,0.0781758957654723,1.7806731813246468,2.9551799049804806,0.004682683685697241,0.10995623250236342,0.1018582044835096,GDF5/GHR/GHRL/PDGFD/COL2A1/NFATC2/SMAD5/ACVR2B/OXCT1/PBXIP1/CBS/ACAT1/EFEMP1/PPARGC1A/RORC/FOXA1/CHST11/ZBTB16/PTH1R/ID4/HOXC4/CSGALNACT1/EDN1/GUCA2B,24
GO:0042398,modified amino acid biosynthetic process,7/828,48/18860,0.14583333333333334,3.3217592592592595,3.4512217850632627,0.004690640494362406,0.10995623250236342,0.1018582044835096,CKB/CKMT2/FOLR1/CKM/SLC1A2/GGT7/PLOD2,7
GO:0050770,regulation of axonogenesis,14/828,145/18860,0.09655172413793103,2.1992337164750957,3.1063147930272654,0.004722034496516745,0.11013310760057742,0.10202205313048408,FGF13/ROBO3/PTPRS/EPHB3/NIN/PAK3/ULK1/ULK2/ZFYVE27/MT3/NEFL/RET/CHODL/NTN1,14
GO:1903035,negative regulation of response to wounding,11/828,101/18860,0.10891089108910891,2.4807480748074804,3.1973455234522468,0.004758887641189056,0.11043489008548271,0.1023016100174151,FGA/FGB/FGG/PTPRS/IL33/APOH/FIGNL2/F2/PROC/HRG/EDN1,11
GO:0006941,striated muscle contraction,18/828,208/18860,0.08653846153846154,1.971153846153846,3.017932679884186,0.004808601932576188,0.11103061862318418,0.10285346449468226,MYBPC3/FGF13/VEGFB/KCNE2/GSTM2/DMD/SMAD5/RYR2/NEDD4L/PRKD1/KCNQ1/CHGA/PGAM2/SCN2A/KCNE4/ADRA1B/KCNJ8/ATP8A2,18
GO:0050650,chondroitin sulfate proteoglycan biosynthetic process,5/828,26/18860,0.19230769230769232,4.380341880341881,3.6959710970799056,0.00491284961570834,0.11287333097184633,0.10456046524346004,XYLT2/B3GAT1/CHST3/CHST11/CSGALNACT1,5
GO:1901379,regulation of potassium ion transmembrane transport,9/828,74/18860,0.12162162162162163,2.77027027027027,3.269571402120534,0.004981255039643897,0.11387839491621543,0.10549150849980614,KCNE2/KCNIP3/NEDD4L/KCNQ1/KCNIP4/LRRC52/ATP1B2/LRRC26/KCNG4,9
GO:0090497,mesenchymal cell migration,8/828,61/18860,0.13114754098360656,2.987249544626594,3.3312137389755616,0.0050086256414502645,0.1139400650848144,0.10554863679986454,NRTN/CDH2/FOLR1/ERBB4/KITLG/RET/SEMA3D/EDN1,8
GO:0007613,memory,13/828,131/18860,0.09923664122137404,2.26039016115352,3.101957952770111,0.005045719689858666,0.11422124278317312,0.10580910639621062,FGF13/KCNK2/SLC2A4/CRTC1/SGK1/CUX2/RCAN2/ADCY1/GABRB3/ABCC8/SLC8A2/SCN2A/SLITRK4,13
GO:0022404,molting cycle process,11/828,102/18860,0.10784313725490197,2.456427015250545,3.160443971051392,0.005128481801178178,0.11443940349783527,0.10601120006728877,EDA/LRIG1/EGFR/HOXC13/IGFBP5/FST/VANGL2/SOSTDC1/APCDD1/SOX21/DKK1,11
GO:0022405,hair cycle process,11/828,102/18860,0.10784313725490197,2.456427015250545,3.160443971051392,0.005128481801178178,0.11443940349783527,0.10601120006728877,EDA/LRIG1/EGFR/HOXC13/IGFBP5/FST/VANGL2/SOSTDC1/APCDD1/SOX21/DKK1,11
GO:0048864,stem cell development,10/828,88/18860,0.11363636363636363,2.5883838383838382,3.2003249116338544,0.005154481578074867,0.11443940349783527,0.10601120006728877,PDCD6/NRTN/CDH2/FOLR1/ERBB4/KITLG/RET/SEMA3D/TCOF1/EDN1,10
GO:0086001,cardiac muscle cell action potential,10/828,88/18860,0.11363636363636363,2.5883838383838382,3.2003249116338544,0.005154481578074867,0.11443940349783527,0.10601120006728877,FGF13/KCNE2/TMEM161B/DMD/RYR2/NEDD4L/KCNQ1/SCN2A/KCNE4/KCNJ8,10
GO:0007200,phospholipase C-activating G protein-coupled receptor signaling pathway,14/828,147/18860,0.09523809523809523,2.1693121693121693,3.049790290119685,0.005329313359266219,0.1177548760434995,0.10908249555304918,DRD5/PTGER3/CCKBR/CCKAR/DGKD/CHRM3/P2RY4/PRKD1/CHRM2/CHGA/F2/PTH1R/ADRA1B/EDN1,14
GO:0007411,axon guidance,20/828,243/18860,0.0823045267489712,1.8747142203932325,2.940810387446271,0.005366558802204453,0.11801318356466745,0.10932177930906714,ROBO3/PTPRM/CYFIP2/EPHB3/LAMA2/NTN4/EPHB6/ULK2/EVL/LAMB2/GFRA3/FLRT3/PTK7/RET/VANGL2/SEMA3D/UNC5A/NTN1/KIF5C/EDN1,20
GO:0030239,myofibril assembly,9/828,75/18860,0.12,2.733333333333333,3.22299528526731,0.005445784117049421,0.11918782489352714,0.11040991095878695,MYBPC3/OBSL1/PRKD1/NRAP/NEBL/CSRP2/SIX4/LMOD2/EDN1,9
GO:0007632,visual behavior,8/828,62/18860,0.12903225806451613,2.9390681003584227,3.27706935860249,0.005534820446448371,0.11981233321920538,0.11098842565768975,DEAF1/PDE1B/PDE8B/SLC1A2/B3GAT1/OPN4/KIT/ABCC8,8
GO:0030202,heparin proteoglycan metabolic process,4/828,17/18860,0.23529411764705882,5.359477124183007,3.853331644506188,0.005552152297295355,0.11981233321920538,0.11098842565768975,XYLT2/IDUA/NDST3/CSGALNACT1,4
GO:0043649,dicarboxylic acid catabolic process,4/828,17/18860,0.23529411764705882,5.359477124183007,3.853331644506188,0.005552152297295355,0.11981233321920538,0.11098842565768975,ADHFE1/GLUL/ALDH1L2/ALDH1L1,4
GO:0097485,neuron projection guidance,20/828,244/18860,0.08196721311475409,1.8670309653916208,2.921049291650773,0.005612680110323413,0.12055514767196986,0.11167653350479487,ROBO3/PTPRM/CYFIP2/EPHB3/LAMA2/NTN4/EPHB6/ULK2/EVL/LAMB2/GFRA3/FLRT3/PTK7/RET/VANGL2/SEMA3D/UNC5A/NTN1/KIF5C/EDN1,20
GO:0042476,odontogenesis,13/828,133/18860,0.09774436090225563,2.2263993316624893,3.041418404880737,0.00572916579885482,0.1224874428662572,0.11346651952507791,EDA/ACVR2B/WNT6/SLC4A2/BCL2L11/ODAM/FST/TGFB3/CEMP1/FAM20A/SOSTDC1/EDN1/APCDD1,13
GO:0036314,response to sterol,6/828,38/18860,0.15789473684210525,3.596491228070175,3.4331938255000556,0.005834591991965928,0.1235969991692599,0.11449435951400064,GPR155/ABCA2/RORC/GRAMD1A/RORA/INSIG1,6
GO:0086005,ventricular cardiac muscle cell action potential,6/828,38/18860,0.15789473684210525,3.596491228070175,3.4331938255000556,0.005834591991965928,0.1235969991692599,0.11449435951400064,KCNE2/RYR2/NEDD4L/KCNQ1/KCNE4/KCNJ8,6
GO:0045933,positive regulation of muscle contraction,7/828,50/18860,0.14,3.188888888888889,3.3209846666087124,0.005900745572054247,0.12418676035658759,0.11504068612276264,GHRL/CHRM3/KIT/ADA/KCNQ1/CHGA/EDN1,7
GO:0048732,gland development,32/828,454/18860,0.07048458149779736,1.6054821341164955,2.798350434962595,0.0059175283856314825,0.12418676035658759,0.11504068612276264,RAP1GAP/CCKBR/EDA/DEAF1/PTF1A/ERBB4/EGFR/EPHB3/HPN/AR/NTN4/SLC29A1/CYP7B1/GATA6/ACAT1/BCL2L11/FOXA1/ADA/FGL1/ALOX15B/IGFBP5/SOX2/SIX4/TGFB3/DBP/NTN1/ID4/SOSTDC1/EDN1/CDO1/SIX1/PSAPL1,32
GO:0050818,regulation of coagulation,9/828,76/18860,0.11842105263157894,2.6973684210526314,3.177177100212692,0.005943108280382386,0.12418676035658759,0.11504068612276264,FGA/FGB/FGG/APOH/ENPP4/F2/PROC/HRG/EDN1,9
GO:0097009,energy homeostasis,10/828,90/18860,0.1111111111111111,2.5308641975308643,3.1194521910584188,0.0060426332676563966,0.12569765959476234,0.11644031104673114,LEPR/PM20D1/CRTC1/PRKAA2/PPARGC1A/SCTR/IRX3/FMO2/GUCA2B/ADRB2,10
GO:0042445,hormone metabolic process,20/828,246/18860,0.08130081300813008,1.8518518518518519,2.881803204305492,0.006132771533770333,0.12700062306256232,0.11764731419987083,SLC26A7/DHRS2/GHR/PDE8B/HPN/CYP2C8/DUOX1/ALDH1A1/PNPLA4/SULT2A1/FOXA1/ADM/SCPEP1/SCNN1B/RDH12/FFAR3/DUOXA1/ADH7/SLC16A10/AFP,20
GO:0006937,regulation of muscle contraction,16/828,181/18860,0.08839779005524862,2.013505217925107,2.935898348420683,0.006215666964987179,0.12814263412638746,0.11870521872983034,MYBPC3/FGF13/GHRL/GSTM2/DMD/CHRM3/RYR2/PRKD1/KIT/ADA/KCNQ1/CHRM2/CHGA/ADRA1B/EDN1/ADRB2,16
GO:0050709,negative regulation of protein secretion,9/828,77/18860,0.11688311688311688,2.6623376623376624,3.132093203337974,0.006474706334080328,0.13230174270257944,0.12255801835911716,PDE8B/GHRL/GNAZ/SIRT4/GNAI1/ABCC8/CHGA/IDH2/KCNJ11,9
GO:0061045,negative regulation of wound healing,9/828,77/18860,0.11688311688311688,2.6623376623376624,3.132093203337974,0.006474706334080328,0.13230174270257944,0.12255801835911716,FGA/FGB/FGG/APOH/FIGNL2/F2/PROC/HRG/EDN1,9
GO:0042475,odontogenesis of dentin-containing tooth,10/828,91/18860,0.10989010989010989,2.503052503052503,3.079830598761262,0.006529184997594674,0.13282720845326962,0.12304478474484004,EDA/ACVR2B/WNT6/SLC4A2/BCL2L11/ODAM/FST/FAM20A/SOSTDC1/APCDD1,10
GO:0050890,cognition,25/828,333/18860,0.07507507507507508,1.7100433767100436,2.8012830662513424,0.006568847609546287,0.13304797482844188,0.12324929217542063,DRD5/GPR155/FGF13/DEAF1/KCNK2/PDE1B/PDE8B/B3GAT1/EGFR/ATP8A1/SLC2A4/PTPRZ1/CRTC1/SGK1/CUX2/KIT/RCAN2/ADCY1/GABRB3/ABCC8/SLC8A2/SCN2A/SLITRK4/FAM107A/DKK1,25
GO:0045823,positive regulation of heart contraction,6/828,39/18860,0.15384615384615385,3.5042735042735047,3.3546349248196443,0.0066448507379258575,0.13399965374559655,0.12413088209115461,RYR2/ADM/ADA/KCNQ1/CHGA/EDN1,6
GO:0031589,cell-substrate adhesion,27/828,369/18860,0.07317073170731707,1.6666666666666667,2.771368485024396,0.006794403030114219,0.13497340429973492,0.1250329181176911,FGA/FGB/FGG/EDA/ANGPTL3/FZD4/EGFL6/FUT1/TMEM8B/CDK6/EPHB3/ITGBL1/NTN4/CD3E/BCL2L11/SORBS1/WDPCP/EFEMP2/ATP1B2/GCNT2/FBLN1/HRG/FAM107A/POSTN/NID1/GPM6B/NPY,27
GO:0010460,positive regulation of heart rate,5/828,28/18860,0.17857142857142858,4.067460317460318,3.4806655542539726,0.006828295480138247,0.13497340429973492,0.1250329181176911,RYR2/ADM/ADA/KCNQ1/EDN1,5
GO:0031639,plasminogen activation,5/828,28/18860,0.17857142857142858,4.067460317460318,3.4806655542539726,0.006828295480138247,0.13497340429973492,0.1250329181176911,FGA/FGB/FGG/HPN/APOH,5
GO:0036315,cellular response to sterol,5/828,28/18860,0.17857142857142858,4.067460317460318,3.4806655542539726,0.006828295480138247,0.13497340429973492,0.1250329181176911,GPR155/RORC/GRAMD1A/RORA/INSIG1,5
GO:0046889,positive regulation of lipid biosynthetic process,11/828,106/18860,0.10377358490566038,2.3637316561844868,3.0170843210865024,0.006839276008258547,0.13497340429973492,0.1250329181176911,PLIN5/FABP3/SIRT4/APOA5/GNAI1/PLA2G6/SORBS1/ADM/GPIHBP1/INSIG1/EDN1,11
GO:0050910,detection of mechanical stimulus involved in sensory perception of sound,4/828,18/18860,0.2222222222222222,5.061728395061729,3.6943342067489655,0.006893912661907925,0.13525064365998474,0.12528973942562924,HPN/KIT/LHFPL5/KCNQ1,4
GO:0030148,sphingolipid biosynthetic process,12/828,121/18860,0.09917355371900827,2.2589531680440773,2.9770189826488265,0.006941187212519788,0.13525064365998474,0.12528973942562924,FUT1/ST3GAL1/B3GALNT1/A4GALT/CERS4/PRKD1/ABCA2/PLA2G6/PNPLA1/CYP4F22/ST8SIA5/FUT9,12
GO:0090277,positive regulation of peptide hormone secretion,12/828,121/18860,0.09917355371900827,2.2589531680440773,2.9770189826488265,0.006941187212519788,0.13525064365998474,0.12528973942562924,FGA/FGB/FGG/MYRIP/GHRL/CHRM3/RAPGEF4/OXCT1/PRKD1/PLA2G6/ABCC8/F2,12
GO:0019318,hexose metabolic process,20/828,249/18860,0.08032128514056225,1.8295403837572513,2.8236112366818356,0.006986360672679294,0.1355588806152646,0.1255752754257791,FUT1/GHRL/DCXR/LEPR/FBP2/MAN2A2/GNMT/GALT/C1QTNF3/PPARGC1A/RORC/SORBS1/KCNQ1/PMM1/TKTL1/RORA/PGAM2/FUT9/TFAP2B/KCNJ11,20
GO:0019731,antibacterial humoral response,9/828,78/18860,0.11538461538461539,2.628205128205128,3.08772099506192,0.007042072069995171,0.13606815405538786,0.1260470420280131,FGA/FGB/PLA2G1B/PLA2G6/ADM/PGC/TF/DEFB1/NPY,9
GO:0060078,regulation of postsynaptic membrane potential,14/828,152/18860,0.09210526315789473,2.0979532163742687,2.9123562470884683,0.007125261955815288,0.13710191546647918,0.1270046692475146,GRIA4/CELF4/GHRL/GABRG2/GRIA3/SLC29A1/RGS7/CUX2/GABRB3/SLC8A2/GABRB2/ADRB2/GABRA3/HTR3E,14
GO:0006835,dicarboxylic acid transport,11/828,107/18860,0.102803738317757,2.3416407061266873,2.982258519121025,0.0073297179022882315,0.14045077706542344,0.13010689475824141,SLC26A7/KCNK2/FOLR1/SLC1A2/SLC13A3/SLC26A9/ABCC8/ABCC5/KCNJ10/FOLR3/KCNJ8,11
GO:0030203,glycosaminoglycan metabolic process,8/828,65/18860,0.12307692307692308,2.8034188034188037,3.120934514764496,0.00736789054995925,0.14059883702360257,0.13024405043512133,XYLT2/B3GAT1/IDUA/ITIH4/ABCC5/ITIH6/GCNT2/STAB2,8
GO:0006688,glycosphingolipid biosynthetic process,6/828,40/18860,0.15,3.4166666666666665,3.278607947285448,0.00753367336029823,0.14317079661669638,0.13262659101690277,FUT1/ST3GAL1/B3GALNT1/A4GALT/ST8SIA5/FUT9,6
GO:0043266,regulation of potassium ion transport,10/828,93/18860,0.10752688172043011,2.4492234169653524,3.002146901911138,0.007593076136104878,0.14370830162513248,0.13312450999624775,KCNE2/KCNIP3/NEDD4L/KCNQ1/ABCC8/KCNIP4/LRRC52/ATP1B2/LRRC26/KCNG4,10
GO:0006520,amino acid metabolic process,22/828,286/18860,0.07692307692307693,1.7521367521367524,2.746500330763474,0.007908409958500347,0.1482260720262392,0.1373095568176326,ALDH6A1/BCAT2/ADHFE1/GPT2/GLUL/HDC/NAT8L/PM20D1/SIRT4/ALDH1A1/GNMT/CBS/ACAT1/SARDH/GLS2/PLOD2/ASNS/CARNS1/PHGDH/ACCS/GLYATL1/CDO1,22
GO:1904862,inhibitory synapse assembly,5/828,29/18860,0.1724137931034483,3.9272030651341,3.3803970014685087,0.00795853139501994,0.1482260720262392,0.1373095568176326,FGF13/GABRG2/GABRB3/GABRB2/GABRA3,5
GO:0051146,striated muscle cell differentiation,24/828,321/18860,0.07476635514018691,1.7030114226375908,2.7222267347378635,0.008019637667910029,0.1482260720262392,0.1373095568176326,MYBPC3/CDH2/DNER/OBSL1/NPHS1/POPDC3/NFATC2/HDAC5/SORBS2/PRKD1/GATA6/NRAP/NEBL/IRX3/CSRP2/IGFBP5/SIX4/ALPK3/LMOD2/MYEF2/EDN1/KCNJ8/SIX1/DKK1,24
GO:0019530,taurine metabolic process,3/828,10/18860,0.3,6.833333333333333,3.9537906130954372,0.008024365094534386,0.1482260720262392,0.1373095568176326,GHR/PHGDH/CDO1,3
GO:0019694,alkanesulfonate metabolic process,3/828,10/18860,0.3,6.833333333333333,3.9537906130954372,0.008024365094534386,0.1482260720262392,0.1373095568176326,GHR/PHGDH/CDO1,3
GO:0060052,neurofilament cytoskeleton organization,3/828,10/18860,0.3,6.833333333333333,3.9537906130954372,0.008024365094534386,0.1482260720262392,0.1373095568176326,INA/NEFL/ATP8A2,3
GO:0072175,epithelial tube formation,13/828,139/18860,0.09352517985611511,2.1302957633892885,2.866074845861884,0.00823190674355074,0.1495463896937065,0.13853263607285526,DEAF1/FOLR1/CELSR1/WNT6/ADM/IRX3/IRX2/PTK7/RET/SIX4/PRKACB/VANGL2/SIX1,13
GO:0042063,gliogenesis,26/828,357/18860,0.07282913165266107,1.6588857765328353,2.693244089359198,0.008267780125539673,0.1495463896937065,0.13853263607285526,WASF3/CDH2/ZMIZ1/DNER/LEPR/CDK6/LAMA2/BNIP3/PTPRZ1/IL33/DAAM2/LAMB2/ABCA2/ABCC8/IDH2/SOX2/F2/ATP1B2/NDN/MAL/PHGDH/NTN1/KCNJ10/ID4/APCDD1/GPM6B,26
GO:0070482,response to oxygen levels,26/828,357/18860,0.07282913165266107,1.6588857765328353,2.693244089359198,0.008267780125539673,0.1495463896937065,0.13853263607285526,VEGFB/KCNK2/FZD4/CA9/HMOX2/ALAD/BNIP3/RYR2/SLC2A4/SIRT4/SLC29A1/CBS/GATA6/MT3/WTIP/ADA/PLOD2/SOX2/RORA/TGFB3/SCN2A/EDN1/POSTN/KCNJ8/KCNJ11/SOD3,26
GO:0006022,aminoglycan metabolic process,9/828,80/18860,0.1125,2.5625,3.001026116121183,0.008290142001210235,0.1495463896937065,0.13853263607285526,CHIA/XYLT2/B3GAT1/IDUA/ITIH4/ABCC5/ITIH6/GCNT2/STAB2,9
GO:0051145,smooth muscle cell differentiation,9/828,80/18860,0.1125,2.5625,3.001026116121183,0.008290142001210235,0.1495463896937065,0.13853263607285526,SMARCD3/NFATC2/PDCD4/RBPMS2/GATA6/KIT/ADM/EFEMP2/SIX1,9
GO:0072028,nephron morphogenesis,9/828,80/18860,0.1125,2.5625,3.001026116121183,0.008290142001210235,0.1495463896937065,0.13853263607285526,ERBB4/GPC3/WNT6/IRX3/IRX2/SIX4/TMEM59L/KLHL3/SIX1,9
GO:0002793,positive regulation of peptide secretion,12/828,124/18860,0.0967741935483871,2.204301075268817,2.88310213115673,0.008390437693457146,0.15048493873389365,0.13940206309738637,FGA/FGB/FGG/MYRIP/GHRL/CHRM3/RAPGEF4/OXCT1/PRKD1/PLA2G6/ABCC8/F2,12
GO:0098915,membrane repolarization during ventricular cardiac muscle cell action potential,4/828,19/18860,0.21052631578947367,4.7953216374269,3.5467123026625704,0.008433611520813936,0.15048493873389365,0.13940206309738637,KCNE2/KCNQ1/KCNE4/KCNJ8,4
GO:1990845,adaptive thermogenesis,15/828,171/18860,0.08771929824561403,1.9980506822612083,2.809377942867092,0.008467537700485483,0.15048493873389365,0.13940206309738637,ESRRG/CKB/IGF1R/ACADL/GHRL/LEPR/PLCL1/ACVR2B/PM20D1/G0S2/ALDH1A1/NPR3/PPARGC1A/SCTR/ADRB2,15
GO:0035886,vascular associated smooth muscle cell differentiation,6/828,41/18860,0.14634146341463414,3.3333333333333335,3.2049627911061194,0.008505103726623265,0.15048493873389365,0.13940206309738637,NFATC2/PDCD4/GATA6/KIT/ADM/EFEMP2,6
GO:0071711,basement membrane organization,6/828,41/18860,0.14634146341463414,3.3333333333333335,3.2049627911061194,0.008505103726623265,0.15048493873389365,0.13940206309738637,LAMA2/HPN/NTN4/LAMB2/GAS2/NID1,6
GO:0019216,regulation of lipid metabolic process,26/828,358/18860,0.07262569832402235,1.654252017380509,2.6781185322397305,0.0085568569711998,0.1508227690572545,0.13971501298094008,PLIN5/ANGPTL3/ACADL/PDE8B/FUT1/ASXL3/FABP3/SIRT4/APOA5/APOH/GNAI1/ABCA2/KIT/PLA2G6/PPARGC1A/RORC/SORBS1/ADM/GPIHBP1/EEF1A2/RORA/FMO2/INSIG1/EDN1/PSAPL1/SLC22A13,26
GO:0060119,inner ear receptor cell development,7/828,54/18860,0.12962962962962962,2.9526748971193415,3.0791522016251336,0.009000088578224518,0.1580319735902693,0.14639327589315368,ANKRD24/LHFPL5/WDPCP/KCNQ1/GABRB3/VANGL2/GABRB2,7
GO:0007214,gamma-aminobutyric acid signaling pathway,5/828,30/18860,0.16666666666666666,3.796296296296296,3.284514656177117,0.009212305198430245,0.16053745436358818,0.14871423366999215,GABRG2/PLCL1/GABRB3/GABRB2/GABRA3,5
GO:0045987,positive regulation of smooth muscle contraction,5/828,30/18860,0.16666666666666666,3.796296296296296,3.284514656177117,0.009212305198430245,0.16053745436358818,0.14871423366999215,GHRL/CHRM3/KIT/ADA/EDN1,5
GO:0046887,positive regulation of hormone secretion,14/828,157/18860,0.08917197452229299,2.031139419674451,2.78012375417593,0.00937304580730814,0.16272453209830448,0.15074023807241901,FGA/FGB/FGG/MYRIP/GHRL/CHRM3/RAPGEF4/OXCT1/PRKD1/C1QTNF3/PLA2G6/ABCC8/F2/EDN1,14
GO:0071880,adenylate cyclase-activating adrenergic receptor signaling pathway,4/828,20/18860,0.2,4.555555555555555,3.409059386417438,0.010182040254948543,0.17586618771880208,0.16291404045707,DRD5/CHGA/ADRA1B/ADRB2,4
GO:0002027,regulation of heart rate,11/828,112/18860,0.09821428571428571,2.2371031746031744,2.813779165359835,0.010206179798319394,0.17586618771880208,0.16291404045707,KCNE2/TMEM161B/RNLS/DMD/RYR2/ADM/ADA/KCNQ1/KCNE4/EDN1/KCNJ8,11
GO:0006820,monoatomic anion transport,15/828,175/18860,0.08571428571428572,1.9523809523809526,2.7122875063945733,0.01036136523919928,0.17787652295398615,0.16477631904561094,SLC26A7/CLIC6/KCNK2/CLCNKA/SLC1A2/GABRG2/P2RY4/SLC6A2/SLC4A2/SLC26A9/KCNQ1/GABRB3/ABCC5/GABRB2/GABRA3,15
GO:0003309,type B pancreatic cell differentiation,5/828,31/18860,0.16129032258064516,3.673835125448029,3.192672655902574,0.010595738235605577,0.17929962285286308,0.1660946108531913,CDH2/CDK6/GATA6/SIDT2/PAX4,5
GO:0003401,axis elongation,5/828,31/18860,0.16129032258064516,3.673835125448029,3.192672655902574,0.010595738235605577,0.17929962285286308,0.1660946108531913,PPP2R3A/PTK7/SIX4/VANGL2/SIX1,5
GO:0030210,heparin proteoglycan biosynthetic process,3/828,11/18860,0.2727272727272727,6.212121212121211,3.7052647234506644,0.010677218771012851,0.17929962285286308,0.1660946108531913,XYLT2/NDST3/CSGALNACT1,3
GO:0034776,response to histamine,3/828,11/18860,0.2727272727272727,6.212121212121211,3.7052647234506644,0.010677218771012851,0.17929962285286308,0.1660946108531913,GABRG2/GABRB3/GABRB2,3
GO:0098937,anterograde dendritic transport,3/828,11/18860,0.2727272727272727,6.212121212121211,3.7052647234506644,0.010677218771012851,0.17929962285286308,0.1660946108531913,KIF17/RAB17/KIF5C,3
GO:2000253,positive regulation of feeding behavior,3/828,11/18860,0.2727272727272727,6.212121212121211,3.7052647234506644,0.010677218771012851,0.17929962285286308,0.1660946108531913,GHRL/RXFP4/NPY,3
GO:0060993,kidney morphogenesis,10/828,98/18860,0.10204081632653061,2.324263038548753,2.816438542753807,0.010838051838061538,0.18127169688153014,0.16792144608660356,ERBB4/GPC3/WNT6/IRX3/IRX2/SIX4/VANGL2/TMEM59L/KLHL3/SIX1,10
GO:1902476,chloride transmembrane transport,11/828,113/18860,0.09734513274336283,2.2173058013765976,2.7811574293870143,0.010873161549628379,0.18127169688153014,0.16792144608660356,SLC26A7/CLIC6/KCNK2/CLCNKA/GABRG2/SLC6A2/SLC4A2/SLC26A9/GABRB3/GABRB2/GABRA3,11
GO:0007187,"G protein-coupled receptor signaling pathway, coupled to cyclic nucleotide second messenger",7/828,56/18860,0.125,2.8472222222222223,2.9664742719351342,0.010933344006932693,0.18154937485871092,0.16817867370832695,CHRM3/HTR1E/CHRM2/PTH1R/SSTR2/MC5R/NPY,7
GO:0010976,positive regulation of neuron projection development,14/828,160/18860,0.0875,1.9930555555555556,2.703119731750767,0.010968444258462613,0.18154937485871092,0.16817867370832695,ROBO3/PACSIN1/DMD/DBN1/SERPINI1/PRKD1/CUX2/TOX/PTK7/RET/ATP1B2/FUT9/ATP8A2/CAMK2B,14
GO:2000027,regulation of animal organ morphogenesis,9/828,84/18860,0.10714285714285714,2.4404761904761902,2.835285117639252,0.011282302940567987,0.1860246851281352,0.17232438749076645,AR/NTN4/SIX4/VANGL2/GATA5/EDN1/APCDD1/SIX1/DKK1,9
GO:0006821,chloride transport,12/828,129/18860,0.09302325581395349,2.1188630490956073,2.732397339843422,0.011319388592682111,0.1860246851281352,0.17232438749076645,SLC26A7/CLIC6/KCNK2/CLCNKA/GABRG2/P2RY4/SLC6A2/SLC4A2/SLC26A9/GABRB3/GABRB2/GABRA3,12
GO:0006687,glycosphingolipid metabolic process,8/828,70/18860,0.11428571428571428,2.6031746031746033,2.879512734948325,0.011390858409778614,0.1865354047388569,0.17279749375640271,FUT1/ST3GAL1/B3GALNT1/A4GALT/ABCA2/KIT/ST8SIA5/FUT9,8
GO:0097306,cellular response to alcohol,11/828,114/18860,0.09649122807017543,2.1978557504873293,2.7488762606879975,0.011573009476887539,0.18791264646362515,0.17407330474075647,GPR155/P2RY4/PRKAA2/SGK1/PTGDR2/PRKD1/GNAI1/SCNN1B/ADCY1/GRAMD1A/SCNN1G,11
GO:0001942,hair follicle development,10/828,99/18860,0.10101010101010101,2.3007856341189674,2.780659982276876,0.011597034266377905,0.18791264646362515,0.17407330474075647,EDA/EGFR/HOXC13/IGFBP5/FST/VANGL2/SOSTDC1/APCDD1/SOX21/DKK1,10
GO:0072080,nephron tubule development,10/828,99/18860,0.10101010101010101,2.3007856341189674,2.780659982276876,0.011597034266377905,0.18791264646362515,0.17407330474075647,GPC3/WNT6/ACAT1/IRX3/IRX2/SIX4/TMEM59L/KLHL3/TFAP2B/SIX1,10
GO:0006739,NADP+ metabolic process,6/828,44/18860,0.13636363636363635,3.1060606060606055,2.9969955635104,0.01195456279835176,0.19186206869238515,0.17773186094820115,DCXR/NNT/ALDH1L2/IDH2/ALDH1L1/FMO2,6
GO:0099173,postsynapse organization,19/828,245/18860,0.07755102040816327,1.7664399092970522,2.587510864605853,0.011960355106409838,0.19186206869238515,0.17773186094820115,SH3GL2/IGF1R/CDH2/PTPRS/CYFIP2/GHRL/HIP1R/DBN1/EPHB3/RAPSN/PAK3/ZDHHC2/INA/CUX2/LRFN2/NEFL/KIF1A/SYNDIG1/CAMK2B,19
GO:0001736,establishment of planar polarity,5/828,32/18860,0.15625,3.5590277777777777,3.104562760209702,0.012114697274929722,0.19186206869238515,0.17773186094820115,ERBB4/CELSR1/WDPCP/PTK7/VANGL2,5
GO:0007164,establishment of tissue polarity,5/828,32/18860,0.15625,3.5590277777777777,3.104562760209702,0.012114697274929722,0.19186206869238515,0.17773186094820115,ERBB4/CELSR1/WDPCP/PTK7/VANGL2,5
GO:0048668,collateral sprouting,5/828,32/18860,0.15625,3.5590277777777777,3.104562760209702,0.012114697274929722,0.19186206869238515,0.17773186094820115,FGF13/PTPRS/NIN/ULK1/ULK2,5
GO:0035296,regulation of tube diameter,14/828,162/18860,0.08641975308641975,1.9684499314128943,2.6527092488009787,0.012144721532840767,0.19186206869238515,0.17773186094820115,DRD5/FGA/FGB/FGG/KCNMB2/CBS/ADM/SCPEP1/SCNN1B/ADRA1B/EDN1/ADRB2/KCNJ8/S100A1,14
GO:0097746,blood vessel diameter maintenance,14/828,162/18860,0.08641975308641975,1.9684499314128943,2.6527092488009787,0.012144721532840767,0.19186206869238515,0.17773186094820115,DRD5/FGA/FGB/FGG/KCNMB2/CBS/ADM/SCPEP1/SCNN1B/ADRA1B/EDN1/ADRB2/KCNJ8/S100A1,14
GO:0097305,response to alcohol,21/828,280/18860,0.075,1.7083333333333333,2.5588592006317077,0.012173145545012743,0.19186206869238515,0.17773186094820115,GPR155/GHR/ALAD/P2RY4/SLC2A4/OXCT1/PRKAA2/SGK1/PTGDR2/PRKD1/GNAI1/ABCA2/SCNN1B/ADCY1/GRAMD1A/SCNN1G/SLC10A1/NEFL/SOX2/ADH7/CDO1,21
GO:0019217,regulation of fatty acid metabolic process,11/828,115/18860,0.09565217391304348,2.178743961352657,2.7169286158091195,0.012306716451099691,0.19265225956331652,0.17846385604734752,PLIN5/ACADL/FABP3/SIRT4/APOA5/PPARGC1A/GPIHBP1/FMO2/INSIG1/EDN1/SLC22A13,11
GO:0034440,lipid oxidation,11/828,115/18860,0.09565217391304348,2.178743961352657,2.7169286158091195,0.012306716451099691,0.19265225956331652,0.17846385604734752,PLIN5/ACADL/FABP3/SIRT4/ECI2/ACAT1/PPARGC1A/ALDH1L2/ALOX15B/ADH7/FMO2,11
GO:0007160,cell-matrix adhesion,19/828,246/18860,0.07723577235772358,1.7592592592592593,2.568563725576634,0.012448126418657198,0.19413189258269942,0.17983451743887546,FGA/FGB/FGG/EDA/ANGPTL3/FUT1/TMEM8B/CDK6/ITGBL1/CD3E/BCL2L11/SORBS1/WDPCP/EFEMP2/HRG/FAM107A/POSTN/NID1/GPM6B,19
GO:0006643,membrane lipid metabolic process,18/828,229/18860,0.07860262008733625,1.7903930131004366,2.5786672231550596,0.012485312277406178,0.19413189258269942,0.17983451743887546,FUT1/ST3GAL1/GBGT1/B3GALNT1/PIGZ/A4GALT/CERS4/PRKD1/ST3GAL6/ABCA2/KIT/PLA2G6/PNPLA1/CYP4F22/ST8SIA5/CWH43/FUT9/PSAPL1,18
GO:0035150,regulation of tube size,14/828,163/18860,0.08588957055214724,1.956373551465576,2.6277735969539022,0.012768470495529656,0.19786844546428173,0.1832958816454699,DRD5/FGA/FGB/FGG/KCNMB2/CBS/ADM/SCPEP1/SCNN1B/ADRA1B/EDN1/ADRB2/KCNJ8/S100A1,14
GO:0010810,regulation of cell-substrate adhesion,18/828,230/18860,0.0782608695652174,1.7826086956521743,2.5589082173844164,0.013010519269915893,0.2009450768845204,0.186145926114903,FGA/FGB/FGG/FZD4/EGFL6/FUT1/CDK6/CD3E/WDPCP/EFEMP2/GCNT2/FBLN1/HRG/FAM107A/POSTN/NID1/GPM6B/NPY,18
GO:0007271,"synaptic transmission, cholinergic",5/828,33/18860,0.15151515151515152,3.451178451178451,3.0199092192195764,0.013774769356208775,0.20590720800497386,0.19074260749292554,CHRM3/LAMA2/RAPSN/NALCN/SLC5A7,5
GO:0014850,response to muscle activity,5/828,33/18860,0.15151515151515152,3.451178451178451,3.0199092192195764,0.013774769356208775,0.20590720800497386,0.19074260749292554,FNDC5/RYR2/PRKAA2/PPARGC1A/POSTN,5
GO:0071875,adrenergic receptor signaling pathway,5/828,33/18860,0.15151515151515152,3.451178451178451,3.0199092192195764,0.013774769356208775,0.20590720800497386,0.19074260749292554,DRD5/KCNQ1/CHGA/ADRA1B/ADRB2,5
GO:0002551,mast cell chemotaxis,3/828,12/18860,0.25,5.694444444444445,3.485737989350901,0.013777680223806175,0.20590720800497386,0.19074260749292554,VEGFB/KIT/CHGA,3
GO:0014831,gastro-intestinal system smooth muscle contraction,3/828,12/18860,0.25,5.694444444444445,3.485737989350901,0.013777680223806175,0.20590720800497386,0.19074260749292554,PTGER3/GHRL/KIT,3
GO:0044557,relaxation of smooth muscle,3/828,12/18860,0.25,5.694444444444445,3.485737989350901,0.013777680223806175,0.20590720800497386,0.19074260749292554,NPR3/GNAI1/ABCC8,3
GO:0045793,positive regulation of cell size,3/828,12/18860,0.25,5.694444444444445,3.485737989350901,0.013777680223806175,0.20590720800497386,0.19074260749292554,PRKD1/RET/EDN1,3
GO:0051918,negative regulation of fibrinolysis,3/828,12/18860,0.25,5.694444444444445,3.485737989350901,0.013777680223806175,0.20590720800497386,0.19074260749292554,APOH/F2/HRG,3
GO:0060601,lateral sprouting from an epithelium,3/828,12/18860,0.25,5.694444444444445,3.485737989350901,0.013777680223806175,0.20590720800497386,0.19074260749292554,AR/CELSR1/VANGL2,3
GO:0060742,epithelial cell differentiation involved in prostate gland development,3/828,12/18860,0.25,5.694444444444445,3.485737989350901,0.013777680223806175,0.20590720800497386,0.19074260749292554,AR/FOXA1/PSAPL1,3
GO:0018958,phenol-containing compound metabolic process,11/828,117/18860,0.09401709401709402,2.141500474833808,2.654006755976807,0.013879681656430637,0.20676248351418283,0.19153489389383402,SLC26A7/PDE1B/HDC/RNF180/HPN/DUOX1/KL/SULT2A1/DUOXA1/SLC16A10/NPY,11
GO:0042310,vasoconstriction,9/828,87/18860,0.10344827586206896,2.3563218390804597,2.7171154391993437,0.014008580822031344,0.20801165992328213,0.19269207128358568,DRD5/FGA/FGB/FGG/KCNMB2/ADM/SCNN1B/ADRA1B/EDN1,9
GO:0010811,positive regulation of cell-substrate adhesion,12/828,133/18860,0.09022556390977443,2.0551378446115285,2.616697169866738,0.014183688664407895,0.20993677644947326,0.19447540732845373,FGA/FGB/FGG/EGFL6/FUT1/CDK6/CD3E/EFEMP2/FBLN1/HRG/NID1/NPY,12
GO:0036376,sodium ion export across plasma membrane,4/828,22/18860,0.18181818181818182,4.141414141414141,3.1591604797645516,0.014343520108870519,0.21005245331083408,0.1945825648504091,FXYD4/ATP4B/ATP4A/ATP1B2,4
GO:0044321,response to leptin,4/828,22/18860,0.18181818181818182,4.141414141414141,3.1591604797645516,0.014343520108870519,0.21005245331083408,0.1945825648504091,FGB/LEPR/MT3/EDN1,4
GO:0048670,regulation of collateral sprouting,4/828,22/18860,0.18181818181818182,4.141414141414141,3.1591604797645516,0.014343520108870519,0.21005245331083408,0.1945825648504091,FGF13/PTPRS/ULK1/ULK2,4
GO:0001755,neural crest cell migration,7/828,59/18860,0.11864406779661017,2.702448210922787,2.806480246703433,0.014373446350416538,0.21005245331083408,0.1945825648504091,NRTN/FOLR1/ERBB4/KITLG/RET/SEMA3D/EDN1,7
GO:0060113,inner ear receptor cell differentiation,8/828,73/18860,0.1095890410958904,2.496194824961948,2.744564300008901,0.014472989620679425,0.21083995605141193,0.19531206979392723,ANKRD24/LHFPL5/WDPCP/KCNQ1/GABRB3/FGF20/VANGL2/GABRB2,8
GO:0046394,carboxylic acid biosynthetic process,24/828,339/18860,0.07079646017699115,1.6125860373647984,2.438862276712113,0.014937979317251644,0.2168439911186071,0.2008739212477535,BCAT2/ME3/ACADL/GLUL/GSTM2/CYP2C8/GGT7/PRKAA2/ALDH1A1/APOA5/CYP7B1/CBS/PLA2G1B/ACSM2B/GPIHBP1/ALOX15B/GLS2/PLOD2/ASNS/CARNS1/PHGDH/INSIG1/EDN1/CDO1,24
GO:0097237,cellular response to toxic substance,12/828,134/18860,0.08955223880597014,2.0398009950248754,2.588407607939566,0.014979045726902484,0.2168439911186071,0.2008739212477535,GSTM2/PTPN13/DUOX1/ALDH1A1/ALB/MT3/NNT/RDH12/GSTM3/EDN1/GPX3/SOD3,12
GO:0043648,dicarboxylic acid metabolic process,10/828,103/18860,0.0970873786407767,2.2114347357065802,2.641736486762817,0.015040051683267495,0.21704674585415404,0.2010617435552602,ADHFE1/FOLR1/ME3/GPT2/GLUL/LIPF/ALDH1L2/GLS2/IDH2/ALDH1L1,10
GO:0008277,regulation of G protein-coupled receptor signaling pathway,14/828,167/18860,0.08383233532934131,1.9095143047238856,2.5297687056844484,0.015515047249898412,0.22199795817573048,0.20564831027926617,APLP1/KCTD8/GHRL/HOMER2/RGS11/PTGDR2/RGS7/ADM/ADA/CHGA/F2/RAMP1/EDN1/ADRB2,14
GO:0042219,modified amino acid catabolic process,5/828,34/18860,0.14705882352941177,3.349673202614379,2.938464474518545,0.015581239421750168,0.22199795817573048,0.20564831027926617,ACADL/GGT7/ALDH1L2/SARDH/ALDH1L1,5
GO:0050654,chondroitin sulfate proteoglycan metabolic process,5/828,34/18860,0.14705882352941177,3.349673202614379,2.938464474518545,0.015581239421750168,0.22199795817573048,0.20564831027926617,XYLT2/B3GAT1/CHST3/CHST11/CSGALNACT1,5
GO:0060914,heart formation,5/828,34/18860,0.14705882352941177,3.349673202614379,2.938464474518545,0.015581239421750168,0.22199795817573048,0.20564831027926617,SMARCD3/FOLR1/GATA5/SIX1/DKK1,5
GO:0032835,glomerulus development,8/828,74/18860,0.10810810810810811,2.4624624624624625,2.7010708614634438,0.01562350290322919,0.22199795817573048,0.20564831027926617,NPHS1/PDGFD/LAMB2/COL4A4/RET/VANGL2/EDN1/NID1,8
GO:0051961,negative regulation of nervous system development,13/828,151/18860,0.08609271523178808,1.9610007358351729,2.540618497037227,0.015755945657356957,0.2225105720051206,0.20612317125864696,FGF13/PTPRS/PTPN13/ULK1/ULK2/DAAM2/MT3/ABCC8/IDH2/F2/NTN1/ID4/DKK1,13
GO:0098656,monoatomic anion transmembrane transport,13/828,151/18860,0.08609271523178808,1.9610007358351729,2.540618497037227,0.015755945657356957,0.2225105720051206,0.20612317125864696,SLC26A7/CLIC6/KCNK2/CLCNKA/SLC1A2/GABRG2/SLC6A2/SLC4A2/SLC26A9/GABRB3/ABCC5/GABRB2/GABRA3,13
GO:0061326,renal tubule development,10/828,104/18860,0.09615384615384616,2.1901709401709404,2.608005176155451,0.016008614892483015,0.2247132250646769,0.2081636038984402,GPC3/WNT6/ACAT1/IRX3/IRX2/SIX4/TMEM59L/KLHL3/TFAP2B/SIX1,10
GO:1904062,regulation of monoatomic cation transmembrane transport,21/828,288/18860,0.07291666666666667,1.6608796296296298,2.4218197772767724,0.016251737825997814,0.2247132250646769,0.2081636038984402,FGF13/KCNE2/FXYD4/KCNIP3/GSTM2/DMD/ATP4A/RYR2/NEDD4L/PPP3CC/PRKD1/PLA2G1B/KCNQ1/KCNIP4/F2/LRRC52/ATP1B2/LRRC26/KCNG4/EDN1/HEPH,21
GO:0001504,neurotransmitter uptake,6/828,47/18860,0.1276595744680851,2.907801418439716,2.8061159858869993,0.01628614132716744,0.2247132250646769,0.2081636038984402,SLC1A2/SLC6A2/SLC29A1/KCNJ10/SLC18A2/GPM6B,6
GO:0055078,sodium ion homeostasis,6/828,47/18860,0.1276595744680851,2.907801418439716,2.8061159858869993,0.01628614132716744,0.2247132250646769,0.2081636038984402,ATP4B/ATP4A/SCNN1B/SCNN1G/ATP1B2/EDN1,6
GO:0060071,"Wnt signaling pathway, planar cell polarity pathway",6/828,47/18860,0.1276595744680851,2.907801418439716,2.8061159858869993,0.01628614132716744,0.2247132250646769,0.2081636038984402,CELSR1/GPC3/ZNRF3/VANGL2/PRICKLE2/DKK1,6
GO:0070328,triglyceride homeostasis,6/828,47/18860,0.1276595744680851,2.907801418439716,2.8061159858869993,0.01628614132716744,0.2247132250646769,0.2081636038984402,ANGPTL3/APOC4/APOA5/C1QTNF3/GPIHBP1/RORA,6
GO:1990806,ligand-gated ion channel signaling pathway,6/828,47/18860,0.1276595744680851,2.907801418439716,2.8061159858869993,0.01628614132716744,0.2247132250646769,0.2081636038984402,GRIA4/CHRM3/GRIA3/F2/ADRB2/HTR3E,6
GO:0050767,regulation of neurogenesis,26/828,378/18860,0.06878306878306878,1.5667254556143446,2.38504559870047,0.016301197573985873,0.2247132250646769,0.2081636038984402,SMARCD3/FGF13/ROBO3/FZD4/OBSL1/PTPRS/DBN1/PTPRZ1/NIN/ULK1/ULK2/DAAM2/ZFYVE27/CUX2/MT3/KIT/ABCC8/NEFL/IDH2/F2/CHODL/RASSF10/NTN1/FERD3L/ID4/CAMK2B,26
GO:0016053,organic acid biosynthetic process,24/828,342/18860,0.07017543859649122,1.5984405458089668,2.393258294799754,0.016453328564719007,0.2256791010084577,0.2090583452618751,BCAT2/ME3/ACADL/GLUL/GSTM2/CYP2C8/GGT7/PRKAA2/ALDH1A1/APOA5/CYP7B1/CBS/PLA2G1B/ACSM2B/GPIHBP1/ALOX15B/GLS2/PLOD2/ASNS/CARNS1/PHGDH/INSIG1/EDN1/CDO1,24
GO:1901655,cellular response to ketone,11/828,120/18860,0.09166666666666666,2.087962962962963,2.5619608575232045,0.01651787270265455,0.2256791010084577,0.2090583452618751,P2RY4/AR/PRKAA2/SGK1/PTGDR2/PRKD1/GNAI1/SCNN1B/ADCY1/SCNN1G/POSTN,11
GO:1901890,positive regulation of cell junction assembly,11/828,120/18860,0.09166666666666666,2.087962962962963,2.5619608575232045,0.01651787270265455,0.2256791010084577,0.2090583452618751,LINGO2/GHRL/EPHB3/LINGO4/CUX2/FLRT3/IRX3/SLITRK4/LRRN1/SYNDIG1/HRG,11
GO:0001759,organ induction,4/828,23/18860,0.17391304347826086,3.9613526570048307,3.0450941677506154,0.016773340318253636,0.22582882096121076,0.20919703867848025,AR/GATA5/SIX1/DKK1,4
GO:0014821,phasic smooth muscle contraction,4/828,23/18860,0.17391304347826086,3.9613526570048307,3.0450941677506154,0.016773340318253636,0.22582882096121076,0.20919703867848025,PTGER3/GHRL/KIT/EDN1,4
GO:0034114,regulation of heterotypic cell-cell adhesion,4/828,23/18860,0.17391304347826086,3.9613526570048307,3.0450941677506154,0.016773340318253636,0.22582882096121076,0.20919703867848025,FGA/FGB/FGG/GCNT2,4
GO:0061709,reticulophagy,4/828,23/18860,0.17391304347826086,3.9613526570048307,3.0450941677506154,0.016773340318253636,0.22582882096121076,0.20919703867848025,BNIP3/ULK1/ULK2/ATG9B,4
GO:0090208,positive regulation of triglyceride metabolic process,4/828,23/18860,0.17391304347826086,3.9613526570048307,3.0450941677506154,0.016773340318253636,0.22582882096121076,0.20919703867848025,PLIN5/FUT1/APOA5/APOH,4
GO:0060537,muscle tissue development,30/828,453/18860,0.06622516556291391,1.5084621044885949,2.3473007351698074,0.01690352438328164,0.2269199872151006,0.21020784300384512,MYBPC3/KCNK2/DNER/OBSL1/NPHS1/ERBB4/POPDC3/DMD/SMAD5/RYR2/NUPR1/SORBS2/GATA6/NRAP/NEBL/IRX3/CSRP2/FGF20/IGFBP5/EFEMP2/SIX4/ALPK3/TFAP2B/GATA5/SRPK3/EDN1/KCNJ8/SIX1/KCNJ11/DKK1,30
GO:0048168,regulation of neuronal synaptic plasticity,7/828,61/18860,0.11475409836065574,2.6138433515482697,2.7052753187280913,0.017057268929098434,0.22807632037093228,0.2112790148361033,SYNGR1/DBN1/ZDHHC2/KIT/SLC8A2/KCNJ10/CAMK2B,7
GO:0005996,monosaccharide metabolic process,20/828,272/18860,0.07352941176470588,1.6748366013071896,2.4022560671976794,0.017231455807381096,0.22807632037093228,0.2112790148361033,FUT1/GHRL/DCXR/LEPR/FBP2/MAN2A2/GNMT/GALT/C1QTNF3/PPARGC1A/RORC/SORBS1/KCNQ1/PMM1/TKTL1/RORA/PGAM2/FUT9/TFAP2B/KCNJ11,20
GO:0007614,short-term memory,3/828,13/18860,0.23076923076923078,5.256410256410256,3.289626497570664,0.0173353807817664,0.22807632037093228,0.2112790148361033,SLC2A4/CUX2/RCAN2,3
GO:0051124,synaptic assembly at neuromuscular junction,3/828,13/18860,0.23076923076923078,5.256410256410256,3.289626497570664,0.0173353807817664,0.22807632037093228,0.2112790148361033,SIX4/KCNJ8/SIX1,3
GO:0060788,ectodermal placode formation,3/828,13/18860,0.23076923076923078,5.256410256410256,3.289626497570664,0.0173353807817664,0.22807632037093228,0.2112790148361033,EDA/SIX4/SIX1,3
GO:0071697,ectodermal placode morphogenesis,3/828,13/18860,0.23076923076923078,5.256410256410256,3.289626497570664,0.0173353807817664,0.22807632037093228,0.2112790148361033,EDA/SIX4/SIX1,3
GO:2001046,positive regulation of integrin-mediated signaling pathway,3/828,13/18860,0.23076923076923078,5.256410256410256,3.289626497570664,0.0173353807817664,0.22807632037093228,0.2112790148361033,LAMA2/LAMB2/NID1,3
GO:0098810,neurotransmitter reuptake,5/828,35/18860,0.14285714285714285,3.253968253968254,2.8600055372446684,0.017539070683583093,0.23010064891132592,0.21315425615455053,SLC1A2/SLC6A2/KCNJ10/SLC18A2/GPM6B,5
GO:0055090,acylglycerol homeostasis,6/828,48/18860,0.125,2.8472222222222223,2.7458374720642906,0.0179426414461396,0.23440028168340238,0.21713723069028454,ANGPTL3/APOC4/APOA5/C1QTNF3/GPIHBP1/RORA,6
GO:0006885,regulation of pH,10/828,106/18860,0.09433962264150944,2.148846960167715,2.5416790283711044,0.018083465837883377,0.23440028168340238,0.21713723069028454,CCKBR/LAMP2/ATP4B/ATP4A/SLC9A4/SLC4A2/SLC9A7/SLC9A3/ATP6V0E2/EDN1,10
GO:0006486,protein glycosylation,15/828,187/18860,0.08021390374331551,1.8270944741532975,2.4356866920437423,0.01808942602328046,0.23440028168340238,0.21713723069028454,FUT1/B3GAT1/ST3GAL1/GBGT1/B3GALNT1/MAN2A2/ST3GAL6/ABCA2/TMTC4/ST8SIA5/CWH43/GCNT2/FUT9/RAMP1/GALNT14,15
GO:0043413,macromolecule glycosylation,15/828,187/18860,0.08021390374331551,1.8270944741532975,2.4356866920437423,0.01808942602328046,0.23440028168340238,0.21713723069028454,FUT1/B3GAT1/ST3GAL1/GBGT1/B3GALNT1/MAN2A2/ST3GAL6/ABCA2/TMTC4/ST8SIA5/CWH43/GCNT2/FUT9/RAMP1/GALNT14,15
GO:0072078,nephron tubule morphogenesis,8/828,76/18860,0.10526315789473684,2.39766081871345,2.6161768370399083,0.01812059345192175,0.23440028168340238,0.21713723069028454,GPC3/WNT6/IRX3/IRX2/SIX4/TMEM59L/KLHL3/SIX1,8
GO:0086003,cardiac muscle cell contraction,9/828,91/18860,0.0989010989010989,2.2527472527472527,2.5669424811771364,0.018363995436784263,0.2368852819191892,0.2194392162748934,MYBPC3/FGF13/KCNE2/RYR2/NEDD4L/KCNQ1/SCN2A/KCNE4/KCNJ8,9
GO:0008585,female gonad development,10/828,107/18860,0.09345794392523364,2.1287642782969884,2.5090673454214816,0.019192099645676718,0.24619198934370856,0.22806050573108239,FZD4/NUPR1/KITLG/KIT/MMP19/FST/PTPRN/GAS2/AFP/AMHR2,10
GO:0019395,fatty acid oxidation,10/828,107/18860,0.09345794392523364,2.1287642782969884,2.5090673454214816,0.019192099645676718,0.24619198934370856,0.22806050573108239,PLIN5/ACADL/FABP3/SIRT4/ECI2/ACAT1/PPARGC1A/ALDH1L2/ADH7/FMO2,10
GO:0051223,regulation of protein transport,30/828,458/18860,0.06550218340611354,1.4919941775836971,2.284087506654005,0.01934356175268028,0.24704882368756736,0.22885423616199174,FGA/FGB/FGG/PDE8B/TMEM132A/MYRIP/GHRL/CHRM3/RAPGEF4/GNAZ/OXCT1/ZDHHC2/SIRT4/PRKD1/PLA2G1B/GNAI1/CELA2A/SIDT2/C1QTNF3/PLA2G6/ABCC8/CHGA/IDH2/CWH43/F2/TGFB3/TFAP2B/INSIG1/CABP1/KCNJ11,30
GO:0097623,potassium ion export across plasma membrane,4/828,24/18860,0.16666666666666666,3.796296296296296,2.9372912850612627,0.019445400845214487,0.24704882368756736,0.22885423616199174,KCNE2/NEDD4L/KCNQ1/KCNE4,4
GO:2001044,regulation of integrin-mediated signaling pathway,4/828,24/18860,0.16666666666666666,3.796296296296296,2.9372912850612627,0.019445400845214487,0.24704882368756736,0.22885423616199174,LAMA2/PRKD1/LAMB2/NID1,4
GO:0061041,regulation of wound healing,12/828,139/18860,0.08633093525179857,1.9664268585131897,2.4505548010233507,0.019472882594689156,0.24704882368756736,0.22885423616199174,FGA/FGB/FGG/VEGFB/DUOX1/APOH/ENPP4/FIGNL2/F2/PROC/HRG/EDN1,12
GO:0001656,metanephros development,9/828,92/18860,0.09782608695652174,2.2282608695652173,2.5306266758966798,0.019591290654065223,0.24729437390415987,0.2290817021600843,GPC3/LAMB2/ACAT1/IRX3/IRX2/RET/SIX4/TFAP2B/SIX1,9
GO:0050775,positive regulation of dendrite morphogenesis,5/828,36/18860,0.1388888888888889,3.1635802469135803,2.784330920626268,0.01965288766193735,0.24729437390415987,0.2290817021600843,FZD4/OBSL1/DBN1/CUX2/CAMK2B,5
GO:0090075,relaxation of muscle,5/828,36/18860,0.1388888888888889,3.1635802469135803,2.784330920626268,0.01965288766193735,0.24729437390415987,0.2290817021600843,GSTM2/NPR3/GNAI1/ABCC8/CHGA,5
GO:0014003,oligodendrocyte development,6/828,49/18860,0.12244897959183673,2.7891156462585034,2.6870952506886105,0.019710959766873527,0.24735112011799443,0.22913426914351834,WASF3/ABCA2/MAL/KCNJ10/ID4/GPM6B,6
GO:0006940,regulation of smooth muscle contraction,7/828,63/18860,0.1111111111111111,2.5308641975308643,2.6080458348674846,0.020076468837140524,0.2505760353781485,0.23212167668318376,GHRL/CHRM3/KIT/ADA/CHRM2/EDN1/ADRB2,7
GO:0086002,cardiac muscle cell action potential involved in contraction,7/828,63/18860,0.1111111111111111,2.5308641975308643,2.6080458348674846,0.020076468837140524,0.2505760353781485,0.23212167668318376,KCNE2/RYR2/NEDD4L/KCNQ1/SCN2A/KCNE4/KCNJ8,7
GO:0006790,sulfur compound metabolic process,20/828,277/18860,0.07220216606498195,1.6446048937023667,2.315944345495909,0.020538893290208794,0.25565662860966093,0.23682809570551436,PAPSS1/GHR/SLC1A2/GSTA3/GSTM2/CHST3/GSTA4/GGT7/SIRT4/GNMT/CBS/SULT2A1/ACAT1/ACSM2B/TKTL1/GSTT2/PHGDH/GSTT2B/GSTM3/CDO1,20
GO:0030510,regulation of BMP signaling pathway,11/828,124/18860,0.08870967741935484,2.020609318996416,2.443343249544282,0.02059696446428169,0.2556902739141205,0.23685926310934008,GDF5/GPR155/RBPMS2/GPC3/GREM2/BMPER/FST/TFAP2B/SOSTDC1/DAND5/DKK1,11
GO:0072088,nephron epithelium morphogenesis,8/828,78/18860,0.10256410256410256,2.336182336182336,2.533930265413894,0.020891271995266806,0.2586485095821504,0.23959963140613602,GPC3/WNT6/IRX3/IRX2/SIX4/TMEM59L/KLHL3/SIX1,8
GO:0048638,regulation of developmental growth,23/828,332/18860,0.06927710843373494,1.5779785809906293,2.2767694981912023,0.021241064427899952,0.2610520437803796,0.24182615074273728,GDF5/FGF13/KCNK2/GHR/PTPRS/ERBB4/GHRL/AR/ULK1/NEDD4L/ULK2/ZFYVE27/GATA6/CACNA2D2/BCL2L11/MT3/FGF20/SIX4/NTN1/EDN1/ADRB2/ATP8A2/SIX1,23
GO:0010896,regulation of triglyceride catabolic process,3/828,14/18860,0.21428571428571427,4.8809523809523805,3.1127574967758043,0.02135588770074678,0.2610520437803796,0.24182615074273728,PLIN5/FUT1/APOA5,3
GO:2000095,"regulation of Wnt signaling pathway, planar cell polarity pathway",3/828,14/18860,0.21428571428571427,4.8809523809523805,3.1127574967758043,0.02135588770074678,0.2610520437803796,0.24182615074273728,GPC3/ZNRF3/DKK1,3
GO:0007605,sensory perception of sound,14/828,174/18860,0.08045977011494253,1.8326947637292463,2.3645844805399014,0.021383965442322437,0.2610520437803796,0.24182615074273728,FZD4/LRIG1/ANKRD24/COL2A1/HOMER2/HPN/TBL1X/TMTC4/KIT/LHFPL5/KCNQ1/SIX1/DCDC2/SRRM4,14
GO:1990138,neuron projection extension,14/828,174/18860,0.08045977011494253,1.8326947637292463,2.3645844805399014,0.021383965442322437,0.2610520437803796,0.24182615074273728,SH3GL2/PTPRS/CYFIP2/ULK1/NEDD4L/ULK2/ZFYVE27/LAMB2/MT3/FLRT3/NDN/NTN1/EDN1/POSTN,14
GO:0034764,positive regulation of transmembrane transport,15/828,191/18860,0.078534031413612565,1.7888307155322862,2.3479698609492217,0.021460624353331077,0.2610520437803796,0.24182615074273728,FGF13/PTPRM/FXYD4/SLC1A2/PPP3CC/GPC3/PLA2G1B/SORBS1/KCNQ1/F2/LRRC52/ATP1B2/LRRC26/EDN1/HEPH,15
GO:0022602,ovulation cycle process,6/828,50/18860,0.12,2.733333333333333,2.62981526898964,0.021594170793439803,0.2610520437803796,0.24182615074273728,FZD4/MMP19/TGFB3/PTPRN/GAS2/AFP,6
GO:0045214,sarcomere organization,6/828,50/18860,0.12,2.733333333333333,2.62981526898964,0.021594170793439803,0.2610520437803796,0.24182615074273728,MYBPC3/PRKD1/CSRP2/SIX4/LMOD2/EDN1,6
GO:0051150,regulation of smooth muscle cell differentiation,6/828,50/18860,0.12,2.733333333333333,2.62981526898964,0.021594170793439803,0.2610520437803796,0.24182615074273728,SMARCD3/NFATC2/PDCD4/RBPMS2/KIT/EFEMP2,6
GO:1904064,positive regulation of cation transmembrane transport,11/828,125/18860,0.088,2.0044444444444443,2.4143855773414895,0.021723427210393137,0.2619289474088656,0.24263847240081826,FGF13/FXYD4/PPP3CC/PLA2G1B/KCNQ1/F2/LRRC52/ATP1B2/LRRC26/EDN1/HEPH,11
GO:0032350,regulation of hormone metabolic process,5/828,37/18860,0.13513513513513514,3.0780780780780783,2.7112580292359776,0.021926961814921556,0.26300963548391626,0.24363957024153438,PDE8B/HPN/ADM/FFAR3/DUOXA1,5
GO:0051385,response to mineralocorticoid,5/828,37/18860,0.13513513513513514,3.0780780780780783,2.7112580292359776,0.021926961814921556,0.26300963548391626,0.24363957024153438,SGK1/SCNN1B/SCNN1G/NEFL/EDN1,5
GO:0042744,hydrogen peroxide catabolic process,4/828,25/18860,0.16,3.6444444444444444,2.8351379086449917,0.022365593437613133,0.2650449805011182,0.24552501669817062,DUOX1/MT3/NNT/GPX3,4
GO:0070233,negative regulation of T cell apoptotic process,4/828,25/18860,0.16,3.6444444444444444,2.8351379086449917,0.022365593437613133,0.2650449805011182,0.24552501669817062,ST3GAL1/TSC22D3/RORC/ADA,4
GO:1905063,regulation of vascular associated smooth muscle cell differentiation,4/828,25/18860,0.16,3.6444444444444444,2.8351379086449917,0.022365593437613133,0.2650449805011182,0.24552501669817062,NFATC2/PDCD4/KIT/EFEMP2,4
GO:2000050,regulation of non-canonical Wnt signaling pathway,4/828,25/18860,0.16,3.6444444444444444,2.8351379086449917,0.022365593437613133,0.2650449805011182,0.24552501669817062,DAAM2/GPC3/ZNRF3/DKK1,4
GO:0042490,mechanoreceptor differentiation,8/828,79/18860,0.10126582278481013,2.3066104078762306,2.4937496487718875,0.022383616802822887,0.2650449805011182,0.24552501669817062,ANKRD24/LHFPL5/WDPCP/KCNQ1/GABRB3/FGF20/VANGL2/GABRB2,8
GO:0043627,response to estrogen,7/828,65/18860,0.1076923076923077,2.452991452991453,2.5144970024168924,0.02344953043425674,0.27655475287928716,0.25618712035317703,IGFBP2/GHRL/AR/CITED4/GATA6/SLC10A1/GSTM3,7
GO:0030850,prostate gland development,6/828,51/18860,0.11764705882352941,2.6797385620915035,2.5739284879752007,0.023595186798276123,0.27655475287928716,0.25618712035317703,AR/CYP7B1/FOXA1/ALOX15B/ID4/PSAPL1,6
GO:0032094,response to food,6/828,51/18860,0.11764705882352941,2.6797385620915035,2.5739284879752007,0.023595186798276123,0.27655475287928716,0.25618712035317703,GHR/GHRL/MT3/SCNN1B/NPY/CLPS,6
GO:0035272,exocrine system development,6/828,51/18860,0.11764705882352941,2.6797385620915035,2.5739284879752007,0.023595186798276123,0.27655475287928716,0.25618712035317703,EDA/PTF1A/RAB26/EGFR/NTN4/TGFB3,6
GO:0051592,response to calcium ion,12/828,143/18860,0.08391608391608392,1.9114219114219115,2.3443471003519685,0.02373726689425342,0.277515692449778,0.2570772888960584,FGA/FGB/FGG/PDCD6/KCNMB2/NFATC2/RYR2/PRKAA2/ADCY1/CPNE4/EDN1/TRPV6,12
GO:0042303,molting cycle,11/828,127/18860,0.08661417322834646,1.9728783902012248,2.3572698421407825,0.024110948807329287,0.2798967464220721,0.2592829836245586,EDA/LRIG1/EGFR/HOXC13/IGFBP5/FST/VANGL2/SOSTDC1/APCDD1/SOX21/DKK1,11
GO:0042633,hair cycle,11/828,127/18860,0.08661417322834646,1.9728783902012248,2.3572698421407825,0.024110948807329287,0.2798967464220721,0.2592829836245586,EDA/LRIG1/EGFR/HOXC13/IGFBP5/FST/VANGL2/SOSTDC1/APCDD1/SOX21/DKK1,11
GO:0046545,development of primary female sexual characteristics,10/828,111/18860,0.09009009009009009,2.0520520520520518,2.3821121923147817,0.024128055181453528,0.2798967464220721,0.2592829836245586,FZD4/NUPR1/KITLG/KIT/MMP19/FST/PTPRN/GAS2/AFP/AMHR2,10
GO:0090596,sensory organ morphogenesis,21/828,300/18860,0.07,1.5944444444444446,2.2240034842332155,0.024298462958646173,0.2798967464220721,0.2592829836245586,LRIG1/PPP2R3A/PTPRM/PTF1A/ANKRD24/COL2A1/HPN/EFEMP1/LHFPL5/WDPCP/KCNQ1/HOXC13/PTK7/SIX4/VANGL2/NTN1/TFAP2B/INSIG1/EDN1/ATP8A2/SIX1,21
GO:0010092,specification of animal organ identity,5/828,38/18860,0.13157894736842105,2.997076023391813,2.6406209265952003,0.024365199666884576,0.2798967464220721,0.2592829836245586,SMARCD3/AR/GATA5/SIX1/DKK1,5
GO:0010770,positive regulation of cell morphogenesis,5/828,38/18860,0.13157894736842105,2.997076023391813,2.6406209265952003,0.024365199666884576,0.2798967464220721,0.2592829836245586,FZD4/OBSL1/DBN1/CUX2/CAMK2B,5
GO:0043268,positive regulation of potassium ion transport,5/828,38/18860,0.13157894736842105,2.997076023391813,2.6406209265952003,0.024365199666884576,0.2798967464220721,0.2592829836245586,KCNQ1/ABCC8/LRRC52/ATP1B2/LRRC26,5
GO:0048863,stem cell differentiation,19/828,265/18860,0.07169811320754717,1.633123689727463,2.2241596560613566,0.025072104429963618,0.2841295353104122,0.26320403717752394,PDCD6/NRTN/CDH2/FOLR1/ERBB4/SMAD5/CHD3/CDK6/GATA6/KITLG/KIT/FOXA1/RET/SMAD9/SEMA3D/TCOF1/EDN1/SIX1/SOX21,19
GO:0071384,cellular response to corticosteroid stimulus,7/828,66/18860,0.10606060606060606,2.4158249158249157,2.4690191400041543,0.02527417706039931,0.2841295353104122,0.26320403717752394,SGK1/BCL2L11/SCNN1B/SCNN1G/SSTR2/FAM107A/EDN1,7
GO:0051224,negative regulation of protein transport,11/828,128/18860,0.0859375,1.9574652777777777,2.329101917436015,0.025373833660792842,0.2841295353104122,0.26320403717752394,PDE8B/GHRL/GNAZ/SIRT4/GNAI1/ABCC8/CHGA/IDH2/INSIG1/CABP1/KCNJ11,11
GO:0055002,striated muscle cell development,14/828,178/18860,0.07865168539325842,1.7915106117353308,2.2735662219369477,0.0254111092373234,0.2841295353104122,0.26320403717752394,MYBPC3/DNER/OBSL1/NFATC2/SORBS2/PRKD1/NRAP/NEBL/CSRP2/SIX4/ALPK3/LMOD2/EDN1/SIX1,14
GO:0006641,triglyceride metabolic process,10/828,112/18860,0.08928571428571429,2.033730158730159,2.3512092143584185,0.02549294492489812,0.2841295353104122,0.26320403717752394,PLIN5/FUT1/PNPLA4/APOA5/APOH/LIPF/GPIHBP1/PNPLA1/MOGAT1/INSIG1,10
GO:0030194,positive regulation of blood coagulation,4/828,26/18860,0.15384615384615385,3.5042735042735047,2.7381024815282236,0.025538819587050367,0.2841295353104122,0.26320403717752394,APOH/ENPP4/F2/HRG,4
GO:0035994,response to muscle stretch,4/828,26/18860,0.15384615384615385,3.5042735042735047,2.7381024815282236,0.025538819587050367,0.2841295353104122,0.26320403717752394,CDH2/DMD/RYR2/EDN1,4
GO:0048169,regulation of long-term neuronal synaptic plasticity,4/828,26/18860,0.15384615384615385,3.5042735042735047,2.7381024815282236,0.025538819587050367,0.2841295353104122,0.26320403717752394,SYNGR1/KIT/KCNJ10/CAMK2B,4
GO:1900048,positive regulation of hemostasis,4/828,26/18860,0.15384615384615385,3.5042735042735047,2.7381024815282236,0.025538819587050367,0.2841295353104122,0.26320403717752394,APOH/ENPP4/F2/HRG,4
GO:0061333,renal tubule morphogenesis,8/828,81/18860,0.09876543209876543,2.249657064471879,2.415180960768349,0.0255907279771088,0.2841295353104122,0.26320403717752394,GPC3/WNT6/IRX3/IRX2/SIX4/TMEM59L/KLHL3/SIX1,8
GO:0097120,receptor localization to synapse,8/828,81/18860,0.09876543209876543,2.249657064471879,2.415180960768349,0.0255907279771088,0.2841295353104122,0.26320403717752394,KIF17/ERBB4/DBN1/RAPSN/ZDHHC2/CNIH3/CACNA2D2/KIF5C,8
GO:0045922,negative regulation of fatty acid metabolic process,6/828,52/18860,0.11538461538461539,2.628205128205128,2.519370450943769,0.025716749809078683,0.2841295353104122,0.26320403717752394,PLIN5/ACADL/SIRT4/FMO2/INSIG1/SLC22A13,6
GO:2001257,regulation of cation channel activity,6/828,52/18860,0.11538461538461539,2.628205128205128,2.519370450943769,0.025716749809078683,0.2841295353104122,0.26320403717752394,FGF13/KCNE2/KCNQ1/LRRC52/LRRC26/EDN1,6
GO:0001711,endodermal cell fate commitment,3/828,15/18860,0.2,4.555555555555555,2.9519403458038904,0.025841144398088593,0.2841295353104122,0.26320403717752394,GATA6/SOX2/DKK1,3
GO:0014029,neural crest formation,3/828,15/18860,0.2,4.555555555555555,2.9519403458038904,0.025841144398088593,0.2841295353104122,0.26320403717752394,PDCD6/TCOF1/EDN1,3
GO:0034372,very-low-density lipoprotein particle remodeling,3/828,15/18860,0.2,4.555555555555555,2.9519403458038904,0.025841144398088593,0.2841295353104122,0.26320403717752394,ANGPTL3/APOA5/APOH,3
GO:0071696,ectodermal placode development,3/828,15/18860,0.2,4.555555555555555,2.9519403458038904,0.025841144398088593,0.2841295353104122,0.26320403717752394,EDA/SIX4/SIX1,3
GO:0071871,response to epinephrine,3/828,15/18860,0.2,4.555555555555555,2.9519403458038904,0.025841144398088593,0.2841295353104122,0.26320403717752394,RNLS/RYR2/KCNQ1,3
GO:1903034,regulation of response to wounding,14/828,179/18860,0.0782122905027933,1.781502172563625,2.2511746740265575,0.026500331343114858,0.29068534475654256,0.26927702607430626,FGA/FGB/FGG/VEGFB/PTPRS/IL33/DUOX1/APOH/ENPP4/FIGNL2/F2/PROC/HRG/EDN1,14
GO:0034694,response to prostaglandin,5/828,39/18860,0.1282051282051282,2.92022792022792,2.5722684178935613,0.026971133332907897,0.29375635314002047,0.2721218616309277,P2RY4/PRKAA2/PTGDR2/GNAI1/EDN1,5
GO:0035883,enteroendocrine cell differentiation,5/828,39/18860,0.1282051282051282,2.92022792022792,2.5722684178935613,0.026971133332907897,0.29375635314002047,0.2721218616309277,CDH2/CDK6/GATA6/SIDT2/PAX4,5
GO:0050974,detection of mechanical stimulus involved in sensory perception,5/828,39/18860,0.1282051282051282,2.92022792022792,2.5722684178935613,0.026971133332907897,0.29375635314002047,0.2721218616309277,KCNK2/HPN/KIT/LHFPL5/KCNQ1,5
GO:0019229,regulation of vasoconstriction,7/828,67/18860,0.1044776119402985,2.3797678275290215,2.4243644548599614,0.027193609389484362,0.2940985671209339,0.2724388723255626,FGA/FGB/FGG/KCNMB2/ADM/ADRA1B/EDN1,7
GO:0051932,"synaptic transmission, GABAergic",7/828,67/18860,0.1044776119402985,2.3797678275290215,2.4243644548599614,0.027193609389484362,0.2940985671209339,0.2724388723255626,KCNK2/GABRG2/PLCL1/GABRB3/NALCN/GABRB2/GABRA3,7
GO:1903317,regulation of protein maturation,7/828,67/18860,0.1044776119402985,2.3797678275290215,2.4243644548599614,0.027193609389484362,0.2940985671209339,0.2724388723255626,FGA/HPN/SIRT4/CCBE1/PRKACB/CWH43/GAS1,7
GO:0006665,sphingolipid metabolic process,14/828,180/18860,0.07777777777777778,1.771604938271605,2.228924532974503,0.02762367569666118,0.29805171581117135,0.2761008805490188,FUT1/ST3GAL1/B3GALNT1/A4GALT/CERS4/PRKD1/ABCA2/KIT/PLA2G6/PNPLA1/CYP4F22/ST8SIA5/FUT9/PSAPL1,14
GO:0043524,negative regulation of neuron apoptotic process,14/828,181/18860,0.07734806629834254,1.761817065684469,2.206813961471876,0.028781704598071223,0.3089581253567798,0.28620405768046164,GDF5/VEGFB/PTPRZ1/LONRF2/MT3/PPARGC1A/FGF20/NEFL/NES/SIX4/TGFB3/VSTM2L/TFAP2B/SIX1,14
GO:0009312,oligosaccharide biosynthetic process,4/828,27/18860,0.14814814814814814,3.3744855967078187,2.6457220554441947,0.02896900569066385,0.3089581253567798,0.28620405768046164,FUT1/B3GALNT1/ST3GAL6/FUT9,4
GO:0010842,retina layer formation,4/828,27/18860,0.14814814814814814,3.3744855967078187,2.6457220554441947,0.02896900569066385,0.3089581253567798,0.28620405768046164,PTPRM/PTF1A/TFAP2B/ATP8A2,4
GO:0050996,positive regulation of lipid catabolic process,4/828,27/18860,0.14814814814814814,3.3744855967078187,2.6457220554441947,0.02896900569066385,0.3089581253567798,0.28620405768046164,PLIN5/ANGPTL3/FUT1/APOA5,4
GO:2001259,positive regulation of cation channel activity,4/828,27/18860,0.14814814814814814,3.3744855967078187,2.6457220554441947,0.02896900569066385,0.3089581253567798,0.28620405768046164,FGF13/LRRC52/LRRC26/EDN1,4
GO:0001655,urogenital system development,7/828,68/18860,0.10294117647058823,2.344771241830065,2.3805040069562398,0.0292097372412632,0.30938203344071896,0.2865967458920658,EPHB3/AR/CYP7B1/FOXA1/ALOX15B/ID4/PSAPL1,7
GO:0042698,ovulation cycle,7/828,68/18860,0.10294117647058823,2.344771241830065,2.3805040069562398,0.0292097372412632,0.30938203344071896,0.2865967458920658,FZD4/MMP19/TGFB3/PTPRN/GAS2/AFP/CA12,7
GO:0072348,sulfur compound transport,7/828,68/18860,0.10294117647058823,2.344771241830065,2.3805040069562398,0.0292097372412632,0.30938203344071896,0.2865967458920658,SLC26A7/SLC1A2/SLC13A3/SLC26A9/SLC35F3/ABCC5/SLC25A47,7
GO:0034767,positive regulation of monoatomic ion transmembrane transport,11/828,131/18860,0.08396946564885496,1.912637828668363,2.24610145166934,0.029449618522525974,0.3112090122128718,0.28828917180668573,FGF13/FXYD4/PPP3CC/PLA2G1B/KCNQ1/F2/LRRC52/ATP1B2/LRRC26/EDN1/HEPH,11
GO:0043243,positive regulation of protein-containing complex disassembly,5/828,40/18860,0.125,2.8472222222222223,2.506062396488302,0.02974791332899492,0.3136435245509099,0.2905443878131107,IGF1R/EIF5A2/BNIP3/NES/ADRB2,5
GO:0050848,regulation of calcium-mediated signaling,9/828,99/18860,0.09090909090909091,2.0707070707070705,2.2888262494323897,0.029887954757719267,0.31440222111878724,0.2912472080934447,RGN/HOMER2/PPP3CC/CD3E/ADA/SLC8A2/GPR62/CA8/EDN1,9
GO:0008542,visual learning,6/828,54/18860,0.1111111111111111,2.5308641975308643,2.4140034120222333,0.030331591395609266,0.3169033689251665,0.293564152016566,DEAF1/PDE1B/PDE8B/B3GAT1/KIT/ABCC8,6
GO:0050771,negative regulation of axonogenesis,6/828,54/18860,0.1111111111111111,2.5308641975308643,2.4140034120222333,0.030331591395609266,0.3169033689251665,0.293564152016566,FGF13/PTPRS/ULK1/ULK2/MT3/NTN1,6
GO:0070169,positive regulation of biomineral tissue development,6/828,54/18860,0.1111111111111111,2.5308641975308643,2.4140034120222333,0.030331591395609266,0.3169033689251665,0.293564152016566,ACVR2B/WNT6/SLC4A2/KL/ADRB2/GPM6B,6
GO:0050954,sensory perception of mechanical stimulus,15/828,200/18860,0.075,1.7083333333333333,2.157989896817319,0.03075598305017539,0.31952279772822667,0.29599066580828187,KCNK2/FZD4/LRIG1/ANKRD24/COL2A1/HOMER2/HPN/TBL1X/TMTC4/KIT/LHFPL5/KCNQ1/SIX1/DCDC2/SRRM4,15
GO:0045176,apical protein localization,3/828,16/18860,0.1875,4.270833333333333,2.804687041127118,0.030789875484855105,0.31952279772822667,0.29599066580828187,CELSR1/VANGL2/MAL,3
GO:0060033,anatomical structure regression,3/828,16/18860,0.1875,4.270833333333333,2.804687041127118,0.030789875484855105,0.31952279772822667,0.29599066580828187,SMAD5/OPN4/AMHR2,3
GO:0048678,response to axon injury,8/828,84/18860,0.09523809523809523,2.1693121693121693,2.3015537594059676,0.030981069329182775,0.32078604969095526,0.29716088211894925,KCNK2/FOLR1/PTPRS/BNIP3/LAMB2/FLRT3/FIGNL2/NEFL,8
GO:0048562,embryonic organ morphogenesis,21/828,308/18860,0.06818181818181818,1.5530303030303028,2.0969181011052087,0.031160347246495967,0.32189587970395317,0.29818897565974467,FOLR1/LRIG1/ANKRD24/COL2A1/HPN/RYR2/RBPMS2/EFEMP1/LHFPL5/WDPCP/KCNQ1/CHST11/PTK7/SIX4/VANGL2/NTN1/INSIG1/HOXC4/EDN1/ATP8A2/SIX1,21
GO:0048645,animal organ formation,7/828,69/18860,0.10144927536231885,2.3107890499194848,2.3374102980583316,0.03132436794071457,0.32189587970395317,0.29818897565974467,SMARCD3/FOLR1/AR/GATA6/GATA5/SIX1/DKK1,7
GO:0010565,regulation of ketone metabolic process,12/828,149/18860,0.08053691275167785,1.8344519015659955,2.191283117622962,0.031367073596097646,0.32189587970395317,0.29818897565974467,PLIN5/ACADL/FABP3/SIRT4/APOA5/PPARGC1A/ADM/GPIHBP1/FMO2/INSIG1/EDN1/SLC22A13,12
GO:0014074,response to purine-containing compound,12/828,149/18860,0.08053691275167785,1.8344519015659955,2.191283117622962,0.031367073596097646,0.32189587970395317,0.29818897565974467,GSTM2/P2RY4/RYR2/CRTC1/DUOX1/ADA/KCNQ1/MMP19/IGFBP5/KCNJ8/CDO1/KCNJ11,12
GO:0022600,digestive system process,10/828,116/18860,0.08620689655172414,1.96360153256705,2.230734521297443,0.03150776692577648,0.32262276643732996,0.2988623288279978,SLC26A7/PTGER3/CCKBR/GHRL/HIP1R/CHRM3/SLC9A4/SGK1/KCNQ1/HEPH,10
GO:0098661,inorganic anion transmembrane transport,11/828,133/18860,0.08270676691729323,1.883876357560568,2.1919759348527386,0.032414596509372985,0.32782412328778937,0.30368061750166997,SLC26A7/CLIC6/KCNK2/CLCNKA/GABRG2/SLC6A2/SLC4A2/SLC26A9/GABRB3/GABRB2/GABRA3,11
GO:0019730,antimicrobial humoral response,14/828,184/18860,0.07608695652173914,1.7330917874396135,2.141301801931083,0.032469406096952314,0.32782412328778937,0.30368061750166997,FGA/FGB/CCL16/PLA2G1B/GATA6/PLA2G6/ADM/PGC/TF/F2/PRTN3/HRG/DEFB1/NPY,14
GO:0044342,type B pancreatic cell proliferation,4/828,28/18860,0.14285714285714285,3.253968253968254,2.5575912481452217,0.03265912405908477,0.32782412328778937,0.30368061750166997,NUPR1/SIDT2/IGFBP5/PTPRN,4
GO:0060259,regulation of feeding behavior,4/828,28/18860,0.14285714285714285,3.253968253968254,2.5575912481452217,0.03265912405908477,0.32782412328778937,0.30368061750166997,GHRL/LEPR/RXFP4/NPY,4
GO:0060740,prostate gland epithelium morphogenesis,4/828,28/18860,0.14285714285714285,3.253968253968254,2.5575912481452217,0.03265912405908477,0.32782412328778937,0.30368061750166997,AR/CYP7B1/FOXA1/ID4,4
GO:0090103,cochlea morphogenesis,4/828,28/18860,0.14285714285714285,3.253968253968254,2.5575912481452217,0.03265912405908477,0.32782412328778937,0.30368061750166997,HPN/PTK7/VANGL2/SIX1,4
GO:0072593,reactive oxygen species metabolic process,17/828,237/18860,0.07172995780590717,1.63384903891233,2.104203491187073,0.03266323648465073,0.32782412328778937,0.30368061750166997,DRD5/PLIN5/DCXR/BNIP3/DUOX1/CBS/SFTPD/MT3/NNT/GLS2/F2/DUOXA1/PON3/SLC18A2/EDN1/GPX3/SOD3,17
GO:0034368,protein-lipid complex remodeling,5/828,41/18860,0.12195121951219512,2.7777777777777777,2.4418764122713292,0.032698303551546626,0.32782412328778937,0.30368061750166997,ANGPTL3/APOA5/APOH/GPIHBP1/PLTP,5
GO:0034369,plasma lipoprotein particle remodeling,5/828,41/18860,0.12195121951219512,2.7777777777777777,2.4418764122713292,0.032698303551546626,0.32782412328778937,0.30368061750166997,ANGPTL3/APOA5/APOH/GPIHBP1/PLTP,5
GO:0048738,cardiac muscle tissue development,18/828,255/18860,0.07058823529411765,1.607843137254902,2.094109177326949,0.03272562166212016,0.32782412328778937,0.30368061750166997,MYBPC3/KCNK2/OBSL1/ERBB4/SMAD5/RYR2/SORBS2/GATA6/NRAP/NEBL/IRX3/FGF20/ALPK3/GATA5/EDN1/KCNJ8/KCNJ11/DKK1,18
GO:0048286,lung alveolus development,6/828,55/18860,0.10909090909090909,2.484848484848485,2.3630851189490856,0.032829442146679925,0.32815230266962747,0.3039846272137326,GATA6/SFTPD/FOXA1/ADA/IGFBP5/TGFB3,6
GO:0051149,positive regulation of muscle cell differentiation,8/828,85/18860,0.09411764705882353,2.1437908496732025,2.264741598250207,0.032938312614470784,0.32852943337716217,0.30433398309698595,SMARCD3/LAMA2/PRKD1/LAMB2/KIT/EFEMP2/EDN1/NID1,8
GO:0060485,mesenchyme development,23/828,347/18860,0.06628242074927954,1.509766250400256,2.0537612967646504,0.03306427511686665,0.3290750484691599,0.3048394148705673,RANBP3L/PDCD6/NRTN/CDH2/FOLR1/ERBB4/HPN/PDCD4/TGFB1I1/KITLG/FOXA1/PTK7/RET/SIX4/SEMA3D/GCNT2/TGFB3/TCOF1/GATA5/DAND5/EDN1/SIX1/DKK1,23
GO:0070085,glycosylation,15/828,202/18860,0.07425742574257425,1.6914191419141913,2.117079117895007,0.0331709752244935,0.3294270184660451,0.3051654630726465,FUT1/B3GAT1/ST3GAL1/GBGT1/B3GALNT1/MAN2A2/ST3GAL6/ABCA2/TMTC4/ST8SIA5/CWH43/GCNT2/FUT9/RAMP1/GALNT14,15
GO:0043434,response to peptide hormone,29/828,461/18860,0.06290672451193059,1.4328753916606414,2.0163633723525685,0.0336795953584827,0.33376045357397666,0.3091797504785943,IGF1R/GHR/CACNA2D3/FUT1/GHRL/CSH1/ECHDC3/FABP3/SLC2A4/HDAC5/TBC1D4/KL/PRKD1/PLA2G1B/GNAI1/CELA2A/SLC22A12/SORBS1/SCNN1B/KCNQ1/ABCC8/SCNN1G/IGFBP5/NEFL/FFAR3/INSIG1/EDN1/KCNJ8/CDO1,29
GO:0048588,developmental cell growth,17/828,238/18860,0.07142857142857142,1.626984126984127,2.085856431521498,0.033801564016853886,0.33425186858636236,0.30963497388593303,SH3GL2/FGF13/PTPRS/CYFIP2/NIN/ULK1/NEDD4L/ULK2/ZFYVE27/SORBS2/LAMB2/MT3/FLRT3/NDN/NTN1/EDN1/POSTN,17
GO:0120161,regulation of cold-induced thermogenesis,12/828,151/18860,0.07947019867549669,1.8101545253863136,2.1418230974257173,0.034262866572135765,0.33808956801308326,0.31319003542321133,ESRRG/IGF1R/ACADL/GHRL/LEPR/PLCL1/ACVR2B/G0S2/ALDH1A1/NPR3/PPARGC1A/ADRB2,12
GO:0050773,regulation of dendrite development,9/828,102/18860,0.08823529411764706,2.0098039215686274,2.191272671028153,0.03528413303791489,0.3474245764799381,0.3218375416139291,FZD4/OBSL1/PACSIN1/DBN1/NEDD4L/RAB17/CUX2/CSMD3/CAMK2B,9
GO:0051147,regulation of muscle cell differentiation,13/828,169/18860,0.07692307692307693,1.7521367521367524,2.104633327327503,0.03558729530633432,0.3489815757362518,0.32327987139388836,SMARCD3/NFATC2/LAMA2/HDAC5/PDCD4/RBPMS2/PRKD1/LAMB2/KIT/EFEMP2/EDN1/NID1/DKK1,13
GO:0032411,positive regulation of transporter activity,5/828,42/18860,0.11904761904761904,2.711640211640211,2.379594427499845,0.03582467830542044,0.3489815757362518,0.32327987139388836,FGF13/SGK1/LRRC52/LRRC26/EDN1,5
GO:0045923,positive regulation of fatty acid metabolic process,5/828,42/18860,0.11904761904761904,2.711640211640211,2.379594427499845,0.03582467830542044,0.3489815757362518,0.32327987139388836,PLIN5/APOA5/PPARGC1A/GPIHBP1/EDN1,5
GO:0060612,adipose tissue development,7/828,71/18860,0.09859154929577464,2.245696400625978,2.2534197690564146,0.03585583114465903,0.3489815757362518,0.32327987139388836,GHRL/ACVR2B/OXCT1/ACAT1/PPARGC1A/RORC/GUCA2B,7
GO:0030728,ovulation,3/828,17/18860,0.17647058823529413,4.019607843137255,2.6690243174840464,0.03619795902504648,0.3489815757362518,0.32327987139388836,MMP19/GAS2/AFP,3
GO:0051917,regulation of fibrinolysis,3/828,17/18860,0.17647058823529413,4.019607843137255,2.6690243174840464,0.03619795902504648,0.3489815757362518,0.32327987139388836,APOH/F2/HRG,3
GO:0097091,synaptic vesicle clustering,3/828,17/18860,0.17647058823529413,4.019607843137255,2.6690243174840464,0.03619795902504648,0.3489815757362518,0.32327987139388836,CDH2/SYN2/SYNDIG1,3
GO:0098935,dendritic transport,3/828,17/18860,0.17647058823529413,4.019607843137255,2.6690243174840464,0.03619795902504648,0.3489815757362518,0.32327987139388836,KIF17/RAB17/KIF5C,3
GO:1904044,response to aldosterone,3/828,17/18860,0.17647058823529413,4.019607843137255,2.6690243174840464,0.03619795902504648,0.3489815757362518,0.32327987139388836,SGK1/SCNN1B/SCNN1G,3
GO:2000369,regulation of clathrin-dependent endocytosis,3/828,17/18860,0.17647058823529413,4.019607843137255,2.6690243174840464,0.03619795902504648,0.3489815757362518,0.32327987139388836,DNAJC6/DGKD/HIP1R,3
GO:0003156,regulation of animal organ formation,4/828,29/18860,0.13793103448275862,3.1417624521072796,2.4733533034304926,0.036611218885335174,0.3514981472192886,0.3256111030747394,AR/GATA5/SIX1/DKK1,4
GO:0086013,membrane repolarization during cardiac muscle cell action potential,4/828,29/18860,0.13793103448275862,3.1417624521072796,2.4733533034304926,0.036611218885335174,0.3514981472192886,0.3256111030747394,KCNE2/KCNQ1/KCNE4/KCNJ8,4
GO:0046890,regulation of lipid biosynthetic process,15/828,205/18860,0.07317073170731707,1.6666666666666667,2.0565562568495186,0.037048450647405015,0.3539977736415502,0.3279266376602448,PLIN5/ACADL/PDE8B/ASXL3/FABP3/SIRT4/APOA5/GNAI1/ABCA2/PLA2G6/SORBS1/ADM/GPIHBP1/INSIG1/EDN1,15
GO:0001523,retinoid metabolic process,8/828,87/18860,0.09195402298850575,2.094508301404853,2.19262517080399,0.037101542321894825,0.3539977736415502,0.3279266376602448,CYP2C8/ALDH1A1/PNPLA4/SCPEP1/RDH12/ADH7/TTR/CLPS,8
GO:0055117,regulation of cardiac muscle contraction,8/828,87/18860,0.09195402298850575,2.094508301404853,2.19262517080399,0.037101542321894825,0.3539977736415502,0.3279266376602448,MYBPC3/FGF13/GSTM2/DMD/RYR2/KCNQ1/CHGA/ADRA1B,8
GO:0001823,mesonephros development,9/828,103/18860,0.08737864077669903,1.9902912621359223,2.1594960773359446,0.037222396146338675,0.35413941663415704,0.3280578489665643,SMAD5/GPC3/WNT6/BMPER/RET/SIX4/ZBTB16/TMEM59L/SIX1,9
GO:0045444,fat cell differentiation,18/828,259/18860,0.0694980694980695,1.583011583011583,2.024470571951577,0.03726976104032056,0.35413941663415704,0.3280578489665643,ALDH6A1/FNDC5/BNIP3/FABP3/SLC2A4/TGFB1I1/TRIB2/C1QTNF3/PPARGC1A/RORC/RORA/ZBTB16/TFAP2B/ID4/INSIG1/ADRB2/KCNJ8/SIX1,18
GO:0048762,mesenchymal cell differentiation,19/828,278/18860,0.0683453237410072,1.5567545963229417,2.0039760665393622,0.03815657350521623,0.3616422595922742,0.3350081244975046,RANBP3L/PDCD6/NRTN/CDH2/FOLR1/ERBB4/HPN/PDCD4/TGFB1I1/KITLG/FOXA1/RET/SEMA3D/GCNT2/TGFB3/TCOF1/GATA5/EDN1/SIX1,19
GO:0048146,positive regulation of fibroblast proliferation,6/828,57/18860,0.10526315789473684,2.39766081871345,2.2645306057469954,0.038215985855571635,0.3616422595922742,0.3350081244975046,ZMIZ1/PDGFD/EGFR/CDK6/PLA2G1B/FBLN1,6
GO:0006006,glucose metabolic process,15/828,206/18860,0.07281553398058252,1.6585760517799353,2.036601725591334,0.0384107483712055,0.3624433933369924,0.33575025655251467,GHRL/DCXR/LEPR/FBP2/GNMT/C1QTNF3/PPARGC1A/RORC/SORBS1/KCNQ1/TKTL1/RORA/PGAM2/TFAP2B/KCNJ11,15
GO:1990748,cellular detoxification,10/828,120/18860,0.08333333333333333,1.898148148148148,2.1149804525936244,0.03845761427785324,0.3624433933369924,0.33575025655251467,GSTM2/DUOX1/ALDH1A1/ALB/MT3/NNT/RDH12/GSTM3/GPX3/SOD3,10
GO:0031960,response to corticosteroid,12/828,154/18860,0.07792207792207792,1.7748917748917747,2.0690143166484605,0.03895592190533966,0.3628470284439829,0.3361241648461048,GHR/IGFBP2/ALAD/SGK1/BCL2L11/SCNN1B/SCNN1G/NEFL/SSTR2/FAM107A/EDN1/CDO1,12
GO:0106106,cold-induced thermogenesis,12/828,154/18860,0.07792207792207792,1.7748917748917747,2.0690143166484605,0.03895592190533966,0.3628470284439829,0.3361241648461048,ESRRG/IGF1R/ACADL/GHRL/LEPR/PLCL1/ACVR2B/G0S2/ALDH1A1/NPR3/PPARGC1A/ADRB2,12
GO:0098773,skin epidermis development,11/828,137/18860,0.08029197080291971,1.8288726682887266,2.0864737894929046,0.03896807623904005,0.3628470284439829,0.3361241648461048,EDA/EGFR/GATA6/HOXC13/IGFBP5/FST/VANGL2/SOSTDC1/APCDD1/SOX21/DKK1,11
GO:0006040,amino sugar metabolic process,5/828,43/18860,0.11627906976744186,2.6485788113695086,2.3191097317049114,0.03912902125706009,0.3628470284439829,0.3361241648461048,CHIA/ST3GAL1/CHST3/ALDH1A1/CSGALNACT1,5
GO:0034367,protein-containing complex remodeling,5/828,43/18860,0.11627906976744186,2.6485788113695086,2.3191097317049114,0.03912902125706009,0.3628470284439829,0.3361241648461048,ANGPTL3/APOA5/APOH/GPIHBP1/PLTP,5
GO:0046427,positive regulation of receptor signaling pathway via JAK-STAT,5/828,43/18860,0.11627906976744186,2.6485788113695086,2.3191097317049114,0.03912902125706009,0.3628470284439829,0.3361241648461048,GHR/ERBB4/CSH1/KIT/F2,5
GO:0070232,regulation of T cell apoptotic process,5/828,43/18860,0.11627906976744186,2.6485788113695086,2.3191097317049114,0.03912902125706009,0.3628470284439829,0.3361241648461048,ST3GAL1/TSC22D3/BCL2L11/RORC/ADA,5
GO:1902305,regulation of sodium ion transmembrane transport,5/828,43/18860,0.11627906976744186,2.6485788113695086,2.3191097317049114,0.03912902125706009,0.3628470284439829,0.3361241648461048,FGF13/FXYD4/DMD/NEDD4L/ATP1B2,5
GO:0006898,receptor-mediated endocytosis,19/828,279/18860,0.06810035842293907,1.5511748307447233,1.9875107515634065,0.039337874920453035,0.36405271820170765,0.3372410582780743,SH3GL2/FOLR1/GHR/DNAJC6/GHRL/DGKD/HIP1R/SUSD4/NEDD4L/APOA5/SFTPD/ABCA2/ADM/TF/MICALL1/RAMP1/ADRB2/STAB2/DKK1,19
GO:0016055,Wnt signaling pathway,30/828,487/18860,0.061601642710472276,1.4031485284052019,1.9314882532652944,0.03944000523942989,0.36426788839137453,0.3374403816695644,EDA/CDH2/FOLR1/FZD4/PPP2R3A/CDK14/TMEM132A/IGFBP2/EGFR/APC2/CELSR1/PRKAA2/PBXIP1/TGFB1I1/DAAM2/GPC3/WNT6/TBL1X/MITF/ZNRF3/PTK7/SOX2/VANGL2/FZD8/PRICKLE2/SOSTDC1/EDN1/APCDD1/DCDC2/DKK1,30
GO:0007596,blood coagulation,17/828,243/18860,0.06995884773662552,1.5935070873342478,1.9953851975458756,0.0399339165428639,0.36809346625737627,0.34098421437167536,FGA/FGB/FGG/DGKD/APOH/ENPP4/CELA2A/PDIA2/FGL1/SERPIND1/F2/VAV3/FBLN1/PROC/HRG/EDN1/PRSS56,17
GO:0035051,cardiocyte differentiation,13/828,172/18860,0.0755813953488372,1.7215762273901807,2.0371245227165313,0.040120244066448735,0.3690742770893631,0.34189279070255324,FOLR1/OBSL1/EGFR/PDCD4/SORBS2/GATA6/NRAP/NEBL/IRX3/ALPK3/EDN1/KCNJ8/DKK1,13
GO:0006024,glycosaminoglycan biosynthetic process,4/828,30/18860,0.13333333333333333,3.0370370370370368,2.3926927958906146,0.04082643637562822,0.37077557372182296,0.3434687906830226,XYLT2/B3GAT1/ABCC5/GCNT2,4
GO:0050820,positive regulation of coagulation,4/828,30/18860,0.13333333333333333,3.0370370370370368,2.3926927958906146,0.04082643637562822,0.37077557372182296,0.3434687906830226,APOH/ENPP4/F2/HRG,4
GO:0060117,auditory receptor cell development,4/828,30/18860,0.13333333333333333,3.0370370370370368,2.3926927958906146,0.04082643637562822,0.37077557372182296,0.3434687906830226,ANKRD24/LHFPL5/WDPCP/KCNQ1,4
GO:0060384,innervation,4/828,30/18860,0.13333333333333333,3.0370370370370368,2.3926927958906146,0.04082643637562822,0.37077557372182296,0.3434687906830226,LRIG1/GABRB3/GABRB2/EDN1,4
GO:0060512,prostate gland morphogenesis,4/828,30/18860,0.13333333333333333,3.0370370370370368,2.3926927958906146,0.04082643637562822,0.37077557372182296,0.3434687906830226,AR/CYP7B1/FOXA1/ID4,4
GO:1901381,positive regulation of potassium ion transmembrane transport,4/828,30/18860,0.13333333333333333,3.0370370370370368,2.3926927958906146,0.04082643637562822,0.37077557372182296,0.3434687906830226,KCNQ1/LRRC52/ATP1B2/LRRC26,4
GO:0050982,detection of mechanical stimulus,6/828,58/18860,0.10344827586206896,2.3563218390804597,2.2168038988169316,0.0411080757352909,0.37077557372182296,0.3434687906830226,CDH2/KCNK2/HPN/KIT/LHFPL5/KCNQ1,6
GO:0060997,dendritic spine morphogenesis,6/828,58/18860,0.10344827586206896,2.3563218390804597,2.2168038988169316,0.0411080757352909,0.37077557372182296,0.3434687906830226,DBN1/EPHB3/PAK3/CUX2/KIF1A/CAMK2B,6
GO:0071827,plasma lipoprotein particle organization,6/828,58/18860,0.10344827586206896,2.3563218390804597,2.2168038988169316,0.0411080757352909,0.37077557372182296,0.3434687906830226,ANGPTL3/APOA5/APOH/GPIHBP1/PRKACB/PLTP,6
GO:0086009,membrane repolarization,6/828,58/18860,0.10344827586206896,2.3563218390804597,2.2168038988169316,0.0411080757352909,0.37077557372182296,0.3434687906830226,KCNE2/NEDD4L/KCNQ1/ATP1B2/KCNE4/KCNJ8,6
GO:0048608,reproductive structure development,21/828,318/18860,0.0660377358490566,1.5041928721174005,1.9430524439833747,0.041670004639003076,0.3720831264342127,0.34468004509325983,FZD4/REC8/AR/NUPR1/CYP7B1/GATA6/BCL2L11/KITLG/KIT/FOXA1/ALOX15B/MMP19/SIX4/FST/SYCP2/PTPRN/ID4/GAS2/PSAPL1/AFP/AMHR2,21
GO:0051402,neuron apoptotic process,21/828,318/18860,0.0660377358490566,1.5041928721174005,1.9430524439833747,0.041670004639003076,0.3720831264342127,0.34468004509325983,GDF5/VEGFB/BNIP3/RAPSN/PTPRZ1/LONRF2/NUPR1/TMTC4/BCL2L11/MT3/PPARGC1A/FGF20/NEFL/NES/SIX4/TGFB3/SCN2A/VSTM2L/TFAP2B/SIX1/DKK1,21
GO:0003128,heart field specification,3/828,18/18860,0.16666666666666666,3.796296296296296,2.543363823187358,0.042058768297674104,0.3720831264342127,0.34468004509325983,SMARCD3/GATA5/DKK1,3
GO:0006103,2-oxoglutarate metabolic process,3/828,18/18860,0.16666666666666666,3.796296296296296,2.543363823187358,0.042058768297674104,0.3720831264342127,0.34468004509325983,ADHFE1/GPT2/IDH2,3
GO:0010310,regulation of hydrogen peroxide metabolic process,3/828,18/18860,0.16666666666666666,3.796296296296296,2.543363823187358,0.042058768297674104,0.3720831264342127,0.34468004509325983,MT3/NNT/DUOXA1,3
GO:0030007,intracellular potassium ion homeostasis,3/828,18/18860,0.16666666666666666,3.796296296296296,2.543363823187358,0.042058768297674104,0.3720831264342127,0.34468004509325983,ATP4B/ATP4A/ATP1B2,3
GO:0032095,regulation of response to food,3/828,18/18860,0.16666666666666666,3.796296296296296,2.543363823187358,0.042058768297674104,0.3720831264342127,0.34468004509325983,GHRL/MT3/NPY,3
GO:0034727,piecemeal microautophagy of the nucleus,3/828,18/18860,0.16666666666666666,3.796296296296296,2.543363823187358,0.042058768297674104,0.3720831264342127,0.34468004509325983,ULK1/ULK2/ATG9B,3
GO:0044320,cellular response to leptin stimulus,3/828,18/18860,0.16666666666666666,3.796296296296296,2.543363823187358,0.042058768297674104,0.3720831264342127,0.34468004509325983,FGB/LEPR/MT3,3
GO:0070942,neutrophil mediated cytotoxicity,3/828,18/18860,0.16666666666666666,3.796296296296296,2.543363823187358,0.042058768297674104,0.3720831264342127,0.34468004509325983,SCNN1B/F2/DNASE1,3
GO:0007219,Notch signaling pathway,14/828,191/18860,0.07329842931937172,1.6695753344968005,1.9930039158942139,0.04238731891255677,0.3742727318129774,0.34670839098446354,ZMIZ1/DNER/CDK6/SORBS2/PTP4A3/KIT/RCAN2/FOXA1/PGAM2/GATA5/GAS2/POSTN/S1PR3/SIX1,14
GO:0006639,acylglycerol metabolic process,11/828,139/18860,0.07913669064748201,1.8025579536370904,2.035034756184817,0.042568392763136974,0.3748314154945348,0.347225928875519,PLIN5/FUT1/DGKD/PNPLA4/APOA5/APOH/LIPF/GPIHBP1/PNPLA1/MOGAT1/INSIG1,11
GO:0044058,regulation of digestive system process,5/828,44/18860,0.11363636363636363,2.5883838383838382,2.2603239921439346,0.04261292618766366,0.3748314154945348,0.347225928875519,PTGER3/GHRL/HIP1R/SGK1/KCNQ1,5
GO:0015698,inorganic anion transport,13/828,174/18860,0.07471264367816093,1.7017879948914434,1.992851490884472,0.04335977844798373,0.3806757735224123,0.35263986314309764,SLC26A7/CLIC6/KCNK2/CLCNKA/GABRG2/P2RY4/SLC6A2/SLC4A2/SLC26A9/KCNQ1/GABRB3/GABRB2/GABRA3,13
GO:0048534,hematopoietic or lymphoid organ development,9/828,106/18860,0.08490566037735849,1.9339622641509433,2.0662737356557064,0.043469691028794055,0.3809165714819183,0.35286292687709786,LRRC17/EPHB3/BCL2L11/RORC/ADA/TOX/RET/SIX4/SIX1,9
GO:0043523,regulation of neuron apoptotic process,18/828,264/18860,0.06818181818181818,1.5530303030303028,1.939070828656032,0.043578270720486686,0.38114479959698394,0.35307434650729247,GDF5/VEGFB/RAPSN/PTPRZ1/LONRF2/NUPR1/BCL2L11/MT3/PPARGC1A/FGF20/NEFL/NES/SIX4/TGFB3/VSTM2L/TFAP2B/SIX1/DKK1,18
GO:0050850,positive regulation of calcium-mediated signaling,6/828,59/18860,0.1016949152542373,2.3163841807909606,2.170054969519579,0.04413463755244654,0.38528120267901345,0.3569061128507467,PPP3CC/CD3E/ADA/GPR62/CA8/EDN1,6
GO:0006638,neutral lipid metabolic process,11/828,140/18860,0.07857142857142857,1.7896825396825398,2.0096303482421782,0.044451831770865126,0.3871083082592744,0.35859865623434417,PLIN5/FUT1/DGKD/PNPLA4/APOA5/APOH/LIPF/GPIHBP1/PNPLA1/MOGAT1/INSIG1,11
GO:0010959,regulation of metal ion transport,24/828,377/18860,0.0636604774535809,1.4500442086648981,1.8914382615683356,0.04451158763223792,0.3871083082592744,0.35859865623434417,FGF13/KCNE2/FXYD4/KCNIP3/GSTM2/DMD/HOMER2/RYR2/NEDD4L/PPP3CC/PRKD1/PLA2G1B/KCNQ1/ABCC8/KCNIP4/F2/LRRC52/ATP1B2/LRRC26/PACSIN3/KCNG4/ADRB2/CAMK2B/HEPH,24
GO:0048511,rhythmic process,20/828,302/18860,0.06622516556291391,1.5084621044885949,1.9087498952205597,0.04488809351183466,0.38960662817946606,0.3609129805387044,FZD4/GHRL/ENOX1/CRTC1/PRKAA2/OPN4/PPARGC1A/RORC/ADA/ADCY1/GABRB3/MMP19/RORA/TGFB3/DBP/PTPRN/ID4/GAS2/AFP/CA12,20
GO:0001975,response to amphetamine,4/828,31/18860,0.12903225806451613,2.9390681003584227,2.3153296338381937,0.04530505832229824,0.38960662817946606,0.3609129805387044,DRD5/PDE1B/SLC18A2/EDN1,4
GO:0060037,pharyngeal system development,4/828,31/18860,0.12903225806451613,2.9390681003584227,2.3153296338381937,0.04530505832229824,0.38960662817946606,0.3609129805387044,FOLR1/SIX4/EDN1/SIX1,4
GO:0099505,regulation of presynaptic membrane potential,4/828,31/18860,0.12903225806451613,2.9390681003584227,2.3153296338381937,0.04530505832229824,0.38960662817946606,0.3609129805387044,GRIA4/GRIA3/KCNJ8/KCNJ11,4
GO:0099625,ventricular cardiac muscle cell membrane repolarization,4/828,31/18860,0.12903225806451613,2.9390681003584227,2.3153296338381937,0.04530505832229824,0.38960662817946606,0.3609129805387044,KCNE2/KCNQ1/KCNE4/KCNJ8,4
GO:1903672,positive regulation of sprouting angiogenesis,4/828,31/18860,0.12903225806451613,2.9390681003584227,2.3153296338381937,0.04530505832229824,0.38960662817946606,0.3609129805387044,FUT1/GHRL/BMPER/S100A1,4
GO:0006942,regulation of striated muscle contraction,9/828,107/18860,0.08411214953271028,1.9158878504672896,2.0358761717219385,0.04569926574765173,0.3922661881462002,0.3633766699245874,MYBPC3/FGF13/GSTM2/DMD/RYR2/PRKD1/KCNQ1/CHGA/ADRA1B,9
GO:0035773,insulin secretion involved in cellular response to glucose stimulus,7/828,75/18860,0.09333333333333334,2.1259259259259258,2.093569587011244,0.04616807644718204,0.39555505943058744,0.3664233232718441,PDE8B/GHRL/OXCT1/SIDT2/PLA2G6/ABCC8/PTPRN,7
GO:0016101,diterpenoid metabolic process,8/828,91/18860,0.08791208791208792,2.0024420024420024,2.0540543635930106,0.04645558559915706,0.39728128573501353,0.3680224169102813,CYP2C8/ALDH1A1/PNPLA4/SCPEP1/RDH12/ADH7/TTR/CLPS,8
GO:0062012,regulation of small molecule metabolic process,23/828,360/18860,0.06388888888888888,1.4552469135802468,1.8688091231986521,0.04682301329859073,0.3990312472156895,0.36964349768287985,PLIN5/ACADL/LEPR/FABP3/PRKAA2/SIRT4/GNMT/APOA5/NUPR1/GNAI1/C1QTNF3/KIT/PPARGC1A/RORC/SORBS1/ADM/GPIHBP1/RORA/PTH1R/FMO2/INSIG1/EDN1/SLC22A13,23
GO:0050817,coagulation,17/828,248/18860,0.06854838709677419,1.5613799283154122,1.9069475519011478,0.04683303074727235,0.3990312472156895,0.36964349768287985,FGA/FGB/FGG/DGKD/APOH/ENPP4/CELA2A/PDIA2/FGL1/SERPIND1/F2/VAV3/FBLN1/PROC/HRG/EDN1/PRSS56,17
GO:0031102,neuron projection regeneration,6/828,60/18860,0.1,2.2777777777777777,2.124244882990693,0.04729685975470116,0.40076495109579807,0.37124951819045005,FOLR1/PTPRS/ULK1/LAMB2/FIGNL2/NEFL,6
GO:0060135,maternal process involved in female pregnancy,6/828,60/18860,0.1,2.2777777777777777,2.124244882990693,0.04729685975470116,0.40076495109579807,0.37124951819045005,GHRL/EPOR/AR/LDOC1/CBS/STOX2,6
GO:1901607,alpha-amino acid biosynthetic process,6/828,60/18860,0.1,2.2777777777777777,2.124244882990693,0.04729685975470116,0.40076495109579807,0.37124951819045005,GLUL/CBS/GLS2/PLOD2/ASNS/PHGDH,6
GO:0045165,cell fate commitment,20/828,304/18860,0.06578947368421052,1.4985380116959064,1.8777831447456481,0.047482167387243125,0.4015982582312981,0.37202145413872384,FGF13/PTF1A/ERBB4/SMAD5/CHD3/APC2/TGFB1I1/WNT6/GATA6/FOXA1/MITF/TOX/SOX2/GAS1/BRD4/GATA5/SOSTDC1/EDN1/SIX1/DKK1,20
GO:0071456,cellular response to hypoxia,12/828,159/18860,0.07547169811320754,1.719077568134172,1.9511669783712402,0.04775042407020108,0.40284283224922396,0.3731743680930104,KCNK2/BNIP3/SLC2A4/SIRT4/SLC29A1/CBS/GATA6/MT3/SOX2/RORA/SCN2A/EDN1,12
GO:0061458,reproductive system development,21/828,323/18860,0.06501547987616099,1.480908152734778,1.868083244574977,0.04780378347175719,0.40284283224922396,0.3731743680930104,FZD4/REC8/AR/NUPR1/CYP7B1/GATA6/BCL2L11/KITLG/KIT/FOXA1/ALOX15B/MMP19/SIX4/FST/SYCP2/PTPRN/ID4/GAS2/PSAPL1/AFP/AMHR2,21
GO:0010560,positive regulation of glycoprotein biosynthetic process,3/828,19/18860,0.15789473684210525,3.596491228070175,2.4264102656119895,0.04836348519333553,0.40460611344714403,0.37480778761578115,IL33/ABCA2/RAMP1,3
GO:0034392,negative regulation of smooth muscle cell apoptotic process,3/828,19/18860,0.15789473684210525,3.596491228070175,2.4264102656119895,0.04836348519333553,0.40460611344714403,0.37480778761578115,GRIA4/APOH/EDN1,3
GO:0035234,ectopic germ cell programmed cell death,3/828,19/18860,0.15789473684210525,3.596491228070175,2.4264102656119895,0.04836348519333553,0.40460611344714403,0.37480778761578115,KITLG/KIT/SYCP2,3
GO:0097320,plasma membrane tubulation,3/828,19/18860,0.15789473684210525,3.596491228070175,2.4264102656119895,0.04836348519333553,0.40460611344714403,0.37480778761578115,PACSIN1/MICALL1/PACSIN3,3
GO:0060541,respiratory system development,16/828,231/18860,0.06926406926406926,1.5776815776815776,1.893007287912326,0.04874145872528538,0.40703084338764534,0.37705394167613937,EDA/ACVR2B/CELSR1/CCBE1/GPC3/GATA6/SFTPD/FOXA1/ADA/WDPCP/IGFBP5/PTK7/SIX4/VANGL2/TGFB3/SIX1,16
GO:0007599,hemostasis,17/828,250/18860,0.068,1.548888888888889,1.8721205330312034,0.04981660627759131,0.41525828120923586,0.38467544729646796,FGA/FGB/FGG/DGKD/APOH/ENPP4/CELA2A/PDIA2/FGL1/SERPIND1/F2/VAV3/FBLN1/PROC/HRG/EDN1/PRSS56,17
GO:0010575,positive regulation of vascular endothelial growth factor production,4/828,32/18860,0.125,2.8472222222222223,2.241014095565212,0.0500465384719223,0.41556912573146654,0.3849633988221559,C5/CCBE1/RORA/CXCL17,4
GO:0048483,autonomic nervous system development,5/828,46/18860,0.10869565217391304,2.475845410628019,2.14749303729582,0.05012386380087199,0.41556912573146654,0.3849633988221559,GFRA3/RET/TFAP2B/KIF26A/SIX1,5
GO:0170034,L-amino acid biosynthetic process,5/828,46/18860,0.10869565217391304,2.475845410628019,2.14749303729582,0.05012386380087199,0.41556912573146654,0.3849633988221559,GLUL/GLS2/PLOD2/ASNS/PHGDH,5
GO:1901654,response to ketone,16/828,232/18860,0.06896551724137931,1.5708812260536398,1.8748183180992473,0.050322921277929054,0.4162307269601133,0.38557627461555477,GHR/CA9/P2RY4/AR/PRKAA2/SGK1/PTGDR2/PRKD1/GNAI1/SCNN1B/ADCY1/SCNN1G/NEFL/TGFB3/EDN1/POSTN,16
GO:0048709,oligodendrocyte differentiation,9/828,109/18860,0.08256880733944955,1.8807339449541285,1.9760517613690964,0.050383927321503534,0.4162307269601133,0.38557627461555477,WASF3/BNIP3/PTPRZ1/DAAM2/ABCA2/MAL/KCNJ10/ID4/GPM6B,9
GO:0060562,epithelial tube morphogenesis,22/828,344/18860,0.06395348837209303,1.4567183462532298,1.8319205816179578,0.05053499401083539,0.41649029303815704,0.38581672423857905,DEAF1/FOLR1/RYR2/AR/CELSR1/GPC3/WNT6/FOXA1/ADM/IRX3/IRX2/PTK7/RET/SIX4/PRKACB/VANGL2/TMEM59L/KLHL3/NTN1/SOSTDC1/EDN1/SIX1,22
GO:0071825,protein-lipid complex organization,6/828,61/18860,0.09836065573770492,2.240437158469945,2.0793368984806206,0.05059572420840322,0.41649029303815704,0.38581672423857905,ANGPTL3/APOA5/APOH/GPIHBP1/PRKACB/PLTP,6
GO:0046660,female sex differentiation,10/828,126/18860,0.07936507936507936,1.8077601410934743,1.949418050291053,0.05075497946894059,0.41705782061844776,0.38634245469521367,FZD4/NUPR1/KITLG/KIT/MMP19/FST/PTPRN/GAS2/AFP/AMHR2,10
GO:0032970,regulation of actin filament-based process,25/828,402/18860,0.06218905472636816,1.4165284687672748,1.8089141034180336,0.05137578951750965,0.4214092291152035,0.3903733917905193,MYBPC3/CGNL1/FGF13/WASF3/NPHS1/CYFIP2/HIP1R/RYR2/RHOBTB1/ASAP3/PAK3/CELSR1/DAAM2/SLC4A2/EVL/PRKD1/KANK4/ODAM/VANGL2/TGFB3/LMOD2/HRG/FAM107A/EDN1/GPM6B,25
GO:0030514,negative regulation of BMP signaling pathway,7/828,77/18860,0.09090909090909091,2.0707070707070705,2.017372532011091,0.05196773647669691,0.42550887774713897,0.39417111056606247,GPR155/RBPMS2/GREM2/BMPER/SOSTDC1/DAND5/DKK1,7
GO:0030258,lipid modification,13/828,179/18860,0.07262569832402235,1.654252017380509,1.8846212124098425,0.05224903793035325,0.4270549684289758,0.39560333516340124,PLIN5/ACADL/DGKD/CYP2C8/FABP3/SIRT4/ECI2/ACAT1/PPARGC1A/ALDH1L2/ALOX15B/ADH7/FMO2,13
GO:0001764,neuron migration,14/828,197/18860,0.07106598984771574,1.618725324309081,1.8706512406805094,0.052451033555533294,0.42728644861609166,0.3958177673578894,FGF13/ROBO3/ZMIZ1/DNER/CCKAR/ERBB4/CELSR1/GFRA3/LRP12/NDN/NTN1/KIF26A/CAMK2B/DCDC2,14
GO:0050768,negative regulation of neurogenesis,11/828,144/18860,0.0763888888888889,1.7399691358024694,1.9100330528678102,0.052554937811593774,0.42728644861609166,0.3958177673578894,FGF13/PTPRS/ULK1/ULK2/DAAM2/MT3/ABCC8/IDH2/F2/NTN1/ID4,11
GO:1904950,negative regulation of establishment of protein localization,11/828,144/18860,0.0763888888888889,1.7399691358024694,1.9100330528678102,0.052554937811593774,0.42728644861609166,0.3958177673578894,PDE8B/GHRL/GNAZ/SIRT4/GNAI1/ABCC8/CHGA/IDH2/INSIG1/CABP1/KCNJ11,11
GO:0006939,smooth muscle contraction,9/828,110/18860,0.08181818181818182,1.8636363636363635,1.9466110125387897,0.05284042046524102,0.4288524810342408,0.3972684650277301,PTGER3/GHRL/CHRM3/KIT/ADA/SCNN1B/CHRM2/EDN1/ADRB2,9
GO:0007612,learning,12/828,162/18860,0.07407407407407407,1.6872427983539093,1.8824466482284565,0.053634992004951115,0.43201732814984606,0.4002002283059366,DRD5/FGF13/DEAF1/PDE1B/PDE8B/B3GAT1/ATP8A1/KIT/GABRB3/ABCC8/SLC8A2/DKK1,12
GO:0070613,regulation of protein processing,6/828,62/18860,0.0967741935483871,2.204301075268817,2.0352963114425817,0.05403200583369518,0.43201732814984606,0.4002002283059366,HPN/SIRT4/CCBE1/PRKACB/CWH43/GAS1,6
GO:0170041,non-proteinogenic amino acid metabolic process,6/828,62/18860,0.0967741935483871,2.204301075268817,2.0352963114425817,0.05403200583369518,0.43201732814984606,0.4002002283059366,ALDH1A1/GNMT/CBS/SARDH/PLOD2/PHGDH,6
GO:0006836,neurotransmitter transport,15/828,216/18860,0.06944444444444445,1.5817901234567902,1.842791592098437,0.05405990394229259,0.43201732814984606,0.4002002283059366,RIMS4/SLC1A2/SLC6A2/SLC29A1/SYN2/ABCC8/ERC2/RIMS3/KCNJ10/SLC18A2/KCNJ8/SLC5A7/SLC6A5/GPM6B/NPY,15
GO:0051216,cartilage development,15/828,216/18860,0.06944444444444445,1.5817901234567902,1.842791592098437,0.05405990394229259,0.43201732814984606,0.4002002283059366,GDF5/GHR/GHRL/COL2A1/NFATC2/SMAD5/PBXIP1/CBS/EFEMP1/CHST11/ZBTB16/PTH1R/HOXC4/CSGALNACT1/EDN1,15
GO:0006953,acute-phase response,5/828,47/18860,0.10638297872340426,2.4231678486997636,2.0932860266468074,0.05415216409536058,0.43201732814984606,0.4002002283059366,PTGER3/ORM2/ORM1/ITIH4/F2,5
GO:0014014,negative regulation of gliogenesis,5/828,47/18860,0.10638297872340426,2.4231678486997636,2.0932860266468074,0.05415216409536058,0.43201732814984606,0.4002002283059366,DAAM2/ABCC8/IDH2/F2/ID4,5
GO:0031018,endocrine pancreas development,5/828,47/18860,0.10638297872340426,2.4231678486997636,2.0932860266468074,0.05415216409536058,0.43201732814984606,0.4002002283059366,CDH2/CDK6/GATA6/SIDT2/PAX4,5
GO:0008589,regulation of smoothened signaling pathway,8/828,94/18860,0.0851063829787234,1.9385342789598108,1.9547029099310438,0.05440094206260348,0.43201732814984606,0.4002002283059366,CD3E/GPC3/FOXA1/RORA/PRKACB/GAS1/GLIS2/DCDC2,8
GO:0007435,salivary gland morphogenesis,4/828,33/18860,0.12121212121212122,2.760942760942761,2.169522694576701,0.055049541108572415,0.43201732814984606,0.4002002283059366,EDA/EGFR/NTN4/TGFB3,4
GO:0010644,cell communication by electrical coupling,4/828,33/18860,0.12121212121212122,2.760942760942761,2.169522694576701,0.055049541108572415,0.43201732814984606,0.4002002283059366,DBN1/RYR2/IRX3/ATP1B2,4
GO:0006144,purine nucleobase metabolic process,3/828,20/18860,0.15,3.4166666666666665,2.3170950517056026,0.055101387241286125,0.43201732814984606,0.4002002283059366,ADA/GMPR/TTR,3
GO:0014819,regulation of skeletal muscle contraction,3/828,20/18860,0.15,3.4166666666666665,2.3170950517056026,0.055101387241286125,0.43201732814984606,0.4002002283059366,GSTM2/DMD/PRKD1,3
GO:0042753,positive regulation of circadian rhythm,3/828,20/18860,0.15,3.4166666666666665,2.3170950517056026,0.055101387241286125,0.43201732814984606,0.4002002283059366,GHRL/RORC/RORA,3
GO:0043116,negative regulation of vascular permeability,3/828,20/18860,0.15,3.4166666666666665,2.3170950517056026,0.055101387241286125,0.43201732814984606,0.4002002283059366,SH3GL2/ADM/ABCC8,3
GO:0046653,tetrahydrofolate metabolic process,3/828,20/18860,0.15,3.4166666666666665,2.3170950517056026,0.055101387241286125,0.43201732814984606,0.4002002283059366,FOLR1/ALDH1L2/ALDH1L1,3
GO:0055003,cardiac myofibril assembly,3/828,20/18860,0.15,3.4166666666666665,2.3170950517056026,0.055101387241286125,0.43201732814984606,0.4002002283059366,OBSL1/NRAP/NEBL,3
GO:0061003,positive regulation of dendritic spine morphogenesis,3/828,20/18860,0.15,3.4166666666666665,2.3170950517056026,0.055101387241286125,0.43201732814984606,0.4002002283059366,DBN1/CUX2/CAMK2B,3
GO:0070314,G1 to G0 transition,3/828,20/18860,0.15,3.4166666666666665,2.3170950517056026,0.055101387241286125,0.43201732814984606,0.4002002283059366,GATA6/ZNF503/PHGDH,3
GO:1902307,positive regulation of sodium ion transmembrane transport,3/828,20/18860,0.15,3.4166666666666665,2.3170950517056026,0.055101387241286125,0.43201732814984606,0.4002002283059366,FGF13/FXYD4/ATP1B2,3
GO:0050769,positive regulation of neurogenesis,16/828,235/18860,0.06808510638297872,1.5508274231678487,1.8207649869476485,0.05528222561419139,0.4327005387903997,0.40083312202689353,SMARCD3/ROBO3/FZD4/OBSL1/DBN1/PTPRZ1/NIN/ZFYVE27/CUX2/KIT/NEFL/CHODL/RASSF10/NTN1/ID4/CAMK2B,16
GO:0031346,positive regulation of cell projection organization,23/828,367/18860,0.06267029972752043,1.4274901604601877,1.7721807696523788,0.05575833527447081,0.43568865024958753,0.40360116583034894,ROBO3/FZD4/OBSL1/PACSIN1/DMD/DBN1/NIN/ZFYVE27/SERPINI1/PRKD1/CUX2/KIT/TOX/NEFL/PTK7/RET/ATP1B2/TGFB3/FUT9/CHODL/NTN1/ATP8A2/CAMK2B,23
GO:0099175,regulation of postsynapse organization,11/828,146/18860,0.07534246575342465,1.7161339421613393,1.8614009139785674,0.05695565354896422,0.4442925812316162,0.4115714367407372,CDH2/PTPRS/CYFIP2/GHRL/DBN1/PAK3/CUX2/LRFN2/KIF1A/SYNDIG1/CAMK2B,11
GO:0007589,body fluid secretion,8/828,95/18860,0.08421052631578947,1.9181286549707601,1.922399343943182,0.05723063410934665,0.4449344584460654,0.41216604114900723,ERBB4/CHRM3/SLC29A1/ADA/SCNN1B/EDN1/GUCA2B/CDO1,8
GO:0032024,positive regulation of insulin secretion,8/828,95/18860,0.08421052631578947,1.9181286549707601,1.922399343943182,0.05723063410934665,0.4449344584460654,0.41216604114900723,MYRIP/GHRL/CHRM3/RAPGEF4/OXCT1/PLA2G6/ABCC8/F2,8
GO:0002526,acute inflammatory response,9/828,112/18860,0.08035714285714286,1.830357142857143,1.8886392633570022,0.0579848185950803,0.44853248286780706,0.41549907920374923,PTGER3/ORM2/NUPR1/ORM1/ITIH4/FFAR3/F2/DNASE1/NPY,9
GO:0003073,regulation of systemic arterial blood pressure,9/828,112/18860,0.08035714285714286,1.830357142857143,1.8886392633570022,0.0579848185950803,0.44853248286780706,0.41549907920374923,DRD5/AR/KL/TAC4/ADM/EDN1/POSTN/ADRB2/TTR,9
GO:1904659,D-glucose transmembrane transport,9/828,112/18860,0.08035714285714286,1.830357142857143,1.8886392633570022,0.0579848185950803,0.44853248286780706,0.41549907920374923,SLC2A12/PTPRM/SLC1A2/SLC5A2/SLC2A4/GPC3/PLA2G1B/SORBS1/EDN1,9
GO:0008361,regulation of cell size,13/828,182/18860,0.07142857142857142,1.626984126984127,1.8212921005031724,0.05814218565026392,0.44899768115872707,0.4159300166919073,AQP4/FGF13/PTPRS/ULK1/ULK2/ZFYVE27/PRKD1/MT3/SCTR/RET/VAV3/NTN1/EDN1,13
GO:0071322,cellular response to carbohydrate stimulus,12/828,165/18860,0.07272727272727272,1.6565656565656564,1.815139253227006,0.05999103013064962,0.4596051646832014,0.4257562830280893,IGF1R/PDE8B/FUT1/GHRL/OXCT1/PRKAA2/SLC29A1/SIDT2/COLEC12/PLA2G6/ABCC8/PTPRN,12
GO:0016051,carbohydrate biosynthetic process,14/828,201/18860,0.06965174129353234,1.5865118850193478,1.791361403448238,0.060008340268352924,0.4596051646832014,0.4257562830280893,FUT1/LEPR/B3GALNT1/FBP2/PPP1R3C/GNMT/ST3GAL6/C1QTNF3/PPARGC1A/SORBS1/CHST11/PTH1R/PGAM2/FUT9,14
GO:0070374,positive regulation of ERK1 and ERK2 cascade,14/828,201/18860,0.06965174129353234,1.5865118850193478,1.791361403448238,0.060008340268352924,0.4596051646832014,0.4257562830280893,FGA/FGB/FGG/VEGFB/PDE8B/ERBB4/PDGFD/EGFR/MT3/BMPER/FGF20/GCNT2/CXCL17/NPY,14
GO:0032409,regulation of transporter activity,8/828,96/18860,0.08333333333333333,1.898148148148148,1.8904858559918654,0.06015192632344603,0.4596051646832014,0.4257562830280893,FGF13/KCNE2/CNIH3/SGK1/KCNQ1/LRRC52/LRRC26/EDN1,8
GO:0009112,nucleobase metabolic process,4/828,34/18860,0.11764705882352941,2.6797385620915035,2.10065471474622,0.060311981333482034,0.4596051646832014,0.4257562830280893,ALDH6A1/ADA/GMPR/TTR,4
GO:0030212,hyaluronan metabolic process,4/828,34/18860,0.11764705882352941,2.6797385620915035,2.10065471474622,0.060311981333482034,0.4596051646832014,0.4257562830280893,ITIH4/ABCC5/ITIH6/STAB2,4
GO:0050891,multicellular organismal-level water homeostasis,4/828,34/18860,0.11764705882352941,2.6797385620915035,2.10065471474622,0.060311981333482034,0.4596051646832014,0.4257562830280893,AQP4/SCNN1B/SCNN1G/PRKACB,4
GO:0086011,membrane repolarization during action potential,4/828,34/18860,0.11764705882352941,2.6797385620915035,2.10065471474622,0.060311981333482034,0.4596051646832014,0.4257562830280893,KCNE2/KCNQ1/KCNE4/KCNJ8,4
GO:0048675,axon extension,9/828,113/18860,0.07964601769911504,1.8141592920353982,1.860095598976129,0.06067378297040566,0.4616005432575508,0.4276047064800635,PTPRS/ULK1/ULK2/ZFYVE27/LAMB2/MT3/NDN/NTN1/EDN1,9
GO:0099504,synaptic vesicle cycle,15/828,220/18860,0.06818181818181818,1.5530303030303028,1.768030955673798,0.061402339630658886,0.4644865728685195,0.4302781865327126,SH3GL2/CDH2/DNAJC6/PACSIN1/RIMS4/RAPGEF4/ATP8A1/SLC2A4/PPP3CC/SYN2/ERC2/RIMS3/SLC18A2/SYNDIG1/NPY,15
GO:0140962,multicellular organismal-level chemical homeostasis,7/828,80/18860,0.0875,1.9930555555555556,1.9073188204681293,0.06149056181779709,0.4644865728685195,0.4302781865327126,AQP4/SFTPD/SCNN1B/TF/SCNN1G/PRKACB/HEPH,7
GO:0016042,lipid catabolic process,22/828,352/18860,0.0625,1.4236111111111112,1.7191409230207284,0.061731439432814166,0.4644865728685195,0.4302781865327126,PLCXD3/PLIN5/ANGPTL3/ACADL/FUT1/DGKD/PLD6/OXCT1/PNPLA4/APOA5/ECI2/LIPF/PLA2G1B/SULT2A1/ACAT1/PLA2G6/ALDH1L2/GPIHBP1/PNPLA1/PNPLA7/PLA1A/CLPS,22
GO:0007413,axonal fasciculation,3/828,21/18860,0.14285714285714285,3.253968253968254,2.214527453142133,0.06226011013547284,0.4644865728685195,0.4302781865327126,EPHB3/NDN/CRTAC1,3
GO:0035335,peptidyl-tyrosine dephosphorylation,3/828,21/18860,0.14285714285714285,3.253968253968254,2.214527453142133,0.06226011013547284,0.4644865728685195,0.4302781865327126,PTPRS/PTPN13/PTPRZ1,3
GO:0035809,regulation of urine volume,3/828,21/18860,0.14285714285714285,3.253968253968254,2.214527453142133,0.06226011013547284,0.4644865728685195,0.4302781865327126,NPR3/ADM/EDN1,3
GO:0036342,post-anal tail morphogenesis,3/828,21/18860,0.14285714285714285,3.253968253968254,2.214527453142133,0.06226011013547284,0.4644865728685195,0.4302781865327126,SP5/CHST11/VANGL2,3
GO:0045056,transcytosis,3/828,21/18860,0.14285714285714285,3.253968253968254,2.214527453142133,0.06226011013547284,0.4644865728685195,0.4302781865327126,IGF1R/RAB17/GPIHBP1,3
GO:0060973,cell migration involved in heart development,3/828,21/18860,0.14285714285714285,3.253968253968254,2.214527453142133,0.06226011013547284,0.4644865728685195,0.4302781865327126,FOLR1/FLRT3/EDN1,3
GO:0070242,thymocyte apoptotic process,3/828,21/18860,0.14285714285714285,3.253968253968254,2.214527453142133,0.06226011013547284,0.4644865728685195,0.4302781865327126,BCL2L11/RORC/ADA,3
GO:0106030,neuron projection fasciculation,3/828,21/18860,0.14285714285714285,3.253968253968254,2.214527453142133,0.06226011013547284,0.4644865728685195,0.4302781865327126,EPHB3/NDN/CRTAC1,3
GO:1903975,regulation of glial cell migration,3/828,21/18860,0.14285714285714285,3.253968253968254,2.214527453142133,0.06226011013547284,0.4644865728685195,0.4302781865327126,IDH2/ATP1B2/NTN1,3
GO:0014706,striated muscle tissue development,26/828,430/18860,0.06046511627906977,1.3772609819121446,1.6957662998908678,0.062481334865098916,0.4651712331192193,0.4309124231033045,MYBPC3/KCNK2/DNER/OBSL1/NPHS1/ERBB4/POPDC3/DMD/SMAD5/RYR2/NUPR1/SORBS2/GATA6/NRAP/NEBL/IRX3/FGF20/SIX4/ALPK3/GATA5/SRPK3/EDN1/KCNJ8/SIX1/KCNJ11/DKK1,26
GO:0042743,hydrogen peroxide metabolic process,5/828,49/18860,0.10204081632653061,2.324263038548753,1.9889272831459424,0.06275480256242391,0.4651712331192193,0.4309124231033045,DUOX1/MT3/NNT/DUOXA1/GPX3,5
GO:0060976,coronary vasculature development,5/828,49/18860,0.10204081632653061,2.324263038548753,1.9889272831459424,0.06275480256242391,0.4651712331192193,0.4309124231033045,VEGFB/GPC3/GATA6/PTK7/KCNJ8,5
GO:0170038,proteinogenic amino acid biosynthetic process,5/828,49/18860,0.10204081632653061,2.324263038548753,1.9889272831459424,0.06275480256242391,0.4651712331192193,0.4309124231033045,GLUL/GLS2/PLOD2/ASNS/PHGDH,5
GO:0141091,transforming growth factor beta receptor superfamily signaling pathway,25/828,411/18860,0.06082725060827251,1.3855095971884293,1.6932545021159047,0.0631667855023254,0.46747470424637616,0.4330462487878719,GDF5/GPR155/FOLR1/ZMIZ1/RGMB/SMAD5/ACVR2B/PDCD4/RBPMS2/TGFB1I1/GPC3/GREM2/BMPER/FMOD/CHST11/CFC1/FST/SMAD9/GCNT2/TGFB3/TFAP2B/SOSTDC1/DAND5/AMHR2/DKK1,25
GO:0036294,cellular response to decreased oxygen levels,12/828,167/18860,0.0718562874251497,1.6367265469061876,1.7710231538698005,0.06449555155541407,0.47559874411855374,0.4405719714840789,KCNK2/BNIP3/SLC2A4/SIRT4/SLC29A1/CBS/GATA6/MT3/SOX2/RORA/SCN2A/EDN1,12
GO:0009311,oligosaccharide metabolic process,6/828,65/18860,0.09230769230769231,2.1025641025641026,1.908059490069289,0.06517000894806248,0.47559874411855374,0.4405719714840789,FUT1/B3GALNT1/IDUA/ST3GAL6/ST8SIA5/FUT9,6
GO:0061178,regulation of insulin secretion involved in cellular response to glucose stimulus,6/828,65/18860,0.09230769230769231,2.1025641025641026,1.908059490069289,0.06517000894806248,0.47559874411855374,0.4405719714840789,PDE8B/GHRL/OXCT1/SIDT2/PLA2G6/ABCC8,6
GO:0090303,positive regulation of wound healing,6/828,65/18860,0.09230769230769231,2.1025641025641026,1.908059490069289,0.06517000894806248,0.47559874411855374,0.4405719714840789,VEGFB/DUOX1/APOH/ENPP4/F2/HRG,6
GO:0031128,developmental induction,4/828,35/18860,0.11428571428571428,2.6031746031746033,2.034229290575433,0.06583106657863029,0.47559874411855374,0.4405719714840789,AR/GATA5/SIX1/DKK1,4
GO:0032107,regulation of response to nutrient levels,4/828,35/18860,0.11428571428571428,2.6031746031746033,2.034229290575433,0.06583106657863029,0.47559874411855374,0.4405719714840789,GHR/GHRL/MT3/NPY,4
GO:0016358,dendrite development,16/828,241/18860,0.06639004149377593,1.5122176118026742,1.7148944765545828,0.06619346443548917,0.47559874411855374,0.4405719714840789,FZD4/OBSL1/PACSIN1/PTPRS/GHRL/DBN1/EPHB3/PAK3/NEDD4L/CD3E/RAB17/CUX2/CSMD3/KIF1A/CAMK2B/DCDC2,16
GO:0001657,ureteric bud development,8/828,98/18860,0.08163265306122448,1.859410430839002,1.8277914515474194,0.06627106955324556,0.47559874411855374,0.4405719714840789,SMAD5/GPC3/WNT6/BMPER/RET/SIX4/TMEM59L/SIX1,8
GO:0001659,temperature homeostasis,13/828,186/18860,0.06989247311827956,1.5919952210274788,1.7386355082449338,0.06667346970626462,0.47559874411855374,0.4405719714840789,PTGER3/ESRRG/IGF1R/ACADL/GHRL/LEPR/PLCL1/ACVR2B/G0S2/ALDH1A1/NPR3/PPARGC1A/ADRB2,13
GO:0046486,glycerolipid metabolic process,24/828,394/18860,0.06091370558375635,1.3874788494077834,1.6655675312121547,0.06674074739402029,0.47559874411855374,0.4405719714840789,PLIN5/FUT1/DGKD/TMEM86B/TTC7B/PLCL1/FABP3/PIGZ/PRKAA2/PNPLA4/APOA5/APOH/LIPF/PLA2G1B/PLA2G6/GPIHBP1/PNPLA1/PNPLA7/IP6K3/PIK3C2G/MOGAT1/CWH43/INSIG1/PLA1A,24
GO:1904894,positive regulation of receptor signaling pathway via STAT,5/828,50/18860,0.1,2.2777777777777777,1.938645871370568,0.06732820609231109,0.47559874411855374,0.4405719714840789,GHR/ERBB4/CSH1/KIT/F2,5
GO:0019226,transmission of nerve impulse,7/828,82/18860,0.08536585365853659,1.9444444444444446,1.8365858095551513,0.06839375250928238,0.47559874411855374,0.4405719714840789,DRD5/KCNK2/KCNMB2/GHRL/CLDN19/SCN2A/KCNJ8,7
GO:0031016,pancreas development,7/828,82/18860,0.08536585365853659,1.9444444444444446,1.8365858095551513,0.06839375250928238,0.47559874411855374,0.4405719714840789,CDH2/PTF1A/CDK6/ACVR2B/GATA6/SIDT2/PAX4,7
GO:0001542,ovulation from ovarian follicle,2/828,10/18860,0.2,4.555555555555555,2.4099295165534094,0.06856466993910858,0.47559874411855374,0.4405719714840789,MMP19/AFP,2
GO:0003253,cardiac neural crest cell migration involved in outflow tract morphogenesis,2/828,10/18860,0.2,4.555555555555555,2.4099295165534094,0.06856466993910858,0.47559874411855374,0.4405719714840789,FOLR1/EDN1,2
GO:0006013,mannose metabolic process,2/828,10/18860,0.2,4.555555555555555,2.4099295165534094,0.06856466993910858,0.47559874411855374,0.4405719714840789,MAN2A2/PMM1,2
GO:0006228,UTP biosynthetic process,2/828,10/18860,0.2,4.555555555555555,2.4099295165534094,0.06856466993910858,0.47559874411855374,0.4405719714840789,NME9/NME3,2
GO:0007198,adenylate cyclase-inhibiting serotonin receptor signaling pathway,2/828,10/18860,0.2,4.555555555555555,2.4099295165534094,0.06856466993910858,0.47559874411855374,0.4405719714840789,HTR1E/GNAI1,2
GO:0008343,adult feeding behavior,2/828,10/18860,0.2,4.555555555555555,2.4099295165534094,0.06856466993910858,0.47559874411855374,0.4405719714840789,GHRL/NPY,2
GO:0008582,regulation of synaptic assembly at neuromuscular junction,2/828,10/18860,0.2,4.555555555555555,2.4099295165534094,0.06856466993910858,0.47559874411855374,0.4405719714840789,SIX4/SIX1,2
GO:0019317,fucose catabolic process,2/828,10/18860,0.2,4.555555555555555,2.4099295165534094,0.06856466993910858,0.47559874411855374,0.4405719714840789,FUT1/FUT9,2
GO:0032025,response to cobalt ion,2/828,10/18860,0.2,4.555555555555555,2.4099295165534094,0.06856466993910858,0.47559874411855374,0.4405719714840789,ALAD/BNIP3,2
GO:0032793,positive regulation of CREB transcription factor activity,2/828,10/18860,0.2,4.555555555555555,2.4099295165534094,0.06856466993910858,0.47559874411855374,0.4405719714840789,CRTC1/ADCY1,2
GO:0033210,leptin-mediated signaling pathway,2/828,10/18860,0.2,4.555555555555555,2.4099295165534094,0.06856466993910858,0.47559874411855374,0.4405719714840789,LEPR/MT3,2
GO:0035634,response to stilbenoid,2/828,10/18860,0.2,4.555555555555555,2.4099295165534094,0.06856466993910858,0.47559874411855374,0.4405719714840789,KCNJ8/KCNJ11,2
GO:0038130,ERBB4 signaling pathway,2/828,10/18860,0.2,4.555555555555555,2.4099295165534094,0.06856466993910858,0.47559874411855374,0.4405719714840789,ERBB4/NRG4,2
GO:0042354,L-fucose metabolic process,2/828,10/18860,0.2,4.555555555555555,2.4099295165534094,0.06856466993910858,0.47559874411855374,0.4405719714840789,FUT1/FUT9,2
GO:0042355,L-fucose catabolic process,2/828,10/18860,0.2,4.555555555555555,2.4099295165534094,0.06856466993910858,0.47559874411855374,0.4405719714840789,FUT1/FUT9,2
GO:0043653,mitochondrial fragmentation involved in apoptotic process,2/828,10/18860,0.2,4.555555555555555,2.4099295165534094,0.06856466993910858,0.47559874411855374,0.4405719714840789,ERBB4/BNIP3,2
GO:0048263,determination of dorsal identity,2/828,10/18860,0.2,4.555555555555555,2.4099295165534094,0.06856466993910858,0.47559874411855374,0.4405719714840789,GREM2/SOSTDC1,2
GO:0051593,response to folic acid,2/828,10/18860,0.2,4.555555555555555,2.4099295165534094,0.06856466993910858,0.47559874411855374,0.4405719714840789,FOLR1/CBS,2
GO:0051964,negative regulation of synapse assembly,2/828,10/18860,0.2,4.555555555555555,2.4099295165534094,0.06856466993910858,0.47559874411855374,0.4405719714840789,PTPN13/DKK1,2
GO:0060600,dichotomous subdivision of an epithelial terminal unit,2/828,10/18860,0.2,4.555555555555555,2.4099295165534094,0.06856466993910858,0.47559874411855374,0.4405719714840789,CELSR1/VANGL2,2
GO:0061626,pharyngeal arch artery morphogenesis,2/828,10/18860,0.2,4.555555555555555,2.4099295165534094,0.06856466993910858,0.47559874411855374,0.4405719714840789,FOLR1/EDN1,2
GO:0070244,negative regulation of thymocyte apoptotic process,2/828,10/18860,0.2,4.555555555555555,2.4099295165534094,0.06856466993910858,0.47559874411855374,0.4405719714840789,RORC/ADA,2
GO:0072172,mesonephric tubule formation,2/828,10/18860,0.2,4.555555555555555,2.4099295165534094,0.06856466993910858,0.47559874411855374,0.4405719714840789,SIX4/SIX1,2
GO:0090042,tubulin deacetylation,2/828,10/18860,0.2,4.555555555555555,2.4099295165534094,0.06856466993910858,0.47559874411855374,0.4405719714840789,BEX4/PRKAA2,2
GO:0097021,lymphocyte migration into lymphoid organs,2/828,10/18860,0.2,4.555555555555555,2.4099295165534094,0.06856466993910858,0.47559874411855374,0.4405719714840789,RET/LRP12,2
GO:1902224,ketone body metabolic process,2/828,10/18860,0.2,4.555555555555555,2.4099295165534094,0.06856466993910858,0.47559874411855374,0.4405719714840789,OXCT1/ACAT1,2
GO:1903998,regulation of eating behavior,2/828,10/18860,0.2,4.555555555555555,2.4099295165534094,0.06856466993910858,0.47559874411855374,0.4405719714840789,GHRL/NPY,2
GO:0071333,cellular response to glucose stimulus,11/828,151/18860,0.0728476821192053,1.659308314937454,1.7430276978142079,0.06900436011241932,0.47559874411855374,0.4405719714840789,IGF1R/PDE8B/FUT1/GHRL/OXCT1/PRKAA2/SLC29A1/SIDT2/PLA2G6/ABCC8/PTPRN,11
GO:0008347,glial cell migration,6/828,66/18860,0.09090909090909091,2.0707070707070705,1.8671773757938672,0.06915959213682876,0.47559874411855374,0.4405719714840789,ZMIZ1/IDH2/ATP1B2/NDN/NTN1/APCDD1,6
GO:0048814,regulation of dendrite morphogenesis,6/828,66/18860,0.09090909090909091,2.0707070707070705,1.8671773757938672,0.06915959213682876,0.47559874411855374,0.4405719714840789,FZD4/OBSL1/DBN1/NEDD4L/CUX2/CAMK2B,6
GO:0051289,protein homotetramerization,6/828,66/18860,0.09090909090909091,2.0707070707070705,1.8671773757938672,0.06915959213682876,0.47559874411855374,0.4405719714840789,AQP4/GRIA3/KCNJ12/CRTC1/GNMT/EVL,6
GO:0042752,regulation of circadian rhythm,9/828,116/18860,0.07758620689655173,1.767241379310345,1.7761613832596936,0.06921283582546241,0.47559874411855374,0.4405719714840789,GHRL/CRTC1/PRKAA2/OPN4/PPARGC1A/RORC/ADA/ADCY1/RORA,9
GO:0072163,mesonephric epithelium development,8/828,99/18860,0.08080808080808081,1.840628507295174,1.7969925165879035,0.06946958513966542,0.47559874411855374,0.4405719714840789,SMAD5/GPC3/WNT6/BMPER/RET/SIX4/TMEM59L/SIX1,8
GO:0072164,mesonephric tubule development,8/828,99/18860,0.08080808080808081,1.840628507295174,1.7969925165879035,0.06946958513966542,0.47559874411855374,0.4405719714840789,SMAD5/GPC3/WNT6/BMPER/RET/SIX4/TMEM59L/SIX1,8
GO:0032956,regulation of actin cytoskeleton organization,22/828,357/18860,0.06162464985994398,1.4036725801431684,1.6500413717047138,0.06955136083538098,0.47559874411855374,0.4405719714840789,CGNL1/WASF3/NPHS1/CYFIP2/HIP1R/RHOBTB1/ASAP3/PAK3/CELSR1/DAAM2/SLC4A2/EVL/PRKD1/KANK4/ODAM/VANGL2/TGFB3/LMOD2/HRG/FAM107A/EDN1/GPM6B,22
GO:0016237,microautophagy,3/828,22/18860,0.13636363636363635,3.1060606060606055,2.117958070838936,0.06982588750809429,0.47559874411855374,0.4405719714840789,ULK1/ULK2/ATG9B,3
GO:0042474,middle ear morphogenesis,3/828,22/18860,0.13636363636363635,3.1060606060606055,2.117958070838936,0.06982588750809429,0.47559874411855374,0.4405719714840789,INSIG1/EDN1/SIX1,3
GO:0046128,purine ribonucleoside metabolic process,3/828,22/18860,0.13636363636363635,3.1060606060606055,2.117958070838936,0.06982588750809429,0.47559874411855374,0.4405719714840789,GNMT/ENPP4/ADA,3
GO:0046885,regulation of hormone biosynthetic process,3/828,22/18860,0.13636363636363635,3.1060606060606055,2.117958070838936,0.06982588750809429,0.47559874411855374,0.4405719714840789,PDE8B/ADM/FFAR3,3
GO:0050802,"circadian sleep/wake cycle, sleep",3/828,22/18860,0.13636363636363635,3.1060606060606055,2.117958070838936,0.06982588750809429,0.47559874411855374,0.4405719714840789,GHRL/ADA/GABRB3,3
GO:0098664,G protein-coupled serotonin receptor signaling pathway,3/828,22/18860,0.13636363636363635,3.1060606060606055,2.117958070838936,0.06982588750809429,0.47559874411855374,0.4405719714840789,GNAZ/HTR1E/GNAI1,3
GO:0001893,maternal placenta development,4/828,36/18860,0.1111111111111111,2.5308641975308643,1.9700829338525374,0.0716033389432169,0.48484489624600535,0.449137165403972,GHRL/EPOR/LDOC1/STOX2,4
GO:0002021,response to dietary excess,4/828,36/18860,0.1111111111111111,2.5308641975308643,1.9700829338525374,0.0716033389432169,0.48484489624600535,0.449137165403972,PPARGC1A/SCTR/GUCA2B/ADRB2,4
GO:0002385,mucosal immune response,4/828,36/18860,0.1111111111111111,2.5308641975308643,1.9700829338525374,0.0716033389432169,0.48484489624600535,0.449137165403972,RAB17/PLA2G1B/FFAR3/DEFB1,4
GO:0035137,hindlimb morphogenesis,4/828,36/18860,0.1111111111111111,2.5308641975308643,1.9700829338525374,0.0716033389432169,0.48484489624600535,0.449137165403972,GDF5/GPC3/ZBTB16/TFAP2B,4
GO:0048844,artery morphogenesis,7/828,83/18860,0.08433734939759036,1.9210174029451135,1.8019649064373275,0.07201245373541994,0.485238673446467,0.44950194180357,FOLR1/ZMIZ1/ANGPTL3/EFEMP2/TFAP2B/EDN1/SIX1,7
GO:0097061,dendritic spine organization,7/828,83/18860,0.08433734939759036,1.9210174029451135,1.8019649064373275,0.07201245373541994,0.485238673446467,0.44950194180357,IGF1R/DBN1/EPHB3/PAK3/CUX2/KIF1A/CAMK2B,7
GO:0050673,epithelial cell proliferation,29/828,496/18860,0.05846774193548387,1.3317652329749103,1.604503312695545,0.07206536774846418,0.485238673446467,0.44950194180357,GDF5/RAP1GAP/PDCD6/VEGFB/DEAF1/PTPRM/FUT1/ERBB4/GHRL/EGFR/CDK6/HPN/AR/GPC3/NUPR1/CYP7B1/APOH/PRKD1/GATA6/SIDT2/KIT/BMPER/FGL1/IGFBP5/ODAM/SIX4/FST/PTPRN/SIX1,29
GO:0042491,inner ear auditory receptor cell differentiation,5/828,51/18860,0.09803921568627451,2.233115468409586,1.8895506150375663,0.07208179514601047,0.485238673446467,0.44950194180357,ANKRD24/LHFPL5/WDPCP/KCNQ1/FGF20,5
GO:0010001,glial cell differentiation,17/828,263/18860,0.06463878326996197,1.472327841149134,1.6529226225256877,0.0725106214943822,0.4867064681120014,0.45086163670925533,WASF3/CDH2/DNER/CDK6/LAMA2/BNIP3/PTPRZ1/DAAM2/LAMB2/ABCA2/SOX2/F2/MAL/PHGDH/KCNJ10/ID4/GPM6B,17
GO:0051222,positive regulation of protein transport,17/828,263/18860,0.06463878326996197,1.472327841149134,1.6529226225256877,0.0725106214943822,0.4867064681120014,0.45086163670925533,FGA/FGB/FGG/TMEM132A/MYRIP/GHRL/CHRM3/RAPGEF4/OXCT1/ZDHHC2/PRKD1/PLA2G1B/C1QTNF3/PLA2G6/ABCC8/F2/TGFB3,17
GO:0017156,calcium-ion regulated exocytosis,6/828,67/18860,0.08955223880597014,2.0398009950248754,1.8270150399004759,0.07328739371853486,0.4912063631236488,0.45503012462321546,RAPGEF4/SYN2/SCAMP5/RIMS3/NLRP5/TRPV6,6
GO:0009581,detection of external stimulus,11/828,153/18860,0.0718954248366013,1.6376180101670297,1.696902022265859,0.07424967229789868,0.4969347632923132,0.4603366410658432,CDH2/KCNK2/HPN/TAC4/OPN4/KIT/LHFPL5/KCNQ1/OPN1MW/ATP8A2/TTR,11
GO:0030900,forebrain development,25/828,419/18860,0.059665871121718374,1.3590559533280295,1.5926834191568289,0.07514276262310979,0.5021841936230405,0.4651994627166094,APLP1/FGF13/CDH2/ZMIZ1/CCKAR/SLC1A2/FUT1/PTPRS/ERBB4/EGFR/CDK6/EPHB3/BNIP3/NIN/TOX/NEFL/SOX2/SEMA3D/ATP1B2/ID4/CRTAC1/PAX4/KIF26A/NPY/DKK1,25
GO:0034446,substrate adhesion-dependent cell spreading,8/828,101/18860,0.07920792079207921,1.8041804180418042,1.7364484232121786,0.07614551876788027,0.5045020336387389,0.46734659905355125,FGA/FGB/FGG/FZD4/EPHB3/NTN4/FBLN1/POSTN,8
GO:0048640,negative regulation of developmental growth,8/828,101/18860,0.07920792079207921,1.8041804180418042,1.7364484232121786,0.07614551876788027,0.5045020336387389,0.46734659905355125,FGF13/KCNK2/PTPRS/ULK1/ULK2/MT3/NTN1/ADRB2,8
GO:0032535,regulation of cellular component size,22/828,361/18860,0.060941828254847646,1.3881194213604187,1.5955021702954084,0.07627801024412068,0.5045020336387389,0.46734659905355125,AQP4/FGF13/NPHS1/PTPRS/CYFIP2/HIP1R/PAK3/ULK1/ULK2/DAAM2/ZFYVE27/EVL/PRKD1/MT3/SCTR/KANK4/NEFL/RET/LMOD2/VAV3/NTN1/EDN1,22
GO:0071331,cellular response to hexose stimulus,11/828,154/18860,0.07142857142857142,1.626984126984127,1.6740907273440524,0.07696457617424939,0.5045020336387389,0.46734659905355125,IGF1R/PDE8B/FUT1/GHRL/OXCT1/PRKAA2/SLC29A1/SIDT2/PLA2G6/ABCC8/PTPRN,11
GO:0010559,regulation of glycoprotein biosynthetic process,5/828,52/18860,0.09615384615384616,2.1901709401709404,1.8415870619103403,0.07701424677759906,0.5045020336387389,0.46734659905355125,IL33/ITM2A/ABCA2/NECAB3/RAMP1,5
GO:0042572,retinol metabolic process,5/828,52/18860,0.09615384615384616,2.1901709401709404,1.8415870619103403,0.07701424677759906,0.5045020336387389,0.46734659905355125,CYP2C8/ALDH1A1/PNPLA4/RDH12/ADH7,5
GO:0043114,regulation of vascular permeability,5/828,52/18860,0.09615384615384616,2.1901709401709404,1.8415870619103403,0.07701424677759906,0.5045020336387389,0.46734659905355125,SH3GL2/PTP4A3/ADM/ABCC8/PLVAP,5
GO:0009749,response to glucose,14/828,209/18860,0.06698564593301436,1.5257841573631048,1.6378801792994375,0.07725011221677107,0.5045020336387389,0.46734659905355125,IGF1R/PDE8B/GLUL/FUT1/GHRL/ACVR2B/OXCT1/PRKAA2/SLC29A1/SIDT2/PLA2G6/ABCC8/PTPRN/GUCA2B,14
GO:0034394,protein localization to cell surface,6/828,68/18860,0.08823529411764706,2.0098039215686274,1.7875473588079662,0.07755297337762562,0.5045020336387389,0.46734659905355125,GGA2/ERBB4/NEDD4L/ABCA2/GPIHBP1/GPM6B,6
GO:0040014,regulation of multicellular organism growth,6/828,68/18860,0.08823529411764706,2.0098039215686274,1.7875473588079662,0.07755297337762562,0.5045020336387389,0.46734659905355125,GDF5/GHR/GHRL/CACNA2D2/ADRB2/ATP8A2,6
GO:0003161,cardiac conduction system development,4/828,37/18860,0.10810810810810811,2.4624624624624625,1.9080674280894812,0.07762471798907095,0.5045020336387389,0.46734659905355125,SMAD5/GATA6/IRX3/KCNJ8,4
GO:0007431,salivary gland development,4/828,37/18860,0.10810810810810811,2.4624624624624625,1.9080674280894812,0.07762471798907095,0.5045020336387389,0.46734659905355125,EDA/EGFR/NTN4/TGFB3,4
GO:0030947,regulation of vascular endothelial growth factor receptor signaling pathway,4/828,37/18860,0.10810810810810811,2.4624624624624625,1.9080674280894812,0.07762471798907095,0.5045020336387389,0.46734659905355125,PDCD6/VEGFB/FZD4/MT3,4
GO:0044273,sulfur compound catabolic process,4/828,37/18860,0.10810810810810811,2.4624624624624625,1.9080674280894812,0.07762471798907095,0.5045020336387389,0.46734659905355125,GGT7/CBS/ACAT1/CDO1,4
GO:0045879,negative regulation of smoothened signaling pathway,4/828,37/18860,0.10810810810810811,2.4624624624624625,1.9080674280894812,0.07762471798907095,0.5045020336387389,0.46734659905355125,CD3E/GPC3/PRKACB/GLIS2,4
GO:2000352,negative regulation of endothelial cell apoptotic process,4/828,37/18860,0.10810810810810811,2.4624624624624625,1.9080674280894812,0.07762471798907095,0.5045020336387389,0.46734659905355125,FGA/FGB/FGG/FUT1,4
GO:0009083,branched-chain amino acid catabolic process,3/828,23/18860,0.13043478260869565,2.971014492753623,2.0267510937067716,0.07778376958657039,0.5045020336387389,0.46734659905355125,ALDH6A1/BCAT2/ACAT1,3
GO:0042531,positive regulation of tyrosine phosphorylation of STAT protein,3/828,23/18860,0.13043478260869565,2.971014492753623,2.0267510937067716,0.07778376958657039,0.5045020336387389,0.46734659905355125,ERBB4/CTF1/KIT,3
GO:0044804,nucleophagy,3/828,23/18860,0.13043478260869565,2.971014492753623,2.0267510937067716,0.07778376958657039,0.5045020336387389,0.46734659905355125,ULK1/ULK2/ATG9B,3
GO:0051151,negative regulation of smooth muscle cell differentiation,3/828,23/18860,0.13043478260869565,2.971014492753623,2.0267510937067716,0.07778376958657039,0.5045020336387389,0.46734659905355125,NFATC2/PDCD4/RBPMS2,3
GO:1903020,positive regulation of glycoprotein metabolic process,3/828,23/18860,0.13043478260869565,2.971014492753623,2.0267510937067716,0.07778376958657039,0.5045020336387389,0.46734659905355125,IL33/ABCA2/RAMP1,3
GO:0008645,hexose transmembrane transport,9/828,119/18860,0.07563025210084033,1.7226890756302522,1.6946543842193798,0.07846616622236985,0.5047476973896744,0.46757417022443915,SLC2A12/PTPRM/SLC1A2/SLC5A2/SLC2A4/GPC3/PLA2G1B/SORBS1/EDN1,9
GO:0048545,response to steroid hormone,21/828,343/18860,0.061224489795918366,1.3945578231292517,1.5802469284244547,0.07883047147501393,0.5047476973896744,0.46757417022443915,ESRRG/ZMIZ1/GHR/IGFBP2/ALAD/AR/CYP7B1/SGK1/ABCA2/BCL2L11/FOXA1/SCNN1B/SCNN1G/NEFL/TGFB3/SSTR2/FAM107A/EDN1/PAQR7/CDO1/SCGB2A1,21
GO:0001678,intracellular glucose homeostasis,12/828,173/18860,0.06936416184971098,1.5799614643545279,1.6421202088975164,0.07931796250332958,0.5047476973896744,0.46757417022443915,IGF1R/PDE8B/FUT1/GHRL/OXCT1/PRKAA2/SLC29A1/SIDT2/PLA2G6/PPARGC1A/ABCC8/PTPRN,12
GO:0055007,cardiac muscle cell differentiation,10/828,137/18860,0.072992700729927,1.662611516626115,1.667954095905776,0.0795410067705218,0.5047476973896744,0.46757417022443915,OBSL1/SORBS2/GATA6/NRAP/NEBL/IRX3/ALPK3/EDN1/KCNJ8/DKK1,10
GO:0035924,cellular response to vascular endothelial growth factor stimulus,7/828,85/18860,0.08235294117647059,1.8758169934640523,1.7341449952315873,0.0795839881653069,0.5047476973896744,0.46757417022443915,VEGFB/CCBE1/PRKD1/MT1G/PTP4A3/GAS1/HRG,7
GO:0120162,positive regulation of cold-induced thermogenesis,8/828,102/18860,0.0784313725490196,1.7864923747276689,1.7066870210165332,0.07962308351085594,0.5047476973896744,0.46757417022443915,ESRRG/IGF1R/ACADL/GHRL/LEPR/G0S2/PPARGC1A/ADRB2,8
GO:0009582,detection of abiotic stimulus,11/828,155/18860,0.07096774193548387,1.6164874551971327,1.6514437500767443,0.07974120495140245,0.5047476973896744,0.46757417022443915,CDH2/KCNK2/HPN/TAC4/OPN4/KIT/LHFPL5/KCNQ1/OPN1MW/ATP8A2/TTR,11
GO:0031345,negative regulation of cell projection organization,13/828,192/18860,0.06770833333333333,1.5422453703703702,1.618266784930461,0.08095055872012423,0.5047476973896744,0.46757417022443915,RAP1GAP/FGF13/PTPRS/ULK1/ARHGAP24/ULK2/EVL/MT3/FIGNL2/DENND5A/NTN1/HRG/DKK1,13
GO:0000098,sulfur amino acid catabolic process,2/828,11/18860,0.18181818181818182,4.141414141414141,2.2332118778937144,0.08142854797646328,0.5047476973896744,0.46757417022443915,CBS/CDO1,2
GO:0001821,histamine secretion,2/828,11/18860,0.18181818181818182,4.141414141414141,2.2332118778937144,0.08142854797646328,0.5047476973896744,0.46757417022443915,SLC18A2/EDN1,2
GO:0001865,NK T cell differentiation,2/828,11/18860,0.18181818181818182,4.141414141414141,2.2332118778937144,0.08142854797646328,0.5047476973896744,0.46757417022443915,TOX/ZBTB16,2
GO:0006183,GTP biosynthetic process,2/828,11/18860,0.18181818181818182,4.141414141414141,2.2332118778937144,0.08142854797646328,0.5047476973896744,0.46757417022443915,NME9/NME3,2
GO:0014820,tonic smooth muscle contraction,2/828,11/18860,0.18181818181818182,4.141414141414141,2.2332118778937144,0.08142854797646328,0.5047476973896744,0.46757417022443915,SCNN1B/EDN1,2
GO:0015747,urate transport,2/828,11/18860,0.18181818181818182,4.141414141414141,2.2332118778937144,0.08142854797646328,0.5047476973896744,0.46757417022443915,SLC22A12/SLC22A13,2
GO:0033632,regulation of cell-cell adhesion mediated by integrin,2/828,11/18860,0.18181818181818182,4.141414141414141,2.2332118778937144,0.08142854797646328,0.5047476973896744,0.46757417022443915,CD3E/ADA,2
GO:0034635,glutathione transport,2/828,11/18860,0.18181818181818182,4.141414141414141,2.2332118778937144,0.08142854797646328,0.5047476973896744,0.46757417022443915,SLC13A3/ABCC5,2
GO:0035443,tripeptide transmembrane transport,2/828,11/18860,0.18181818181818182,4.141414141414141,2.2332118778937144,0.08142854797646328,0.5047476973896744,0.46757417022443915,SLC13A3/ABCC5,2
GO:0035581,sequestering of extracellular ligand from receptor,2/828,11/18860,0.18181818181818182,4.141414141414141,2.2332118778937144,0.08142854797646328,0.5047476973896744,0.46757417022443915,GREM2/DAND5,2
GO:0046689,response to mercury ion,2/828,11/18860,0.18181818181818182,4.141414141414141,2.2332118778937144,0.08142854797646328,0.5047476973896744,0.46757417022443915,ALAD/PGAM2,2
GO:0048251,elastic fiber assembly,2/828,11/18860,0.18181818181818182,4.141414141414141,2.2332118778937144,0.08142854797646328,0.5047476973896744,0.46757417022443915,THSD4/EFEMP2,2
GO:0048262,determination of dorsal/ventral asymmetry,2/828,11/18860,0.18181818181818182,4.141414141414141,2.2332118778937144,0.08142854797646328,0.5047476973896744,0.46757417022443915,GREM2/SOSTDC1,2
GO:0051838,cytolysis by host of symbiont cells,2/828,11/18860,0.18181818181818182,4.141414141414141,2.2332118778937144,0.08142854797646328,0.5047476973896744,0.46757417022443915,F2/HRG,2
GO:0061762,CAMKK-AMPK signaling cascade,2/828,11/18860,0.18181818181818182,4.141414141414141,2.2332118778937144,0.08142854797646328,0.5047476973896744,0.46757417022443915,KCNJ8/KCNJ11,2
GO:0071313,cellular response to caffeine,2/828,11/18860,0.18181818181818182,4.141414141414141,2.2332118778937144,0.08142854797646328,0.5047476973896744,0.46757417022443915,GSTM2/RYR2,2
GO:0090311,regulation of protein deacetylation,2/828,11/18860,0.18181818181818182,4.141414141414141,2.2332118778937144,0.08142854797646328,0.5047476973896744,0.46757417022443915,BEX4/PRKAA2,2
GO:0090649,response to oxygen-glucose deprivation,2/828,11/18860,0.18181818181818182,4.141414141414141,2.2332118778937144,0.08142854797646328,0.5047476973896744,0.46757417022443915,BNIP3/SOX2,2
GO:0097646,calcitonin family receptor signaling pathway,2/828,11/18860,0.18181818181818182,4.141414141414141,2.2332118778937144,0.08142854797646328,0.5047476973896744,0.46757417022443915,ADM/RAMP1,2
GO:0099612,protein localization to axon,2/828,11/18860,0.18181818181818182,4.141414141414141,2.2332118778937144,0.08142854797646328,0.5047476973896744,0.46757417022443915,MAL/PRICKLE2,2
GO:1903276,regulation of sodium ion export across plasma membrane,2/828,11/18860,0.18181818181818182,4.141414141414141,2.2332118778937144,0.08142854797646328,0.5047476973896744,0.46757417022443915,FXYD4/ATP1B2,2
GO:1903278,positive regulation of sodium ion export across plasma membrane,2/828,11/18860,0.18181818181818182,4.141414141414141,2.2332118778937144,0.08142854797646328,0.5047476973896744,0.46757417022443915,FXYD4/ATP1B2,2
GO:1904749,regulation of protein localization to nucleolus,2/828,11/18860,0.18181818181818182,4.141414141414141,2.2332118778937144,0.08142854797646328,0.5047476973896744,0.46757417022443915,GLUL/NMD3,2
GO:1990709,presynaptic active zone organization,2/828,11/18860,0.18181818181818182,4.141414141414141,2.2332118778937144,0.08142854797646328,0.5047476973896744,0.46757417022443915,ERC2/RIMS3,2
GO:2000271,positive regulation of fibroblast apoptotic process,2/828,11/18860,0.18181818181818182,4.141414141414141,2.2332118778937144,0.08142854797646328,0.5047476973896744,0.46757417022443915,NUPR1/BCL2L11,2
GO:0045744,negative regulation of G protein-coupled receptor signaling pathway,6/828,69/18860,0.08695652173913043,1.9806763285024154,1.7487504564097345,0.08195569770495048,0.5073343324416372,0.46997030545071083,APLP1/GHRL/RGS7/ADM/ADA/ADRB2,6
GO:0048546,digestive tract morphogenesis,5/828,53/18860,0.09433962264150944,2.148846960167715,1.794704291349336,0.08212391577360934,0.5076951044746023,0.4703045074388056,EGFR/EPHB3/ACVR2B/RBPMS2/VANGL2,5
GO:0008202,steroid metabolic process,21/828,345/18860,0.06086956521739131,1.3864734299516908,1.5524580733379811,0.08253818961261142,0.5077935787014921,0.47039572926144024,DHRS2/ANGPTL3/ACADL/PDE8B/TM7SF2/LEPR/CYP2C8/PRKAA2/APOA5/CYP7B1/GNAI1/SULT2A1/ABCA2/KIT/RORC/ADM/SCNN1B/RORA/GC/INSIG1/AFP,21
GO:0010927,cellular component assembly involved in morphogenesis,10/828,138/18860,0.07246376811594203,1.6505636070853462,1.6436363484882859,0.0825722814776256,0.5077935787014921,0.47039572926144024,MYBPC3/OBSL1/PRKD1/ABCA2/NRAP/NEBL/CSRP2/SIX4/LMOD2/EDN1,10
GO:0032989,cellular anatomical entity morphogenesis,10/828,138/18860,0.07246376811594203,1.6505636070853462,1.6436363484882859,0.0825722814776256,0.5077935787014921,0.47039572926144024,MYBPC3/OBSL1/PRKD1/ABCA2/NRAP/NEBL/CSRP2/SIX4/LMOD2/EDN1,10
GO:0071326,cellular response to monosaccharide stimulus,11/828,156/18860,0.07051282051282051,1.6061253561253561,1.6289586262802798,0.08257968332715908,0.5077935787014921,0.47039572926144024,IGF1R/PDE8B/FUT1/GHRL/OXCT1/PRKAA2/SLC29A1/SIDT2/PLA2G6/ABCC8/PTPRN,11
GO:0022604,regulation of cell morphogenesis,16/828,249/18860,0.0642570281124498,1.4636323070058008,1.5781237627285782,0.08287391801093116,0.5089252039554256,0.47144401287293436,WASF3/PALM3/FGD4/FZD4/OBSL1/DBN1/HPN/RHOBTB1/NEDD4L/CUX2/WTIP/KIT/WDPCP/F2/GAS2/CAMK2B,16
GO:1990778,protein localization to cell periphery,22/828,365/18860,0.06027397260273973,1.3729071537290716,1.5416029350690617,0.08343155264858772,0.5090755987998545,0.47158333147696857,FGF13/CDH2/GGA2/PACSIN1/KCNIP3/ERBB4/RAB26/EGFR/TTC7B/RAPSN/AR/ZDHHC2/CNIH3/ZFYVE27/GNAI1/CACNA2D2/ABCA2/SORBS1/KCNIP4/TSPAN33/RAMP1/CAMK2B,22
GO:0001556,oocyte maturation,4/828,38/18860,0.10526315789473684,2.39766081871345,1.8480480276903453,0.08389054367403406,0.5090755987998545,0.47158333147696857,REC8/EDN1/ZAR1/ZAR1L,4
GO:0006023,aminoglycan biosynthetic process,4/828,38/18860,0.10526315789473684,2.39766081871345,1.8480480276903453,0.08389054367403406,0.5090755987998545,0.47158333147696857,XYLT2/B3GAT1/ABCC5/GCNT2,4
GO:0008207,C21-steroid hormone metabolic process,4/828,38/18860,0.10526315789473684,2.39766081871345,1.8480480276903453,0.08389054367403406,0.5090755987998545,0.47158333147696857,DHRS2/ADM/SCNN1B/AFP,4
GO:0008340,determination of adult lifespan,4/828,38/18860,0.10526315789473684,2.39766081871345,1.8480480276903453,0.08389054367403406,0.5090755987998545,0.47158333147696857,KL/KCNJ8/ATP8A2/KCNJ11,4
GO:0032414,positive regulation of ion transmembrane transporter activity,4/828,38/18860,0.10526315789473684,2.39766081871345,1.8480480276903453,0.08389054367403406,0.5090755987998545,0.47158333147696857,FGF13/LRRC52/LRRC26/EDN1,4
GO:0070229,negative regulation of lymphocyte apoptotic process,4/828,38/18860,0.10526315789473684,2.39766081871345,1.8480480276903453,0.08389054367403406,0.5090755987998545,0.47158333147696857,ST3GAL1/TSC22D3/RORC/ADA,4
GO:0099633,protein localization to postsynaptic specialization membrane,4/828,38/18860,0.10526315789473684,2.39766081871345,1.8480480276903453,0.08389054367403406,0.5090755987998545,0.47158333147696857,ERBB4/RAPSN/CNIH3/CACNA2D2,4
GO:0099645,neurotransmitter receptor localization to postsynaptic specialization membrane,4/828,38/18860,0.10526315789473684,2.39766081871345,1.8480480276903453,0.08389054367403406,0.5090755987998545,0.47158333147696857,ERBB4/RAPSN/CNIH3/CACNA2D2,4
GO:0090287,regulation of cellular response to growth factor stimulus,23/828,385/18860,0.05974025974025974,1.3607503607503606,1.532489348225413,0.08413973277616747,0.5099176981106842,0.47236341207672966,GDF5/GPR155/PDCD6/VEGFB/FOLR1/FZD4/CYFIP2/DMD/RBPMS2/CCBE1/TGFB1I1/GPC3/GREM2/MT3/PTP4A3/BMPER/CHST11/FST/TFAP2B/SOSTDC1/DAND5/HRG/DKK1,23
GO:0019218,regulation of steroid metabolic process,9/828,121/18860,0.0743801652892562,1.6942148760330578,1.6415947125328318,0.08503385202415523,0.5111723691705945,0.4735256794486782,ACADL/PDE8B/GNAI1/ABCA2/KIT/RORC/ADM/RORA/INSIG1,9
GO:0099565,"chemical synaptic transmission, postsynaptic",9/828,121/18860,0.0743801652892562,1.6942148760330578,1.6415947125328318,0.08503385202415523,0.5111723691705945,0.4735256794486782,KCNK2/CELF4/GHRL/SLC29A1/CUX2/GABRB3/SLC8A2/ADRB2/HTR3E,9
GO:0007224,smoothened signaling pathway,11/828,157/18860,0.07006369426751592,1.5958952583156405,1.6066329451037287,0.0854800996846288,0.5111723691705945,0.4735256794486782,CD3E/GPC3/TCTN2/FOXA1/WDPCP/RORA/PRKACB/GAS1/GLIS2/SLITRK4/DCDC2,11
GO:0043087,regulation of GTPase activity,10/828,139/18860,0.07194244604316546,1.6386890487609913,1.6195147113462838,0.0856733581221594,0.5111723691705945,0.4735256794486782,RAP1GAP/FGD4/GPSM1/EPHB3/APC2/ASAP3/RGS7/ODAM/SYDE1/PRTN3,10
GO:0055088,lipid homeostasis,13/828,194/18860,0.06701030927835051,1.5263459335624283,1.579061538714257,0.08611061141220296,0.5111723691705945,0.4735256794486782,ANGPTL3/FABP3/APOC4/PRKAA2/PNPLA4/APOA5/CYP7B1/ABCA2/C1QTNF3/GPIHBP1/PNPLA1/RORA/INSIG1,13
GO:0002093,auditory receptor cell morphogenesis,3/828,24/18860,0.125,2.8472222222222223,1.9403629515553706,0.086117822263907,0.5111723691705945,0.4735256794486782,ANKRD24/LHFPL5/WDPCP,3
GO:0003323,type B pancreatic cell development,3/828,24/18860,0.125,2.8472222222222223,1.9403629515553706,0.086117822263907,0.5111723691705945,0.4735256794486782,CDH2/CDK6/SIDT2,3
GO:0006476,protein deacetylation,3/828,24/18860,0.125,2.8472222222222223,1.9403629515553706,0.086117822263907,0.5111723691705945,0.4735256794486782,BEX4/PRKAA2/SIRT4,3
GO:0006730,one-carbon metabolic process,3/828,24/18860,0.125,2.8472222222222223,1.9403629515553706,0.086117822263907,0.5111723691705945,0.4735256794486782,GNMT/ALDH1L2/ALDH1L1,3
GO:0009065,glutamine family amino acid catabolic process,3/828,24/18860,0.125,2.8472222222222223,1.9403629515553706,0.086117822263907,0.5111723691705945,0.4735256794486782,ADHFE1/GLUL/GLS2,3
GO:0009119,ribonucleoside metabolic process,3/828,24/18860,0.125,2.8472222222222223,1.9403629515553706,0.086117822263907,0.5111723691705945,0.4735256794486782,GNMT/ENPP4/ADA,3
GO:0030318,melanocyte differentiation,3/828,24/18860,0.125,2.8472222222222223,1.9403629515553706,0.086117822263907,0.5111723691705945,0.4735256794486782,KITLG/KIT/MITF,3
GO:0034755,iron ion transmembrane transport,3/828,24/18860,0.125,2.8472222222222223,1.9403629515553706,0.086117822263907,0.5111723691705945,0.4735256794486782,TF/ABCC5/HEPH,3
GO:0061318,renal filtration cell differentiation,3/828,24/18860,0.125,2.8472222222222223,1.9403629515553706,0.086117822263907,0.5111723691705945,0.4735256794486782,NPHS1/LAMB2/EDN1,3
GO:0072112,podocyte differentiation,3/828,24/18860,0.125,2.8472222222222223,1.9403629515553706,0.086117822263907,0.5111723691705945,0.4735256794486782,NPHS1/LAMB2/EDN1,3
GO:1902074,response to salt,3/828,24/18860,0.125,2.8472222222222223,1.9403629515553706,0.086117822263907,0.5111723691705945,0.4735256794486782,RNLS/NEFL/EDN1,3
GO:0009064,glutamine family amino acid metabolic process,6/828,70/18860,0.08571428571428572,1.9523809523809526,1.7106016247217772,0.08649474414606698,0.5127506142060813,0.4749876903041905,ADHFE1/GLUL/SIRT4/GLS2/PHGDH/GLYATL1,6
GO:0007389,pattern specification process,28/828,486/18860,0.05761316872427984,1.312299954275263,1.4946542747293485,0.08721006740941759,0.5152575216041456,0.4773099696380862,SMARCD3/FOLR1/PPP2R3A/ERBB4/SMAD5/ACVR2B/PLD6/APC2/AR/DAAM2/GPC3/WNT6/GREM2/FOXA1/IRX3/HOXC13/CFC1/IRX2/FST/VANGL2/ZBTB16/GATA5/SOSTDC1/DAND5/HOXC4/EDN1/SIX1/DKK1,28
GO:0031103,axon regeneration,5/828,54/18860,0.09259259259259259,2.1090534979423867,1.748854622419333,0.08740884683258901,0.5152575216041456,0.4773099696380862,FOLR1/PTPRS/LAMB2/FIGNL2/NEFL,5
GO:0048009,insulin-like growth factor receptor signaling pathway,5/828,54/18860,0.09259259259259259,2.1090534979423867,1.748854622419333,0.08740884683258901,0.5152575216041456,0.4773099696380862,IGF1R/GHR/IGFBP2/AR/IGFBP5,5
GO:2000179,positive regulation of neural precursor cell proliferation,5/828,54/18860,0.09259259259259259,2.1090534979423867,1.748854622419333,0.08740884683258901,0.5152575216041456,0.4773099696380862,SMARCD3/TOX/NES/RASSF10/ID4,5
GO:0007292,female gamete generation,12/828,176/18860,0.06818181818181818,1.5530303030303028,1.5795118294238593,0.08747550821516893,0.5152575216041456,0.4773099696380862,ZMIZ1/PAQR5/REC8/PLD6/MMP19/SYCP2/EDN1/GAS2/PAQR7/ZAR1/AFP/ZAR1L,12
GO:0032412,regulation of monoatomic ion transmembrane transporter activity,7/828,87/18860,0.08045977011494253,1.8326947637292463,1.6681349024086367,0.08759946410107236,0.5153303505971365,0.47737743494033935,FGF13/KCNE2/CNIH3/KCNQ1/LRRC52/LRRC26/EDN1,7
GO:0015749,monosaccharide transmembrane transport,9/828,122/18860,0.07377049180327869,1.680327868852459,1.6154335901002737,0.088437359910308,0.5189373927138531,0.48071882655720155,SLC2A12/PTPRM/SLC1A2/SLC5A2/SLC2A4/GPC3/PLA2G1B/SORBS1/EDN1,9
GO:0045833,negative regulation of lipid metabolic process,9/828,122/18860,0.07377049180327869,1.680327868852459,1.6154335901002737,0.088437359910308,0.5189373927138531,0.48071882655720155,PLIN5/ACADL/PDE8B/ASXL3/SIRT4/ABCA2/FMO2/INSIG1/SLC22A13,9
GO:0006066,alcohol metabolic process,22/828,368/18860,0.059782608695652176,1.3617149758454106,1.5015887511353705,0.08908066808897624,0.5195727203929638,0.4813073637886086,ANGPTL3/ACADL/TM7SF2/LEPR/CYP2C8/PRKAA2/ALDH1A1/PNPLA4/APOA5/CYP7B1/GNAI1/SULT2A1/ABCA2/SCNN1B/IP6K3/MOGAT1/RDH12/TKTL1/IDH2/PTH1R/ADH7/INSIG1,22
GO:0001763,morphogenesis of a branching structure,14/828,214/18860,0.06542056074766354,1.490134994807892,1.5451914896321393,0.08950673397645491,0.5195727203929638,0.4813073637886086,FGF13/AR/CELSR1/NTN4/GPC3/WNT6/FIGNL2/FOXA1/ADM/SIX4/VANGL2/TMEM59L/EDN1/SIX1,14
GO:0034391,regulation of smooth muscle cell apoptotic process,4/828,39/18860,0.10256410256410256,2.336182336182336,1.789901910967478,0.0903956191415913,0.5195727203929638,0.4813073637886086,GRIA4/PDCD4/APOH/EDN1,4
GO:0035633,maintenance of blood-brain barrier,4/828,39/18860,0.10256410256410256,2.336182336182336,1.789901910967478,0.0903956191415913,0.5195727203929638,0.4813073637886086,SH3GL2/DMD/LAMA2/ABCC8,4
GO:0150146,cell junction disassembly,4/828,39/18860,0.10256410256410256,2.336182336182336,1.789901910967478,0.0903956191415913,0.5195727203929638,0.4813073637886086,ABCC8/VANGL2/TGFB3/DKK1,4
GO:0051051,negative regulation of transport,27/828,468/18860,0.057692307692307696,1.314102564102564,1.4744582451609096,0.09058189343662644,0.5195727203929638,0.4813073637886086,PTGER3/KCNE2/PDE8B/PTPRM/PACSIN1/GHRL/GNAZ/SIRT4/NEDD4L/PPP3CC/TBC1D4/PRKD1/GNAI1/ABCA2/ADA/KCNQ1/ABCC8/CHGA/IDH2/SCAMP5/PACSIN3/PRTN3/INSIG1/EDN1/CABP1/GPM6B/KCNJ11,27
GO:0034308,primary alcohol metabolic process,8/828,105/18860,0.0761904761904762,1.7354497354497358,1.6193534865300274,0.09061324302132544,0.5195727203929638,0.4813073637886086,CYP2C8/ALDH1A1/PNPLA4/SULT2A1/SCNN1B/RDH12/TKTL1/ADH7,8
GO:0021537,telencephalon development,18/828,291/18860,0.061855670103092786,1.40893470790378,1.5064640010252197,0.0911115489009775,0.5195727203929638,0.4813073637886086,FGF13/CDH2/ZMIZ1/SLC1A2/FUT1/PTPRS/ERBB4/EGFR/CDK6/EPHB3/BNIP3/NIN/NEFL/ATP1B2/ID4/CRTAC1/KIF26A/NPY,18
GO:0030199,collagen fibril organization,6/828,71/18860,0.08450704225352113,1.9248826291079812,1.6730792506436445,0.0911691053461969,0.5195727203929638,0.4813073637886086,COL2A1/DPT/FMOD/ADAMTS19/PLOD2/EFEMP2,6
GO:0048736,appendage development,13/828,196/18860,0.0663265306122449,1.5107709750566893,1.5402968677522828,0.091472734208219,0.5195727203929638,0.4813073637886086,GDF5/COL2A1/FREM2/GPC3/BCL2L11/WDPCP/ZNRF3/CHST11/HOXC13/ZBTB16/TFAP2B/SMOC1/DKK1,13
GO:0060173,limb development,13/828,196/18860,0.0663265306122449,1.5107709750566893,1.5402968677522828,0.091472734208219,0.5195727203929638,0.4813073637886086,GDF5/COL2A1/FREM2/GPC3/BCL2L11/WDPCP/ZNRF3/CHST11/HOXC13/ZBTB16/TFAP2B/SMOC1/DKK1,13
GO:0022898,regulation of transmembrane transporter activity,7/828,88/18860,0.07954545454545454,1.8118686868686869,1.6357781543565728,0.09177263034551382,0.5195727203929638,0.4813073637886086,FGF13/KCNE2/CNIH3/KCNQ1/LRRC52/LRRC26/EDN1,7
GO:0009746,response to hexose,14/828,215/18860,0.06511627906976744,1.483204134366925,1.5269373800137591,0.0920966112081948,0.5195727203929638,0.4813073637886086,IGF1R/PDE8B/GLUL/FUT1/GHRL/ACVR2B/OXCT1/PRKAA2/SLC29A1/SIDT2/PLA2G6/ABCC8/PTPRN/GUCA2B,14
GO:0031032,actomyosin structure organization,14/828,215/18860,0.06511627906976744,1.483204134366925,1.5269373800137591,0.0920966112081948,0.5195727203929638,0.4813073637886086,MYBPC3/CGNL1/OBSL1/ASAP3/EVL/PRKD1/NRAP/SORBS1/NEBL/CSRP2/SIX4/TGFB3/LMOD2/EDN1,14
GO:0019320,hexose catabolic process,5/828,55/18860,0.09090909090909091,2.0707070707070705,1.7039933510789325,0.09286678730117989,0.5195727203929638,0.4813073637886086,FUT1/GALT/TKTL1/PGAM2/FUT9,5
GO:0097720,calcineurin-mediated signaling,5/828,55/18860,0.09090909090909091,2.0707070707070705,1.7039933510789325,0.09286678730117989,0.5195727203929638,0.4813073637886086,NFATC2/HOMER2/PPP3CC/RCAN2/SLC8A2,5
GO:0055074,calcium ion homeostasis,20/828,331/18860,0.06042296072507553,1.3763007720711649,1.4800475382734928,0.09351710453374862,0.5195727203929638,0.4813073637886086,DRD5/RGN/GSTM2/DMD/PLCL1/BNIP3/RYR2/KL/PRKD1/TMTC4/ERC2/SYPL2/F2/SLC8A2/PTH1R/ATP13A5/FAM20A/EDN1/TRPV6/NPY,20
GO:0006721,terpenoid metabolic process,8/828,106/18860,0.07547169811320754,1.719077568134172,1.5908684429403082,0.0944616962452057,0.5195727203929638,0.4813073637886086,CYP2C8/ALDH1A1/PNPLA4/SCPEP1/RDH12/ADH7/TTR/CLPS,8
GO:0006740,NADPH regeneration,3/828,25/18860,0.12,2.733333333333333,1.8583256880194063,0.09481130801294699,0.5195727203929638,0.4813073637886086,NNT/ALDH1L2/ALDH1L1,3
GO:0022410,circadian sleep/wake cycle process,3/828,25/18860,0.12,2.733333333333333,1.8583256880194063,0.09481130801294699,0.5195727203929638,0.4813073637886086,GHRL/ADA/GABRB3,3
GO:0032098,regulation of appetite,3/828,25/18860,0.12,2.733333333333333,1.8583256880194063,0.09481130801294699,0.5195727203929638,0.4813073637886086,GHRL/SCTR/NPY,3
GO:0032967,positive regulation of collagen biosynthetic process,3/828,25/18860,0.12,2.733333333333333,1.8583256880194063,0.09481130801294699,0.5195727203929638,0.4813073637886086,LARP6/F2/TGFB3,3
GO:0042509,regulation of tyrosine phosphorylation of STAT protein,3/828,25/18860,0.12,2.733333333333333,1.8583256880194063,0.09481130801294699,0.5195727203929638,0.4813073637886086,ERBB4/CTF1/KIT,3
GO:0051152,positive regulation of smooth muscle cell differentiation,3/828,25/18860,0.12,2.733333333333333,1.8583256880194063,0.09481130801294699,0.5195727203929638,0.4813073637886086,SMARCD3/KIT/EFEMP2,3
GO:0060307,regulation of ventricular cardiac muscle cell membrane repolarization,3/828,25/18860,0.12,2.733333333333333,1.8583256880194063,0.09481130801294699,0.5195727203929638,0.4813073637886086,KCNE2/KCNQ1/KCNE4,3
GO:0060571,morphogenesis of an epithelial fold,3/828,25/18860,0.12,2.733333333333333,1.8583256880194063,0.09481130801294699,0.5195727203929638,0.4813073637886086,EGFR/AR/SOSTDC1,3
GO:0072311,glomerular epithelial cell differentiation,3/828,25/18860,0.12,2.733333333333333,1.8583256880194063,0.09481130801294699,0.5195727203929638,0.4813073637886086,NPHS1/LAMB2/EDN1,3
GO:0086064,cell communication by electrical coupling involved in cardiac conduction,3/828,25/18860,0.12,2.733333333333333,1.8583256880194063,0.09481130801294699,0.5195727203929638,0.4813073637886086,RYR2/IRX3/ATP1B2,3
GO:0090200,positive regulation of release of cytochrome c from mitochondria,3/828,25/18860,0.12,2.733333333333333,1.8583256880194063,0.09481130801294699,0.5195727203929638,0.4813073637886086,BNIP3/PRKAA2/BCL2L11,3
GO:0099188,postsynaptic cytoskeleton organization,3/828,25/18860,0.12,2.733333333333333,1.8583256880194063,0.09481130801294699,0.5195727203929638,0.4813073637886086,SH3GL2/INA/NEFL,3
GO:1903318,negative regulation of protein maturation,3/828,25/18860,0.12,2.733333333333333,1.8583256880194063,0.09481130801294699,0.5195727203929638,0.4813073637886086,FGA/SIRT4/GAS1,3
GO:0042594,response to starvation,15/828,235/18860,0.06382978723404255,1.453900709219858,1.500372864780895,0.09481695530695172,0.5195727203929638,0.4813073637886086,GPR155/GABARAPL1/LAMP2/GLUL/OXCT1/PAK3/PRKAA2/ULK1/ULK2/ALB/PRKD1/ACAT1/PPARGC1A/RNF152/ASNS,15
GO:0001553,luteinization,2/828,12/18860,0.16666666666666666,3.796296296296296,2.076317303321444,0.09495872152699468,0.5195727203929638,0.4813073637886086,FZD4/PTPRN,2
GO:0002024,diet induced thermogenesis,2/828,12/18860,0.16666666666666666,3.796296296296296,2.076317303321444,0.09495872152699468,0.5195727203929638,0.4813073637886086,SCTR/ADRB2,2
GO:0002759,regulation of antimicrobial humoral response,2/828,12/18860,0.16666666666666666,3.796296296296296,2.076317303321444,0.09495872152699468,0.5195727203929638,0.4813073637886086,GATA6/PGC,2
GO:0006534,cysteine metabolic process,2/828,12/18860,0.16666666666666666,3.796296296296296,2.076317303321444,0.09495872152699468,0.5195727203929638,0.4813073637886086,CBS/CDO1,2
GO:0009071,serine family amino acid catabolic process,2/828,12/18860,0.16666666666666666,3.796296296296296,2.076317303321444,0.09495872152699468,0.5195727203929638,0.4813073637886086,CBS/CDO1,2
GO:0017038,protein import,2/828,12/18860,0.16666666666666666,3.796296296296296,2.076317303321444,0.09495872152699468,0.5195727203929638,0.4813073637886086,LAMP2/GPIHBP1,2
GO:0019532,oxalate transport,2/828,12/18860,0.16666666666666666,3.796296296296296,2.076317303321444,0.09495872152699468,0.5195727203929638,0.4813073637886086,SLC26A7/SLC26A9,2
GO:0031987,locomotion involved in locomotory behavior,2/828,12/18860,0.16666666666666666,3.796296296296296,2.076317303321444,0.09495872152699468,0.5195727203929638,0.4813073637886086,FZD4/RCAN2,2
GO:0034163,regulation of toll-like receptor 9 signaling pathway,2/828,12/18860,0.16666666666666666,3.796296296296296,2.076317303321444,0.09495872152699468,0.5195727203929638,0.4813073637886086,PTPRS/RAB7B,2
GO:0035112,genitalia morphogenesis,2/828,12/18860,0.16666666666666666,3.796296296296296,2.076317303321444,0.09495872152699468,0.5195727203929638,0.4813073637886086,AR/SYCP2,2
GO:0035810,positive regulation of urine volume,2/828,12/18860,0.16666666666666666,3.796296296296296,2.076317303321444,0.09495872152699468,0.5195727203929638,0.4813073637886086,NPR3/EDN1,2
GO:0046051,UTP metabolic process,2/828,12/18860,0.16666666666666666,3.796296296296296,2.076317303321444,0.09495872152699468,0.5195727203929638,0.4813073637886086,NME9/NME3,2
GO:0048484,enteric nervous system development,2/828,12/18860,0.16666666666666666,3.796296296296296,2.076317303321444,0.09495872152699468,0.5195727203929638,0.4813073637886086,RET/KIF26A,2
GO:0052803,imidazole-containing compound metabolic process,2/828,12/18860,0.16666666666666666,3.796296296296296,2.076317303321444,0.09495872152699468,0.5195727203929638,0.4813073637886086,HDC/CARNS1,2
GO:0060398,regulation of growth hormone receptor signaling pathway,2/828,12/18860,0.16666666666666666,3.796296296296296,2.076317303321444,0.09495872152699468,0.5195727203929638,0.4813073637886086,GHR/GHRL,2
GO:0060736,prostate gland growth,2/828,12/18860,0.16666666666666666,3.796296296296296,2.076317303321444,0.09495872152699468,0.5195727203929638,0.4813073637886086,AR/PSAPL1,2
GO:0061309,cardiac neural crest cell development involved in outflow tract morphogenesis,2/828,12/18860,0.16666666666666666,3.796296296296296,2.076317303321444,0.09495872152699468,0.5195727203929638,0.4813073637886086,FOLR1/EDN1,2
GO:0071635,negative regulation of transforming growth factor beta production,2/828,12/18860,0.16666666666666666,3.796296296296296,2.076317303321444,0.09495872152699468,0.5195727203929638,0.4813073637886086,GATA6/FBLN1,2
GO:0071872,cellular response to epinephrine stimulus,2/828,12/18860,0.16666666666666666,3.796296296296296,2.076317303321444,0.09495872152699468,0.5195727203929638,0.4813073637886086,RYR2/KCNQ1,2
GO:0072015,podocyte development,2/828,12/18860,0.16666666666666666,3.796296296296296,2.076317303321444,0.09495872152699468,0.5195727203929638,0.4813073637886086,NPHS1/LAMB2,2
GO:0072017,distal tubule development,2/828,12/18860,0.16666666666666666,3.796296296296296,2.076317303321444,0.09495872152699468,0.5195727203929638,0.4813073637886086,KLHL3/TFAP2B,2
GO:0072070,loop of Henle development,2/828,12/18860,0.16666666666666666,3.796296296296296,2.076317303321444,0.09495872152699468,0.5195727203929638,0.4813073637886086,IRX3/IRX2,2
GO:0097084,vascular associated smooth muscle cell development,2/828,12/18860,0.16666666666666666,3.796296296296296,2.076317303321444,0.09495872152699468,0.5195727203929638,0.4813073637886086,ADM/EFEMP2,2
GO:1904396,regulation of neuromuscular junction development,2/828,12/18860,0.16666666666666666,3.796296296296296,2.076317303321444,0.09495872152699468,0.5195727203929638,0.4813073637886086,SIX4/SIX1,2
GO:2000009,negative regulation of protein localization to cell surface,2/828,12/18860,0.16666666666666666,3.796296296296296,2.076317303321444,0.09495872152699468,0.5195727203929638,0.4813073637886086,NEDD4L/GPM6B,2
GO:0030879,mammary gland development,10/828,142/18860,0.07042253521126761,1.6040688575899844,1.548294056084156,0.09539524549286617,0.5212069496228251,0.4828212357291062,DEAF1/ERBB4/AR/SLC29A1/BCL2L11/IGFBP5/TGFB3/NTN1/SOSTDC1/CDO1,10
GO:0070252,actin-mediated cell contraction,9/828,124/18860,0.07258064516129033,1.653225806451613,1.5638254863193868,0.09548312676069945,0.5212069496228251,0.4828212357291062,MYBPC3/FGF13/KCNE2/RYR2/NEDD4L/KCNQ1/SCN2A/KCNE4/KCNJ8,9
GO:0043547,positive regulation of GTPase activity,7/828,89/18860,0.07865168539325842,1.7915106117353308,1.6038383341969507,0.0960552805811715,0.5235242437590392,0.4849678663893541,RAP1GAP/APC2/ASAP3/RGS7/ODAM/SYDE1/PRTN3,7
GO:0051048,negative regulation of secretion,12/828,179/18860,0.0670391061452514,1.5270018621973929,1.5180677507931275,0.09613437823899203,0.5235242437590392,0.4849678663893541,PTGER3/PDE8B/GHRL/GNAZ/SIRT4/GNAI1/ADA/ABCC8/CHGA/IDH2/EDN1/KCNJ11,12
GO:0002251,organ or tissue specific immune response,4/828,40/18860,0.1,2.2777777777777777,1.7335168456911565,0.09713425312076865,0.5258686763326021,0.48713963680237404,RAB17/PLA2G1B/FFAR3/DEFB1,4
GO:0002446,neutrophil mediated immunity,4/828,40/18860,0.1,2.2777777777777777,1.7335168456911565,0.09713425312076865,0.5258686763326021,0.48713963680237404,PLA2G1B/SCNN1B/F2/DNASE1,4
GO:0034390,smooth muscle cell apoptotic process,4/828,40/18860,0.1,2.2777777777777777,1.7335168456911565,0.09713425312076865,0.5258686763326021,0.48713963680237404,GRIA4/PDCD4/APOH/EDN1,4
GO:0035774,positive regulation of insulin secretion involved in cellular response to glucose stimulus,4/828,40/18860,0.1,2.2777777777777777,1.7335168456911565,0.09713425312076865,0.5258686763326021,0.48713963680237404,GHRL/OXCT1/PLA2G6/ABCC8,4
GO:0072210,metanephric nephron development,4/828,40/18860,0.1,2.2777777777777777,1.7335168456911565,0.09713425312076865,0.5258686763326021,0.48713963680237404,LAMB2/IRX2/RET/TFAP2B,4
GO:0044703,multi-organism reproductive process,14/828,217/18860,0.06451612903225806,1.4695340501792113,1.4907046590665085,0.09741537924846283,0.5261569840577793,0.48740671131517754,IGFBP2/GHRL/EPOR/SERPINA5/ACVR2B/AR/LDOC1/CBS/STOX2/ABCC8/IGFBP5/SYDE1/FBLN1/EDN1,14
GO:0051897,positive regulation of phosphatidylinositol 3-kinase/protein kinase B signal transduction,14/828,217/18860,0.06451612903225806,1.4695340501792113,1.4907046590665085,0.09741537924846283,0.5261569840577793,0.48740671131517754,IGF1R/VEGFB/ERBB4/PDGFD/EGFR/IL33/PRKD1/KIT/IGFBP5/RET/F2/GCNT2/VAV3/TSPYL5,14
GO:0048568,embryonic organ development,27/828,472/18860,0.057203389830508475,1.3029661016949152,1.4284016391969956,0.09763598619646668,0.5267324582421532,0.4879398031264641,FOLR1/LRIG1/ANKRD24/COL2A1/EGFR/HPN/RYR2/RBPMS2/EFEMP1/KITLG/KIT/LHFPL5/ADM/ADA/WDPCP/KCNQ1/CHST11/PTK7/NES/SIX4/VANGL2/NTN1/INSIG1/HOXC4/EDN1/ATP8A2/SIX1,27
GO:0060070,canonical Wnt signaling pathway,20/828,333/18860,0.06006006006006006,1.3680347013680347,1.4519808374413679,0.0977887968503997,0.5269412647084548,0.4881332314684327,EDA/CDH2/FOLR1/FZD4/PPP2R3A/CDK14/IGFBP2/EGFR/APC2/DAAM2/GPC3/WNT6/TBL1X/ZNRF3/PTK7/SOX2/FZD8/SOSTDC1/EDN1/DKK1,20
GO:0001738,morphogenesis of a polarized epithelium,5/828,56/18860,0.08928571428571429,2.033730158730159,1.660078513080779,0.09849520037742793,0.5288963201662351,0.4899443015102413,ERBB4/CELSR1/WDPCP/PTK7/VANGL2,5
GO:0045778,positive regulation of ossification,5/828,56/18860,0.08928571428571429,2.033730158730159,1.660078513080779,0.09849520037742793,0.5288963201662351,0.4899443015102413,ACVR2B/KL/ZBTB16/ADRB2/GPM6B,5
GO:1903539,protein localization to postsynaptic membrane,5/828,56/18860,0.08928571428571429,2.033730158730159,1.660078513080779,0.09849520037742793,0.5288963201662351,0.4899443015102413,ERBB4/RAPSN/ZDHHC2/CNIH3/CACNA2D2,5
GO:0042180,ketone metabolic process,15/828,237/18860,0.06329113924050633,1.4416315049226442,1.4660944443034192,0.09999214363921444,0.5363109399836147,0.4968128513353719,PLIN5/ACADL/FABP3/OXCT1/SIRT4/APOA5/PPARGC1A/ADM/SCNN1B/GPIHBP1/FMO2/INSIG1/EDN1/AFP/SLC22A13,15
GO:0001843,neural tube closure,7/828,90/18860,0.07777777777777778,1.771604938271605,1.5723045317834772,0.10044666609058972,0.5368781296369715,0.4973382687526275,DEAF1/FOLR1/CELSR1/ADM/PTK7/PRKACB/VANGL2,7
GO:0035418,protein localization to synapse,7/828,90/18860,0.07777777777777778,1.771604938271605,1.5723045317834772,0.10044666609058972,0.5368781296369715,0.4973382687526275,NPHS1/ERBB4/RAPSN/ZDHHC2/CNIH3/CACNA2D2/KIF5C,7
GO:0098869,cellular oxidant detoxification,7/828,90/18860,0.07777777777777778,1.771604938271605,1.5723045317834772,0.10044666609058972,0.5368781296369715,0.4973382687526275,GSTM2/DUOX1/ALB/MT3/NNT/GPX3/SOD3,7
GO:0032722,positive regulation of chemokine production,6/828,73/18860,0.0821917808219178,1.872146118721461,1.5998324963429298,0.10091884719607343,0.5381561620686687,0.4985221769841284,CHIA/C5/IL33/ALOX15B/FFAR3/POSTN,6
GO:0045806,negative regulation of endocytosis,6/828,73/18860,0.0821917808219178,1.872146118721461,1.5998324963429298,0.10091884719607343,0.5381561620686687,0.4985221769841284,PACSIN1/PRKD1/ABCA2/SCAMP5/PACSIN3/PRTN3,6
GO:0048813,dendrite morphogenesis,10/828,144/18860,0.06944444444444445,1.5817901234567902,1.501736102046224,0.10222440999712919,0.543585919889384,0.5035520454127913,FZD4/OBSL1/DBN1/EPHB3/PAK3/NEDD4L/CUX2/KIF1A/CAMK2B/DCDC2,10
GO:0048259,regulation of receptor-mediated endocytosis,9/828,126/18860,0.07142857142857142,1.626984126984127,1.513139993184431,0.10284573747219915,0.543585919889384,0.5035520454127913,SH3GL2/DNAJC6/DGKD/HIP1R/SUSD4/APOA5/ABCA2/TF/DKK1,9
GO:0003085,negative regulation of systemic arterial blood pressure,3/828,26/18860,0.11538461538461539,2.628205128205128,1.7802338659765413,0.10384684998154213,0.543585919889384,0.5035520454127913,KL/TAC4/ADRB2,3
GO:0010623,programmed cell death involved in cell development,3/828,26/18860,0.11538461538461539,2.628205128205128,1.7802338659765413,0.10384684998154213,0.543585919889384,0.5035520454127913,KITLG/KIT/SYCP2,3
GO:0010714,positive regulation of collagen metabolic process,3/828,26/18860,0.11538461538461539,2.628205128205128,1.7802338659765413,0.10384684998154213,0.543585919889384,0.5035520454127913,LARP6/F2/TGFB3,3
GO:0010881,regulation of cardiac muscle contraction by regulation of the release of sequestered calcium ion,3/828,26/18860,0.11538461538461539,2.628205128205128,1.7802338659765413,0.10384684998154213,0.543585919889384,0.5035520454127913,GSTM2/DMD/RYR2,3
GO:0032925,regulation of activin receptor signaling pathway,3/828,26/18860,0.11538461538461539,2.628205128205128,1.7802338659765413,0.10384684998154213,0.543585919889384,0.5035520454127913,ACVR2B/FST/DAND5,3
GO:0043043,peptide biosynthetic process,3/828,26/18860,0.11538461538461539,2.628205128205128,1.7802338659765413,0.10384684998154213,0.543585919889384,0.5035520454127913,SLC1A2/DMD/GGT7,3
GO:0043567,regulation of insulin-like growth factor receptor signaling pathway,3/828,26/18860,0.11538461538461539,2.628205128205128,1.7802338659765413,0.10384684998154213,0.543585919889384,0.5035520454127913,IGFBP2/AR/IGFBP5,3
GO:0045723,positive regulation of fatty acid biosynthetic process,3/828,26/18860,0.11538461538461539,2.628205128205128,1.7802338659765413,0.10384684998154213,0.543585919889384,0.5035520454127913,APOA5/GPIHBP1/EDN1,3
GO:0048011,neurotrophin TRK receptor signaling pathway,3/828,26/18860,0.11538461538461539,2.628205128205128,1.7802338659765413,0.10384684998154213,0.543585919889384,0.5035520454127913,CYFIP2/ZFYVE27/NDN,3
GO:0060575,intestinal epithelial cell differentiation,3/828,26/18860,0.11538461538461539,2.628205128205128,1.7802338659765413,0.10384684998154213,0.543585919889384,0.5035520454127913,GATA6/GATA5/NPY,3
GO:1901380,negative regulation of potassium ion transmembrane transport,3/828,26/18860,0.11538461538461539,2.628205128205128,1.7802338659765413,0.10384684998154213,0.543585919889384,0.5035520454127913,KCNE2/NEDD4L/KCNQ1,3
GO:0042755,eating behavior,4/828,41/18860,0.0975609756097561,2.2222222222222223,1.6787900334365389,0.10410030172284682,0.543585919889384,0.5035520454127913,GHRL/GUCA2B/ATP8A2/NPY,4
GO:0060306,regulation of membrane repolarization,4/828,41/18860,0.0975609756097561,2.2222222222222223,1.6787900334365389,0.10410030172284682,0.543585919889384,0.5035520454127913,KCNE2/NEDD4L/KCNQ1/KCNE4,4
GO:0072337,modified amino acid transport,4/828,41/18860,0.0975609756097561,2.2222222222222223,1.6787900334365389,0.10410030172284682,0.543585919889384,0.5035520454127913,FOLR1/SLC13A3/ABCC5/FOLR3,4
GO:0031638,zymogen activation,5/828,57/18860,0.08771929824561403,1.9980506822612083,1.6170706696547583,0.10429127869683721,0.543585919889384,0.5035520454127913,FGA/FGB/FGG/HPN/APOH,5
GO:0051480,regulation of cytosolic calcium ion concentration,5/828,57/18860,0.08771929824561403,1.9980506822612083,1.6170706696547583,0.10429127869683721,0.543585919889384,0.5035520454127913,RYR2/ERC2/F2/SLC8A2/NPY,5
GO:0060998,regulation of dendritic spine development,5/828,57/18860,0.08771929824561403,1.9980506822612083,1.6170706696547583,0.10429127869683721,0.543585919889384,0.5035520454127913,PTPRS/DBN1/CUX2/KIF1A/CAMK2B,5
GO:0062237,protein localization to postsynapse,5/828,57/18860,0.08771929824561403,1.9980506822612083,1.6170706696547583,0.10429127869683721,0.543585919889384,0.5035520454127913,ERBB4/RAPSN/ZDHHC2/CNIH3/CACNA2D2,5
GO:0060606,tube closure,7/828,91/18860,0.07692307692307693,1.7521367521367524,1.541166246008885,0.10494592279820913,0.5459724846201218,0.5057628450448305,DEAF1/FOLR1/CELSR1/ADM/PTK7/PRKACB/VANGL2,7
GO:0030111,regulation of Wnt signaling pathway,21/828,356/18860,0.05898876404494382,1.343632958801498,1.4026184586083974,0.10498561419286882,0.5459724846201218,0.5057628450448305,EDA/CDH2/FOLR1/PPP2R3A/CDK14/TMEM132A/IGFBP2/EGFR/APC2/PBXIP1/DAAM2/GPC3/TBL1X/ZNRF3/PTK7/SOX2/VANGL2/SOSTDC1/APCDD1/DCDC2/DKK1,21
GO:0060348,bone development,14/828,220/18860,0.06363636363636363,1.4494949494949494,1.4370297265293883,0.10574111015980525,0.5492828422024529,0.5088294022727471,RANBP3L/GHR/GHRL/CHAD/COL2A1/SMAD5/LEPR/LRRC17/CBS/SP5/ZBTB16/ATG9B/INSIG1/CSGALNACT1,14
GO:0099003,vesicle-mediated transport in synapse,16/828,259/18860,0.06177606177606178,1.407121407121407,1.4137031440633163,0.10725549326587164,0.5522968811055823,0.5116214640224948,SH3GL2/CDH2/DNAJC6/PACSIN1/RIMS4/RAPGEF4/ATP8A1/SUSD4/SLC2A4/PPP3CC/SYN2/ERC2/RIMS3/SLC18A2/SYNDIG1/NPY,16
GO:0030100,regulation of endocytosis,19/828,318/18860,0.059748427672955975,1.3609364081062194,1.3909724009943356,0.10834611702961627,0.5522968811055823,0.5116214640224948,SH3GL2/RAP1GAP/DNAJC6/PACSIN1/DGKD/HIP1R/SUSD4/NEDD4L/PPP3CC/APOA5/GPC3/PRKD1/SFTPD/ABCA2/TF/SCAMP5/PACSIN3/PRTN3/DKK1,19
GO:0060041,retina development in camera-type eye,12/828,183/18860,0.06557377049180328,1.493624772313297,1.437876153476835,0.10845882009911012,0.5522968811055823,0.5116214640224948,SMARCD3/FZD4/CELF4/PTPRM/PTF1A/CLDN19/ACVR2B/LAMB2/OPN4/TFAP2B/PAX4/ATP8A2,12
GO:0071453,cellular response to oxygen levels,12/828,183/18860,0.06557377049180328,1.493624772313297,1.437876153476835,0.10845882009911012,0.5522968811055823,0.5116214640224948,KCNK2/BNIP3/SLC2A4/SIRT4/SLC29A1/CBS/GATA6/MT3/SOX2/RORA/SCN2A/EDN1,12
GO:0009164,nucleoside catabolic process,2/828,13/18860,0.15384615384615385,3.5042735042735047,1.9354629794943865,0.10907205620794523,0.5522968811055823,0.5116214640224948,ENPP4/ADA,2
GO:0021670,lateral ventricle development,2/828,13/18860,0.15384615384615385,3.5042735042735047,1.9354629794943865,0.10907205620794523,0.5522968811055823,0.5116214640224948,CDK6/ATP1B2,2
GO:0042045,epithelial fluid transport,2/828,13/18860,0.15384615384615385,3.5042735042735047,1.9354629794943865,0.10907205620794523,0.5522968811055823,0.5116214640224948,SCNN1B/EDN1,2
GO:0042117,monocyte activation,2/828,13/18860,0.15384615384615385,3.5042735042735047,1.9354629794943865,0.10907205620794523,0.5522968811055823,0.5116214640224948,MT1G/NPY,2
GO:0042939,tripeptide transport,2/828,13/18860,0.15384615384615385,3.5042735042735047,1.9354629794943865,0.10907205620794523,0.5522968811055823,0.5116214640224948,SLC13A3/ABCC5,2
GO:0043568,positive regulation of insulin-like growth factor receptor signaling pathway,2/828,13/18860,0.15384615384615385,3.5042735042735047,1.9354629794943865,0.10907205620794523,0.5522968811055823,0.5116214640224948,AR/IGFBP5,2
GO:0050655,dermatan sulfate proteoglycan metabolic process,2/828,13/18860,0.15384615384615385,3.5042735042735047,1.9354629794943865,0.10907205620794523,0.5522968811055823,0.5116214640224948,IDUA/CSGALNACT1,2
GO:0051451,myoblast migration,2/828,13/18860,0.15384615384615385,3.5042735042735047,1.9354629794943865,0.10907205620794523,0.5522968811055823,0.5116214640224948,SIX4/SIX1,2
GO:0051610,serotonin uptake,2/828,13/18860,0.15384615384615385,3.5042735042735047,1.9354629794943865,0.10907205620794523,0.5522968811055823,0.5116214640224948,SLC18A2/GPM6B,2
GO:0060075,regulation of resting membrane potential,2/828,13/18860,0.15384615384615385,3.5042735042735047,1.9354629794943865,0.10907205620794523,0.5522968811055823,0.5116214640224948,NALCN/KCNJ10,2
GO:0070170,regulation of tooth mineralization,2/828,13/18860,0.15384615384615385,3.5042735042735047,1.9354629794943865,0.10907205620794523,0.5522968811055823,0.5116214640224948,WNT6/SLC4A2,2
GO:0071415,cellular response to purine-containing compound,2/828,13/18860,0.15384615384615385,3.5042735042735047,1.9354629794943865,0.10907205620794523,0.5522968811055823,0.5116214640224948,GSTM2/RYR2,2
GO:0072310,glomerular epithelial cell development,2/828,13/18860,0.15384615384615385,3.5042735042735047,1.9354629794943865,0.10907205620794523,0.5522968811055823,0.5116214640224948,NPHS1/LAMB2,2
GO:0086100,endothelin receptor signaling pathway,2/828,13/18860,0.15384615384615385,3.5042735042735047,1.9354629794943865,0.10907205620794523,0.5522968811055823,0.5116214640224948,EDN1/SIX1,2
GO:0110095,cellular detoxification of aldehyde,2/828,13/18860,0.15384615384615385,3.5042735042735047,1.9354629794943865,0.10907205620794523,0.5522968811055823,0.5116214640224948,ALDH1A1/RDH12,2
GO:1900115,extracellular regulation of signal transduction,2/828,13/18860,0.15384615384615385,3.5042735042735047,1.9354629794943865,0.10907205620794523,0.5522968811055823,0.5116214640224948,GREM2/DAND5,2
GO:1900116,extracellular negative regulation of signal transduction,2/828,13/18860,0.15384615384615385,3.5042735042735047,1.9354629794943865,0.10907205620794523,0.5522968811055823,0.5116214640224948,GREM2/DAND5,2
GO:1905064,negative regulation of vascular associated smooth muscle cell differentiation,2/828,13/18860,0.15384615384615385,3.5042735042735047,1.9354629794943865,0.10907205620794523,0.5522968811055823,0.5116214640224948,NFATC2/PDCD4,2
GO:1905065,positive regulation of vascular associated smooth muscle cell differentiation,2/828,13/18860,0.15384615384615385,3.5042735042735047,1.9354629794943865,0.10907205620794523,0.5522968811055823,0.5116214640224948,KIT/EFEMP2,2
GO:0010660,regulation of muscle cell apoptotic process,7/828,92/18860,0.07608695652173914,1.7330917874396135,1.5104133650632101,0.10955207374444415,0.5535136504943579,0.5127486210957285,GRIA4/BNIP3/PDCD4/SIRT4/NUPR1/APOH/EDN1,7
GO:0060021,roof of mouth development,7/828,92/18860,0.07608695652173914,1.7330917874396135,1.5104133650632101,0.10955207374444415,0.5535136504943579,0.5127486210957285,COL2A1/EPHB3/ACVR2B/WDPCP/GABRB3/TGFB3/INSIG1,7
GO:0010656,negative regulation of muscle cell apoptotic process,5/828,58/18860,0.08620689655172414,1.96360153256705,1.5749327134250235,0.11025195822151145,0.5558335623001527,0.5148976766401087,GRIA4/SIRT4/NUPR1/APOH/EDN1,5
GO:2000107,negative regulation of leukocyte apoptotic process,5/828,58/18860,0.08620689655172414,1.96360153256705,1.5749327134250235,0.11025195822151145,0.5558335623001527,0.5148976766401087,ST3GAL1/TSC22D3/KITLG/RORC/ADA,5
GO:0021915,neural tube development,11/828,165/18860,0.06666666666666667,1.5185185185185184,1.4334945897279945,0.11091173926663163,0.5585500675390457,0.5174141174075544,DEAF1/FOLR1/CELSR1/FOXA1/ADM/WDPCP/PTK7/PRKACB/VANGL2/PHGDH/FERD3L,11
GO:0015844,monoamine transport,6/828,75/18860,0.08,1.8222222222222222,1.5288567378832112,0.11119335548490826,0.5591885762700658,0.5180056014135871,SLC6A2/CHGA/FGF20/FFAR3/SLC18A2/GPM6B,6
GO:0099622,cardiac muscle cell membrane repolarization,4/828,42/18860,0.09523809523809523,2.1693121693121693,1.625627105030806,0.11128720945099697,0.5591885762700658,0.5180056014135871,KCNE2/KCNQ1/KCNE4/KCNJ8,4
GO:0034284,response to monosaccharide,14/828,222/18860,0.06306306306306306,1.4364364364364364,1.4016848646456317,0.11152288409370521,0.5591885762700658,0.5180056014135871,IGF1R/PDE8B/GLUL/FUT1/GHRL/ACVR2B/OXCT1/PRKAA2/SLC29A1/SIDT2/PLA2G6/ABCC8/PTPRN/GUCA2B,14
GO:0071383,cellular response to steroid hormone stimulus,14/828,222/18860,0.06306306306306306,1.4364364364364364,1.4016848646456317,0.11152288409370521,0.5591885762700658,0.5180056014135871,ESRRG/ZMIZ1/AR/CYP7B1/SGK1/BCL2L11/FOXA1/SCNN1B/SCNN1G/SSTR2/FAM107A/EDN1/PAQR7/SCGB2A1,14
GO:0006760,folic acid-containing compound metabolic process,3/828,27/18860,0.1111111111111111,2.5308641975308643,1.7057341501303995,0.11320658051790196,0.5627427221008301,0.52129799243641,FOLR1/ALDH1L2/ALDH1L1,3
GO:0009081,branched-chain amino acid metabolic process,3/828,27/18860,0.1111111111111111,2.5308641975308643,1.7057341501303995,0.11320658051790196,0.5627427221008301,0.52129799243641,ALDH6A1/BCAT2/ACAT1,3
GO:0022038,corpus callosum development,3/828,27/18860,0.1111111111111111,2.5308641975308643,1.7057341501303995,0.11320658051790196,0.5627427221008301,0.52129799243641,PTPRS/EPHB3/NIN,3
GO:0042278,purine nucleoside metabolic process,3/828,27/18860,0.1111111111111111,2.5308641975308643,1.7057341501303995,0.11320658051790196,0.5627427221008301,0.52129799243641,GNMT/ENPP4/ADA,3
GO:0042745,circadian sleep/wake cycle,3/828,27/18860,0.1111111111111111,2.5308641975308643,1.7057341501303995,0.11320658051790196,0.5627427221008301,0.52129799243641,GHRL/ADA/GABRB3,3
GO:0042983,amyloid precursor protein biosynthetic process,3/828,27/18860,0.1111111111111111,2.5308641975308643,1.7057341501303995,0.11320658051790196,0.5627427221008301,0.52129799243641,ITM2A/ABCA2/NECAB3,3
GO:0042984,regulation of amyloid precursor protein biosynthetic process,3/828,27/18860,0.1111111111111111,2.5308641975308643,1.7057341501303995,0.11320658051790196,0.5627427221008301,0.52129799243641,ITM2A/ABCA2/NECAB3,3
GO:0071379,cellular response to prostaglandin stimulus,3/828,27/18860,0.1111111111111111,2.5308641975308643,1.7057341501303995,0.11320658051790196,0.5627427221008301,0.52129799243641,P2RY4/PRKAA2/PTGDR2,3
GO:0042593,glucose homeostasis,17/828,281/18860,0.060498220640569395,1.3780150257018584,1.3680551484117074,0.11394746867825704,0.5658165702754743,0.5241454586399963,IGF1R/PDE8B/FUT1/GHRL/LEPR/SLC2A4/OXCT1/PRKAA2/SLC29A1/SIDT2/PLA2G6/PPARGC1A/FOXA1/ABCC8/IGFBP5/PTPRN/GUCA2B,17
GO:0106027,neuron projection organization,7/828,93/18860,0.07526881720430108,1.7144563918757467,1.4800361478506683,0.11426403173760862,0.5667790532376763,0.5250370569072774,IGF1R/DBN1/EPHB3/PAK3/CUX2/KIF1A/CAMK2B,7
GO:0046683,response to organophosphorus,9/828,129/18860,0.06976744186046512,1.5891472868217056,1.4387681142824484,0.11447769530763777,0.5672296104406344,0.5254544315905126,P2RY4/CRTC1/DUOX1/KCNQ1/MMP19/IGFBP5/KCNJ8/CDO1/KCNJ11,9
GO:0007009,plasma membrane organization,12/828,185/18860,0.06486486486486487,1.4774774774774777,1.3984952610895243,0.11495321914237933,0.5673941225386465,0.5256068277443094,FOLR1/PACSIN1/SERPINA5/AR/A4GALT/COLEC12/DMKN/SYPL2/MICALL1/PACSIN3/FOLR3/ATG9B,12
GO:0043604,amide biosynthetic process,12/828,185/18860,0.06486486486486487,1.4774774774774777,1.3984952610895243,0.11495321914237933,0.5673941225386465,0.5256068277443094,SLC1A2/ST3GAL1/PM20D1/GGT7/SIRT4/CERS4/ACAT1/PLA2G6/PNPLA1/CYP4F22/ASNS/CARNS1,12
GO:0021549,cerebellum development,8/828,111/18860,0.07207207207207207,1.6416416416416417,1.4528391201463131,0.11507237551248331,0.5673941225386465,0.5256068277443094,FZD4/PTF1A/PTPRS/SEZ6L2/CD3E/CBS/GABRB3/RORA,8
GO:0006631,fatty acid metabolic process,24/828,421/18860,0.057007125890736345,1.2984956452889946,1.3272811136443965,0.11610090974255058,0.5673941225386465,0.5256068277443094,PLIN5/ANGPTL3/ACADL/GSTM2/ECHDC3/CYP2C8/FABP3/PM20D1/PRKAA2/SIRT4/APOA5/ECI2/PLA2G1B/ACAT1/ACSM2B/PPARGC1A/ALDH1L2/GPIHBP1/ALOX15B/ADH7/FMO2/INSIG1/EDN1/SLC22A13,24
GO:0006584,catecholamine metabolic process,5/828,59/18860,0.0847457627118644,1.9303201506591334,1.5336296923357253,0.11637393235753596,0.5673941225386465,0.5256068277443094,PDE1B/HDC/RNF180/KL/NPY,5
GO:0009712,catechol-containing compound metabolic process,5/828,59/18860,0.0847457627118644,1.9303201506591334,1.5336296923357253,0.11637393235753596,0.5673941225386465,0.5256068277443094,PDE1B/HDC/RNF180/KL/NPY,5
GO:0035315,hair cell differentiation,5/828,59/18860,0.0847457627118644,1.9303201506591334,1.5336296923357253,0.11637393235753596,0.5673941225386465,0.5256068277443094,ANKRD24/LHFPL5/WDPCP/KCNQ1/FGF20,5
GO:0042304,regulation of fatty acid biosynthetic process,5/828,59/18860,0.0847457627118644,1.9303201506591334,1.5336296923357253,0.11637393235753596,0.5673941225386465,0.5256068277443094,ACADL/APOA5/GPIHBP1/INSIG1/EDN1,5
GO:0046365,monosaccharide catabolic process,5/828,59/18860,0.0847457627118644,1.9303201506591334,1.5336296923357253,0.11637393235753596,0.5673941225386465,0.5256068277443094,FUT1/GALT/TKTL1/PGAM2/FUT9,5
GO:1903018,regulation of glycoprotein metabolic process,5/828,59/18860,0.0847457627118644,1.9303201506591334,1.5336296923357253,0.11637393235753596,0.5673941225386465,0.5256068277443094,IL33/ITM2A/ABCA2/NECAB3/RAMP1,5
GO:0002028,regulation of sodium ion transport,6/828,76/18860,0.07894736842105263,1.7982456140350875,1.4941763106943406,0.1165230596745187,0.5673941225386465,0.5256068277443094,FGF13/FXYD4/DMD/NEDD4L/ATP1B2/ADRB2,6
GO:0006801,superoxide metabolic process,6/828,76/18860,0.07894736842105263,1.7982456140350875,1.4941763106943406,0.1165230596745187,0.5673941225386465,0.5256068277443094,DUOX1/CBS/MT3/PON3/EDN1/SOD3,6
GO:0048488,synaptic vesicle endocytosis,6/828,76/18860,0.07894736842105263,1.7982456140350875,1.4941763106943406,0.1165230596745187,0.5673941225386465,0.5256068277443094,SH3GL2/DNAJC6/PACSIN1/ATP8A1/SLC2A4/PPP3CC,6
GO:1903036,positive regulation of response to wounding,6/828,76/18860,0.07894736842105263,1.7982456140350875,1.4941763106943406,0.1165230596745187,0.5673941225386465,0.5256068277443094,VEGFB/DUOX1/APOH/ENPP4/F2/HRG,6
GO:0008406,gonad development,15/828,243/18860,0.06172839506172839,1.4060356652949244,1.3651017376122785,0.11654239689908663,0.5673941225386465,0.5256068277443094,FZD4/REC8/AR/NUPR1/GATA6/BCL2L11/KITLG/KIT/MMP19/SIX4/FST/PTPRN/GAS2/AFP/AMHR2,15
GO:0031669,cellular response to nutrient levels,17/828,282/18860,0.06028368794326241,1.3731284475965326,1.3528074473385412,0.11659961504746115,0.5673941225386465,0.5256068277443094,GPR155/FOLR1/GABARAPL1/LAMP2/GLUL/PAK3/PRKAA2/ULK1/ALB/PRKD1/ABCC8/RNF152/ASNS/PRKACB/FAM107A/POSTN/KCNJ11,17
GO:0033500,carbohydrate homeostasis,17/828,282/18860,0.06028368794326241,1.3731284475965326,1.3528074473385412,0.11659961504746115,0.5673941225386465,0.5256068277443094,IGF1R/PDE8B/FUT1/GHRL/LEPR/SLC2A4/OXCT1/PRKAA2/SLC29A1/SIDT2/PLA2G6/PPARGC1A/FOXA1/ABCC8/IGFBP5/PTPRN/GUCA2B,17
GO:0062013,positive regulation of small molecule metabolic process,11/828,167/18860,0.0658682634730539,1.5003326679973388,1.3916503779624765,0.11788415628292796,0.5730410881205908,0.530837907073484,PLIN5/PRKAA2/APOA5/GNAI1/PPARGC1A/SORBS1/ADM/GPIHBP1/PTH1R/INSIG1/EDN1,11
GO:0052652,cyclic purine nucleotide metabolic process,4/828,43/18860,0.09302325581395349,2.1188630490956073,1.5739412442448693,0.11868804926575964,0.5751326458649297,0.5327754263169462,PDE8B/NPR3/ADCY1/RORA,4
GO:0061001,regulation of dendritic spine morphogenesis,4/828,43/18860,0.09302325581395349,2.1188630490956073,1.5739412442448693,0.11868804926575964,0.5751326458649297,0.5327754263169462,DBN1/CUX2/KIF1A/CAMK2B,4
GO:2000008,regulation of protein localization to cell surface,4/828,43/18860,0.09302325581395349,2.1188630490956073,1.5739412442448693,0.11868804926575964,0.5751326458649297,0.5327754263169462,ERBB4/NEDD4L/ABCA2/GPM6B,4
GO:0048145,regulation of fibroblast proliferation,7/828,94/18860,0.07446808510638298,1.6962174940898345,1.4500252064853714,0.11908060217122975,0.5764300008666027,0.5339772340548138,ZMIZ1/PDGFD/EGFR/CDK6/NUPR1/PLA2G1B/FBLN1,7
GO:0042632,cholesterol homeostasis,8/828,112/18860,0.07142857142857142,1.626984126984127,1.4260693123555859,0.11946372604459131,0.5776790438470395,0.5351342878426224,ANGPTL3/FABP3/APOA5/CYP7B1/ABCA2/GPIHBP1/RORA/INSIG1,8
GO:0061351,neural precursor cell proliferation,11/828,168/18860,0.06547619047619048,1.4914021164021165,1.3709333031559892,0.12146127162369519,0.581677155393074,0.5388379475091638,SMARCD3/FGF13/CDH2/DBN1/PTPRZ1/TOX/NES/RORA/ZNF503/RASSF10/ID4,11
GO:0035265,organ growth,12/828,187/18860,0.06417112299465241,1.4616755793226384,1.3595751147399338,0.12166714543150121,0.581677155393074,0.5388379475091638,KCNK2/ERBB4/LEPR/ACVR2B/AR/SORBS2/GATA6/CACNA2D2/BCL2L11/FGF20/EDN1/PSAPL1,12
GO:0001952,regulation of cell-matrix adhesion,9/828,131/18860,0.06870229007633588,1.5648854961832062,1.3902449505685692,0.12261877122845932,0.581677155393074,0.5388379475091638,FUT1/CDK6/CD3E/WDPCP/EFEMP2/HRG/FAM107A/POSTN/GPM6B,9
GO:0030431,sleep,3/828,28/18860,0.10714285714285714,2.4404761904761902,1.6345169420364711,0.12287227529296003,0.581677155393074,0.5388379475091638,GHRL/ADA/GABRB3,3
GO:0048745,smooth muscle tissue development,3/828,28/18860,0.10714285714285714,2.4404761904761902,1.6345169420364711,0.12287227529296003,0.581677155393074,0.5388379475091638,EFEMP2/TFAP2B/SIX1,3
GO:0072010,glomerular epithelium development,3/828,28/18860,0.10714285714285714,2.4404761904761902,1.6345169420364711,0.12287227529296003,0.581677155393074,0.5388379475091638,NPHS1/LAMB2/EDN1,3
GO:0006241,CTP biosynthetic process,2/828,14/18860,0.14285714285714285,3.253968253968254,1.8078182598861523,0.12369141762581175,0.581677155393074,0.5388379475091638,NME9/NME3,2
GO:0006563,L-serine metabolic process,2/828,14/18860,0.14285714285714285,3.253968253968254,1.8078182598861523,0.12369141762581175,0.581677155393074,0.5388379475091638,CBS/PHGDH,2
GO:0007567,parturition,2/828,14/18860,0.14285714285714285,3.253968253968254,1.8078182598861523,0.12369141762581175,0.581677155393074,0.5388379475091638,LDOC1/EDN1,2
GO:0010635,regulation of mitochondrial fusion,2/828,14/18860,0.14285714285714285,3.253968253968254,1.8078182598861523,0.12369141762581175,0.581677155393074,0.5388379475091638,BNIP3/PLD6,2
GO:0014733,regulation of skeletal muscle adaptation,2/828,14/18860,0.14285714285714285,3.253968253968254,1.8078182598861523,0.12369141762581175,0.581677155393074,0.5388379475091638,IGFBP5/CAMK2B,2
GO:0030238,male sex determination,2/828,14/18860,0.14285714285714285,3.253968253968254,1.8078182598861523,0.12369141762581175,0.581677155393074,0.5388379475091638,AR/SIX4,2
GO:0032352,positive regulation of hormone metabolic process,2/828,14/18860,0.14285714285714285,3.253968253968254,1.8078182598861523,0.12369141762581175,0.581677155393074,0.5388379475091638,HPN/ADM,2
GO:0033148,positive regulation of intracellular estrogen receptor signaling pathway,2/828,14/18860,0.14285714285714285,3.253968253968254,1.8078182598861523,0.12369141762581175,0.581677155393074,0.5388379475091638,AR/FOXA1,2
GO:0035437,maintenance of protein localization in endoplasmic reticulum,2/828,14/18860,0.14285714285714285,3.253968253968254,1.8078182598861523,0.12369141762581175,0.581677155393074,0.5388379475091638,PDIA2/INSIG1,2
GO:0035933,glucocorticoid secretion,2/828,14/18860,0.14285714285714285,3.253968253968254,1.8078182598861523,0.12369141762581175,0.581677155393074,0.5388379475091638,GHRL/KCNQ1,2
GO:0036065,fucosylation,2/828,14/18860,0.14285714285714285,3.253968253968254,1.8078182598861523,0.12369141762581175,0.581677155393074,0.5388379475091638,FUT1/FUT9,2
GO:0045989,positive regulation of striated muscle contraction,2/828,14/18860,0.14285714285714285,3.253968253968254,1.8078182598861523,0.12369141762581175,0.581677155393074,0.5388379475091638,KCNQ1/CHGA,2
GO:0046348,amino sugar catabolic process,2/828,14/18860,0.14285714285714285,3.253968253968254,1.8078182598861523,0.12369141762581175,0.581677155393074,0.5388379475091638,CHIA/ALDH1A1,2
GO:0048103,somatic stem cell division,2/828,14/18860,0.14285714285714285,3.253968253968254,1.8078182598861523,0.12369141762581175,0.581677155393074,0.5388379475091638,VANGL2/FUT9,2
GO:0051608,histamine transport,2/828,14/18860,0.14285714285714285,3.253968253968254,1.8078182598861523,0.12369141762581175,0.581677155393074,0.5388379475091638,SLC18A2/EDN1,2
GO:0061469,regulation of type B pancreatic cell proliferation,2/828,14/18860,0.14285714285714285,3.253968253968254,1.8078182598861523,0.12369141762581175,0.581677155393074,0.5388379475091638,NUPR1/PTPRN,2
GO:0070944,neutrophil-mediated killing of bacterium,2/828,14/18860,0.14285714285714285,3.253968253968254,1.8078182598861523,0.12369141762581175,0.581677155393074,0.5388379475091638,SCNN1B/F2,2
GO:0072075,metanephric mesenchyme development,2/828,14/18860,0.14285714285714285,3.253968253968254,1.8078182598861523,0.12369141762581175,0.581677155393074,0.5388379475091638,SIX4/SIX1,2
GO:0099509,regulation of presynaptic cytosolic calcium ion concentration,2/828,14/18860,0.14285714285714285,3.253968253968254,1.8078182598861523,0.12369141762581175,0.581677155393074,0.5388379475091638,ERC2/NPY,2
GO:1900025,negative regulation of substrate adhesion-dependent cell spreading,2/828,14/18860,0.14285714285714285,3.253968253968254,1.8078182598861523,0.12369141762581175,0.581677155393074,0.5388379475091638,FBLN1/POSTN,2
GO:1905208,negative regulation of cardiocyte differentiation,2/828,14/18860,0.14285714285714285,3.253968253968254,1.8078182598861523,0.12369141762581175,0.581677155393074,0.5388379475091638,EGFR/DKK1,2
GO:0055092,sterol homeostasis,8/828,113/18860,0.07079646017699115,1.6125860373647984,1.3995646837706865,0.12394295980262425,0.5822671295712297,0.5393844714224608,ANGPTL3/FABP3/APOA5/CYP7B1/ABCA2/GPIHBP1/RORA/INSIG1,8
GO:0046328,regulation of JNK cascade,10/828,150/18860,0.06666666666666667,1.5185185185185184,1.366235471136221,0.12436101118068715,0.5836373471874119,0.5406537756079509,IGF1R/DUSP19/MBIP/TPD52L1/GADD45B/MECOM/PDCD4/CBS/EDN1/DKK1,10
GO:1902652,secondary alcohol metabolic process,11/828,169/18860,0.0650887573964497,1.4825772518080211,1.3503504040720167,0.1250985405860906,0.5865025994178339,0.5433080084871731,ANGPTL3/ACADL/TM7SF2/LEPR/PRKAA2/APOA5/CYP7B1/GNAI1/SULT2A1/IDH2/INSIG1,11
GO:0015711,organic anion transport,26/828,466/18860,0.055793991416309016,1.2708631378159274,1.2686952732073176,0.12588673166104888,0.5873443135415335,0.5440877322679657,SLC26A7/SLC16A7/KCNK2/FOLR1/SLC1A2/FABP3/SLC2A4/SLC13A3/RBP7/SLC4A2/PLA2G1B/SLC22A10/SLC22A12/SLC26A9/CA4/ABCC8/SLC10A1/ABCC5/SLC16A10/KCNJ10/SLC25A47/FOLR3/EDN1/KCNJ8/SLC6A5/SLC22A13,26
GO:0009187,cyclic nucleotide metabolic process,4/828,44/18860,0.09090909090909091,2.0707070707070705,1.5236524207774695,0.12629556157356925,0.5873443135415335,0.5440877322679657,PDE8B/NPR3/ADCY1/RORA,4
GO:0030501,positive regulation of bone mineralization,4/828,44/18860,0.09090909090909091,2.0707070707070705,1.5236524207774695,0.12629556157356925,0.5873443135415335,0.5440877322679657,ACVR2B/KL/ADRB2/GPM6B,4
GO:0045745,positive regulation of G protein-coupled receptor signaling pathway,4/828,44/18860,0.09090909090909091,2.0707070707070705,1.5236524207774695,0.12629556157356925,0.5873443135415335,0.5440877322679657,PTGDR2/CHGA/F2/EDN1,4
GO:0051938,L-glutamate import,4/828,44/18860,0.09090909090909091,2.0707070707070705,1.5236524207774695,0.12629556157356925,0.5873443135415335,0.5440877322679657,SLC1A2/ABCC8/KCNJ10/KCNJ8,4
GO:0060416,response to growth hormone,4/828,44/18860,0.09090909090909091,2.0707070707070705,1.5236524207774695,0.12629556157356925,0.5873443135415335,0.5440877322679657,GHR/GHRL/CSH1/IGFBP5,4
GO:0071542,dopaminergic neuron differentiation,4/828,44/18860,0.09090909090909091,2.0707070707070705,1.5236524207774695,0.12629556157356925,0.5873443135415335,0.5440877322679657,FOXA1/FGF20/FERD3L/DKK1,4
GO:2000378,negative regulation of reactive oxygen species metabolic process,4/828,44/18860,0.09090909090909091,2.0707070707070705,1.5236524207774695,0.12629556157356925,0.5873443135415335,0.5440877322679657,PLIN5/MT3/PON3/SLC18A2,4
GO:0007178,cell surface receptor protein serine/threonine kinase signaling pathway,25/828,446/18860,0.05605381165919283,1.2767812655705033,1.267601078530171,0.1266037013211474,0.5879300729491229,0.5446303518190231,GDF5/GPR155/FOLR1/ZMIZ1/RGMB/SMAD5/ACVR2B/PDCD4/RBPMS2/TGFB1I1/GPC3/GREM2/BMPER/FMOD/CHST11/CFC1/FST/SMAD9/GCNT2/TGFB3/TFAP2B/SOSTDC1/DAND5/AMHR2/DKK1,25
GO:0044706,multi-multicellular organism process,14/828,227/18860,0.06167400881057269,1.4047968673519335,1.3148046423489625,0.12678114442054647,0.5879300729491229,0.5446303518190231,IGFBP2/GHRL/EPOR/SERPINA5/ACVR2B/AR/LDOC1/CBS/STOX2/ABCC8/IGFBP5/SYDE1/FBLN1/EDN1,14
GO:0010977,negative regulation of neuron projection development,9/828,132/18860,0.06818181818181818,1.5530303030303028,1.3662895399431274,0.12680345445156485,0.5879300729491229,0.5446303518190231,FGF13/PTPRS/ULK1/ULK2/MT3/FIGNL2/DENND5A/NTN1/DKK1,9
GO:0046470,phosphatidylcholine metabolic process,6/828,78/18860,0.07692307692307693,1.7521367521367524,1.4263488061178422,0.12755734125328083,0.5896494513590099,0.5462231018948773,TMEM86B/FABP3/PRKAA2/PLA2G1B/PLA2G6/PNPLA7,6
GO:0050772,positive regulation of axonogenesis,6/828,78/18860,0.07692307692307693,1.7521367521367524,1.4263488061178422,0.12755734125328083,0.5896494513590099,0.5462231018948773,ROBO3/NIN/ZFYVE27/NEFL/CHODL/NTN1,6
GO:2000242,negative regulation of reproductive process,6/828,78/18860,0.07692307692307693,1.7521367521367524,1.4263488061178422,0.12755734125328083,0.5896494513590099,0.5462231018948773,PTGDR2/KIT/ADA/SYCP2/NLRP5/SPINK13,6
GO:0009743,response to carbohydrate,15/828,247/18860,0.06072874493927125,1.3832658569500675,1.2992507294414593,0.12842436273747804,0.590223429947547,0.5467548082575805,IGF1R/PDE8B/GLUL/FUT1/GHRL/ACVR2B/OXCT1/PRKAA2/SLC29A1/SIDT2/COLEC12/PLA2G6/ABCC8/PTPRN/GUCA2B,15
GO:0048144,fibroblast proliferation,8/828,114/18860,0.07017543859649122,1.5984405458089668,1.3733197917513673,0.12850913052305635,0.590223429947547,0.5467548082575805,ZMIZ1/PDGFD/EGFR/CDK6/NUPR1/PLA2G1B/FBLN1/KCNJ8,8
GO:0008306,associative learning,7/828,96/18860,0.07291666666666667,1.6608796296296298,1.3910662677465917,0.12902228282238148,0.590223429947547,0.5467548082575805,DRD5/DEAF1/PDE1B/PDE8B/B3GAT1/KIT/ABCC8,7
GO:0045104,intermediate filament cytoskeleton organization,7/828,96/18860,0.07291666666666667,1.6608796296296298,1.3910662677465917,0.12902228282238148,0.590223429947547,0.5467548082575805,INA/NEFL/NES/KRT26/KRT73/KRT9/ATP8A2,7
GO:0060996,dendritic spine development,7/828,96/18860,0.07291666666666667,1.6608796296296298,1.3910662677465917,0.12902228282238148,0.590223429947547,0.5467548082575805,PTPRS/DBN1/EPHB3/PAK3/CUX2/KIF1A/CAMK2B,7
GO:2000177,regulation of neural precursor cell proliferation,7/828,96/18860,0.07291666666666667,1.6608796296296298,1.3910662677465917,0.12902228282238148,0.590223429947547,0.5467548082575805,SMARCD3/CDH2/PTPRZ1/TOX/NES/RASSF10/ID4,7
GO:0001658,branching involved in ureteric bud morphogenesis,5/828,61/18860,0.08196721311475409,1.8670309653916208,1.4533984782331504,0.12908741105392432,0.590223429947547,0.5467548082575805,GPC3/WNT6/SIX4/TMEM59L/SIX1,5
GO:0001954,positive regulation of cell-matrix adhesion,5/828,61/18860,0.08196721311475409,1.8670309653916208,1.4533984782331504,0.12908741105392432,0.590223429947547,0.5467548082575805,FUT1/CDK6/CD3E/EFEMP2/HRG,5
GO:0042733,embryonic digit morphogenesis,5/828,61/18860,0.08196721311475409,1.8670309653916208,1.4533984782331504,0.12908741105392432,0.590223429947547,0.5467548082575805,FREM2/BCL2L11/WDPCP/CHST11/ZBTB16,5
GO:0060986,endocrine hormone secretion,5/828,61/18860,0.08196721311475409,1.8670309653916208,1.4533984782331504,0.12908741105392432,0.590223429947547,0.5467548082575805,FZD4/GHRL/C1QTNF3/KCNQ1/TRPV6,5
GO:0070231,T cell apoptotic process,5/828,61/18860,0.08196721311475409,1.8670309653916208,1.4533984782331504,0.12908741105392432,0.590223429947547,0.5467548082575805,ST3GAL1/TSC22D3/BCL2L11/RORC/ADA,5
GO:0009612,response to mechanical stimulus,14/828,228/18860,0.06140350877192982,1.3986354775828458,1.2976757300643433,0.1299693757652257,0.5936682267891318,0.5499459035971442,GDF5/CDH2/KCNK2/IGFBP2/DMD/HPN/BNIP3/RYR2/KIT/LHFPL5/KCNQ1/EDN1/POSTN/ATP8A2,14
GO:0051384,response to glucocorticoid,9/828,133/18860,0.06766917293233082,1.5413533834586466,1.3425334648247396,0.1310633089919554,0.5974830808734946,0.553479802299898,GHR/IGFBP2/ALAD/BCL2L11/NEFL/SSTR2/FAM107A/EDN1/CDO1,9
GO:0062014,negative regulation of small molecule metabolic process,9/828,133/18860,0.06766917293233082,1.5413533834586466,1.3425334648247396,0.1310633089919554,0.5974830808734946,0.553479802299898,PLIN5/ACADL/LEPR/SIRT4/NUPR1/C1QTNF3/FMO2/INSIG1/SLC22A13,9
GO:0045137,development of primary sexual characteristics,15/828,248/18860,0.06048387096774194,1.3776881720430108,1.2829663098584736,0.1314997821499327,0.59888165085639955,0.5547753707643792,FZD4/REC8/AR/NUPR1/GATA6/BCL2L11/KITLG/KIT/MMP19/SIX4/FST/PTPRN/GAS2/AFP/AMHR2,15
GO:0034695,response to prostaglandin E,3/828,29/18860,0.10344827586206896,2.3563218390804597,1.5663096053924768,0.13282547410922438,0.6019509709876332,0.5576186424047187,P2RY4/PRKAA2/GNAI1,3
GO:0042178,xenobiotic catabolic process,3/828,29/18860,0.10344827586206896,2.3563218390804597,1.5663096053924768,0.13282547410922438,0.6019509709876332,0.5576186424047187,GSTM2/CYP2C8/GSTM3,3
GO:0045686,negative regulation of glial cell differentiation,3/828,29/18860,0.10344827586206896,2.3563218390804597,1.5663096053924768,0.13282547410922438,0.6019509709876332,0.5576186424047187,DAAM2/F2/ID4,3
GO:0045907,positive regulation of vasoconstriction,3/828,29/18860,0.10344827586206896,2.3563218390804597,1.5663096053924768,0.13282547410922438,0.6019509709876332,0.5576186424047187,FGA/FGB/FGG,3
GO:0048520,positive regulation of behavior,3/828,29/18860,0.10344827586206896,2.3563218390804597,1.5663096053924768,0.13282547410922438,0.6019509709876332,0.5576186424047187,GHRL/RXFP4/NPY,3
GO:0050730,regulation of peptidyl-tyrosine phosphorylation,6/828,79/18860,0.0759493670886076,1.729957805907173,1.3931712246637349,0.1332574741763267,0.6033166821041928,0.5588837719840987,VEGFB/ERBB4/EGFR/CTF1/KIT/HRG,6
GO:0120033,negative regulation of plasma membrane bounded cell projection assembly,4/828,45/18860,0.08888888888888889,2.0246913580246915,1.4746867167435584,0.13410219202748086,0.6043700235197438,0.5598595371849829,RAP1GAP/ARHGAP24/EVL/HRG,4
GO:0014020,primary neural tube formation,7/828,97/18860,0.07216494845360824,1.6437571592210767,1.3621011167862038,0.134144494176643,0.6043700235197438,0.5598595371849829,DEAF1/FOLR1/CELSR1/ADM/PTK7/PRKACB/VANGL2,7
GO:0021675,nerve development,7/828,97/18860,0.07216494845360824,1.6437571592210767,1.3621011167862038,0.134144494176643,0.6043700235197438,0.5598595371849829,NRTN/LRIG1/GABRB3/SIX4/GABRB2/EDN1/SIX1,7
GO:0045103,intermediate filament-based process,7/828,97/18860,0.07216494845360824,1.6437571592210767,1.3621011167862038,0.134144494176643,0.6043700235197438,0.5598595371849829,INA/NEFL/NES/KRT26/KRT73/KRT9/ATP8A2,7
GO:0045666,positive regulation of neuron differentiation,7/828,97/18860,0.07216494845360824,1.6437571592210767,1.3621011167862038,0.134144494176643,0.6043700235197438,0.5598595371849829,GDF5/DMD/FOXA1/IRX3/FGF20/DUOXA1/DKK1,7
GO:0021987,cerebral cortex development,9/828,134/18860,0.06716417910447761,1.5298507462686566,1.318973254763463,0.1353975721155903,0.6044583228794794,0.5599413334964337,FGF13/CDH2/ZMIZ1/PTPRS/EGFR/BNIP3/NEFL/KIF26A/NPY,9
GO:0034219,carbohydrate transmembrane transport,9/828,134/18860,0.06716417910447761,1.5298507462686566,1.318973254763463,0.1353975721155903,0.6044583228794794,0.5599413334964337,SLC2A12/PTPRM/SLC1A2/SLC5A2/SLC2A4/GPC3/PLA2G1B/SORBS1/EDN1,9
GO:0003229,ventricular cardiac muscle tissue development,5/828,62/18860,0.08064516129032258,1.8369175627240144,1.4144097878626274,0.13567121852938296,0.6044583228794794,0.5599413334964337,MYBPC3/RYR2/IRX3/KCNJ8/KCNJ11,5
GO:0045599,negative regulation of fat cell differentiation,5/828,62/18860,0.08064516129032258,1.8369175627240144,1.4144097878626274,0.13567121852938296,0.6044583228794794,0.5599413334964337,TGFB1I1/TRIB2/RORA/ID4/INSIG1,5
GO:0051937,catecholamine transport,5/828,62/18860,0.08064516129032258,1.8369175627240144,1.4144097878626274,0.13567121852938296,0.6044583228794794,0.5599413334964337,SLC6A2/CHGA/FGF20/FFAR3/SLC18A2,5
GO:1900024,regulation of substrate adhesion-dependent cell spreading,5/828,62/18860,0.08064516129032258,1.8369175627240144,1.4144097878626274,0.13567121852938296,0.6044583228794794,0.5599413334964337,FGA/FGB/FGG/FBLN1/POSTN,5
GO:0045055,regulated exocytosis,14/828,230/18860,0.06086956521739131,1.3864734299516908,1.2636583789552673,0.13648080094717754,0.6044583228794794,0.5599413334964337,SYNGR1/RIMS4/RAB26/RAPGEF4/SYN2/KIT/ERC2/CHGA/SCAMP5/RIMS3/SLC18A2/NLRP5/TRPV6/NPY,14
GO:0051345,positive regulation of hydrolase activity,8/828,116/18860,0.06896551724137931,1.5708812260536398,1.3215882452219443,0.1378981366412016,0.6044583228794794,0.5599413334964337,RAP1GAP/PLIN5/APC2/ASAP3/RGS7/ODAM/SYDE1/PRTN3,8
GO:0005513,detection of calcium ion,2/828,15/18860,0.13333333333333333,3.0370370370370368,1.6912158231168122,0.13874530581469213,0.6044583228794794,0.5599413334964337,KCNMB2/RYR2,2
GO:0009080,pyruvate family amino acid catabolic process,2/828,15/18860,0.13333333333333333,3.0370370370370368,1.6912158231168122,0.13874530581469213,0.6044583228794794,0.5599413334964337,ALDH6A1/GPT2,2
GO:0009209,pyrimidine ribonucleoside triphosphate biosynthetic process,2/828,15/18860,0.13333333333333333,3.0370370370370368,1.6912158231168122,0.13874530581469213,0.6044583228794794,0.5599413334964337,NME9/NME3,2
GO:0010454,negative regulation of cell fate commitment,2/828,15/18860,0.13333333333333333,3.0370370370370368,1.6912158231168122,0.13874530581469213,0.6044583228794794,0.5599413334964337,SOSTDC1/DKK1,2
GO:0010457,centriole-centriole cohesion,2/828,15/18860,0.13333333333333333,3.0370370370370368,1.6912158231168122,0.13874530581469213,0.6044583228794794,0.5599413334964337,NIN/CCDC102B,2
GO:0042428,serotonin metabolic process,2/828,15/18860,0.13333333333333333,3.0370370370370368,1.6912158231168122,0.13874530581469213,0.6044583228794794,0.5599413334964337,PDE1B/RNF180,2
GO:0043374,"CD8-positive, alpha-beta T cell differentiation",2/828,15/18860,0.13333333333333333,3.0370370370370368,1.6912158231168122,0.13874530581469213,0.6044583228794794,0.5599413334964337,SLC4A2/TOX,2
GO:0045059,positive thymic T cell selection,2/828,15/18860,0.13333333333333333,3.0370370370370368,1.6912158231168122,0.13874530581469213,0.6044583228794794,0.5599413334964337,CD3E/TOX,2
GO:0046321,positive regulation of fatty acid oxidation,2/828,15/18860,0.13333333333333333,3.0370370370370368,1.6912158231168122,0.13874530581469213,0.6044583228794794,0.5599413334964337,PLIN5/PPARGC1A,2
GO:0046655,folic acid metabolic process,2/828,15/18860,0.13333333333333333,3.0370370370370368,1.6912158231168122,0.13874530581469213,0.6044583228794794,0.5599413334964337,FOLR1/ALDH1L2,2
GO:0048070,regulation of developmental pigmentation,2/828,15/18860,0.13333333333333333,3.0370370370370368,1.6912158231168122,0.13874530581469213,0.6044583228794794,0.5599413334964337,BCL2L11/KITLG,2
GO:0048681,negative regulation of axon regeneration,2/828,15/18860,0.13333333333333333,3.0370370370370368,1.6912158231168122,0.13874530581469213,0.6044583228794794,0.5599413334964337,PTPRS/FIGNL2,2
GO:0048715,negative regulation of oligodendrocyte differentiation,2/828,15/18860,0.13333333333333333,3.0370370370370368,1.6912158231168122,0.13874530581469213,0.6044583228794794,0.5599413334964337,DAAM2/ID4,2
GO:0060572,morphogenesis of an epithelial bud,2/828,15/18860,0.13333333333333333,3.0370370370370368,1.6912158231168122,0.13874530581469213,0.6044583228794794,0.5599413334964337,AR/SOSTDC1,2
GO:0061307,cardiac neural crest cell differentiation involved in heart development,2/828,15/18860,0.13333333333333333,3.0370370370370368,1.6912158231168122,0.13874530581469213,0.6044583228794794,0.5599413334964337,FOLR1/EDN1,2
GO:0061308,cardiac neural crest cell development involved in heart development,2/828,15/18860,0.13333333333333333,3.0370370370370368,1.6912158231168122,0.13874530581469213,0.6044583228794794,0.5599413334964337,FOLR1/EDN1,2
GO:0070243,regulation of thymocyte apoptotic process,2/828,15/18860,0.13333333333333333,3.0370370370370368,1.6912158231168122,0.13874530581469213,0.6044583228794794,0.5599413334964337,RORC/ADA,2
GO:0090153,regulation of sphingolipid biosynthetic process,2/828,15/18860,0.13333333333333333,3.0370370370370368,1.6912158231168122,0.13874530581469213,0.6044583228794794,0.5599413334964337,ABCA2/PLA2G6,2
GO:0141212,phospholipase C/protein kinase C signal transduction,2/828,15/18860,0.13333333333333333,3.0370370370370368,1.6912158231168122,0.13874530581469213,0.6044583228794794,0.5599413334964337,DGKD/EDN1,2
GO:1902093,positive regulation of flagellated sperm motility,2/828,15/18860,0.13333333333333333,3.0370370370370368,1.6912158231168122,0.13874530581469213,0.6044583228794794,0.5599413334964337,TAC4/DEFB1,2
GO:1905809,negative regulation of synapse organization,2/828,15/18860,0.13333333333333333,3.0370370370370368,1.6912158231168122,0.13874530581469213,0.6044583228794794,0.5599413334964337,PTPN13/DKK1,2
GO:2000052,positive regulation of non-canonical Wnt signaling pathway,2/828,15/18860,0.13333333333333333,3.0370370370370368,1.6912158231168122,0.13874530581469213,0.6044583228794794,0.5599413334964337,GPC3/DKK1,2
GO:2000155,positive regulation of cilium-dependent cell motility,2/828,15/18860,0.13333333333333333,3.0370370370370368,1.6912158231168122,0.13874530581469213,0.6044583228794794,0.5599413334964337,TAC4/DEFB1,2
GO:2000288,positive regulation of myoblast proliferation,2/828,15/18860,0.13333333333333333,3.0370370370370368,1.6912158231168122,0.13874530581469213,0.6044583228794794,0.5599413334964337,GATA6/SIX1,2
GO:2000671,regulation of motor neuron apoptotic process,2/828,15/18860,0.13333333333333333,3.0370370370370368,1.6912158231168122,0.13874530581469213,0.6044583228794794,0.5599413334964337,RAPSN/NEFL,2
GO:2001138,regulation of phospholipid transport,2/828,15/18860,0.13333333333333333,3.0370370370370368,1.6912158231168122,0.13874530581469213,0.6044583228794794,0.5599413334964337,ATP8A1/ATP8A2,2
GO:2001140,positive regulation of phospholipid transport,2/828,15/18860,0.13333333333333333,3.0370370370370368,1.6912158231168122,0.13874530581469213,0.6044583228794794,0.5599413334964337,ATP8A1/ATP8A2,2
GO:0010827,regulation of D-glucose transmembrane transport,6/828,80/18860,0.075,1.7083333333333333,1.3604651726416026,0.13907641301620743,0.6047597695940169,0.5602205793417256,PTPRM/SLC1A2/GPC3/PLA2G1B/SORBS1/EDN1,6
GO:0140238,presynaptic endocytosis,6/828,80/18860,0.075,1.7083333333333333,1.3604651726416026,0.13907641301620743,0.6047597695940169,0.5602205793417256,SH3GL2/DNAJC6/PACSIN1/ATP8A1/SLC2A4/PPP3CC,6
GO:1903532,positive regulation of secretion by cell,18/828,310/18860,0.05806451612903226,1.3225806451612905,1.2271559159744043,0.13933786116796915,0.6048778223186407,0.5603299377499843,FGA/FGB/FGG/TMEM132A/MYRIP/GHRL/CHRM3/RAPGEF4/OXCT1/PRKD1/PLA2G1B/C1QTNF3/PLA2G6/ABCC8/F2/TGFB3/SCAMP5/EDN1,18
GO:0055006,cardiac cell development,7/828,98/18860,0.07142857142857142,1.626984126984127,1.3334679059442254,0.13936552683998132,0.6048778223186407,0.5603299377499843,OBSL1/PDCD4/SORBS2/NRAP/NEBL/ALPK3/EDN1,7
GO:0010828,positive regulation of D-glucose transmembrane transport,4/828,46/18860,0.08695652173913043,1.9806763285024154,1.426975733456797,0.14210012804906275,0.6105302845739716,0.5655661089349733,PTPRM/SLC1A2/GPC3/SORBS1,4
GO:0014075,response to amine,4/828,46/18860,0.08695652173913043,1.9806763285024154,1.426975733456797,0.14210012804906275,0.6105302845739716,0.5655661089349733,DRD5/PDE1B/SLC18A2/EDN1,4
GO:0021762,substantia nigra development,4/828,46/18860,0.08695652173913043,1.9806763285024154,1.426975733456797,0.14210012804906275,0.6105302845739716,0.5655661089349733,CKB/INA/SYPL2/S100A1,4
GO:0050432,catecholamine secretion,4/828,46/18860,0.08695652173913043,1.9806763285024154,1.426975733456797,0.14210012804906275,0.6105302845739716,0.5655661089349733,CHGA/FGF20/FFAR3/SLC18A2,4
GO:0050919,negative chemotaxis,4/828,46/18860,0.08695652173913043,1.9806763285024154,1.426975733456797,0.14210012804906275,0.6105302845739716,0.5655661089349733,ROBO3/FLRT3/SEMA3D/NTN1,4
GO:0002931,response to ischemia,5/828,63/18860,0.07936507936507936,1.8077601410934743,1.3761347838356082,0.14240095522278132,0.6105302845739716,0.5655661089349733,RNLS/NPR3/SLC8A2/KCNJ8/KCNJ11,5
GO:0014009,glial cell proliferation,5/828,63/18860,0.07936507936507936,1.8077601410934743,1.3761347838356082,0.14240095522278132,0.6105302845739716,0.5655661089349733,LEPR/IL33/ABCC8/IDH2/NTN1,5
GO:0048010,vascular endothelial growth factor receptor signaling pathway,5/828,63/18860,0.07936507936507936,1.8077601410934743,1.3761347838356082,0.14240095522278132,0.6105302845739716,0.5655661089349733,PDCD6/VEGFB/FZD4/PRKD1/MT3,5
GO:0070228,regulation of lymphocyte apoptotic process,5/828,63/18860,0.07936507936507936,1.8077601410934743,1.3761347838356082,0.14240095522278132,0.6105302845739716,0.5655661089349733,ST3GAL1/TSC22D3/BCL2L11/RORC/ADA,5
GO:0070542,response to fatty acid,5/828,63/18860,0.07936507936507936,1.8077601410934743,1.3761347838356082,0.14240095522278132,0.6105302845739716,0.5655661089349733,KCNK2/ALAD/FABP3/FFAR3/EDN1,5
GO:0097479,synaptic vesicle localization,5/828,63/18860,0.07936507936507936,1.8077601410934743,1.3761347838356082,0.14240095522278132,0.6105302845739716,0.5655661089349733,CDH2/SLC2A4/SYN2/KIF5C/SYNDIG1,5
GO:0042060,wound healing,25/828,453/18860,0.05518763796909492,1.2570517537404955,1.18667205521368,0.1427861839154111,0.6105302845739716,0.5655661089349733,DRD5/FGA/FGB/FGG/VEGFB/DGKD/ARHGAP24/DUOX1/APOH/ENPP4/CELA2A/PDIA2/FIGNL2/FGL1/SERPIND1/ODAM/PTK7/VANGL2/F2/VAV3/FBLN1/PROC/HRG/EDN1/PRSS56,25
GO:0007260,tyrosine phosphorylation of STAT protein,3/828,30/18860,0.1,2.2777777777777777,1.500870935604113,0.14304758941295742,0.6105302845739716,0.5655661089349733,ERBB4/CTF1/KIT,3
GO:0035929,steroid hormone secretion,3/828,30/18860,0.1,2.2777777777777777,1.500870935604113,0.14304758941295742,0.6105302845739716,0.5655661089349733,FZD4/GHRL/KCNQ1,3
GO:0060396,growth hormone receptor signaling pathway,3/828,30/18860,0.1,2.2777777777777777,1.500870935604113,0.14304758941295742,0.6105302845739716,0.5655661089349733,GHR/GHRL/CSH1,3
GO:0099623,regulation of cardiac muscle cell membrane repolarization,3/828,30/18860,0.1,2.2777777777777777,1.500870935604113,0.14304758941295742,0.6105302845739716,0.5655661089349733,KCNE2/KCNQ1/KCNE4,3
GO:1900027,regulation of ruffle assembly,3/828,30/18860,0.1,2.2777777777777777,1.500870935604113,0.14304758941295742,0.6105302845739716,0.5655661089349733,ARHGAP24/EVL/WDPCP,3
GO:1902683,regulation of receptor localization to synapse,3/828,30/18860,0.1,2.2777777777777777,1.500870935604113,0.14304758941295742,0.6105302845739716,0.5655661089349733,DBN1/ZDHHC2/CACNA2D2,3
GO:0021782,glial cell development,9/828,136/18860,0.0661764705882353,1.5073529411764706,1.2724269814459157,0.14428600656252163,0.6152472560533009,0.569935686125371,WASF3/CDK6/LAMB2/ABCA2/MAL/PHGDH/KCNJ10/ID4/GPM6B,9
GO:0010657,muscle cell apoptotic process,7/828,99/18860,0.0707070707070707,1.6105499438832773,1.305158783743417,0.14468369631717928,0.6158058152928424,0.5704531087392837,GRIA4/BNIP3/PDCD4/SIRT4/NUPR1/APOH/EDN1,7
GO:0061337,cardiac conduction,7/828,99/18860,0.0707070707070707,1.6105499438832773,1.305158783743417,0.14468369631717928,0.6158058152928424,0.5704531087392837,KCNE2/RYR2/KCNQ1/IRX3/SLC8A2/ATP1B2/KCNE4,7
GO:0043270,positive regulation of monoatomic ion transport,12/828,194/18860,0.061855670103092786,1.40893470790378,1.2268225665309898,0.14686136437884206,0.6244988772573598,0.5785059463367396,FGF13/FXYD4/PPP3CC/PLA2G1B/KCNQ1/ABCC8/F2/LRRC52/ATP1B2/LRRC26/EDN1/HEPH,12
GO:0001503,ossification,25/828,455/18860,0.054945054945054944,1.2515262515262515,1.1637874119115321,0.14762251477765465,0.6256112142893459,0.5795363622602406,RANBP3L/GDF5/IGFBP2/COL2A1/EGFR/SMAD5/LRRC17/CDK6/ACVR2B/GPC3/CBS/KL/PRKD1/IGFBP5/GFRA4/SOX2/ZBTB16/SMAD9/PTH1R/ID4/SMOC1/CSGALNACT1/ADRB2/GPM6B/DKK1,25
GO:0030177,positive regulation of Wnt signaling pathway,10/828,156/18860,0.0641025641025641,1.46011396011396,1.2365537868120573,0.1488992280094487,0.6256112142893459,0.5795363622602406,EDA/PPP2R3A/TMEM132A/EGFR/PBXIP1/DAAM2/GPC3/TBL1X/PTK7/DKK1,10
GO:1903531,negative regulation of secretion by cell,10/828,156/18860,0.0641025641025641,1.46011396011396,1.2365537868120573,0.1488992280094487,0.6256112142893459,0.5795363622602406,PDE8B/GHRL/GNAZ/SIRT4/GNAI1/ABCC8/CHGA/IDH2/EDN1/KCNJ11,10
GO:0033619,membrane protein proteolysis,5/828,64/18860,0.078125,1.7795138888888888,1.338547156112847,0.1492723168641625,0.6256112142893459,0.5795363622602406,RET/CWH43/PACSIN3/TIMP3/PRTN3,5
GO:0071869,response to catecholamine,5/828,64/18860,0.078125,1.7795138888888888,1.338547156112847,0.1492723168641625,0.6256112142893459,0.5795363622602406,DRD5/APLP1/RNLS/PRKD1/HTR3E,5
GO:0060349,bone morphogenesis,7/828,100/18860,0.07,1.5944444444444446,1.2771661658060027,0.15009723038818573,0.6256112142893459,0.5795363622602406,GHR/COL2A1/CBS/SP5/ATG9B/INSIG1/CSGALNACT1,7
GO:0060395,SMAD protein signal transduction,7/828,100/18860,0.07,1.5944444444444446,1.2771661658060027,0.15009723038818573,0.6256112142893459,0.5795363622602406,GDF5/ZMIZ1/SMAD5/BMPER/SMAD9/TGFB3/DKK1,7
GO:0090207,regulation of triglyceride metabolic process,4/828,47/18860,0.0851063829787234,1.9385342789598108,1.3804560674066153,0.15028133399824437,0.6256112142893459,0.5795363622602406,PLIN5/FUT1/APOA5/APOH,4
GO:0050680,negative regulation of epithelial cell proliferation,11/828,176/18860,0.0625,1.4236111111111112,1.2098772118075451,0.15220732445607354,0.6256112142893459,0.5795363622602406,GDF5/RAP1GAP/PTPRM/GHRL/CDK6/HPN/AR/GPC3/NUPR1/APOH/GATA6,11
GO:0050678,regulation of epithelial cell proliferation,23/828,416/18860,0.055288461538461536,1.2593482905982905,1.1461858632400235,0.15258419365250644,0.6256112142893459,0.5795363622602406,GDF5/RAP1GAP/PDCD6/VEGFB/DEAF1/PTPRM/FUT1/ERBB4/GHRL/EGFR/CDK6/HPN/AR/GPC3/NUPR1/CYP7B1/APOH/PRKD1/GATA6/ODAM/SIX4/PTPRN/SIX1,23
GO:0060840,artery development,8/828,119/18860,0.06722689075630252,1.5312791783380018,1.2458118147555906,0.15260594262238888,0.6256112142893459,0.5795363622602406,FOLR1/ZMIZ1/ANGPTL3/ACVR2B/EFEMP2/TFAP2B/EDN1/SIX1,8
GO:0030041,actin filament polymerization,10/828,157/18860,0.06369426751592357,1.450813871196037,1.2154693420796618,0.15321345442610307,0.6256112142893459,0.5795363622602406,WASF3/NPHS1/CYFIP2/HIP1R/PAK3/DAAM2/EVL/KANK4/LMOD2/FAM107A,10
GO:0035107,appendage morphogenesis,10/828,157/18860,0.06369426751592357,1.450813871196037,1.2154693420796618,0.15321345442610307,0.6256112142893459,0.5795363622602406,GDF5/COL2A1/FREM2/GPC3/BCL2L11/WDPCP/CHST11/ZBTB16/TFAP2B/DKK1,10
GO:0035108,limb morphogenesis,10/828,157/18860,0.06369426751592357,1.450813871196037,1.2154693420796618,0.15321345442610307,0.6256112142893459,0.5795363622602406,GDF5/COL2A1/FREM2/GPC3/BCL2L11/WDPCP/CHST11/ZBTB16/TFAP2B/DKK1,10
GO:0008643,carbohydrate transport,9/828,138/18860,0.06521739130434782,1.4855072463768115,1.2266246511614312,0.15346160618942722,0.6256112142893459,0.5795363622602406,SLC2A12/PTPRM/SLC1A2/SLC5A2/SLC2A4/GPC3/PLA2G1B/SORBS1/EDN1,9
GO:0035270,endocrine system development,9/828,138/18860,0.06521739130434782,1.4855072463768115,1.2266246511614312,0.15346160618942722,0.6256112142893459,0.5795363622602406,RAP1GAP/CDH2/CDK6/GATA6/SIDT2/SOX2/PAX4/EDN1/SIX1,9
GO:0001958,endochondral ossification,3/828,31/18860,0.0967741935483871,2.204301075268817,1.4379866117738136,0.1535200034583849,0.6256112142893459,0.5795363622602406,COL2A1/CBS/CSGALNACT1,3
GO:0007342,fusion of sperm to egg plasma membrane involved in single fertilization,3/828,31/18860,0.0967741935483871,2.204301075268817,1.4379866117738136,0.1535200034583849,0.6256112142893459,0.5795363622602406,FOLR1/SERPINA5/FOLR3,3
GO:0014047,glutamate secretion,3/828,31/18860,0.0967741935483871,2.204301075268817,1.4379866117738136,0.1535200034583849,0.6256112142893459,0.5795363622602406,KCNK2/ABCC8/KCNJ8,3
GO:0030878,thyroid gland development,3/828,31/18860,0.0967741935483871,2.204301075268817,1.4379866117738136,0.1535200034583849,0.6256112142893459,0.5795363622602406,RAP1GAP/EDN1/SIX1,3
GO:0032801,receptor catabolic process,3/828,31/18860,0.0967741935483871,2.204301075268817,1.4379866117738136,0.1535200034583849,0.6256112142893459,0.5795363622602406,NEDD4L/ABCA2/ZNRF3,3
GO:0035235,ionotropic glutamate receptor signaling pathway,3/828,31/18860,0.0967741935483871,2.204301075268817,1.4379866117738136,0.1535200034583849,0.6256112142893459,0.5795363622602406,GRIA4/GRIA3/ADRB2,3
GO:0035601,protein deacylation,3/828,31/18860,0.0967741935483871,2.204301075268817,1.4379866117738136,0.1535200034583849,0.6256112142893459,0.5795363622602406,BEX4/PRKAA2/SIRT4,3
GO:0036075,replacement ossification,3/828,31/18860,0.0967741935483871,2.204301075268817,1.4379866117738136,0.1535200034583849,0.6256112142893459,0.5795363622602406,COL2A1/CBS/CSGALNACT1,3
GO:0070723,response to cholesterol,3/828,31/18860,0.0967741935483871,2.204301075268817,1.4379866117738136,0.1535200034583849,0.6256112142893459,0.5795363622602406,GPR155/ABCA2/GRAMD1A,3
GO:0071378,cellular response to growth hormone stimulus,3/828,31/18860,0.0967741935483871,2.204301075268817,1.4379866117738136,0.1535200034583849,0.6256112142893459,0.5795363622602406,GHR/GHRL/CSH1,3
GO:0098901,regulation of cardiac muscle cell action potential,3/828,31/18860,0.0967741935483871,2.204301075268817,1.4379866117738136,0.1535200034583849,0.6256112142893459,0.5795363622602406,FGF13/TMEM161B/RYR2,3
GO:0099558,maintenance of synapse structure,3/828,31/18860,0.0967741935483871,2.204301075268817,1.4379866117738136,0.1535200034583849,0.6256112142893459,0.5795363622602406,RAPSN/ERC2/RIMS3,3
GO:0003353,positive regulation of cilium movement,2/828,16/18860,0.125,2.8472222222222223,1.5839633820378203,0.1541675101475261,0.6256112142893459,0.5795363622602406,TAC4/DEFB1,2
GO:0006750,glutathione biosynthetic process,2/828,16/18860,0.125,2.8472222222222223,1.5839633820378203,0.1541675101475261,0.6256112142893459,0.5795363622602406,SLC1A2/GGT7,2
GO:0007028,cytoplasm organization,2/828,16/18860,0.125,2.8472222222222223,1.5839633820378203,0.1541675101475261,0.6256112142893459,0.5795363622602406,ZMIZ1/PLD6,2
GO:0009068,aspartate family amino acid catabolic process,2/828,16/18860,0.125,2.8472222222222223,1.5839633820378203,0.1541675101475261,0.6256112142893459,0.5795363622602406,BCAT2/ACAT1,2
GO:0009070,serine family amino acid biosynthetic process,2/828,16/18860,0.125,2.8472222222222223,1.5839633820378203,0.1541675101475261,0.6256112142893459,0.5795363622602406,CBS/PHGDH,2
GO:0009159,deoxyribonucleoside monophosphate catabolic process,2/828,16/18860,0.125,2.8472222222222223,1.5839633820378203,0.1541675101475261,0.6256112142893459,0.5795363622602406,ADA/NT5M,2
GO:0018146,keratan sulfate proteoglycan biosynthetic process,2/828,16/18860,0.125,2.8472222222222223,1.5839633820378203,0.1541675101475261,0.6256112142893459,0.5795363622602406,ST3GAL1/ST3GAL6,2
GO:0031000,response to caffeine,2/828,16/18860,0.125,2.8472222222222223,1.5839633820378203,0.1541675101475261,0.6256112142893459,0.5795363622602406,GSTM2/RYR2,2
GO:0034638,phosphatidylcholine catabolic process,2/828,16/18860,0.125,2.8472222222222223,1.5839633820378203,0.1541675101475261,0.6256112142893459,0.5795363622602406,PLA2G6/PNPLA7,2
GO:0043584,nose development,2/828,16/18860,0.125,2.8472222222222223,1.5839633820378203,0.1541675101475261,0.6256112142893459,0.5795363622602406,SIX4/SIX1,2
GO:0046036,CTP metabolic process,2/828,16/18860,0.125,2.8472222222222223,1.5839633820378203,0.1541675101475261,0.6256112142893459,0.5795363622602406,NME9/NME3,2
GO:0048172,regulation of short-term neuronal synaptic plasticity,2/828,16/18860,0.125,2.8472222222222223,1.5839633820378203,0.1541675101475261,0.6256112142893459,0.5795363622602406,SYNGR1/SLC8A2,2
GO:0048712,negative regulation of astrocyte differentiation,2/828,16/18860,0.125,2.8472222222222223,1.5839633820378203,0.1541675101475261,0.6256112142893459,0.5795363622602406,F2/ID4,2
GO:0060026,convergent extension,2/828,16/18860,0.125,2.8472222222222223,1.5839633820378203,0.1541675101475261,0.6256112142893459,0.5795363622602406,PTK7/VANGL2,2
GO:0061548,ganglion development,2/828,16/18860,0.125,2.8472222222222223,1.5839633820378203,0.1541675101475261,0.6256112142893459,0.5795363622602406,SIX4/SIX1,2
GO:0061684,chaperone-mediated autophagy,2/828,16/18860,0.125,2.8472222222222223,1.5839633820378203,0.1541675101475261,0.6256112142893459,0.5795363622602406,LAMP2/EEF1A2,2
GO:0070254,mucus secretion,2/828,16/18860,0.125,2.8472222222222223,1.5839633820378203,0.1541675101475261,0.6256112142893459,0.5795363622602406,ADA/SCNN1B,2
GO:0070571,negative regulation of neuron projection regeneration,2/828,16/18860,0.125,2.8472222222222223,1.5839633820378203,0.1541675101475261,0.6256112142893459,0.5795363622602406,PTPRS/FIGNL2,2
GO:0070943,neutrophil-mediated killing of symbiont cell,2/828,16/18860,0.125,2.8472222222222223,1.5839633820378203,0.1541675101475261,0.6256112142893459,0.5795363622602406,SCNN1B/F2,2
GO:0071599,otic vesicle development,2/828,16/18860,0.125,2.8472222222222223,1.5839633820378203,0.1541675101475261,0.6256112142893459,0.5795363622602406,COL2A1/SIX1,2
GO:0072531,pyrimidine-containing compound transmembrane transport,2/828,16/18860,0.125,2.8472222222222223,1.5839633820378203,0.1541675101475261,0.6256112142893459,0.5795363622602406,SLC25A36/SLC29A1,2
GO:0090336,positive regulation of brown fat cell differentiation,2/828,16/18860,0.125,2.8472222222222223,1.5839633820378203,0.1541675101475261,0.6256112142893459,0.5795363622602406,FNDC5/SIX1,2
GO:1902358,sulfate transmembrane transport,2/828,16/18860,0.125,2.8472222222222223,1.5839633820378203,0.1541675101475261,0.6256112142893459,0.5795363622602406,SLC26A7/SLC26A9,2
GO:1904322,cellular response to forskolin,2/828,16/18860,0.125,2.8472222222222223,1.5839633820378203,0.1541675101475261,0.6256112142893459,0.5795363622602406,GNAI1/ADCY1,2
GO:0061387,regulation of extent of cell growth,7/828,101/18860,0.06930693069306931,1.5786578657865789,1.249482723132156,0.1556042727428893,0.6307340638500062,0.5842819255285782,FGF13/PTPRS/ULK1/ULK2/ZFYVE27/MT3/NTN1,7
GO:0046942,carboxylic acid transport,20/828,356/18860,0.056179775280898875,1.2796504369538078,1.1414588001027466,0.15570308202447097,0.6307340638500062,0.5842819255285782,SLC26A7/SLC16A7/KCNK2/FOLR1/SLC1A2/FABP3/SLC13A3/RBP7/PLA2G1B/SLC26A9/ABCC8/SLC10A1/ABCC5/SLC16A10/KCNJ10/FOLR3/EDN1/KCNJ8/SLC6A5/SLC22A13,20
GO:1903829,positive regulation of protein localization,25/828,459/18860,0.054466230936819175,1.2406197046719922,1.1183284382541026,0.15757514083700414,0.6367016789447457,0.5898100392586098,FGA/FGB/FGG/TMEM132A/MYRIP/ERBB4/GHRL/EGFR/CHRM3/RAPGEF4/NMD3/OXCT1/ZDHHC2/PRKAA2/PRKD1/PLA2G1B/GNAI1/C1QTNF3/PLA2G6/SORBS1/ABCC8/F2/TGFB3/GLIS2/EDN1,25
GO:0001667,ameboidal-type cell migration,15/828,256/18860,0.05859375,1.3346354166666667,1.1551576799861714,0.1575824140071255,0.6367016789447457,0.5898100392586098,NRTN/CDH2/FOLR1/ERBB4/ACVR2B/DAAM2/GPC3/EVL/KITLG/KIT/WDPCP/RET/SEMA3D/SYDE1/EDN1,15
GO:0008203,cholesterol metabolic process,10/828,158/18860,0.06329113924050633,1.4416315049226442,1.1945301443596288,0.1575898698644098,0.6367016789447457,0.5898100392586098,ANGPTL3/ACADL/TM7SF2/LEPR/PRKAA2/APOA5/CYP7B1/GNAI1/SULT2A1/INSIG1,10
GO:0007565,female pregnancy,12/828,197/18860,0.06091370558375635,1.3874788494077834,1.1715017341362899,0.15844309521401104,0.6370333628042384,0.5901172953514681,IGFBP2/GHRL/EPOR/ACVR2B/AR/LDOC1/CBS/STOX2/ABCC8/IGFBP5/SYDE1/FBLN1,12
GO:0015849,organic acid transport,20/828,357/18860,0.056022408963585436,1.2760659819483349,1.1284400128774719,0.1585815880776907,0.6370333628042384,0.5901172953514681,SLC26A7/SLC16A7/KCNK2/FOLR1/SLC1A2/FABP3/SLC13A3/RBP7/PLA2G1B/SLC26A9/ABCC8/SLC10A1/ABCC5/SLC16A10/KCNJ10/FOLR3/EDN1/KCNJ8/SLC6A5/SLC22A13,20
GO:0008038,neuron recognition,4/828,48/18860,0.08333333333333333,1.898148148148148,1.335068846066347,0.15863758493392685,0.6370333628042384,0.5901172953514681,ROBO3/EPHB3/NDN/CRTAC1,4
GO:0033173,calcineurin-NFAT signaling cascade,4/828,48/18860,0.08333333333333333,1.898148148148148,1.335068846066347,0.15863758493392685,0.6370333628042384,0.5901172953514681,NFATC2/HOMER2/PPP3CC/RCAN2,4
GO:0048066,developmental pigmentation,4/828,48/18860,0.08333333333333333,1.898148148148148,1.335068846066347,0.15863758493392685,0.6370333628042384,0.5901172953514681,BCL2L11/KITLG/KIT/MITF,4
GO:0060043,regulation of cardiac muscle cell proliferation,4/828,48/18860,0.08333333333333333,1.898148148148148,1.335068846066347,0.15863758493392685,0.6370333628042384,0.5901172953514681,KCNK2/ERBB4/GATA6/FGF20,4
GO:0120163,negative regulation of cold-induced thermogenesis,4/828,48/18860,0.08333333333333333,1.898148148148148,1.335068846066347,0.15863758493392685,0.6370333628042384,0.5901172953514681,PLCL1/ACVR2B/ALDH1A1/NPR3,4
GO:0045732,positive regulation of protein catabolic process,13/828,217/18860,0.059907834101382486,1.364567332309268,1.157450073342807,0.15983893242191632,0.6412999043652559,0.5940696157690503,KCNE2/ASB11/PPP2R3A/RNF180/IL33/ASB9/NEDD4L/GPC3/NUPR1/TRIB2/ABCA2/TF/PACSIN3,13
GO:0046661,male sex differentiation,11/828,178/18860,0.06179775280898876,1.4076154806491885,1.170850743631567,0.1604666146904184,0.6432593981253056,0.595884797242197,REC8/SMAD5/AR/NUPR1/GATA6/BCL2L11/KITLG/KIT/SIX4/SYCP2/AMHR2,11
GO:0007548,sex differentiation,17/828,297/18860,0.05723905723905724,1.3037785260007484,1.130742620469963,0.1607309272458038,0.643760123175301,0.5963486450239163,FZD4/REC8/SMAD5/AR/NUPR1/GATA6/BCL2L11/KITLG/KIT/MMP19/SIX4/FST/SYCP2/PTPRN/GAS2/AFP/AMHR2,17
GO:0006112,energy reserve metabolic process,7/828,102/18860,0.06862745098039216,1.5631808278867105,1.2221013710049138,0.16120288668630237,0.6450909278313209,0.5975814389246855,GABARAPL1/LEPR/PPP1R3C/GNMT/KL/MT3/SORBS1,7
GO:0006720,isoprenoid metabolic process,8/828,121/18860,0.06611570247933884,1.5059687786960514,1.196453289160834,0.16281230846149242,0.6504041872622595,0.6025033888066885,CYP2C8/ALDH1A1/PNPLA4/SCPEP1/RDH12/ADH7/TTR/CLPS,8
GO:0022037,metencephalon development,8/828,121/18860,0.06611570247933884,1.5059687786960514,1.196453289160834,0.16281230846149242,0.6504041872622595,0.6025033888066885,FZD4/PTF1A/PTPRS/SEZ6L2/CD3E/CBS/GABRB3/RORA,8
GO:0071867,response to monoamine,5/828,66/18860,0.07575757575757576,1.7255892255892256,1.2653356115835799,0.16342192862113333,0.6521889832134309,0.6041567385697575,DRD5/APLP1/RNLS/PRKD1/HTR3E,5
GO:0006026,aminoglycan catabolic process,3/828,32/18860,0.09375,2.1354166666666665,1.3774654309207226,0.16422415500870874,0.6521889832134309,0.6041567385697575,CHIA/IDUA/STAB2,3
GO:0009069,serine family amino acid metabolic process,3/828,32/18860,0.09375,2.1354166666666665,1.3774654309207226,0.16422415500870874,0.6521889832134309,0.6041567385697575,CBS/PHGDH/CDO1,3
GO:0060441,epithelial tube branching involved in lung morphogenesis,3/828,32/18860,0.09375,2.1354166666666665,1.3774654309207226,0.16422415500870874,0.6521889832134309,0.6041567385697575,CELSR1/FOXA1/VANGL2,3
GO:0099170,postsynaptic modulation of chemical synaptic transmission,3/828,32/18860,0.09375,2.1354166666666665,1.3774654309207226,0.16422415500870874,0.6521889832134309,0.6041567385697575,GHRL/INA/NEFL,3
GO:1902042,negative regulation of extrinsic apoptotic signaling pathway via death domain receptors,3/828,32/18860,0.09375,2.1354166666666665,1.3774654309207226,0.16422415500870874,0.6521889832134309,0.6041567385697575,FGA/FGB/FGG,3
GO:0060828,regulation of canonical Wnt signaling pathway,16/828,278/18860,0.05755395683453238,1.310951239008793,1.1192342999049705,0.16437160890186192,0.6521889832134309,0.6041567385697575,EDA/CDH2/FOLR1/PPP2R3A/CDK14/IGFBP2/EGFR/APC2/DAAM2/GPC3/TBL1X/ZNRF3/PTK7/SOX2/SOSTDC1/DKK1,16
GO:0046496,nicotinamide nucleotide metabolic process,11/828,179/18860,0.061452513966480445,1.3997517070142769,1.1515142891764123,0.1646788444580715,0.6521889832134309,0.6041567385697575,DCXR/PRKAA2/LDHB/NUPR1/NNT/ALDH1L2/IDH2/ALDH1L1/PGAM2/FMO2/SLC22A13,11
GO:0045664,regulation of neuron differentiation,12/828,199/18860,0.06030150753768844,1.3735343383584588,1.1351210122495459,0.1664160488702508,0.6521889832134309,0.6041567385697575,GDF5/RAP1GAP/DMD/FOXA1/IRX3/FGF20/SOX2/DUOXA1/FERD3L/ID4/SIX1/DKK1,12
GO:0061138,morphogenesis of a branching epithelium,12/828,199/18860,0.06030150753768844,1.3735343383584588,1.1351210122495459,0.1664160488702508,0.6521889832134309,0.6041567385697575,AR/CELSR1/NTN4/GPC3/WNT6/FOXA1/ADM/SIX4/VANGL2/TMEM59L/EDN1/SIX1,12
GO:0046620,regulation of organ growth,7/828,103/18860,0.06796116504854369,1.5480043149946061,1.1950152584822005,0.16689105890332656,0.6521889832134309,0.6041567385697575,KCNK2/ERBB4/GATA6/CACNA2D2/BCL2L11/FGF20/EDN1,7
GO:0002673,regulation of acute inflammatory response,4/828,49/18860,0.08163265306122448,1.859410430839002,1.2907593156032742,0.16716049892250512,0.6521889832134309,0.6041567385697575,PTGER3/FFAR3/DNASE1/NPY,4
GO:0006509,membrane protein ectodomain proteolysis,4/828,49/18860,0.08163265306122448,1.859410430839002,1.2907593156032742,0.16716049892250512,0.6521889832134309,0.6041567385697575,CWH43/PACSIN3/TIMP3/PRTN3,4
GO:0010453,regulation of cell fate commitment,4/828,49/18860,0.08163265306122448,1.859410430839002,1.2907593156032742,0.16716049892250512,0.6521889832134309,0.6041567385697575,CHD3/BRD4/SOSTDC1/DKK1,4
GO:0019098,reproductive behavior,4/828,49/18860,0.08163265306122448,1.859410430839002,1.2907593156032742,0.16716049892250512,0.6521889832134309,0.6041567385697575,DRD5/SERPINA5/ADA/GABRB3,4
GO:0033628,regulation of cell adhesion mediated by integrin,4/828,49/18860,0.08163265306122448,1.859410430839002,1.2907593156032742,0.16716049892250512,0.6521889832134309,0.6041567385697575,CD3E/ADA/RET/HRG,4
GO:0060443,mammary gland morphogenesis,4/828,49/18860,0.08163265306122448,1.859410430839002,1.2907593156032742,0.16716049892250512,0.6521889832134309,0.6041567385697575,AR/IGFBP5/NTN1/SOSTDC1,4
GO:1902041,regulation of extrinsic apoptotic signaling pathway via death domain receptors,4/828,49/18860,0.08163265306122448,1.859410430839002,1.2907593156032742,0.16716049892250512,0.6521889832134309,0.6041567385697575,FGA/FGB/FGG/MAL,4
GO:0008360,regulation of cell shape,9/828,141/18860,0.06382978723404255,1.453900709219858,1.1592621191984789,0.16774584329355488,0.6521889832134309,0.6041567385697575,WASF3/PALM3/FGD4/HPN/RHOBTB1/KIT/WDPCP/F2/GAS2,9
GO:0030168,platelet activation,9/828,141/18860,0.06382978723404255,1.453900709219858,1.1592621191984789,0.16774584329355488,0.6521889832134309,0.6041567385697575,FGA/FGB/FGG/DGKD/CELA2A/PDIA2/F2/VAV3/HRG,9
GO:0018108,peptidyl-tyrosine phosphorylation,8/828,122/18860,0.06557377049180328,1.493624772313297,1.1721084415453122,0.16803160309666335,0.6521889832134309,0.6041567385697575,IGF1R/VEGFB/ERBB4/EGFR/CTF1/EFEMP1/KIT/HRG,8
GO:0048880,sensory system development,24/828,443/18860,0.05417607223476298,1.234010534236268,1.0680224370058653,0.16970198708017478,0.6521889832134309,0.6041567385697575,SMARCD3/FZD4/PPP2R3A/CELF4/PTPRM/PTF1A/EGFR/CLDN19/ACVR2B/FREM2/ULK2/WNT6/LAMB2/EFEMP1/OPN4/MITF/WDPCP/NES/SOX2/TFAP2B/SMOC1/PAX4/PRSS56/ATP8A2,24
GO:0032370,positive regulation of lipid transport,6/828,85/18860,0.07058823529411765,1.607843137254902,1.2035483922129673,0.16985986995837118,0.6521889832134309,0.6041567385697575,GHRL/ATP8A1/FABP3/PLTP/EDN1/ATP8A2,6
GO:0000097,sulfur amino acid biosynthetic process,2/828,17/18860,0.11764705882352941,2.6797385620915035,1.4847169904619044,0.16989678363052346,0.6521889832134309,0.6041567385697575,CBS/CDO1,2
GO:0006004,fucose metabolic process,2/828,17/18860,0.11764705882352941,2.6797385620915035,1.4847169904619044,0.16989678363052346,0.6521889832134309,0.6041567385697575,FUT1/FUT9,2
GO:0006855,xenobiotic transmembrane transport,2/828,17/18860,0.11764705882352941,2.6797385620915035,1.4847169904619044,0.16989678363052346,0.6521889832134309,0.6041567385697575,SLC29A1/ABCC5,2
GO:0007620,copulation,2/828,17/18860,0.11764705882352941,2.6797385620915035,1.4847169904619044,0.16989678363052346,0.6521889832134309,0.6041567385697575,SERPINA5/ADA,2
GO:0032926,negative regulation of activin receptor signaling pathway,2/828,17/18860,0.11764705882352941,2.6797385620915035,1.4847169904619044,0.16989678363052346,0.6521889832134309,0.6041567385697575,FST/DAND5,2
GO:0033145,positive regulation of intracellular steroid hormone receptor signaling pathway,2/828,17/18860,0.11764705882352941,2.6797385620915035,1.4847169904619044,0.16989678363052346,0.6521889832134309,0.6041567385697575,AR/FOXA1,2
GO:0033865,nucleoside bisphosphate metabolic process,2/828,17/18860,0.11764705882352941,2.6797385620915035,1.4847169904619044,0.16989678363052346,0.6521889832134309,0.6041567385697575,PAPSS1/SULT2A1,2
GO:0033875,ribonucleoside bisphosphate metabolic process,2/828,17/18860,0.11764705882352941,2.6797385620915035,1.4847169904619044,0.16989678363052346,0.6521889832134309,0.6041567385697575,PAPSS1/SULT2A1,2
GO:0034032,purine nucleoside bisphosphate metabolic process,2/828,17/18860,0.11764705882352941,2.6797385620915035,1.4847169904619044,0.16989678363052346,0.6521889832134309,0.6041567385697575,PAPSS1/SULT2A1,2
GO:0034035,purine ribonucleoside bisphosphate metabolic process,2/828,17/18860,0.11764705882352941,2.6797385620915035,1.4847169904619044,0.16989678363052346,0.6521889832134309,0.6041567385697575,PAPSS1/SULT2A1,2
GO:0034656,nucleobase-containing small molecule catabolic process,2/828,17/18860,0.11764705882352941,2.6797385620915035,1.4847169904619044,0.16989678363052346,0.6521889832134309,0.6041567385697575,ENPP4/ADA,2
GO:0035627,ceramide transport,2/828,17/18860,0.11764705882352941,2.6797385620915035,1.4847169904619044,0.16989678363052346,0.6521889832134309,0.6041567385697575,ABCA2/PLTP,2
GO:0043605,amide catabolic process,2/828,17/18860,0.11764705882352941,2.6797385620915035,1.4847169904619044,0.16989678363052346,0.6521889832134309,0.6041567385697575,PM20D1/ADA,2
GO:0050427,3'-phosphoadenosine 5'-phosphosulfate metabolic process,2/828,17/18860,0.11764705882352941,2.6797385620915035,1.4847169904619044,0.16989678363052346,0.6521889832134309,0.6041567385697575,PAPSS1/SULT2A1,2
GO:0050665,hydrogen peroxide biosynthetic process,2/828,17/18860,0.11764705882352941,2.6797385620915035,1.4847169904619044,0.16989678363052346,0.6521889832134309,0.6041567385697575,DUOX1/DUOXA1,2
GO:0055091,phospholipid homeostasis,2/828,17/18860,0.11764705882352941,2.6797385620915035,1.4847169904619044,0.16989678363052346,0.6521889832134309,0.6041567385697575,ANGPTL3/FABP3,2
GO:0055119,relaxation of cardiac muscle,2/828,17/18860,0.11764705882352941,2.6797385620915035,1.4847169904619044,0.16989678363052346,0.6521889832134309,0.6041567385697575,GSTM2/CHGA,2
GO:0060841,venous blood vessel development,2/828,17/18860,0.11764705882352941,2.6797385620915035,1.4847169904619044,0.16989678363052346,0.6521889832134309,0.6041567385697575,ACVR2B/CCBE1,2
GO:0072074,kidney mesenchyme development,2/828,17/18860,0.11764705882352941,2.6797385620915035,1.4847169904619044,0.16989678363052346,0.6521889832134309,0.6041567385697575,SIX4/SIX1,2
GO:0072224,metanephric glomerulus development,2/828,17/18860,0.11764705882352941,2.6797385620915035,1.4847169904619044,0.16989678363052346,0.6521889832134309,0.6041567385697575,LAMB2/RET,2
GO:0120305,regulation of pigmentation,2/828,17/18860,0.11764705882352941,2.6797385620915035,1.4847169904619044,0.16989678363052346,0.6521889832134309,0.6041567385697575,BCL2L11/KITLG,2
GO:0170043,non-proteinogenic amino acid biosynthetic process,2/828,17/18860,0.11764705882352941,2.6797385620915035,1.4847169904619044,0.16989678363052346,0.6521889832134309,0.6041567385697575,ALDH1A1/PLOD2,2
GO:1901550,regulation of endothelial cell development,2/828,17/18860,0.11764705882352941,2.6797385620915035,1.4847169904619044,0.16989678363052346,0.6521889832134309,0.6041567385697575,PROC/S1PR3,2
GO:1903140,regulation of establishment of endothelial barrier,2/828,17/18860,0.11764705882352941,2.6797385620915035,1.4847169904619044,0.16989678363052346,0.6521889832134309,0.6041567385697575,PROC/S1PR3,2
GO:0045185,maintenance of protein location,5/828,67/18860,0.07462686567164178,1.6998341625207296,1.22966562494099,0.1706908427261816,0.6525250924747572,0.6044680941436058,DBN1/SYNE1/PDIA2/DAND5/INSIG1,5
GO:0048599,oocyte development,5/828,67/18860,0.07462686567164178,1.6998341625207296,1.22966562494099,0.1706908427261816,0.6525250924747572,0.6044680941436058,REC8/PLD6/EDN1/ZAR1/ZAR1L,5
GO:0060675,ureteric bud morphogenesis,5/828,67/18860,0.07462686567164178,1.6998341625207296,1.22966562494099,0.1706908427261816,0.6525250924747572,0.6044680941436058,GPC3/WNT6/SIX4/TMEM59L/SIX1,5
GO:1903670,regulation of sprouting angiogenesis,5/828,67/18860,0.07462686567164178,1.6998341625207296,1.22966562494099,0.1706908427261816,0.6525250924747572,0.6044680941436058,GLUL/FUT1/GHRL/BMPER/S100A1,5
GO:2000351,regulation of endothelial cell apoptotic process,5/828,67/18860,0.07462686567164178,1.6998341625207296,1.22966562494099,0.1706908427261816,0.6525250924747572,0.6044680941436058,FGA/FGB/FGG/FUT1/PDCD4,5
GO:0032868,response to insulin,16/828,280/18860,0.05714285714285714,1.3015873015873016,1.0894862702969736,0.17117478079045087,0.6538338607860232,0.6056804746266096,IGF1R/GHR/ECHDC3/FABP3/SLC2A4/HDAC5/TBC1D4/PLA2G1B/CELA2A/SLC22A12/SORBS1/KCNQ1/ABCC8/FFAR3/INSIG1/KCNJ8,16
GO:0032602,chemokine production,7/828,104/18860,0.0673076923076923,1.533119658119658,1.1682177584394704,0.17266670327258044,0.6573576551630473,0.6089447495116648,CHIA/C5/IL33/C1QTNF3/ALOX15B/FFAR3/POSTN,7
GO:0032642,regulation of chemokine production,7/828,104/18860,0.0673076923076923,1.533119658119658,1.1682177584394704,0.17266670327258044,0.6573576551630473,0.6089447495116648,CHIA/C5/IL33/C1QTNF3/ALOX15B/FFAR3/POSTN,7
GO:0043255,regulation of carbohydrate biosynthetic process,7/828,104/18860,0.0673076923076923,1.533119658119658,1.1682177584394704,0.17266670327258044,0.6573576551630473,0.6089447495116648,LEPR/PPP1R3C/GNMT/C1QTNF3/PPARGC1A/SORBS1/PTH1R,7
GO:1905954,positive regulation of lipid localization,7/828,104/18860,0.0673076923076923,1.533119658119658,1.1682177584394704,0.17266670327258044,0.6573576551630473,0.6089447495116648,PLIN5/GHRL/ATP8A1/FABP3/PLTP/EDN1/ATP8A2,7
GO:0006633,fatty acid biosynthetic process,11/828,181/18860,0.06077348066298342,1.3842848373235113,1.1131873810486659,0.17326494393738803,0.6587825489655662,0.6102647031059382,ACADL/GSTM2/CYP2C8/PRKAA2/APOA5/PLA2G1B/ACSM2B/GPIHBP1/ALOX15B/INSIG1/EDN1,11
GO:0018212,peptidyl-tyrosine modification,8/828,123/18860,0.06504065040650407,1.4814814814814816,1.1479809063424657,0.17332628778544024,0.6587825489655662,0.6102647031059382,IGF1R/VEGFB/ERBB4/EGFR/CTF1/EFEMP1/KIT/HRG,8
GO:0015701,bicarbonate transport,3/828,33/18860,0.09090909090909091,2.0707070707070705,1.319136169933826,0.17514161639872236,0.6634979364473338,0.6146328129566148,SLC26A7/SLC4A2/CA4,3
GO:0030517,negative regulation of axon extension,3/828,33/18860,0.09090909090909091,2.0707070707070705,1.319136169933826,0.17514161639872236,0.6634979364473338,0.6146328129566148,PTPRS/MT3/NTN1,3
GO:0033198,response to ATP,3/828,33/18860,0.09090909090909091,2.0707070707070705,1.319136169933826,0.17514161639872236,0.6634979364473338,0.6146328129566148,P2RY4/KCNJ8/KCNJ11,3
GO:0042573,retinoic acid metabolic process,3/828,33/18860,0.09090909090909091,2.0707070707070705,1.319136169933826,0.17514161639872236,0.6634979364473338,0.6146328129566148,CYP2C8/SCPEP1/ADH7,3
GO:0045947,negative regulation of translational initiation,4/828,50/18860,0.08,1.8222222222222222,1.247476473751496,0.17584156786426106,0.6656035740960308,0.6165833751513002,GPR155/PAIP2B/PRKAA2/RNF152,4
GO:0055021,regulation of cardiac muscle tissue growth,5/828,68/18860,0.07352941176470588,1.6748366013071896,1.1945907106596927,0.17808273711892414,0.6724639116417604,0.6229384643413906,KCNK2/ERBB4/GATA6/FGF20/EDN1,5
GO:0072171,mesonephric tubule morphogenesis,5/828,68/18860,0.07352941176470588,1.6748366013071896,1.1945907106596927,0.17808273711892414,0.6724639116417604,0.6229384643413906,GPC3/WNT6/SIX4/TMEM59L/SIX1,5
GO:0001841,neural tube formation,7/828,105/18860,0.06666666666666667,1.5185185185185184,1.1417024581290842,0.1785276647190988,0.6724639116417604,0.6229384643413906,DEAF1/FOLR1/CELSR1/ADM/PTK7/PRKACB/VANGL2,7
GO:0010906,regulation of glucose metabolic process,7/828,105/18860,0.06666666666666667,1.5185185185185184,1.1417024581290842,0.1785276647190988,0.6724639116417604,0.6229384643413906,LEPR/GNMT/C1QTNF3/PPARGC1A/RORC/SORBS1/RORA,7
GO:0050886,endocrine process,7/828,105/18860,0.06666666666666667,1.5185185185185184,1.1417024581290842,0.1785276647190988,0.6724639116417604,0.6229384643413906,DRD5/FZD4/GHRL/C1QTNF3/KCNQ1/EDN1/TRPV6,7
GO:0097006,regulation of plasma lipoprotein particle levels,7/828,105/18860,0.06666666666666667,1.5185185185185184,1.1417024581290842,0.1785276647190988,0.6724639116417604,0.6229384643413906,ANGPTL3/APOA5/APOH/GPIHBP1/ABCC8/PRKACB/PLTP,7
GO:1903828,negative regulation of protein localization,13/828,222/18860,0.05855855855855856,1.3338338338338336,1.0721603265121977,0.17921521250657224,0.674503546336879,0.6248278845508597,PDE8B/GHRL/GNAZ/SIRT4/NEDD4L/GNAI1/ABCC8/CHGA/IDH2/INSIG1/CABP1/GPM6B/KCNJ11,13
GO:0031214,biomineral tissue development,11/828,183/18860,0.060109289617486336,1.3691560412871888,1.0753120557366735,0.18206152101591713,0.6754350201114119,0.6256907573870616,ACVR2B/GPC3/WNT6/SLC4A2/KL/ODAM/PTH1R/CEMP1/FAM20A/ADRB2/GPM6B,11
GO:0090288,negative regulation of cellular response to growth factor stimulus,9/828,144/18860,0.0625,1.4236111111111112,1.093439151224638,0.18262817368154216,0.6754350201114119,0.6256907573870616,GPR155/PDCD6/RBPMS2/GREM2/BMPER/SOSTDC1/DAND5/HRG/DKK1,9
GO:0006470,protein dephosphorylation,6/828,87/18860,0.06896551724137931,1.5708812260536398,1.143644634013283,0.18290706739413332,0.6754350201114119,0.6256907573870616,PPP2R3A/PTPRS/PTPN13/PTPRZ1/PPP3CC/DUSP26,6
GO:0036465,synaptic vesicle recycling,6/828,87/18860,0.06896551724137931,1.5708812260536398,1.143644634013283,0.18290706739413332,0.6754350201114119,0.6256907573870616,SH3GL2/DNAJC6/PACSIN1/ATP8A1/SLC2A4/PPP3CC,6
GO:0030324,lung development,12/828,203/18860,0.059113300492610835,1.3464696223316912,1.0635179520867566,0.1829453238204741,0.6754350201114119,0.6256907573870616,ACVR2B/CELSR1/CCBE1/GPC3/GATA6/SFTPD/FOXA1/ADA/IGFBP5/PTK7/VANGL2/TGFB3,12
GO:0006874,intracellular calcium ion homeostasis,17/828,304/18860,0.05592105263157895,1.2737573099415205,1.0311287209783655,0.18400884814784155,0.6754350201114119,0.6256907573870616,DRD5/RGN/GSTM2/DMD/PLCL1/BNIP3/RYR2/PRKD1/TMTC4/ERC2/SYPL2/F2/SLC8A2/PTH1R/ATP13A5/EDN1/NPY,17
GO:0031644,regulation of nervous system process,8/828,125/18860,0.064,1.4577777777777778,1.1003615684343957,0.18413545259662234,0.6754350201114119,0.6256907573870616,WASF3/CELF4/GHRL/TAC4/CUX2/CDK18/SLC8A2/ADRB2,8
GO:1902414,protein localization to cell junction,8/828,125/18860,0.064,1.4577777777777778,1.1003615684343957,0.18413545259662234,0.6754350201114119,0.6256907573870616,CGNL1/NPHS1/ERBB4/RAPSN/ZDHHC2/CNIH3/CACNA2D2/KIF5C,8
GO:0071375,cellular response to peptide hormone stimulus,19/828,345/18860,0.05507246376811594,1.2544283413848631,1.0220348982808376,0.18435553805980884,0.6754350201114119,0.6256907573870616,IGF1R/GHR/CACNA2D3/FUT1/GHRL/CSH1/ECHDC3/SLC2A4/HDAC5/TBC1D4/PRKD1/PLA2G1B/SLC22A12/SORBS1/SCNN1B/SCNN1G/FFAR3/INSIG1/EDN1,19
GO:0007622,rhythmic behavior,4/828,51/18860,0.0784313725490196,1.7864923747276689,1.2051727420999319,0.18467218681900552,0.6754350201114119,0.6256907573870616,GHRL/ADA/KCNQ1/GABRB3,4
GO:0010171,body morphogenesis,4/828,51/18860,0.0784313725490196,1.7864923747276689,1.2051727420999319,0.18467218681900552,0.6754350201114119,0.6256907573870616,GPC3/GREM2/TGFB3/DKK1,4
GO:0042220,response to cocaine,4/828,51/18860,0.0784313725490196,1.7864923747276689,1.2051727420999319,0.18467218681900552,0.6754350201114119,0.6256907573870616,DRD5/SLC1A2/HOMER2/HDAC5,4
GO:0048538,thymus development,4/828,51/18860,0.0784313725490196,1.7864923747276689,1.2051727420999319,0.18467218681900552,0.6754350201114119,0.6256907573870616,EPHB3/BCL2L11/SIX4/SIX1,4
GO:0098815,modulation of excitatory postsynaptic potential,4/828,51/18860,0.0784313725490196,1.7864923747276689,1.2051727420999319,0.18467218681900552,0.6754350201114119,0.6256907573870616,CELF4/CUX2/SLC8A2/ADRB2,4
GO:0010812,negative regulation of cell-substrate adhesion,5/828,69/18860,0.07246376811594203,1.6505636070853462,1.1600906147611374,0.18559266207314096,0.6754350201114119,0.6256907573870616,FZD4/GCNT2/FBLN1/FAM107A/POSTN,5
GO:0002031,G protein-coupled receptor internalization,2/828,18/18860,0.1111111111111111,2.5308641975308643,1.3923934396257498,0.18587653554712955,0.6754350201114119,0.6256907573870616,GHRL/ADM,2
GO:0002693,positive regulation of cellular extravasation,2/828,18/18860,0.1111111111111111,2.5308641975308643,1.3923934396257498,0.18587653554712955,0.6754350201114119,0.6256907573870616,PDGFD/PLVAP,2
GO:0007379,segment specification,2/828,18/18860,0.1111111111111111,2.5308641975308643,1.3923934396257498,0.18587653554712955,0.6754350201114119,0.6256907573870616,IRX3/IRX2,2
GO:0009208,pyrimidine ribonucleoside triphosphate metabolic process,2/828,18/18860,0.1111111111111111,2.5308641975308643,1.3923934396257498,0.18587653554712955,0.6754350201114119,0.6256907573870616,NME9/NME3,2
GO:0019184,nonribosomal peptide biosynthetic process,2/828,18/18860,0.1111111111111111,2.5308641975308643,1.3923934396257498,0.18587653554712955,0.6754350201114119,0.6256907573870616,SLC1A2/GGT7,2
GO:0033631,cell-cell adhesion mediated by integrin,2/828,18/18860,0.1111111111111111,2.5308641975308643,1.3923934396257498,0.18587653554712955,0.6754350201114119,0.6256907573870616,CD3E/ADA,2
GO:0035672,oligopeptide transmembrane transport,2/828,18/18860,0.1111111111111111,2.5308641975308643,1.3923934396257498,0.18587653554712955,0.6754350201114119,0.6256907573870616,SLC13A3/ABCC5,2
GO:0042339,keratan sulfate proteoglycan metabolic process,2/828,18/18860,0.1111111111111111,2.5308641975308643,1.3923934396257498,0.18587653554712955,0.6754350201114119,0.6256907573870616,ST3GAL1/ST3GAL6,2
GO:0042415,norepinephrine metabolic process,2/828,18/18860,0.1111111111111111,2.5308641975308643,1.3923934396257498,0.18587653554712955,0.6754350201114119,0.6256907573870616,RNF180/KL,2
GO:0042448,progesterone metabolic process,2/828,18/18860,0.1111111111111111,2.5308641975308643,1.3923934396257498,0.18587653554712955,0.6754350201114119,0.6256907573870616,ADM/AFP,2
GO:0042481,regulation of odontogenesis,2/828,18/18860,0.1111111111111111,2.5308641975308643,1.3923934396257498,0.18587653554712955,0.6754350201114119,0.6256907573870616,EDN1/APCDD1,2
GO:0060253,negative regulation of glial cell proliferation,2/828,18/18860,0.1111111111111111,2.5308641975308643,1.3923934396257498,0.18587653554712955,0.6754350201114119,0.6256907573870616,ABCC8/IDH2,2
GO:0072189,ureter development,2/828,18/18860,0.1111111111111111,2.5308641975308643,1.3923934396257498,0.18587653554712955,0.6754350201114119,0.6256907573870616,RET/SIX1,2
GO:0072350,tricarboxylic acid metabolic process,2/828,18/18860,0.1111111111111111,2.5308641975308643,1.3923934396257498,0.18587653554712955,0.6754350201114119,0.6256907573870616,SIRT4/IDH2,2
GO:0090190,positive regulation of branching involved in ureteric bud morphogenesis,2/828,18/18860,0.1111111111111111,2.5308641975308643,1.3923934396257498,0.18587653554712955,0.6754350201114119,0.6256907573870616,SIX4/SIX1,2
GO:0090660,cerebrospinal fluid circulation,2/828,18/18860,0.1111111111111111,2.5308641975308643,1.3923934396257498,0.18587653554712955,0.6754350201114119,0.6256907573870616,AQP4/CWH43,2
GO:0098712,L-glutamate import across plasma membrane,2/828,18/18860,0.1111111111111111,2.5308641975308643,1.3923934396257498,0.18587653554712955,0.6754350201114119,0.6256907573870616,SLC1A2/KCNJ10,2
GO:0098883,synapse pruning,2/828,18/18860,0.1111111111111111,2.5308641975308643,1.3923934396257498,0.18587653554712955,0.6754350201114119,0.6256907573870616,VANGL2/DKK1,2
GO:1904321,response to forskolin,2/828,18/18860,0.1111111111111111,2.5308641975308643,1.3923934396257498,0.18587653554712955,0.6754350201114119,0.6256907573870616,GNAI1/ADCY1,2
GO:2001258,negative regulation of cation channel activity,2/828,18/18860,0.1111111111111111,2.5308641975308643,1.3923934396257498,0.18587653554712955,0.6754350201114119,0.6256907573870616,KCNE2/KCNQ1,2
GO:0002313,mature B cell differentiation involved in immune response,3/828,34/18860,0.08823529411764706,2.0098039215686274,1.262844954973895,0.18625416172761675,0.6754350201114119,0.6256907573870616,ST3GAL1/ITM2A/ADA,3
GO:0008053,mitochondrial fusion,3/828,34/18860,0.08823529411764706,2.0098039215686274,1.262844954973895,0.18625416172761675,0.6754350201114119,0.6256907573870616,BNIP3/NME3/PLD6,3
GO:0031069,hair follicle morphogenesis,3/828,34/18860,0.08823529411764706,2.0098039215686274,1.262844954973895,0.18625416172761675,0.6754350201114119,0.6256907573870616,IGFBP5/FST/SOSTDC1,3
GO:0032228,"regulation of synaptic transmission, GABAergic",3/828,34/18860,0.08823529411764706,2.0098039215686274,1.262844954973895,0.18625416172761675,0.6754350201114119,0.6256907573870616,KCNK2/PLCL1/NALCN,3
GO:0034505,tooth mineralization,3/828,34/18860,0.08823529411764706,2.0098039215686274,1.262844954973895,0.18625416172761675,0.6754350201114119,0.6256907573870616,WNT6/SLC4A2/FAM20A,3
GO:0040018,positive regulation of multicellular organism growth,3/828,34/18860,0.08823529411764706,2.0098039215686274,1.262844954973895,0.18625416172761675,0.6754350201114119,0.6256907573870616,GHR/GHRL/ATP8A2,3
GO:0042558,pteridine-containing compound metabolic process,3/828,34/18860,0.08823529411764706,2.0098039215686274,1.262844954973895,0.18625416172761675,0.6754350201114119,0.6256907573870616,FOLR1/ALDH1L2/ALDH1L1,3
GO:0043267,negative regulation of potassium ion transport,3/828,34/18860,0.08823529411764706,2.0098039215686274,1.262844954973895,0.18625416172761675,0.6754350201114119,0.6256907573870616,KCNE2/NEDD4L/KCNQ1,3
GO:0060603,mammary gland duct morphogenesis,3/828,34/18860,0.08823529411764706,2.0098039215686274,1.262844954973895,0.18625416172761675,0.6754350201114119,0.6256907573870616,AR/NTN1/SOSTDC1,3
GO:0060795,cell fate commitment involved in formation of primary germ layer,3/828,34/18860,0.08823529411764706,2.0098039215686274,1.262844954973895,0.18625416172761675,0.6754350201114119,0.6256907573870616,GATA6/SOX2/DKK1,3
GO:0061744,motor behavior,3/828,34/18860,0.08823529411764706,2.0098039215686274,1.262844954973895,0.18625416172761675,0.6754350201114119,0.6256907573870616,LONRF2/GABRB3/ATP1B2,3
GO:0022412,cellular process involved in reproduction in multicellular organism,24/828,449/18860,0.053452115812917596,1.2175204157386785,0.9996248766346311,0.1863369890909352,0.6754350201114119,0.6256907573870616,DEAF1/FOLR1/FZD4/CELF4/SUN5/PAQR5/REC8/PDILT/PACRG/SMAD5/SERPINA5/PLD6/TUBA8/KIT/ZBTB16/NDN/ZDBF2/FOLR3/EDN1/PAQR7/ZAR1/TSSK1B/ZAR1L/DEFB1,24
GO:0007601,visual perception,13/828,224/18860,0.05803571428571429,1.3219246031746033,1.038614488418339,0.18727238245968192,0.6782932252539695,0.6283384621805138,FAM161A/GUCA1C/COL2A1/CLDN19/LAMB2/EFEMP1/OPN4/RDH12/OPN1MW/KCNJ10/TIMP3/CABP1/ATP8A2,13
GO:0046849,bone remodeling,6/828,88/18860,0.06818181818181818,1.5530303030303028,1.1142625685974787,0.18957544083671546,0.6860966973228464,0.6355672261676387,GDF5/LEPR/SLC4A2/MITF/PTH1R/ADRB2,6
GO:0140353,lipid export from cell,4/828,52/18860,0.07692307692307693,1.7521367521367524,1.1638036728769117,0.19364368182245623,0.7002713568176216,0.6486979540258518,FZD4/GHRL/KCNQ1/EDN1,4
GO:0007204,positive regulation of cytosolic calcium ion concentration,10/828,166/18860,0.060240963855421686,1.3721552878179386,1.0319999309741554,0.1947337945067203,0.7031123244972903,0.6513296908565995,PTGER3/CCKBR/GHRL/P2RY4/RYR2/PLA2G1B/TAC4/ADRA1B/EDN1/S1PR3,10
GO:0048754,branching morphogenesis of an epithelial tube,10/828,166/18860,0.060240963855421686,1.3721552878179386,1.0319999309741554,0.1947337945067203,0.7031123244972903,0.6513296908565995,AR/CELSR1/GPC3/WNT6/FOXA1/SIX4/VANGL2/TMEM59L/EDN1/SIX1,10
GO:0006109,regulation of carbohydrate metabolic process,11/828,186/18860,0.05913978494623656,1.3470728793309439,1.0193211203736696,0.19563683686944067,0.7052700333045098,0.653328489286665,LEPR/PRKAA2/PPP1R3C/GNMT/NUPR1/C1QTNF3/PPARGC1A/RORC/SORBS1/RORA/PTH1R,11
GO:0072524,pyridine-containing compound metabolic process,11/828,186/18860,0.05913978494623656,1.3470728793309439,1.0193211203736696,0.19563683686944067,0.7052700333045098,0.653328489286665,DCXR/PRKAA2/LDHB/NUPR1/NNT/ALDH1L2/IDH2/ALDH1L1/PGAM2/FMO2/SLC22A13,11
GO:0007422,peripheral nervous system development,6/828,89/18860,0.06741573033707865,1.5355805243445693,1.085247074716864,0.19633593434916444,0.7066284993138636,0.6545869073446109,LAMA2/SERPINI1/PSPN/LAMB2/GFRA3/GSTM3,6
GO:0005976,polysaccharide metabolic process,7/828,108/18860,0.06481481481481481,1.4763374485596708,1.0637886588700258,0.19659994811218048,0.7066284993138636,0.6545869073446109,CHIA/GABARAPL1/LEPR/PPP1R3C/GNMT/SORBS1/FUT9,7
GO:0032526,response to retinoic acid,7/828,108/18860,0.06481481481481481,1.4763374485596708,1.0637886588700258,0.19659994811218048,0.7066284993138636,0.6545869073446109,FZD4/IGFBP2/WNT6/GATA6/PTK7/RET/DKK1,7
GO:0001654,eye development,23/828,432/18860,0.05324074074074074,1.2127057613168724,0.9583730094089146,0.1975053415648255,0.7066284993138636,0.6545869073446109,SMARCD3/FZD4/PPP2R3A/CELF4/PTPRM/PTF1A/EGFR/CLDN19/ACVR2B/FREM2/WNT6/LAMB2/EFEMP1/OPN4/MITF/WDPCP/NES/SOX2/TFAP2B/SMOC1/PAX4/PRSS56/ATP8A2,23
GO:0000096,sulfur amino acid metabolic process,3/828,35/18860,0.08571428571428572,1.9523809523809526,1.2084530439061978,0.19754382689783412,0.7066284993138636,0.6545869073446109,GNMT/CBS/CDO1,3
GO:0010765,positive regulation of sodium ion transport,3/828,35/18860,0.08571428571428572,1.9523809523809526,1.2084530439061978,0.19754382689783412,0.7066284993138636,0.6545869073446109,FGF13/FXYD4/ATP1B2,3
GO:0010882,regulation of cardiac muscle contraction by calcium ion signaling,3/828,35/18860,0.08571428571428572,1.9523809523809526,1.2084530439061978,0.19754382689783412,0.7066284993138636,0.6545869073446109,GSTM2/DMD/RYR2,3
GO:0045026,plasma membrane fusion,3/828,35/18860,0.08571428571428572,1.9523809523809526,1.2084530439061978,0.19754382689783412,0.7066284993138636,0.6545869073446109,FOLR1/SERPINA5/FOLR3,3
GO:0050931,pigment cell differentiation,3/828,35/18860,0.08571428571428572,1.9523809523809526,1.2084530439061978,0.19754382689783412,0.7066284993138636,0.6545869073446109,KITLG/KIT/MITF,3
GO:0060351,cartilage development involved in endochondral bone morphogenesis,3/828,35/18860,0.08571428571428572,1.9523809523809526,1.2084530439061978,0.19754382689783412,0.7066284993138636,0.6545869073446109,GHR/COL2A1/CBS,3
GO:0030048,actin filament-based movement,9/828,147/18860,0.061224489795918366,1.3945578231292517,1.0290824379072239,0.19807516624497834,0.7079574146536904,0.6558179510730546,MYBPC3/FGF13/KCNE2/RYR2/NEDD4L/KCNQ1/SCN2A/KCNE4/KCNJ8,9
GO:0043588,skin development,18/828,329/18860,0.0547112462006079,1.2462006079027357,0.9653619815323806,0.19959517389614262,0.7079574146536904,0.6558179510730546,EDA/EGFR/SPRR2G/GATA6/ALOX15B/HOXC13/CNFN/IGFBP5/FST/VANGL2/TFAP2B/SOSTDC1/KRT73/APCDD1/KRT9/ATP8A2/SOX21/DKK1,18
GO:0030323,respiratory tube development,12/828,207/18860,0.057971014492753624,1.3204508856682768,0.9934015954208909,0.2002172980633215,0.7079574146536904,0.6558179510730546,ACVR2B/CELSR1/CCBE1/GPC3/GATA6/SFTPD/FOXA1/ADA/IGFBP5/PTK7/VANGL2/TGFB3,12
GO:0008154,actin polymerization or depolymerization,11/828,187/18860,0.058823529411764705,1.3398692810457518,1.0008712556386643,0.20025994258431165,0.7079574146536904,0.6558179510730546,WASF3/NPHS1/CYFIP2/GHRL/HIP1R/PAK3/DAAM2/EVL/KANK4/LMOD2/FAM107A,11
GO:0072329,monocarboxylic acid catabolic process,8/828,128/18860,0.0625,1.4236111111111112,1.0304639489653447,0.20087348941242297,0.7079574146536904,0.6558179510730546,PLIN5/ACADL/DCXR/LDHB/ECI2/SULT2A1/ACAT1/ALDH1L2,8
GO:0009994,oocyte differentiation,5/828,71/18860,0.07042253521126761,1.6040688575899844,1.0927387322308744,0.20094637228301668,0.7079574146536904,0.6558179510730546,REC8/PLD6/EDN1/ZAR1/ZAR1L,5
GO:0048662,negative regulation of smooth muscle cell proliferation,5/828,71/18860,0.07042253521126761,1.6040688575899844,1.0927387322308744,0.20094637228301668,0.7079574146536904,0.6558179510730546,PDCD4/PPARGC1A/IGFBP5/EFEMP2/TGFB3,5
GO:0050909,sensory perception of taste,5/828,71/18860,0.07042253521126761,1.6040688575899844,1.0927387322308744,0.20094637228301668,0.7079574146536904,0.6558179510730546,AZGP1/SCNN1B/SCNN1G/TAS2R31/TAS2R39,5
GO:0006071,glycerol metabolic process,2/828,19/18860,0.10526315789473684,2.39766081871345,1.306108228561409,0.20205454147110524,0.7079574146536904,0.6558179510730546,ANGPTL3/MOGAT1,2
GO:0006957,"complement activation, alternative pathway",2/828,19/18860,0.10526315789473684,2.39766081871345,1.306108228561409,0.20205454147110524,0.7079574146536904,0.6558179510730546,SUSD4/C5,2
GO:0008356,asymmetric cell division,2/828,19/18860,0.10526315789473684,2.39766081871345,1.306108228561409,0.20205454147110524,0.7079574146536904,0.6558179510730546,FGF13/ZBTB16,2
GO:0009067,aspartate family amino acid biosynthetic process,2/828,19/18860,0.10526315789473684,2.39766081871345,1.306108228561409,0.20205454147110524,0.7079574146536904,0.6558179510730546,PLOD2/ASNS,2
GO:0009084,glutamine family amino acid biosynthetic process,2/828,19/18860,0.10526315789473684,2.39766081871345,1.306108228561409,0.20205454147110524,0.7079574146536904,0.6558179510730546,GLUL/GLS2,2
GO:0009125,nucleoside monophosphate catabolic process,2/828,19/18860,0.10526315789473684,2.39766081871345,1.306108228561409,0.20205454147110524,0.7079574146536904,0.6558179510730546,ADA/NT5M,2
GO:0009148,pyrimidine nucleoside triphosphate biosynthetic process,2/828,19/18860,0.10526315789473684,2.39766081871345,1.306108228561409,0.20205454147110524,0.7079574146536904,0.6558179510730546,NME9/NME3,2
GO:0030949,positive regulation of vascular endothelial growth factor receptor signaling pathway,2/828,19/18860,0.10526315789473684,2.39766081871345,1.306108228561409,0.20205454147110524,0.7079574146536904,0.6558179510730546,VEGFB/MT3,2
GO:0031649,heat generation,2/828,19/18860,0.10526315789473684,2.39766081871345,1.306108228561409,0.20205454147110524,0.7079574146536904,0.6558179510730546,PTGER3/ADRB2,2
GO:0045187,"regulation of circadian sleep/wake cycle, sleep",2/828,19/18860,0.10526315789473684,2.39766081871345,1.306108228561409,0.20205454147110524,0.7079574146536904,0.6558179510730546,GHRL/ADA,2
GO:0046068,cGMP metabolic process,2/828,19/18860,0.10526315789473684,2.39766081871345,1.306108228561409,0.20205454147110524,0.7079574146536904,0.6558179510730546,NPR3/RORA,2
GO:0051341,regulation of oxidoreductase activity,2/828,19/18860,0.10526315789473684,2.39766081871345,1.306108228561409,0.20205454147110524,0.7079574146536904,0.6558179510730546,DRD5/MT3,2
GO:0055064,chloride ion homeostasis,2/828,19/18860,0.10526315789473684,2.39766081871345,1.306108228561409,0.20205454147110524,0.7079574146536904,0.6558179510730546,KCNQ1/CA12,2
GO:0071071,regulation of phospholipid biosynthetic process,2/828,19/18860,0.10526315789473684,2.39766081871345,1.306108228561409,0.20205454147110524,0.7079574146536904,0.6558179510730546,FABP3/ABCA2,2
GO:0086014,atrial cardiac muscle cell action potential,2/828,19/18860,0.10526315789473684,2.39766081871345,1.306108228561409,0.20205454147110524,0.7079574146536904,0.6558179510730546,RYR2/KCNQ1,2
GO:0086026,atrial cardiac muscle cell to AV node cell signaling,2/828,19/18860,0.10526315789473684,2.39766081871345,1.306108228561409,0.20205454147110524,0.7079574146536904,0.6558179510730546,RYR2/KCNQ1,2
GO:0086066,atrial cardiac muscle cell to AV node cell communication,2/828,19/18860,0.10526315789473684,2.39766081871345,1.306108228561409,0.20205454147110524,0.7079574146536904,0.6558179510730546,RYR2/KCNQ1,2
GO:0170044,non-proteinogenic amino acid catabolic process,2/828,19/18860,0.10526315789473684,2.39766081871345,1.306108228561409,0.20205454147110524,0.7079574146536904,0.6558179510730546,CBS/SARDH,2
GO:1901569,fatty acid derivative catabolic process,2/828,19/18860,0.10526315789473684,2.39766081871345,1.306108228561409,0.20205454147110524,0.7079574146536904,0.6558179510730546,OXCT1/ACAT1,2
GO:0032924,activin receptor signaling pathway,4/828,53/18860,0.07547169811320754,1.719077568134172,1.1233276860088,0.20274733619379057,0.7082353998055407,0.6560754632467274,ACVR2B/CFC1/FST/DAND5,4
GO:0034331,cell junction maintenance,4/828,53/18860,0.07547169811320754,1.719077568134172,1.1233276860088,0.20274733619379057,0.7082353998055407,0.6560754632467274,RAPSN/ERC2/RIMS3/PRTN3,4
GO:0050731,positive regulation of peptidyl-tyrosine phosphorylation,4/828,53/18860,0.07547169811320754,1.719077568134172,1.1233276860088,0.20274733619379057,0.7082353998055407,0.6560754632467274,VEGFB/ERBB4/CTF1/KIT,4
GO:0085029,extracellular matrix assembly,4/828,53/18860,0.07547169811320754,1.719077568134172,1.1233276860088,0.20274733619379057,0.7082353998055407,0.6560754632467274,THSD4/NTN4/EFEMP2/GPM6B,4
GO:0051591,response to cAMP,6/828,90/18860,0.06666666666666667,1.5185185185185184,1.0565886453584967,0.20318516779620516,0.7092283483619618,0.6569952833860666,CRTC1/DUOX1/KCNQ1/MMP19/IGFBP5/CDO1,6
GO:0045598,regulation of fat cell differentiation,9/828,148/18860,0.060810810810810814,1.385135135135135,1.0079440902907852,0.20334341353835084,0.7092446251662419,0.6570103614404976,FNDC5/TGFB1I1/TRIB2/RORC/RORA/ZBTB16/ID4/INSIG1/SIX1,9
GO:0050953,sensory perception of light stimulus,13/828,228/18860,0.05701754385964912,1.2987329434697854,0.9724635972242573,0.20388692514850337,0.7106036379892744,0.6582692860405305,FAM161A/GUCA1C/COL2A1/CLDN19/LAMB2/EFEMP1/OPN4/RDH12/OPN1MW/KCNJ10/TIMP3/CABP1/ATP8A2,13
GO:0007254,JNK cascade,11/828,188/18860,0.05851063829787234,1.3327423167848702,0.9825260883476593,0.20493053795602925,0.7137022807548591,0.6611397207694711,IGF1R/DUSP19/MBIP/NPHS1/TPD52L1/GADD45B/MECOM/PDCD4/CBS/EDN1/DKK1,11
GO:0051047,positive regulation of secretion,18/828,331/18860,0.054380664652567974,1.2386706948640485,0.9387277428300208,0.20658127653180725,0.7178422406973625,0.6649747820186642,FGA/FGB/FGG/TMEM132A/MYRIP/GHRL/CHRM3/RAPGEF4/OXCT1/PRKD1/PLA2G1B/C1QTNF3/PLA2G6/ABCC8/F2/TGFB3/SCAMP5/EDN1,18
GO:0030326,embryonic limb morphogenesis,8/828,129/18860,0.06201550387596899,1.4125753660637383,1.0075583724287906,0.20658560803092135,0.7178422406973625,0.6649747820186642,GDF5/FREM2/GPC3/BCL2L11/WDPCP/CHST11/ZBTB16/DKK1,8
GO:0035113,embryonic appendage morphogenesis,8/828,129/18860,0.06201550387596899,1.4125753660637383,1.0075583724287906,0.20658560803092135,0.7178422406973625,0.6649747820186642,GDF5/FREM2/GPC3/BCL2L11/WDPCP/CHST11/ZBTB16/DKK1,8
GO:0006635,fatty acid beta-oxidation,5/828,72/18860,0.06944444444444445,1.5817901234567902,1.0598511273235605,0.20877986321009512,0.7215237458371255,0.6683851526252145,PLIN5/ACADL/ECI2/ACAT1/ALDH1L2,5
GO:0022617,extracellular matrix disassembly,5/828,72/18860,0.06944444444444445,1.5817901234567902,1.0598511273235605,0.20877986321009512,0.7215237458371255,0.6683851526252145,HPN/PBXIP1/MMP19/TIMP3/PRSS1,5
GO:0006536,glutamate metabolic process,3/828,36/18860,0.08333333333333333,1.898148148148148,1.1558349470788072,0.20899296216643548,0.7215237458371255,0.6683851526252145,ADHFE1/GLUL/GLS2,3
GO:0007617,mating behavior,3/828,36/18860,0.08333333333333333,1.898148148148148,1.1558349470788072,0.20899296216643548,0.7215237458371255,0.6683851526252145,DRD5/SERPINA5/ADA,3
GO:0051873,killing by host of symbiont cells,3/828,36/18860,0.08333333333333333,1.898148148148148,1.1558349470788072,0.20899296216643548,0.7215237458371255,0.6683851526252145,SCNN1B/F2/HRG,3
GO:0014013,regulation of gliogenesis,7/828,110/18860,0.06363636363636363,1.4494949494949494,1.0131484217307152,0.20903246414483775,0.7215237458371255,0.6683851526252145,PTPRZ1/DAAM2/ABCC8/IDH2/F2/NTN1/ID4,7
GO:0035249,"synaptic transmission, glutamatergic",7/828,110/18860,0.06363636363636363,1.4494949494949494,1.0131484217307152,0.20903246414483775,0.7215237458371255,0.6683851526252145,GRIA4/HOMER2/GRIA3/CNIH3/ABCC8/KCNJ8/DKK1,7
GO:1990830,cellular response to leukemia inhibitory factor,7/828,110/18860,0.06363636363636363,1.4494949494949494,1.0131484217307152,0.20903246414483775,0.7215237458371255,0.6683851526252145,SYNGR1/BCAT2/FZD4/INA/PTP4A3/PMM1/MRAS,7
GO:0016125,sterol metabolic process,10/828,169/18860,0.05917159763313609,1.3477975016436554,0.9732089424442736,0.20957456108647457,0.7215237458371255,0.6683851526252145,ANGPTL3/ACADL/TM7SF2/LEPR/PRKAA2/APOA5/CYP7B1/GNAI1/SULT2A1/INSIG1,10
GO:0120254,olefinic compound metabolic process,10/828,169/18860,0.05917159763313609,1.3477975016436554,0.9732089424442736,0.20957456108647457,0.7215237458371255,0.6683851526252145,GSTM2/CYP2C8/ALDH1A1/PNPLA4/ADM/SCNN1B/ALOX15B/RDH12/ADH7/AFP,10
GO:0016049,cell growth,26/828,499/18860,0.052104208416833664,1.1868180806056556,0.9063033025854842,0.20960241078123093,0.7215237458371255,0.6683851526252145,SH3GL2/FGF13/PTPRS/CYFIP2/EGFR/HPN/NIN/ULK1/NEDD4L/ULK2/ZFYVE27/SORBS2/SGK1/LAMB2/MT3/FLRT3/IGFBP5/F2/NDN/NTN1/RERG/HRG/FAM107A/EDN1/POSTN/KIF26A,26
GO:0017157,regulation of exocytosis,11/828,189/18860,0.0582010582010582,1.3256907701352145,0.9642843381338059,0.20964768166578993,0.7215237458371255,0.6683851526252145,FGA/FGB/FGG/RIMS4/RAB26/RAPGEF4/SCAMP5/RIMS3/LGI3/TRPV6/NPY,11
GO:0150063,visual system development,23/828,436/18860,0.052752293577981654,1.20158002038736,0.9125387518154056,0.20967623796306245,0.7215237458371255,0.6683851526252145,SMARCD3/FZD4/PPP2R3A/CELF4/PTPRM/PTF1A/EGFR/CLDN19/ACVR2B/FREM2/WNT6/LAMB2/EFEMP1/OPN4/MITF/WDPCP/NES/SOX2/TFAP2B/SMOC1/PAX4/PRSS56/ATP8A2,23
GO:0051453,regulation of intracellular pH,6/828,91/18860,0.06593406593406594,1.5018315018315018,1.0282781284247593,0.21011970273724018,0.7219738000301898,0.6688020613440978,LAMP2/SLC9A4/SLC4A2/SLC9A7/SLC9A3/ATP6V0E2,6
GO:0055013,cardiac muscle cell development,6/828,91/18860,0.06593406593406594,1.5018315018315018,1.0282781284247593,0.21011970273724018,0.7219738000301898,0.6688020613440978,OBSL1/SORBS2/NRAP/NEBL/ALPK3/EDN1,6
GO:0051258,protein polymerization,16/828,291/18860,0.054982817869415807,1.2523864070255821,0.9297597616038004,0.21106250188169676,0.7246740770926956,0.6713034691036711,FGA/FGB/FGF13/FGG/WASF3/NPHS1/CYFIP2/HIP1R/NIN/PAK3/DAAM2/EVL/KANK4/NEFL/LMOD2/FAM107A,16
GO:0001974,blood vessel remodeling,4/828,54/18860,0.07407407407407407,1.6872427983539093,1.0837058328164328,0.21197441534268677,0.7267244618058853,0.6732028476166757,ACVR2B/NPR3/CBS/HRG,4
GO:0046622,positive regulation of organ growth,4/828,54/18860,0.07407407407407407,1.6872427983539093,1.0837058328164328,0.21197441534268677,0.7267244618058853,0.6732028476166757,ERBB4/GATA6/CACNA2D2/EDN1,4
GO:0030833,regulation of actin filament polymerization,8/828,130/18860,0.06153846153846154,1.4017094017094018,0.9848437495713107,0.212361059876023,0.726970626024814,0.6734308823972202,NPHS1/CYFIP2/HIP1R/PAK3/DAAM2/EVL/KANK4/LMOD2,8
GO:0043200,response to amino acid,8/828,130/18860,0.06153846153846154,1.4017094017094018,0.9848437495713107,0.212361059876023,0.726970626024814,0.6734308823972202,SLC1A2/FUT1/PDGFD/EGFR/ALAD/EDN1/CDO1/SIX1,8
GO:0090090,negative regulation of canonical Wnt signaling pathway,9/828,150/18860,0.06,1.3666666666666665,0.9661236545891849,0.21405030027110952,0.7322105827051731,0.6782849281105569,CDH2/PPP2R3A/IGFBP2/APC2/GPC3/ZNRF3/SOX2/SOSTDC1/DKK1,9
GO:0051336,regulation of hydrolase activity,11/828,190/18860,0.05789473684210526,1.3187134502923976,0.9461447473871712,0.2144104102413921,0.7328995370057356,0.6789231424839437,RAP1GAP/PLIN5/FGD4/GPSM1/EPHB3/APC2/ASAP3/RGS7/ODAM/SYDE1/PRTN3,11
GO:0060079,excitatory postsynaptic potential,7/828,111/18860,0.06306306306306306,1.4364364364364364,0.9882025840620788,0.21535670087970804,0.7339819277741698,0.679925817618524,CELF4/GHRL/SLC29A1/CUX2/SLC8A2/ADRB2/HTR3E,7
GO:0038034,signal transduction in absence of ligand,5/828,73/18860,0.0684931506849315,1.5601217656012176,1.0274665945099444,0.2167108202699494,0.7339819277741698,0.679925817618524,COL2A1/BCL2L11/KITLG/RET/GPR62,5
GO:0051055,negative regulation of lipid biosynthetic process,5/828,73/18860,0.0684931506849315,1.5601217656012176,1.0274665945099444,0.2167108202699494,0.7339819277741698,0.679925817618524,ACADL/PDE8B/ASXL3/ABCA2/INSIG1,5
GO:0072577,endothelial cell apoptotic process,5/828,73/18860,0.0684931506849315,1.5601217656012176,1.0274665945099444,0.2167108202699494,0.7339819277741698,0.679925817618524,FGA/FGB/FGG/FUT1/PDCD4,5
GO:0048167,regulation of synaptic plasticity,13/828,231/18860,0.05627705627705628,1.2818662818662818,0.9236488515542242,0.21676526276405916,0.7339819277741698,0.679925817618524,DRD5/SYNGR1/DBN1/GRIA3/ZDHHC2/KIT/SCTR/ADCY1/SLC8A2/KCNJ10/SLITRK4/FAM107A/CAMK2B,13
GO:0033273,response to vitamin,6/828,92/18860,0.06521739130434782,1.4855072463768115,1.0003067096464753,0.21713604894604024,0.7339819277741698,0.679925817618524,FOLR1/ALAD/CBS/KL/NNT/POSTN,6
GO:1904951,positive regulation of establishment of protein localization,18/828,334/18860,0.05389221556886228,1.2275449101796407,0.899087745522635,0.2172714739748817,0.7339819277741698,0.679925817618524,FGA/FGB/FGG/TMEM132A/MYRIP/GHRL/CHRM3/RAPGEF4/OXCT1/ZDHHC2/PRKD1/PLA2G1B/PTP4A3/C1QTNF3/PLA2G6/ABCC8/F2/TGFB3,18
GO:0001946,lymphangiogenesis,2/828,20/18860,0.1,2.2777777777777777,1.2251307169937669,0.21838266971886303,0.7339819277741698,0.679925817618524,ACVR2B/CCBE1,2
GO:0006857,oligopeptide transport,2/828,20/18860,0.1,2.2777777777777777,1.2251307169937669,0.21838266971886303,0.7339819277741698,0.679925817618524,SLC13A3/ABCC5,2
GO:0033194,response to hydroperoxide,2/828,20/18860,0.1,2.2777777777777777,1.2251307169937669,0.21838266971886303,0.7339819277741698,0.679925817618524,PRKD1/GPX3,2
GO:0033762,response to glucagon,2/828,20/18860,0.1,2.2777777777777777,1.2251307169937669,0.21838266971886303,0.7339819277741698,0.679925817618524,FUT1/CDO1,2
GO:0034162,toll-like receptor 9 signaling pathway,2/828,20/18860,0.1,2.2777777777777777,1.2251307169937669,0.21838266971886303,0.7339819277741698,0.679925817618524,PTPRS/RAB7B,2
GO:0035358,regulation of peroxisome proliferator activated receptor signaling pathway,2/828,20/18860,0.1,2.2777777777777777,1.2251307169937669,0.21838266971886303,0.7339819277741698,0.679925817618524,PLIN5/ALOX15B,2
GO:0045721,negative regulation of gluconeogenesis,2/828,20/18860,0.1,2.2777777777777777,1.2251307169937669,0.21838266971886303,0.7339819277741698,0.679925817618524,LEPR/C1QTNF3,2
GO:0060088,auditory receptor cell stereocilium organization,2/828,20/18860,0.1,2.2777777777777777,1.2251307169937669,0.21838266971886303,0.7339819277741698,0.679925817618524,ANKRD24/LHFPL5,2
GO:0060749,mammary gland alveolus development,2/828,20/18860,0.1,2.2777777777777777,1.2251307169937669,0.21838266971886303,0.7339819277741698,0.679925817618524,ERBB4/AR,2
GO:0061298,retina vasculature development in camera-type eye,2/828,20/18860,0.1,2.2777777777777777,1.2251307169937669,0.21838266971886303,0.7339819277741698,0.679925817618524,FZD4/ACVR2B,2
GO:0061377,mammary gland lobule development,2/828,20/18860,0.1,2.2777777777777777,1.2251307169937669,0.21838266971886303,0.7339819277741698,0.679925817618524,ERBB4/AR,2
GO:0071371,cellular response to gonadotropin stimulus,2/828,20/18860,0.1,2.2777777777777777,1.2251307169937669,0.21838266971886303,0.7339819277741698,0.679925817618524,GATA6/EDN1,2
GO:0071380,cellular response to prostaglandin E stimulus,2/828,20/18860,0.1,2.2777777777777777,1.2251307169937669,0.21838266971886303,0.7339819277741698,0.679925817618524,P2RY4/PRKAA2,2
GO:0097254,renal tubular secretion,2/828,20/18860,0.1,2.2777777777777777,1.2251307169937669,0.21838266971886303,0.7339819277741698,0.679925817618524,SLC22A12/EDN1,2
GO:1901658,glycosyl compound catabolic process,2/828,20/18860,0.1,2.2777777777777777,1.2251307169937669,0.21838266971886303,0.7339819277741698,0.679925817618524,ENPP4/ADA,2
GO:1904177,regulation of adipose tissue development,2/828,20/18860,0.1,2.2777777777777777,1.2251307169937669,0.21838266971886303,0.7339819277741698,0.679925817618524,GHRL/ACVR2B,2
GO:0050900,leukocyte migration,21/828,397/18860,0.05289672544080604,1.2048698572628043,0.8840457338066231,0.21887708065969536,0.7351086243537986,0.6809695355414369,VEGFB/PDGFD/C5/CCL16/IL33/CYP7B1/PLA2G1B/SFTPD/GNAI1/KITLG/KIT/ADA/CHGA/RET/LRP12/FUT9/VAV3/PRTN3/CXCL17/EDN1/PLVAP,21
GO:0045766,positive regulation of angiogenesis,11/828,191/18860,0.05759162303664921,1.3118091913903431,0.928106080729191,0.21921773890872637,0.7351833829197519,0.6810387883079646,PDCD6/VEGFB/ANGPTL3/FUT1/GHRL/CCBE1/PRKD1/GATA6/BMPER/ADM/S100A1,11
GO:0050905,neuromuscular process,11/828,191/18860,0.05759162303664921,1.3118091913903431,0.928106080729191,0.21921773890872637,0.7351833829197519,0.6810387883079646,PDE8B/GSTM2/DMD/LONRF2/PRKD1/ABCC8/IGDCC3/NEFL/CWH43/KCNJ8/ATP8A2,11
GO:0007616,long-term memory,3/828,37/18860,0.08108108108108109,1.8468468468468469,1.104876826942985,0.22058427782914447,0.7354932815992701,0.6813258636501183,SLC2A4/SGK1/ADCY1,3
GO:0010893,positive regulation of steroid biosynthetic process,3/828,37/18860,0.08108108108108109,1.8468468468468469,1.104876826942985,0.22058427782914447,0.7354932815992701,0.6813258636501183,GNAI1/ADM/INSIG1,3
GO:0017145,stem cell division,3/828,37/18860,0.08108108108108109,1.8468468468468469,1.104876826942985,0.22058427782914447,0.7354932815992701,0.6813258636501183,VANGL2/ZBTB16/FUT9,3
GO:0021772,olfactory bulb development,3/828,37/18860,0.08108108108108109,1.8468468468468469,1.104876826942985,0.22058427782914447,0.7354932815992701,0.6813258636501183,FUT1/ERBB4/CRTAC1,3
GO:0045939,negative regulation of steroid metabolic process,3/828,37/18860,0.08108108108108109,1.8468468468468469,1.104876826942985,0.22058427782914447,0.7354932815992701,0.6813258636501183,PDE8B/ABCA2/INSIG1,3
GO:0090183,regulation of kidney development,3/828,37/18860,0.08108108108108109,1.8468468468468469,1.104876826942985,0.22058427782914447,0.7354932815992701,0.6813258636501183,RET/SIX4/SIX1,3
GO:0097484,dendrite extension,3/828,37/18860,0.08108108108108109,1.8468468468468469,1.104876826942985,0.22058427782914447,0.7354932815992701,0.6813258636501183,SH3GL2/CYFIP2/NEDD4L,3
GO:1900746,regulation of vascular endothelial growth factor signaling pathway,3/828,37/18860,0.08108108108108109,1.8468468468468469,1.104876826942985,0.22058427782914447,0.7354932815992701,0.6813258636501183,CCBE1/PTP4A3/HRG,3
GO:0048705,skeletal system morphogenesis,13/828,232/18860,0.05603448275862069,1.2763409961685825,0.9075253100195181,0.2211339015472142,0.7367939086183515,0.6825307024287072,GHR/CHAD/COL2A1/ACVR2B/CBS/SP5/CHST11/SIX4/ATG9B/INSIG1/HOXC4/CSGALNACT1/SIX1,13
GO:0060688,regulation of morphogenesis of a branching structure,4/828,55/18860,0.07272727272727272,1.6565656565656564,1.0449015832087793,0.22131619009104045,0.7368696220911498,0.6826008397753489,AR/NTN4/SIX4/SIX1,4
GO:1990823,response to leukemia inhibitory factor,7/828,112/18860,0.0625,1.4236111111111112,0.9634993613541696,0.22174956586871572,0.7377806161251651,0.6834447411576375,SYNGR1/BCAT2/FZD4/INA/PTP4A3/PMM1/MRAS,7
GO:0003002,regionalization,23/828,440/18860,0.05227272727272727,1.1906565656565655,0.8671332517201727,0.2221977221314036,0.7387394390229098,0.6843329489159367,SMARCD3/FOLR1/PPP2R3A/ACVR2B/PLD6/AR/DAAM2/GPC3/GREM2/FOXA1/IRX3/HOXC13/CFC1/IRX2/VANGL2/ZBTB16/GATA5/SOSTDC1/DAND5/HOXC4/EDN1/SIX1/DKK1,23
GO:0006487,protein N-linked glycosylation,6/828,93/18860,0.06451612903225806,1.4695340501792113,0.9726658964971783,0.22423067082248388,0.7439580504886236,0.6891672214414458,ST3GAL1/MAN2A2/PMM1/ST8SIA5/CWH43/FUT9,6
GO:0015800,acidic amino acid transport,5/828,74/18860,0.06756756756756757,1.5390390390390392,0.9955692394921728,0.22473397150966437,0.7439580504886236,0.6891672214414458,KCNK2/SLC1A2/ABCC8/KCNJ10/KCNJ8,5
GO:0051148,negative regulation of muscle cell differentiation,5/828,74/18860,0.06756756756756757,1.5390390390390392,0.9955692394921728,0.22473397150966437,0.7439580504886236,0.6891672214414458,NFATC2/HDAC5/PDCD4/RBPMS2/DKK1,5
GO:0060420,regulation of heart growth,5/828,74/18860,0.06756756756756757,1.5390390390390392,0.9955692394921728,0.22473397150966437,0.7439580504886236,0.6891672214414458,KCNK2/ERBB4/GATA6/FGF20/EDN1,5
GO:0061180,mammary gland epithelium development,5/828,74/18860,0.06756756756756757,1.5390390390390392,0.9955692394921728,0.22473397150966437,0.7439580504886236,0.6891672214414458,DEAF1/ERBB4/AR/NTN1/SOSTDC1,5
GO:0072527,pyrimidine-containing compound metabolic process,5/828,74/18860,0.06756756756756757,1.5390390390390392,0.9955692394921728,0.22473397150966437,0.7439580504886236,0.6891672214414458,ALDH6A1/NME9/NME3/NT5M/TKTL1,5
GO:0072659,protein localization to plasma membrane,16/828,295/18860,0.05423728813559322,1.2354048964218456,0.8732358809967635,0.22653447173891877,0.7493812252796038,0.6941909916656356,FGF13/CDH2/GGA2/PACSIN1/KCNIP3/RAB26/EGFR/TTC7B/AR/ZDHHC2/ZFYVE27/SORBS1/KCNIP4/TSPAN33/RAMP1/CAMK2B,16
GO:0002065,columnar/cuboidal epithelial cell differentiation,7/828,113/18860,0.061946902654867256,1.4110127826941987,0.9390337685652439,0.22820849268440074,0.7525212815217748,0.697099789862208,CDH2/SLC9A4/GATA6/FOXA1/FST/GATA5/NPY,7
GO:0003231,cardiac ventricle development,8/828,133/18860,0.06015037593984962,1.3700918964076858,0.9178122298107402,0.23004836449965452,0.7525212815217748,0.697099789862208,MYBPC3/SMARCD3/KCNK2/RYR2/ADAMTS19/PTK7/VANGL2/DAND5,8
GO:0003009,skeletal muscle contraction,4/828,56/18860,0.07142857142857142,1.626984126984127,1.006880633653601,0.23076395853054885,0.7525212815217748,0.697099789862208,GSTM2/DMD/PRKD1/ATP8A2,4
GO:0006111,regulation of gluconeogenesis,4/828,56/18860,0.07142857142857142,1.626984126984127,1.006880633653601,0.23076395853054885,0.7525212815217748,0.697099789862208,LEPR/GNMT/C1QTNF3/PPARGC1A,4
GO:0071385,cellular response to glucocorticoid stimulus,4/828,56/18860,0.07142857142857142,1.626984126984127,1.006880633653601,0.23076395853054885,0.7525212815217748,0.697099789862208,BCL2L11/SSTR2/FAM107A/EDN1,4
GO:0141156,cAMP/PKA signal transduction,4/828,56/18860,0.07142857142857142,1.626984126984127,1.006880633653601,0.23076395853054885,0.7525212815217748,0.697099789862208,PDE1B/PDE8B/EDN1/ADRB2,4
GO:0001580,detection of chemical stimulus involved in sensory perception of bitter taste,3/828,38/18860,0.07894736842105263,1.7982456140350875,1.05547512878549,0.23230088361386805,0.7525212815217748,0.697099789862208,AZGP1/TAS2R31/TAS2R39,3
GO:0009584,detection of visible light,3/828,38/18860,0.07894736842105263,1.7982456140350875,1.05547512878549,0.23230088361386805,0.7525212815217748,0.697099789862208,OPN4/OPN1MW/TTR,3
GO:0030224,monocyte differentiation,3/828,38/18860,0.07894736842105263,1.7982456140350875,1.05547512878549,0.23230088361386805,0.7525212815217748,0.697099789862208,PDE1B/CDK6/MT1G,3
GO:0031646,positive regulation of nervous system process,3/828,38/18860,0.07894736842105263,1.7982456140350875,1.05547512878549,0.23230088361386805,0.7525212815217748,0.697099789862208,WASF3/TAC4/CDK18,3
GO:0033146,regulation of intracellular estrogen receptor signaling pathway,3/828,38/18860,0.07894736842105263,1.7982456140350875,1.05547512878549,0.23230088361386805,0.7525212815217748,0.697099789862208,AR/CYP7B1/FOXA1,3
GO:0035909,aorta morphogenesis,3/828,38/18860,0.07894736842105263,1.7982456140350875,1.05547512878549,0.23230088361386805,0.7525212815217748,0.697099789862208,EFEMP2/TFAP2B/SIX1,3
GO:0046326,positive regulation of D-glucose import,3/828,38/18860,0.07894736842105263,1.7982456140350875,1.05547512878549,0.23230088361386805,0.7525212815217748,0.697099789862208,SLC1A2/GPC3/SORBS1,3
GO:0046329,negative regulation of JNK cascade,3/828,38/18860,0.07894736842105263,1.7982456140350875,1.05547512878549,0.23230088361386805,0.7525212815217748,0.697099789862208,DUSP19/MECOM/PDCD4,3
GO:0048730,epidermis morphogenesis,3/828,38/18860,0.07894736842105263,1.7982456140350875,1.05547512878549,0.23230088361386805,0.7525212815217748,0.697099789862208,IGFBP5/FST/SOSTDC1,3
GO:0055023,positive regulation of cardiac muscle tissue growth,3/828,38/18860,0.07894736842105263,1.7982456140350875,1.05547512878549,0.23230088361386805,0.7525212815217748,0.697099789862208,ERBB4/GATA6/EDN1,3
GO:0086004,regulation of cardiac muscle cell contraction,3/828,38/18860,0.07894736842105263,1.7982456140350875,1.05547512878549,0.23230088361386805,0.7525212815217748,0.697099789862208,MYBPC3/FGF13/RYR2,3
GO:1901889,negative regulation of cell junction assembly,3/828,38/18860,0.07894736842105263,1.7982456140350875,1.05547512878549,0.23230088361386805,0.7525212815217748,0.697099789862208,PTPN13/FAM107A/DKK1,3
GO:1902932,positive regulation of alcohol biosynthetic process,3/828,38/18860,0.07894736842105263,1.7982456140350875,1.05547512878549,0.23230088361386805,0.7525212815217748,0.697099789862208,GNAI1/PTH1R/INSIG1,3
GO:1905332,positive regulation of morphogenesis of an epithelium,3/828,38/18860,0.07894736842105263,1.7982456140350875,1.05547512878549,0.23230088361386805,0.7525212815217748,0.697099789862208,AR/SIX4/SIX1,3
GO:0045109,intermediate filament organization,5/828,75/18860,0.06666666666666667,1.5185185185185184,0.9641438887551782,0.23284401551143258,0.7525212815217748,0.697099789862208,INA/NEFL/KRT26/KRT73/KRT9,5
GO:0002836,positive regulation of response to tumor cell,2/828,21/18860,0.09523809523809523,2.1693121693121693,1.1488510965831256,0.2348166233592199,0.7525212815217748,0.697099789862208,HRG/SLC22A13,2
GO:0002839,positive regulation of immune response to tumor cell,2/828,21/18860,0.09523809523809523,2.1693121693121693,1.1488510965831256,0.2348166233592199,0.7525212815217748,0.697099789862208,HRG/SLC22A13,2
GO:0006837,serotonin transport,2/828,21/18860,0.09523809523809523,2.1693121693121693,1.1488510965831256,0.2348166233592199,0.7525212815217748,0.697099789862208,SLC18A2/GPM6B,2
GO:0007213,G protein-coupled acetylcholine receptor signaling pathway,2/828,21/18860,0.09523809523809523,2.1693121693121693,1.1488510965831256,0.2348166233592199,0.7525212815217748,0.697099789862208,CHRM3/CHRM2,2
GO:0031643,positive regulation of myelination,2/828,21/18860,0.09523809523809523,2.1693121693121693,1.1488510965831256,0.2348166233592199,0.7525212815217748,0.697099789862208,WASF3/CDK18,2
GO:0032332,positive regulation of chondrocyte differentiation,2/828,21/18860,0.09523809523809523,2.1693121693121693,1.1488510965831256,0.2348166233592199,0.7525212815217748,0.697099789862208,GDF5/ZBTB16,2
GO:0033033,negative regulation of myeloid cell apoptotic process,2/828,21/18860,0.09523809523809523,2.1693121693121693,1.1488510965831256,0.2348166233592199,0.7525212815217748,0.697099789862208,APOH/KITLG,2
GO:0034587,piRNA processing,2/828,21/18860,0.09523809523809523,2.1693121693121693,1.1488510965831256,0.2348166233592199,0.7525212815217748,0.697099789862208,PLD6/TDRD9,2
GO:0035461,vitamin transmembrane transport,2/828,21/18860,0.09523809523809523,2.1693121693121693,1.1488510965831256,0.2348166233592199,0.7525212815217748,0.697099789862208,GC/ABCC5,2
GO:0038092,nodal signaling pathway,2/828,21/18860,0.09523809523809523,2.1693121693121693,1.1488510965831256,0.2348166233592199,0.7525212815217748,0.697099789862208,CFC1/DAND5,2
GO:0048268,clathrin coat assembly,2/828,21/18860,0.09523809523809523,2.1693121693121693,1.1488510965831256,0.2348166233592199,0.7525212815217748,0.697099789862208,DNAJC6/HIP1R,2
GO:0048535,lymph node development,2/828,21/18860,0.09523809523809523,2.1693121693121693,1.1488510965831256,0.2348166233592199,0.7525212815217748,0.697099789862208,RORC/TOX,2
GO:0055081,monoatomic anion homeostasis,2/828,21/18860,0.09523809523809523,2.1693121693121693,1.1488510965831256,0.2348166233592199,0.7525212815217748,0.697099789862208,KCNQ1/CA12,2
GO:0060602,branch elongation of an epithelium,2/828,21/18860,0.09523809523809523,2.1693121693121693,1.1488510965831256,0.2348166233592199,0.7525212815217748,0.697099789862208,SIX4/SIX1,2
GO:0071397,cellular response to cholesterol,2/828,21/18860,0.09523809523809523,2.1693121693121693,1.1488510965831256,0.2348166233592199,0.7525212815217748,0.697099789862208,GPR155/GRAMD1A,2
GO:0071514,genomic imprinting,2/828,21/18860,0.09523809523809523,2.1693121693121693,1.1488510965831256,0.2348166233592199,0.7525212815217748,0.697099789862208,NDN/ZDBF2,2
GO:0072520,seminiferous tubule development,2/828,21/18860,0.09523809523809523,2.1693121693121693,1.1488510965831256,0.2348166233592199,0.7525212815217748,0.697099789862208,REC8/AR,2
GO:0090189,regulation of branching involved in ureteric bud morphogenesis,2/828,21/18860,0.09523809523809523,2.1693121693121693,1.1488510965831256,0.2348166233592199,0.7525212815217748,0.697099789862208,SIX4/SIX1,2
GO:0097049,motor neuron apoptotic process,2/828,21/18860,0.09523809523809523,2.1693121693121693,1.1488510965831256,0.2348166233592199,0.7525212815217748,0.697099789862208,RAPSN/NEFL,2
GO:1902570,protein localization to nucleolus,2/828,21/18860,0.09523809523809523,2.1693121693121693,1.1488510965831256,0.2348166233592199,0.7525212815217748,0.697099789862208,GLUL/NMD3,2
GO:1904889,regulation of excitatory synapse assembly,2/828,21/18860,0.09523809523809523,2.1693121693121693,1.1488510965831256,0.2348166233592199,0.7525212815217748,0.697099789862208,PTPRS/PTPN13,2
GO:1905874,regulation of postsynaptic density organization,2/828,21/18860,0.09523809523809523,2.1693121693121693,1.1488510965831256,0.2348166233592199,0.7525212815217748,0.697099789862208,CDH2/PTPRS,2
GO:2000193,positive regulation of fatty acid transport,2/828,21/18860,0.09523809523809523,2.1693121693121693,1.1488510965831256,0.2348166233592199,0.7525212815217748,0.697099789862208,FABP3/EDN1,2
GO:2000269,regulation of fibroblast apoptotic process,2/828,21/18860,0.09523809523809523,2.1693121693121693,1.1488510965831256,0.2348166233592199,0.7525212815217748,0.697099789862208,NUPR1/BCL2L11,2
GO:0048639,positive regulation of developmental growth,10/828,174/18860,0.05747126436781609,1.309067688378033,0.8776525219181843,0.2352947538444906,0.7535306333244505,0.6980348051857873,GHR/ERBB4/GHRL/NEDD4L/ZFYVE27/GATA6/CACNA2D2/NTN1/EDN1/ATP8A2,10
GO:0008544,epidermis development,21/828,402/18860,0.05223880597014925,1.1898839137645107,0.8246343656590506,0.2357355802046078,0.7540303378600149,0.6984977076116571,EDA/ANKRD24/EGFR/SPRR2G/GATA6/LHFPL5/WDPCP/KCNQ1/ALOX15B/HOXC13/CNFN/FGF20/IGFBP5/FST/VANGL2/SOSTDC1/KRT73/APCDD1/KRT9/SOX21/DKK1,21
GO:0043244,regulation of protein-containing complex disassembly,8/828,134/18860,0.05970149253731343,1.3598673300165838,0.8958284703714288,0.23605793861927765,0.7540303378600149,0.6984977076116571,FGF13/IGF1R/EIF5A2/BNIP3/APC2/NES/LMOD2/ADRB2,8
GO:0046777,protein autophosphorylation,8/828,134/18860,0.05970149253731343,1.3598673300165838,0.8958284703714288,0.23605793861927765,0.7540303378600149,0.6984977076116571,IGF1R/ERBB4/EPHB3/ULK1/ULK2/PRKD1/KIT/CAMK2B,8
GO:0008584,male gonad development,9/828,154/18860,0.05844155844155844,1.3311688311688312,0.8842435487352359,0.23610391263438318,0.7540303378600149,0.6984977076116571,REC8/AR/NUPR1/GATA6/BCL2L11/KITLG/KIT/SIX4/AMHR2,9
GO:0006094,gluconeogenesis,6/828,95/18860,0.06315789473684211,1.4385964912280702,0.9183436356416474,0.23864040993388277,0.760553080106743,0.70454006463354,LEPR/FBP2/GNMT/C1QTNF3/PPARGC1A/PGAM2,6
GO:0030641,regulation of cellular pH,6/828,95/18860,0.06315789473684211,1.4385964912280702,0.9183436356416474,0.23864040993388277,0.760553080106743,0.70454006463354,LAMP2/SLC9A4/SLC4A2/SLC9A7/SLC9A3/ATP6V0E2,6
GO:0055017,cardiac muscle tissue growth,6/828,95/18860,0.06315789473684211,1.4385964912280702,0.9183436356416474,0.23864040993388277,0.760553080106743,0.70454006463354,KCNK2/ERBB4/SORBS2/GATA6/FGF20/EDN1,6
GO:1904018,positive regulation of vasculature development,11/828,195/18860,0.05641025641025641,1.284900284900285,0.8569366973104937,0.2388726619839455,0.760768243477145,0.7047393817079888,PDCD6/VEGFB/ANGPTL3/FUT1/GHRL/CCBE1/PRKD1/GATA6/BMPER/ADM/S100A1,11
GO:0033627,cell adhesion mediated by integrin,5/828,76/18860,0.06578947368421052,1.4985380116959064,0.9331760475215571,0.24103563211966617,0.7665995517414727,0.7101412272976101,ITGBL1/CD3E/ADA/RET/HRG,5
GO:1903053,regulation of extracellular matrix organization,5/828,76/18860,0.06578947368421052,1.4985380116959064,0.9331760475215571,0.24103563211966617,0.7665995517414727,0.7101412272976101,LAMA2/LAMB2/EFEMP2/TIMP3/NID1,5
GO:0003007,heart morphogenesis,15/828,278/18860,0.0539568345323741,1.2290167865707433,0.8243203776935065,0.24170733960856497,0.7677873060691359,0.7112415062034073,MYBPC3/SMARCD3/FOLR1/ZMIZ1/COL2A1/RYR2/PDCD4/GATA6/ADAMTS19/VANGL2/GATA5/EDN1/KCNJ8/SIX1/DKK1,15
GO:0046546,development of primary male sexual characteristics,9/828,155/18860,0.05806451612903226,1.3225806451612905,0.8641275436448081,0.2417416074111138,0.7677873060691359,0.7112415062034073,REC8/AR/NUPR1/GATA6/BCL2L11/KITLG/KIT/SIX4/AMHR2,9
GO:0061844,antimicrobial humoral immune response mediated by antimicrobial peptide,8/828,135/18860,0.05925925925925926,1.3497942386831274,0.8740196012534035,0.24212108892397,0.7684640471827446,0.7118684068634575,CCL16/PLA2G1B/ADM/PGC/F2/HRG/DEFB1/NPY,8
GO:0072330,monocarboxylic acid biosynthetic process,13/828,237/18860,0.05485232067510549,1.2494139709329584,0.8279853974197655,0.24351300429364658,0.7690145678535177,0.7123783829310243,ME3/ACADL/GSTM2/CYP2C8/PRKAA2/APOA5/CYP7B1/PLA2G1B/ACSM2B/GPIHBP1/ALOX15B/INSIG1/EDN1,13
GO:0097529,myeloid leukocyte migration,13/828,237/18860,0.05485232067510549,1.2494139709329584,0.8279853974197655,0.24351300429364658,0.7690145678535177,0.7123783829310243,VEGFB/PDGFD/C5/CCL16/PLA2G1B/SFTPD/KITLG/KIT/CHGA/VAV3/PRTN3/CXCL17/EDN1,13
GO:0010880,regulation of release of sequestered calcium ion into cytosol by sarcoplasmic reticulum,3/828,39/18860,0.07692307692307693,1.7521367521367524,1.0075354040413949,0.2441263223198911,0.7690145678535177,0.7123783829310243,GSTM2/DMD/RYR2,3
GO:0016266,protein O-linked glycosylation via N-acetyl-galactosamine,3/828,39/18860,0.07692307692307693,1.7521367521367524,1.0075354040413949,0.2441263223198911,0.7690145678535177,0.7123783829310243,ST3GAL1/GALNT14/GXYLT2,3
GO:0019228,neuronal action potential,3/828,39/18860,0.07692307692307693,1.7521367521367524,1.0075354040413949,0.2441263223198911,0.7690145678535177,0.7123783829310243,KCNK2/KCNMB2/SCN2A,3
GO:0021988,olfactory lobe development,3/828,39/18860,0.07692307692307693,1.7521367521367524,1.0075354040413949,0.2441263223198911,0.7690145678535177,0.7123783829310243,FUT1/ERBB4/CRTAC1,3
GO:0038179,neurotrophin signaling pathway,3/828,39/18860,0.07692307692307693,1.7521367521367524,1.0075354040413949,0.2441263223198911,0.7690145678535177,0.7123783829310243,CYFIP2/ZFYVE27/NDN,3
GO:0042044,fluid transport,3/828,39/18860,0.07692307692307693,1.7521367521367524,1.0075354040413949,0.2441263223198911,0.7690145678535177,0.7123783829310243,AQP4/SCNN1B/EDN1,3
GO:0045880,positive regulation of smoothened signaling pathway,3/828,39/18860,0.07692307692307693,1.7521367521367524,1.0075354040413949,0.2441263223198911,0.7690145678535177,0.7123783829310243,GPC3/FOXA1/DCDC2,3
GO:0050433,regulation of catecholamine secretion,3/828,39/18860,0.07692307692307693,1.7521367521367524,1.0075354040413949,0.2441263223198911,0.7690145678535177,0.7123783829310243,CHGA/FGF20/FFAR3,3
GO:1902547,regulation of cellular response to vascular endothelial growth factor stimulus,3/828,39/18860,0.07692307692307693,1.7521367521367524,1.0075354040413949,0.2441263223198911,0.7690145678535177,0.7123783829310243,CCBE1/PTP4A3/HRG,3
GO:0003205,cardiac chamber development,10/828,176/18860,0.056818181818181816,1.2941919191919191,0.8402425941912312,0.24589893909461816,0.7740704163183003,0.7170618795827706,MYBPC3/SMARCD3/KCNK2/RYR2/GATA6/ADAMTS19/PTK7/VANGL2/DAND5/KCNJ8,10
GO:0007015,actin filament organization,24/828,469/18860,0.0511727078891258,1.1656005685856432,0.7782123560975236,0.24740489724470016,0.7782805282534232,0.7209619262888725,CGNL1/WASF3/PACSIN1/NPHS1/CYFIP2/GHRL/HIP1R/DBN1/RHOBTB1/ASAP3/PAK3/DAAM2/EVL/PLA2G1B/NRAP/SORBS1/NEBL/KANK4/TPM2/TGFB3/LMOD2/FAM107A/GAS2/NLRP5,24
GO:0060291,long-term synaptic potentiation,7/828,116/18860,0.0603448275862069,1.3745210727969348,0.8670151071841949,0.2479554917861963,0.7794331017387018,0.7220296153418169,GRIA3/ZDHHC2/ADCY1/SLC8A2/SLITRK4/FAM107A/CAMK2B,7
GO:0048771,tissue remodeling,11/828,197/18860,0.05583756345177665,1.2718556119571347,0.82192698086418,0.2489407005612933,0.7794331017387018,0.7220296153418169,GDF5/LEPR/ACVR2B/NPR3/SLC4A2/CBS/MITF/IGFBP5/PTH1R/HRG/ADRB2,11
GO:0070527,platelet aggregation,5/828,77/18860,0.06493506493506493,1.479076479076479,0.9026518606842079,0.2493034927460532,0.7794331017387018,0.7220296153418169,FGA/FGB/FGG/CELA2A/PDIA2,5
GO:0038084,vascular endothelial growth factor signaling pathway,4/828,58/18860,0.06896551724137931,1.5708812260536398,0.9330615280331153,0.2499429263107504,0.7794331017387018,0.7220296153418169,VEGFB/CCBE1/PTP4A3/HRG,4
GO:0002029,desensitization of G protein-coupled receptor signaling pathway,2/828,22/18860,0.09090909090909091,2.0707070707070705,1.0767556619133198,0.2513156969443324,0.7794331017387018,0.7220296153418169,GHRL/ADM,2
GO:0006491,N-glycan processing,2/828,22/18860,0.09090909090909091,2.0707070707070705,1.0767556619133198,0.2513156969443324,0.7794331017387018,0.7220296153418169,MAN2A2/ST8SIA5,2
GO:0007530,sex determination,2/828,22/18860,0.09090909090909091,2.0707070707070705,1.0767556619133198,0.2513156969443324,0.7794331017387018,0.7220296153418169,AR/SIX4,2
GO:0019370,leukotriene biosynthetic process,2/828,22/18860,0.09090909090909091,2.0707070707070705,1.0767556619133198,0.2513156969443324,0.7794331017387018,0.7220296153418169,GGT7/PLA2G1B,2
GO:0019430,removal of superoxide radicals,2/828,22/18860,0.09090909090909091,2.0707070707070705,1.0767556619133198,0.2513156969443324,0.7794331017387018,0.7220296153418169,MT3/SOD3,2
GO:0033630,positive regulation of cell adhesion mediated by integrin,2/828,22/18860,0.09090909090909091,2.0707070707070705,1.0767556619133198,0.2513156969443324,0.7794331017387018,0.7220296153418169,CD3E/RET,2
GO:0035930,corticosteroid hormone secretion,2/828,22/18860,0.09090909090909091,2.0707070707070705,1.0767556619133198,0.2513156969443324,0.7794331017387018,0.7220296153418169,GHRL/KCNQ1,2
GO:0043651,linoleic acid metabolic process,2/828,22/18860,0.09090909090909091,2.0707070707070705,1.0767556619133198,0.2513156969443324,0.7794331017387018,0.7220296153418169,GSTM2/ALOX15B,2
GO:0046485,ether lipid metabolic process,2/828,22/18860,0.09090909090909091,2.0707070707070705,1.0767556619133198,0.2513156969443324,0.7794331017387018,0.7220296153418169,TMEM86B/PLA2G6,2
GO:0048485,sympathetic nervous system development,2/828,22/18860,0.09090909090909091,2.0707070707070705,1.0767556619133198,0.2513156969443324,0.7794331017387018,0.7220296153418169,GFRA3/TFAP2B,2
GO:0070166,enamel mineralization,2/828,22/18860,0.09090909090909091,2.0707070707070705,1.0767556619133198,0.2513156969443324,0.7794331017387018,0.7220296153418169,SLC4A2/FAM20A,2
GO:0071468,cellular response to acidic pH,2/828,22/18860,0.09090909090909091,2.0707070707070705,1.0767556619133198,0.2513156969443324,0.7794331017387018,0.7220296153418169,SCNN1B/SCNN1G,2
GO:0072111,cell proliferation involved in kidney development,2/828,22/18860,0.09090909090909091,2.0707070707070705,1.0767556619133198,0.2513156969443324,0.7794331017387018,0.7220296153418169,PDGFD/GPC3,2
GO:0072574,hepatocyte proliferation,2/828,22/18860,0.09090909090909091,2.0707070707070705,1.0767556619133198,0.2513156969443324,0.7794331017387018,0.7220296153418169,HPN/FGL1,2
GO:0072575,epithelial cell proliferation involved in liver morphogenesis,2/828,22/18860,0.09090909090909091,2.0707070707070705,1.0767556619133198,0.2513156969443324,0.7794331017387018,0.7220296153418169,HPN/FGL1,2
GO:0150078,positive regulation of neuroinflammatory response,2/828,22/18860,0.09090909090909091,2.0707070707070705,1.0767556619133198,0.2513156969443324,0.7794331017387018,0.7220296153418169,IL33/NUPR1,2
GO:1905038,regulation of membrane lipid metabolic process,2/828,22/18860,0.09090909090909091,2.0707070707070705,1.0767556619133198,0.2513156969443324,0.7794331017387018,0.7220296153418169,ABCA2/PLA2G6,2
GO:0042552,myelination,9/828,157/18860,0.05732484076433121,1.305732484076433,0.8243057390555948,0.25315496595559406,0.7840694315573341,0.726324489947575,WASF3/PTPRZ1/ABCA2/CDK18/MAL/SCN2A/KCNJ10/ID4/GPM6B,9
GO:0009791,post-embryonic development,6/828,97/18860,0.061855670103092786,1.40893470790378,0.8652492859300263,0.2533199635953968,0.7840694315573341,0.726324489947575,GABRG2/ACVR2B/BCL2L11/CHST11/NDN/SLC18A2,6
GO:2000106,regulation of leukocyte apoptotic process,6/828,97/18860,0.061855670103092786,1.40893470790378,0.8652492859300263,0.2533199635953968,0.7840694315573341,0.726324489947575,ST3GAL1/TSC22D3/BCL2L11/KITLG/RORC/ADA,6
GO:0007229,integrin-mediated signaling pathway,7/828,117/18860,0.05982905982905983,1.362773029439696,0.8434530622155908,0.25465237701193977,0.7867025645321095,0.7287636986297312,ANGPTL3/LAMA2/ITGBL1/PRKD1/LAMB2/VAV3/NID1,7
GO:0090263,positive regulation of canonical Wnt signaling pathway,7/828,117/18860,0.05982905982905983,1.362773029439696,0.8434530622155908,0.25465237701193977,0.7867025645321095,0.7287636986297312,EDA/PPP2R3A/EGFR/DAAM2/GPC3/TBL1X/PTK7,7
GO:0002335,mature B cell differentiation,3/828,40/18860,0.075,1.7083333333333333,0.9609712948940106,0.256044598200901,0.7867025645321095,0.7287636986297312,ST3GAL1/ITM2A/ADA,3
GO:0002691,regulation of cellular extravasation,3/828,40/18860,0.075,1.7083333333333333,0.9609712948940106,0.256044598200901,0.7867025645321095,0.7287636986297312,PDGFD/FUT9/PLVAP,3
GO:0035136,forelimb morphogenesis,3/828,40/18860,0.075,1.7083333333333333,0.9609712948940106,0.256044598200901,0.7867025645321095,0.7287636986297312,GDF5/ZBTB16/TFAP2B,3
GO:0042759,long-chain fatty acid biosynthetic process,3/828,40/18860,0.075,1.7083333333333333,0.9609712948940106,0.256044598200901,0.7867025645321095,0.7287636986297312,GSTM2/CYP2C8/ALOX15B,3
GO:0060122,inner ear receptor cell stereocilium organization,3/828,40/18860,0.075,1.7083333333333333,0.9609712948940106,0.256044598200901,0.7867025645321095,0.7287636986297312,ANKRD24/LHFPL5/VANGL2,3
GO:0071312,cellular response to alkaloid,3/828,40/18860,0.075,1.7083333333333333,0.9609712948940106,0.256044598200901,0.7867025645321095,0.7287636986297312,SLC1A2/GSTM2/RYR2,3
GO:0098732,macromolecule deacylation,3/828,40/18860,0.075,1.7083333333333333,0.9609712948940106,0.256044598200901,0.7867025645321095,0.7287636986297312,BEX4/PRKAA2/SIRT4,3
GO:0106056,regulation of calcineurin-mediated signaling,3/828,40/18860,0.075,1.7083333333333333,0.9609712948940106,0.256044598200901,0.7867025645321095,0.7287636986297312,HOMER2/PPP3CC/SLC8A2,3
GO:1902110,positive regulation of mitochondrial membrane permeability involved in apoptotic process,3/828,40/18860,0.075,1.7083333333333333,0.9609712948940106,0.256044598200901,0.7867025645321095,0.7287636986297312,HIP1R/BNIP3/BCL2L11,3
GO:0035264,multicellular organism growth,10/828,178/18860,0.056179775280898875,1.2796504369538078,0.8032789175297734,0.2566681752274503,0.7880941710108812,0.7300528164364207,GDF5/GHR/SLC1A2/GHRL/AR/CACNA2D2/SCNN1B/GUCA2B/ADRB2/ATP8A2,10
GO:0046513,ceramide biosynthetic process,5/828,78/18860,0.0641025641025641,1.46011396011396,0.8725580764698164,0.2576422702455581,0.7900345312045067,0.731850273487068,ST3GAL1/CERS4/PLA2G6/PNPLA1/CYP4F22,5
GO:0050795,regulation of behavior,5/828,78/18860,0.0641025641025641,1.46011396011396,0.8725580764698164,0.2576422702455581,0.7900345312045067,0.731850273487068,GHRL/LEPR/ADA/RXFP4/NPY,5
GO:0010720,positive regulation of cell development,23/828,451/18860,0.050997782705099776,1.1616161616161615,0.7444071047038718,0.258310335985643,0.7915574861192431,0.7332610662142656,SMARCD3/ROBO3/ZMIZ1/FZD4/OBSL1/DBN1/PTPRZ1/NIN/ZFYVE27/KITLG/CUX2/KIT/ADA/TOX/NEFL/ZBTB16/CHODL/RASSF10/BRD4/NTN1/ID4/PROC/CAMK2B,23
GO:0070372,regulation of ERK1 and ERK2 cascade,16/828,303/18860,0.052805280528052806,1.2027869453612028,0.7625353347399518,0.2588512942272829,0.7926891755580853,0.7343094092835948,FGA/FGB/FGG/VEGFB/PDE8B/ERBB4/PDGFD/EGFR/MT3/BMPER/FGF20/GCNT2/DUSP26/FBLN1/CXCL17/NPY,16
GO:0032507,maintenance of protein location in cell,4/828,59/18860,0.06779661016949153,1.544256120527307,0.8972044151518718,0.25965703496189346,0.7930530340304391,0.7346464704017928,DBN1/SYNE1/PDIA2/INSIG1,4
GO:0050885,neuromuscular process controlling balance,4/828,59/18860,0.06779661016949153,1.544256120527307,0.8972044151518718,0.25965703496189346,0.7930530340304391,0.7346464704017928,PDE8B/IGDCC3/NEFL/CWH43,4
GO:0061005,cell differentiation involved in kidney development,4/828,59/18860,0.06779661016949153,1.544256120527307,0.8972044151518718,0.25965703496189346,0.7930530340304391,0.7346464704017928,NPHS1/LAMB2/GLIS2/EDN1,4
GO:0086065,cell communication involved in cardiac conduction,4/828,59/18860,0.06779661016949153,1.544256120527307,0.8972044151518718,0.25965703496189346,0.7930530340304391,0.7346464704017928,RYR2/KCNQ1/IRX3/ATP1B2,4
GO:0019319,hexose biosynthetic process,6/828,98/18860,0.061224489795918366,1.3945578231292517,0.8391443603410315,0.26075177468814154,0.7953445809179905,0.7367692500400522,LEPR/FBP2/GNMT/C1QTNF3/PPARGC1A/PGAM2,6
GO:0031503,protein-containing complex localization,6/828,98/18860,0.061224489795918366,1.3945578231292517,0.8391443603410315,0.26075177468814154,0.7953445809179905,0.7367692500400522,GPR155/KIF17/ERBB4/RAPSN/CNIH3/CACNA2D2,6
GO:0002444,myeloid leukocyte mediated immunity,7/828,118/18860,0.059322033898305086,1.3512241054613936,0.8201058337870786,0.2614020558161562,0.7962761832183439,0.7376322419364386,PLA2G1B/KIT/SCNN1B/CHGA/F2/SLC18A2/DNASE1,7
GO:0048477,oogenesis,7/828,118/18860,0.059322033898305086,1.3512241054613936,0.8201058337870786,0.2614020558161562,0.7962761832183439,0.7376322419364386,PAQR5/REC8/PLD6/EDN1/PAQR7/ZAR1/ZAR1L,7
GO:0007272,ensheathment of neurons,9/828,159/18860,0.05660377358490566,1.289308176100629,0.7850176181202074,0.2647413364542798,0.8021380563073263,0.7430624013204563,WASF3/PTPRZ1/ABCA2/CDK18/MAL/SCN2A/KCNJ10/ID4/GPM6B,9
GO:0008366,axon ensheathment,9/828,159/18860,0.05660377358490566,1.289308176100629,0.7850176181202074,0.2647413364542798,0.8021380563073263,0.7430624013204563,WASF3/PTPRZ1/ABCA2/CDK18/MAL/SCN2A/KCNJ10/ID4/GPM6B,9
GO:0048469,cell maturation,12/828,221/18860,0.05429864253393665,1.2368024132730016,0.7587933322911083,0.26579579014818205,0.8021380563073263,0.7430624013204563,REC8/HBZ/PLD6/NTN4/FOXA1/RET/PTH1R/EDN1/ZAR1/ZAR1L/SRRM4/DEFB1,12
GO:0046425,regulation of receptor signaling pathway via JAK-STAT,5/828,79/18860,0.06329113924050633,1.4416315049226442,0.8428820126096584,0.2660466483583441,0.8021380563073263,0.7430624013204563,GHR/ERBB4/CSH1/KIT/F2,5
GO:0031623,receptor internalization,8/828,139/18860,0.05755395683453238,1.310951239008793,0.788474621669217,0.2668684627272912,0.8021380563073263,0.7430624013204563,SH3GL2/GHR/GHRL/SUSD4/NEDD4L/ADM/RAMP1/DKK1,8
GO:0002283,neutrophil activation involved in immune response,2/828,23/18860,0.08695652173913043,1.9806763285024154,1.0084080196629281,0.267842547168882,0.8021380563073263,0.7430624013204563,SCNN1B/DNASE1,2
GO:0006085,acetyl-CoA biosynthetic process,2/828,23/18860,0.08695652173913043,1.9806763285024154,1.0084080196629281,0.267842547168882,0.8021380563073263,0.7430624013204563,SIRT4/ACAT1,2
GO:0008090,retrograde axonal transport,2/828,23/18860,0.08695652173913043,1.9806763285024154,1.0084080196629281,0.267842547168882,0.8021380563073263,0.7430624013204563,NEFL/KIF1A,2
GO:0010955,negative regulation of protein processing,2/828,23/18860,0.08695652173913043,1.9806763285024154,1.0084080196629281,0.267842547168882,0.8021380563073263,0.7430624013204563,SIRT4/GAS1,2
GO:0015874,norepinephrine transport,2/828,23/18860,0.08695652173913043,1.9806763285024154,1.0084080196629281,0.267842547168882,0.8021380563073263,0.7430624013204563,SLC6A2/FFAR3,2
GO:0018345,protein palmitoylation,2/828,23/18860,0.08695652173913043,1.9806763285024154,1.0084080196629281,0.267842547168882,0.8021380563073263,0.7430624013204563,GLUL/ZDHHC2,2
GO:0022401,negative adaptation of signaling pathway,2/828,23/18860,0.08695652173913043,1.9806763285024154,1.0084080196629281,0.267842547168882,0.8021380563073263,0.7430624013204563,GHRL/ADM,2
GO:0023058,adaptation of signaling pathway,2/828,23/18860,0.08695652173913043,1.9806763285024154,1.0084080196629281,0.267842547168882,0.8021380563073263,0.7430624013204563,GHRL/ADM,2
GO:0030539,male genitalia development,2/828,23/18860,0.08695652173913043,1.9806763285024154,1.0084080196629281,0.267842547168882,0.8021380563073263,0.7430624013204563,AR/SYCP2,2
GO:0031290,retinal ganglion cell axon guidance,2/828,23/18860,0.08695652173913043,1.9806763285024154,1.0084080196629281,0.267842547168882,0.8021380563073263,0.7430624013204563,PTPRM/EPHB3,2
GO:0032413,negative regulation of ion transmembrane transporter activity,2/828,23/18860,0.08695652173913043,1.9806763285024154,1.0084080196629281,0.267842547168882,0.8021380563073263,0.7430624013204563,KCNE2/KCNQ1,2
GO:0038128,ERBB2 signaling pathway,2/828,23/18860,0.08695652173913043,1.9806763285024154,1.0084080196629281,0.267842547168882,0.8021380563073263,0.7430624013204563,ERBB4/EGFR,2
GO:0042537,benzene-containing compound metabolic process,2/828,23/18860,0.08695652173913043,1.9806763285024154,1.0084080196629281,0.267842547168882,0.8021380563073263,0.7430624013204563,GSTM2/GSTM3,2
GO:0042659,regulation of cell fate specification,2/828,23/18860,0.08695652173913043,1.9806763285024154,1.0084080196629281,0.267842547168882,0.8021380563073263,0.7430624013204563,CHD3/DKK1,2
GO:0042749,regulation of circadian sleep/wake cycle,2/828,23/18860,0.08695652173913043,1.9806763285024154,1.0084080196629281,0.267842547168882,0.8021380563073263,0.7430624013204563,GHRL/ADA,2
GO:0043501,skeletal muscle adaptation,2/828,23/18860,0.08695652173913043,1.9806763285024154,1.0084080196629281,0.267842547168882,0.8021380563073263,0.7430624013204563,IGFBP5/CAMK2B,2
GO:0071450,cellular response to oxygen radical,2/828,23/18860,0.08695652173913043,1.9806763285024154,1.0084080196629281,0.267842547168882,0.8021380563073263,0.7430624013204563,MT3/SOD3,2
GO:0071451,cellular response to superoxide,2/828,23/18860,0.08695652173913043,1.9806763285024154,1.0084080196629281,0.267842547168882,0.8021380563073263,0.7430624013204563,MT3/SOD3,2
GO:0072529,pyrimidine-containing compound catabolic process,2/828,23/18860,0.08695652173913043,1.9806763285024154,1.0084080196629281,0.267842547168882,0.8021380563073263,0.7430624013204563,ALDH6A1/NT5M,2
GO:1901317,regulation of flagellated sperm motility,2/828,23/18860,0.08695652173913043,1.9806763285024154,1.0084080196629281,0.267842547168882,0.8021380563073263,0.7430624013204563,TAC4/DEFB1,2
GO:2001014,regulation of skeletal muscle cell differentiation,2/828,23/18860,0.08695652173913043,1.9806763285024154,1.0084080196629281,0.267842547168882,0.8021380563073263,0.7430624013204563,SIX4/SIX1,2
GO:0072539,T-helper 17 cell differentiation,3/828,41/18860,0.07317073170731707,1.6666666666666667,0.9157036546017483,0.2680402005544316,0.8021735569491979,0.7430952874202869,RORC/RORA/BRD4,3
GO:0044272,sulfur compound biosynthetic process,7/828,119/18860,0.058823529411764705,1.3398692810457518,0.7969692452918012,0.2682018128907669,0.8021735569491979,0.7430952874202869,PAPSS1/SLC1A2/GGT7/SIRT4/CBS/ACAT1/CDO1,7
GO:0046324,regulation of D-glucose import,4/828,60/18860,0.06666666666666667,1.5185185185185184,0.8620124162860783,0.26944298987127724,0.8050551031937969,0.7457646142963669,SLC1A2/GPC3/PLA2G1B/SORBS1,4
GO:0021543,pallium development,11/828,201/18860,0.05472636815920398,1.2465450525152018,0.7530133703467617,0.2695138998565635,0.8050551031937969,0.7457646142963669,FGF13/CDH2/ZMIZ1/PTPRS/EGFR/CDK6/BNIP3/NEFL/ID4/KIF26A/NPY,11
GO:0042330,taxis,24/828,476/18860,0.05042016806722689,1.1484593837535013,0.7029811396940738,0.2705914998031096,0.8077514842215644,0.748262412955355,ROBO3/VEGFB/PDGFD/C5/CCL16/CYP7B1/PTGDR2/PRKD1/PLA2G1B/SFTPD/OPN4/FLRT3/KIT/PLA2G6/SERPIND1/PIK3C2G/CHGA/SEMA3D/VAV3/NTN1/CXCL17/HRG/EDN1/DEFB1,24
GO:0050806,positive regulation of synaptic transmission,10/828,181/18860,0.055248618784530384,1.258440761203192,0.7486451875742625,0.2731078756517345,0.8145545888223237,0.7545644842775235,LAMA2/GRIA3/RAPSN/ZDHHC2/ADCY1/NALCN/SLC8A2/SLITRK4/FAM107A/CAMK2B,10
GO:0006887,exocytosis,19/828,370/18860,0.051351351351351354,1.1696696696696698,0.7062999411488234,0.2732232693992593,0.8145545888223237,0.7545644842775235,FGA/FGB/FGG/SYNGR1/RIMS4/RAB26/SYTL3/RAPGEF4/SYN2/KIT/ERC2/CHGA/SCAMP5/RIMS3/LGI3/SLC18A2/NLRP5/TRPV6/NPY,19
GO:0006959,humoral immune response,16/828,307/18860,0.05211726384364821,1.1871154542164315,0.7083115488525306,0.27562711349450264,0.820062441948531,0.759666696468927,FGA/FGB/SUSD4/C5/CCL16/PLA2G1B/GATA6/PLA2G6/ADM/PGC/TF/F2/PRTN3/HRG/DEFB1/NPY,16
GO:0043279,response to alkaloid,6/828,100/18860,0.06,1.3666666666666665,0.7877847377868802,0.275781068069742,0.820062441948531,0.759666696468927,DRD5/SLC1A2/GSTM2/HOMER2/RYR2/HDAC5,6
GO:0046364,monosaccharide biosynthetic process,6/828,100/18860,0.06,1.3666666666666665,0.7877847377868802,0.275781068069742,0.820062441948531,0.759666696468927,LEPR/FBP2/GNMT/C1QTNF3/PPARGC1A/PGAM2,6
GO:0051262,protein tetramerization,6/828,100/18860,0.06,1.3666666666666665,0.7877847377868802,0.275781068069742,0.820062441948531,0.759666696468927,AQP4/GRIA3/KCNJ12/CRTC1/GNMT/EVL,6
GO:0034113,heterotypic cell-cell adhesion,4/828,61/18860,0.06557377049180328,1.493624772313297,0.8274600579856801,0.2792925041742493,0.8275707816821892,0.7666220639503127,FGA/FGB/FGG/GCNT2,4
GO:0034204,lipid translocation,4/828,61/18860,0.06557377049180328,1.493624772313297,0.8274600579856801,0.2792925041742493,0.8275707816821892,0.7666220639503127,ATP8A1/ABCA2/ATG9B/ATP8A2,4
GO:0060350,endochondral bone morphogenesis,4/828,61/18860,0.06557377049180328,1.493624772313297,0.8274600579856801,0.2792925041742493,0.8275707816821892,0.7666220639503127,GHR/COL2A1/CBS/CSGALNACT1,4
GO:0051702,biological process involved in interaction with symbiont,3/828,42/18860,0.07142857142857142,1.626984126984127,0.8716597825617669,0.2800981229470034,0.8275707816821892,0.7666220639503127,SCNN1B/F2/HRG,3
GO:0060391,positive regulation of SMAD protein signal transduction,3/828,42/18860,0.07142857142857142,1.626984126984127,0.8716597825617669,0.2800981229470034,0.8275707816821892,0.7666220639503127,GDF5/BMPER/TGFB3,3
GO:0060421,positive regulation of heart growth,3/828,42/18860,0.07142857142857142,1.626984126984127,0.8716597825617669,0.2800981229470034,0.8275707816821892,0.7666220639503127,ERBB4/GATA6/EDN1,3
GO:0060999,positive regulation of dendritic spine development,3/828,42/18860,0.07142857142857142,1.626984126984127,0.8716597825617669,0.2800981229470034,0.8275707816821892,0.7666220639503127,DBN1/CUX2/CAMK2B,3
GO:0071398,cellular response to fatty acid,3/828,42/18860,0.07142857142857142,1.626984126984127,0.8716597825617669,0.2800981229470034,0.8275707816821892,0.7666220639503127,KCNK2/FFAR3/EDN1,3
GO:0097178,ruffle assembly,3/828,42/18860,0.07142857142857142,1.626984126984127,0.8716597825617669,0.2800981229470034,0.8275707816821892,0.7666220639503127,ARHGAP24/EVL/WDPCP,3
GO:1902686,mitochondrial outer membrane permeabilization involved in programmed cell death,3/828,42/18860,0.07142857142857142,1.626984126984127,0.8716597825617669,0.2800981229470034,0.8275707816821892,0.7666220639503127,HIP1R/BNIP3/BCL2L11,3
GO:0015695,organic cation transport,7/828,121/18860,0.05785123966942149,1.317722681359045,0.7513118657888357,0.28194064240603123,0.8290329712291109,0.7679765665417034,SLC1A2/SLC6A2/FFAR3/SLC35F3/SLC16A10/SLC5A7/SLC6A5,7
GO:0002227,innate immune response in mucosa,2/828,24/18860,0.08333333333333333,1.898148148148148,0.9434346180494784,0.28436297670569766,0.8290329712291109,0.7679765665417034,PLA2G1B/DEFB1,2
GO:0009074,aromatic amino acid family catabolic process,2/828,24/18860,0.08333333333333333,1.898148148148148,0.9434346180494784,0.28436297670569766,0.8290329712291109,0.7679765665417034,HDC/CARNS1,2
GO:0009147,pyrimidine nucleoside triphosphate metabolic process,2/828,24/18860,0.08333333333333333,1.898148148148148,0.9434346180494784,0.28436297670569766,0.8290329712291109,0.7679765665417034,NME9/NME3,2
GO:0009190,cyclic nucleotide biosynthetic process,2/828,24/18860,0.08333333333333333,1.898148148148148,0.9434346180494784,0.28436297670569766,0.8290329712291109,0.7679765665417034,NPR3/ADCY1,2
GO:0009713,catechol-containing compound biosynthetic process,2/828,24/18860,0.08333333333333333,1.898148148148148,0.9434346180494784,0.28436297670569766,0.8290329712291109,0.7679765665417034,HDC/KL,2
GO:0035162,embryonic hemopoiesis,2/828,24/18860,0.08333333333333333,1.898148148148148,0.9434346180494784,0.28436297670569766,0.8290329712291109,0.7679765665417034,KITLG/KIT,2
GO:0036303,lymph vessel morphogenesis,2/828,24/18860,0.08333333333333333,1.898148148148148,0.9434346180494784,0.28436297670569766,0.8290329712291109,0.7679765665417034,ACVR2B/CCBE1,2
GO:0042423,catecholamine biosynthetic process,2/828,24/18860,0.08333333333333333,1.898148148148148,0.9434346180494784,0.28436297670569766,0.8290329712291109,0.7679765665417034,HDC/KL,2
GO:0045061,thymic T cell selection,2/828,24/18860,0.08333333333333333,1.898148148148148,0.9434346180494784,0.28436297670569766,0.8290329712291109,0.7679765665417034,CD3E/TOX,2
GO:0045542,positive regulation of cholesterol biosynthetic process,2/828,24/18860,0.08333333333333333,1.898148148148148,0.9434346180494784,0.28436297670569766,0.8290329712291109,0.7679765665417034,GNAI1/INSIG1,2
GO:0046058,cAMP metabolic process,2/828,24/18860,0.08333333333333333,1.898148148148148,0.9434346180494784,0.28436297670569766,0.8290329712291109,0.7679765665417034,PDE8B/ADCY1,2
GO:0048015,phosphatidylinositol-mediated signaling,2/828,24/18860,0.08333333333333333,1.898148148148148,0.9434346180494784,0.28436297670569766,0.8290329712291109,0.7679765665417034,PLCL1/PIK3C2G,2
GO:0050961,detection of temperature stimulus involved in sensory perception,2/828,24/18860,0.08333333333333333,1.898148148148148,0.9434346180494784,0.28436297670569766,0.8290329712291109,0.7679765665417034,TAC4/OPN4,2
GO:0072576,liver morphogenesis,2/828,24/18860,0.08333333333333333,1.898148148148148,0.9434346180494784,0.28436297670569766,0.8290329712291109,0.7679765665417034,HPN/FGL1,2
GO:0090630,activation of GTPase activity,2/828,24/18860,0.08333333333333333,1.898148148148148,0.9434346180494784,0.28436297670569766,0.8290329712291109,0.7679765665417034,APC2/SYDE1,2
GO:0097150,neuronal stem cell population maintenance,2/828,24/18860,0.08333333333333333,1.898148148148148,0.9434346180494784,0.28436297670569766,0.8290329712291109,0.7679765665417034,CDH2/SOX2,2
GO:0098801,regulation of renal system process,2/828,24/18860,0.08333333333333333,1.898148148148148,0.9434346180494784,0.28436297670569766,0.8290329712291109,0.7679765665417034,EDN1/TTR,2
GO:0106120,positive regulation of sterol biosynthetic process,2/828,24/18860,0.08333333333333333,1.898148148148148,0.9434346180494784,0.28436297670569766,0.8290329712291109,0.7679765665417034,GNAI1/INSIG1,2
GO:1900273,positive regulation of long-term synaptic potentiation,2/828,24/18860,0.08333333333333333,1.898148148148148,0.9434346180494784,0.28436297670569766,0.8290329712291109,0.7679765665417034,ZDHHC2/ADCY1,2
GO:2001026,regulation of endothelial cell chemotaxis,2/828,24/18860,0.08333333333333333,1.898148148148148,0.9434346180494784,0.28436297670569766,0.8290329712291109,0.7679765665417034,PRKD1/HRG,2
GO:0010721,negative regulation of cell development,15/828,288/18860,0.052083333333333336,1.1863425925925928,0.6828598671480917,0.2849282364730242,0.830156842922666,0.7690176676250177,FGF13/PTPRS/LRRC17/CDK6/ULK1/ULK2/DAAM2/SLC4A2/MT3/ABCC8/IDH2/F2/NTN1/ID4/S1PR3,15
GO:0070371,ERK1 and ERK2 cascade,17/828,331/18860,0.0513595166163142,1.16985565626049,0.6680678451082849,0.28735999753395164,0.8367140407388327,0.7750919426415209,FGA/FGB/FGG/VEGFB/PDE8B/ERBB4/PDGFD/EGFR/MT3/BMPER/FGF20/GCNT2/DUSP26/FBLN1/CXCL17/EDN1/NPY,17
GO:0001541,ovarian follicle development,4/828,62/18860,0.06451612903225806,1.4695340501792113,0.7935232642826732,0.2891974204256194,0.8404743156233546,0.778575281779151,KITLG/KIT/MMP19/GAS2,4
GO:0010574,regulation of vascular endothelial growth factor production,4/828,62/18860,0.06451612903225806,1.4695340501792113,0.7935232642826732,0.2891974204256194,0.8404743156233546,0.778575281779151,C5/CCBE1/RORA/CXCL17,4
GO:0071870,cellular response to catecholamine stimulus,4/828,62/18860,0.06451612903225806,1.4695340501792113,0.7935232642826732,0.2891974204256194,0.8404743156233546,0.778575281779151,DRD5/APLP1/PRKD1/HTR3E,4
GO:0002064,epithelial cell development,12/828,226/18860,0.05309734513274336,1.2094395280235988,0.6787539559938068,0.2908232977657195,0.8412702685715477,0.7793126145915914,CDH2/NPHS1/PTPRS/CDK6/AR/SLC9A4/LAMB2/SIDT2/FOXA1/PROC/GSTM3/S1PR3,12
GO:0002275,myeloid cell activation involved in immune response,6/828,102/18860,0.058823529411764705,1.3398692810457518,0.7375157209932941,0.29100669988208816,0.8412702685715477,0.7793126145915914,IL33/KIT/SCNN1B/CHGA/SLC18A2/DNASE1,6
GO:0046330,positive regulation of JNK cascade,6/828,102/18860,0.058823529411764705,1.3398692810457518,0.7375157209932941,0.29100669988208816,0.8412702685715477,0.7793126145915914,DUSP19/MBIP/TPD52L1/GADD45B/EDN1/DKK1,6
GO:0007585,respiratory gaseous exchange by respiratory system,5/828,82/18860,0.06097560975609756,1.3888888888888888,0.7562412156991799,0.29160057308475074,0.8412702685715477,0.7793126145915914,CCBE1/SFTPD/CHST11/NDN/EDN1,5
GO:0071277,cellular response to calcium ion,5/828,82/18860,0.06097560975609756,1.3888888888888888,0.7562412156991799,0.29160057308475074,0.8412702685715477,0.7793126145915914,NFATC2/PRKAA2/ADCY1/CPNE4/EDN1,5
GO:0007595,lactation,3/828,43/18860,0.06976744186046512,1.5891472868217056,0.8287727567848273,0.29220387847309715,0.8412702685715477,0.7793126145915914,ERBB4/SLC29A1/CDO1,3
GO:0009268,response to pH,3/828,43/18860,0.06976744186046512,1.5891472868217056,0.8287727567848273,0.29220387847309715,0.8412702685715477,0.7793126145915914,SCNN1B/ABCC8/SCNN1G,3
GO:0015872,dopamine transport,3/828,43/18860,0.06976744186046512,1.5891472868217056,0.8287727567848273,0.29220387847309715,0.8412702685715477,0.7793126145915914,SLC6A2/FGF20/SLC18A2,3
GO:0032965,regulation of collagen biosynthetic process,3/828,43/18860,0.06976744186046512,1.5891472868217056,0.8287727567848273,0.29220387847309715,0.8412702685715477,0.7793126145915914,LARP6/F2/TGFB3,3
GO:0033574,response to testosterone,3/828,43/18860,0.06976744186046512,1.5891472868217056,0.8287727567848273,0.29220387847309715,0.8412702685715477,0.7793126145915914,CA9/AR/EDN1,3
GO:0048701,embryonic cranial skeleton morphogenesis,3/828,43/18860,0.06976744186046512,1.5891472868217056,0.8287727567848273,0.29220387847309715,0.8412702685715477,0.7793126145915914,CHST11/SIX4/SIX1,3
GO:0060074,synapse maturation,3/828,43/18860,0.06976744186046512,1.5891472868217056,0.8287727567848273,0.29220387847309715,0.8412702685715477,0.7793126145915914,SEZ6L2/NEFL/CAMK2B,3
GO:0086091,regulation of heart rate by cardiac conduction,3/828,43/18860,0.06976744186046512,1.5891472868217056,0.8287727567848273,0.29220387847309715,0.8412702685715477,0.7793126145915914,KCNE2/KCNQ1/KCNE4,3
GO:1903115,regulation of actin filament-based movement,3/828,43/18860,0.06976744186046512,1.5891472868217056,0.8287727567848273,0.29220387847309715,0.8412702685715477,0.7793126145915914,MYBPC3/FGF13/RYR2,3
GO:1904706,negative regulation of vascular associated smooth muscle cell proliferation,3/828,43/18860,0.06976744186046512,1.5891472868217056,0.8287727567848273,0.29220387847309715,0.8412702685715477,0.7793126145915914,PDCD4/EFEMP2/TGFB3,3
GO:0051896,regulation of phosphatidylinositol 3-kinase/protein kinase B signal transduction,16/828,311/18860,0.05144694533762058,1.171847088245802,0.6548090470155343,0.2927651907931124,0.842361153322488,0.7803231581460626,IGF1R/PDCD6/VEGFB/ERBB4/PDGFD/EGFR/PTPN13/IL33/PRKD1/KIT/IGFBP5/RET/F2/GCNT2/VAV3/TSPYL5,16
GO:0043491,phosphatidylinositol 3-kinase/protein kinase B signal transduction,18/828,354/18860,0.05084745762711865,1.1581920903954803,0.6438469850732967,0.29423510364305133,0.8460633304007541,0.7837526782495646,IGF1R/PDCD6/VEGFB/ERBB4/PDGFD/EGFR/PTPN13/IL33/PRKD1/KIT/PIK3C2G/IGFBP5/RET/F2/GCNT2/VAV3/TSPYL5/EDN1,18
GO:0030178,negative regulation of Wnt signaling pathway,10/828,185/18860,0.05405405405405406,1.2312312312312312,0.6772587113452415,0.2955028239151644,0.8491798636217979,0.7866396858423531,CDH2/PPP2R3A/IGFBP2/APC2/GPC3/ZNRF3/SOX2/SOSTDC1/APCDD1/DKK1,10
GO:2000241,regulation of reproductive process,11/828,206/18860,0.05339805825242718,1.216289104638619,0.6688593709763514,0.2959550721110748,0.849950574010537,0.787353635152794,AR/NUPR1/PTGDR2/TAC4/KIT/ADA/SYCP2/SYDE1/NLRP5/SPINK13/DEFB1,11
GO:0060419,heart growth,6/828,103/18860,0.05825242718446602,1.3268608414239482,0.7127748490553283,0.29868395602510406,0.8544314781503068,0.7915045308296704,KCNK2/ERBB4/SORBS2/GATA6/FGF20/EDN1,6
GO:0001101,response to acid chemical,8/828,144/18860,0.05555555555555555,1.2654320987654322,0.6851422004030517,0.29875869222475804,0.8544314781503068,0.7915045308296704,SLC1A2/FUT1/PDGFD/EGFR/ALAD/EDN1/CDO1/SIX1,8
GO:0046456,icosanoid biosynthetic process,4/828,63/18860,0.06349206349206349,1.4462081128747795,0.7601792583196701,0.2991497231512357,0.8544314781503068,0.7915045308296704,CYP2C8/GGT7/PLA2G1B/EDN1,4
GO:0060038,cardiac muscle cell proliferation,4/828,63/18860,0.06349206349206349,1.4462081128747795,0.7601792583196701,0.2991497231512357,0.8544314781503068,0.7915045308296704,KCNK2/ERBB4/GATA6/FGF20,4
GO:0043954,cellular component maintenance,5/828,83/18860,0.060240963855421686,1.3721552878179386,0.7281195406825248,0.3002147147127142,0.8544314781503068,0.7915045308296704,IGF1R/RAPSN/ERC2/RIMS3/PRTN3,5
GO:0046323,D-glucose import,5/828,83/18860,0.060240963855421686,1.3721552878179386,0.7281195406825248,0.3002147147127142,0.8544314781503068,0.7915045308296704,SLC1A2/SLC2A4/GPC3/PLA2G1B/SORBS1,5
GO:0030902,hindbrain development,9/828,165/18860,0.05454545454545454,1.2424242424242424,0.6702052627299714,0.30040388416613295,0.8544314781503068,0.7915045308296704,FZD4/PTF1A/PTPRS/SEZ6L2/CD3E/CBS/GABRB3/RORA/ATP1B2,9
GO:0002433,immune response-regulating cell surface receptor signaling pathway involved in phagocytosis,2/828,25/18860,0.08,1.8222222222222222,0.881513467393821,0.3008457305050669,0.8544314781503068,0.7915045308296704,PLA2G6/VAV3,2
GO:0007130,synaptonemal complex assembly,2/828,25/18860,0.08,1.8222222222222222,0.881513467393821,0.3008457305050669,0.8544314781503068,0.7915045308296704,REC8/SYCP2,2
GO:0009219,pyrimidine deoxyribonucleotide metabolic process,2/828,25/18860,0.08,1.8222222222222222,0.881513467393821,0.3008457305050669,0.8544314781503068,0.7915045308296704,NME3/NT5M,2
GO:0009220,pyrimidine ribonucleotide biosynthetic process,2/828,25/18860,0.08,1.8222222222222222,0.881513467393821,0.3008457305050669,0.8544314781503068,0.7915045308296704,NME9/NME3,2
GO:0038096,Fc-gamma receptor signaling pathway involved in phagocytosis,2/828,25/18860,0.08,1.8222222222222222,0.881513467393821,0.3008457305050669,0.8544314781503068,0.7915045308296704,PLA2G6/VAV3,2
GO:0046039,GTP metabolic process,2/828,25/18860,0.08,1.8222222222222222,0.881513467393821,0.3008457305050669,0.8544314781503068,0.7915045308296704,NME9/NME3,2
GO:0046697,decidualization,2/828,25/18860,0.08,1.8222222222222222,0.881513467393821,0.3008457305050669,0.8544314781503068,0.7915045308296704,GHRL/EPOR,2
GO:0061450,trophoblast cell migration,2/828,25/18860,0.08,1.8222222222222222,0.881513467393821,0.3008457305050669,0.8544314781503068,0.7915045308296704,ACVR2B/SYDE1,2
GO:0072243,metanephric nephron epithelium development,2/828,25/18860,0.08,1.8222222222222222,0.881513467393821,0.3008457305050669,0.8544314781503068,0.7915045308296704,LAMB2/ACAT1,2
GO:0090335,regulation of brown fat cell differentiation,2/828,25/18860,0.08,1.8222222222222222,0.881513467393821,0.3008457305050669,0.8544314781503068,0.7915045308296704,FNDC5/SIX1,2
GO:1900078,positive regulation of cellular response to insulin stimulus,2/828,25/18860,0.08,1.8222222222222222,0.881513467393821,0.3008457305050669,0.8544314781503068,0.7915045308296704,ECHDC3/SORBS1,2
GO:0001941,postsynaptic membrane organization,3/828,44/18860,0.06818181818181818,1.5530303030303028,0.7869808494110043,0.30434351141696486,0.8575096618203439,0.7943560132292125,CDH2/RAPSN/ZDHHC2,3
GO:0014808,release of sequestered calcium ion into cytosol by sarcoplasmic reticulum,3/828,44/18860,0.06818181818181818,1.5530303030303028,0.7869808494110043,0.30434351141696486,0.8575096618203439,0.7943560132292125,GSTM2/DMD/RYR2,3
GO:0014904,myotube cell development,3/828,44/18860,0.06818181818181818,1.5530303030303028,0.7869808494110043,0.30434351141696486,0.8575096618203439,0.7943560132292125,DNER/NFATC2/SIX1,3
GO:0035794,positive regulation of mitochondrial membrane permeability,3/828,44/18860,0.06818181818181818,1.5530303030303028,0.7869808494110043,0.30434351141696486,0.8575096618203439,0.7943560132292125,HIP1R/BNIP3/BCL2L11,3
GO:0045940,positive regulation of steroid metabolic process,3/828,44/18860,0.06818181818181818,1.5530303030303028,0.7869808494110043,0.30434351141696486,0.8575096618203439,0.7943560132292125,GNAI1/ADM/INSIG1,3
GO:0048246,macrophage chemotaxis,3/828,44/18860,0.06818181818181818,1.5530303030303028,0.7869808494110043,0.30434351141696486,0.8575096618203439,0.7943560132292125,C5/SFTPD/CXCL17,3
GO:0048713,regulation of oligodendrocyte differentiation,3/828,44/18860,0.06818181818181818,1.5530303030303028,0.7869808494110043,0.30434351141696486,0.8575096618203439,0.7943560132292125,PTPRZ1/DAAM2/ID4,3
GO:0050912,detection of chemical stimulus involved in sensory perception of taste,3/828,44/18860,0.06818181818181818,1.5530303030303028,0.7869808494110043,0.30434351141696486,0.8575096618203439,0.7943560132292125,AZGP1/TAS2R31/TAS2R39,3
GO:0050913,sensory perception of bitter taste,3/828,44/18860,0.06818181818181818,1.5530303030303028,0.7869808494110043,0.30434351141696486,0.8575096618203439,0.7943560132292125,AZGP1/TAS2R31/TAS2R39,3
GO:0060251,regulation of glial cell proliferation,3/828,44/18860,0.06818181818181818,1.5530303030303028,0.7869808494110043,0.30434351141696486,0.8575096618203439,0.7943560132292125,ABCC8/IDH2/NTN1,3
GO:0098703,calcium ion import across plasma membrane,3/828,44/18860,0.06818181818181818,1.5530303030303028,0.7869808494110043,0.30434351141696486,0.8575096618203439,0.7943560132292125,PPP3CC/SLC8A2/TRPV6,3
GO:1900026,positive regulation of substrate adhesion-dependent cell spreading,3/828,44/18860,0.06818181818181818,1.5530303030303028,0.7869808494110043,0.30434351141696486,0.8575096618203439,0.7943560132292125,FGA/FGB/FGG,3
GO:1902656,calcium ion import into cytosol,3/828,44/18860,0.06818181818181818,1.5530303030303028,0.7869808494110043,0.30434351141696486,0.8575096618203439,0.7943560132292125,PPP3CC/SLC8A2/TRPV6,3
GO:0043010,camera-type eye development,19/828,379/18860,0.05013192612137203,1.141893872764585,0.5979612801776283,0.30855742791241725,0.8683793667850692,0.8044251889892005,SMARCD3/FZD4/CELF4/PTPRM/PTF1A/EGFR/CLDN19/ACVR2B/WNT6/LAMB2/EFEMP1/OPN4/MITF/WDPCP/NES/TFAP2B/PAX4/PRSS56/ATP8A2,19
GO:0034198,cellular response to amino acid starvation,4/828,64/18860,0.0625,1.4236111111111112,0.7274064723642197,0.30914155023704065,0.8683793667850692,0.8044251889892005,GPR155/PRKAA2/PRKD1/RNF152,4
GO:0044331,cell-cell adhesion mediated by cadherin,4/828,64/18860,0.0625,1.4236111111111112,0.7274064723642197,0.30914155023704065,0.8683793667850692,0.8044251889892005,CDH2/CELSR1/PRKD1/FOXA1,4
GO:0070050,neuron cellular homeostasis,4/828,64/18860,0.0625,1.4236111111111112,0.7274064723642197,0.30914155023704065,0.8683793667850692,0.8044251889892005,SLC6A2/ERC2/SLC8A2/NPY,4
GO:0071868,cellular response to monoamine stimulus,4/828,64/18860,0.0625,1.4236111111111112,0.7274064723642197,0.30914155023704065,0.8683793667850692,0.8044251889892005,DRD5/APLP1/PRKD1/HTR3E,4
GO:0015850,organic hydroxy compound transport,15/828,294/18860,0.05102040816326531,1.1621315192743764,0.6003914428445992,0.3119845713408629,0.8742577364073943,0.809870629974163,STX12/SLC16A7/GHRL/SLC6A2/APOA5/ABCA2/KCNQ1/GRAMD1A/CHGA/SLC10A1/FGF20/FFAR3/SLC18A2/PLTP/GPM6B,15
GO:0070167,regulation of biomineral tissue development,6/828,105/18860,0.05714285714285714,1.3015873015873016,0.6640514297281409,0.3141490939886193,0.8742577364073943,0.809870629974163,ACVR2B/WNT6/SLC4A2/KL/ADRB2/GPM6B,6
GO:0033002,muscle cell proliferation,13/828,252/18860,0.051587301587301584,1.1750440917107583,0.5994464982352606,0.3151606791607922,0.8742577364073943,0.809870629974163,KCNK2/ERBB4/PDGFD/PDCD4/RBPMS2/GATA6/PPARGC1A/FGF20/IGFBP5/EFEMP2/TGFB3/EDN1/SIX1,13
GO:0009394,2'-deoxyribonucleotide metabolic process,3/828,45/18860,0.06666666666666667,1.5185185185185184,0.7462270132919212,0.3165036056590706,0.8742577364073943,0.809870629974163,NME3/ADA/NT5M,3
GO:0009409,response to cold,3/828,45/18860,0.06666666666666667,1.5185185185185184,0.7462270132919212,0.3165036056590706,0.8742577364073943,0.809870629974163,CIRBP/GMPR/ADRB2,3
GO:0032941,secretion by tissue,3/828,45/18860,0.06666666666666667,1.5185185185185184,0.7462270132919212,0.3165036056590706,0.8742577364073943,0.809870629974163,CHRM3/ADA/SCNN1B,3
GO:0042554,superoxide anion generation,3/828,45/18860,0.06666666666666667,1.5185185185185184,0.7462270132919212,0.3165036056590706,0.8742577364073943,0.809870629974163,DUOX1/PON3/EDN1,3
GO:0072595,maintenance of protein localization in organelle,3/828,45/18860,0.06666666666666667,1.5185185185185184,0.7462270132919212,0.3165036056590706,0.8742577364073943,0.809870629974163,SYNE1/PDIA2/INSIG1,3
GO:0090199,regulation of release of cytochrome c from mitochondria,3/828,45/18860,0.06666666666666667,1.5185185185185184,0.7462270132919212,0.3165036056590706,0.8742577364073943,0.809870629974163,BNIP3/PRKAA2/BCL2L11,3
GO:1900271,regulation of long-term synaptic potentiation,3/828,45/18860,0.06666666666666667,1.5185185185185184,0.7462270132919212,0.3165036056590706,0.8742577364073943,0.809870629974163,ZDHHC2/ADCY1/FAM107A,3
GO:0000303,response to superoxide,2/828,26/18860,0.07692307692307693,1.7521367521367524,0.8223652504248591,0.3172623038820276,0.8742577364073943,0.809870629974163,MT3/SOD3,2
GO:0002026,regulation of the force of heart contraction,2/828,26/18860,0.07692307692307693,1.7521367521367524,0.8223652504248591,0.3172623038820276,0.8742577364073943,0.809870629974163,RYR2/CHGA,2
GO:0003091,renal water homeostasis,2/828,26/18860,0.07692307692307693,1.7521367521367524,0.8223652504248591,0.3172623038820276,0.8742577364073943,0.809870629974163,AQP4/PRKACB,2
GO:0006027,glycosaminoglycan catabolic process,2/828,26/18860,0.07692307692307693,1.7521367521367524,0.8223652504248591,0.3172623038820276,0.8742577364073943,0.809870629974163,IDUA/STAB2,2
GO:0007263,nitric oxide mediated signal transduction,2/828,26/18860,0.07692307692307693,1.7521367521367524,0.8223652504248591,0.3172623038820276,0.8742577364073943,0.809870629974163,CBS/RASD1,2
GO:0010954,positive regulation of protein processing,2/828,26/18860,0.07692307692307693,1.7521367521367524,0.8223652504248591,0.3172623038820276,0.8742577364073943,0.809870629974163,HPN/CCBE1,2
GO:0019755,one-carbon compound transport,2/828,26/18860,0.07692307692307693,1.7521367521367524,0.8223652504248591,0.3172623038820276,0.8742577364073943,0.809870629974163,HBZ/SLC14A2,2
GO:0032331,negative regulation of chondrocyte differentiation,2/828,26/18860,0.07692307692307693,1.7521367521367524,0.8223652504248591,0.3172623038820276,0.8742577364073943,0.809870629974163,GDF5/EFEMP1,2
GO:0032958,inositol phosphate biosynthetic process,2/828,26/18860,0.07692307692307693,1.7521367521367524,0.8223652504248591,0.3172623038820276,0.8742577364073943,0.809870629974163,IP6K3/PTH1R,2
GO:0046339,diacylglycerol metabolic process,2/828,26/18860,0.07692307692307693,1.7521367521367524,0.8223652504248591,0.3172623038820276,0.8742577364073943,0.809870629974163,DGKD/MOGAT1,2
GO:0046716,muscle cell cellular homeostasis,2/828,26/18860,0.07692307692307693,1.7521367521367524,0.8223652504248591,0.3172623038820276,0.8742577364073943,0.809870629974163,LAMP2/DMD,2
GO:1901071,glucosamine-containing compound metabolic process,2/828,26/18860,0.07692307692307693,1.7521367521367524,0.8223652504248591,0.3172623038820276,0.8742577364073943,0.809870629974163,CHIA/CHST3,2
GO:2000291,regulation of myoblast proliferation,2/828,26/18860,0.07692307692307693,1.7521367521367524,0.8223652504248591,0.3172623038820276,0.8742577364073943,0.809870629974163,GATA6/SIX1,2
GO:0008088,axo-dendritic transport,5/828,85/18860,0.058823529411764705,1.3398692810457518,0.6729517891943473,0.3175563680596056,0.8742577364073943,0.809870629974163,KIF17/RAB17/NEFL/KIF1A/KIF5C,5
GO:0051279,regulation of release of sequestered calcium ion into cytosol,5/828,85/18860,0.058823529411764705,1.3398692810457518,0.6729517891943473,0.3175563680596056,0.8742577364073943,0.809870629974163,GSTM2/DMD/RYR2/PRKD1/F2,5
GO:0070227,lymphocyte apoptotic process,5/828,85/18860,0.058823529411764705,1.3398692810457518,0.6729517891943473,0.3175563680596056,0.8742577364073943,0.809870629974163,ST3GAL1/TSC22D3/BCL2L11/RORC/ADA,5
GO:0045862,positive regulation of proteolysis,11/828,210/18860,0.05238095238095238,1.1931216931216932,0.6030507179998842,0.3175951062763909,0.8742577364073943,0.809870629974163,KCNE2/CYFIP2/RNF180/HPN/IL33/CCBE1/TGFB1I1/NUPR1/TRIB2/TF/PACSIN3,11
GO:0000045,autophagosome assembly,8/828,147/18860,0.05442176870748299,1.2396069538926682,0.6249408674647317,0.31830042429484606,0.8742577364073943,0.809870629974163,STX12/TBC1D14/GABARAPL1/BNIP3/ULK1/ULK2/NUPR1/ATG9B,8
GO:0002011,morphogenesis of an epithelial sheet,4/828,65/18860,0.06153846153846154,1.4017094017094018,0.6951844653740821,0.31916520320184055,0.8742577364073943,0.809870629974163,ARHGAP24/FLRT3/FIGNL2/VANGL2,4
GO:0007215,glutamate receptor signaling pathway,4/828,65/18860,0.06153846153846154,1.4017094017094018,0.6951844653740821,0.31916520320184055,0.8742577364073943,0.809870629974163,GRIA4/HOMER2/GRIA3/ADRB2,4
GO:0010573,vascular endothelial growth factor production,4/828,65/18860,0.06153846153846154,1.4017094017094018,0.6951844653740821,0.31916520320184055,0.8742577364073943,0.809870629974163,C5/CCBE1/RORA/CXCL17,4
GO:0042446,hormone biosynthetic process,4/828,65/18860,0.06153846153846154,1.4017094017094018,0.6951844653740821,0.31916520320184055,0.8742577364073943,0.809870629974163,PDE8B/DUOX1/ADM/FFAR3,4
GO:0050994,regulation of lipid catabolic process,4/828,65/18860,0.06153846153846154,1.4017094017094018,0.6951844653740821,0.31916520320184055,0.8742577364073943,0.809870629974163,PLIN5/ANGPTL3/FUT1/APOA5,4
GO:0098900,regulation of action potential,4/828,65/18860,0.06153846153846154,1.4017094017094018,0.6951844653740821,0.31916520320184055,0.8742577364073943,0.809870629974163,FGF13/TMEM161B/RYR2/SLC8A2,4
GO:0070588,calcium ion transmembrane transport,17/828,339/18860,0.05014749262536873,1.1422484431333988,0.5663275698732249,0.32121992228471896,0.8742577364073943,0.809870629974163,TMEM37/CACNA2D3/GSTM2/DMD/PLCL1/RYR2/PPP3CC/PRKD1/PLA2G1B/CACNA2D2/CACHD1/NALCN/F2/SLC8A2/EDN1/TRPV6/KCNJ8,17
GO:0042742,defense response to bacterium,18/828,361/18860,0.04986149584487535,1.1357340720221607,0.5579829160192505,0.32307918560842747,0.8742577364073943,0.809870629974163,FGA/FGB/IL33/PRKD1/PLA2G1B/SFTPD/COLEC12/PLA2G6/ADM/SCNN1B/PGC/TF/CHGA/F2/RNASE1/STAB2/DEFB1/NPY,18
GO:0042176,regulation of protein catabolic process,19/828,383/18860,0.04960835509138381,1.1299680881926313,0.5506465689056296,0.3246871449439863,0.8742577364073943,0.809870629974163,KCNE2/ASB11/PPP2R3A/TMEM132A/RNF180/EGFR/ALAD/ZDHHC2/IL33/ASB9/NEDD4L/GPC3/NUPR1/TRIB2/ABCA2/EEF1A2/TF/PACSIN3/TIMP3,19
GO:0009799,specification of symmetry,8/828,148/18860,0.05405405405405406,1.2312312312312312,0.6051594148334539,0.32486939633807427,0.8742577364073943,0.809870629974163,FOLR1/ACVR2B/DAAM2/GREM2/CFC1/VANGL2/SOSTDC1/DAND5,8
GO:0009855,determination of bilateral symmetry,8/828,148/18860,0.05405405405405406,1.2312312312312312,0.6051594148334539,0.32486939633807427,0.8742577364073943,0.809870629974163,FOLR1/ACVR2B/DAAM2/GREM2/CFC1/VANGL2/SOSTDC1/DAND5,8
GO:0006576,biogenic amine metabolic process,5/828,86/18860,0.05813953488372093,1.3242894056847543,0.6458863835852942,0.32627379020921177,0.8742577364073943,0.809870629974163,PDE1B/HDC/RNF180/KL/NPY,5
GO:0007623,circadian rhythm,11/828,212/18860,0.05188679245283019,1.1818658280922434,0.5706311216172495,0.3285507933660499,0.8742577364073943,0.809870629974163,GHRL/CRTC1/PRKAA2/OPN4/PPARGC1A/RORC/ADA/ADCY1/GABRB3/RORA/ID4,11
GO:0009225,nucleotide-sugar metabolic process,3/828,46/18860,0.06521739130434782,1.4855072463768115,0.7064584296177738,0.3286712901434904,0.8742577364073943,0.809870629974163,GALT/PMM1/CSGALNACT1,3
GO:0009262,deoxyribonucleotide metabolic process,3/828,46/18860,0.06521739130434782,1.4855072463768115,0.7064584296177738,0.3286712901434904,0.8742577364073943,0.809870629974163,NME3/ADA/NT5M,3
GO:0030279,negative regulation of ossification,3/828,46/18860,0.06521739130434782,1.4855072463768115,0.7064584296177738,0.3286712901434904,0.8742577364073943,0.809870629974163,ACVR2B/GFRA4/DKK1,3
GO:1903514,release of sequestered calcium ion into cytosol by endoplasmic reticulum,3/828,46/18860,0.06521739130434782,1.4855072463768115,0.7064584296177738,0.3286712901434904,0.8742577364073943,0.809870629974163,GSTM2/DMD/RYR2,3
GO:0097035,regulation of membrane lipid distribution,4/828,66/18860,0.06060606060606061,1.3804713804713804,0.6634938473732924,0.32921315640059634,0.8742577364073943,0.809870629974163,ATP8A1/ABCA2/ATG9B/ATP8A2,4
GO:1901224,positive regulation of non-canonical NF-kappaB signal transduction,4/828,66/18860,0.06060606060606061,1.3804713804713804,0.6634938473732924,0.32921315640059634,0.8742577364073943,0.809870629974163,EDA/PDCD4/PTP4A3/EDN1,4
GO:0007631,feeding behavior,6/828,107/18860,0.056074766355140186,1.277258566978193,0.6163026506233079,0.3297376454989811,0.8742577364073943,0.809870629974163,GHRL/LEPR/RXFP4/GUCA2B/ATP8A2/NPY,6
GO:0030278,regulation of ossification,7/828,128/18860,0.0546875,1.2456597222222223,0.5975846261417881,0.33120163309294404,0.8742577364073943,0.809870629974163,ACVR2B/KL/GFRA4/ZBTB16/ADRB2/GPM6B/DKK1,7
GO:0045471,response to ethanol,7/828,128/18860,0.0546875,1.2456597222222223,0.5975846261417881,0.33120163309294404,0.8742577364073943,0.809870629974163,ALAD/SLC2A4/OXCT1/SLC10A1/SOX2/ADH7/CDO1,7
GO:0006644,phospholipid metabolic process,19/828,385/18860,0.04935064935064935,1.1240981240981243,0.5271763357895421,0.33283595296294644,0.8742577364073943,0.809870629974163,ANGPTL3/DGKD/TMEM86B/TTC7B/PLCL1/FABP3/PLD6/PIGZ/PRKAA2/PLA2G1B/GATA6/ABCA2/PLA2G6/PNPLA7/IP6K3/ALOX15B/PIK3C2G/CWH43/PLA1A,19
GO:0000305,response to oxygen radical,2/828,27/18860,0.07407407407407407,1.6872427983539093,0.7657462448166041,0.3335867617511574,0.8742577364073943,0.809870629974163,MT3/SOD3,2
GO:0014829,vascular associated smooth muscle contraction,2/828,27/18860,0.07407407407407407,1.6872427983539093,0.7657462448166041,0.3335867617511574,0.8742577364073943,0.809870629974163,SCNN1B/EDN1,2
GO:0016048,detection of temperature stimulus,2/828,27/18860,0.07407407407407407,1.6872427983539093,0.7657462448166041,0.3335867617511574,0.8742577364073943,0.809870629974163,TAC4/OPN4,2
GO:0016082,synaptic vesicle priming,2/828,27/18860,0.07407407407407407,1.6872427983539093,0.7657462448166041,0.3335867617511574,0.8742577364073943,0.809870629974163,ERC2/RIMS3,2
GO:0032410,negative regulation of transporter activity,2/828,27/18860,0.07407407407407407,1.6872427983539093,0.7657462448166041,0.3335867617511574,0.8742577364073943,0.809870629974163,KCNE2/KCNQ1,2
GO:0032753,positive regulation of interleukin-4 production,2/828,27/18860,0.07407407407407407,1.6872427983539093,0.7657462448166041,0.3335867617511574,0.8742577364073943,0.809870629974163,IL33/CD3E,2
GO:0035313,"wound healing, spreading of epidermal cells",2/828,27/18860,0.07407407407407407,1.6872427983539093,0.7657462448166041,0.3335867617511574,0.8742577364073943,0.809870629974163,ARHGAP24/FIGNL2,2
GO:0044346,fibroblast apoptotic process,2/828,27/18860,0.07407407407407407,1.6872427983539093,0.7657462448166041,0.3335867617511574,0.8742577364073943,0.809870629974163,NUPR1/BCL2L11,2
GO:0062009,secondary palate development,2/828,27/18860,0.07407407407407407,1.6872427983539093,0.7657462448166041,0.3335867617511574,0.8742577364073943,0.809870629974163,GABRB3/TGFB3,2
GO:0097186,amelogenesis,2/828,27/18860,0.07407407407407407,1.6872427983539093,0.7657462448166041,0.3335867617511574,0.8742577364073943,0.809870629974163,SLC4A2/FAM20A,2
GO:1901679,nucleotide transmembrane transport,2/828,27/18860,0.07407407407407407,1.6872427983539093,0.7657462448166041,0.3335867617511574,0.8742577364073943,0.809870629974163,SLC25A36/SLC25A47,2
GO:1903319,positive regulation of protein maturation,2/828,27/18860,0.07407407407407407,1.6872427983539093,0.7657462448166041,0.3335867617511574,0.8742577364073943,0.809870629974163,HPN/CCBE1,2
GO:0005977,glycogen metabolic process,5/828,87/18860,0.05747126436781609,1.309067688378033,0.6191543656179296,0.33501566355159446,0.8742577364073943,0.809870629974163,GABARAPL1/LEPR/PPP1R3C/GNMT/SORBS1,5
GO:0014855,striated muscle cell proliferation,5/828,87/18860,0.05747126436781609,1.309067688378033,0.6191543656179296,0.33501566355159446,0.8742577364073943,0.809870629974163,KCNK2/ERBB4/GATA6/FGF20/SIX1,5
GO:0021700,developmental maturation,18/828,364/18860,0.04945054945054945,1.1263736263736264,0.5216999328037382,0.33566830752964455,0.8742577364073943,0.809870629974163,REC8/HBZ/PLD6/ZDHHC2/NTN4/SEZ6L2/FOXA1/NEFL/RET/ZBTB16/PTH1R/PTPRN/EDN1/ZAR1/CAMK2B/ZAR1L/SRRM4/DEFB1,18
GO:0014897,striated muscle hypertrophy,6/828,108/18860,0.05555555555555555,1.2654320987654322,0.5927807213573795,0.33756927475702875,0.8742577364073943,0.809870629974163,RYR2/SORBS2/GATA6/IGFBP5/GATA5/EDN1,6
GO:0008064,regulation of actin polymerization or depolymerization,8/828,150/18860,0.05333333333333334,1.214814814814815,0.5660118380421488,0.338077092095661,0.8742577364073943,0.809870629974163,NPHS1/CYFIP2/HIP1R/PAK3/DAAM2/EVL/KANK4/LMOD2,8
GO:2000377,regulation of reactive oxygen species metabolic process,8/828,150/18860,0.05333333333333334,1.214814814814815,0.5660118380421488,0.338077092095661,0.8742577364073943,0.809870629974163,PLIN5/DCXR/MT3/NNT/F2/DUOXA1/PON3/SLC18A2,8
GO:1990928,response to amino acid starvation,4/828,67/18860,0.05970149253731343,1.3598673300165838,0.6323162099815044,0.3392780652053207,0.8742577364073943,0.809870629974163,GPR155/PRKAA2/PRKD1/RNF152,4
GO:0002573,myeloid leukocyte differentiation,13/828,257/18860,0.05058365758754864,1.1521833117163855,0.5263742657675794,0.34018493542170203,0.8742577364073943,0.809870629974163,DHRS2/PDE1B/LRRC17/CDK6/IL33/GPC3/SLC4A2/MT1G/KITLG/KIT/MITF/TF/PRTN3,13
GO:0006935,chemotaxis,23/828,474/18860,0.04852320675105485,1.105250820440694,0.49730586614418454,0.34032079009334415,0.8742577364073943,0.809870629974163,ROBO3/VEGFB/PDGFD/C5/CCL16/CYP7B1/PTGDR2/PRKD1/PLA2G1B/SFTPD/FLRT3/KIT/PLA2G6/SERPIND1/PIK3C2G/CHGA/SEMA3D/VAV3/NTN1/CXCL17/HRG/EDN1/DEFB1,23
GO:0006862,nucleotide transport,3/828,47/18860,0.06382978723404255,1.453900709219858,0.6676261081664235,0.34083424169884835,0.8742577364073943,0.809870629974163,SLC25A36/ABCC5/SLC25A47,3
GO:0008089,anterograde axonal transport,3/828,47/18860,0.06382978723404255,1.453900709219858,0.6676261081664235,0.34083424169884835,0.8742577364073943,0.809870629974163,NEFL/KIF1A/KIF5C,3
GO:0009116,nucleoside metabolic process,3/828,47/18860,0.06382978723404255,1.453900709219858,0.6676261081664235,0.34083424169884835,0.8742577364073943,0.809870629974163,GNMT/ENPP4/ADA,3
GO:0014911,positive regulation of smooth muscle cell migration,3/828,47/18860,0.06382978723404255,1.453900709219858,0.6676261081664235,0.34083424169884835,0.8742577364073943,0.809870629974163,PDGFD/IGFBP5/POSTN,3
GO:0030890,positive regulation of B cell proliferation,3/828,47/18860,0.06382978723404255,1.453900709219858,0.6676261081664235,0.34083424169884835,0.8742577364073943,0.809870629974163,NFATC2/ADA/VAV3,3
GO:0095500,acetylcholine receptor signaling pathway,3/828,47/18860,0.06382978723404255,1.453900709219858,0.6676261081664235,0.34083424169884835,0.8742577364073943,0.809870629974163,CHRM3/CHRM2/LY6H,3
GO:0097106,postsynaptic density organization,3/828,47/18860,0.06382978723404255,1.453900709219858,0.6676261081664235,0.34083424169884835,0.8742577364073943,0.809870629974163,CDH2/PTPRS/RAPSN,3
GO:0141161,regulation of cAMP/PKA signal transduction,3/828,47/18860,0.06382978723404255,1.453900709219858,0.6676261081664235,0.34083424169884835,0.8742577364073943,0.809870629974163,PDE1B/PDE8B/ADRB2,3
GO:0007281,germ cell development,20/828,409/18860,0.0488997555012225,1.1138277641945125,0.49871502707108933,0.34200013154975023,0.8742577364073943,0.809870629974163,DEAF1/CELF4/SUN5/PAQR5/REC8/PDILT/PACRG/SMAD5/PLD6/TUBA8/KIT/ZBTB16/NDN/ZDBF2/EDN1/PAQR7/ZAR1/TSSK1B/ZAR1L/DEFB1,20
GO:0008037,cell recognition,9/828,172/18860,0.05232558139534884,1.1918604651162792,0.5416526260043061,0.3433312881090786,0.8742577364073943,0.809870629974163,ROBO3/FOLR1/EPHB3/PCDHA7/COLEC12/NDN/CRTAC1/FOLR3/LY6K,9
GO:0048041,focal adhesion assembly,5/828,88/18860,0.056818181818181816,1.2941919191919191,0.5927469828383849,0.3437771227512861,0.8742577364073943,0.809870629974163,SORBS1/WDPCP/HRG/FAM107A/GPM6B,5
GO:0120193,tight junction organization,5/828,88/18860,0.056818181818181816,1.2941919191919191,0.5927469828383849,0.3437771227512861,0.8742577364073943,0.809870629974163,CLDN19/CLDN25/ABCC8/TGFB3/CLDN24,5
GO:0050829,defense response to Gram-negative bacterium,6/828,109/18860,0.05504587155963303,1.253822629969419,0.5694871395612328,0.34542111303884976,0.8742577364073943,0.809870629974163,PRKD1/ADM/CHGA/F2/DEFB1/NPY,6
GO:0110020,regulation of actomyosin structure organization,6/828,109/18860,0.05504587155963303,1.253822629969419,0.5694871395612328,0.34542111303884976,0.8742577364073943,0.809870629974163,CGNL1/ASAP3/EVL/PRKD1/TGFB3/EDN1,6
GO:0031099,regeneration,10/828,194/18860,0.05154639175257732,1.1741122565864832,0.5223446221644549,0.34743313554834093,0.8742577364073943,0.809870629974163,FOLR1/PTPRS/ERBB4/ULK1/APOA5/LAMB2/FIGNL2/NEFL/SOX2/POSTN,10
GO:0001885,endothelial cell development,4/828,68/18860,0.058823529411764705,1.3398692810457518,0.601634062511419,0.3493527732107206,0.8742577364073943,0.809870629974163,PTPRS/PROC/GSTM3/S1PR3,4
GO:0046847,filopodium assembly,4/828,68/18860,0.058823529411764705,1.3398692810457518,0.601634062511419,0.3493527732107206,0.8742577364073943,0.809870629974163,FGD4/DAAM2/RAB17/TGFB3,4
GO:0050881,musculoskeletal movement,4/828,68/18860,0.058823529411764705,1.3398692810457518,0.601634062511419,0.3493527732107206,0.8742577364073943,0.809870629974163,GSTM2/DMD/PRKD1/ATP8A2,4
GO:0051893,regulation of focal adhesion assembly,4/828,68/18860,0.058823529411764705,1.3398692810457518,0.601634062511419,0.3493527732107206,0.8742577364073943,0.809870629974163,WDPCP/HRG/FAM107A/GPM6B,4
GO:0090109,regulation of cell-substrate junction assembly,4/828,68/18860,0.058823529411764705,1.3398692810457518,0.601634062511419,0.3493527732107206,0.8742577364073943,0.809870629974163,WDPCP/HRG/FAM107A/GPM6B,4
GO:0002675,positive regulation of acute inflammatory response,2/828,28/18860,0.07142857142857142,1.626984126984127,0.7114426359277202,0.34979556840178816,0.8742577364073943,0.809870629974163,PTGER3/FFAR3,2
GO:0014046,dopamine secretion,2/828,28/18860,0.07142857142857142,1.626984126984127,0.7114426359277202,0.34979556840178816,0.8742577364073943,0.809870629974163,FGF20/SLC18A2,2
GO:0015740,C4-dicarboxylate transport,2/828,28/18860,0.07142857142857142,1.626984126984127,0.7114426359277202,0.34979556840178816,0.8742577364073943,0.809870629974163,SLC1A2/SLC13A3,2
GO:0032261,purine nucleotide salvage,2/828,28/18860,0.07142857142857142,1.626984126984127,0.7114426359277202,0.34979556840178816,0.8742577364073943,0.809870629974163,ADA/SLC22A13,2
GO:0032703,negative regulation of interleukin-2 production,2/828,28/18860,0.07142857142857142,1.626984126984127,0.7114426359277202,0.34979556840178816,0.8742577364073943,0.809870629974163,HOMER2/SFTPD,2
GO:0033081,regulation of T cell differentiation in thymus,2/828,28/18860,0.07142857142857142,1.626984126984127,0.7114426359277202,0.34979556840178816,0.8742577364073943,0.809870629974163,ADA/TOX,2
GO:0034698,response to gonadotropin,2/828,28/18860,0.07142857142857142,1.626984126984127,0.7114426359277202,0.34979556840178816,0.8742577364073943,0.809870629974163,GATA6/EDN1,2
GO:0036037,"CD8-positive, alpha-beta T cell activation",2/828,28/18860,0.07142857142857142,1.626984126984127,0.7114426359277202,0.34979556840178816,0.8742577364073943,0.809870629974163,SLC4A2/TOX,2
GO:0051043,regulation of membrane protein ectodomain proteolysis,2/828,28/18860,0.07142857142857142,1.626984126984127,0.7114426359277202,0.34979556840178816,0.8742577364073943,0.809870629974163,PACSIN3/TIMP3,2
GO:0060586,multicellular organismal-level iron ion homeostasis,2/828,28/18860,0.07142857142857142,1.626984126984127,0.7114426359277202,0.34979556840178816,0.8742577364073943,0.809870629974163,TF/HEPH,2
GO:0070193,synaptonemal complex organization,2/828,28/18860,0.07142857142857142,1.626984126984127,0.7114426359277202,0.34979556840178816,0.8742577364073943,0.809870629974163,REC8/SYCP2,2
GO:0072207,metanephric epithelium development,2/828,28/18860,0.07142857142857142,1.626984126984127,0.7114426359277202,0.34979556840178816,0.8742577364073943,0.809870629974163,LAMB2/ACAT1,2
GO:0090128,regulation of synapse maturation,2/828,28/18860,0.07142857142857142,1.626984126984127,0.7114426359277202,0.34979556840178816,0.8742577364073943,0.809870629974163,NEFL/CAMK2B,2
GO:0141162,negative regulation of cAMP/PKA signal transduction,2/828,28/18860,0.07142857142857142,1.626984126984127,0.7114426359277202,0.34979556840178816,0.8742577364073943,0.809870629974163,PDE1B/PDE8B,2
GO:1903779,regulation of cardiac conduction,2/828,28/18860,0.07142857142857142,1.626984126984127,0.7114426359277202,0.34979556840178816,0.8742577364073943,0.809870629974163,RYR2/SLC8A2,2
GO:1904036,negative regulation of epithelial cell apoptotic process,2/828,28/18860,0.07142857142857142,1.626984126984127,0.7114426359277202,0.34979556840178816,0.8742577364073943,0.809870629974163,PRKAA2/NUPR1,2
GO:0033077,T cell differentiation in thymus,5/828,89/18860,0.056179775280898875,1.2796504369538078,0.5666558152367775,0.35255338396569824,0.8742577364073943,0.809870629974163,CDK6/CD3E/ADA/TOX/FZD8,5
GO:0044042,glucan metabolic process,5/828,89/18860,0.056179775280898875,1.2796504369538078,0.5666558152367775,0.35255338396569824,0.8742577364073943,0.809870629974163,GABARAPL1/LEPR/PPP1R3C/GNMT/SORBS1,5
GO:0001662,behavioral fear response,3/828,48/18860,0.0625,1.4236111111111112,0.6296845330673749,0.3529806854831765,0.8742577364073943,0.809870629974163,DEAF1/PDE8B/SLITRK4,3
GO:0010712,regulation of collagen metabolic process,3/828,48/18860,0.0625,1.4236111111111112,0.6296845330673749,0.3529806854831765,0.8742577364073943,0.809870629974163,LARP6/F2/TGFB3,3
GO:0031641,regulation of myelination,3/828,48/18860,0.0625,1.4236111111111112,0.6296845330673749,0.3529806854831765,0.8742577364073943,0.809870629974163,WASF3/PTPRZ1/CDK18,3
GO:0051489,regulation of filopodium assembly,3/828,48/18860,0.0625,1.4236111111111112,0.6296845330673749,0.3529806854831765,0.8742577364073943,0.809870629974163,DAAM2/RAB17/TGFB3,3
GO:0014896,muscle hypertrophy,6/828,110/18860,0.05454545454545454,1.2424242424242424,0.5464171263266778,0.35328968893658125,0.8742577364073943,0.809870629974163,RYR2/SORBS2/GATA6/IGFBP5/GATA5/EDN1,6
GO:0097553,calcium ion transmembrane import into cytosol,10/828,195/18860,0.05128205128205128,1.168091168091168,0.5055926514131913,0.3533012692545246,0.8742577364073943,0.809870629974163,GSTM2/DMD/PLCL1/RYR2/PPP3CC/PRKD1/PLA2G1B/F2/SLC8A2/TRPV6,10
GO:0030832,regulation of actin filament length,8/828,153/18860,0.05228758169934641,1.1909949164851126,0.5082975305876094,0.35803116081346187,0.8742577364073943,0.809870629974163,NPHS1/CYFIP2/HIP1R/PAK3/DAAM2/EVL/KANK4/LMOD2,8
GO:0009267,cellular response to starvation,10/828,196/18860,0.05102040816326531,1.1621315192743764,0.48892886146187875,0.3591837280972151,0.8742577364073943,0.809870629974163,GPR155/GABARAPL1/LAMP2/GLUL/PAK3/PRKAA2/ALB/PRKD1/RNF152/ASNS,10
GO:0043525,positive regulation of neuron apoptotic process,4/828,69/18860,0.057971014492753624,1.3204508856682768,0.5714307731125405,0.3594303185114953,0.8742577364073943,0.809870629974163,RAPSN/NUPR1/BCL2L11/TFAP2B,4
GO:0048857,neural nucleus development,4/828,69/18860,0.057971014492753624,1.3204508856682768,0.5714307731125405,0.3594303185114953,0.8742577364073943,0.809870629974163,CKB/INA/SYPL2/S100A1,4
GO:0071300,cellular response to retinoic acid,4/828,69/18860,0.057971014492753624,1.3204508856682768,0.5714307731125405,0.3594303185114953,0.8742577364073943,0.809870629974163,FZD4/WNT6/PTK7/RET,4
GO:1905330,regulation of morphogenesis of an epithelium,4/828,69/18860,0.057971014492753624,1.3204508856682768,0.5714307731125405,0.3594303185114953,0.8742577364073943,0.809870629974163,AR/NTN4/SIX4/SIX1,4
GO:0050830,defense response to Gram-positive bacterium,7/828,132/18860,0.05303030303030303,1.2079124579124578,0.5136583201917085,0.35991202894527724,0.8742577364073943,0.809870629974163,PLA2G1B/ADM/CHGA/RNASE1/STAB2/DEFB1/NPY,7
GO:0090100,positive regulation of transmembrane receptor protein serine/threonine kinase signaling pathway,6/828,111/18860,0.05405405405405406,1.2312312312312312,0.5235660479778446,0.3611715739684023,0.8742577364073943,0.809870629974163,GDF5/ACVR2B/TGFB1I1/GPC3/BMPER/TGFB3,6
GO:0000255,allantoin metabolic process,1/828,10/18860,0.1,2.2777777777777777,0.8660684200113815,0.361773981915088,0.8742577364073943,0.809870629974163,ADA,1
GO:0001408,guanine nucleotide transport,1/828,10/18860,0.1,2.2777777777777777,0.8660684200113815,0.361773981915088,0.8742577364073943,0.809870629974163,ABCC5,1
GO:0001660,fever generation,1/828,10/18860,0.1,2.2777777777777777,0.8660684200113815,0.361773981915088,0.8742577364073943,0.809870629974163,PTGER3,1
GO:0001840,neural plate development,1/828,10/18860,0.1,2.2777777777777777,0.8660684200113815,0.361773981915088,0.8742577364073943,0.809870629974163,VANGL2,1
GO:0002318,myeloid progenitor cell differentiation,1/828,10/18860,0.1,2.2777777777777777,0.8660684200113815,0.361773981915088,0.8742577364073943,0.809870629974163,KIT,1
GO:0002666,positive regulation of T cell tolerance induction,1/828,10/18860,0.1,2.2777777777777777,0.8660684200113815,0.361773981915088,0.8742577364073943,0.809870629974163,CD3E,1
GO:0002842,positive regulation of T cell mediated immune response to tumor cell,1/828,10/18860,0.1,2.2777777777777777,0.8660684200113815,0.361773981915088,0.8742577364073943,0.809870629974163,SLC22A13,1
GO:0002924,negative regulation of humoral immune response mediated by circulating immunoglobulin,1/828,10/18860,0.1,2.2777777777777777,0.8660684200113815,0.361773981915088,0.8742577364073943,0.809870629974163,SUSD4,1
GO:0003140,determination of left/right asymmetry in lateral mesoderm,1/828,10/18860,0.1,2.2777777777777777,0.8660684200113815,0.361773981915088,0.8742577364073943,0.809870629974163,DAND5,1
GO:0003149,membranous septum morphogenesis,1/828,10/18860,0.1,2.2777777777777777,0.8660684200113815,0.361773981915088,0.8742577364073943,0.809870629974163,VANGL2,1
GO:0003310,pancreatic A cell differentiation,1/828,10/18860,0.1,2.2777777777777777,0.8660684200113815,0.361773981915088,0.8742577364073943,0.809870629974163,GATA6,1
GO:0003406,retinal pigment epithelium development,1/828,10/18860,0.1,2.2777777777777777,0.8660684200113815,0.361773981915088,0.8742577364073943,0.809870629974163,CLDN19,1
GO:0006784,heme A biosynthetic process,1/828,10/18860,0.1,2.2777777777777777,0.8660684200113815,0.361773981915088,0.8742577364073943,0.809870629974163,ALAD,1
GO:0006924,activation-induced cell death of T cells,1/828,10/18860,0.1,2.2777777777777777,0.8660684200113815,0.361773981915088,0.8742577364073943,0.809870629974163,TSC22D3,1
GO:0006930,"substrate-dependent cell migration, cell extension",1/828,10/18860,0.1,2.2777777777777777,0.8660684200113815,0.361773981915088,0.8742577364073943,0.809870629974163,NTN1,1
GO:0008627,intrinsic apoptotic signaling pathway in response to osmotic stress,1/828,10/18860,0.1,2.2777777777777777,0.8660684200113815,0.361773981915088,0.8742577364073943,0.809870629974163,SCN2A,1
GO:0009169,purine ribonucleoside monophosphate catabolic process,1/828,10/18860,0.1,2.2777777777777777,0.8660684200113815,0.361773981915088,0.8742577364073943,0.809870629974163,ADA,1
GO:0010172,embryonic body morphogenesis,1/828,10/18860,0.1,2.2777777777777777,0.8660684200113815,0.361773981915088,0.8742577364073943,0.809870629974163,GREM2,1
GO:0010749,regulation of nitric oxide mediated signal transduction,1/828,10/18860,0.1,2.2777777777777777,0.8660684200113815,0.361773981915088,0.8742577364073943,0.809870629974163,CBS,1
GO:0014012,peripheral nervous system axon regeneration,1/828,10/18860,0.1,2.2777777777777777,0.8660684200113815,0.361773981915088,0.8742577364073943,0.809870629974163,NEFL,1
GO:0015858,nucleoside transport,1/828,10/18860,0.1,2.2777777777777777,0.8660684200113815,0.361773981915088,0.8742577364073943,0.809870629974163,SLC29A1,1
GO:0015937,coenzyme A biosynthetic process,1/828,10/18860,0.1,2.2777777777777777,0.8660684200113815,0.361773981915088,0.8742577364073943,0.809870629974163,ACAT1,1
GO:0030002,intracellular monoatomic anion homeostasis,1/828,10/18860,0.1,2.2777777777777777,0.8660684200113815,0.361773981915088,0.8742577364073943,0.809870629974163,KCNQ1,1
GO:0030200,heparan sulfate proteoglycan catabolic process,1/828,10/18860,0.1,2.2777777777777777,0.8660684200113815,0.361773981915088,0.8742577364073943,0.809870629974163,IDUA,1
GO:0030644,intracellular chloride ion homeostasis,1/828,10/18860,0.1,2.2777777777777777,0.8660684200113815,0.361773981915088,0.8742577364073943,0.809870629974163,KCNQ1,1
GO:0031017,exocrine pancreas development,1/828,10/18860,0.1,2.2777777777777777,0.8660684200113815,0.361773981915088,0.8742577364073943,0.809870629974163,PTF1A,1
GO:0031915,positive regulation of synaptic plasticity,1/828,10/18860,0.1,2.2777777777777777,0.8660684200113815,0.361773981915088,0.8742577364073943,0.809870629974163,DBN1,1
GO:0032000,positive regulation of fatty acid beta-oxidation,1/828,10/18860,0.1,2.2777777777777777,0.8660684200113815,0.361773981915088,0.8742577364073943,0.809870629974163,PLIN5,1
GO:0032364,intracellular oxygen homeostasis,1/828,10/18860,0.1,2.2777777777777777,0.8660684200113815,0.361773981915088,0.8742577364073943,0.809870629974163,NNT,1
GO:0032825,positive regulation of natural killer cell differentiation,1/828,10/18860,0.1,2.2777777777777777,0.8660684200113815,0.361773981915088,0.8742577364073943,0.809870629974163,TOX,1
GO:0035356,intracellular triglyceride homeostasis,1/828,10/18860,0.1,2.2777777777777777,0.8660684200113815,0.361773981915088,0.8742577364073943,0.809870629974163,C1QTNF3,1
GO:0035360,positive regulation of peroxisome proliferator activated receptor signaling pathway,1/828,10/18860,0.1,2.2777777777777777,0.8660684200113815,0.361773981915088,0.8742577364073943,0.809870629974163,ALOX15B,1
GO:0035694,mitochondrial protein catabolic process,1/828,10/18860,0.1,2.2777777777777777,0.8660684200113815,0.361773981915088,0.8742577364073943,0.809870629974163,BNIP3,1
GO:0035701,hematopoietic stem cell migration,1/828,10/18860,0.1,2.2777777777777777,0.8660684200113815,0.361773981915088,0.8742577364073943,0.809870629974163,KIT,1
GO:0035999,tetrahydrofolate interconversion,1/828,10/18860,0.1,2.2777777777777777,0.8660684200113815,0.361773981915088,0.8742577364073943,0.809870629974163,ALDH1L1,1
GO:0038083,peptidyl-tyrosine autophosphorylation,1/828,10/18860,0.1,2.2777777777777777,0.8660684200113815,0.361773981915088,0.8742577364073943,0.809870629974163,IGF1R,1
GO:0043569,negative regulation of insulin-like growth factor receptor signaling pathway,1/828,10/18860,0.1,2.2777777777777777,0.8660684200113815,0.361773981915088,0.8742577364073943,0.809870629974163,IGFBP5,1
GO:0046160,heme a metabolic process,1/828,10/18860,0.1,2.2777777777777777,0.8660684200113815,0.361773981915088,0.8742577364073943,0.809870629974163,ALAD,1
GO:0046834,lipid phosphorylation,1/828,10/18860,0.1,2.2777777777777777,0.8660684200113815,0.361773981915088,0.8742577364073943,0.809870629974163,DGKD,1
GO:0048617,embryonic foregut morphogenesis,1/828,10/18860,0.1,2.2777777777777777,0.8660684200113815,0.361773981915088,0.8742577364073943,0.809870629974163,ACVR2B,1
GO:0048703,embryonic viscerocranium morphogenesis,1/828,10/18860,0.1,2.2777777777777777,0.8660684200113815,0.361773981915088,0.8742577364073943,0.809870629974163,CHST11,1
GO:0048845,venous blood vessel morphogenesis,1/828,10/18860,0.1,2.2777777777777777,0.8660684200113815,0.361773981915088,0.8742577364073943,0.809870629974163,CCBE1,1
GO:0048865,stem cell fate commitment,1/828,10/18860,0.1,2.2777777777777777,0.8660684200113815,0.361773981915088,0.8742577364073943,0.809870629974163,EDN1,1
GO:0050812,regulation of acyl-CoA biosynthetic process,1/828,10/18860,0.1,2.2777777777777777,0.8660684200113815,0.361773981915088,0.8742577364073943,0.809870629974163,SIRT4,1
GO:0051589,negative regulation of neurotransmitter transport,1/828,10/18860,0.1,2.2777777777777777,0.8660684200113815,0.361773981915088,0.8742577364073943,0.809870629974163,GPM6B,1
GO:0051933,amino acid neurotransmitter reuptake,1/828,10/18860,0.1,2.2777777777777777,0.8660684200113815,0.361773981915088,0.8742577364073943,0.809870629974163,KCNJ10,1
GO:0060054,positive regulation of epithelial cell proliferation involved in wound healing,1/828,10/18860,0.1,2.2777777777777777,0.8660684200113815,0.361773981915088,0.8742577364073943,0.809870629974163,ODAM,1
GO:0060056,mammary gland involution,1/828,10/18860,0.1,2.2777777777777777,0.8660684200113815,0.361773981915088,0.8742577364073943,0.809870629974163,IGFBP5,1
GO:0060346,bone trabecula formation,1/828,10/18860,0.1,2.2777777777777777,0.8660684200113815,0.361773981915088,0.8742577364073943,0.809870629974163,CHAD,1
GO:0060385,axonogenesis involved in innervation,1/828,10/18860,0.1,2.2777777777777777,0.8660684200113815,0.361773981915088,0.8742577364073943,0.809870629974163,EDN1,1
GO:0060768,regulation of epithelial cell proliferation involved in prostate gland development,1/828,10/18860,0.1,2.2777777777777777,0.8660684200113815,0.361773981915088,0.8742577364073943,0.809870629974163,AR,1
GO:0060947,cardiac vascular smooth muscle cell differentiation,1/828,10/18860,0.1,2.2777777777777777,0.8660684200113815,0.361773981915088,0.8742577364073943,0.809870629974163,GATA6,1
GO:0061000,negative regulation of dendritic spine development,1/828,10/18860,0.1,2.2777777777777777,0.8660684200113815,0.361773981915088,0.8742577364073943,0.809870629974163,PTPRS,1
GO:0061299,retina vasculature morphogenesis in camera-type eye,1/828,10/18860,0.1,2.2777777777777777,0.8660684200113815,0.361773981915088,0.8742577364073943,0.809870629974163,FZD4,1
GO:0070729,cyclic nucleotide transport,1/828,10/18860,0.1,2.2777777777777777,0.8660684200113815,0.361773981915088,0.8742577364073943,0.809870629974163,ABCC5,1
GO:0070862,negative regulation of protein exit from endoplasmic reticulum,1/828,10/18860,0.1,2.2777777777777777,0.8660684200113815,0.361773981915088,0.8742577364073943,0.809870629974163,INSIG1,1
GO:0070989,oxidative demethylation,1/828,10/18860,0.1,2.2777777777777777,0.8660684200113815,0.361773981915088,0.8742577364073943,0.809870629974163,CYP2C8,1
GO:0071225,cellular response to muramyl dipeptide,1/828,10/18860,0.1,2.2777777777777777,0.8660684200113815,0.361773981915088,0.8742577364073943,0.809870629974163,LDOC1,1
GO:0071670,smooth muscle cell chemotaxis,1/828,10/18860,0.1,2.2777777777777777,0.8660684200113815,0.361773981915088,0.8742577364073943,0.809870629974163,PDGFD,1
GO:0071918,urea transmembrane transport,1/828,10/18860,0.1,2.2777777777777777,0.8660684200113815,0.361773981915088,0.8742577364073943,0.809870629974163,SLC14A2,1
GO:0072203,cell proliferation involved in metanephros development,1/828,10/18860,0.1,2.2777777777777777,0.8660684200113815,0.361773981915088,0.8742577364073943,0.809870629974163,GPC3,1
GO:0090184,positive regulation of kidney development,1/828,10/18860,0.1,2.2777777777777777,0.8660684200113815,0.361773981915088,0.8742577364073943,0.809870629974163,RET,1
GO:0097113,AMPA glutamate receptor clustering,1/828,10/18860,0.1,2.2777777777777777,0.8660684200113815,0.361773981915088,0.8742577364073943,0.809870629974163,ZDHHC2,1
GO:0097119,postsynaptic density protein 95 clustering,1/828,10/18860,0.1,2.2777777777777777,0.8660684200113815,0.361773981915088,0.8742577364073943,0.809870629974163,CDH2,1
GO:0097503,sialylation,1/828,10/18860,0.1,2.2777777777777777,0.8660684200113815,0.361773981915088,0.8742577364073943,0.809870629974163,ST3GAL1,1
GO:0097688,glutamate receptor clustering,1/828,10/18860,0.1,2.2777777777777777,0.8660684200113815,0.361773981915088,0.8742577364073943,0.809870629974163,ZDHHC2,1
GO:0099538,synaptic signaling via neuropeptide,1/828,10/18860,0.1,2.2777777777777777,0.8660684200113815,0.361773981915088,0.8742577364073943,0.809870629974163,NPY,1
GO:0106015,negative regulation of inflammatory response to wounding,1/828,10/18860,0.1,2.2777777777777777,0.8660684200113815,0.361773981915088,0.8742577364073943,0.809870629974163,IL33,1
GO:0150172,regulation of phosphatidylcholine metabolic process,1/828,10/18860,0.1,2.2777777777777777,0.8660684200113815,0.361773981915088,0.8742577364073943,0.809870629974163,FABP3,1
GO:1901072,glucosamine-containing compound catabolic process,1/828,10/18860,0.1,2.2777777777777777,0.8660684200113815,0.361773981915088,0.8742577364073943,0.809870629974163,CHIA,1
GO:1901750,leukotriene D4 biosynthetic process,1/828,10/18860,0.1,2.2777777777777777,0.8660684200113815,0.361773981915088,0.8742577364073943,0.809870629974163,GGT7,1
GO:1902510,regulation of apoptotic DNA fragmentation,1/828,10/18860,0.1,2.2777777777777777,0.8660684200113815,0.361773981915088,0.8742577364073943,0.809870629974163,GATA5,1
GO:1903010,regulation of bone development,1/828,10/18860,0.1,2.2777777777777777,0.8660684200113815,0.361773981915088,0.8742577364073943,0.809870629974163,GHRL,1
GO:1903044,protein localization to membrane raft,1/828,10/18860,0.1,2.2777777777777777,0.8660684200113815,0.361773981915088,0.8742577364073943,0.809870629974163,ZDHHC2,1
GO:1903596,regulation of gap junction assembly,1/828,10/18860,0.1,2.2777777777777777,0.8660684200113815,0.361773981915088,0.8742577364073943,0.809870629974163,IRX3,1
GO:1903624,regulation of DNA catabolic process,1/828,10/18860,0.1,2.2777777777777777,0.8660684200113815,0.361773981915088,0.8742577364073943,0.809870629974163,GATA5,1
GO:1904760,regulation of myofibroblast differentiation,1/828,10/18860,0.1,2.2777777777777777,0.8660684200113815,0.361773981915088,0.8742577364073943,0.809870629974163,PDCD4,1
GO:1905665,positive regulation of calcium ion import across plasma membrane,1/828,10/18860,0.1,2.2777777777777777,0.8660684200113815,0.361773981915088,0.8742577364073943,0.809870629974163,PPP3CC,1
GO:1905770,regulation of mesodermal cell differentiation,1/828,10/18860,0.1,2.2777777777777777,0.8660684200113815,0.361773981915088,0.8742577364073943,0.809870629974163,DKK1,1
GO:1905806,regulation of synapse pruning,1/828,10/18860,0.1,2.2777777777777777,0.8660684200113815,0.361773981915088,0.8742577364073943,0.809870629974163,VANGL2,1
GO:1990144,intrinsic apoptotic signaling pathway in response to hypoxia,1/828,10/18860,0.1,2.2777777777777777,0.8660684200113815,0.361773981915088,0.8742577364073943,0.809870629974163,BNIP3,1
GO:1990859,cellular response to endothelin,1/828,10/18860,0.1,2.2777777777777777,0.8660684200113815,0.361773981915088,0.8742577364073943,0.809870629974163,PRKD1,1
GO:2000311,regulation of AMPA receptor activity,1/828,10/18860,0.1,2.2777777777777777,0.8660684200113815,0.361773981915088,0.8742577364073943,0.809870629974163,CNIH3,1
GO:2000347,positive regulation of hepatocyte proliferation,1/828,10/18860,0.1,2.2777777777777777,0.8660684200113815,0.361773981915088,0.8742577364073943,0.809870629974163,HPN,1
GO:2000563,"positive regulation of CD4-positive, alpha-beta T cell proliferation",1/828,10/18860,0.1,2.2777777777777777,0.8660684200113815,0.361773981915088,0.8742577364073943,0.809870629974163,CD3E,1
GO:2001054,negative regulation of mesenchymal cell apoptotic process,1/828,10/18860,0.1,2.2777777777777777,0.8660684200113815,0.361773981915088,0.8742577364073943,0.809870629974163,GDF5,1
GO:0001825,blastocyst formation,3/828,49/18860,0.061224489795918366,1.3945578231292517,0.592591348060606,0.3650993933023502,0.8742577364073943,0.809870629974163,ADA/MXI1/PRICKLE2,3
GO:0002209,behavioral defense response,3/828,49/18860,0.061224489795918366,1.3945578231292517,0.592591348060606,0.3650993933023502,0.8742577364073943,0.809870629974163,DEAF1/PDE8B/SLITRK4,3
GO:0048512,circadian behavior,3/828,49/18860,0.061224489795918366,1.3945578231292517,0.592591348060606,0.3650993933023502,0.8742577364073943,0.809870629974163,GHRL/ADA/GABRB3,3
GO:0072583,clathrin-dependent endocytosis,3/828,49/18860,0.061224489795918366,1.3945578231292517,0.592591348060606,0.3650993933023502,0.8742577364073943,0.809870629974163,DNAJC6/DGKD/HIP1R,3
GO:1902108,regulation of mitochondrial membrane permeability involved in apoptotic process,3/828,49/18860,0.061224489795918366,1.3945578231292517,0.592591348060606,0.3650993933023502,0.8742577364073943,0.809870629974163,HIP1R/BNIP3/BCL2L11,3
GO:1905145,cellular response to acetylcholine,3/828,49/18860,0.061224489795918366,1.3945578231292517,0.592591348060606,0.3650993933023502,0.8742577364073943,0.809870629974163,CHRM3/CHRM2/LY6H,3
GO:1905710,positive regulation of membrane permeability,3/828,49/18860,0.061224489795918366,1.3945578231292517,0.592591348060606,0.3650993933023502,0.8742577364073943,0.809870629974163,HIP1R/BNIP3/BCL2L11,3
GO:0001573,ganglioside metabolic process,2/828,29/18860,0.06896551724137931,1.5708812260536398,0.6592659073544606,0.3658674272382739,0.8742577364073943,0.809870629974163,ST3GAL1/ABCA2,2
GO:0001963,"synaptic transmission, dopaminergic",2/828,29/18860,0.06896551724137931,1.5708812260536398,0.6592659073544606,0.3658674272382739,0.8742577364073943,0.809870629974163,DRD5/SLC6A2,2
GO:0002052,positive regulation of neuroblast proliferation,2/828,29/18860,0.06896551724137931,1.5708812260536398,0.6592659073544606,0.3658674272382739,0.8742577364073943,0.809870629974163,SMARCD3/ID4,2
GO:0006929,substrate-dependent cell migration,2/828,29/18860,0.06896551724137931,1.5708812260536398,0.6592659073544606,0.3658674272382739,0.8742577364073943,0.809870629974163,NTN1/FBLN1,2
GO:0007141,male meiosis I,2/828,29/18860,0.06896551724137931,1.5708812260536398,0.6592659073544606,0.3658674272382739,0.8742577364073943,0.809870629974163,REC8/TDRD9,2
GO:0009648,photoperiodism,2/828,29/18860,0.06896551724137931,1.5708812260536398,0.6592659073544606,0.3658674272382739,0.8742577364073943,0.809870629974163,CRTC1/NPY,2
GO:0010971,positive regulation of G2/M transition of mitotic cell cycle,2/828,29/18860,0.06896551724137931,1.5708812260536398,0.6592659073544606,0.3658674272382739,0.8742577364073943,0.809870629974163,SMARCD3/BRD4,2
GO:0019359,nicotinamide nucleotide biosynthetic process,2/828,29/18860,0.06896551724137931,1.5708812260536398,0.6592659073544606,0.3658674272382739,0.8742577364073943,0.809870629974163,IDH2/SLC22A13,2
GO:0019363,pyridine nucleotide biosynthetic process,2/828,29/18860,0.06896551724137931,1.5708812260536398,0.6592659073544606,0.3658674272382739,0.8742577364073943,0.809870629974163,IDH2/SLC22A13,2
GO:0021895,cerebral cortex neuron differentiation,2/828,29/18860,0.06896551724137931,1.5708812260536398,0.6592659073544606,0.3658674272382739,0.8742577364073943,0.809870629974163,TOX/ID4,2
GO:0021952,central nervous system projection neuron axonogenesis,2/828,29/18860,0.06896551724137931,1.5708812260536398,0.6592659073544606,0.3658674272382739,0.8742577364073943,0.809870629974163,EPHB3/NIN,2
GO:0035116,embryonic hindlimb morphogenesis,2/828,29/18860,0.06896551724137931,1.5708812260536398,0.6592659073544606,0.3658674272382739,0.8742577364073943,0.809870629974163,GPC3/ZBTB16,2
GO:0043921,host-mediated perturbation of viral transcription,2/828,29/18860,0.06896551724137931,1.5708812260536398,0.6592659073544606,0.3658674272382739,0.8742577364073943,0.809870629974163,HPN/BRD4,2
GO:0045717,negative regulation of fatty acid biosynthetic process,2/828,29/18860,0.06896551724137931,1.5708812260536398,0.6592659073544606,0.3658674272382739,0.8742577364073943,0.809870629974163,ACADL/INSIG1,2
GO:0032869,cellular response to insulin stimulus,11/828,219/18860,0.0502283105022831,1.1440892947742263,0.45959121565662353,0.36744044791861735,0.8742577364073943,0.809870629974163,IGF1R/GHR/ECHDC3/SLC2A4/HDAC5/TBC1D4/PLA2G1B/SLC22A12/SORBS1/FFAR3/INSIG1,11
GO:0001708,cell fate specification,6/828,112/18860,0.05357142857142857,1.2202380952380951,0.5009294103527533,0.36906338574762976,0.8742577364073943,0.809870629974163,CHD3/APC2/FOXA1/SOX2/SIX1/DKK1,6
GO:0050879,multicellular organismal movement,4/828,70/18860,0.05714285714285714,1.3015873015873016,0.5416905144952294,0.3695039390978432,0.8742577364073943,0.809870629974163,GSTM2/DMD/PRKD1/ATP8A2,4
GO:0003407,neural retina development,5/828,91/18860,0.054945054945054944,1.2515262515262515,0.5153900108406336,0.3701316128137432,0.8742577364073943,0.809870629974163,SMARCD3/PTPRM/PTF1A/TFAP2B/ATP8A2,5
GO:0045927,positive regulation of growth,13/828,263/18860,0.049429657794676805,1.1258977608787495,0.44058223748895775,0.3707065613867298,0.8742577364073943,0.809870629974163,GHR/ERBB4/GHRL/EGFR/HPN/NEDD4L/ZFYVE27/GATA6/CACNA2D2/F2/NTN1/EDN1/ATP8A2,13
GO:1901136,carbohydrate derivative catabolic process,13/828,263/18860,0.049429657794676805,1.1258977608787495,0.44058223748895775,0.3707065613867298,0.8742577364073943,0.809870629974163,CHIA/PDE8B/IDUA/PRKAA2/ALDH1A1/NUPR1/ENPP4/GALT/ADA/NT5M/FBXO27/PGAM2/STAB2,13
GO:1905037,autophagosome organization,8/828,155/18860,0.05161290322580645,1.1756272401433692,0.47046944042884,0.37140437794681386,0.8742577364073943,0.809870629974163,STX12/TBC1D14/GABARAPL1/BNIP3/ULK1/ULK2/NUPR1/ATG9B,8
GO:0022411,cellular component disassembly,23/828,483/18860,0.047619047619047616,1.0846560846560847,0.40387501345114685,0.3741190391829646,0.8742577364073943,0.809870629974163,SMARCD3/FGF13/IGF1R/GABARAPL1/DNAJC6/LAMP2/EIF5A2/HPN/BNIP3/APC2/PRKAA2/PBXIP1/ABCC8/MMP19/NES/VANGL2/TGFB3/LMOD2/GATA5/TIMP3/ADRB2/DKK1/PRSS1,23
GO:0006816,calcium ion transport,21/828,439/18860,0.04783599088838269,1.0895975702353835,0.4070281448327914,0.37434566588279916,0.8742577364073943,0.809870629974163,TMEM37/CACNA2D3/GSTM2/DMD/HOMER2/PLCL1/RYR2/PPP3CC/PRKD1/PLA2G1B/CACNA2D2/CACHD1/NALCN/F2/SLC8A2/RAMP1/PACSIN3/EDN1/TRPV6/KCNJ8/CAMK2B,21
GO:0007218,neuropeptide signaling pathway,6/828,113/18860,0.05309734513274336,1.2094395280235988,0.4785028533598013,0.3769617909661287,0.8742577364073943,0.809870629974163,CCKBR/PTGDR2/GNAI1/RXFP4/SSTR2/NPY,6
GO:0032355,response to estradiol,6/828,113/18860,0.05309734513274336,1.2094395280235988,0.4785028533598013,0.3769617909661287,0.8742577364073943,0.809870629974163,GHR/IGFBP2/EGFR/FOXA1/SSTR2/POSTN,6
GO:0051091,positive regulation of DNA-binding transcription factor activity,6/828,113/18860,0.05309734513274336,1.2094395280235988,0.4785028533598013,0.3769617909661287,0.8742577364073943,0.809870629974163,CRTC1/PRKD1/KIT/RAB7B/FOXA1/ADCY1,6
GO:0002920,regulation of humoral immune response,3/828,50/18860,0.06,1.3666666666666665,0.5563070761324238,0.3771796800324413,0.8742577364073943,0.809870629974163,SUSD4/GATA6/PGC,3
GO:0032365,intracellular lipid transport,3/828,50/18860,0.06,1.3666666666666665,0.5563070761324238,0.3771796800324413,0.8742577364073943,0.809870629974163,FABP3/ABCA2/GRAMD1A,3
GO:0035850,epithelial cell differentiation involved in kidney development,3/828,50/18860,0.06,1.3666666666666665,0.5563070761324238,0.3771796800324413,0.8742577364073943,0.809870629974163,NPHS1/LAMB2/EDN1,3
GO:0043029,T cell homeostasis,3/828,50/18860,0.06,1.3666666666666665,0.5563070761324238,0.3771796800324413,0.8742577364073943,0.809870629974163,CHST3/TSC22D3/BCL2L11,3
GO:0045747,positive regulation of Notch signaling pathway,3/828,50/18860,0.06,1.3666666666666665,0.5563070761324238,0.3771796800324413,0.8742577364073943,0.809870629974163,ZMIZ1/KIT/GATA5,3
GO:0061028,establishment of endothelial barrier,3/828,50/18860,0.06,1.3666666666666665,0.5563070761324238,0.3771796800324413,0.8742577364073943,0.809870629974163,PTPRS/PROC/S1PR3,3
GO:2000785,regulation of autophagosome assembly,3/828,50/18860,0.06,1.3666666666666665,0.5563070761324238,0.3771796800324413,0.8742577364073943,0.809870629974163,TBC1D14/ULK1/NUPR1,3
GO:1905039,carboxylic acid transmembrane transport,8/828,156/18860,0.05128205128205128,1.168091168091168,0.4517441078756123,0.3781059208238621,0.8742577364073943,0.809870629974163,SLC26A7/SLC16A7/SLC1A2/SLC13A3/ABCC5/SLC16A10/KCNJ10/SLC6A5,8
GO:0006695,cholesterol biosynthetic process,4/828,71/18860,0.056338028169014086,1.2832550860719876,0.5123982138181042,0.37956707741514595,0.8742577364073943,0.809870629974163,TM7SF2/PRKAA2/GNAI1/INSIG1,4
GO:0045668,negative regulation of osteoblast differentiation,4/828,71/18860,0.056338028169014086,1.2832550860719876,0.5123982138181042,0.37956707741514595,0.8742577364073943,0.809870629974163,RANBP3L/IGFBP2/CDK6/IGFBP5,4
GO:0061462,protein localization to lysosome,4/828,71/18860,0.056338028169014086,1.2832550860719876,0.5123982138181042,0.37956707741514595,0.8742577364073943,0.809870629974163,GPR155/LAMP2/PRKAA2/RNF152,4
GO:0070301,cellular response to hydrogen peroxide,4/828,71/18860,0.056338028169014086,1.2832550860719876,0.5123982138181042,0.37956707741514595,0.8742577364073943,0.809870629974163,PDGFD/BNIP3/GATA5/EDN1,4
GO:0097192,extrinsic apoptotic signaling pathway in absence of ligand,4/828,71/18860,0.056338028169014086,1.2832550860719876,0.5123982138181042,0.37956707741514595,0.8742577364073943,0.809870629974163,COL2A1/BCL2L11/KITLG/RET,4
GO:1902653,secondary alcohol biosynthetic process,4/828,71/18860,0.056338028169014086,1.2832550860719876,0.5123982138181042,0.37956707741514595,0.8742577364073943,0.809870629974163,TM7SF2/PRKAA2/GNAI1/INSIG1,4
GO:1904262,negative regulation of TORC1 signaling,4/828,71/18860,0.056338028169014086,1.2832550860719876,0.5123982138181042,0.37956707741514595,0.8742577364073943,0.809870629974163,GPR155/PRKAA2/RNF152/PRKACB,4
GO:2000379,positive regulation of reactive oxygen species metabolic process,4/828,71/18860,0.056338028169014086,1.2832550860719876,0.5123982138181042,0.37956707741514595,0.8742577364073943,0.809870629974163,DCXR/NNT/F2/DUOXA1,4
GO:0071695,anatomical structure maturation,14/828,287/18860,0.04878048780487805,1.1111111111111112,0.4064526494726771,0.38167658997605214,0.8742577364073943,0.809870629974163,REC8/HBZ/PLD6/NTN4/FOXA1/RET/ZBTB16/PTH1R/PTPRN/EDN1/ZAR1/ZAR1L/SRRM4/DEFB1,14
GO:0000272,polysaccharide catabolic process,2/828,30/18860,0.06666666666666667,1.5185185185185184,0.609049075317611,0.3817831299400821,0.8742577364073943,0.809870629974163,CHIA/GABARAPL1,2
GO:0006359,regulation of transcription by RNA polymerase III,2/828,30/18860,0.06666666666666667,1.5185185185185184,0.609049075317611,0.3817831299400821,0.8742577364073943,0.809870629974163,AR/ZNF345,2
GO:0006656,phosphatidylcholine biosynthetic process,2/828,30/18860,0.06666666666666667,1.5185185185185184,0.609049075317611,0.3817831299400821,0.8742577364073943,0.809870629974163,FABP3/PRKAA2,2
GO:0007039,protein catabolic process in the vacuole,2/828,30/18860,0.06666666666666667,1.5185185185185184,0.609049075317611,0.3817831299400821,0.8742577364073943,0.809870629974163,LAMP2/CPA2,2
GO:0009264,deoxyribonucleotide catabolic process,2/828,30/18860,0.06666666666666667,1.5185185185185184,0.609049075317611,0.3817831299400821,0.8742577364073943,0.809870629974163,ADA/NT5M,2
GO:0010447,response to acidic pH,2/828,30/18860,0.06666666666666667,1.5185185185185184,0.609049075317611,0.3817831299400821,0.8742577364073943,0.809870629974163,SCNN1B/SCNN1G,2
GO:0010758,regulation of macrophage chemotaxis,2/828,30/18860,0.06666666666666667,1.5185185185185184,0.609049075317611,0.3817831299400821,0.8742577364073943,0.809870629974163,C5/CXCL17,2
GO:0031579,membrane raft organization,2/828,30/18860,0.06666666666666667,1.5185185185185184,0.609049075317611,0.3817831299400821,0.8742577364073943,0.809870629974163,COLEC12/MAL,2
GO:0035357,peroxisome proliferator activated receptor signaling pathway,2/828,30/18860,0.06666666666666667,1.5185185185185184,0.609049075317611,0.3817831299400821,0.8742577364073943,0.809870629974163,PLIN5/ALOX15B,2
GO:0042059,negative regulation of epidermal growth factor receptor signaling pathway,2/828,30/18860,0.06666666666666667,1.5185185185185184,0.609049075317611,0.3817831299400821,0.8742577364073943,0.809870629974163,SH3GL2/EGFR,2
GO:0046386,deoxyribose phosphate catabolic process,2/828,30/18860,0.06666666666666667,1.5185185185185184,0.609049075317611,0.3817831299400821,0.8742577364073943,0.809870629974163,ADA/NT5M,2
GO:0046685,response to arsenic-containing substance,2/828,30/18860,0.06666666666666667,1.5185185185185184,0.609049075317611,0.3817831299400821,0.8742577364073943,0.809870629974163,ALAD/NEFL,2
GO:0050951,sensory perception of temperature stimulus,2/828,30/18860,0.06666666666666667,1.5185185185185184,0.609049075317611,0.3817831299400821,0.8742577364073943,0.809870629974163,TAC4/OPN4,2
GO:0060479,lung cell differentiation,2/828,30/18860,0.06666666666666667,1.5185185185185184,0.609049075317611,0.3817831299400821,0.8742577364073943,0.809870629974163,GATA6/FOXA1,2
GO:0060487,lung epithelial cell differentiation,2/828,30/18860,0.06666666666666667,1.5185185185185184,0.609049075317611,0.3817831299400821,0.8742577364073943,0.809870629974163,GATA6/FOXA1,2
GO:0061484,hematopoietic stem cell homeostasis,2/828,30/18860,0.06666666666666667,1.5185185185185184,0.609049075317611,0.3817831299400821,0.8742577364073943,0.809870629974163,ARMCX1/GLIS2,2
GO:0071467,cellular response to pH,2/828,30/18860,0.06666666666666667,1.5185185185185184,0.609049075317611,0.3817831299400821,0.8742577364073943,0.809870629974163,SCNN1B/SCNN1G,2
GO:0072012,glomerulus vasculature development,2/828,30/18860,0.06666666666666667,1.5185185185185184,0.609049075317611,0.3817831299400821,0.8742577364073943,0.809870629974163,PDGFD/EDN1,2
GO:0090092,regulation of transmembrane receptor protein serine/threonine kinase signaling pathway,16/828,331/18860,0.04833836858006042,1.1010406176569318,0.397407947386549,0.3824848526366639,0.8742577364073943,0.809870629974163,GDF5/GPR155/FOLR1/ACVR2B/RBPMS2/TGFB1I1/GPC3/GREM2/BMPER/CHST11/FST/TGFB3/TFAP2B/SOSTDC1/DAND5/DKK1,16
GO:0050679,positive regulation of epithelial cell proliferation,11/828,222/18860,0.04954954954954955,1.1286286286286287,0.4131112502453296,0.38429330236950093,0.8742577364073943,0.809870629974163,PDCD6/VEGFB/ERBB4/GHRL/EGFR/HPN/AR/CYP7B1/PRKD1/ODAM/PTPRN,11
GO:0030534,adult behavior,8/828,157/18860,0.050955414012738856,1.1606510969568296,0.43314213603152785,0.3848146969241718,0.8742577364073943,0.809870629974163,SLC1A2/GHRL/GABRG2/RNF180/HOMER2/SEZ6L2/KCNJ10/NPY,8
GO:0003279,cardiac septum development,6/828,114/18860,0.05263157894736842,1.198830409356725,0.45628214579361387,0.38486350819407056,0.8742577364073943,0.809870629974163,GATA6/ADAMTS19/PTK7/VANGL2/DAND5/KCNJ8,6
GO:0030901,midbrain development,5/828,93/18860,0.053763440860215055,1.2246117084826762,0.4652956451436883,0.3877138812260589,0.8742577364073943,0.809870629974163,CKB/INA/SYPL2/S100A1/DKK1,5
GO:0032456,endocytic recycling,5/828,93/18860,0.053763440860215055,1.2246117084826762,0.4652956451436883,0.3877138812260589,0.8742577364073943,0.809870629974163,STX12/ZDHHC2/RAB17/MICALL1/ANKRD50,5
GO:0002269,leukocyte activation involved in inflammatory response,3/828,51/18860,0.058823529411764705,1.3398692810457518,0.5207948691622973,0.38921139835828067,0.8742577364073943,0.809870629974163,IL33/SCNN1B/KCNJ8,3
GO:0008206,bile acid metabolic process,3/828,51/18860,0.058823529411764705,1.3398692810457518,0.5207948691622973,0.38921139835828067,0.8742577364073943,0.809870629974163,CYP7B1/SULT2A1/KIT,3
GO:0043368,positive T cell selection,3/828,51/18860,0.058823529411764705,1.3398692810457518,0.5207948691622973,0.38921139835828067,0.8742577364073943,0.809870629974163,CD3E/TOX/BRD4,3
GO:0045948,positive regulation of translational initiation,3/828,51/18860,0.058823529411764705,1.3398692810457518,0.5207948691622973,0.38921139835828067,0.8742577364073943,0.809870629974163,GPR155/PRKAA2/RNF152,3
GO:0070296,sarcoplasmic reticulum calcium ion transport,3/828,51/18860,0.058823529411764705,1.3398692810457518,0.5207948691622973,0.38921139835828067,0.8742577364073943,0.809870629974163,GSTM2/DMD/RYR2,3
GO:2000300,regulation of synaptic vesicle exocytosis,3/828,51/18860,0.058823529411764705,1.3398692810457518,0.5207948691622973,0.38921139835828067,0.8742577364073943,0.809870629974163,RIMS4/RIMS3/NPY,3
GO:0030032,lamellipodium assembly,4/828,72/18860,0.05555555555555555,1.2654320987654322,0.48353950636512566,0.38961338413308977,0.8742577364073943,0.809870629974163,WASF3/KIT/VAV3/HRG,4
GO:0042058,regulation of epidermal growth factor receptor signaling pathway,4/828,72/18860,0.05555555555555555,1.2654320987654322,0.48353950636512566,0.38961338413308977,0.8742577364073943,0.809870629974163,SH3GL2/DGKD/HIP1R/EGFR,4
GO:0060042,retina morphogenesis in camera-type eye,4/828,72/18860,0.05555555555555555,1.2654320987654322,0.48353950636512566,0.38961338413308977,0.8742577364073943,0.809870629974163,PTPRM/PTF1A/TFAP2B/ATP8A2,4
GO:0002317,plasma cell differentiation,1/828,11/18860,0.09090909090909091,2.0707070707070705,0.7611590323367644,0.3898085253089504,0.8742577364073943,0.809870629974163,ITM2A,1
GO:0002361,"CD4-positive, CD25-positive, alpha-beta regulatory T cell differentiation",1/828,11/18860,0.09090909090909091,2.0707070707070705,0.7611590323367644,0.3898085253089504,0.8742577364073943,0.809870629974163,TOX,1
GO:0002732,positive regulation of dendritic cell cytokine production,1/828,11/18860,0.09090909090909091,2.0707070707070705,0.7611590323367644,0.3898085253089504,0.8742577364073943,0.809870629974163,KIT,1
GO:0002775,antimicrobial peptide production,1/828,11/18860,0.09090909090909091,2.0707070707070705,0.7611590323367644,0.3898085253089504,0.8742577364073943,0.809870629974163,PGC,1
GO:0002826,negative regulation of T-helper 1 type immune response,1/828,11/18860,0.09090909090909091,2.0707070707070705,0.7611590323367644,0.3898085253089504,0.8742577364073943,0.809870629974163,IL33,1
GO:0003093,regulation of glomerular filtration,1/828,11/18860,0.09090909090909091,2.0707070707070705,0.7611590323367644,0.3898085253089504,0.8742577364073943,0.809870629974163,TTR,1
GO:0003139,secondary heart field specification,1/828,11/18860,0.09090909090909091,2.0707070707070705,0.7611590323367644,0.3898085253089504,0.8742577364073943,0.809870629974163,SMARCD3,1
GO:0003263,cardioblast proliferation,1/828,11/18860,0.09090909090909091,2.0707070707070705,0.7611590323367644,0.3898085253089504,0.8742577364073943,0.809870629974163,SIX1,1
GO:0003264,regulation of cardioblast proliferation,1/828,11/18860,0.09090909090909091,2.0707070707070705,0.7611590323367644,0.3898085253089504,0.8742577364073943,0.809870629974163,SIX1,1
GO:0003357,noradrenergic neuron differentiation,1/828,11/18860,0.09090909090909091,2.0707070707070705,0.7611590323367644,0.3898085253089504,0.8742577364073943,0.809870629974163,EDN1,1
GO:0006171,cAMP biosynthetic process,1/828,11/18860,0.09090909090909091,2.0707070707070705,0.7611590323367644,0.3898085253089504,0.8742577364073943,0.809870629974163,ADCY1,1
GO:0006751,glutathione catabolic process,1/828,11/18860,0.09090909090909091,2.0707070707070705,0.7611590323367644,0.3898085253089504,0.8742577364073943,0.809870629974163,GGT7,1
GO:0007191,adenylate cyclase-activating dopamine receptor signaling pathway,1/828,11/18860,0.09090909090909091,2.0707070707070705,0.7611590323367644,0.3898085253089504,0.8742577364073943,0.809870629974163,DRD5,1
GO:0007440,foregut morphogenesis,1/828,11/18860,0.09090909090909091,2.0707070707070705,0.7611590323367644,0.3898085253089504,0.8742577364073943,0.809870629974163,ACVR2B,1
GO:0007494,midgut development,1/828,11/18860,0.09090909090909091,2.0707070707070705,0.7611590323367644,0.3898085253089504,0.8742577364073943,0.809870629974163,RET,1
GO:0009128,purine nucleoside monophosphate catabolic process,1/828,11/18860,0.09090909090909091,2.0707070707070705,0.7611590323367644,0.3898085253089504,0.8742577364073943,0.809870629974163,ADA,1
GO:0009396,folic acid-containing compound biosynthetic process,1/828,11/18860,0.09090909090909091,2.0707070707070705,0.7611590323367644,0.3898085253089504,0.8742577364073943,0.809870629974163,FOLR1,1
GO:0010248,establishment or maintenance of transmembrane electrochemical gradient,1/828,11/18860,0.09090909090909091,2.0707070707070705,0.7611590323367644,0.3898085253089504,0.8742577364073943,0.809870629974163,ATP4A,1
GO:0010269,response to selenium ion,1/828,11/18860,0.09090909090909091,2.0707070707070705,0.7611590323367644,0.3898085253089504,0.8742577364073943,0.809870629974163,ALAD,1
GO:0010716,negative regulation of extracellular matrix disassembly,1/828,11/18860,0.09090909090909091,2.0707070707070705,0.7611590323367644,0.3898085253089504,0.8742577364073943,0.809870629974163,TIMP3,1
GO:0015840,urea transport,1/828,11/18860,0.09090909090909091,2.0707070707070705,0.7611590323367644,0.3898085253089504,0.8742577364073943,0.809870629974163,SLC14A2,1
GO:0015871,choline transport,1/828,11/18860,0.09090909090909091,2.0707070707070705,0.7611590323367644,0.3898085253089504,0.8742577364073943,0.809870629974163,SLC5A7,1
GO:0016185,synaptic vesicle budding from presynaptic endocytic zone membrane,1/828,11/18860,0.09090909090909091,2.0707070707070705,0.7611590323367644,0.3898085253089504,0.8742577364073943,0.809870629974163,SLC2A4,1
GO:0019227,neuronal action potential propagation,1/828,11/18860,0.09090909090909091,2.0707070707070705,0.7611590323367644,0.3898085253089504,0.8742577364073943,0.809870629974163,CLDN19,1
GO:0019372,lipoxygenase pathway,1/828,11/18860,0.09090909090909091,2.0707070707070705,0.7611590323367644,0.3898085253089504,0.8742577364073943,0.809870629974163,ALOX15B,1
GO:0019614,catechol-containing compound catabolic process,1/828,11/18860,0.09090909090909091,2.0707070707070705,0.7611590323367644,0.3898085253089504,0.8742577364073943,0.809870629974163,PDE1B,1
GO:0019673,GDP-mannose metabolic process,1/828,11/18860,0.09090909090909091,2.0707070707070705,0.7611590323367644,0.3898085253089504,0.8742577364073943,0.809870629974163,PMM1,1
GO:0021561,facial nerve development,1/828,11/18860,0.09090909090909091,2.0707070707070705,0.7611590323367644,0.3898085253089504,0.8742577364073943,0.809870629974163,SIX1,1
GO:0021610,facial nerve morphogenesis,1/828,11/18860,0.09090909090909091,2.0707070707070705,0.7611590323367644,0.3898085253089504,0.8742577364073943,0.809870629974163,SIX1,1
GO:0021860,pyramidal neuron development,1/828,11/18860,0.09090909090909091,2.0707070707070705,0.7611590323367644,0.3898085253089504,0.8742577364073943,0.809870629974163,ZMIZ1,1
GO:0031652,positive regulation of heat generation,1/828,11/18860,0.09090909090909091,2.0707070707070705,0.7611590323367644,0.3898085253089504,0.8742577364073943,0.809870629974163,PTGER3,1
GO:0032380,regulation of intracellular sterol transport,1/828,11/18860,0.09090909090909091,2.0707070707070705,0.7611590323367644,0.3898085253089504,0.8742577364073943,0.809870629974163,ABCA2,1
GO:0032383,regulation of intracellular cholesterol transport,1/828,11/18860,0.09090909090909091,2.0707070707070705,0.7611590323367644,0.3898085253089504,0.8742577364073943,0.809870629974163,ABCA2,1
GO:0032534,regulation of microvillus assembly,1/828,11/18860,0.09090909090909091,2.0707070707070705,0.7611590323367644,0.3898085253089504,0.8742577364073943,0.809870629974163,RAP1GAP,1
GO:0033089,positive regulation of T cell differentiation in thymus,1/828,11/18860,0.09090909090909091,2.0707070707070705,0.7611590323367644,0.3898085253089504,0.8742577364073943,0.809870629974163,ADA,1
GO:0033327,Leydig cell differentiation,1/828,11/18860,0.09090909090909091,2.0707070707070705,0.7611590323367644,0.3898085253089504,0.8742577364073943,0.809870629974163,AR,1
GO:0033504,floor plate development,1/828,11/18860,0.09090909090909091,2.0707070707070705,0.7611590323367644,0.3898085253089504,0.8742577364073943,0.809870629974163,FERD3L,1
GO:0034975,protein folding in endoplasmic reticulum,1/828,11/18860,0.09090909090909091,2.0707070707070705,0.7611590323367644,0.3898085253089504,0.8742577364073943,0.809870629974163,PDIA2,1
GO:0035696,monocyte extravasation,1/828,11/18860,0.09090909090909091,2.0707070707070705,0.7611590323367644,0.3898085253089504,0.8742577364073943,0.809870629974163,PDGFD,1
GO:0035871,protein K11-linked deubiquitination,1/828,11/18860,0.09090909090909091,2.0707070707070705,0.7611590323367644,0.3898085253089504,0.8742577364073943,0.809870629974163,OTUD6A,1
GO:0035878,nail development,1/828,11/18860,0.09090909090909091,2.0707070707070705,0.7611590323367644,0.3898085253089504,0.8742577364073943,0.809870629974163,HOXC13,1
GO:0042118,endothelial cell activation,1/828,11/18860,0.09090909090909091,2.0707070707070705,0.7611590323367644,0.3898085253089504,0.8742577364073943,0.809870629974163,BMPER,1
GO:0042167,heme catabolic process,1/828,11/18860,0.09090909090909091,2.0707070707070705,0.7611590323367644,0.3898085253089504,0.8742577364073943,0.809870629974163,HMOX2,1
GO:0042420,dopamine catabolic process,1/828,11/18860,0.09090909090909091,2.0707070707070705,0.7611590323367644,0.3898085253089504,0.8742577364073943,0.809870629974163,PDE1B,1
GO:0042424,catecholamine catabolic process,1/828,11/18860,0.09090909090909091,2.0707070707070705,0.7611590323367644,0.3898085253089504,0.8742577364073943,0.809870629974163,PDE1B,1
GO:0042451,purine nucleoside biosynthetic process,1/828,11/18860,0.09090909090909091,2.0707070707070705,0.7611590323367644,0.3898085253089504,0.8742577364073943,0.809870629974163,ADA,1
GO:0042455,ribonucleoside biosynthetic process,1/828,11/18860,0.09090909090909091,2.0707070707070705,0.7611590323367644,0.3898085253089504,0.8742577364073943,0.809870629974163,ADA,1
GO:0042487,regulation of odontogenesis of dentin-containing tooth,1/828,11/18860,0.09090909090909091,2.0707070707070705,0.7611590323367644,0.3898085253089504,0.8742577364073943,0.809870629974163,APCDD1,1
GO:0044062,regulation of excretion,1/828,11/18860,0.09090909090909091,2.0707070707070705,0.7611590323367644,0.3898085253089504,0.8742577364073943,0.809870629974163,EDN1,1
GO:0045602,negative regulation of endothelial cell differentiation,1/828,11/18860,0.09090909090909091,2.0707070707070705,0.7611590323367644,0.3898085253089504,0.8742577364073943,0.809870629974163,S1PR3,1
GO:0045654,positive regulation of megakaryocyte differentiation,1/828,11/18860,0.09090909090909091,2.0707070707070705,0.7611590323367644,0.3898085253089504,0.8742577364073943,0.809870629974163,RAB7B,1
GO:0046085,adenosine metabolic process,1/828,11/18860,0.09090909090909091,2.0707070707070705,0.7611590323367644,0.3898085253089504,0.8742577364073943,0.809870629974163,ADA,1
GO:0046129,purine ribonucleoside biosynthetic process,1/828,11/18860,0.09090909090909091,2.0707070707070705,0.7611590323367644,0.3898085253089504,0.8742577364073943,0.809870629974163,ADA,1
GO:0046149,pigment catabolic process,1/828,11/18860,0.09090909090909091,2.0707070707070705,0.7611590323367644,0.3898085253089504,0.8742577364073943,0.809870629974163,HMOX2,1
GO:0046500,S-adenosylmethionine metabolic process,1/828,11/18860,0.09090909090909091,2.0707070707070705,0.7611590323367644,0.3898085253089504,0.8742577364073943,0.809870629974163,GNMT,1
GO:0046501,protoporphyrinogen IX metabolic process,1/828,11/18860,0.09090909090909091,2.0707070707070705,0.7611590323367644,0.3898085253089504,0.8742577364073943,0.809870629974163,ALAD,1
GO:0048733,sebaceous gland development,1/828,11/18860,0.09090909090909091,2.0707070707070705,0.7611590323367644,0.3898085253089504,0.8742577364073943,0.809870629974163,GATA6,1
GO:0048755,branching morphogenesis of a nerve,1/828,11/18860,0.09090909090909091,2.0707070707070705,0.7611590323367644,0.3898085253089504,0.8742577364073943,0.809870629974163,FGF13,1
GO:0048840,otolith development,1/828,11/18860,0.09090909090909091,2.0707070707070705,0.7611590323367644,0.3898085253089504,0.8742577364073943,0.809870629974163,LRIG1,1
GO:0051386,regulation of neurotrophin TRK receptor signaling pathway,1/828,11/18860,0.09090909090909091,2.0707070707070705,0.7611590323367644,0.3898085253089504,0.8742577364073943,0.809870629974163,CYFIP2,1
GO:0060525,prostate glandular acinus development,1/828,11/18860,0.09090909090909091,2.0707070707070705,0.7611590323367644,0.3898085253089504,0.8742577364073943,0.809870629974163,FOXA1,1
GO:0060628,regulation of ER to Golgi vesicle-mediated transport,1/828,11/18860,0.09090909090909091,2.0707070707070705,0.7611590323367644,0.3898085253089504,0.8742577364073943,0.809870629974163,GAS1,1
GO:0060732,positive regulation of inositol phosphate biosynthetic process,1/828,11/18860,0.09090909090909091,2.0707070707070705,0.7611590323367644,0.3898085253089504,0.8742577364073943,0.809870629974163,PTH1R,1
GO:0060767,epithelial cell proliferation involved in prostate gland development,1/828,11/18860,0.09090909090909091,2.0707070707070705,0.7611590323367644,0.3898085253089504,0.8742577364073943,0.809870629974163,AR,1
GO:0060920,cardiac pacemaker cell differentiation,1/828,11/18860,0.09090909090909091,2.0707070707070705,0.7611590323367644,0.3898085253089504,0.8742577364073943,0.809870629974163,KCNJ8,1
GO:0061511,centriole elongation,1/828,11/18860,0.09090909090909091,2.0707070707070705,0.7611590323367644,0.3898085253089504,0.8742577364073943,0.809870629974163,WDR90,1
GO:0062028,regulation of stress granule assembly,1/828,11/18860,0.09090909090909091,2.0707070707070705,0.7611590323367644,0.3898085253089504,0.8742577364073943,0.809870629974163,PRKAA2,1
GO:0070778,L-aspartate transmembrane transport,1/828,11/18860,0.09090909090909091,2.0707070707070705,0.7611590323367644,0.3898085253089504,0.8742577364073943,0.809870629974163,SLC1A2,1
GO:0071073,positive regulation of phospholipid biosynthetic process,1/828,11/18860,0.09090909090909091,2.0707070707070705,0.7611590323367644,0.3898085253089504,0.8742577364073943,0.809870629974163,FABP3,1
GO:0071314,cellular response to cocaine,1/828,11/18860,0.09090909090909091,2.0707070707070705,0.7611590323367644,0.3898085253089504,0.8742577364073943,0.809870629974163,SLC1A2,1
GO:0071377,cellular response to glucagon stimulus,1/828,11/18860,0.09090909090909091,2.0707070707070705,0.7611590323367644,0.3898085253089504,0.8742577364073943,0.809870629974163,FUT1,1
GO:0072124,regulation of glomerular mesangial cell proliferation,1/828,11/18860,0.09090909090909091,2.0707070707070705,0.7611590323367644,0.3898085253089504,0.8742577364073943,0.809870629974163,PDGFD,1
GO:0072178,nephric duct morphogenesis,1/828,11/18860,0.09090909090909091,2.0707070707070705,0.7611590323367644,0.3898085253089504,0.8742577364073943,0.809870629974163,GPC3,1
GO:0086016,AV node cell action potential,1/828,11/18860,0.09090909090909091,2.0707070707070705,0.7611590323367644,0.3898085253089504,0.8742577364073943,0.809870629974163,RYR2,1
GO:0086027,AV node cell to bundle of His cell signaling,1/828,11/18860,0.09090909090909091,2.0707070707070705,0.7611590323367644,0.3898085253089504,0.8742577364073943,0.809870629974163,RYR2,1
GO:0090557,establishment of endothelial intestinal barrier,1/828,11/18860,0.09090909090909091,2.0707070707070705,0.7611590323367644,0.3898085253089504,0.8742577364073943,0.809870629974163,PTPRS,1
GO:0090673,endothelial cell-matrix adhesion,1/828,11/18860,0.09090909090909091,2.0707070707070705,0.7611590323367644,0.3898085253089504,0.8742577364073943,0.809870629974163,FUT1,1
GO:0097267,omega-hydroxylase P450 pathway,1/828,11/18860,0.09090909090909091,2.0707070707070705,0.7611590323367644,0.3898085253089504,0.8742577364073943,0.809870629974163,CYP2C8,1
GO:0098880,maintenance of postsynaptic specialization structure,1/828,11/18860,0.09090909090909091,2.0707070707070705,0.7611590323367644,0.3898085253089504,0.8742577364073943,0.809870629974163,RAPSN,1
GO:0098970,postsynaptic neurotransmitter receptor diffusion trapping,1/828,11/18860,0.09090909090909091,2.0707070707070705,0.7611590323367644,0.3898085253089504,0.8742577364073943,0.809870629974163,ZDHHC2,1
GO:0099519,dense core granule cytoskeletal transport,1/828,11/18860,0.09090909090909091,2.0707070707070705,0.7611590323367644,0.3898085253089504,0.8742577364073943,0.809870629974163,KIF1A,1
GO:0099624,atrial cardiac muscle cell membrane repolarization,1/828,11/18860,0.09090909090909091,2.0707070707070705,0.7611590323367644,0.3898085253089504,0.8742577364073943,0.809870629974163,KCNQ1,1
GO:0099628,neurotransmitter receptor diffusion trapping,1/828,11/18860,0.09090909090909091,2.0707070707070705,0.7611590323367644,0.3898085253089504,0.8742577364073943,0.809870629974163,ZDHHC2,1
GO:1901844,regulation of cell communication by electrical coupling involved in cardiac conduction,1/828,11/18860,0.09090909090909091,2.0707070707070705,0.7611590323367644,0.3898085253089504,0.8742577364073943,0.809870629974163,IRX3,1
GO:1901950,dense core granule transport,1/828,11/18860,0.09090909090909091,2.0707070707070705,0.7611590323367644,0.3898085253089504,0.8742577364073943,0.809870629974163,KIF1A,1
GO:1902237,positive regulation of endoplasmic reticulum stress-induced intrinsic apoptotic signaling pathway,1/828,11/18860,0.09090909090909091,2.0707070707070705,0.7611590323367644,0.3898085253089504,0.8742577364073943,0.809870629974163,BCL2L11,1
GO:1902306,negative regulation of sodium ion transmembrane transport,1/828,11/18860,0.09090909090909091,2.0707070707070705,0.7611590323367644,0.3898085253089504,0.8742577364073943,0.809870629974163,NEDD4L,1
GO:1903689,"regulation of wound healing, spreading of epidermal cells",1/828,11/18860,0.09090909090909091,2.0707070707070705,0.7611590323367644,0.3898085253089504,0.8742577364073943,0.809870629974163,FIGNL2,1
GO:1905383,protein localization to presynapse,1/828,11/18860,0.09090909090909091,2.0707070707070705,0.7611590323367644,0.3898085253089504,0.8742577364073943,0.809870629974163,KIF5C,1
GO:1905461,positive regulation of vascular associated smooth muscle cell apoptotic process,1/828,11/18860,0.09090909090909091,2.0707070707070705,0.7611590323367644,0.3898085253089504,0.8742577364073943,0.809870629974163,PDCD4,1
GO:1990839,response to endothelin,1/828,11/18860,0.09090909090909091,2.0707070707070705,0.7611590323367644,0.3898085253089504,0.8742577364073943,0.809870629974163,PRKD1,1
GO:2000638,regulation of SREBP signaling pathway,1/828,11/18860,0.09090909090909091,2.0707070707070705,0.7611590323367644,0.3898085253089504,0.8742577364073943,0.809870629974163,INSIG1,1
GO:2000672,negative regulation of motor neuron apoptotic process,1/828,11/18860,0.09090909090909091,2.0707070707070705,0.7611590323367644,0.3898085253089504,0.8742577364073943,0.809870629974163,NEFL,1
GO:2000726,negative regulation of cardiac muscle cell differentiation,1/828,11/18860,0.09090909090909091,2.0707070707070705,0.7611590323367644,0.3898085253089504,0.8742577364073943,0.809870629974163,DKK1,1
GO:2001241,positive regulation of extrinsic apoptotic signaling pathway in absence of ligand,1/828,11/18860,0.09090909090909091,2.0707070707070705,0.7611590323367644,0.3898085253089504,0.8742577364073943,0.809870629974163,RET,1
GO:2001280,positive regulation of unsaturated fatty acid biosynthetic process,1/828,11/18860,0.09090909090909091,2.0707070707070705,0.7611590323367644,0.3898085253089504,0.8742577364073943,0.809870629974163,EDN1,1
GO:0051235,maintenance of location,11/828,223/18860,0.04932735426008968,1.1235675137020429,0.397760164484611,0.3899267844768013,0.8742577364073943,0.809870629974163,GSTM2/DMD/DBN1/SYNE1/PLCL1/RYR2/PRKD1/PDIA2/F2/DAND5/INSIG1,11
GO:1900180,regulation of protein localization to nucleus,8/828,158/18860,0.05063291139240506,1.1533052039381153,0.4146617380101896,0.39152868853025596,0.8742577364073943,0.809870629974163,GLUL/NMD3/PRKD1/CWH43/F2/GLIS2/EDN1/CABP1,8
GO:1904375,regulation of protein localization to cell periphery,8/828,158/18860,0.05063291139240506,1.1533052039381153,0.4146617380101896,0.39152868853025596,0.8742577364073943,0.809870629974163,EGFR/AR/ZDHHC2/GNAI1/CACNA2D2/ABCA2/SORBS1/CAMK2B,8
GO:0071560,cellular response to transforming growth factor beta stimulus,15/828,311/18860,0.04823151125401929,1.0986066452304395,0.3757324261461278,0.39170632642416053,0.8742577364073943,0.809870629974163,GDF5/FOLR1/ZMIZ1/PDGFD/SMAD5/TGFB1I1/FMOD/CHST11/SMAD9/GCNT2/TGFB3/DAND5/EDN1/POSTN/AMHR2,15
GO:0015718,monocarboxylic acid transport,9/828,180/18860,0.05,1.1388888888888888,0.40120641593541057,0.3934064882536784,0.8742577364073943,0.809870629974163,SLC26A7/SLC16A7/FABP3/RBP7/PLA2G1B/SLC10A1/EDN1/KCNJ8/SLC22A13,9
GO:0014902,myotube differentiation,7/828,137/18860,0.051094890510948905,1.1638280616382806,0.41239501514439014,0.3960560138425643,0.8742577364073943,0.809870629974163,DNER/NPHS1/NFATC2/HDAC5/SIX4/MYEF2/SIX1,7
GO:0048704,embryonic skeletal system morphogenesis,5/828,94/18860,0.05319148936170213,1.2115839243498818,0.4406697995940262,0.39649556030139566,0.8742577364073943,0.809870629974163,COL2A1/CHST11/SIX4/HOXC4/SIX1,5
GO:0002837,regulation of immune response to tumor cell,2/828,31/18860,0.06451612903225806,1.4695340501792113,0.5606435897094332,0.3975254145250271,0.8742577364073943,0.809870629974163,HRG/SLC22A13,2
GO:0003094,glomerular filtration,2/828,31/18860,0.06451612903225806,1.4695340501792113,0.5606435897094332,0.3975254145250271,0.8742577364073943,0.809870629974163,EDN1/TTR,2
GO:0006505,GPI anchor metabolic process,2/828,31/18860,0.06451612903225806,1.4695340501792113,0.5606435897094332,0.3975254145250271,0.8742577364073943,0.809870629974163,PIGZ/CWH43,2
GO:0006506,GPI anchor biosynthetic process,2/828,31/18860,0.06451612903225806,1.4695340501792113,0.5606435897094332,0.3975254145250271,0.8742577364073943,0.809870629974163,PIGZ/CWH43,2
GO:0007588,excretion,2/828,31/18860,0.06451612903225806,1.4695340501792113,0.5606435897094332,0.3975254145250271,0.8742577364073943,0.809870629974163,SLC22A12/EDN1,2
GO:0010894,negative regulation of steroid biosynthetic process,2/828,31/18860,0.06451612903225806,1.4695340501792113,0.5606435897094332,0.3975254145250271,0.8742577364073943,0.809870629974163,PDE8B/INSIG1,2
GO:0034250,positive regulation of amide metabolic process,2/828,31/18860,0.06451612903225806,1.4695340501792113,0.5606435897094332,0.3975254145250271,0.8742577364073943,0.809870629974163,ABCA2/PLA2G6,2
GO:0034315,regulation of Arp2/3 complex-mediated actin nucleation,2/828,31/18860,0.06451612903225806,1.4695340501792113,0.5606435897094332,0.3975254145250271,0.8742577364073943,0.809870629974163,WASF3/HIP1R,2
GO:0042430,indole-containing compound metabolic process,2/828,31/18860,0.06451612903225806,1.4695340501792113,0.5606435897094332,0.3975254145250271,0.8742577364073943,0.809870629974163,PDE1B/RNF180,2
GO:0046337,phosphatidylethanolamine metabolic process,2/828,31/18860,0.06451612903225806,1.4695340501792113,0.5606435897094332,0.3975254145250271,0.8742577364073943,0.809870629974163,PRKAA2/PLA2G6,2
GO:0048679,regulation of axon regeneration,2/828,31/18860,0.06451612903225806,1.4695340501792113,0.5606435897094332,0.3975254145250271,0.8742577364073943,0.809870629974163,PTPRS/FIGNL2,2
GO:0060402,calcium ion transport into cytosol,2/828,31/18860,0.06451612903225806,1.4695340501792113,0.5606435897094332,0.3975254145250271,0.8742577364073943,0.809870629974163,RYR2/PLA2G1B,2
GO:0090205,positive regulation of cholesterol metabolic process,2/828,31/18860,0.06451612903225806,1.4695340501792113,0.5606435897094332,0.3975254145250271,0.8742577364073943,0.809870629974163,GNAI1/INSIG1,2
GO:0180046,GPI anchored protein biosynthesis,2/828,31/18860,0.06451612903225806,1.4695340501792113,0.5606435897094332,0.3975254145250271,0.8742577364073943,0.809870629974163,PIGZ/CWH43,2
GO:2000191,regulation of fatty acid transport,2/828,31/18860,0.06451612903225806,1.4695340501792113,0.5606435897094332,0.3975254145250271,0.8742577364073943,0.809870629974163,FABP3/EDN1,2
GO:1904888,cranial skeletal system development,4/828,73/18860,0.0547945205479452,1.248097412480974,0.455100692676959,0.39963672116863436,0.8742577364073943,0.809870629974163,CHST11/SIX4/INSIG1/SIX1,4
GO:0043473,pigmentation,6/828,116/18860,0.05172413793103448,1.1781609195402298,0.41244196914644565,0.40066402788270394,0.8742577364073943,0.809870629974163,EDA/RAB17/BCL2L11/KITLG/KIT/MITF,6
GO:0010665,regulation of cardiac muscle cell apoptotic process,3/828,52/18860,0.057692307692307696,1.314102564102564,0.48602028384348306,0.4011849320237396,0.8742577364073943,0.809870629974163,BNIP3/SIRT4/NUPR1,3
GO:0030521,androgen receptor signaling pathway,3/828,52/18860,0.057692307692307696,1.314102564102564,0.48602028384348306,0.4011849320237396,0.8742577364073943,0.809870629974163,ZMIZ1/AR/SCGB2A1,3
GO:0030838,positive regulation of actin filament polymerization,3/828,52/18860,0.057692307692307696,1.314102564102564,0.48602028384348306,0.4011849320237396,0.8742577364073943,0.809870629974163,NPHS1/EVL/LMOD2,3
GO:0089718,amino acid import across plasma membrane,3/828,52/18860,0.057692307692307696,1.314102564102564,0.48602028384348306,0.4011849320237396,0.8742577364073943,0.809870629974163,SLC1A2/KCNJ10/SLC6A5,3
GO:0040013,negative regulation of locomotion,20/828,424/18860,0.04716981132075472,1.0744234800838575,0.33213305628777157,0.4030544466462357,0.8742577364073943,0.809870629974163,ROBO3/PTPRM/ERBB4/GHRL/CLDN19/C5/HDAC5/IL33/APOH/EVL/FIGNL2/ADA/MITF/ABCC8/ALOX15B/IGFBP5/IDH2/ATP1B2/FBLN1/HRG,20
GO:1903825,organic acid transmembrane transport,8/828,160/18860,0.05,1.1388888888888888,0.378058703741366,0.4049643552915442,0.8742577364073943,0.809870629974163,SLC26A7/SLC16A7/SLC1A2/SLC13A3/ABCC5/SLC16A10/KCNJ10/SLC6A5,8
GO:0021766,hippocampus development,5/828,95/18860,0.05263157894736842,1.198830409356725,0.4163157814908801,0.4052652908773682,0.8742577364073943,0.809870629974163,FGF13/PTPRS/CDK6/NEFL/ID4,5
GO:0032007,negative regulation of TOR signaling,5/828,95/18860,0.05263157894736842,1.198830409356725,0.4163157814908801,0.4052652908773682,0.8742577364073943,0.809870629974163,GPR155/PDCD6/PRKAA2/RNF152/PRKACB,5
GO:1904705,regulation of vascular associated smooth muscle cell proliferation,5/828,95/18860,0.05263157894736842,1.198830409356725,0.4163157814908801,0.4052652908773682,0.8742577364073943,0.809870629974163,PDCD4/IGFBP5/EFEMP2/TGFB3/EDN1,5
GO:1901800,positive regulation of proteasomal protein catabolic process,6/828,117/18860,0.05128205128205128,1.168091168091168,0.39081463877528677,0.40855654955139464,0.8742577364073943,0.809870629974163,KCNE2/RNF180/IL33/NUPR1/TRIB2/TF,6
GO:0045123,cellular extravasation,4/828,74/18860,0.05405405405405406,1.2312312312312312,0.4270686988350824,0.40963116400628974,0.8742577364073943,0.809870629974163,PDGFD/FUT9/PRTN3/PLVAP,4
GO:1903052,positive regulation of proteolysis involved in protein catabolic process,7/828,139/18860,0.050359712230215826,1.147082334132694,0.37295457683068356,0.4105281654589592,0.8742577364073943,0.809870629974163,KCNE2/RNF180/IL33/TGFB1I1/NUPR1/TRIB2/TF,7
GO:0045667,regulation of osteoblast differentiation,8/828,161/18860,0.049689440993788817,1.1318150448585231,0.359932678490944,0.41168210688461515,0.8742577364073943,0.809870629974163,RANBP3L/IGFBP2/SMAD5/CDK6/ACVR2B/PRKD1/IGFBP5/SMOC1,8
GO:0048284,organelle fusion,9/828,183/18860,0.04918032786885246,1.1202185792349726,0.3501838602563512,0.4122959297155341,0.8742577364073943,0.809870629974163,STX12/BNIP3/NME3/PLD6/TBC1D4/RAB7B/ERC2/TSNARE1/VAV3,9
GO:0002834,regulation of response to tumor cell,2/828,32/18860,0.0625,1.4236111111111112,0.513916766276233,0.4130788318261145,0.8742577364073943,0.809870629974163,HRG/SLC22A13,2
GO:0003298,physiological muscle hypertrophy,2/828,32/18860,0.0625,1.4236111111111112,0.513916766276233,0.4130788318261145,0.8742577364073943,0.809870629974163,SORBS2/EDN1,2
GO:0003301,physiological cardiac muscle hypertrophy,2/828,32/18860,0.0625,1.4236111111111112,0.513916766276233,0.4130788318261145,0.8742577364073943,0.809870629974163,SORBS2/EDN1,2
GO:0005979,regulation of glycogen biosynthetic process,2/828,32/18860,0.0625,1.4236111111111112,0.513916766276233,0.4130788318261145,0.8742577364073943,0.809870629974163,PPP1R3C/SORBS1,2
GO:0006007,glucose catabolic process,2/828,32/18860,0.0625,1.4236111111111112,0.513916766276233,0.4130788318261145,0.8742577364073943,0.809870629974163,TKTL1/PGAM2,2
GO:0007026,negative regulation of microtubule depolymerization,2/828,32/18860,0.0625,1.4236111111111112,0.513916766276233,0.4130788318261145,0.8742577364073943,0.809870629974163,FGF13/APC2,2
GO:0010039,response to iron ion,2/828,32/18860,0.0625,1.4236111111111112,0.513916766276233,0.4130788318261145,0.8742577364073943,0.809870629974163,ALAD/TF,2
GO:0010962,regulation of glucan biosynthetic process,2/828,32/18860,0.0625,1.4236111111111112,0.513916766276233,0.4130788318261145,0.8742577364073943,0.809870629974163,PPP1R3C/SORBS1,2
GO:0021680,cerebellar Purkinje cell layer development,2/828,32/18860,0.0625,1.4236111111111112,0.513916766276233,0.4130788318261145,0.8742577364073943,0.809870629974163,SEZ6L2/RORA,2
GO:0035590,purinergic nucleotide receptor signaling pathway,2/828,32/18860,0.0625,1.4236111111111112,0.513916766276233,0.4130788318261145,0.8742577364073943,0.809870629974163,P2RY4/ADA,2
GO:0043101,purine-containing compound salvage,2/828,32/18860,0.0625,1.4236111111111112,0.513916766276233,0.4130788318261145,0.8742577364073943,0.809870629974163,ADA/SLC22A13,2
GO:0043373,"CD4-positive, alpha-beta T cell lineage commitment",2/828,32/18860,0.0625,1.4236111111111112,0.513916766276233,0.4130788318261145,0.8742577364073943,0.809870629974163,TOX/BRD4,2
GO:0045742,positive regulation of epidermal growth factor receptor signaling pathway,2/828,32/18860,0.0625,1.4236111111111112,0.513916766276233,0.4130788318261145,0.8742577364073943,0.809870629974163,DGKD/HIP1R,2
GO:0060045,positive regulation of cardiac muscle cell proliferation,2/828,32/18860,0.0625,1.4236111111111112,0.513916766276233,0.4130788318261145,0.8742577364073943,0.809870629974163,ERBB4/GATA6,2
GO:0060295,regulation of cilium movement involved in cell motility,2/828,32/18860,0.0625,1.4236111111111112,0.513916766276233,0.4130788318261145,0.8742577364073943,0.809870629974163,TAC4/DEFB1,2
GO:0061049,cell growth involved in cardiac muscle cell development,2/828,32/18860,0.0625,1.4236111111111112,0.513916766276233,0.4130788318261145,0.8742577364073943,0.809870629974163,SORBS2/EDN1,2
GO:0061437,renal system vasculature development,2/828,32/18860,0.0625,1.4236111111111112,0.513916766276233,0.4130788318261145,0.8742577364073943,0.809870629974163,PDGFD/EDN1,2
GO:0061440,kidney vasculature development,2/828,32/18860,0.0625,1.4236111111111112,0.513916766276233,0.4130788318261145,0.8742577364073943,0.809870629974163,PDGFD/EDN1,2
GO:0072525,pyridine-containing compound biosynthetic process,2/828,32/18860,0.0625,1.4236111111111112,0.513916766276233,0.4130788318261145,0.8742577364073943,0.809870629974163,IDH2/SLC22A13,2
GO:0099560,synaptic membrane adhesion,2/828,32/18860,0.0625,1.4236111111111112,0.513916766276233,0.4130788318261145,0.8742577364073943,0.809870629974163,PTPRS/FLRT3,2
GO:1902019,regulation of cilium-dependent cell motility,2/828,32/18860,0.0625,1.4236111111111112,0.513916766276233,0.4130788318261145,0.8742577364073943,0.809870629974163,TAC4/DEFB1,2
GO:1902751,positive regulation of cell cycle G2/M phase transition,2/828,32/18860,0.0625,1.4236111111111112,0.513916766276233,0.4130788318261145,0.8742577364073943,0.809870629974163,SMARCD3/BRD4,2
GO:0021795,cerebral cortex cell migration,3/828,53/18860,0.05660377358490566,1.289308176100629,0.45195108066826356,0.41309118777353615,0.8742577364073943,0.809870629974163,FGF13/ZMIZ1/EGFR,3
GO:0035987,endodermal cell differentiation,3/828,53/18860,0.05660377358490566,1.289308176100629,0.45195108066826356,0.41309118777353615,0.8742577364073943,0.809870629974163,GATA6/SOX2/DKK1,3
GO:0048013,ephrin receptor signaling pathway,3/828,53/18860,0.05660377358490566,1.289308176100629,0.45195108066826356,0.41309118777353615,0.8742577364073943,0.809870629974163,EPHB3/PAK3/EPHB6,3
GO:0050922,negative regulation of chemotaxis,3/828,53/18860,0.05660377358490566,1.289308176100629,0.45195108066826356,0.41309118777353615,0.8742577364073943,0.809870629974163,ROBO3/C5/HRG,3
GO:1905144,response to acetylcholine,3/828,53/18860,0.05660377358490566,1.289308176100629,0.45195108066826356,0.41309118777353615,0.8742577364073943,0.809870629974163,CHRM3/CHRM2/LY6H,3
GO:0015807,L-amino acid transport,5/828,96/18860,0.052083333333333336,1.1863425925925928,0.39222709125604416,0.4140189725148804,0.8742577364073943,0.809870629974163,SLC1A2/ABCC8/SLC16A10/KCNJ10/KCNJ8,5
GO:0001547,antral ovarian follicle growth,1/828,12/18860,0.08333333333333333,1.898148148148148,0.6668966172919869,0.41661305292549167,0.8742577364073943,0.809870629974163,GAS2,1
GO:0001973,G protein-coupled adenosine receptor signaling pathway,1/828,12/18860,0.08333333333333333,1.898148148148148,0.6668966172919869,0.41661305292549167,0.8742577364073943,0.809870629974163,ADA,1
GO:0002068,glandular epithelial cell development,1/828,12/18860,0.08333333333333333,1.898148148148148,0.6668966172919869,0.41661305292549167,0.8742577364073943,0.809870629974163,SLC9A4,1
GO:0002158,osteoclast proliferation,1/828,12/18860,0.08333333333333333,1.898148148148148,0.6668966172919869,0.41661305292549167,0.8742577364073943,0.809870629974163,NPR3,1
GO:0002638,negative regulation of immunoglobulin production,1/828,12/18860,0.08333333333333333,1.898148148148148,0.6668966172919869,0.41661305292549167,0.8742577364073943,0.809870629974163,IL33,1
GO:0002645,positive regulation of tolerance induction,1/828,12/18860,0.08333333333333333,1.898148148148148,0.6668966172919869,0.41661305292549167,0.8742577364073943,0.809870629974163,CD3E,1
GO:0003163,sinoatrial node development,1/828,12/18860,0.08333333333333333,1.898148148148148,0.6668966172919869,0.41661305292549167,0.8742577364073943,0.809870629974163,GATA6,1
GO:0003207,cardiac chamber formation,1/828,12/18860,0.08333333333333333,1.898148148148148,0.6668966172919869,0.41661305292549167,0.8742577364073943,0.809870629974163,SMARCD3,1
GO:0006646,phosphatidylethanolamine biosynthetic process,1/828,12/18860,0.08333333333333333,1.898148148148148,0.6668966172919869,0.41661305292549167,0.8742577364073943,0.809870629974163,PRKAA2,1
GO:0006863,purine nucleobase transport,1/828,12/18860,0.08333333333333333,1.898148148148148,0.6668966172919869,0.41661305292549167,0.8742577364073943,0.809870629974163,SLC29A1,1
GO:0006995,cellular response to nitrogen starvation,1/828,12/18860,0.08333333333333333,1.898148148148148,0.6668966172919869,0.41661305292549167,0.8742577364073943,0.809870629974163,GABARAPL1,1
GO:0007320,insemination,1/828,12/18860,0.08333333333333333,1.898148148148148,0.6668966172919869,0.41661305292549167,0.8742577364073943,0.809870629974163,SERPINA5,1
GO:0007343,egg activation,1/828,12/18860,0.08333333333333333,1.898148148148148,0.6668966172919869,0.41661305292549167,0.8742577364073943,0.809870629974163,NLRP5,1
GO:0009143,nucleoside triphosphate catabolic process,1/828,12/18860,0.08333333333333333,1.898148148148148,0.6668966172919869,0.41661305292549167,0.8742577364073943,0.809870629974163,ADA,1
GO:0009155,purine deoxyribonucleotide catabolic process,1/828,12/18860,0.08333333333333333,1.898148148148148,0.6668966172919869,0.41661305292549167,0.8742577364073943,0.809870629974163,ADA,1
GO:0009176,pyrimidine deoxyribonucleoside monophosphate metabolic process,1/828,12/18860,0.08333333333333333,1.898148148148148,0.6668966172919869,0.41661305292549167,0.8742577364073943,0.809870629974163,NT5M,1
GO:0009756,carbohydrate mediated signaling,1/828,12/18860,0.08333333333333333,1.898148148148148,0.6668966172919869,0.41661305292549167,0.8742577364073943,0.809870629974163,COLEC12,1
GO:0010936,negative regulation of macrophage cytokine production,1/828,12/18860,0.08333333333333333,1.898148148148148,0.6668966172919869,0.41661305292549167,0.8742577364073943,0.809870629974163,TGFB3,1
GO:0010986,positive regulation of lipoprotein particle clearance,1/828,12/18860,0.08333333333333333,1.898148148148148,0.6668966172919869,0.41661305292549167,0.8742577364073943,0.809870629974163,GPIHBP1,1
GO:0014061,regulation of norepinephrine secretion,1/828,12/18860,0.08333333333333333,1.898148148148148,0.6668966172919869,0.41661305292549167,0.8742577364073943,0.809870629974163,FFAR3,1
GO:0016554,cytidine to uridine editing,1/828,12/18860,0.08333333333333333,1.898148148148148,0.6668966172919869,0.41661305292549167,0.8742577364073943,0.809870629974163,APOBEC2,1
GO:0019732,antifungal humoral response,1/828,12/18860,0.08333333333333333,1.898148148148148,0.6668966172919869,0.41661305292549167,0.8742577364073943,0.809870629974163,NPY,1
GO:0021889,olfactory bulb interneuron differentiation,1/828,12/18860,0.08333333333333333,1.898148148148148,0.6668966172919869,0.41661305292549167,0.8742577364073943,0.809870629974163,ERBB4,1
GO:0030948,negative regulation of vascular endothelial growth factor receptor signaling pathway,1/828,12/18860,0.08333333333333333,1.898148148148148,0.6668966172919869,0.41661305292549167,0.8742577364073943,0.809870629974163,PDCD6,1
GO:0032308,positive regulation of prostaglandin secretion,1/828,12/18860,0.08333333333333333,1.898148148148148,0.6668966172919869,0.41661305292549167,0.8742577364073943,0.809870629974163,EDN1,1
GO:0032377,regulation of intracellular lipid transport,1/828,12/18860,0.08333333333333333,1.898148148148148,0.6668966172919869,0.41661305292549167,0.8742577364073943,0.809870629974163,ABCA2,1
GO:0032754,positive regulation of interleukin-5 production,1/828,12/18860,0.08333333333333333,1.898148148148148,0.6668966172919869,0.41661305292549167,0.8742577364073943,0.809870629974163,IL33,1
GO:0032908,regulation of transforming growth factor beta1 production,1/828,12/18860,0.08333333333333333,1.898148148148148,0.6668966172919869,0.41661305292549167,0.8742577364073943,0.809870629974163,GATA6,1
GO:0033539,fatty acid beta-oxidation using acyl-CoA dehydrogenase,1/828,12/18860,0.08333333333333333,1.898148148148148,0.6668966172919869,0.41661305292549167,0.8742577364073943,0.809870629974163,ACADL,1
GO:0033604,negative regulation of catecholamine secretion,1/828,12/18860,0.08333333333333333,1.898148148148148,0.6668966172919869,0.41661305292549167,0.8742577364073943,0.809870629974163,CHGA,1
GO:0033629,negative regulation of cell adhesion mediated by integrin,1/828,12/18860,0.08333333333333333,1.898148148148148,0.6668966172919869,0.41661305292549167,0.8742577364073943,0.809870629974163,HRG,1
GO:0034214,protein hexamerization,1/828,12/18860,0.08333333333333333,1.898148148148148,0.6668966172919869,0.41661305292549167,0.8742577364073943,0.809870629974163,NME3,1
GO:0034454,microtubule anchoring at centrosome,1/828,12/18860,0.08333333333333333,1.898148148148148,0.6668966172919869,0.41661305292549167,0.8742577364073943,0.809870629974163,NIN,1
GO:0035588,G protein-coupled purinergic receptor signaling pathway,1/828,12/18860,0.08333333333333333,1.898148148148148,0.6668966172919869,0.41661305292549167,0.8742577364073943,0.809870629974163,ADA,1
GO:0035812,renal sodium excretion,1/828,12/18860,0.08333333333333333,1.898148148148148,0.6668966172919869,0.41661305292549167,0.8742577364073943,0.809870629974163,EDN1,1
GO:0038063,collagen-activated tyrosine kinase receptor signaling pathway,1/828,12/18860,0.08333333333333333,1.898148148148148,0.6668966172919869,0.41661305292549167,0.8742577364073943,0.809870629974163,COL4A5,1
GO:0042754,negative regulation of circadian rhythm,1/828,12/18860,0.08333333333333333,1.898148148148148,0.6668966172919869,0.41661305292549167,0.8742577364073943,0.809870629974163,GHRL,1
GO:0043562,cellular response to nitrogen levels,1/828,12/18860,0.08333333333333333,1.898148148148148,0.6668966172919869,0.41661305292549167,0.8742577364073943,0.809870629974163,GABARAPL1,1
GO:0043696,dedifferentiation,1/828,12/18860,0.08333333333333333,1.898148148148148,0.6668966172919869,0.41661305292549167,0.8742577364073943,0.809870629974163,CDK6,1
GO:0043697,cell dedifferentiation,1/828,12/18860,0.08333333333333333,1.898148148148148,0.6668966172919869,0.41661305292549167,0.8742577364073943,0.809870629974163,CDK6,1
GO:0044849,estrous cycle,1/828,12/18860,0.08333333333333333,1.898148148148148,0.6668966172919869,0.41661305292549167,0.8742577364073943,0.809870629974163,CA12,1
GO:0045060,negative thymic T cell selection,1/828,12/18860,0.08333333333333333,1.898148148148148,0.6668966172919869,0.41661305292549167,0.8742577364073943,0.809870629974163,CD3E,1
GO:0045541,negative regulation of cholesterol biosynthetic process,1/828,12/18860,0.08333333333333333,1.898148148148148,0.6668966172919869,0.41661305292549167,0.8742577364073943,0.809870629974163,INSIG1,1
GO:0046415,urate metabolic process,1/828,12/18860,0.08333333333333333,1.898148148148148,0.6668966172919869,0.41661305292549167,0.8742577364073943,0.809870629974163,SLC22A12,1
GO:0051583,dopamine uptake involved in synaptic transmission,1/828,12/18860,0.08333333333333333,1.898148148148148,0.6668966172919869,0.41661305292549167,0.8742577364073943,0.809870629974163,SLC6A2,1
GO:0051798,positive regulation of hair follicle development,1/828,12/18860,0.08333333333333333,1.898148148148148,0.6668966172919869,0.41661305292549167,0.8742577364073943,0.809870629974163,FST,1
GO:0051934,catecholamine uptake involved in synaptic transmission,1/828,12/18860,0.08333333333333333,1.898148148148148,0.6668966172919869,0.41661305292549167,0.8742577364073943,0.809870629974163,SLC6A2,1
GO:0060272,embryonic skeletal joint morphogenesis,1/828,12/18860,0.08333333333333333,1.898148148148148,0.6668966172919869,0.41661305292549167,0.8742577364073943,0.809870629974163,COL2A1,1
GO:0060312,regulation of blood vessel remodeling,1/828,12/18860,0.08333333333333333,1.898148148148148,0.6668966172919869,0.41661305292549167,0.8742577364073943,0.809870629974163,HRG,1
GO:0061140,lung secretory cell differentiation,1/828,12/18860,0.08333333333333333,1.898148148148148,0.6668966172919869,0.41661305292549167,0.8742577364073943,0.809870629974163,GATA6,1
GO:0061723,glycophagy,1/828,12/18860,0.08333333333333333,1.898148148148148,0.6668966172919869,0.41661305292549167,0.8742577364073943,0.809870629974163,GABARAPL1,1
GO:0070099,regulation of chemokine-mediated signaling pathway,1/828,12/18860,0.08333333333333333,1.898148148148148,0.6668966172919869,0.41661305292549167,0.8742577364073943,0.809870629974163,EDN1,1
GO:0070327,thyroid hormone transport,1/828,12/18860,0.08333333333333333,1.898148148148148,0.6668966172919869,0.41661305292549167,0.8742577364073943,0.809870629974163,SLC16A10,1
GO:0070828,heterochromatin organization,1/828,12/18860,0.08333333333333333,1.898148148148148,0.6668966172919869,0.41661305292549167,0.8742577364073943,0.809870629974163,MECOM,1
GO:0071372,cellular response to follicle-stimulating hormone stimulus,1/828,12/18860,0.08333333333333333,1.898148148148148,0.6668966172919869,0.41661305292549167,0.8742577364073943,0.809870629974163,EDN1,1
GO:0072110,glomerular mesangial cell proliferation,1/828,12/18860,0.08333333333333333,1.898148148148148,0.6668966172919869,0.41661305292549167,0.8742577364073943,0.809870629974163,PDGFD,1
GO:0072584,caveolin-mediated endocytosis,1/828,12/18860,0.08333333333333333,1.898148148148148,0.6668966172919869,0.41661305292549167,0.8742577364073943,0.809870629974163,NEDD4L,1
GO:0072697,protein localization to cell cortex,1/828,12/18860,0.08333333333333333,1.898148148148148,0.6668966172919869,0.41661305292549167,0.8742577364073943,0.809870629974163,GNAI1,1
GO:0086015,SA node cell action potential,1/828,12/18860,0.08333333333333333,1.898148148148148,0.6668966172919869,0.41661305292549167,0.8742577364073943,0.809870629974163,RYR2,1
GO:0086018,SA node cell to atrial cardiac muscle cell signaling,1/828,12/18860,0.08333333333333333,1.898148148148148,0.6668966172919869,0.41661305292549167,0.8742577364073943,0.809870629974163,RYR2,1
GO:0090394,negative regulation of excitatory postsynaptic potential,1/828,12/18860,0.08333333333333333,1.898148148148148,0.6668966172919869,0.41661305292549167,0.8742577364073943,0.809870629974163,CELF4,1
GO:0097011,cellular response to granulocyte macrophage colony-stimulating factor stimulus,1/828,12/18860,0.08333333333333333,1.898148148148148,0.6668966172919869,0.41661305292549167,0.8742577364073943,0.809870629974163,PDE1B,1
GO:0097012,response to granulocyte macrophage colony-stimulating factor,1/828,12/18860,0.08333333333333333,1.898148148148148,0.6668966172919869,0.41661305292549167,0.8742577364073943,0.809870629974163,PDE1B,1
GO:0097050,type B pancreatic cell apoptotic process,1/828,12/18860,0.08333333333333333,1.898148148148148,0.6668966172919869,0.41661305292549167,0.8742577364073943,0.809870629974163,RYR2,1
GO:0097250,mitochondrial respirasome assembly,1/828,12/18860,0.08333333333333333,1.898148148148148,0.6668966172919869,0.41661305292549167,0.8742577364073943,0.809870629974163,HIGD1B,1
GO:0098870,action potential propagation,1/828,12/18860,0.08333333333333333,1.898148148148148,0.6668966172919869,0.41661305292549167,0.8742577364073943,0.809870629974163,CLDN19,1
GO:0098911,regulation of ventricular cardiac muscle cell action potential,1/828,12/18860,0.08333333333333333,1.898148148148148,0.6668966172919869,0.41661305292549167,0.8742577364073943,0.809870629974163,RYR2,1
GO:0098953,receptor diffusion trapping,1/828,12/18860,0.08333333333333333,1.898148148148148,0.6668966172919869,0.41661305292549167,0.8742577364073943,0.809870629974163,ZDHHC2,1
GO:0106119,negative regulation of sterol biosynthetic process,1/828,12/18860,0.08333333333333333,1.898148148148148,0.6668966172919869,0.41661305292549167,0.8742577364073943,0.809870629974163,INSIG1,1
GO:0140507,granzyme-mediated programmed cell death signaling pathway,1/828,12/18860,0.08333333333333333,1.898148148148148,0.6668966172919869,0.41661305292549167,0.8742577364073943,0.809870629974163,BNIP3,1
GO:0160257,"complement activation, GZMK pathway",1/828,12/18860,0.08333333333333333,1.898148148148148,0.6668966172919869,0.41661305292549167,0.8742577364073943,0.809870629974163,C5,1
GO:1901678,iron coordination entity transport,1/828,12/18860,0.08333333333333333,1.898148148148148,0.6668966172919869,0.41661305292549167,0.8742577364073943,0.809870629974163,ABCC5,1
GO:1901862,negative regulation of muscle tissue development,1/828,12/18860,0.08333333333333333,1.898148148148148,0.6668966172919869,0.41661305292549167,0.8742577364073943,0.809870629974163,IGFBP5,1
GO:1902043,positive regulation of extrinsic apoptotic signaling pathway via death domain receptors,1/828,12/18860,0.08333333333333333,1.898148148148148,0.6668966172919869,0.41661305292549167,0.8742577364073943,0.809870629974163,MAL,1
GO:1902667,regulation of axon guidance,1/828,12/18860,0.08333333333333333,1.898148148148148,0.6668966172919869,0.41661305292549167,0.8742577364073943,0.809870629974163,ROBO3,1
GO:1902883,negative regulation of response to oxidative stress,1/828,12/18860,0.08333333333333333,1.898148148148148,0.6668966172919869,0.41661305292549167,0.8742577364073943,0.809870629974163,GGT7,1
GO:1903764,regulation of potassium ion export across plasma membrane,1/828,12/18860,0.08333333333333333,1.898148148148148,0.6668966172919869,0.41661305292549167,0.8742577364073943,0.809870629974163,NEDD4L,1
GO:1903911,positive regulation of receptor clustering,1/828,12/18860,0.08333333333333333,1.898148148148148,0.6668966172919869,0.41661305292549167,0.8742577364073943,0.809870629974163,ZDHHC2,1
GO:1904628,cellular response to phorbol 13-acetate 12-myristate,1/828,12/18860,0.08333333333333333,1.898148148148148,0.6668966172919869,0.41661305292549167,0.8742577364073943,0.809870629974163,PRKD1,1
GO:1990034,calcium ion export across plasma membrane,1/828,12/18860,0.08333333333333333,1.898148148148148,0.6668966172919869,0.41661305292549167,0.8742577364073943,0.809870629974163,SLC8A2,1
GO:1990314,cellular response to insulin-like growth factor stimulus,1/828,12/18860,0.08333333333333333,1.898148148148148,0.6668966172919869,0.41661305292549167,0.8742577364073943,0.809870629974163,CACNA2D3,1
GO:2000049,positive regulation of cell-cell adhesion mediated by cadherin,1/828,12/18860,0.08333333333333333,1.898148148148148,0.6668966172919869,0.41661305292549167,0.8742577364073943,0.809870629974163,FOXA1,1
GO:2000321,positive regulation of T-helper 17 cell differentiation,1/828,12/18860,0.08333333333333333,1.898148148148148,0.6668966172919869,0.41661305292549167,0.8742577364073943,0.809870629974163,BRD4,1
GO:2000343,positive regulation of chemokine (C-X-C motif) ligand 2 production,1/828,12/18860,0.08333333333333333,1.898148148148148,0.6668966172919869,0.41661305292549167,0.8742577364073943,0.809870629974163,POSTN,1
GO:2000849,regulation of glucocorticoid secretion,1/828,12/18860,0.08333333333333333,1.898148148148148,0.6668966172919869,0.41661305292549167,0.8742577364073943,0.809870629974163,GHRL,1
GO:2001214,positive regulation of vasculogenesis,1/828,12/18860,0.08333333333333333,1.898148148148148,0.6668966172919869,0.41661305292549167,0.8742577364073943,0.809870629974163,ADM,1
GO:2001223,negative regulation of neuron migration,1/828,12/18860,0.08333333333333333,1.898148148148148,0.6668966172919869,0.41661305292549167,0.8742577364073943,0.809870629974163,ERBB4,1
GO:0009583,detection of light stimulus,4/828,75/18860,0.05333333333333334,1.214814814814815,0.3994310396271453,0.4195910033581125,0.8742577364073943,0.809870629974163,OPN4/OPN1MW/ATP8A2/TTR,4
GO:1902893,regulation of miRNA transcription,4/828,75/18860,0.05333333333333334,1.214814814814815,0.3994310396271453,0.4195910033581125,0.8742577364073943,0.809870629974163,EGFR/AR/FOXA1/ZNF512B,4
GO:1990874,vascular associated smooth muscle cell proliferation,5/828,97/18860,0.05154639175257732,1.1741122565864832,0.36839745507384863,0.4227526143039827,0.8742577364073943,0.809870629974163,PDCD4/IGFBP5/EFEMP2/TGFB3/EDN1,5
GO:0002062,chondrocyte differentiation,6/828,119/18860,0.05042016806722689,1.1484593837535013,0.34812667582801204,0.42431087094542863,0.8742577364073943,0.809870629974163,GDF5/COL2A1/EFEMP1/CHST11/ZBTB16/PTH1R,6
GO:0006672,ceramide metabolic process,6/828,119/18860,0.05042016806722689,1.1484593837535013,0.34812667582801204,0.42431087094542863,0.8742577364073943,0.809870629974163,ST3GAL1/CERS4/ABCA2/PLA2G6/PNPLA1/CYP4F22,6
GO:0007265,Ras protein signal transduction,6/828,119/18860,0.05042016806722689,1.1484593837535013,0.34812667582801204,0.42431087094542863,0.8742577364073943,0.809870629974163,RAPGEF4/RGL3/KITLG/MRAS/SYDE1/NTN1,6
GO:0003044,regulation of systemic arterial blood pressure mediated by a chemical signal,3/828,54/18860,0.05555555555555555,1.2654320987654322,0.4185570432135325,0.42492158615182174,0.8742577364073943,0.809870629974163,DRD5/EDN1/ADRB2,3
GO:0006220,pyrimidine nucleotide metabolic process,3/828,54/18860,0.05555555555555555,1.2654320987654322,0.4185570432135325,0.42492158615182174,0.8742577364073943,0.809870629974163,NME9/NME3/NT5M,3
GO:0007129,homologous chromosome pairing at meiosis,3/828,54/18860,0.05555555555555555,1.2654320987654322,0.4185570432135325,0.42492158615182174,0.8742577364073943,0.809870629974163,REC8/ZCWPW1/SYCP2,3
GO:0042596,fear response,3/828,54/18860,0.05555555555555555,1.2654320987654322,0.4185570432135325,0.42492158615182174,0.8742577364073943,0.809870629974163,DEAF1/PDE8B/SLITRK4,3
GO:0043303,mast cell degranulation,3/828,54/18860,0.05555555555555555,1.2654320987654322,0.4185570432135325,0.42492158615182174,0.8742577364073943,0.809870629974163,KIT/CHGA/SLC18A2,3
GO:0048260,positive regulation of receptor-mediated endocytosis,3/828,54/18860,0.05555555555555555,1.2654320987654322,0.4185570432135325,0.42492158615182174,0.8742577364073943,0.809870629974163,DGKD/APOA5/TF,3
GO:0071559,response to transforming growth factor beta,15/828,318/18860,0.04716981132075472,1.0744234800838575,0.286812315016257,0.42523632371650594,0.8742577364073943,0.809870629974163,GDF5/FOLR1/ZMIZ1/PDGFD/SMAD5/TGFB1I1/FMOD/CHST11/SMAD9/GCNT2/TGFB3/DAND5/EDN1/POSTN/AMHR2,15
GO:0001945,lymph vessel development,2/828,33/18860,0.06060606060606061,1.3804713804713804,0.46874964529095076,0.42842961991820483,0.8742577364073943,0.809870629974163,ACVR2B/CCBE1,2
GO:0006308,DNA catabolic process,2/828,33/18860,0.06060606060606061,1.3804713804713804,0.46874964529095076,0.42842961991820483,0.8742577364073943,0.809870629974163,GATA5/DNASE1,2
GO:0007274,neuromuscular synaptic transmission,2/828,33/18860,0.06060606060606061,1.3804713804713804,0.46874964529095076,0.42842961991820483,0.8742577364073943,0.809870629974163,RAPSN/SLC5A7,2
GO:0009218,pyrimidine ribonucleotide metabolic process,2/828,33/18860,0.06060606060606061,1.3804713804713804,0.46874964529095076,0.42842961991820483,0.8742577364073943,0.809870629974163,NME9/NME3,2
GO:0035767,endothelial cell chemotaxis,2/828,33/18860,0.06060606060606061,1.3804713804713804,0.46874964529095076,0.42842961991820483,0.8742577364073943,0.809870629974163,PRKD1/HRG,2
GO:0048710,regulation of astrocyte differentiation,2/828,33/18860,0.06060606060606061,1.3804713804713804,0.46874964529095076,0.42842961991820483,0.8742577364073943,0.809870629974163,F2/ID4,2
GO:0048799,animal organ maturation,2/828,33/18860,0.06060606060606061,1.3804713804713804,0.46874964529095076,0.42842961991820483,0.8742577364073943,0.809870629974163,RET/ZBTB16,2
GO:0051450,myoblast proliferation,2/828,33/18860,0.06060606060606061,1.3804713804713804,0.46874964529095076,0.42842961991820483,0.8742577364073943,0.809870629974163,GATA6/SIX1,2
GO:0060325,face morphogenesis,2/828,33/18860,0.06060606060606061,1.3804713804713804,0.46874964529095076,0.42842961991820483,0.8742577364073943,0.809870629974163,TGFB3/DKK1,2
GO:0061036,positive regulation of cartilage development,2/828,33/18860,0.06060606060606061,1.3804713804713804,0.46874964529095076,0.42842961991820483,0.8742577364073943,0.809870629974163,GDF5/ZBTB16,2
GO:0070570,regulation of neuron projection regeneration,2/828,33/18860,0.06060606060606061,1.3804713804713804,0.46874964529095076,0.42842961991820483,0.8742577364073943,0.809870629974163,PTPRS/FIGNL2,2
GO:0071295,cellular response to vitamin,2/828,33/18860,0.06060606060606061,1.3804713804713804,0.46874964529095076,0.42842961991820483,0.8742577364073943,0.809870629974163,FOLR1/POSTN,2
GO:0086019,cell-cell signaling involved in cardiac conduction,2/828,33/18860,0.06060606060606061,1.3804713804713804,0.46874964529095076,0.42842961991820483,0.8742577364073943,0.809870629974163,RYR2/KCNQ1,2
GO:0097345,mitochondrial outer membrane permeabilization,2/828,33/18860,0.06060606060606061,1.3804713804713804,0.46874964529095076,0.42842961991820483,0.8742577364073943,0.809870629974163,HIP1R/BNIP3,2
GO:0099174,regulation of presynapse organization,2/828,33/18860,0.06060606060606061,1.3804713804713804,0.46874964529095076,0.42842961991820483,0.8742577364073943,0.809870629974163,CACNA2D3/DKK1,2
GO:1905207,regulation of cardiocyte differentiation,2/828,33/18860,0.06060606060606061,1.3804713804713804,0.46874964529095076,0.42842961991820483,0.8742577364073943,0.809870629974163,EGFR/DKK1,2
GO:2000463,positive regulation of excitatory postsynaptic potential,2/828,33/18860,0.06060606060606061,1.3804713804713804,0.46874964529095076,0.42842961991820483,0.8742577364073943,0.809870629974163,CUX2/ADRB2,2
GO:0045665,negative regulation of neuron differentiation,4/828,76/18860,0.05263157894736842,1.198830409356725,0.3721757843487736,0.4295107462046931,0.8742577364073943,0.809870629974163,RAP1GAP/IRX3/SOX2/ID4,4
GO:0046635,positive regulation of alpha-beta T cell activation,4/828,76/18860,0.05263157894736842,1.198830409356725,0.3721757843487736,0.4295107462046931,0.8742577364073943,0.809870629974163,CD3E/ADA/ZBTB16/BRD4,4
GO:0061614,miRNA transcription,4/828,76/18860,0.05263157894736842,1.198830409356725,0.3721757843487736,0.4295107462046931,0.8742577364073943,0.809870629974163,EGFR/AR/FOXA1/ZNF512B,4
GO:0150116,regulation of cell-substrate junction organization,4/828,76/18860,0.05263157894736842,1.198830409356725,0.3721757843487736,0.4295107462046931,0.8742577364073943,0.809870629974163,WDPCP/HRG/FAM107A/GPM6B,4
GO:0002520,immune system development,10/828,208/18860,0.04807692307692308,1.0950854700854702,0.2954851578764497,0.43037565788653087,0.8742577364073943,0.809870629974163,LRRC17/EPHB3/CD3E/BCL2L11/RORC/ADA/TOX/RET/SIX4/SIX1,10
GO:0000423,mitophagy,5/828,98/18860,0.05102040816326531,1.1621315192743764,0.3448208147378376,0.4314623368639736,0.8742577364073943,0.809870629974163,GABARAPL1/BNIP3/ULK1/ULK2/ATG9B,5
GO:0006163,purine nucleotide metabolic process,21/828,454/18860,0.046255506607929514,1.05359765051395,0.24771169978043953,0.4345591351098899,0.8742577364073943,0.809870629974163,PAPSS1/PDE8B/DCXR/NME9/NME3/PRKAA2/LDHB/NPR3/NUPR1/SULT2A1/NNT/ADA/ALDH1L2/ADCY1/IDH2/RORA/ALDH1L1/PGAM2/GMPR/FMO2/SLC22A13,21
GO:0006826,iron ion transport,3/828,55/18860,0.05454545454545454,1.2424242424242424,0.38580981533862624,0.43666805130917385,0.8742577364073943,0.809870629974163,TF/ABCC5/HEPH,3
GO:0007602,phototransduction,3/828,55/18860,0.05454545454545454,1.2424242424242424,0.38580981533862624,0.43666805130917385,0.8742577364073943,0.809870629974163,OPN4/OPN1MW/TTR,3
GO:0009395,phospholipid catabolic process,3/828,55/18860,0.05454545454545454,1.2424242424242424,0.38580981533862624,0.43666805130917385,0.8742577364073943,0.809870629974163,ANGPTL3/PLA2G6/PNPLA7,3
GO:0010543,regulation of platelet activation,3/828,55/18860,0.05454545454545454,1.2424242424242424,0.38580981533862624,0.43666805130917385,0.8742577364073943,0.809870629974163,CELA2A/F2/HRG,3
GO:0010662,regulation of striated muscle cell apoptotic process,3/828,55/18860,0.05454545454545454,1.2424242424242424,0.38580981533862624,0.43666805130917385,0.8742577364073943,0.809870629974163,BNIP3/SIRT4/NUPR1,3
GO:0031529,ruffle organization,3/828,55/18860,0.05454545454545454,1.2424242424242424,0.38580981533862624,0.43666805130917385,0.8742577364073943,0.809870629974163,ARHGAP24/EVL/WDPCP,3
GO:0032330,regulation of chondrocyte differentiation,3/828,55/18860,0.05454545454545454,1.2424242424242424,0.38580981533862624,0.43666805130917385,0.8742577364073943,0.809870629974163,GDF5/EFEMP1/ZBTB16,3
GO:0032964,collagen biosynthetic process,3/828,55/18860,0.05454545454545454,1.2424242424242424,0.38580981533862624,0.43666805130917385,0.8742577364073943,0.809870629974163,LARP6/F2/TGFB3,3
GO:0042551,neuron maturation,3/828,55/18860,0.05454545454545454,1.2424242424242424,0.38580981533862624,0.43666805130917385,0.8742577364073943,0.809870629974163,NTN4/RET/SRRM4,3
GO:0044546,NLRP3 inflammasome complex assembly,3/828,55/18860,0.05454545454545454,1.2424242424242424,0.38580981533862624,0.43666805130917385,0.8742577364073943,0.809870629974163,LAMP2/PRKD1/KCNJ8,3
GO:0072538,T-helper 17 type immune response,3/828,55/18860,0.05454545454545454,1.2424242424242424,0.38580981533862624,0.43666805130917385,0.8742577364073943,0.809870629974163,RORC/RORA/BRD4,3
GO:0098926,postsynaptic signal transduction,3/828,55/18860,0.05454545454545454,1.2424242424242424,0.38580981533862624,0.43666805130917385,0.8742577364073943,0.809870629974163,CHRM3/CHRM2/LY6H,3
GO:2001222,regulation of neuron migration,3/828,55/18860,0.05454545454545454,1.2424242424242424,0.38580981533862624,0.43666805130917385,0.8742577364073943,0.809870629974163,ERBB4/KIF26A/CAMK2B,3
GO:0016052,carbohydrate catabolic process,9/828,187/18860,0.0481283422459893,1.0962566844919786,0.2834635374361254,0.43746226359472107,0.8742577364073943,0.809870629974163,CHIA/GABARAPL1/FUT1/PRKAA2/NUPR1/GALT/TKTL1/PGAM2/FUT9,9
GO:0045807,positive regulation of endocytosis,8/828,165/18860,0.048484848484848485,1.1043771043771042,0.2885605992309599,0.438507977188073,0.8742577364073943,0.809870629974163,RAP1GAP/DGKD/NEDD4L/PPP3CC/APOA5/GPC3/SFTPD/TF,8
GO:0097696,cell surface receptor signaling pathway via STAT,8/828,165/18860,0.048484848484848485,1.1043771043771042,0.2885605992309599,0.438507977188073,0.8742577364073943,0.809870629974163,NRTN/GHR/ERBB4/CSH1/CTF1/LEPR/KIT/F2,8
GO:0003281,ventricular septum development,4/828,77/18860,0.05194805194805195,1.1832611832611835,0.3452915250207663,0.4393851162572211,0.8742577364073943,0.809870629974163,ADAMTS19/PTK7/VANGL2/DAND5,4
GO:0006081,aldehyde metabolic process,4/828,77/18860,0.05194805194805195,1.1832611832611835,0.3452915250207663,0.4393851162572211,0.8742577364073943,0.809870629974163,ALDH1A1/SCNN1B/IDH2/ALDH3A1,4
GO:0016126,sterol biosynthetic process,4/828,77/18860,0.05194805194805195,1.1832611832611835,0.3452915250207663,0.4393851162572211,0.8742577364073943,0.809870629974163,TM7SF2/PRKAA2/GNAI1/INSIG1,4
GO:0045685,regulation of glial cell differentiation,4/828,77/18860,0.05194805194805195,1.1832611832611835,0.3452915250207663,0.4393851162572211,0.8742577364073943,0.809870629974163,PTPRZ1/DAAM2/F2/ID4,4
GO:0060415,muscle tissue morphogenesis,4/828,77/18860,0.05194805194805195,1.1832611832611835,0.3452915250207663,0.4393851162572211,0.8742577364073943,0.809870629974163,MYBPC3/RYR2/EFEMP2/VANGL2,4
GO:0046632,alpha-beta T cell differentiation,7/828,143/18860,0.04895104895104895,1.114996114996115,0.2957914500017828,0.4393915085631934,0.8742577364073943,0.809870629974163,SLC4A2/RORC/ADA/TOX/RORA/ZBTB16/BRD4,7
GO:0099072,regulation of postsynaptic membrane neurotransmitter receptor levels,6/828,121/18860,0.049586776859504134,1.1294765840220387,0.3061704424168376,0.4400046476247744,0.8742577364073943,0.809870629974163,ERBB4/SUSD4/RAPSN/ZDHHC2/CNIH3/CACNA2D2,6
GO:0007044,cell-substrate junction assembly,5/828,99/18860,0.050505050505050504,1.1503928170594837,0.32149131805444453,0.4401443740477572,0.8742577364073943,0.809870629974163,SORBS1/WDPCP/HRG/FAM107A/GPM6B,5
GO:0009308,amine metabolic process,5/828,99/18860,0.050505050505050504,1.1503928170594837,0.32149131805444453,0.4401443740477572,0.8742577364073943,0.809870629974163,PDE1B/HDC/RNF180/KL/NPY,5
GO:1904892,regulation of receptor signaling pathway via STAT,5/828,99/18860,0.050505050505050504,1.1503928170594837,0.32149131805444453,0.4401443740477572,0.8742577364073943,0.809870629974163,GHR/ERBB4/CSH1/KIT/F2,5
GO:0000054,ribosomal subunit export from nucleus,1/828,13/18860,0.07692307692307693,1.7521367521367524,0.5812994614181093,0.44224146931862074,0.8742577364073943,0.809870629974163,NMD3,1
GO:0001682,tRNA 5'-leader removal,1/828,13/18860,0.07692307692307693,1.7521367521367524,0.5812994614181093,0.44224146931862074,0.8742577364073943,0.809870629974163,RPP30,1
GO:0002674,negative regulation of acute inflammatory response,1/828,13/18860,0.07692307692307693,1.7521367521367524,0.5812994614181093,0.44224146931862074,0.8742577364073943,0.809870629974163,NPY,1
GO:0003183,mitral valve morphogenesis,1/828,13/18860,0.07692307692307693,1.7521367521367524,0.5812994614181093,0.44224146931862074,0.8742577364073943,0.809870629974163,ADAMTS19,1
GO:0006012,galactose metabolic process,1/828,13/18860,0.07692307692307693,1.7521367521367524,0.5812994614181093,0.44224146931862074,0.8742577364073943,0.809870629974163,GALT,1
GO:0006054,N-acetylneuraminate metabolic process,1/828,13/18860,0.07692307692307693,1.7521367521367524,0.5812994614181093,0.44224146931862074,0.8742577364073943,0.809870629974163,ST3GAL1,1
GO:0006167,AMP biosynthetic process,1/828,13/18860,0.07692307692307693,1.7521367521367524,0.5812994614181093,0.44224146931862074,0.8742577364073943,0.809870629974163,ADA,1
GO:0006182,cGMP biosynthetic process,1/828,13/18860,0.07692307692307693,1.7521367521367524,0.5812994614181093,0.44224146931862074,0.8742577364073943,0.809870629974163,NPR3,1
GO:0006521,regulation of amino acid metabolic process,1/828,13/18860,0.07692307692307693,1.7521367521367524,0.5812994614181093,0.44224146931862074,0.8742577364073943,0.809870629974163,SIRT4,1
GO:0006544,glycine metabolic process,1/828,13/18860,0.07692307692307693,1.7521367521367524,0.5812994614181093,0.44224146931862074,0.8742577364073943,0.809870629974163,PHGDH,1
GO:0006787,porphyrin-containing compound catabolic process,1/828,13/18860,0.07692307692307693,1.7521367521367524,0.5812994614181093,0.44224146931862074,0.8742577364073943,0.809870629974163,HMOX2,1
GO:0007008,outer mitochondrial membrane organization,1/828,13/18860,0.07692307692307693,1.7521367521367524,0.5812994614181093,0.44224146931862074,0.8742577364073943,0.809870629974163,NME3,1
GO:0007501,mesodermal cell fate specification,1/828,13/18860,0.07692307692307693,1.7521367521367524,0.5812994614181093,0.44224146931862074,0.8742577364073943,0.809870629974163,DKK1,1
GO:0008063,Toll signaling pathway,1/828,13/18860,0.07692307692307693,1.7521367521367524,0.5812994614181093,0.44224146931862074,0.8742577364073943,0.809870629974163,PALM3,1
GO:0009120,deoxyribonucleoside metabolic process,1/828,13/18860,0.07692307692307693,1.7521367521367524,0.5812994614181093,0.44224146931862074,0.8742577364073943,0.809870629974163,ADA,1
GO:0009170,purine deoxyribonucleoside monophosphate metabolic process,1/828,13/18860,0.07692307692307693,1.7521367521367524,0.5812994614181093,0.44224146931862074,0.8742577364073943,0.809870629974163,ADA,1
GO:0010459,negative regulation of heart rate,1/828,13/18860,0.07692307692307693,1.7521367521367524,0.5812994614181093,0.44224146931862074,0.8742577364073943,0.809870629974163,RNLS,1
GO:0010917,negative regulation of mitochondrial membrane potential,1/828,13/18860,0.07692307692307693,1.7521367521367524,0.5812994614181093,0.44224146931862074,0.8742577364073943,0.809870629974163,BNIP3,1
GO:0010919,regulation of inositol phosphate biosynthetic process,1/828,13/18860,0.07692307692307693,1.7521367521367524,0.5812994614181093,0.44224146931862074,0.8742577364073943,0.809870629974163,PTH1R,1
GO:0010960,magnesium ion homeostasis,1/828,13/18860,0.07692307692307693,1.7521367521367524,0.5812994614181093,0.44224146931862074,0.8742577364073943,0.809870629974163,SLC41A1,1
GO:0014816,skeletal muscle satellite cell differentiation,1/828,13/18860,0.07692307692307693,1.7521367521367524,0.5812994614181093,0.44224146931862074,0.8742577364073943,0.809870629974163,SIX4,1
GO:0014842,regulation of skeletal muscle satellite cell proliferation,1/828,13/18860,0.07692307692307693,1.7521367521367524,0.5812994614181093,0.44224146931862074,0.8742577364073943,0.809870629974163,SIX1,1
GO:0015801,aromatic amino acid transport,1/828,13/18860,0.07692307692307693,1.7521367521367524,0.5812994614181093,0.44224146931862074,0.8742577364073943,0.809870629974163,SLC16A10,1
GO:0015851,nucleobase transport,1/828,13/18860,0.07692307692307693,1.7521367521367524,0.5812994614181093,0.44224146931862074,0.8742577364073943,0.809870629974163,SLC29A1,1
GO:0016081,synaptic vesicle docking,1/828,13/18860,0.07692307692307693,1.7521367521367524,0.5812994614181093,0.44224146931862074,0.8742577364073943,0.809870629974163,RIMS3,1
GO:0019321,pentose metabolic process,1/828,13/18860,0.07692307692307693,1.7521367521367524,0.5812994614181093,0.44224146931862074,0.8742577364073943,0.809870629974163,DCXR,1
GO:0021534,cell proliferation in hindbrain,1/828,13/18860,0.07692307692307693,1.7521367521367524,0.5812994614181093,0.44224146931862074,0.8742577364073943,0.809870629974163,RORA,1
GO:0021924,cell proliferation in external granule layer,1/828,13/18860,0.07692307692307693,1.7521367521367524,0.5812994614181093,0.44224146931862074,0.8742577364073943,0.809870629974163,RORA,1
GO:0021930,cerebellar granule cell precursor proliferation,1/828,13/18860,0.07692307692307693,1.7521367521367524,0.5812994614181093,0.44224146931862074,0.8742577364073943,0.809870629974163,RORA,1
GO:0030213,hyaluronan biosynthetic process,1/828,13/18860,0.07692307692307693,1.7521367521367524,0.5812994614181093,0.44224146931862074,0.8742577364073943,0.809870629974163,ABCC5,1
GO:0031272,regulation of pseudopodium assembly,1/828,13/18860,0.07692307692307693,1.7521367521367524,0.5812994614181093,0.44224146931862074,0.8742577364073943,0.809870629974163,KIT,1
GO:0031274,positive regulation of pseudopodium assembly,1/828,13/18860,0.07692307692307693,1.7521367521367524,0.5812994614181093,0.44224146931862074,0.8742577364073943,0.809870629974163,KIT,1
GO:0032048,cardiolipin metabolic process,1/828,13/18860,0.07692307692307693,1.7521367521367524,0.5812994614181093,0.44224146931862074,0.8742577364073943,0.809870629974163,PLA2G6,1
GO:0032306,regulation of prostaglandin secretion,1/828,13/18860,0.07692307692307693,1.7521367521367524,0.5812994614181093,0.44224146931862074,0.8742577364073943,0.809870629974163,EDN1,1
GO:0032341,aldosterone metabolic process,1/828,13/18860,0.07692307692307693,1.7521367521367524,0.5812994614181093,0.44224146931862074,0.8742577364073943,0.809870629974163,SCNN1B,1
GO:0032536,regulation of cell projection size,1/828,13/18860,0.07692307692307693,1.7521367521367524,0.5812994614181093,0.44224146931862074,0.8742577364073943,0.809870629974163,NEFL,1
GO:0033015,tetrapyrrole catabolic process,1/828,13/18860,0.07692307692307693,1.7521367521367524,0.5812994614181093,0.44224146931862074,0.8742577364073943,0.809870629974163,HMOX2,1
GO:0033750,ribosome localization,1/828,13/18860,0.07692307692307693,1.7521367521367524,0.5812994614181093,0.44224146931862074,0.8742577364073943,0.809870629974163,NMD3,1
GO:0034380,high-density lipoprotein particle assembly,1/828,13/18860,0.07692307692307693,1.7521367521367524,0.5812994614181093,0.44224146931862074,0.8742577364073943,0.809870629974163,PRKACB,1
GO:0034982,mitochondrial protein processing,1/828,13/18860,0.07692307692307693,1.7521367521367524,0.5812994614181093,0.44224146931862074,0.8742577364073943,0.809870629974163,SIRT4,1
GO:0035881,amacrine cell differentiation,1/828,13/18860,0.07692307692307693,1.7521367521367524,0.5812994614181093,0.44224146931862074,0.8742577364073943,0.809870629974163,PTF1A,1
GO:0036006,cellular response to macrophage colony-stimulating factor stimulus,1/828,13/18860,0.07692307692307693,1.7521367521367524,0.5812994614181093,0.44224146931862074,0.8742577364073943,0.809870629974163,PDE1B,1
GO:0036302,atrioventricular canal development,1/828,13/18860,0.07692307692307693,1.7521367521367524,0.5812994614181093,0.44224146931862074,0.8742577364073943,0.809870629974163,GATA6,1
GO:0040015,negative regulation of multicellular organism growth,1/828,13/18860,0.07692307692307693,1.7521367521367524,0.5812994614181093,0.44224146931862074,0.8742577364073943,0.809870629974163,ADRB2,1
GO:0043383,negative T cell selection,1/828,13/18860,0.07692307692307693,1.7521367521367524,0.5812994614181093,0.44224146931862074,0.8742577364073943,0.809870629974163,CD3E,1
GO:0043922,host-mediated suppression of viral transcription,1/828,13/18860,0.07692307692307693,1.7521367521367524,0.5812994614181093,0.44224146931862074,0.8742577364073943,0.809870629974163,BRD4,1
GO:0044029,positive regulation of gene expression via chromosomal CpG island demethylation,1/828,13/18860,0.07692307692307693,1.7521367521367524,0.5812994614181093,0.44224146931862074,0.8742577364073943,0.809870629974163,APOBEC2,1
GO:0045838,positive regulation of membrane potential,1/828,13/18860,0.07692307692307693,1.7521367521367524,0.5812994614181093,0.44224146931862074,0.8742577364073943,0.809870629974163,NNT,1
GO:0048243,norepinephrine secretion,1/828,13/18860,0.07692307692307693,1.7521367521367524,0.5812994614181093,0.44224146931862074,0.8742577364073943,0.809870629974163,FFAR3,1
GO:0051013,microtubule severing,1/828,13/18860,0.07692307692307693,1.7521367521367524,0.5812994614181093,0.44224146931862074,0.8742577364073943,0.809870629974163,FIGNL2,1
GO:0051127,positive regulation of actin nucleation,1/828,13/18860,0.07692307692307693,1.7521367521367524,0.5812994614181093,0.44224146931862074,0.8742577364073943,0.809870629974163,WASF3,1
GO:0060081,membrane hyperpolarization,1/828,13/18860,0.07692307692307693,1.7521367521367524,0.5812994614181093,0.44224146931862074,0.8742577364073943,0.809870629974163,CRTC1,1
GO:0060123,regulation of growth hormone secretion,1/828,13/18860,0.07692307692307693,1.7521367521367524,0.5812994614181093,0.44224146931862074,0.8742577364073943,0.809870629974163,GHRL,1
GO:0061303,cornea development in camera-type eye,1/828,13/18860,0.07692307692307693,1.7521367521367524,0.5812994614181093,0.44224146931862074,0.8742577364073943,0.809870629974163,WNT6,1
GO:0061430,bone trabecula morphogenesis,1/828,13/18860,0.07692307692307693,1.7521367521367524,0.5812994614181093,0.44224146931862074,0.8742577364073943,0.809870629974163,CHAD,1
GO:0061517,macrophage proliferation,1/828,13/18860,0.07692307692307693,1.7521367521367524,0.5812994614181093,0.44224146931862074,0.8742577364073943,0.809870629974163,IL33,1
GO:0061795,Golgi lumen acidification,1/828,13/18860,0.07692307692307693,1.7521367521367524,0.5812994614181093,0.44224146931862074,0.8742577364073943,0.809870629974163,SLC9A7,1
GO:0070142,synaptic vesicle budding,1/828,13/18860,0.07692307692307693,1.7521367521367524,0.5812994614181093,0.44224146931862074,0.8742577364073943,0.809870629974163,SLC2A4,1
GO:0070837,dehydroascorbic acid transport,1/828,13/18860,0.07692307692307693,1.7521367521367524,0.5812994614181093,0.44224146931862074,0.8742577364073943,0.809870629974163,SLC2A4,1
GO:0086067,AV node cell to bundle of His cell communication,1/828,13/18860,0.07692307692307693,1.7521367521367524,0.5812994614181093,0.44224146931862074,0.8742577364073943,0.809870629974163,RYR2,1
GO:0086070,SA node cell to atrial cardiac muscle cell communication,1/828,13/18860,0.07692307692307693,1.7521367521367524,0.5812994614181093,0.44224146931862074,0.8742577364073943,0.809870629974163,RYR2,1
GO:0097475,motor neuron migration,1/828,13/18860,0.07692307692307693,1.7521367521367524,0.5812994614181093,0.44224146931862074,0.8742577364073943,0.809870629974163,NTN1,1
GO:0098528,skeletal muscle fiber differentiation,1/828,13/18860,0.07692307692307693,1.7521367521367524,0.5812994614181093,0.44224146931862074,0.8742577364073943,0.809870629974163,SIX4,1
GO:0106014,regulation of inflammatory response to wounding,1/828,13/18860,0.07692307692307693,1.7521367521367524,0.5812994614181093,0.44224146931862074,0.8742577364073943,0.809870629974163,IL33,1
GO:0106072,negative regulation of adenylate cyclase-activating G protein-coupled receptor signaling pathway,1/828,13/18860,0.07692307692307693,1.7521367521367524,0.5812994614181093,0.44224146931862074,0.8742577364073943,0.809870629974163,APLP1,1
GO:1900103,positive regulation of endoplasmic reticulum unfolded protein response,1/828,13/18860,0.07692307692307693,1.7521367521367524,0.5812994614181093,0.44224146931862074,0.8742577364073943,0.809870629974163,BCL2L11,1
GO:1900272,negative regulation of long-term synaptic potentiation,1/828,13/18860,0.07692307692307693,1.7521367521367524,0.5812994614181093,0.44224146931862074,0.8742577364073943,0.809870629974163,FAM107A,1
GO:1900426,positive regulation of defense response to bacterium,1/828,13/18860,0.07692307692307693,1.7521367521367524,0.5812994614181093,0.44224146931862074,0.8742577364073943,0.809870629974163,PGC,1
GO:1901748,leukotriene D4 metabolic process,1/828,13/18860,0.07692307692307693,1.7521367521367524,0.5812994614181093,0.44224146931862074,0.8742577364073943,0.809870629974163,GGT7,1
GO:1902902,negative regulation of autophagosome assembly,1/828,13/18860,0.07692307692307693,1.7521367521367524,0.5812994614181093,0.44224146931862074,0.8742577364073943,0.809870629974163,NUPR1,1
GO:1904179,positive regulation of adipose tissue development,1/828,13/18860,0.07692307692307693,1.7521367521367524,0.5812994614181093,0.44224146931862074,0.8742577364073943,0.809870629974163,GHRL,1
GO:1904464,regulation of matrix metallopeptidase secretion,1/828,13/18860,0.07692307692307693,1.7521367521367524,0.5812994614181093,0.44224146931862074,0.8742577364073943,0.809870629974163,IDH2,1
GO:1905939,regulation of gonad development,1/828,13/18860,0.07692307692307693,1.7521367521367524,0.5812994614181093,0.44224146931862074,0.8742577364073943,0.809870629974163,NUPR1,1
GO:1990773,matrix metallopeptidase secretion,1/828,13/18860,0.07692307692307693,1.7521367521367524,0.5812994614181093,0.44224146931862074,0.8742577364073943,0.809870629974163,IDH2,1
GO:2000644,regulation of receptor catabolic process,1/828,13/18860,0.07692307692307693,1.7521367521367524,0.5812994614181093,0.44224146931862074,0.8742577364073943,0.809870629974163,ABCA2,1
GO:2000833,positive regulation of steroid hormone secretion,1/828,13/18860,0.07692307692307693,1.7521367521367524,0.5812994614181093,0.44224146931862074,0.8742577364073943,0.809870629974163,GHRL,1
GO:2001053,regulation of mesenchymal cell apoptotic process,1/828,13/18860,0.07692307692307693,1.7521367521367524,0.5812994614181093,0.44224146931862074,0.8742577364073943,0.809870629974163,GDF5,1
GO:0051260,protein homooligomerization,10/828,210/18860,0.047619047619047616,1.0846560846560847,0.26435099967118225,0.44225275720905277,0.8742577364073943,0.809870629974163,AQP4/KCTD8/SLC1A2/ALAD/GRIA3/KCNJ12/CRTC1/GNMT/EVL/KCNG4,10
GO:0120032,regulation of plasma membrane bounded cell projection assembly,10/828,210/18860,0.047619047619047616,1.0846560846560847,0.26435099967118225,0.44225275720905277,0.8742577364073943,0.809870629974163,RAP1GAP/ARHGAP24/DAAM2/EVL/RAB17/KIT/WDPCP/TGFB3/HRG/DCDC2,10
GO:0002363,alpha-beta T cell lineage commitment,2/828,34/18860,0.058823529411764705,1.3398692810457518,0.42503519520156985,0.44356558605511587,0.8742577364073943,0.809870629974163,TOX/BRD4,2
GO:0006099,tricarboxylic acid cycle,2/828,34/18860,0.058823529411764705,1.3398692810457518,0.42503519520156985,0.44356558605511587,0.8742577364073943,0.809870629974163,NNT/IDH2,2
GO:0006221,pyrimidine nucleotide biosynthetic process,2/828,34/18860,0.058823529411764705,1.3398692810457518,0.42503519520156985,0.44356558605511587,0.8742577364073943,0.809870629974163,NME9/NME3,2
GO:0009954,proximal/distal pattern formation,2/828,34/18860,0.058823529411764705,1.3398692810457518,0.42503519520156985,0.44356558605511587,0.8742577364073943,0.809870629974163,IRX3/IRX2,2
GO:0015813,L-glutamate transmembrane transport,2/828,34/18860,0.058823529411764705,1.3398692810457518,0.42503519520156985,0.44356558605511587,0.8742577364073943,0.809870629974163,SLC1A2/KCNJ10,2
GO:0021591,ventricular system development,2/828,34/18860,0.058823529411764705,1.3398692810457518,0.42503519520156985,0.44356558605511587,0.8742577364073943,0.809870629974163,CDK6/ATP1B2,2
GO:0033032,regulation of myeloid cell apoptotic process,2/828,34/18860,0.058823529411764705,1.3398692810457518,0.42503519520156985,0.44356558605511587,0.8742577364073943,0.809870629974163,APOH/KITLG,2
GO:0043462,regulation of ATP-dependent activity,2/828,34/18860,0.058823529411764705,1.3398692810457518,0.42503519520156985,0.44356558605511587,0.8742577364073943,0.809870629974163,RGN/TPM2,2
GO:0046475,glycerophospholipid catabolic process,2/828,34/18860,0.058823529411764705,1.3398692810457518,0.42503519520156985,0.44356558605511587,0.8742577364073943,0.809870629974163,PLA2G6/PNPLA7,2
GO:0048026,"positive regulation of mRNA splicing, via spliceosome",2/828,34/18860,0.058823529411764705,1.3398692810457518,0.42503519520156985,0.44356558605511587,0.8742577364073943,0.809870629974163,CELF4/CIRBP,2
GO:0061037,negative regulation of cartilage development,2/828,34/18860,0.058823529411764705,1.3398692810457518,0.42503519520156985,0.44356558605511587,0.8742577364073943,0.809870629974163,GDF5/EFEMP1,2
GO:0070972,protein localization to endoplasmic reticulum,2/828,34/18860,0.058823529411764705,1.3398692810457518,0.42503519520156985,0.44356558605511587,0.8742577364073943,0.809870629974163,PDIA2/INSIG1,2
GO:0097205,renal filtration,2/828,34/18860,0.058823529411764705,1.3398692810457518,0.42503519520156985,0.44356558605511587,0.8742577364073943,0.809870629974163,EDN1/TTR,2
GO:1901185,negative regulation of ERBB signaling pathway,2/828,34/18860,0.058823529411764705,1.3398692810457518,0.42503519520156985,0.44356558605511587,0.8742577364073943,0.809870629974163,SH3GL2/EGFR,2
GO:1901186,positive regulation of ERBB signaling pathway,2/828,34/18860,0.058823529411764705,1.3398692810457518,0.42503519520156985,0.44356558605511587,0.8742577364073943,0.809870629974163,DGKD/HIP1R,2
GO:0006865,amino acid transport,8/828,166/18860,0.04819277108433735,1.0977242302543508,0.27099278762990403,0.4451938795657263,0.8770927200659233,0.8124968234934039,KCNK2/SLC1A2/SLC6A2/ABCC8/SLC16A10/KCNJ10/KCNJ8/SLC6A5,8
GO:0006650,glycerophospholipid metabolic process,14/828,300/18860,0.04666666666666667,1.0629629629629629,0.2355642319748579,0.44623860483051725,0.8787760669967286,0.8140561957271787,DGKD/TMEM86B/TTC7B/PLCL1/FABP3/PIGZ/PRKAA2/PLA2G1B/PLA2G6/PNPLA7/IP6K3/PIK3C2G/CWH43/PLA1A,14
GO:0034504,protein localization to nucleus,16/828,345/18860,0.0463768115942029,1.0563607085346216,0.22640013569512224,0.44731729628343275,0.8797486899132342,0.8149571871640455,GLUL/NMD3/SYNE1/IPO11/IL33/PRKD1/SIX4/CWH43/F2/ZBTB16/GLIS2/INSIG1/EDN1/CABP1/RANBP17/SIX1,16
GO:0141193,nuclear receptor-mediated signaling pathway,10/828,211/18860,0.04739336492890995,1.0795155344918377,0.2488960389106208,0.4481826125741346,0.8797486899132342,0.8149571871640455,ESRRG/PLIN5/ZMIZ1/PTF1A/AR/CYP7B1/FOXA1/ALOX15B/PAQR7/SCGB2A1,10
GO:0010659,cardiac muscle cell apoptotic process,3/828,56/18860,0.05357142857142857,1.2202380952380951,0.35368275422642315,0.44832299995702096,0.8797486899132342,0.8149571871640455,BNIP3/SIRT4/NUPR1,3
GO:0035036,sperm-egg recognition,3/828,56/18860,0.05357142857142857,1.2202380952380951,0.35368275422642315,0.44832299995702096,0.8797486899132342,0.8149571871640455,FOLR1/FOLR3/LY6K,3
GO:0045332,phospholipid translocation,3/828,56/18860,0.05357142857142857,1.2202380952380951,0.35368275422642315,0.44832299995702096,0.8797486899132342,0.8149571871640455,ATP8A1/ATG9B/ATP8A2,3
GO:0099084,postsynaptic specialization organization,3/828,56/18860,0.05357142857142857,1.2202380952380951,0.35368275422642315,0.44832299995702096,0.8797486899132342,0.8149571871640455,CDH2/PTPRS/RAPSN,3
GO:1902895,positive regulation of miRNA transcription,3/828,56/18860,0.05357142857142857,1.2202380952380951,0.35368275422642315,0.44832299995702096,0.8797486899132342,0.8149571871640455,EGFR/AR/FOXA1,3
GO:0016239,positive regulation of macroautophagy,5/828,100/18860,0.05,1.1388888888888888,0.29840330976775753,0.4487950743623892,0.8797486899132342,0.8149571871640455,GPSM1/BNIP3/PRKAA2/ULK1/ADRB2,5
GO:1900182,positive regulation of protein localization to nucleus,5/828,100/18860,0.05,1.1388888888888888,0.29840330976775753,0.4487950743623892,0.8797486899132342,0.8149571871640455,NMD3/PRKD1/F2/GLIS2/EDN1,5
GO:0006879,intracellular iron ion homeostasis,4/828,78/18860,0.05128205128205128,1.168091168091168,0.31876734682179053,0.44920905387947296,0.8797486899132342,0.8149571871640455,SMAD5/ACVR2B/TF/SMAD9,4
GO:0009880,embryonic pattern specification,4/828,78/18860,0.05128205128205128,1.168091168091168,0.31876734682179053,0.44920905387947296,0.8797486899132342,0.8149571871640455,ERBB4/SMAD5/PLD6/ZBTB16,4
GO:0051881,regulation of mitochondrial membrane potential,4/828,78/18860,0.05128205128205128,1.168091168091168,0.31876734682179053,0.44920905387947296,0.8797486899132342,0.8149571871640455,SLC25A36/BNIP3/ALB/NNT,4
GO:1901184,regulation of ERBB signaling pathway,4/828,78/18860,0.05128205128205128,1.168091168091168,0.31876734682179053,0.44920905387947296,0.8797486899132342,0.8149571871640455,SH3GL2/DGKD/HIP1R/EGFR,4
GO:0051090,regulation of DNA-binding transcription factor activity,9/828,189/18860,0.047619047619047616,1.0846560846560847,0.2506443044968739,0.45000906005851027,0.8809418564434932,0.8160624796759491,CRTC1/NUPR1/SGK1/PRKD1/KIT/RAB7B/FOXA1/ADCY1/NWD1,9
GO:0072657,protein localization to membrane,21/828,458/18860,0.04585152838427948,1.044395924308588,0.2061084880264712,0.45070866084511374,0.8819375405859048,0.8169848339315532,FGF13/CDH2/GGA2/PACSIN1/KCNIP3/ERBB4/RAB26/EGFR/TTC7B/RAPSN/AR/ZDHHC2/CNIH3/GPC3/ZFYVE27/CACNA2D2/SORBS1/KCNIP4/TSPAN33/RAMP1/CAMK2B,21
GO:0007584,response to nutrient,8/828,167/18860,0.04790419161676647,1.0911510312707917,0.25353205024050424,0.4518679457647149,0.8830110140166849,0.817979248470244,FOLR1/IGFBP2/ALAD/OXCT1/CBS/KL/NNT/POSTN,8
GO:2001236,regulation of extrinsic apoptotic signaling pathway,8/828,167/18860,0.04790419161676647,1.0911510312707917,0.25353205024050424,0.4518679457647149,0.8830110140166849,0.817979248470244,FGA/FGB/FGG/COL2A1/G0S2/AR/RET/MAL,8
GO:0038127,ERBB signaling pathway,7/828,145/18860,0.04827586206896552,1.0996168582375478,0.2580325387179197,0.4537462530075568,0.8830110140166849,0.817979248470244,SH3GL2/ERBB4/DGKD/HIP1R/EGFR/EFEMP1/NRG4,7
GO:0051651,maintenance of location in cell,10/828,212/18860,0.04716981132075472,1.0744234800838575,0.2335147529384711,0.4541049798616634,0.8830110140166849,0.817979248470244,GSTM2/DMD/DBN1/SYNE1/PLCL1/RYR2/PRKD1/PDIA2/F2/INSIG1,10
GO:0033555,multicellular organismal response to stress,5/828,101/18860,0.04950495049504951,1.1276127612761275,0.27555132297211027,0.45741090211778423,0.8830110140166849,0.817979248470244,DEAF1/PDE8B/SLC6A2/RET/SLITRK4,5
GO:0002431,Fc receptor mediated stimulatory signaling pathway,2/828,35/18860,0.05714285714285714,1.3015873015873016,0.38267679723696263,0.4584759957010126,0.8830110140166849,0.817979248470244,PLA2G6/VAV3,2
GO:0010661,positive regulation of muscle cell apoptotic process,2/828,35/18860,0.05714285714285714,1.3015873015873016,0.38267679723696263,0.4584759957010126,0.8830110140166849,0.817979248470244,BNIP3/PDCD4,2
GO:0010667,negative regulation of cardiac muscle cell apoptotic process,2/828,35/18860,0.05714285714285714,1.3015873015873016,0.38267679723696263,0.4584759957010126,0.8830110140166849,0.817979248470244,SIRT4/NUPR1,2
GO:0032633,interleukin-4 production,2/828,35/18860,0.05714285714285714,1.3015873015873016,0.38267679723696263,0.4584759957010126,0.8830110140166849,0.817979248470244,IL33/CD3E,2
GO:0032673,regulation of interleukin-4 production,2/828,35/18860,0.05714285714285714,1.3015873015873016,0.38267679723696263,0.4584759957010126,0.8830110140166849,0.817979248470244,IL33/CD3E,2
GO:0043173,nucleotide salvage,2/828,35/18860,0.05714285714285714,1.3015873015873016,0.38267679723696263,0.4584759957010126,0.8830110140166849,0.817979248470244,ADA/SLC22A13,2
GO:0048265,response to pain,2/828,35/18860,0.05714285714285714,1.3015873015873016,0.38267679723696263,0.4584759957010126,0.8830110140166849,0.817979248470244,SLC6A2/RET,2
GO:0048566,embryonic digestive tract development,2/828,35/18860,0.05714285714285714,1.3015873015873016,0.38267679723696263,0.4584759957010126,0.8830110140166849,0.817979248470244,RBPMS2/ADA,2
GO:0071634,regulation of transforming growth factor beta production,2/828,35/18860,0.05714285714285714,1.3015873015873016,0.38267679723696263,0.4584759957010126,0.8830110140166849,0.817979248470244,GATA6/FBLN1,2
GO:0007156,homophilic cell adhesion via plasma membrane adhesion molecules,8/828,168/18860,0.047619047619047616,1.0846560846560847,0.23617693513319857,0.4585284245282041,0.8830110140166849,0.817979248470244,ROBO3/CDH2/PTPRM/CADM2/CELSR1/PCDHA7/PTK7/RET,8
GO:0009988,cell-cell recognition,4/828,79/18860,0.05063291139240506,1.1533052039381153,0.29259280055558207,0.4589777155072664,0.8830110140166849,0.817979248470244,FOLR1/PCDHA7/FOLR3/LY6K,4
GO:0033344,cholesterol efflux,4/828,79/18860,0.05063291139240506,1.1533052039381153,0.29259280055558207,0.4589777155072664,0.8830110140166849,0.817979248470244,STX12/APOA5/ABCA2/PLTP,4
GO:0002279,mast cell activation involved in immune response,3/828,57/18860,0.05263157894736842,1.198830409356725,0.32215079747028386,0.45987932959671485,0.8830110140166849,0.817979248470244,KIT/CHGA/SLC18A2,3
GO:0002448,mast cell mediated immunity,3/828,57/18860,0.05263157894736842,1.198830409356725,0.32215079747028386,0.45987932959671485,0.8830110140166849,0.817979248470244,KIT/CHGA/SLC18A2,3
GO:0002686,negative regulation of leukocyte migration,3/828,57/18860,0.05263157894736842,1.198830409356725,0.32215079747028386,0.45987932959671485,0.8830110140166849,0.817979248470244,C5/IL33/ADA,3
GO:0007140,male meiotic nuclear division,3/828,57/18860,0.05263157894736842,1.198830409356725,0.32215079747028386,0.45987932959671485,0.8830110140166849,0.817979248470244,REC8/SYCP2/TDRD9,3
GO:0014888,striated muscle adaptation,3/828,57/18860,0.05263157894736842,1.198830409356725,0.32215079747028386,0.45987932959671485,0.8830110140166849,0.817979248470244,GATA6/IGFBP5/CAMK2B,3
GO:0046638,positive regulation of alpha-beta T cell differentiation,3/828,57/18860,0.05263157894736842,1.198830409356725,0.32215079747028386,0.45987932959671485,0.8830110140166849,0.817979248470244,ADA/ZBTB16/BRD4,3
GO:0060491,regulation of cell projection assembly,10/828,213/18860,0.046948356807511735,1.069379238393323,0.21820635447168113,0.4600186111527452,0.8830110140166849,0.817979248470244,RAP1GAP/ARHGAP24/DAAM2/EVL/RAB17/KIT/WDPCP/TGFB3/HRG/DCDC2,10
GO:0010876,lipid localization,22/828,483/18860,0.045548654244306416,1.0374971244536462,0.17889029128406794,0.46064365704633625,0.8830110140166849,0.817979248470244,STX12/PLIN5/FZD4/GHRL/ATP8A1/SERPINA5/FABP3/SLC13A3/RBP7/APOC4/APOA5/APOH/PLA2G1B/ABCA2/KCNQ1/GRAMD1A/SLC10A1/PLTP/ATG9B/EDN1/KCNJ8/ATP8A2,22
GO:0007179,transforming growth factor beta receptor signaling pathway,12/828,258/18860,0.046511627906976744,1.0594315245478036,0.20596785836262393,0.460785272296412,0.8830110140166849,0.817979248470244,GDF5/FOLR1/ZMIZ1/SMAD5/TGFB1I1/FMOD/CHST11/SMAD9/GCNT2/TGFB3/DAND5/AMHR2,12
GO:0006869,lipid transport,21/828,461/18860,0.0455531453362256,1.037599421547361,0.17514069381236133,0.4628140331960158,0.8830110140166849,0.817979248470244,STX12/FZD4/GHRL/ATP8A1/SERPINA5/FABP3/SLC13A3/RBP7/APOC4/APOA5/APOH/PLA2G1B/ABCA2/KCNQ1/GRAMD1A/SLC10A1/PLTP/ATG9B/EDN1/KCNJ8/ATP8A2,21
GO:0000041,transition metal ion transport,5/828,102/18860,0.049019607843137254,1.116557734204793,0.2529300709816744,0.46598843831550063,0.8830110140166849,0.817979248470244,MT3/TF/ABCC5/TCN1/HEPH,5
GO:0010631,epithelial cell migration,5/828,102/18860,0.049019607843137254,1.116557734204793,0.2529300709816744,0.46598843831550063,0.8830110140166849,0.817979248470244,DAAM2/EVL/KITLG/KIT/WDPCP,5
GO:0000101,sulfur amino acid transport,1/828,14/18860,0.07142857142857142,1.626984126984127,0.5028790229965001,0.4667453194488367,0.8830110140166849,0.817979248470244,SLC1A2,1
GO:0002467,germinal center formation,1/828,14/18860,0.07142857142857142,1.626984126984127,0.5028790229965001,0.4667453194488367,0.8830110140166849,0.817979248470244,ADA,1
GO:0002486,"antigen processing and presentation of endogenous peptide antigen via MHC class I via ER pathway, TAP-independent",1/828,14/18860,0.07142857142857142,1.626984126984127,0.5028790229965001,0.4667453194488367,0.8830110140166849,0.817979248470244,AZGP1,1
GO:0002664,regulation of T cell tolerance induction,1/828,14/18860,0.07142857142857142,1.626984126984127,0.5028790229965001,0.4667453194488367,0.8830110140166849,0.817979248470244,CD3E,1
GO:0002713,negative regulation of B cell mediated immunity,1/828,14/18860,0.07142857142857142,1.626984126984127,0.5028790229965001,0.4667453194488367,0.8830110140166849,0.817979248470244,SUSD4,1
GO:0002890,negative regulation of immunoglobulin mediated immune response,1/828,14/18860,0.07142857142857142,1.626984126984127,0.5028790229965001,0.4667453194488367,0.8830110140166849,0.817979248470244,SUSD4,1
GO:0003174,mitral valve development,1/828,14/18860,0.07142857142857142,1.626984126984127,0.5028790229965001,0.4667453194488367,0.8830110140166849,0.817979248470244,ADAMTS19,1
GO:0006000,fructose metabolic process,1/828,14/18860,0.07142857142857142,1.626984126984127,0.5028790229965001,0.4667453194488367,0.8830110140166849,0.817979248470244,FBP2,1
GO:0006002,fructose 6-phosphate metabolic process,1/828,14/18860,0.07142857142857142,1.626984126984127,0.5028790229965001,0.4667453194488367,0.8830110140166849,0.817979248470244,FBP2,1
GO:0006068,ethanol catabolic process,1/828,14/18860,0.07142857142857142,1.626984126984127,0.5028790229965001,0.4667453194488367,0.8830110140166849,0.817979248470244,SULT2A1,1
GO:0006177,GMP biosynthetic process,1/828,14/18860,0.07142857142857142,1.626984126984127,0.5028790229965001,0.4667453194488367,0.8830110140166849,0.817979248470244,ADA,1
GO:0006448,regulation of translational elongation,1/828,14/18860,0.07142857142857142,1.626984126984127,0.5028790229965001,0.4667453194488367,0.8830110140166849,0.817979248470244,EIF5A2,1
GO:0008212,mineralocorticoid metabolic process,1/828,14/18860,0.07142857142857142,1.626984126984127,0.5028790229965001,0.4667453194488367,0.8830110140166849,0.817979248470244,SCNN1B,1
GO:0009214,cyclic nucleotide catabolic process,1/828,14/18860,0.07142857142857142,1.626984126984127,0.5028790229965001,0.4667453194488367,0.8830110140166849,0.817979248470244,PDE8B,1
GO:0009437,carnitine metabolic process,1/828,14/18860,0.07142857142857142,1.626984126984127,0.5028790229965001,0.4667453194488367,0.8830110140166849,0.817979248470244,ACADL,1
GO:0010524,positive regulation of calcium ion transport into cytosol,1/828,14/18860,0.07142857142857142,1.626984126984127,0.5028790229965001,0.4667453194488367,0.8830110140166849,0.817979248470244,PLA2G1B,1
GO:0010867,positive regulation of triglyceride biosynthetic process,1/828,14/18860,0.07142857142857142,1.626984126984127,0.5028790229965001,0.4667453194488367,0.8830110140166849,0.817979248470244,PLIN5,1
GO:0021702,cerebellar Purkinje cell differentiation,1/828,14/18860,0.07142857142857142,1.626984126984127,0.5028790229965001,0.4667453194488367,0.8830110140166849,0.817979248470244,RORA,1
GO:0021781,glial cell fate commitment,1/828,14/18860,0.07142857142857142,1.626984126984127,0.5028790229965001,0.4667453194488367,0.8830110140166849,0.817979248470244,SOX2,1
GO:0031650,regulation of heat generation,1/828,14/18860,0.07142857142857142,1.626984126984127,0.5028790229965001,0.4667453194488367,0.8830110140166849,0.817979248470244,PTGER3,1
GO:0033700,phospholipid efflux,1/828,14/18860,0.07142857142857142,1.626984126984127,0.5028790229965001,0.4667453194488367,0.8830110140166849,0.817979248470244,APOA5,1
GO:0035589,G protein-coupled purinergic nucleotide receptor signaling pathway,1/828,14/18860,0.07142857142857142,1.626984126984127,0.5028790229965001,0.4667453194488367,0.8830110140166849,0.817979248470244,P2RY4,1
GO:0035865,cellular response to potassium ion,1/828,14/18860,0.07142857142857142,1.626984126984127,0.5028790229965001,0.4667453194488367,0.8830110140166849,0.817979248470244,KCNJ10,1
GO:0042074,cell migration involved in gastrulation,1/828,14/18860,0.07142857142857142,1.626984126984127,0.5028790229965001,0.4667453194488367,0.8830110140166849,0.817979248470244,GPC3,1
GO:0042362,fat-soluble vitamin biosynthetic process,1/828,14/18860,0.07142857142857142,1.626984126984127,0.5028790229965001,0.4667453194488367,0.8830110140166849,0.817979248470244,PLTP,1
GO:0044857,plasma membrane raft organization,1/828,14/18860,0.07142857142857142,1.626984126984127,0.5028790229965001,0.4667453194488367,0.8830110140166849,0.817979248470244,COLEC12,1
GO:0045837,negative regulation of membrane potential,1/828,14/18860,0.07142857142857142,1.626984126984127,0.5028790229965001,0.4667453194488367,0.8830110140166849,0.817979248470244,BNIP3,1
GO:0045906,negative regulation of vasoconstriction,1/828,14/18860,0.07142857142857142,1.626984126984127,0.5028790229965001,0.4667453194488367,0.8830110140166849,0.817979248470244,ADM,1
GO:0045916,negative regulation of complement activation,1/828,14/18860,0.07142857142857142,1.626984126984127,0.5028790229965001,0.4667453194488367,0.8830110140166849,0.817979248470244,SUSD4,1
GO:0045986,negative regulation of smooth muscle contraction,1/828,14/18860,0.07142857142857142,1.626984126984127,0.5028790229965001,0.4667453194488367,0.8830110140166849,0.817979248470244,ADRB2,1
GO:0048521,negative regulation of behavior,1/828,14/18860,0.07142857142857142,1.626984126984127,0.5028790229965001,0.4667453194488367,0.8830110140166849,0.817979248470244,GHRL,1
GO:0051764,actin crosslink formation,1/828,14/18860,0.07142857142857142,1.626984126984127,0.5028790229965001,0.4667453194488367,0.8830110140166849,0.817979248470244,GAS2,1
GO:0051775,response to redox state,1/828,14/18860,0.07142857142857142,1.626984126984127,0.5028790229965001,0.4667453194488367,0.8830110140166849,0.817979248470244,RYR2,1
GO:0060019,radial glial cell differentiation,1/828,14/18860,0.07142857142857142,1.626984126984127,0.5028790229965001,0.4667453194488367,0.8830110140166849,0.817979248470244,CDH2,1
GO:0060044,negative regulation of cardiac muscle cell proliferation,1/828,14/18860,0.07142857142857142,1.626984126984127,0.5028790229965001,0.4667453194488367,0.8830110140166849,0.817979248470244,KCNK2,1
GO:0060456,positive regulation of digestive system process,1/828,14/18860,0.07142857142857142,1.626984126984127,0.5028790229965001,0.4667453194488367,0.8830110140166849,0.817979248470244,GHRL,1
GO:0060670,branching involved in labyrinthine layer morphogenesis,1/828,14/18860,0.07142857142857142,1.626984126984127,0.5028790229965001,0.4667453194488367,0.8830110140166849,0.817979248470244,ADM,1
GO:0061029,eyelid development in camera-type eye,1/828,14/18860,0.07142857142857142,1.626984126984127,0.5028790229965001,0.4667453194488367,0.8830110140166849,0.817979248470244,EGFR,1
GO:0070988,demethylation,1/828,14/18860,0.07142857142857142,1.626984126984127,0.5028790229965001,0.4667453194488367,0.8830110140166849,0.817979248470244,CYP2C8,1
GO:0071679,commissural neuron axon guidance,1/828,14/18860,0.07142857142857142,1.626984126984127,0.5028790229965001,0.4667453194488367,0.8830110140166849,0.817979248470244,ROBO3,1
GO:0072393,microtubule anchoring at microtubule organizing center,1/828,14/18860,0.07142857142857142,1.626984126984127,0.5028790229965001,0.4667453194488367,0.8830110140166849,0.817979248470244,NIN,1
GO:0072672,neutrophil extravasation,1/828,14/18860,0.07142857142857142,1.626984126984127,0.5028790229965001,0.4667453194488367,0.8830110140166849,0.817979248470244,PRTN3,1
GO:0090385,phagosome-lysosome fusion,1/828,14/18860,0.07142857142857142,1.626984126984127,0.5028790229965001,0.4667453194488367,0.8830110140166849,0.817979248470244,RAB7B,1
GO:0090715,immunological memory formation process,1/828,14/18860,0.07142857142857142,1.626984126984127,0.5028790229965001,0.4667453194488367,0.8830110140166849,0.817979248470244,ST3GAL1,1
GO:0098840,protein transport along microtubule,1/828,14/18860,0.07142857142857142,1.626984126984127,0.5028790229965001,0.4667453194488367,0.8830110140166849,0.817979248470244,KIF5C,1
GO:0099118,microtubule-based protein transport,1/828,14/18860,0.07142857142857142,1.626984126984127,0.5028790229965001,0.4667453194488367,0.8830110140166849,0.817979248470244,KIF5C,1
GO:1901334,lactone metabolic process,1/828,14/18860,0.07142857142857142,1.626984126984127,0.5028790229965001,0.4667453194488367,0.8830110140166849,0.817979248470244,PON3,1
GO:1902047,polyamine transmembrane transport,1/828,14/18860,0.07142857142857142,1.626984126984127,0.5028790229965001,0.4667453194488367,0.8830110140166849,0.817979248470244,ATP13A5,1
GO:1904627,response to phorbol 13-acetate 12-myristate,1/828,14/18860,0.07142857142857142,1.626984126984127,0.5028790229965001,0.4667453194488367,0.8830110140166849,0.817979248470244,PRKD1,1
GO:1905522,negative regulation of macrophage migration,1/828,14/18860,0.07142857142857142,1.626984126984127,0.5028790229965001,0.4667453194488367,0.8830110140166849,0.817979248470244,C5,1
GO:1905651,regulation of artery morphogenesis,1/828,14/18860,0.07142857142857142,1.626984126984127,0.5028790229965001,0.4667453194488367,0.8830110140166849,0.817979248470244,EDN1,1
GO:2000303,regulation of ceramide biosynthetic process,1/828,14/18860,0.07142857142857142,1.626984126984127,0.5028790229965001,0.4667453194488367,0.8830110140166849,0.817979248470244,PLA2G6,1
GO:0030518,nuclear receptor-mediated steroid hormone signaling pathway,7/828,147/18860,0.047619047619047616,1.0846560846560847,0.22079929702223947,0.4680265800133969,0.8845297856137263,0.8193861659716405,ESRRG/ZMIZ1/AR/CYP7B1/FOXA1/PAQR7/SCGB2A1,7
GO:0043401,steroid hormone receptor signaling pathway,7/828,147/18860,0.047619047619047616,1.0846560846560847,0.22079929702223947,0.4680265800133969,0.8845297856137263,0.8193861659716405,ESRRG/ZMIZ1/AR/CYP7B1/FOXA1/PAQR7/SCGB2A1,7
GO:1904063,negative regulation of cation transmembrane transport,4/828,80/18860,0.05,1.1388888888888888,0.2667578769885495,0.46868647260162344,0.8845297856137263,0.8193861659716405,KCNE2/NEDD4L/PPP3CC/KCNQ1,4
GO:1904377,positive regulation of protein localization to cell periphery,4/828,80/18860,0.05,1.1388888888888888,0.2667578769885495,0.46868647260162344,0.8845297856137263,0.8193861659716405,EGFR/ZDHHC2/GNAI1/SORBS1,4
GO:1902600,proton transmembrane transport,9/828,192/18860,0.046875,1.0677083333333333,0.20206746407349396,0.4687502312033264,0.8845297856137263,0.8193861659716405,LAMP2/ATP4B/ATP4A/SLC9A4/SLC9A7/NNT/SLC9A3/ATP6V0E2/SLC18A2,9
GO:0009755,hormone-mediated signaling pathway,11/828,237/18860,0.046413502109704644,1.0571964369432725,0.18987635053611177,0.4688888945825903,0.8845297856137263,0.8193861659716405,ESRRG/ZMIZ1/GHR/PTF1A/GHRL/AR/CYP7B1/FOXA1/SSTR2/PAQR7/SCGB2A1,11
GO:0030595,leukocyte chemotaxis,11/828,237/18860,0.046413502109704644,1.0571964369432725,0.18987635053611177,0.4688888945825903,0.8845297856137263,0.8193861659716405,VEGFB/C5/CCL16/CYP7B1/PLA2G1B/SFTPD/KIT/CHGA/VAV3/CXCL17/EDN1,11
GO:0071887,leukocyte apoptotic process,6/828,125/18860,0.048,1.0933333333333333,0.22434556249633295,0.47112142147711233,0.8849190901365088,0.8197467990961619,ST3GAL1/TSC22D3/BCL2L11/KITLG/RORC/ADA,6
GO:0045010,actin nucleation,3/828,58/18860,0.05172413793103448,1.1781609195402298,0.29119034264120713,0.47133040613958577,0.8849190901365088,0.8197467990961619,WASF3/HIP1R/LMOD2,3
GO:0046854,phosphatidylinositol phosphate biosynthetic process,3/828,58/18860,0.05172413793103448,1.1781609195402298,0.29119034264120713,0.47133040613958577,0.8849190901365088,0.8197467990961619,TTC7B/IP6K3/PIK3C2G,3
GO:0051452,intracellular pH reduction,3/828,58/18860,0.05172413793103448,1.1781609195402298,0.29119034264120713,0.47133040613958577,0.8849190901365088,0.8197467990961619,LAMP2/SLC9A7/ATP6V0E2,3
GO:0071320,cellular response to cAMP,3/828,58/18860,0.05172413793103448,1.1781609195402298,0.29119034264120713,0.47133040613958577,0.8849190901365088,0.8197467990961619,CRTC1/KCNQ1/IGFBP5,3
GO:1904035,regulation of epithelial cell apoptotic process,3/828,58/18860,0.05172413793103448,1.1781609195402298,0.29119034264120713,0.47133040613958577,0.8849190901365088,0.8197467990961619,PRKAA2/NUPR1/PLA2G1B,3
GO:0001782,B cell homeostasis,2/828,36/18860,0.05555555555555555,1.2654320987654322,0.341586960305077,0.4731514682618694,0.8849190901365088,0.8197467990961619,BCL2L11/ADA,2
GO:0002067,glandular epithelial cell differentiation,2/828,36/18860,0.05555555555555555,1.2654320987654322,0.341586960305077,0.4731514682618694,0.8849190901365088,0.8197467990961619,SLC9A4/FOXA1,2
GO:0006691,leukotriene metabolic process,2/828,36/18860,0.05555555555555555,1.2654320987654322,0.341586960305077,0.4731514682618694,0.8849190901365088,0.8197467990961619,GGT7/PLA2G1B,2
GO:0031338,regulation of vesicle fusion,2/828,36/18860,0.05555555555555555,1.2654320987654322,0.341586960305077,0.4731514682618694,0.8849190901365088,0.8197467990961619,TBC1D4/ERC2,2
GO:0032366,intracellular sterol transport,2/828,36/18860,0.05555555555555555,1.2654320987654322,0.341586960305077,0.4731514682618694,0.8849190901365088,0.8197467990961619,ABCA2/GRAMD1A,2
GO:0043045,epigenetic programming of gene expression,2/828,36/18860,0.05555555555555555,1.2654320987654322,0.341586960305077,0.4731514682618694,0.8849190901365088,0.8197467990961619,NDN/ZDBF2,2
GO:0043369,"CD4-positive or CD8-positive, alpha-beta T cell lineage commitment",2/828,36/18860,0.05555555555555555,1.2654320987654322,0.341586960305077,0.4731514682618694,0.8849190901365088,0.8197467990961619,TOX/BRD4,2
GO:0046471,phosphatidylglycerol metabolic process,2/828,36/18860,0.05555555555555555,1.2654320987654322,0.341586960305077,0.4731514682618694,0.8849190901365088,0.8197467990961619,PLA2G1B/PLA2G6,2
GO:0048499,synaptic vesicle membrane organization,2/828,36/18860,0.05555555555555555,1.2654320987654322,0.341586960305077,0.4731514682618694,0.8849190901365088,0.8197467990961619,SYNGR1/ERC2,2
GO:0071392,cellular response to estradiol stimulus,2/828,36/18860,0.05555555555555555,1.2654320987654322,0.341586960305077,0.4731514682618694,0.8849190901365088,0.8197467990961619,EGFR/SSTR2,2
GO:0034109,homotypic cell-cell adhesion,5/828,103/18860,0.04854368932038835,1.1057173678532901,0.23053443962845616,0.47452438128950036,0.8849190901365088,0.8197467990961619,FGA/FGB/FGG/CELA2A/PDIA2,5
GO:2001237,negative regulation of extrinsic apoptotic signaling pathway,5/828,103/18860,0.04854368932038835,1.1057173678532901,0.23053443962845616,0.47452438128950036,0.8849190901365088,0.8197467990961619,FGA/FGB/FGG/COL2A1/AR,5
GO:0021879,forebrain neuron differentiation,4/828,81/18860,0.04938271604938271,1.1248285322359395,0.24125298290880326,0.47833091017053575,0.8849190901365088,0.8197467990961619,ZMIZ1/ERBB4/TOX/ID4,4
GO:0045446,endothelial cell differentiation,6/828,126/18860,0.047619047619047616,1.0846560846560847,0.20430582186456467,0.4788288691578866,0.8849190901365088,0.8197467990961619,FZD4/PTPRS/ACVR2B/PROC/GSTM3/S1PR3,6
GO:0009566,fertilization,11/828,239/18860,0.04602510460251046,1.0483496048349605,0.1611917939226434,0.48008155793325114,0.8849190901365088,0.8197467990961619,FOLR1/REC8/SERPINA5/AR/SYCP2/FOLR3/NLRP5/SPINK13/TDRD9/TRIM36/LY6K,11
GO:0010594,regulation of endothelial cell migration,11/828,239/18860,0.04602510460251046,1.0483496048349605,0.1611917939226434,0.48008155793325114,0.8849190901365088,0.8197467990961619,PDCD6/GLUL/PTPRM/FUT1/HDAC5/CCBE1/APOH/PRKD1/BMPER/HRG/EDN1,11
GO:0097191,extrinsic apoptotic signaling pathway,11/828,239/18860,0.04602510460251046,1.0483496048349605,0.1611917939226434,0.48008155793325114,0.8849190901365088,0.8197467990961619,FGA/FGB/FGG/COL2A1/G0S2/AR/IL33/BCL2L11/KITLG/RET/MAL,11
GO:0003158,endothelium development,7/828,149/18860,0.04697986577181208,1.070096942580164,0.1840756148852177,0.48221606445400256,0.8849190901365088,0.8197467990961619,FZD4/PTPRS/ACVR2B/PROC/GSTM3/EDN1/S1PR3,7
GO:0000271,polysaccharide biosynthetic process,3/828,59/18860,0.05084745762711865,1.1581920903954803,0.26077913796801805,0.482670051024105,0.8849190901365088,0.8197467990961619,PPP1R3C/SORBS1/FUT9,3
GO:0001836,release of cytochrome c from mitochondria,3/828,59/18860,0.05084745762711865,1.1581920903954803,0.26077913796801805,0.482670051024105,0.8849190901365088,0.8197467990961619,BNIP3/PRKAA2/BCL2L11,3
GO:0010658,striated muscle cell apoptotic process,3/828,59/18860,0.05084745762711865,1.1581920903954803,0.26077913796801805,0.482670051024105,0.8849190901365088,0.8197467990961619,BNIP3/SIRT4/NUPR1,3
GO:0030520,estrogen receptor signaling pathway,3/828,59/18860,0.05084745762711865,1.1581920903954803,0.26077913796801805,0.482670051024105,0.8849190901365088,0.8197467990961619,AR/CYP7B1/FOXA1,3
GO:0030837,negative regulation of actin filament polymerization,3/828,59/18860,0.05084745762711865,1.1581920903954803,0.26077913796801805,0.482670051024105,0.8849190901365088,0.8197467990961619,HIP1R/KANK4/LMOD2,3
GO:0046902,regulation of mitochondrial membrane permeability,3/828,59/18860,0.05084745762711865,1.1581920903954803,0.26077913796801805,0.482670051024105,0.8849190901365088,0.8197467990961619,HIP1R/BNIP3/BCL2L11,3
GO:0090181,regulation of cholesterol metabolic process,3/828,59/18860,0.05084745762711865,1.1581920903954803,0.26077913796801805,0.482670051024105,0.8849190901365088,0.8197467990961619,ACADL/GNAI1/INSIG1,3
GO:2001238,positive regulation of extrinsic apoptotic signaling pathway,3/828,59/18860,0.05084745762711865,1.1581920903954803,0.26077913796801805,0.482670051024105,0.8849190901365088,0.8197467990961619,G0S2/RET/MAL,3
GO:0030162,regulation of proteolysis,18/828,398/18860,0.04522613065326633,1.0301507537688441,0.13027254152116008,0.48289650302210096,0.8849190901365088,0.8197467990961619,KCNE2/CYFIP2/RNF180/ALAD/HPN/IL33/SIRT4/CCBE1/TGFB1I1/NUPR1/TRIB2/TF/PRKACB/CWH43/GAS1/F2/PACSIN3/TIMP3,18
GO:0009062,fatty acid catabolic process,5/828,104/18860,0.04807692307692308,1.0950854700854702,0.2083594799621502,0.48301554711066885,0.8849190901365088,0.8197467990961619,PLIN5/ACADL/ECI2/ACAT1/ALDH1L2,5
GO:0021510,spinal cord development,5/828,104/18860,0.04807692307692308,1.0950854700854702,0.2083594799621502,0.48301554711066885,0.8849190901365088,0.8197467990961619,PTPRS/LONRF2/DAAM2/NEFL/PHGDH,5
GO:0048660,regulation of smooth muscle cell proliferation,8/828,172/18860,0.046511627906976744,1.0594315245478036,0.1677846518262498,0.48500057883769065,0.8849190901365088,0.8197467990961619,PDGFD/PDCD4/RBPMS2/PPARGC1A/IGFBP5/EFEMP2/TGFB3/EDN1,8
GO:0017148,negative regulation of translation,11/828,240/18860,0.04583333333333333,1.0439814814814814,0.14693937422455064,0.48566059348029833,0.8849190901365088,0.8197467990961619,GPR155/CELF4/PAIP2B/ZNF540/PRKAA2/WTIP/RNF152/IGFBP5/CIRBP/ZAR1/ZAR1L,11
GO:0007173,epidermal growth factor receptor signaling pathway,6/828,127/18860,0.047244094488188976,1.0761154855643045,0.18442668728979159,0.48650264881519933,0.8849190901365088,0.8197467990961619,SH3GL2/ERBB4/DGKD/HIP1R/EGFR/EFEMP1,6
GO:0001837,epithelial to mesenchymal transition,9/828,195/18860,0.046153846153846156,1.0512820512820513,0.15424860551588898,0.4873624344545473,0.8849190901365088,0.8197467990961619,PDCD6/HPN/PDCD4/TGFB1I1/FOXA1/GCNT2/TGFB3/TCOF1/EDN1,9
GO:0002418,immune response to tumor cell,2/828,37/18860,0.05405405405405406,1.2312312312312312,0.30168622579648874,0.4875838791437398,0.8849190901365088,0.8197467990961619,HRG/SLC22A13,2
GO:0006884,cell volume homeostasis,2/828,37/18860,0.05405405405405406,1.2312312312312312,0.30168622579648874,0.4875838791437398,0.8849190901365088,0.8197467990961619,AQP4/SCTR,2
GO:0007035,vacuolar acidification,2/828,37/18860,0.05405405405405406,1.2312312312312312,0.30168622579648874,0.4875838791437398,0.8849190901365088,0.8197467990961619,LAMP2/ATP6V0E2,2
GO:0045540,regulation of cholesterol biosynthetic process,2/828,37/18860,0.05405405405405406,1.2312312312312312,0.30168622579648874,0.4875838791437398,0.8849190901365088,0.8197467990961619,GNAI1/INSIG1,2
GO:0071425,hematopoietic stem cell proliferation,2/828,37/18860,0.05405405405405406,1.2312312312312312,0.30168622579648874,0.4875838791437398,0.8849190901365088,0.8197467990961619,MECOM/KITLG,2
GO:0090317,negative regulation of intracellular protein transport,2/828,37/18860,0.05405405405405406,1.2312312312312312,0.30168622579648874,0.4875838791437398,0.8849190901365088,0.8197467990961619,INSIG1/CABP1,2
GO:0106118,regulation of sterol biosynthetic process,2/828,37/18860,0.05405405405405406,1.2312312312312312,0.30168622579648874,0.4875838791437398,0.8849190901365088,0.8197467990961619,GNAI1/INSIG1,2
GO:1903725,regulation of phospholipid metabolic process,2/828,37/18860,0.05405405405405406,1.2312312312312312,0.30168622579648874,0.4875838791437398,0.8849190901365088,0.8197467990961619,FABP3/ABCA2,2
GO:0001570,vasculogenesis,4/828,82/18860,0.04878048780487805,1.1111111111111112,0.21606891877119422,0.48790682489288384,0.8849190901365088,0.8197467990961619,ZMIZ1/FZD4/ADM/EGFL8,4
GO:0032436,positive regulation of proteasomal ubiquitin-dependent protein catabolic process,4/828,82/18860,0.04878048780487805,1.1111111111111112,0.21606891877119422,0.48790682489288384,0.8849190901365088,0.8197467990961619,RNF180/IL33/TRIB2/TF,4
GO:0046637,regulation of alpha-beta T cell differentiation,4/828,82/18860,0.04878048780487805,1.1111111111111112,0.21606891877119422,0.48790682489288384,0.8849190901365088,0.8197467990961619,SLC4A2/ADA/ZBTB16/BRD4,4
GO:0001867,"complement activation, lectin pathway",1/828,15/18860,0.06666666666666667,1.5185185185185184,0.430491300429734,0.49017389185127536,0.8849190901365088,0.8197467990961619,C5,1
GO:0001878,response to yeast,1/828,15/18860,0.06666666666666667,1.5185185185185184,0.430491300429734,0.49017389185127536,0.8849190901365088,0.8197467990961619,NPY,1
GO:0002476,antigen processing and presentation of endogenous peptide antigen via MHC class Ib,1/828,15/18860,0.06666666666666667,1.5185185185185184,0.430491300429734,0.49017389185127536,0.8849190901365088,0.8197467990961619,AZGP1,1
GO:0002484,antigen processing and presentation of endogenous peptide antigen via MHC class I via ER pathway,1/828,15/18860,0.06666666666666667,1.5185185185185184,0.430491300429734,0.49017389185127536,0.8849190901365088,0.8197467990961619,AZGP1,1
GO:0002903,negative regulation of B cell apoptotic process,1/828,15/18860,0.06666666666666667,1.5185185185185184,0.430491300429734,0.49017389185127536,0.8849190901365088,0.8197467990961619,ADA,1
GO:0006067,ethanol metabolic process,1/828,15/18860,0.06666666666666667,1.5185185185185184,0.430491300429734,0.49017389185127536,0.8849190901365088,0.8197467990961619,SULT2A1,1
GO:0006206,pyrimidine nucleobase metabolic process,1/828,15/18860,0.06666666666666667,1.5185185185185184,0.430491300429734,0.49017389185127536,0.8849190901365088,0.8197467990961619,ALDH6A1,1
GO:0009158,ribonucleoside monophosphate catabolic process,1/828,15/18860,0.06666666666666667,1.5185185185185184,0.430491300429734,0.49017389185127536,0.8849190901365088,0.8197467990961619,ADA,1
GO:0014745,negative regulation of muscle adaptation,1/828,15/18860,0.06666666666666667,1.5185185185185184,0.430491300429734,0.49017389185127536,0.8849190901365088,0.8197467990961619,IGFBP5,1
GO:0015670,carbon dioxide transport,1/828,15/18860,0.06666666666666667,1.5185185185185184,0.430491300429734,0.49017389185127536,0.8849190901365088,0.8197467990961619,HBZ,1
GO:0016322,neuron remodeling,1/828,15/18860,0.06666666666666667,1.5185185185185184,0.430491300429734,0.49017389185127536,0.8849190901365088,0.8197467990961619,NTN4,1
GO:0018230,peptidyl-L-cysteine S-palmitoylation,1/828,15/18860,0.06666666666666667,1.5185185185185184,0.430491300429734,0.49017389185127536,0.8849190901365088,0.8197467990961619,ZDHHC2,1
GO:0018231,peptidyl-S-diacylglycerol-L-cysteine biosynthetic process from peptidyl-cysteine,1/828,15/18860,0.06666666666666667,1.5185185185185184,0.430491300429734,0.49017389185127536,0.8849190901365088,0.8197467990961619,ZDHHC2,1
GO:0019336,phenol-containing compound catabolic process,1/828,15/18860,0.06666666666666667,1.5185185185185184,0.430491300429734,0.49017389185127536,0.8849190901365088,0.8197467990961619,PDE1B,1
GO:0030252,growth hormone secretion,1/828,15/18860,0.06666666666666667,1.5185185185185184,0.430491300429734,0.49017389185127536,0.8849190901365088,0.8197467990961619,GHRL,1
GO:0031269,pseudopodium assembly,1/828,15/18860,0.06666666666666667,1.5185185185185184,0.430491300429734,0.49017389185127536,0.8849190901365088,0.8197467990961619,KIT,1
GO:0031392,regulation of prostaglandin biosynthetic process,1/828,15/18860,0.06666666666666667,1.5185185185185184,0.430491300429734,0.49017389185127536,0.8849190901365088,0.8197467990961619,EDN1,1
GO:0031632,positive regulation of synaptic vesicle fusion to presynaptic active zone membrane,1/828,15/18860,0.06666666666666667,1.5185185185185184,0.430491300429734,0.49017389185127536,0.8849190901365088,0.8197467990961619,ERC2,1
GO:0032488,Cdc42 protein signal transduction,1/828,15/18860,0.06666666666666667,1.5185185185185184,0.430491300429734,0.49017389185127536,0.8849190901365088,0.8197467990961619,NTN1,1
GO:0032736,positive regulation of interleukin-13 production,1/828,15/18860,0.06666666666666667,1.5185185185185184,0.430491300429734,0.49017389185127536,0.8849190901365088,0.8197467990961619,IL33,1
GO:0032823,regulation of natural killer cell differentiation,1/828,15/18860,0.06666666666666667,1.5185185185185184,0.430491300429734,0.49017389185127536,0.8849190901365088,0.8197467990961619,TOX,1
GO:0032905,transforming growth factor beta1 production,1/828,15/18860,0.06666666666666667,1.5185185185185184,0.430491300429734,0.49017389185127536,0.8849190901365088,0.8197467990961619,GATA6,1
GO:0033147,negative regulation of intracellular estrogen receptor signaling pathway,1/828,15/18860,0.06666666666666667,1.5185185185185184,0.430491300429734,0.49017389185127536,0.8849190901365088,0.8197467990961619,CYP7B1,1
GO:0035791,platelet-derived growth factor receptor-beta signaling pathway,1/828,15/18860,0.06666666666666667,1.5185185185185184,0.430491300429734,0.49017389185127536,0.8849190901365088,0.8197467990961619,HIP1R,1
GO:0036151,phosphatidylcholine acyl-chain remodeling,1/828,15/18860,0.06666666666666667,1.5185185185185184,0.430491300429734,0.49017389185127536,0.8849190901365088,0.8197467990961619,TMEM86B,1
GO:0036446,myofibroblast differentiation,1/828,15/18860,0.06666666666666667,1.5185185185185184,0.430491300429734,0.49017389185127536,0.8849190901365088,0.8197467990961619,PDCD4,1
GO:0042762,regulation of sulfur metabolic process,1/828,15/18860,0.06666666666666667,1.5185185185185184,0.430491300429734,0.49017389185127536,0.8849190901365088,0.8197467990961619,SIRT4,1
GO:0045348,positive regulation of MHC class II biosynthetic process,1/828,15/18860,0.06666666666666667,1.5185185185185184,0.430491300429734,0.49017389185127536,0.8849190901365088,0.8197467990961619,IL33,1
GO:0046541,saliva secretion,1/828,15/18860,0.06666666666666667,1.5185185185185184,0.430491300429734,0.49017389185127536,0.8849190901365088,0.8197467990961619,CHRM3,1
GO:0050667,homocysteine metabolic process,1/828,15/18860,0.06666666666666667,1.5185185185185184,0.430491300429734,0.49017389185127536,0.8849190901365088,0.8197467990961619,CBS,1
GO:0050930,induction of positive chemotaxis,1/828,15/18860,0.06666666666666667,1.5185185185185184,0.430491300429734,0.49017389185127536,0.8849190901365088,0.8197467990961619,VEGFB,1
GO:0055057,neuroblast division,1/828,15/18860,0.06666666666666667,1.5185185185185184,0.430491300429734,0.49017389185127536,0.8849190901365088,0.8197467990961619,FGF13,1
GO:0060397,growth hormone receptor signaling pathway via JAK-STAT,1/828,15/18860,0.06666666666666667,1.5185185185185184,0.430491300429734,0.49017389185127536,0.8849190901365088,0.8197467990961619,GHR,1
GO:0061043,regulation of vascular wound healing,1/828,15/18860,0.06666666666666667,1.5185185185185184,0.430491300429734,0.49017389185127536,0.8849190901365088,0.8197467990961619,VEGFB,1
GO:0070141,response to UV-A,1/828,15/18860,0.06666666666666667,1.5185185185185184,0.430491300429734,0.49017389185127536,0.8849190901365088,0.8197467990961619,EGFR,1
GO:0070207,protein homotrimerization,1/828,15/18860,0.06666666666666667,1.5185185185185184,0.430491300429734,0.49017389185127536,0.8849190901365088,0.8197467990961619,SLC1A2,1
GO:0070493,thrombin-activated receptor signaling pathway,1/828,15/18860,0.06666666666666667,1.5185185185185184,0.430491300429734,0.49017389185127536,0.8849190901365088,0.8197467990961619,F2,1
GO:0070885,negative regulation of calcineurin-NFAT signaling cascade,1/828,15/18860,0.06666666666666667,1.5185185185185184,0.430491300429734,0.49017389185127536,0.8849190901365088,0.8197467990961619,HOMER2,1
GO:0071211,protein targeting to vacuole involved in autophagy,1/828,15/18860,0.06666666666666667,1.5185185185185184,0.430491300429734,0.49017389185127536,0.8849190901365088,0.8197467990961619,LAMP2,1
GO:0072044,collecting duct development,1/828,15/18860,0.06666666666666667,1.5185185185185184,0.430491300429734,0.49017389185127536,0.8849190901365088,0.8197467990961619,TFAP2B,1
GO:0072148,epithelial cell fate commitment,1/828,15/18860,0.06666666666666667,1.5185185185185184,0.430491300429734,0.49017389185127536,0.8849190901365088,0.8197467990961619,SOSTDC1,1
GO:0072176,nephric duct development,1/828,15/18860,0.06666666666666667,1.5185185185185184,0.430491300429734,0.49017389185127536,0.8849190901365088,0.8197467990961619,GPC3,1
GO:0090206,negative regulation of cholesterol metabolic process,1/828,15/18860,0.06666666666666667,1.5185185185185184,0.430491300429734,0.49017389185127536,0.8849190901365088,0.8197467990961619,INSIG1,1
GO:0097152,mesenchymal cell apoptotic process,1/828,15/18860,0.06666666666666667,1.5185185185185184,0.430491300429734,0.49017389185127536,0.8849190901365088,0.8197467990961619,GDF5,1
GO:0097699,vascular endothelial cell response to fluid shear stress,1/828,15/18860,0.06666666666666667,1.5185185185185184,0.430491300429734,0.49017389185127536,0.8849190901365088,0.8197467990961619,PRKACB,1
GO:0098693,regulation of synaptic vesicle cycle,1/828,15/18860,0.06666666666666667,1.5185185185185184,0.430491300429734,0.49017389185127536,0.8849190901365088,0.8197467990961619,RAPGEF4,1
GO:0099502,calcium-dependent activation of synaptic vesicle fusion,1/828,15/18860,0.06666666666666667,1.5185185185185184,0.430491300429734,0.49017389185127536,0.8849190901365088,0.8197467990961619,ERC2,1
GO:0106057,negative regulation of calcineurin-mediated signaling,1/828,15/18860,0.06666666666666667,1.5185185185185184,0.430491300429734,0.49017389185127536,0.8849190901365088,0.8197467990961619,HOMER2,1
GO:0141176,gene silencing by piRNA-directed DNA methylation,1/828,15/18860,0.06666666666666667,1.5185185185185184,0.430491300429734,0.49017389185127536,0.8849190901365088,0.8197467990961619,TDRD9,1
GO:0141196,transposable element silencing by piRNA-mediated DNA methylation,1/828,15/18860,0.06666666666666667,1.5185185185185184,0.430491300429734,0.49017389185127536,0.8849190901365088,0.8197467990961619,TDRD9,1
GO:0150011,regulation of neuron projection arborization,1/828,15/18860,0.06666666666666667,1.5185185185185184,0.430491300429734,0.49017389185127536,0.8849190901365088,0.8197467990961619,FZD4,1
GO:1900748,positive regulation of vascular endothelial growth factor signaling pathway,1/828,15/18860,0.06666666666666667,1.5185185185185184,0.430491300429734,0.49017389185127536,0.8849190901365088,0.8197467990961619,CCBE1,1
GO:1901634,positive regulation of synaptic vesicle membrane organization,1/828,15/18860,0.06666666666666667,1.5185185185185184,0.430491300429734,0.49017389185127536,0.8849190901365088,0.8197467990961619,ERC2,1
GO:1901722,regulation of cell proliferation involved in kidney development,1/828,15/18860,0.06666666666666667,1.5185185185185184,0.430491300429734,0.49017389185127536,0.8849190901365088,0.8197467990961619,PDGFD,1
GO:1901857,positive regulation of cellular respiration,1/828,15/18860,0.06666666666666667,1.5185185185185184,0.430491300429734,0.49017389185127536,0.8849190901365088,0.8197467990961619,NUPR1,1
GO:1904251,regulation of bile acid metabolic process,1/828,15/18860,0.06666666666666667,1.5185185185185184,0.430491300429734,0.49017389185127536,0.8849190901365088,0.8197467990961619,KIT,1
GO:2000328,regulation of T-helper 17 cell lineage commitment,1/828,15/18860,0.06666666666666667,1.5185185185185184,0.430491300429734,0.49017389185127536,0.8849190901365088,0.8197467990961619,BRD4,1
GO:2000345,regulation of hepatocyte proliferation,1/828,15/18860,0.06666666666666667,1.5185185185185184,0.430491300429734,0.49017389185127536,0.8849190901365088,0.8197467990961619,HPN,1
GO:2001028,positive regulation of endothelial cell chemotaxis,1/828,15/18860,0.06666666666666667,1.5185185185185184,0.430491300429734,0.49017389185127536,0.8849190901365088,0.8197467990961619,PRKD1,1
GO:2001256,regulation of store-operated calcium entry,1/828,15/18860,0.06666666666666667,1.5185185185185184,0.430491300429734,0.49017389185127536,0.8849190901365088,0.8197467990961619,HOMER2,1
GO:0003300,cardiac muscle hypertrophy,5/828,105/18860,0.047619047619047616,1.0846560846560847,0.18640040132719754,0.4914588697667712,0.8858536536233215,0.820612534094317,RYR2/SORBS2/GATA6/GATA5/EDN1,5
GO:0008593,regulation of Notch signaling pathway,5/828,105/18860,0.047619047619047616,1.0846560846560847,0.18640040132719754,0.4914588697667712,0.8858536536233215,0.820612534094317,ZMIZ1/KIT/GATA5/GAS2/POSTN,5
GO:0035282,segmentation,5/828,105/18860,0.047619047619047616,1.0846560846560847,0.18640040132719754,0.4914588697667712,0.8858536536233215,0.820612534094317,PPP2R3A/PLD6/IRX3/IRX2/DKK1,5
GO:0090132,epithelium migration,5/828,105/18860,0.047619047619047616,1.0846560846560847,0.18640040132719754,0.4914588697667712,0.8858536536233215,0.820612534094317,DAAM2/EVL/KITLG/KIT/WDPCP,5
GO:0032984,protein-containing complex disassembly,12/828,264/18860,0.045454545454545456,1.0353535353535352,0.1239588657588332,0.49285361588393417,0.8880210683386687,0.8226203236143125,SMARCD3/FGF13/IGF1R/GABARAPL1/DNAJC6/LAMP2/EIF5A2/BNIP3/APC2/NES/LMOD2/ADRB2,12
GO:0042311,vasodilation,3/828,60/18860,0.05,1.1388888888888888,0.2308961829337709,0.4938925279268853,0.8884607282414444,0.8230276035588956,ADRB2/KCNJ8/S100A1,3
GO:1902930,regulation of alcohol biosynthetic process,3/828,60/18860,0.05,1.1388888888888888,0.2308961829337709,0.4938925279268853,0.8884607282414444,0.8230276035588956,GNAI1/PTH1R/INSIG1,3
GO:0002532,production of molecular mediator involved in inflammatory response,6/828,128/18860,0.046875,1.0677083333333333,0.16470530331823144,0.49414040368678536,0.8884607282414444,0.8230276035588956,CHIA/PDCD4/IL33/PBXIP1/F2/SLC18A2,6
GO:0006690,icosanoid metabolic process,6/828,128/18860,0.046875,1.0677083333333333,0.16470530331823144,0.49414040368678536,0.8884607282414444,0.8230276035588956,CYP2C8/GGT7/PLA2G1B/ALOX15B/CYP4F22/EDN1,6
GO:0030282,bone mineralization,6/828,128/18860,0.046875,1.0677083333333333,0.16470530331823144,0.49414040368678536,0.8884607282414444,0.8230276035588956,ACVR2B/GPC3/KL/PTH1R/ADRB2/GPM6B,6
GO:0002260,lymphocyte homeostasis,4/828,83/18860,0.04819277108433735,1.0977242302543508,0.19119685780512335,0.4974102228766899,0.8884607282414444,0.8230276035588956,CHST3/TSC22D3/BCL2L11/ADA,4
GO:0030500,regulation of bone mineralization,4/828,83/18860,0.04819277108433735,1.0977242302543508,0.19119685780512335,0.4974102228766899,0.8884607282414444,0.8230276035588956,ACVR2B/KL/ADRB2/GPM6B,4
GO:0030308,negative regulation of cell growth,8/828,174/18860,0.04597701149425287,1.0472541507024264,0.1341865426073258,0.49811202515952613,0.8884607282414444,0.8230276035588956,FGF13/PTPRS/ULK1/ULK2/MT3/NTN1/RERG/HRG,8
GO:0001649,osteoblast differentiation,12/828,265/18860,0.045283018867924525,1.031446540880503,0.11047150609576258,0.4981604593791745,0.8884607282414444,0.8230276035588956,RANBP3L/IGFBP2/SMAD5/CDK6/ACVR2B/PRKD1/IGFBP5/SOX2/SMAD9/PTH1R/ID4/SMOC1,12
GO:0034620,cellular response to unfolded protein,5/828,106/18860,0.04716981132075472,1.0744234800838575,0.16465256479411366,0.499851401129375,0.8884607282414444,0.8230276035588956,ASB11/FUT1/PACRG/TMTC4/BCL2L11,5
GO:2000060,positive regulation of ubiquitin-dependent protein catabolic process,5/828,106/18860,0.04716981132075472,1.0744234800838575,0.16465256479411366,0.499851401129375,0.8884607282414444,0.8230276035588956,RNF180/IL33/TGFB1I1/TRIB2/TF,5
GO:0001916,positive regulation of T cell mediated cytotoxicity,2/828,38/18860,0.05263157894736842,1.198830409356725,0.26290222988063494,0.5017662677842878,0.8884607282414444,0.8230276035588956,AZGP1/SLC22A13,2
GO:0010469,regulation of signaling receptor activity,2/828,38/18860,0.05263157894736842,1.198830409356725,0.26290222988063494,0.5017662677842878,0.8884607282414444,0.8230276035588956,CNIH3/GREM2,2
GO:0010664,negative regulation of striated muscle cell apoptotic process,2/828,38/18860,0.05263157894736842,1.198830409356725,0.26290222988063494,0.5017662677842878,0.8884607282414444,0.8230276035588956,SIRT4/NUPR1,2
GO:0010984,regulation of lipoprotein particle clearance,2/828,38/18860,0.05263157894736842,1.198830409356725,0.26290222988063494,0.5017662677842878,0.8884607282414444,0.8230276035588956,GPIHBP1/ABCC8,2
GO:0031114,regulation of microtubule depolymerization,2/828,38/18860,0.05263157894736842,1.198830409356725,0.26290222988063494,0.5017662677842878,0.8884607282414444,0.8230276035588956,FGF13/APC2,2
GO:0034063,stress granule assembly,2/828,38/18860,0.05263157894736842,1.198830409356725,0.26290222988063494,0.5017662677842878,0.8884607282414444,0.8230276035588956,PRKAA2/CIRBP,2
GO:0038094,Fc-gamma receptor signaling pathway,2/828,38/18860,0.05263157894736842,1.198830409356725,0.26290222988063494,0.5017662677842878,0.8884607282414444,0.8230276035588956,PLA2G6/VAV3,2
GO:0048665,neuron fate specification,2/828,38/18860,0.05263157894736842,1.198830409356725,0.26290222988063494,0.5017662677842878,0.8884607282414444,0.8230276035588956,FOXA1/SIX1,2
GO:0050685,positive regulation of mRNA processing,2/828,38/18860,0.05263157894736842,1.198830409356725,0.26290222988063494,0.5017662677842878,0.8884607282414444,0.8230276035588956,CELF4/CIRBP,2
GO:0051346,negative regulation of hydrolase activity,2/828,38/18860,0.05263157894736842,1.198830409356725,0.26290222988063494,0.5017662677842878,0.8884607282414444,0.8230276035588956,PLIN5/GPSM1,2
GO:0006986,response to unfolded protein,7/828,152/18860,0.046052631578947366,1.0489766081871343,0.12991202966373339,0.5032959363819793,0.8884607282414444,0.8230276035588956,ASB11/FUT1/HSPB7/PACRG/ERP27/TMTC4/BCL2L11,7
GO:0006513,protein monoubiquitination,3/828,61/18860,0.04918032786885246,1.1202185792349726,0.20152163773820983,0.5049925291554702,0.8884607282414444,0.8230276035588956,PDCD6/NEDD4L/RNF152,3
GO:0032387,negative regulation of intracellular transport,3/828,61/18860,0.04918032786885246,1.1202185792349726,0.20152163773820983,0.5049925291554702,0.8884607282414444,0.8230276035588956,ABCA2/INSIG1/CABP1,3
GO:0038093,Fc receptor signaling pathway,3/828,61/18860,0.04918032786885246,1.1202185792349726,0.20152163773820983,0.5049925291554702,0.8884607282414444,0.8230276035588956,KIT/PLA2G6/VAV3,3
GO:0045912,negative regulation of carbohydrate metabolic process,3/828,61/18860,0.04918032786885246,1.1202185792349726,0.20152163773820983,0.5049925291554702,0.8884607282414444,0.8230276035588956,LEPR/NUPR1/C1QTNF3,3
GO:0060425,lung morphogenesis,3/828,61/18860,0.04918032786885246,1.1202185792349726,0.20152163773820983,0.5049925291554702,0.8884607282414444,0.8230276035588956,CELSR1/FOXA1/VANGL2,3
GO:1904427,positive regulation of calcium ion transmembrane transport,3/828,61/18860,0.04918032786885246,1.1202185792349726,0.20152163773820983,0.5049925291554702,0.8884607282414444,0.8230276035588956,PPP3CC/PLA2G1B/F2,3
GO:0003151,outflow tract morphogenesis,4/828,84/18860,0.047619047619047616,1.0846560846560847,0.16662832647283016,0.5068373170825476,0.8884607282414444,0.8230276035588956,FOLR1/GATA6/EDN1/SIX1,4
GO:0030516,regulation of axon extension,4/828,84/18860,0.047619047619047616,1.0846560846560847,0.16662832647283016,0.5068373170825476,0.8884607282414444,0.8230276035588956,PTPRS/ZFYVE27/MT3/NTN1,4
GO:0042246,tissue regeneration,4/828,84/18860,0.047619047619047616,1.0846560846560847,0.16662832647283016,0.5068373170825476,0.8884607282414444,0.8230276035588956,ERBB4/APOA5/SOX2/POSTN,4
GO:0045913,positive regulation of carbohydrate metabolic process,4/828,84/18860,0.047619047619047616,1.0846560846560847,0.16662832647283016,0.5068373170825476,0.8884607282414444,0.8230276035588956,PRKAA2/PPARGC1A/SORBS1/PTH1R,4
GO:0060390,regulation of SMAD protein signal transduction,4/828,84/18860,0.047619047619047616,1.0846560846560847,0.16662832647283016,0.5068373170825476,0.8884607282414444,0.8230276035588956,GDF5/BMPER/TGFB3/DKK1,4
GO:0072665,protein localization to vacuole,5/828,107/18860,0.04672897196261682,1.0643821391484942,0.1431114769237645,0.5081903107191005,0.8884607282414444,0.8230276035588956,GPR155/LAMP2/VPS37D/PRKAA2/RNF152,5
GO:0046165,alcohol biosynthetic process,7/828,153/18860,0.0457516339869281,1.0421205519244734,0.1120960333615261,0.5102606858955389,0.8884607282414444,0.8230276035588956,TM7SF2/PRKAA2/GNAI1/ABCA2/IP6K3/PTH1R/INSIG1,7
GO:0010508,positive regulation of autophagy,8/828,176/18860,0.045454545454545456,1.0353535353535352,0.10097335895860296,0.5111238719544938,0.8884607282414444,0.8230276035588956,GPSM1/MID2/BNIP3/PRKAA2/ULK1/PRKD1/RNF152/ADRB2,8
GO:0048659,smooth muscle cell proliferation,8/828,176/18860,0.045454545454545456,1.0353535353535352,0.10097335895860296,0.5111238719544938,0.8884607282414444,0.8230276035588956,PDGFD/PDCD4/RBPMS2/PPARGC1A/IGFBP5/EFEMP2/TGFB3/EDN1,8
GO:0001977,renal system process involved in regulation of blood volume,1/828,16/18860,0.0625,1.4236111111111112,0.36323972294852275,0.5125743172981918,0.8884607282414444,0.8230276035588956,TTR,1
GO:0002076,osteoblast development,1/828,16/18860,0.0625,1.4236111111111112,0.36323972294852275,0.5125743172981918,0.8884607282414444,0.8230276035588956,PTH1R,1
GO:0002371,dendritic cell cytokine production,1/828,16/18860,0.0625,1.4236111111111112,0.36323972294852275,0.5125743172981918,0.8884607282414444,0.8230276035588956,KIT,1
GO:0002428,antigen processing and presentation of peptide antigen via MHC class Ib,1/828,16/18860,0.0625,1.4236111111111112,0.36323972294852275,0.5125743172981918,0.8884607282414444,0.8230276035588956,AZGP1,1
GO:0002517,T cell tolerance induction,1/828,16/18860,0.0625,1.4236111111111112,0.36323972294852275,0.5125743172981918,0.8884607282414444,0.8230276035588956,CD3E,1
GO:0002730,regulation of dendritic cell cytokine production,1/828,16/18860,0.0625,1.4236111111111112,0.36323972294852275,0.5125743172981918,0.8884607282414444,0.8230276035588956,KIT,1
GO:0002923,regulation of humoral immune response mediated by circulating immunoglobulin,1/828,16/18860,0.0625,1.4236111111111112,0.36323972294852275,0.5125743172981918,0.8884607282414444,0.8230276035588956,SUSD4,1
GO:0006086,pyruvate decarboxylation to acetyl-CoA,1/828,16/18860,0.0625,1.4236111111111112,0.36323972294852275,0.5125743172981918,0.8884607282414444,0.8230276035588956,SIRT4,1
GO:0006555,methionine metabolic process,1/828,16/18860,0.0625,1.4236111111111112,0.36323972294852275,0.5125743172981918,0.8884607282414444,0.8230276035588956,GNMT,1
GO:0007158,neuron cell-cell adhesion,1/828,16/18860,0.0625,1.4236111111111112,0.36323972294852275,0.5125743172981918,0.8884607282414444,0.8230276035588956,RET,1
GO:0007210,serotonin receptor signaling pathway,1/828,16/18860,0.0625,1.4236111111111112,0.36323972294852275,0.5125743172981918,0.8884607282414444,0.8230276035588956,HTR3E,1
GO:0007216,G protein-coupled glutamate receptor signaling pathway,1/828,16/18860,0.0625,1.4236111111111112,0.36323972294852275,0.5125743172981918,0.8884607282414444,0.8230276035588956,HOMER2,1
GO:0009263,deoxyribonucleotide biosynthetic process,1/828,16/18860,0.0625,1.4236111111111112,0.36323972294852275,0.5125743172981918,0.8884607282414444,0.8230276035588956,NME3,1
GO:0009265,2'-deoxyribonucleotide biosynthetic process,1/828,16/18860,0.0625,1.4236111111111112,0.36323972294852275,0.5125743172981918,0.8884607282414444,0.8230276035588956,NME3,1
GO:0010455,positive regulation of cell fate commitment,1/828,16/18860,0.0625,1.4236111111111112,0.36323972294852275,0.5125743172981918,0.8884607282414444,0.8230276035588956,BRD4,1
GO:0010649,regulation of cell communication by electrical coupling,1/828,16/18860,0.0625,1.4236111111111112,0.36323972294852275,0.5125743172981918,0.8884607282414444,0.8230276035588956,IRX3,1
GO:0010766,negative regulation of sodium ion transport,1/828,16/18860,0.0625,1.4236111111111112,0.36323972294852275,0.5125743172981918,0.8884607282414444,0.8230276035588956,NEDD4L,1
GO:0010832,negative regulation of myotube differentiation,1/828,16/18860,0.0625,1.4236111111111112,0.36323972294852275,0.5125743172981918,0.8884607282414444,0.8230276035588956,HDAC5,1
GO:0015846,polyamine transport,1/828,16/18860,0.0625,1.4236111111111112,0.36323972294852275,0.5125743172981918,0.8884607282414444,0.8230276035588956,ATP13A5,1
GO:0018126,protein hydroxylation,1/828,16/18860,0.0625,1.4236111111111112,0.36323972294852275,0.5125743172981918,0.8884607282414444,0.8230276035588956,PLOD2,1
GO:0019896,axonal transport of mitochondrion,1/828,16/18860,0.0625,1.4236111111111112,0.36323972294852275,0.5125743172981918,0.8884607282414444,0.8230276035588956,NEFL,1
GO:0021694,cerebellar Purkinje cell layer formation,1/828,16/18860,0.0625,1.4236111111111112,0.36323972294852275,0.5125743172981918,0.8884607282414444,0.8230276035588956,RORA,1
GO:0021859,pyramidal neuron differentiation,1/828,16/18860,0.0625,1.4236111111111112,0.36323972294852275,0.5125743172981918,0.8884607282414444,0.8230276035588956,ZMIZ1,1
GO:0021984,adenohypophysis development,1/828,16/18860,0.0625,1.4236111111111112,0.36323972294852275,0.5125743172981918,0.8884607282414444,0.8230276035588956,SOX2,1
GO:0030214,hyaluronan catabolic process,1/828,16/18860,0.0625,1.4236111111111112,0.36323972294852275,0.5125743172981918,0.8884607282414444,0.8230276035588956,STAB2,1
GO:0031268,pseudopodium organization,1/828,16/18860,0.0625,1.4236111111111112,0.36323972294852275,0.5125743172981918,0.8884607282414444,0.8230276035588956,KIT,1
GO:0032230,"positive regulation of synaptic transmission, GABAergic",1/828,16/18860,0.0625,1.4236111111111112,0.36323972294852275,0.5125743172981918,0.8884607282414444,0.8230276035588956,NALCN,1
GO:0032354,response to follicle-stimulating hormone,1/828,16/18860,0.0625,1.4236111111111112,0.36323972294852275,0.5125743172981918,0.8884607282414444,0.8230276035588956,EDN1,1
GO:0032897,negative regulation of viral transcription,1/828,16/18860,0.0625,1.4236111111111112,0.36323972294852275,0.5125743172981918,0.8884607282414444,0.8230276035588956,MID2,1
GO:0033599,regulation of mammary gland epithelial cell proliferation,1/828,16/18860,0.0625,1.4236111111111112,0.36323972294852275,0.5125743172981918,0.8884607282414444,0.8230276035588956,DEAF1,1
GO:0034260,negative regulation of GTPase activity,1/828,16/18860,0.0625,1.4236111111111112,0.36323972294852275,0.5125743172981918,0.8884607282414444,0.8230276035588956,GPSM1,1
GO:0038065,collagen-activated signaling pathway,1/828,16/18860,0.0625,1.4236111111111112,0.36323972294852275,0.5125743172981918,0.8884607282414444,0.8230276035588956,COL4A5,1
GO:0042559,pteridine-containing compound biosynthetic process,1/828,16/18860,0.0625,1.4236111111111112,0.36323972294852275,0.5125743172981918,0.8884607282414444,0.8230276035588956,FOLR1,1
GO:0043328,protein transport to vacuole involved in ubiquitin-dependent protein catabolic process via the multivesicular body sorting pathway,1/828,16/18860,0.0625,1.4236111111111112,0.36323972294852275,0.5125743172981918,0.8884607282414444,0.8230276035588956,VPS37D,1
GO:0043650,dicarboxylic acid biosynthetic process,1/828,16/18860,0.0625,1.4236111111111112,0.36323972294852275,0.5125743172981918,0.8884607282414444,0.8230276035588956,GLS2,1
GO:0044793,host-mediated suppression of viral proces,1/828,16/18860,0.0625,1.4236111111111112,0.36323972294852275,0.5125743172981918,0.8884607282414444,0.8230276035588956,BRD4,1
GO:0046385,deoxyribose phosphate biosynthetic process,1/828,16/18860,0.0625,1.4236111111111112,0.36323972294852275,0.5125743172981918,0.8884607282414444,0.8230276035588956,NME3,1
GO:0046512,sphingosine biosynthetic process,1/828,16/18860,0.0625,1.4236111111111112,0.36323972294852275,0.5125743172981918,0.8884607282414444,0.8230276035588956,ABCA2,1
GO:0046520,sphingoid biosynthetic process,1/828,16/18860,0.0625,1.4236111111111112,0.36323972294852275,0.5125743172981918,0.8884607282414444,0.8230276035588956,ABCA2,1
GO:0046642,negative regulation of alpha-beta T cell proliferation,1/828,16/18860,0.0625,1.4236111111111112,0.36323972294852275,0.5125743172981918,0.8884607282414444,0.8230276035588956,SLC4A2,1
GO:0051290,protein heterotetramerization,1/828,16/18860,0.0625,1.4236111111111112,0.36323972294852275,0.5125743172981918,0.8884607282414444,0.8230276035588956,GRIA3,1
GO:0051412,response to corticosterone,1/828,16/18860,0.0625,1.4236111111111112,0.36323972294852275,0.5125743172981918,0.8884607282414444,0.8230276035588956,NEFL,1
GO:0060457,negative regulation of digestive system process,1/828,16/18860,0.0625,1.4236111111111112,0.36323972294852275,0.5125743172981918,0.8884607282414444,0.8230276035588956,PTGER3,1
GO:0070234,positive regulation of T cell apoptotic process,1/828,16/18860,0.0625,1.4236111111111112,0.36323972294852275,0.5125743172981918,0.8884607282414444,0.8230276035588956,BCL2L11,1
GO:0070593,dendrite self-avoidance,1/828,16/18860,0.0625,1.4236111111111112,0.36323972294852275,0.5125743172981918,0.8884607282414444,0.8230276035588956,ROBO3,1
GO:0071340,skeletal muscle acetylcholine-gated channel clustering,1/828,16/18860,0.0625,1.4236111111111112,0.36323972294852275,0.5125743172981918,0.8884607282414444,0.8230276035588956,RAPSN,1
GO:0072498,embryonic skeletal joint development,1/828,16/18860,0.0625,1.4236111111111112,0.36323972294852275,0.5125743172981918,0.8884607282414444,0.8230276035588956,COL2A1,1
GO:0090030,regulation of steroid hormone biosynthetic process,1/828,16/18860,0.0625,1.4236111111111112,0.36323972294852275,0.5125743172981918,0.8884607282414444,0.8230276035588956,PDE8B,1
GO:0090281,negative regulation of calcium ion import,1/828,16/18860,0.0625,1.4236111111111112,0.36323972294852275,0.5125743172981918,0.8884607282414444,0.8230276035588956,PPP3CC,1
GO:0099116,tRNA 5'-end processing,1/828,16/18860,0.0625,1.4236111111111112,0.36323972294852275,0.5125743172981918,0.8884607282414444,0.8230276035588956,RPP30,1
GO:0099151,regulation of postsynaptic density assembly,1/828,16/18860,0.0625,1.4236111111111112,0.36323972294852275,0.5125743172981918,0.8884607282414444,0.8230276035588956,PTPRS,1
GO:0140966,piRNA-mediated heterochromatin formation,1/828,16/18860,0.0625,1.4236111111111112,0.36323972294852275,0.5125743172981918,0.8884607282414444,0.8230276035588956,TDRD9,1
GO:0141163,positive regulation of cAMP/PKA signal transduction,1/828,16/18860,0.0625,1.4236111111111112,0.36323972294852275,0.5125743172981918,0.8884607282414444,0.8230276035588956,ADRB2,1
GO:1900006,positive regulation of dendrite development,1/828,16/18860,0.0625,1.4236111111111112,0.36323972294852275,0.5125743172981918,0.8884607282414444,0.8230276035588956,PACSIN1,1
GO:1901741,positive regulation of myoblast fusion,1/828,16/18860,0.0625,1.4236111111111112,0.36323972294852275,0.5125743172981918,0.8884607282414444,0.8230276035588956,NFATC2,1
GO:1903236,regulation of leukocyte tethering or rolling,1/828,16/18860,0.0625,1.4236111111111112,0.36323972294852275,0.5125743172981918,0.8884607282414444,0.8230276035588956,FUT9,1
GO:1903540,establishment of protein localization to postsynaptic membrane,1/828,16/18860,0.0625,1.4236111111111112,0.36323972294852275,0.5125743172981918,0.8884607282414444,0.8230276035588956,RAPSN,1
GO:1903727,positive regulation of phospholipid metabolic process,1/828,16/18860,0.0625,1.4236111111111112,0.36323972294852275,0.5125743172981918,0.8884607282414444,0.8230276035588956,FABP3,1
GO:1903894,regulation of IRE1-mediated unfolded protein response,1/828,16/18860,0.0625,1.4236111111111112,0.36323972294852275,0.5125743172981918,0.8884607282414444,0.8230276035588956,BCL2L11,1
GO:1905664,regulation of calcium ion import across plasma membrane,1/828,16/18860,0.0625,1.4236111111111112,0.36323972294852275,0.5125743172981918,0.8884607282414444,0.8230276035588956,PPP3CC,1
GO:2001212,regulation of vasculogenesis,1/828,16/18860,0.0625,1.4236111111111112,0.36323972294852275,0.5125743172981918,0.8884607282414444,0.8230276035588956,ADM,1
GO:0021953,central nervous system neuron differentiation,11/828,245/18860,0.044897959183673466,1.0226757369614512,0.07655357587591288,0.5133432354663741,0.8884607282414444,0.8230276035588956,ZMIZ1/PTF1A/ERBB4/EPHB3/NIN/LONRF2/TOX/RORA/ID4/NPY/DKK1,11
GO:0003180,aortic valve morphogenesis,2/828,39/18860,0.05128205128205128,1.168091168091168,0.22516889711531174,0.5156927513229037,0.8884607282414444,0.8230276035588956,ADAMTS19/GATA5,2
GO:0006516,glycoprotein catabolic process,2/828,39/18860,0.05128205128205128,1.168091168091168,0.22516889711531174,0.5156927513229037,0.8884607282414444,0.8230276035588956,IDUA/FBXO27,2
GO:0006958,"complement activation, classical pathway",2/828,39/18860,0.05128205128205128,1.168091168091168,0.22516889711531174,0.5156927513229037,0.8884607282414444,0.8230276035588956,SUSD4/C5,2
GO:0021955,central nervous system neuron axonogenesis,2/828,39/18860,0.05128205128205128,1.168091168091168,0.22516889711531174,0.5156927513229037,0.8884607282414444,0.8230276035588956,EPHB3/NIN,2
GO:0023019,signal transduction involved in regulation of gene expression,2/828,39/18860,0.05128205128205128,1.168091168091168,0.22516889711531174,0.5156927513229037,0.8884607282414444,0.8230276035588956,DAND5/EDN1,2
GO:0045773,positive regulation of axon extension,2/828,39/18860,0.05128205128205128,1.168091168091168,0.22516889711531174,0.5156927513229037,0.8884607282414444,0.8230276035588956,ZFYVE27/NTN1,2
GO:0046473,phosphatidic acid metabolic process,2/828,39/18860,0.05128205128205128,1.168091168091168,0.22516889711531174,0.5156927513229037,0.8884607282414444,0.8230276035588956,DGKD/PLA2G6,2
GO:0048384,retinoic acid receptor signaling pathway,2/828,39/18860,0.05128205128205128,1.168091168091168,0.22516889711531174,0.5156927513229037,0.8884607282414444,0.8230276035588956,ESRRG/PTF1A,2
GO:0048741,skeletal muscle fiber development,2/828,39/18860,0.05128205128205128,1.168091168091168,0.22516889711531174,0.5156927513229037,0.8884607282414444,0.8230276035588956,DNER/SIX1,2
GO:0051125,regulation of actin nucleation,2/828,39/18860,0.05128205128205128,1.168091168091168,0.22516889711531174,0.5156927513229037,0.8884607282414444,0.8230276035588956,WASF3/HIP1R,2
GO:0070884,regulation of calcineurin-NFAT signaling cascade,2/828,39/18860,0.05128205128205128,1.168091168091168,0.22516889711531174,0.5156927513229037,0.8884607282414444,0.8230276035588956,HOMER2/PPP3CC,2
GO:0071604,transforming growth factor beta production,2/828,39/18860,0.05128205128205128,1.168091168091168,0.22516889711531174,0.5156927513229037,0.8884607282414444,0.8230276035588956,GATA6/FBLN1,2
GO:0072530,purine-containing compound transmembrane transport,2/828,39/18860,0.05128205128205128,1.168091168091168,0.22516889711531174,0.5156927513229037,0.8884607282414444,0.8230276035588956,SLC29A1/SLC25A47,2
GO:0001706,endoderm formation,3/828,62/18860,0.04838709677419355,1.1021505376344085,0.17263674070271887,0.5159651618027505,0.8884607282414444,0.8230276035588956,GATA6/SOX2/DKK1,3
GO:0042306,regulation of protein import into nucleus,3/828,62/18860,0.04838709677419355,1.1021505376344085,0.17263674070271887,0.5159651618027505,0.8884607282414444,0.8230276035588956,PRKD1/CWH43/CABP1,3
GO:0043405,regulation of MAP kinase activity,3/828,62/18860,0.04838709677419355,1.1021505376344085,0.17263674070271887,0.5159651618027505,0.8884607282414444,0.8230276035588956,TPD52L1/PDCD4/TRIB2,3
GO:1901570,fatty acid derivative biosynthetic process,3/828,62/18860,0.04838709677419355,1.1021505376344085,0.17263674070271887,0.5159651618027505,0.8884607282414444,0.8230276035588956,GGT7/ACAT1/ALOX15B,3
GO:0034766,negative regulation of monoatomic ion transmembrane transport,4/828,85/18860,0.047058823529411764,1.0718954248366013,0.14235518617572723,0.5161845244417054,0.8884607282414444,0.8230276035588956,KCNE2/NEDD4L/PPP3CC/KCNQ1,4
GO:0045921,positive regulation of exocytosis,4/828,85/18860,0.047058823529411764,1.0718954248366013,0.14235518617572723,0.5161845244417054,0.8884607282414444,0.8230276035588956,FGA/FGB/FGG/SCAMP5,4
GO:0048644,muscle organ morphogenesis,4/828,85/18860,0.047058823529411764,1.0718954248366013,0.14235518617572723,0.5161845244417054,0.8884607282414444,0.8230276035588956,MYBPC3/RYR2/EFEMP2/VANGL2,4
GO:0061053,somite development,4/828,85/18860,0.047058823529411764,1.0718954248366013,0.14235518617572723,0.5161845244417054,0.8884607282414444,0.8230276035588956,PPP2R3A/SIX4/SIX1/DKK1,4
GO:0007269,neurotransmitter secretion,7/828,154/18860,0.045454545454545456,1.0353535353535352,0.0943963701264196,0.5171915706563186,0.8895309770170873,0.824019030931012,RIMS4/SYN2/ABCC8/ERC2/RIMS3/KCNJ8/NPY,7
GO:0099643,signal release from synapse,7/828,154/18860,0.045454545454545456,1.0353535353535352,0.0943963701264196,0.5171915706563186,0.8895309770170873,0.824019030931012,RIMS4/SYN2/ABCC8/ERC2/RIMS3/KCNJ8/NPY,7
GO:2000146,negative regulation of cell motility,18/828,406/18860,0.04433497536945813,1.0098522167487685,0.04300354574761927,0.5174122788100879,0.889551535641842,0.8240380754595167,PTPRM/ERBB4/CLDN19/C5/HDAC5/IL33/APOH/EVL/FIGNL2/ADA/MITF/ABCC8/ALOX15B/IGFBP5/IDH2/ATP1B2/FBLN1/HRG,18
GO:1905475,regulation of protein localization to membrane,8/828,177/18860,0.04519774011299435,1.029504080351538,0.0845080260884847,0.5175887778842853,0.889551535641842,0.8240380754595167,CDH2/EGFR/AR/ZDHHC2/GPC3/CACNA2D2/SORBS1/CAMK2B,8
GO:0032102,negative regulation of response to external stimulus,20/828,452/18860,0.04424778761061947,1.007866273352999,0.03627333593018824,0.5184123705604854,0.889600829883796,0.8240837392919577,FGA/FGB/FGG/ROBO3/PTPRS/GHRL/SUSD4/C5/IL33/APOH/C1QTNF3/FIGNL2/ADA/RORA/F2/PROC/CXCL17/HRG/EDN1/NPY,20
GO:0015748,organophosphate ester transport,8/828,178/18860,0.0449438202247191,1.0237203495630463,0.06813526532618619,0.5240244563678471,0.889600829883796,0.8240837392919577,SLC25A36/ATP8A1/APOA5/ABCC5/SLC25A47/PLTP/ATG9B/ATP8A2,8
GO:0002262,myeloid cell homeostasis,9/828,201/18860,0.04477611940298507,1.0199004975124377,0.06078134827911086,0.5240558137475712,0.889600829883796,0.8240837392919577,GLUL/HBZ/SMAD5/CDK6/BCL2L11/KITLG/KIT/SCNN1B/KCNQ1,9
GO:0032368,regulation of lipid transport,7/828,155/18860,0.04516129032258064,1.0286738351254479,0.0768113372128719,0.5240869108520383,0.889600829883796,0.8240837392919577,GHRL/ATP8A1/FABP3/ABCA2/PLTP/EDN1/ATP8A2,7
GO:0009952,anterior/posterior pattern specification,10/828,224/18860,0.044642857142857144,1.0168650793650795,0.05441123668139222,0.5241535164110105,0.889600829883796,0.8240837392919577,PPP2R3A/ACVR2B/PLD6/GPC3/HOXC13/CFC1/VANGL2/ZBTB16/HOXC4/DKK1,10
GO:0006090,pyruvate metabolic process,6/828,132/18860,0.045454545454545456,1.0353535353535352,0.08734271031599908,0.5242866374703943,0.889600829883796,0.8240837392919577,ME3/PRKAA2/SIRT4/LDHB/NUPR1/PGAM2,6
GO:0015914,phospholipid transport,5/828,109/18860,0.045871559633027525,1.0448521916411826,0.10063226562527815,0.5246965281765925,0.889600829883796,0.8240837392919577,ATP8A1/APOA5/PLTP/ATG9B/ATP8A2,5
GO:0150115,cell-substrate junction organization,5/828,109/18860,0.045871559633027525,1.0448521916411826,0.10063226562527815,0.5246965281765925,0.889600829883796,0.8240837392919577,SORBS1/WDPCP/HRG/FAM107A/GPM6B,5
GO:1901222,regulation of non-canonical NF-kappaB signal transduction,5/828,109/18860,0.045871559633027525,1.0448521916411826,0.10063226562527815,0.5246965281765925,0.889600829883796,0.8240837392919577,EDA/PDCD4/PTP4A3/C1QTNF3/EDN1,5
GO:0008625,extrinsic apoptotic signaling pathway via death domain receptors,4/828,86/18860,0.046511627906976744,1.0594315245478036,0.11836961611523326,0.5254484626969489,0.889600829883796,0.8240837392919577,FGA/FGB/FGG/MAL,4
GO:1904019,epithelial cell apoptotic process,4/828,86/18860,0.046511627906976744,1.0594315245478036,0.11836961611523326,0.5254484626969489,0.889600829883796,0.8240837392919577,RYR2/PRKAA2/NUPR1/PLA2G1B,4
GO:0006611,protein export from nucleus,3/828,63/18860,0.047619047619047616,1.0846560846560847,0.144223732803732,0.5268059337353265,0.889600829883796,0.8240837392919577,RANBP3L/PRKD1/RANBP17,3
GO:0010718,positive regulation of epithelial to mesenchymal transition,3/828,63/18860,0.047619047619047616,1.0846560846560847,0.144223732803732,0.5268059337353265,0.889600829883796,0.8240837392919577,TGFB1I1/GCNT2/TGFB3,3
GO:0044088,regulation of vacuole organization,3/828,63/18860,0.047619047619047616,1.0846560846560847,0.144223732803732,0.5268059337353265,0.889600829883796,0.8240837392919577,TBC1D14/ULK1/NUPR1,3
GO:0045453,bone resorption,3/828,63/18860,0.047619047619047616,1.0846560846560847,0.144223732803732,0.5268059337353265,0.889600829883796,0.8240837392919577,SLC4A2/PTH1R/ADRB2,3
GO:0046173,polyol biosynthetic process,3/828,63/18860,0.047619047619047616,1.0846560846560847,0.144223732803732,0.5268059337353265,0.889600829883796,0.8240837392919577,ABCA2/IP6K3/PTH1R,3
GO:0048278,vesicle docking,3/828,63/18860,0.047619047619047616,1.0846560846560847,0.144223732803732,0.5268059337353265,0.889600829883796,0.8240837392919577,STX12/TSNARE1/RIMS3,3
GO:1905517,macrophage migration,3/828,63/18860,0.047619047619047616,1.0846560846560847,0.144223732803732,0.5268059337353265,0.889600829883796,0.8240837392919577,C5/SFTPD/CXCL17,3
GO:0006084,acetyl-CoA metabolic process,2/828,40/18860,0.05,1.1388888888888888,0.1884257440968648,0.5293584435924826,0.889600829883796,0.8240837392919577,SIRT4/ACAT1,2
GO:0006497,protein lipidation,2/828,40/18860,0.05,1.1388888888888888,0.1884257440968648,0.5293584435924826,0.889600829883796,0.8240837392919577,GLUL/ZDHHC2,2
GO:0030513,positive regulation of BMP signaling pathway,2/828,40/18860,0.05,1.1388888888888888,0.1884257440968648,0.5293584435924826,0.889600829883796,0.8240837392919577,GDF5/GPC3,2
GO:0032885,regulation of polysaccharide biosynthetic process,2/828,40/18860,0.05,1.1388888888888888,0.1884257440968648,0.5293584435924826,0.889600829883796,0.8240837392919577,PPP1R3C/SORBS1,2
GO:0042401,biogenic amine biosynthetic process,2/828,40/18860,0.05,1.1388888888888888,0.1884257440968648,0.5293584435924826,0.889600829883796,0.8240837392919577,HDC/KL,2
GO:0051503,adenine nucleotide transport,2/828,40/18860,0.05,1.1388888888888888,0.1884257440968648,0.5293584435924826,0.889600829883796,0.8240837392919577,ABCC5/SLC25A47,2
GO:0060323,head morphogenesis,2/828,40/18860,0.05,1.1388888888888888,0.1884257440968648,0.5293584435924826,0.889600829883796,0.8240837392919577,TGFB3/DKK1,2
GO:0090659,walking behavior,2/828,40/18860,0.05,1.1388888888888888,0.1884257440968648,0.5293584435924826,0.889600829883796,0.8240837392919577,CWH43/KCNJ10,2
GO:0051209,release of sequestered calcium ion into cytosol,6/828,133/18860,0.045112781954887216,1.0275689223057642,0.06836975978274143,0.5317115174940336,0.889600829883796,0.8240837392919577,GSTM2/DMD/PLCL1/RYR2/PRKD1/F2,6
GO:0014812,muscle cell migration,5/828,110/18860,0.045454545454545456,1.0353535353535352,0.07968583092264057,0.532858758616593,0.889600829883796,0.8240837392919577,PDGFD/IGFBP5/SIX4/POSTN/SIX1,5
GO:0019751,polyol metabolic process,5/828,110/18860,0.045454545454545456,1.0353535353535352,0.07968583092264057,0.532858758616593,0.889600829883796,0.8240837392919577,ANGPTL3/ABCA2/IP6K3/MOGAT1/PTH1R,5
GO:0090130,tissue migration,5/828,110/18860,0.045454545454545456,1.0353535353535352,0.07968583092264057,0.532858758616593,0.889600829883796,0.8240837392919577,DAAM2/EVL/KITLG/KIT/WDPCP,5
GO:0001574,ganglioside biosynthetic process,1/828,17/18860,0.058823529411764705,1.3398692810457518,0.3004096634397628,0.5339916631524215,0.889600829883796,0.8240837392919577,ST3GAL1,1
GO:0002327,immature B cell differentiation,1/828,17/18860,0.058823529411764705,1.3398692810457518,0.3004096634397628,0.5339916631524215,0.889600829883796,0.8240837392919577,KIT,1
GO:0002840,regulation of T cell mediated immune response to tumor cell,1/828,17/18860,0.058823529411764705,1.3398692810457518,0.3004096634397628,0.5339916631524215,0.889600829883796,0.8240837392919577,SLC22A13,1
GO:0002864,regulation of acute inflammatory response to antigenic stimulus,1/828,17/18860,0.058823529411764705,1.3398692810457518,0.3004096634397628,0.5339916631524215,0.889600829883796,0.8240837392919577,NPY,1
GO:0003214,cardiac left ventricle morphogenesis,1/828,17/18860,0.058823529411764705,1.3398692810457518,0.3004096634397628,0.5339916631524215,0.889600829883796,0.8240837392919577,RYR2,1
GO:0003376,sphingosine-1-phosphate receptor signaling pathway,1/828,17/18860,0.058823529411764705,1.3398692810457518,0.3004096634397628,0.5339916631524215,0.889600829883796,0.8240837392919577,S1PR3,1
GO:0006878,intracellular copper ion homeostasis,1/828,17/18860,0.058823529411764705,1.3398692810457518,0.3004096634397628,0.5339916631524215,0.889600829883796,0.8240837392919577,MT2A,1
GO:0010663,positive regulation of striated muscle cell apoptotic process,1/828,17/18860,0.058823529411764705,1.3398692810457518,0.3004096634397628,0.5339916631524215,0.889600829883796,0.8240837392919577,BNIP3,1
GO:0010666,positive regulation of cardiac muscle cell apoptotic process,1/828,17/18860,0.058823529411764705,1.3398692810457518,0.3004096634397628,0.5339916631524215,0.889600829883796,0.8240837392919577,BNIP3,1
GO:0010989,negative regulation of low-density lipoprotein particle clearance,1/828,17/18860,0.058823529411764705,1.3398692810457518,0.3004096634397628,0.5339916631524215,0.889600829883796,0.8240837392919577,ABCC8,1
GO:0014857,regulation of skeletal muscle cell proliferation,1/828,17/18860,0.058823529411764705,1.3398692810457518,0.3004096634397628,0.5339916631524215,0.889600829883796,0.8240837392919577,SIX1,1
GO:0015671,oxygen transport,1/828,17/18860,0.058823529411764705,1.3398692810457518,0.3004096634397628,0.5339916631524215,0.889600829883796,0.8240837392919577,HBZ,1
GO:0015816,glycine transport,1/828,17/18860,0.058823529411764705,1.3398692810457518,0.3004096634397628,0.5339916631524215,0.889600829883796,0.8240837392919577,SLC6A5,1
GO:0018022,peptidyl-lysine methylation,1/828,17/18860,0.058823529411764705,1.3398692810457518,0.3004096634397628,0.5339916631524215,0.889600829883796,0.8240837392919577,SMYD2,1
GO:0018200,peptidyl-glutamic acid modification,1/828,17/18860,0.058823529411764705,1.3398692810457518,0.3004096634397628,0.5339916631524215,0.889600829883796,0.8240837392919577,TTLL7,1
GO:0019365,pyridine nucleotide salvage,1/828,17/18860,0.058823529411764705,1.3398692810457518,0.3004096634397628,0.5339916631524215,0.889600829883796,0.8240837392919577,SLC22A13,1
GO:0021535,cell migration in hindbrain,1/828,17/18860,0.058823529411764705,1.3398692810457518,0.3004096634397628,0.5339916631524215,0.889600829883796,0.8240837392919577,ATP1B2,1
GO:0021783,preganglionic parasympathetic fiber development,1/828,17/18860,0.058823529411764705,1.3398692810457518,0.3004096634397628,0.5339916631524215,0.889600829883796,0.8240837392919577,SIX1,1
GO:0021904,dorsal/ventral neural tube patterning,1/828,17/18860,0.058823529411764705,1.3398692810457518,0.3004096634397628,0.5339916631524215,0.889600829883796,0.8240837392919577,FOXA1,1
GO:0030033,microvillus assembly,1/828,17/18860,0.058823529411764705,1.3398692810457518,0.3004096634397628,0.5339916631524215,0.889600829883796,0.8240837392919577,RAP1GAP,1
GO:0030049,muscle filament sliding,1/828,17/18860,0.058823529411764705,1.3398692810457518,0.3004096634397628,0.5339916631524215,0.889600829883796,0.8240837392919577,MYBPC3,1
GO:0030167,proteoglycan catabolic process,1/828,17/18860,0.058823529411764705,1.3398692810457518,0.3004096634397628,0.5339916631524215,0.889600829883796,0.8240837392919577,IDUA,1
GO:0032305,positive regulation of icosanoid secretion,1/828,17/18860,0.058823529411764705,1.3398692810457518,0.3004096634397628,0.5339916631524215,0.889600829883796,0.8240837392919577,EDN1,1
GO:0032310,prostaglandin secretion,1/828,17/18860,0.058823529411764705,1.3398692810457518,0.3004096634397628,0.5339916631524215,0.889600829883796,0.8240837392919577,EDN1,1
GO:0032688,negative regulation of interferon-beta production,1/828,17/18860,0.058823529411764705,1.3398692810457518,0.3004096634397628,0.5339916631524215,0.889600829883796,0.8240837392919577,PTPRS,1
GO:0034310,primary alcohol catabolic process,1/828,17/18860,0.058823529411764705,1.3398692810457518,0.3004096634397628,0.5339916631524215,0.889600829883796,0.8240837392919577,SULT2A1,1
GO:0034355,NAD+ biosynthetic process via the salvage pathway,1/828,17/18860,0.058823529411764705,1.3398692810457518,0.3004096634397628,0.5339916631524215,0.889600829883796,0.8240837392919577,SLC22A13,1
GO:0034497,protein localization to phagophore assembly site,1/828,17/18860,0.058823529411764705,1.3398692810457518,0.3004096634397628,0.5339916631524215,0.889600829883796,0.8240837392919577,ATG9B,1
GO:0036005,response to macrophage colony-stimulating factor,1/828,17/18860,0.058823529411764705,1.3398692810457518,0.3004096634397628,0.5339916631524215,0.889600829883796,0.8240837392919577,PDE1B,1
GO:0042182,ketone catabolic process,1/828,17/18860,0.058823529411764705,1.3398692810457518,0.3004096634397628,0.5339916631524215,0.889600829883796,0.8240837392919577,OXCT1,1
GO:0043117,positive regulation of vascular permeability,1/828,17/18860,0.058823529411764705,1.3398692810457518,0.3004096634397628,0.5339916631524215,0.889600829883796,0.8240837392919577,PTP4A3,1
GO:0044790,suppression of viral release by host,1/828,17/18860,0.058823529411764705,1.3398692810457518,0.3004096634397628,0.5339916631524215,0.889600829883796,0.8240837392919577,MID2,1
GO:0045198,establishment of epithelial cell apical/basal polarity,1/828,17/18860,0.058823529411764705,1.3398692810457518,0.3004096634397628,0.5339916631524215,0.889600829883796,0.8240837392919577,PTK7,1
GO:0045725,positive regulation of glycogen biosynthetic process,1/828,17/18860,0.058823529411764705,1.3398692810457518,0.3004096634397628,0.5339916631524215,0.889600829883796,0.8240837392919577,SORBS1,1
GO:0046112,nucleobase biosynthetic process,1/828,17/18860,0.058823529411764705,1.3398692810457518,0.3004096634397628,0.5339916631524215,0.889600829883796,0.8240837392919577,ADA,1
GO:0048148,behavioral response to cocaine,1/828,17/18860,0.058823529411764705,1.3398692810457518,0.3004096634397628,0.5339916631524215,0.889600829883796,0.8240837392919577,HOMER2,1
GO:0051044,positive regulation of membrane protein ectodomain proteolysis,1/828,17/18860,0.058823529411764705,1.3398692810457518,0.3004096634397628,0.5339916631524215,0.889600829883796,0.8240837392919577,PACSIN3,1
GO:0051177,meiotic sister chromatid cohesion,1/828,17/18860,0.058823529411764705,1.3398692810457518,0.3004096634397628,0.5339916631524215,0.889600829883796,0.8240837392919577,REC8,1
GO:0051969,regulation of transmission of nerve impulse,1/828,17/18860,0.058823529411764705,1.3398692810457518,0.3004096634397628,0.5339916631524215,0.889600829883796,0.8240837392919577,GHRL,1
GO:0060046,regulation of acrosome reaction,1/828,17/18860,0.058823529411764705,1.3398692810457518,0.3004096634397628,0.5339916631524215,0.889600829883796,0.8240837392919577,SPINK13,1
GO:0060080,inhibitory postsynaptic potential,1/828,17/18860,0.058823529411764705,1.3398692810457518,0.3004096634397628,0.5339916631524215,0.889600829883796,0.8240837392919577,GABRB3,1
GO:0060856,establishment of blood-brain barrier,1/828,17/18860,0.058823529411764705,1.3398692810457518,0.3004096634397628,0.5339916631524215,0.889600829883796,0.8240837392919577,FZD4,1
GO:0070341,fat cell proliferation,1/828,17/18860,0.058823529411764705,1.3398692810457518,0.3004096634397628,0.5339916631524215,0.889600829883796,0.8240837392919577,SLC2A4,1
GO:0071732,cellular response to nitric oxide,1/828,17/18860,0.058823529411764705,1.3398692810457518,0.3004096634397628,0.5339916631524215,0.889600829883796,0.8240837392919577,GATA5,1
GO:0072109,glomerular mesangium development,1/828,17/18860,0.058823529411764705,1.3398692810457518,0.3004096634397628,0.5339916631524215,0.889600829883796,0.8240837392919577,PDGFD,1
GO:0090136,epithelial cell-cell adhesion,1/828,17/18860,0.058823529411764705,1.3398692810457518,0.3004096634397628,0.5339916631524215,0.889600829883796,0.8240837392919577,KIT,1
GO:0090158,endoplasmic reticulum membrane organization,1/828,17/18860,0.058823529411764705,1.3398692810457518,0.3004096634397628,0.5339916631524215,0.889600829883796,0.8240837392919577,REEP5,1
GO:0090209,negative regulation of triglyceride metabolic process,1/828,17/18860,0.058823529411764705,1.3398692810457518,0.3004096634397628,0.5339916631524215,0.889600829883796,0.8240837392919577,PLIN5,1
GO:0140367,antibacterial innate immune response,1/828,17/18860,0.058823529411764705,1.3398692810457518,0.3004096634397628,0.5339916631524215,0.889600829883796,0.8240837392919577,IL33,1
GO:1900226,negative regulation of NLRP3 inflammasome complex assembly,1/828,17/18860,0.058823529411764705,1.3398692810457518,0.3004096634397628,0.5339916631524215,0.889600829883796,0.8240837392919577,LAMP2,1
GO:1901096,regulation of autophagosome maturation,1/828,17/18860,0.058823529411764705,1.3398692810457518,0.3004096634397628,0.5339916631524215,0.889600829883796,0.8240837392919577,ADRB2,1
GO:1902033,regulation of hematopoietic stem cell proliferation,1/828,17/18860,0.058823529411764705,1.3398692810457518,0.3004096634397628,0.5339916631524215,0.889600829883796,0.8240837392919577,KITLG,1
GO:1902036,regulation of hematopoietic stem cell differentiation,1/828,17/18860,0.058823529411764705,1.3398692810457518,0.3004096634397628,0.5339916631524215,0.889600829883796,0.8240837392919577,CDK6,1
GO:1904948,midbrain dopaminergic neuron differentiation,1/828,17/18860,0.058823529411764705,1.3398692810457518,0.3004096634397628,0.5339916631524215,0.889600829883796,0.8240837392919577,DKK1,1
GO:2001279,regulation of unsaturated fatty acid biosynthetic process,1/828,17/18860,0.058823529411764705,1.3398692810457518,0.3004096634397628,0.5339916631524215,0.889600829883796,0.8240837392919577,EDN1,1
GO:0009416,response to light stimulus,15/828,341/18860,0.04398826979472141,1.0019550342130987,0.007806841011065344,0.5344775117049194,0.8900153652538514,0.8244677450688729,DEAF1/PDE1B/PDE8B/SLC1A2/B3GAT1/EGFR/CRTC1/OPN4/KIT/ABCC8/CIRBP/OPN1MW/ATP8A2/TTR/NPY,15
GO:0099068,postsynapse assembly,4/828,87/18860,0.04597701149425287,1.0472541507024264,0.09466409722257609,0.5346259469931104,0.8900153652538514,0.8244677450688729,CDH2/PTPRS/CYFIP2/SYNDIG1,4
GO:0002040,sprouting angiogenesis,9/828,203/18860,0.04433497536945813,1.0098522167487685,0.030242216647016804,0.5360931888577279,0.8921363409531488,0.8264325157013965,VEGFB/GLUL/FUT1/GHRL/HDAC5/CCBE1/BMPER/MICALL1/S100A1,9
GO:0006518,peptide metabolic process,3/828,64/18860,0.046875,1.0677083333333333,0.11626578861559259,0.5375107394811435,0.8935293718228656,0.8277229529958573,SLC1A2/DMD/GGT7,3
GO:0034381,plasma lipoprotein particle clearance,3/828,64/18860,0.046875,1.0677083333333333,0.11626578861559259,0.5375107394811435,0.8935293718228656,0.8277229529958573,APOA5/GPIHBP1/ABCC8,3
GO:0045058,T cell selection,3/828,64/18860,0.046875,1.0677083333333333,0.11626578861559259,0.5375107394811435,0.8935293718228656,0.8277229529958573,CD3E/TOX/BRD4,3
GO:0045765,regulation of angiogenesis,16/828,365/18860,0.043835616438356165,0.9984779299847794,-0.00629225687783268,0.5389313453085398,0.8948624858733689,0.8289578862094257,PDCD6/VEGFB/ANGPTL3/GLUL/PTPRM/FUT1/GHRL/CCBE1/APOH/PRKD1/GATA6/BMPER/ADM/ABCC8/HRG/S100A1,16
GO:0003206,cardiac chamber morphogenesis,6/828,134/18860,0.04477611940298507,1.0199004975124377,0.04953890158736016,0.539087794651302,0.8948624858733689,0.8289578862094257,MYBPC3/SMARCD3/RYR2/GATA6/ADAMTS19/VANGL2,6
GO:0006906,vesicle fusion,6/828,134/18860,0.04477611940298507,1.0199004975124377,0.04953890158736016,0.539087794651302,0.8948624858733689,0.8289578862094257,STX12/TBC1D4/RAB7B/ERC2/TSNARE1/VAV3,6
GO:0051283,negative regulation of sequestering of calcium ion,6/828,134/18860,0.04477611940298507,1.0199004975124377,0.04953890158736016,0.539087794651302,0.8948624858733689,0.8289578862094257,GSTM2/DMD/PLCL1/RYR2/PRKD1/F2,6
GO:0009309,amine biosynthetic process,2/828,41/18860,0.04878048780487805,1.1111111111111112,0.15261727576695802,0.5427593791328956,0.8953998245165798,0.8294556510759683,HDC/KL,2
GO:0015865,purine nucleotide transport,2/828,41/18860,0.04878048780487805,1.1111111111111112,0.15261727576695802,0.5427593791328956,0.8953998245165798,0.8294556510759683,ABCC5/SLC25A47,2
GO:0017158,regulation of calcium ion-dependent exocytosis,2/828,41/18860,0.04878048780487805,1.1111111111111112,0.15261727576695802,0.5427593791328956,0.8953998245165798,0.8294556510759683,SCAMP5/TRPV6,2
GO:0033028,myeloid cell apoptotic process,2/828,41/18860,0.04878048780487805,1.1111111111111112,0.15261727576695802,0.5427593791328956,0.8953998245165798,0.8294556510759683,APOH/KITLG,2
GO:0034389,lipid droplet organization,2/828,41/18860,0.04878048780487805,1.1111111111111112,0.15261727576695802,0.5427593791328956,0.8953998245165798,0.8294556510759683,PLIN5/PRKAA2,2
GO:0044319,"wound healing, spreading of cells",2/828,41/18860,0.04878048780487805,1.1111111111111112,0.15261727576695802,0.5427593791328956,0.8953998245165798,0.8294556510759683,ARHGAP24/FIGNL2,2
GO:0070873,regulation of glycogen metabolic process,2/828,41/18860,0.04878048780487805,1.1111111111111112,0.15261727576695802,0.5427593791328956,0.8953998245165798,0.8294556510759683,PPP1R3C/SORBS1,2
GO:0090505,epiboly involved in wound healing,2/828,41/18860,0.04878048780487805,1.1111111111111112,0.15261727576695802,0.5427593791328956,0.8953998245165798,0.8294556510759683,ARHGAP24/FIGNL2,2
GO:0022409,positive regulation of cell-cell adhesion,15/828,343/18860,0.043731778425655975,0.9961127308066082,-0.015568935255413361,0.5437367457574704,0.8953998245165798,0.8294556510759683,FGA/FGB/RAP1GAP/SMARCD3/FGG/ZMIZ1/IGFBP2/CD3E/KITLG/FOXA1/ADA/SOX2/ZBTB16/GCNT2/BRD4,15
GO:1903169,regulation of calcium ion transmembrane transport,7/828,158/18860,0.04430379746835443,1.0091420534458508,0.024727534835470043,0.5445436393510067,0.8953998245165798,0.8294556510759683,GSTM2/DMD/RYR2/PPP3CC/PRKD1/PLA2G1B/F2,7
GO:0110053,regulation of actin filament organization,12/828,274/18860,0.043795620437956206,0.9975669099756692,-0.00869346765106526,0.5452327955293859,0.8953998245165798,0.8294556510759683,CGNL1/WASF3/NPHS1/CYFIP2/HIP1R/ASAP3/PAK3/DAAM2/EVL/KANK4/TGFB3/LMOD2,12
GO:0007259,cell surface receptor signaling pathway via JAK-STAT,6/828,135/18860,0.044444444444444446,1.0123456790123457,0.03084775063247309,0.5464136335644829,0.8953998245165798,0.8294556510759683,GHR/ERBB4/CSH1/CTF1/KIT/F2,6
GO:0039532,negative regulation of cytoplasmic pattern recognition receptor signaling pathway,3/828,65/18860,0.046153846153846156,1.0512820512820513,0.08874695302647864,0.548075846075303,0.8953998245165798,0.8294556510759683,LAMP2/PTPRS/RAB7B,3
GO:0097352,autophagosome maturation,3/828,65/18860,0.046153846153846156,1.0512820512820513,0.08874695302647864,0.548075846075303,0.8953998245165798,0.8294556510759683,GABARAPL1/LAMP2/ADRB2,3
GO:1903409,reactive oxygen species biosynthetic process,3/828,65/18860,0.046153846153846156,1.0512820512820513,0.08874695302647864,0.548075846075303,0.8953998245165798,0.8294556510759683,DUOX1/DUOXA1/SLC18A2,3
GO:2000630,positive regulation of miRNA metabolic process,3/828,65/18860,0.046153846153846156,1.0512820512820513,0.08874695302647864,0.548075846075303,0.8953998245165798,0.8294556510759683,EGFR/AR/FOXA1,3
GO:0001894,tissue homeostasis,12/828,275/18860,0.04363636363636364,0.993939393939394,-0.021694701014758053,0.5503720859732057,0.8953998245165798,0.8294556510759683,SH3GL2/COL2A1/DMD/LAMA2/ALDH1A1/SLC4A2/ABCC8/RDH12/PTH1R/ATP1B2/GCNT2/ADRB2,12
GO:0060249,anatomical structure homeostasis,12/828,275/18860,0.04363636363636364,0.993939393939394,-0.021694701014758053,0.5503720859732057,0.8953998245165798,0.8294556510759683,SH3GL2/COL2A1/DMD/LAMA2/ALDH1A1/SLC4A2/ABCC8/RDH12/PTH1R/ATP1B2/GCNT2/ADRB2,12
GO:0001558,regulation of cell growth,18/828,414/18860,0.043478260869565216,0.9903381642512077,-0.04259525945144041,0.5513509996442681,0.8953998245165798,0.8294556510759683,FGF13/PTPRS/EGFR/HPN/ULK1/NEDD4L/ULK2/ZFYVE27/SGK1/MT3/IGFBP5/F2/NTN1/RERG/HRG/FAM107A/EDN1/KIF26A,18
GO:0030336,negative regulation of cell migration,17/828,391/18860,0.043478260869565216,0.9903381642512077,-0.04136936812636033,0.5518003088943368,0.8953998245165798,0.8294556510759683,PTPRM/ERBB4/CLDN19/C5/HDAC5/IL33/APOH/EVL/FIGNL2/ADA/MITF/ABCC8/ALOX15B/IGFBP5/IDH2/ATP1B2/HRG,17
GO:0035050,embryonic heart tube development,4/828,89/18860,0.0449438202247191,1.0237203495630463,0.04806455575669099,0.5527097792910516,0.8953998245165798,0.8294556510759683,FOLR1/RYR2/VANGL2/EDN1,4
GO:1901264,carbohydrate derivative transport,4/828,89/18860,0.0449438202247191,1.0237203495630463,0.04806455575669099,0.5527097792910516,0.8953998245165798,0.8294556510759683,SLC5A2/SLC29A1/ABCC5/PLTP,4
GO:2000243,positive regulation of reproductive process,4/828,89/18860,0.0449438202247191,1.0237203495630463,0.04806455575669099,0.5527097792910516,0.8953998245165798,0.8294556510759683,AR/TAC4/SYDE1/DEFB1,4
GO:2000628,regulation of miRNA metabolic process,4/828,89/18860,0.0449438202247191,1.0237203495630463,0.04806455575669099,0.5527097792910516,0.8953998245165798,0.8294556510759683,EGFR/AR/FOXA1/ZNF512B,4
GO:0048706,embryonic skeletal system development,6/828,136/18860,0.04411764705882353,1.0049019607843137,0.012293980497061997,0.5536872729599682,0.8953998245165798,0.8294556510759683,DEAF1/COL2A1/CHST11/SIX4/HOXC4/SIX1,6
GO:0051282,regulation of sequestering of calcium ion,6/828,136/18860,0.04411764705882353,1.0049019607843137,0.012293980497061997,0.5536872729599682,0.8953998245165798,0.8294556510759683,GSTM2/DMD/PLCL1/RYR2/PRKD1/F2,6
GO:0061025,membrane fusion,9/828,206/18860,0.043689320388349516,0.9951456310679612,-0.01501180633113976,0.5539361557011042,0.8953998245165798,0.8294556510759683,STX12/FOLR1/SERPINA5/TBC1D4/RAB7B/ERC2/TSNARE1/VAV3/FOLR3,9
GO:0001710,mesodermal cell fate commitment,1/828,18/18860,0.05555555555555555,1.2654320987654322,0.24142305606414208,0.5544690235997916,0.8953998245165798,0.8294556510759683,DKK1,1
GO:0002830,positive regulation of type 2 immune response,1/828,18/18860,0.05555555555555555,1.2654320987654322,0.24142305606414208,0.5544690235997916,0.8953998245165798,0.8294556510759683,IL33,1
GO:0002921,negative regulation of humoral immune response,1/828,18/18860,0.05555555555555555,1.2654320987654322,0.24142305606414208,0.5544690235997916,0.8953998245165798,0.8294556510759683,SUSD4,1
GO:0006577,amino-acid betaine metabolic process,1/828,18/18860,0.05555555555555555,1.2654320987654322,0.24142305606414208,0.5544690235997916,0.8953998245165798,0.8294556510759683,ACADL,1
GO:0008298,intracellular mRNA localization,1/828,18/18860,0.05555555555555555,1.2654320987654322,0.24142305606414208,0.5544690235997916,0.8953998245165798,0.8294556510759683,KIF5C,1
GO:0009151,purine deoxyribonucleotide metabolic process,1/828,18/18860,0.05555555555555555,1.2654320987654322,0.24142305606414208,0.5544690235997916,0.8953998245165798,0.8294556510759683,ADA,1
GO:0009223,pyrimidine deoxyribonucleotide catabolic process,1/828,18/18860,0.05555555555555555,1.2654320987654322,0.24142305606414208,0.5544690235997916,0.8953998245165798,0.8294556510759683,NT5M,1
GO:0010544,negative regulation of platelet activation,1/828,18/18860,0.05555555555555555,1.2654320987654322,0.24142305606414208,0.5544690235997916,0.8953998245165798,0.8294556510759683,F2,1
GO:0010755,regulation of plasminogen activation,1/828,18/18860,0.05555555555555555,1.2654320987654322,0.24142305606414208,0.5544690235997916,0.8953998245165798,0.8294556510759683,HPN,1
GO:0014841,skeletal muscle satellite cell proliferation,1/828,18/18860,0.05555555555555555,1.2654320987654322,0.24142305606414208,0.5544690235997916,0.8953998245165798,0.8294556510759683,SIX1,1
GO:0015936,coenzyme A metabolic process,1/828,18/18860,0.05555555555555555,1.2654320987654322,0.24142305606414208,0.5544690235997916,0.8953998245165798,0.8294556510759683,ACAT1,1
GO:0016264,gap junction assembly,1/828,18/18860,0.05555555555555555,1.2654320987654322,0.24142305606414208,0.5544690235997916,0.8953998245165798,0.8294556510759683,IRX3,1
GO:0016553,base conversion or substitution editing,1/828,18/18860,0.05555555555555555,1.2654320987654322,0.24142305606414208,0.5544690235997916,0.8953998245165798,0.8294556510759683,APOBEC2,1
GO:0019373,epoxygenase P450 pathway,1/828,18/18860,0.05555555555555555,1.2654320987654322,0.24142305606414208,0.5544690235997916,0.8953998245165798,0.8294556510759683,CYP2C8,1
GO:0030903,notochord development,1/828,18/18860,0.05555555555555555,1.2654320987654322,0.24142305606414208,0.5544690235997916,0.8953998245165798,0.8294556510759683,COL2A1,1
GO:0031998,regulation of fatty acid beta-oxidation,1/828,18/18860,0.05555555555555555,1.2654320987654322,0.24142305606414208,0.5544690235997916,0.8953998245165798,0.8294556510759683,PLIN5,1
GO:0032026,response to magnesium ion,1/828,18/18860,0.05555555555555555,1.2654320987654322,0.24142305606414208,0.5544690235997916,0.8953998245165798,0.8294556510759683,SLC41A1,1
GO:0032530,regulation of microvillus organization,1/828,18/18860,0.05555555555555555,1.2654320987654322,0.24142305606414208,0.5544690235997916,0.8953998245165798,0.8294556510759683,RAP1GAP,1
GO:0032933,SREBP signaling pathway,1/828,18/18860,0.05555555555555555,1.2654320987654322,0.24142305606414208,0.5544690235997916,0.8953998245165798,0.8294556510759683,INSIG1,1
GO:0035269,protein O-linked glycosylation via mannose,1/828,18/18860,0.05555555555555555,1.2654320987654322,0.24142305606414208,0.5544690235997916,0.8953998245165798,0.8294556510759683,TMTC4,1
GO:0042308,negative regulation of protein import into nucleus,1/828,18/18860,0.05555555555555555,1.2654320987654322,0.24142305606414208,0.5544690235997916,0.8953998245165798,0.8294556510759683,CABP1,1
GO:0043923,host-mediated activation of viral transcription,1/828,18/18860,0.05555555555555555,1.2654320987654322,0.24142305606414208,0.5544690235997916,0.8953998245165798,0.8294556510759683,HPN,1
GO:0044539,long-chain fatty acid import into cell,1/828,18/18860,0.05555555555555555,1.2654320987654322,0.24142305606414208,0.5544690235997916,0.8953998245165798,0.8294556510759683,FABP3,1
GO:0045945,positive regulation of transcription by RNA polymerase III,1/828,18/18860,0.05555555555555555,1.2654320987654322,0.24142305606414208,0.5544690235997916,0.8953998245165798,0.8294556510759683,AR,1
GO:0045956,positive regulation of calcium ion-dependent exocytosis,1/828,18/18860,0.05555555555555555,1.2654320987654322,0.24142305606414208,0.5544690235997916,0.8953998245165798,0.8294556510759683,SCAMP5,1
GO:0046579,positive regulation of Ras protein signal transduction,1/828,18/18860,0.05555555555555555,1.2654320987654322,0.24142305606414208,0.5544690235997916,0.8953998245165798,0.8294556510759683,KITLG,1
GO:0048368,lateral mesoderm development,1/828,18/18860,0.05555555555555555,1.2654320987654322,0.24142305606414208,0.5544690235997916,0.8953998245165798,0.8294556510759683,DAND5,1
GO:0048557,embryonic digestive tract morphogenesis,1/828,18/18860,0.05555555555555555,1.2654320987654322,0.24142305606414208,0.5544690235997916,0.8953998245165798,0.8294556510759683,RBPMS2,1
GO:0055089,fatty acid homeostasis,1/828,18/18860,0.05555555555555555,1.2654320987654322,0.24142305606414208,0.5544690235997916,0.8953998245165798,0.8294556510759683,PRKAA2,1
GO:0060039,pericardium development,1/828,18/18860,0.05555555555555555,1.2654320987654322,0.24142305606414208,0.5544690235997916,0.8953998245165798,0.8294556510759683,FLRT3,1
GO:0060644,mammary gland epithelial cell differentiation,1/828,18/18860,0.05555555555555555,1.2654320987654322,0.24142305606414208,0.5544690235997916,0.8953998245165798,0.8294556510759683,ERBB4,1
GO:0070206,protein trimerization,1/828,18/18860,0.05555555555555555,1.2654320987654322,0.24142305606414208,0.5544690235997916,0.8953998245165798,0.8294556510759683,SLC1A2,1
GO:0071499,cellular response to laminar fluid shear stress,1/828,18/18860,0.05555555555555555,1.2654320987654322,0.24142305606414208,0.5544690235997916,0.8953998245165798,0.8294556510759683,PRKACB,1
GO:0080154,regulation of fertilization,1/828,18/18860,0.05555555555555555,1.2654320987654322,0.24142305606414208,0.5544690235997916,0.8953998245165798,0.8294556510759683,NLRP5,1
GO:0090494,dopamine uptake,1/828,18/18860,0.05555555555555555,1.2654320987654322,0.24142305606414208,0.5544690235997916,0.8953998245165798,0.8294556510759683,SLC6A2,1
GO:0097094,craniofacial suture morphogenesis,1/828,18/18860,0.05555555555555555,1.2654320987654322,0.24142305606414208,0.5544690235997916,0.8953998245165798,0.8294556510759683,INSIG1,1
GO:0099601,regulation of neurotransmitter receptor activity,1/828,18/18860,0.05555555555555555,1.2654320987654322,0.24142305606414208,0.5544690235997916,0.8953998245165798,0.8294556510759683,CNIH3,1
GO:1900747,negative regulation of vascular endothelial growth factor signaling pathway,1/828,18/18860,0.05555555555555555,1.2654320987654322,0.24142305606414208,0.5544690235997916,0.8953998245165798,0.8294556510759683,HRG,1
GO:1901142,insulin metabolic process,1/828,18/18860,0.05555555555555555,1.2654320987654322,0.24142305606414208,0.5544690235997916,0.8953998245165798,0.8294556510759683,CELA2A,1
GO:1901163,regulation of trophoblast cell migration,1/828,18/18860,0.05555555555555555,1.2654320987654322,0.24142305606414208,0.5544690235997916,0.8953998245165798,0.8294556510759683,SYDE1,1
GO:1902170,cellular response to reactive nitrogen species,1/828,18/18860,0.05555555555555555,1.2654320987654322,0.24142305606414208,0.5544690235997916,0.8953998245165798,0.8294556510759683,GATA5,1
GO:1902931,negative regulation of alcohol biosynthetic process,1/828,18/18860,0.05555555555555555,1.2654320987654322,0.24142305606414208,0.5544690235997916,0.8953998245165798,0.8294556510759683,INSIG1,1
GO:1903909,regulation of receptor clustering,1/828,18/18860,0.05555555555555555,1.2654320987654322,0.24142305606414208,0.5544690235997916,0.8953998245165798,0.8294556510759683,ZDHHC2,1
GO:1905288,vascular associated smooth muscle cell apoptotic process,1/828,18/18860,0.05555555555555555,1.2654320987654322,0.24142305606414208,0.5544690235997916,0.8953998245165798,0.8294556510759683,PDCD4,1
GO:1905459,regulation of vascular associated smooth muscle cell apoptotic process,1/828,18/18860,0.05555555555555555,1.2654320987654322,0.24142305606414208,0.5544690235997916,0.8953998245165798,0.8294556510759683,PDCD4,1
GO:2000136,regulation of cell proliferation involved in heart morphogenesis,1/828,18/18860,0.05555555555555555,1.2654320987654322,0.24142305606414208,0.5544690235997916,0.8953998245165798,0.8294556510759683,SIX1,1
GO:0007519,skeletal muscle tissue development,8/828,183/18860,0.04371584699453552,0.9957498482088646,-0.012380237483810072,0.5557179707335017,0.8953998245165798,0.8294556510759683,DNER/NPHS1/POPDC3/DMD/NUPR1/SIX4/SRPK3/SIX1,8
GO:1905952,regulation of lipid localization,8/828,183/18860,0.04371584699453552,0.9957498482088646,-0.012380237483810072,0.5557179707335017,0.8953998245165798,0.8294556510759683,PLIN5/GHRL/ATP8A1/FABP3/ABCA2/PLTP/EDN1/ATP8A2,8
GO:0002360,T cell lineage commitment,2/828,42/18860,0.047619047619047616,1.0846560846560847,0.11769246009272796,0.5558924419421902,0.8953998245165798,0.8294556510759683,TOX/BRD4,2
GO:0007340,acrosome reaction,2/828,42/18860,0.047619047619047616,1.0846560846560847,0.11769246009272796,0.5558924419421902,0.8953998245165798,0.8294556510759683,SPINK13/TRIM36,2
GO:0009072,aromatic amino acid metabolic process,2/828,42/18860,0.047619047619047616,1.0846560846560847,0.11769246009272796,0.5558924419421902,0.8953998245165798,0.8294556510759683,HDC/CARNS1,2
GO:0014741,negative regulation of muscle hypertrophy,2/828,42/18860,0.047619047619047616,1.0846560846560847,0.11769246009272796,0.5558924419421902,0.8953998245165798,0.8294556510759683,IGFBP5/GATA5,2
GO:0019432,triglyceride biosynthetic process,2/828,42/18860,0.047619047619047616,1.0846560846560847,0.11769246009272796,0.5558924419421902,0.8953998245165798,0.8294556510759683,PLIN5/MOGAT1,2
GO:0032892,positive regulation of organic acid transport,2/828,42/18860,0.047619047619047616,1.0846560846560847,0.11769246009272796,0.5558924419421902,0.8953998245165798,0.8294556510759683,FABP3/EDN1,2
GO:0043647,inositol phosphate metabolic process,2/828,42/18860,0.047619047619047616,1.0846560846560847,0.11769246009272796,0.5558924419421902,0.8953998245165798,0.8294556510759683,IP6K3/PTH1R,2
GO:0090504,epiboly,2/828,42/18860,0.047619047619047616,1.0846560846560847,0.11769246009272796,0.5558924419421902,0.8953998245165798,0.8294556510759683,ARHGAP24/FIGNL2,2
GO:0099171,presynaptic modulation of chemical synaptic transmission,2/828,42/18860,0.047619047619047616,1.0846560846560847,0.11769246009272796,0.5558924419421902,0.8953998245165798,0.8294556510759683,ADCY1/CHRM2,2
GO:1901532,regulation of hematopoietic progenitor cell differentiation,2/828,42/18860,0.047619047619047616,1.0846560846560847,0.11769246009272796,0.5558924419421902,0.8953998245165798,0.8294556510759683,CDK6/KITLG,2
GO:0046434,organophosphate catabolic process,11/828,253/18860,0.043478260869565216,0.9903381642512077,-0.03315387389744301,0.55667455642119,0.8961723020556974,0.8301712373901562,ANGPTL3/PDE8B/PRKAA2/NUPR1/ACAT1/GALT/PLA2G6/ADA/NT5M/PNPLA7/PGAM2,11
GO:0048872,homeostasis of number of cells,16/828,369/18860,0.04336043360433604,0.9876543209876544,-0.051321638611562706,0.5567601417491979,0.8961723020556974,0.8301712373901562,CDH2/GLUL/HBZ/SMAD5/CHST3/ARMCX1/CDK6/TSC22D3/BCL2L11/KITLG/KIT/ADA/SCNN1B/KCNQ1/GLIS2/AFP,16
GO:0001890,placenta development,7/828,160/18860,0.04375,0.9965277777777778,-0.00945146759353416,0.557975262466236,0.896781364686545,0.8307354439347449,GHRL/EGFR/EPOR/LDOC1/STOX2/ADM/ADA,7
GO:0022029,telencephalon cell migration,3/828,66/18860,0.045454545454545456,1.0353535353535352,0.0616520831630051,0.5584978789169561,0.896781364686545,0.8307354439347449,FGF13/ZMIZ1/EGFR,3
GO:0032623,interleukin-2 production,3/828,66/18860,0.045454545454545456,1.0353535353535352,0.0616520831630051,0.5584978789169561,0.896781364686545,0.8307354439347449,HOMER2/CD3E/SFTPD,3
GO:0032663,regulation of interleukin-2 production,3/828,66/18860,0.045454545454545456,1.0353535353535352,0.0616520831630051,0.5584978789169561,0.896781364686545,0.8307354439347449,HOMER2/CD3E/SFTPD,3
GO:0043113,receptor clustering,3/828,66/18860,0.045454545454545456,1.0353535353535352,0.0616520831630051,0.5584978789169561,0.896781364686545,0.8307354439347449,CDH2/RAPSN/ZDHHC2,3
GO:0070192,chromosome organization involved in meiotic cell cycle,3/828,66/18860,0.045454545454545456,1.0353535353535352,0.0616520831630051,0.5584978789169561,0.896781364686545,0.8307354439347449,REC8/ZCWPW1/SYCP2,3
GO:0140632,canonical inflammasome complex assembly,3/828,66/18860,0.045454545454545456,1.0353535353535352,0.0616520831630051,0.5584978789169561,0.896781364686545,0.8307354439347449,LAMP2/PRKD1/KCNJ8,3
GO:0015837,amine transport,4/828,90/18860,0.044444444444444446,1.0123456790123457,0.02515687250853566,0.5616107109035318,0.9002146001223568,0.8339158293399417,CHGA/FGF20/FFAR3/SLC18A2,4
GO:0021872,forebrain generation of neurons,4/828,90/18860,0.044444444444444446,1.0123456790123457,0.02515687250853566,0.5616107109035318,0.9002146001223568,0.8339158293399417,ZMIZ1/ERBB4/TOX/ID4,4
GO:0045995,regulation of embryonic development,4/828,90/18860,0.044444444444444446,1.0123456790123457,0.02515687250853566,0.5616107109035318,0.9002146001223568,0.8339158293399417,MBIP/LAMA2/WDPCP/NLRP5,4
GO:0048708,astrocyte differentiation,4/828,90/18860,0.044444444444444446,1.0123456790123457,0.02515687250853566,0.5616107109035318,0.9002146001223568,0.8339158293399417,CDK6/LAMB2/F2/ID4,4
GO:0050810,regulation of steroid biosynthetic process,4/828,90/18860,0.044444444444444446,1.0123456790123457,0.02515687250853566,0.5616107109035318,0.9002146001223568,0.8339158293399417,PDE8B/GNAI1/ADM/INSIG1,4
GO:0090101,negative regulation of transmembrane receptor protein serine/threonine kinase signaling pathway,9/828,208/18860,0.04326923076923077,0.985576923076923,-0.044820782374517344,0.5656771453358851,0.9035282359346235,0.8369854233635683,GPR155/RBPMS2/GREM2/BMPER/CHST11/FST/SOSTDC1/DAND5/DKK1,9
GO:0002274,myeloid leukocyte activation,11/828,255/18860,0.043137254901960784,0.9825708061002177,-0.06004614128536061,0.5672798928672169,0.9035282359346235,0.8369854233635683,DHRS2/IL33/MT1G/KIT/SCNN1B/CHGA/RORA/SLC18A2/KCNJ8/DNASE1/NPY,11
GO:0007368,determination of left/right symmetry,6/828,138/18860,0.043478260869565216,0.9903381642512077,-0.024410440819132982,0.5680712762457578,0.9035282359346235,0.8369854233635683,FOLR1/ACVR2B/DAAM2/CFC1/VANGL2/DAND5,6
GO:0001953,negative regulation of cell-matrix adhesion,2/828,43/18860,0.046511627906976744,1.0594315245478036,0.08360426932478528,0.5687552986967803,0.9035282359346235,0.8369854233635683,FAM107A/POSTN,2
GO:0003352,regulation of cilium movement,2/828,43/18860,0.046511627906976744,1.0594315245478036,0.08360426932478528,0.5687552986967803,0.9035282359346235,0.8369854233635683,TAC4/DEFB1,2
GO:0014002,astrocyte development,2/828,43/18860,0.046511627906976744,1.0594315245478036,0.08360426932478528,0.5687552986967803,0.9035282359346235,0.8369854233635683,CDK6/LAMB2,2
GO:0046640,regulation of alpha-beta T cell proliferation,2/828,43/18860,0.046511627906976744,1.0594315245478036,0.08360426932478528,0.5687552986967803,0.9035282359346235,0.8369854233635683,CD3E/SLC4A2,2
GO:0051154,negative regulation of striated muscle cell differentiation,2/828,43/18860,0.046511627906976744,1.0594315245478036,0.08360426932478528,0.5687552986967803,0.9035282359346235,0.8369854233635683,HDAC5/DKK1,2
GO:0090114,COPII-coated vesicle budding,2/828,43/18860,0.046511627906976744,1.0594315245478036,0.08360426932478528,0.5687552986967803,0.9035282359346235,0.8369854233635683,PDCD6/INSIG1,2
GO:1904861,excitatory synapse assembly,2/828,43/18860,0.046511627906976744,1.0594315245478036,0.08360426932478528,0.5687552986967803,0.9035282359346235,0.8369854233635683,PTPRS/PTPN13,2
GO:0032715,negative regulation of interleukin-6 production,3/828,67/18860,0.04477611940298507,1.0199004975124377,0.03496679502201871,0.5687738076846889,0.9035282359346235,0.8369854233635683,GHRL/ORM1/C1QTNF3,3
GO:0032922,circadian regulation of gene expression,3/828,67/18860,0.04477611940298507,1.0199004975124377,0.03496679502201871,0.5687738076846889,0.9035282359346235,0.8369854233635683,PPARGC1A/RORC/RORA,3
GO:1905515,non-motile cilium assembly,3/828,67/18860,0.04477611940298507,1.0199004975124377,0.03496679502201871,0.5687738076846889,0.9035282359346235,0.8369854233635683,KCNQ1/VANGL2/KCNJ10,3
GO:0043542,endothelial cell migration,13/828,302/18860,0.04304635761589404,0.9805003679175864,-0.07320097282683749,0.5691455893571418,0.9035282359346235,0.8369854233635683,PDCD6/GLUL/PTPRM/FUT1/HDAC5/CCBE1/APOH/PRKD1/PTP4A3/BMPER/MICALL1/HRG/EDN1,13
GO:0150076,neuroinflammatory response,4/828,91/18860,0.04395604395604396,1.0012210012210012,0.0025018932565079323,0.5704143475973147,0.9035282359346235,0.8369854233635683,IL33/NUPR1/ADCY1/KCNJ8,4
GO:1901568,fatty acid derivative metabolic process,4/828,91/18860,0.04395604395604396,1.0012210012210012,0.0025018932565079323,0.5704143475973147,0.9035282359346235,0.8369854233635683,OXCT1/GGT7/ACAT1/ALOX15B,4
GO:0098742,cell-cell adhesion via plasma-membrane adhesion molecules,12/828,279/18860,0.043010752688172046,0.979689366786141,-0.07323919677003862,0.5707132294549324,0.9035282359346235,0.8369854233635683,ROBO3/CDH2/PTPRM/PTPRS/CLDN19/CADM2/CELSR1/PCDHA7/FLRT3/PTK7/RET/GATA5,12
GO:0043271,negative regulation of monoatomic ion transport,5/828,115/18860,0.043478260869565216,0.9903381642512077,-0.022269906686960016,0.5726698759525252,0.9035282359346235,0.8369854233635683,KCNE2/NEDD4L/PPP3CC/KCNQ1/PACSIN3,5
GO:0001845,phagolysosome assembly,1/828,19/18860,0.05263157894736842,1.198830409356725,0.18580619151082806,0.574047605940274,0.9035282359346235,0.8369854233635683,RAB7B,1
GO:0003215,cardiac right ventricle morphogenesis,1/828,19/18860,0.05263157894736842,1.198830409356725,0.18580619151082806,0.574047605940274,0.9035282359346235,0.8369854233635683,SMARCD3,1
GO:0006044,N-acetylglucosamine metabolic process,1/828,19/18860,0.05263157894736842,1.198830409356725,0.18580619151082806,0.574047605940274,0.9035282359346235,0.8369854233635683,CHST3,1
GO:0006309,apoptotic DNA fragmentation,1/828,19/18860,0.05263157894736842,1.198830409356725,0.18580619151082806,0.574047605940274,0.9035282359346235,0.8369854233635683,GATA5,1
GO:0006684,sphingomyelin metabolic process,1/828,19/18860,0.05263157894736842,1.198830409356725,0.18580619151082806,0.574047605940274,0.9035282359346235,0.8369854233635683,ABCA2,1
GO:0009168,purine ribonucleoside monophosphate biosynthetic process,1/828,19/18860,0.05263157894736842,1.198830409356725,0.18580619151082806,0.574047605940274,0.9035282359346235,0.8369854233635683,ADA,1
GO:0009404,toxin metabolic process,1/828,19/18860,0.05263157894736842,1.198830409356725,0.18580619151082806,0.574047605940274,0.9035282359346235,0.8369854233635683,FMO2,1
GO:0010288,response to lead ion,1/828,19/18860,0.05263157894736842,1.198830409356725,0.18580619151082806,0.574047605940274,0.9035282359346235,0.8369854233635683,ALAD,1
GO:0010633,negative regulation of epithelial cell migration,1/828,19/18860,0.05263157894736842,1.198830409356725,0.18580619151082806,0.574047605940274,0.9035282359346235,0.8369854233635683,EVL,1
GO:0031645,negative regulation of nervous system process,1/828,19/18860,0.05263157894736842,1.198830409356725,0.18580619151082806,0.574047605940274,0.9035282359346235,0.8369854233635683,TAC4,1
GO:0032303,regulation of icosanoid secretion,1/828,19/18860,0.05263157894736842,1.198830409356725,0.18580619151082806,0.574047605940274,0.9035282359346235,0.8369854233635683,EDN1,1
GO:0032781,positive regulation of ATP-dependent activity,1/828,19/18860,0.05263157894736842,1.198830409356725,0.18580619151082806,0.574047605940274,0.9035282359346235,0.8369854233635683,RGN,1
GO:0033275,actin-myosin filament sliding,1/828,19/18860,0.05263157894736842,1.198830409356725,0.18580619151082806,0.574047605940274,0.9035282359346235,0.8369854233635683,MYBPC3,1
GO:0034393,positive regulation of smooth muscle cell apoptotic process,1/828,19/18860,0.05263157894736842,1.198830409356725,0.18580619151082806,0.574047605940274,0.9035282359346235,0.8369854233635683,PDCD4,1
GO:0035372,protein localization to microtubule,1/828,19/18860,0.05263157894736842,1.198830409356725,0.18580619151082806,0.574047605940274,0.9035282359346235,0.8369854233635683,MID2,1
GO:0045346,regulation of MHC class II biosynthetic process,1/828,19/18860,0.05263157894736842,1.198830409356725,0.18580619151082806,0.574047605940274,0.9035282359346235,0.8369854233635683,IL33,1
GO:0046931,pore complex assembly,1/828,19/18860,0.05263157894736842,1.198830409356725,0.18580619151082806,0.574047605940274,0.9035282359346235,0.8369854233635683,TSPAN33,1
GO:0048486,parasympathetic nervous system development,1/828,19/18860,0.05263157894736842,1.198830409356725,0.18580619151082806,0.574047605940274,0.9035282359346235,0.8369854233635683,SIX1,1
GO:0050884,neuromuscular process controlling posture,1/828,19/18860,0.05263157894736842,1.198830409356725,0.18580619151082806,0.574047605940274,0.9035282359346235,0.8369854233635683,ATP8A2,1
GO:0051895,negative regulation of focal adhesion assembly,1/828,19/18860,0.05263157894736842,1.198830409356725,0.18580619151082806,0.574047605940274,0.9035282359346235,0.8369854233635683,FAM107A,1
GO:0055093,response to hyperoxia,1/828,19/18860,0.05263157894736842,1.198830409356725,0.18580619151082806,0.574047605940274,0.9035282359346235,0.8369854233635683,BNIP3,1
GO:0060438,trachea development,1/828,19/18860,0.05263157894736842,1.198830409356725,0.18580619151082806,0.574047605940274,0.9035282359346235,0.8369854233635683,EDA,1
GO:0061323,cell proliferation involved in heart morphogenesis,1/828,19/18860,0.05263157894736842,1.198830409356725,0.18580619151082806,0.574047605940274,0.9035282359346235,0.8369854233635683,SIX1,1
GO:0071318,cellular response to ATP,1/828,19/18860,0.05263157894736842,1.198830409356725,0.18580619151082806,0.574047605940274,0.9035282359346235,0.8369854233635683,P2RY4,1
GO:0071391,cellular response to estrogen stimulus,1/828,19/18860,0.05263157894736842,1.198830409356725,0.18580619151082806,0.574047605940274,0.9035282359346235,0.8369854233635683,AR,1
GO:0071501,cellular response to sterol depletion,1/828,19/18860,0.05263157894736842,1.198830409356725,0.18580619151082806,0.574047605940274,0.9035282359346235,0.8369854233635683,INSIG1,1
GO:0072578,neurotransmitter-gated ion channel clustering,1/828,19/18860,0.05263157894736842,1.198830409356725,0.18580619151082806,0.574047605940274,0.9035282359346235,0.8369854233635683,ZDHHC2,1
GO:0090110,COPII-coated vesicle cargo loading,1/828,19/18860,0.05263157894736842,1.198830409356725,0.18580619151082806,0.574047605940274,0.9035282359346235,0.8369854233635683,INSIG1,1
GO:0090493,catecholamine uptake,1/828,19/18860,0.05263157894736842,1.198830409356725,0.18580619151082806,0.574047605940274,0.9035282359346235,0.8369854233635683,SLC6A2,1
GO:0098696,regulation of neurotransmitter receptor localization to postsynaptic specialization membrane,1/828,19/18860,0.05263157894736842,1.198830409356725,0.18580619151082806,0.574047605940274,0.9035282359346235,0.8369854233635683,CACNA2D2,1
GO:0098885,modification of postsynaptic actin cytoskeleton,1/828,19/18860,0.05263157894736842,1.198830409356725,0.18580619151082806,0.574047605940274,0.9035282359346235,0.8369854233635683,WASF3,1
GO:0099638,endosome to plasma membrane protein transport,1/828,19/18860,0.05263157894736842,1.198830409356725,0.18580619151082806,0.574047605940274,0.9035282359346235,0.8369854233635683,ZDHHC2,1
GO:1900424,regulation of defense response to bacterium,1/828,19/18860,0.05263157894736842,1.198830409356725,0.18580619151082806,0.574047605940274,0.9035282359346235,0.8369854233635683,PGC,1
GO:2000846,regulation of corticosteroid hormone secretion,1/828,19/18860,0.05263157894736842,1.198830409356725,0.18580619151082806,0.574047605940274,0.9035282359346235,0.8369854233635683,GHRL,1
GO:2001023,regulation of response to drug,1/828,19/18860,0.05263157894736842,1.198830409356725,0.18580619151082806,0.574047605940274,0.9035282359346235,0.8369854233635683,PON3,1
GO:0002685,regulation of leukocyte migration,10/828,233/18860,0.04291845493562232,0.977587029089175,-0.07376638144668715,0.5747044429810596,0.9042538731470301,0.8376576190352465,VEGFB/PDGFD/C5/IL33/KITLG/ADA/FUT9/CXCL17/EDN1/PLVAP,10
GO:0090174,organelle membrane fusion,6/828,139/18860,0.04316546762589928,0.9832134292565948,-0.0425654680078498,0.5751784842511777,0.9046914987302243,0.8380630144832878,STX12/TBC1D4/RAB7B/ERC2/TSNARE1/VAV3,6
GO:0072523,purine-containing compound catabolic process,7/828,163/18860,0.04294478527607362,0.978186775732788,-0.05993496443515677,0.5777854936852143,0.9084826046436226,0.8415749140141966,PDE8B/PRKAA2/NUPR1/ENPP4/ACAT1/ADA/PGAM2,7
GO:0030888,regulation of B cell proliferation,3/828,68/18860,0.04411764705882353,1.0049019607843137,0.008677414363145475,0.5789009323527181,0.9086894988459728,0.841766570926132,NFATC2/ADA/VAV3,3
GO:0045143,homologous chromosome segregation,3/828,68/18860,0.04411764705882353,1.0049019607843137,0.008677414363145475,0.5789009323527181,0.9086894988459728,0.841766570926132,REC8/ZCWPW1/SYCP2,3
GO:0050832,defense response to fungus,3/828,68/18860,0.04411764705882353,1.0049019607843137,0.008677414363145475,0.5789009323527181,0.9086894988459728,0.841766570926132,CHGA/HRG/NPY,3
GO:0098930,axonal transport,3/828,68/18860,0.04411764705882353,1.0049019607843137,0.008677414363145475,0.5789009323527181,0.9086894988459728,0.841766570926132,NEFL/KIF1A/KIF5C,3
GO:1903078,positive regulation of protein localization to plasma membrane,3/828,68/18860,0.04411764705882353,1.0049019607843137,0.008677414363145475,0.5789009323527181,0.9086894988459728,0.841766570926132,EGFR/ZDHHC2/SORBS1,3
GO:0009953,dorsal/ventral pattern formation,4/828,92/18860,0.043478260869565216,0.9903381642512077,-0.01990660118699455,0.5791184333375617,0.9087220268952975,0.8417967033581384,GREM2/FOXA1/SOSTDC1/EDN1,4
GO:0008637,apoptotic mitochondrial changes,5/828,116/18860,0.04310344827586207,0.981800766283525,-0.04213116889130363,0.5804178871268412,0.9095248736856982,0.8425404222968881,ERBB4/HIP1R/BNIP3/PRKAA2/BCL2L11,5
GO:0030038,contractile actin filament bundle assembly,5/828,116/18860,0.04310344827586207,0.981800766283525,-0.04213116889130363,0.5804178871268412,0.9095248736856982,0.8425404222968881,CGNL1/ASAP3/EVL/SORBS1/TGFB3,5
GO:0032963,collagen metabolic process,5/828,116/18860,0.04310344827586207,0.981800766283525,-0.04213116889130363,0.5804178871268412,0.9095248736856982,0.8425404222968881,LARP6/MMP19/F2/TGFB3/PRTN3,5
GO:0043149,stress fiber assembly,5/828,116/18860,0.04310344827586207,0.981800766283525,-0.04213116889130363,0.5804178871268412,0.9095248736856982,0.8425404222968881,CGNL1/ASAP3/EVL/SORBS1/TGFB3,5
GO:0032309,icosanoid secretion,2/828,44/18860,0.045454545454545456,1.0353535353535352,0.050309278044539135,0.5813463361862952,0.9100533493248512,0.843029976899591,PLA2G1B/EDN1,2
GO:0043393,regulation of protein binding,2/828,44/18860,0.045454545454545456,1.0353535353535352,0.050309278044539135,0.5813463361862952,0.9100533493248512,0.843029976899591,GREM2/NES,2
GO:0060236,regulation of mitotic spindle organization,2/828,44/18860,0.045454545454545456,1.0353535353535352,0.050309278044539135,0.5813463361862952,0.9100533493248512,0.843029976899591,GNAI1/FSD1,2
GO:0051208,sequestering of calcium ion,6/828,140/18860,0.04285714285714286,0.9761904761904763,-0.06059186979624663,0.5822271798003422,0.9108116728811463,0.8437324516398027,GSTM2/DMD/PLCL1/RYR2/PRKD1/F2,6
GO:1901342,regulation of vasculature development,16/828,375/18860,0.042666666666666665,0.9718518518518517,-0.11797997065955675,0.5830419203239208,0.9108116728811463,0.8437324516398027,PDCD6/VEGFB/ANGPTL3/GLUL/PTPRM/FUT1/GHRL/CCBE1/APOH/PRKD1/GATA6/BMPER/ADM/ABCC8/HRG/S100A1,16
GO:0097581,lamellipodium organization,4/828,93/18860,0.043010752688172046,0.979689366786141,-0.04207460620980164,0.5877208851178539,0.9108116728811463,0.8437324516398027,WASF3/KIT/VAV3/HRG,4
GO:0000422,autophagy of mitochondrion,5/828,117/18860,0.042735042735042736,0.9734093067426401,-0.06182378466501718,0.5880902682686027,0.9108116728811463,0.8437324516398027,GABARAPL1/BNIP3/ULK1/ULK2/ATG9B,5
GO:0030316,osteoclast differentiation,5/828,117/18860,0.042735042735042736,0.9734093067426401,-0.06182378466501718,0.5880902682686027,0.9108116728811463,0.8437324516398027,LRRC17/GPC3/SLC4A2/MITF/TF,5
GO:0000381,"regulation of alternative mRNA splicing, via spliceosome",3/828,69/18860,0.043478260869565216,0.9903381642512077,-0.017229068536056512,0.5888768693455009,0.9108116728811463,0.8437324516398027,CELF4/RBPMS2/SRRM4,3
GO:0021885,forebrain cell migration,3/828,69/18860,0.043478260869565216,0.9903381642512077,-0.017229068536056512,0.5888768693455009,0.9108116728811463,0.8437324516398027,FGF13/ZMIZ1/EGFR,3
GO:0035904,aorta development,3/828,69/18860,0.043478260869565216,0.9903381642512077,-0.017229068536056512,0.5888768693455009,0.9108116728811463,0.8437324516398027,EFEMP2/TFAP2B/SIX1,3
GO:0045621,positive regulation of lymphocyte differentiation,6/828,141/18860,0.0425531914893617,0.9692671394799054,-0.07849170598739709,0.5892159647842974,0.9108116728811463,0.8437324516398027,SMARCD3/ZMIZ1/ADA/TOX/ZBTB16/BRD4,6
GO:0098876,vesicle-mediated transport to the plasma membrane,7/828,165/18860,0.04242424242424243,0.9663299663299664,-0.09308406426805169,0.5907527335220992,0.9108116728811463,0.8437324516398027,STX12/GGA2/RAB26/ZDHHC2/RAB17/MICALL1/ANKRD50,7
GO:0030217,T cell differentiation,14/828,330/18860,0.04242424242424243,0.9663299663299664,-0.13222554332964506,0.5909671362443776,0.9108116728811463,0.8437324516398027,SMARCD3/ZMIZ1/LEPR/CDK6/CD3E/SLC4A2/KIT/RORC/ADA/TOX/RORA/ZBTB16/FZD8/BRD4,14
GO:0060326,cell chemotaxis,14/828,330/18860,0.04242424242424243,0.9663299663299664,-0.13222554332964506,0.5909671362443776,0.9108116728811463,0.8437324516398027,VEGFB/PDGFD/C5/CCL16/CYP7B1/PRKD1/PLA2G1B/SFTPD/KIT/CHGA/VAV3/CXCL17/HRG/EDN1,14
GO:0001829,trophectodermal cell differentiation,1/828,20/18860,0.05,1.1388888888888888,0.13316638228193117,0.5927668131098219,0.9108116728811463,0.8437324516398027,ADA,1
GO:0002281,macrophage activation involved in immune response,1/828,20/18860,0.05,1.1388888888888888,0.13316638228193117,0.5927668131098219,0.9108116728811463,0.8437324516398027,IL33,1
GO:0002424,T cell mediated immune response to tumor cell,1/828,20/18860,0.05,1.1388888888888888,0.13316638228193117,0.5927668131098219,0.9108116728811463,0.8437324516398027,SLC22A13,1
GO:0002643,regulation of tolerance induction,1/828,20/18860,0.05,1.1388888888888888,0.13316638228193117,0.5927668131098219,0.9108116728811463,0.8437324516398027,CD3E,1
GO:0003184,pulmonary valve morphogenesis,1/828,20/18860,0.05,1.1388888888888888,0.13316638228193117,0.5927668131098219,0.9108116728811463,0.8437324516398027,ADAMTS19,1
GO:0006089,lactate metabolic process,1/828,20/18860,0.05,1.1388888888888888,0.13316638228193117,0.5927668131098219,0.9108116728811463,0.8437324516398027,LDHB,1
GO:0006415,translational termination,1/828,20/18860,0.05,1.1388888888888888,0.13316638228193117,0.5927668131098219,0.9108116728811463,0.8437324516398027,EIF5A2,1
GO:0010522,regulation of calcium ion transport into cytosol,1/828,20/18860,0.05,1.1388888888888888,0.13316638228193117,0.5927668131098219,0.9108116728811463,0.8437324516398027,PLA2G1B,1
GO:0015810,aspartate transmembrane transport,1/828,20/18860,0.05,1.1388888888888888,0.13316638228193117,0.5927668131098219,0.9108116728811463,0.8437324516398027,SLC1A2,1
GO:0016556,mRNA modification,1/828,20/18860,0.05,1.1388888888888888,0.13316638228193117,0.5927668131098219,0.9108116728811463,0.8437324516398027,APOBEC2,1
GO:0021692,cerebellar Purkinje cell layer morphogenesis,1/828,20/18860,0.05,1.1388888888888888,0.13316638228193117,0.5927668131098219,0.9108116728811463,0.8437324516398027,RORA,1
GO:0030812,negative regulation of nucleotide catabolic process,1/828,20/18860,0.05,1.1388888888888888,0.13316638228193117,0.5927668131098219,0.9108116728811463,0.8437324516398027,NUPR1,1
GO:0033122,negative regulation of purine nucleotide catabolic process,1/828,20/18860,0.05,1.1388888888888888,0.13316638228193117,0.5927668131098219,0.9108116728811463,0.8437324516398027,NUPR1,1
GO:0042053,regulation of dopamine metabolic process,1/828,20/18860,0.05,1.1388888888888888,0.13316638228193117,0.5927668131098219,0.9108116728811463,0.8437324516398027,NPY,1
GO:0042402,biogenic amine catabolic process,1/828,20/18860,0.05,1.1388888888888888,0.13316638228193117,0.5927668131098219,0.9108116728811463,0.8437324516398027,PDE1B,1
GO:0042985,negative regulation of amyloid precursor protein biosynthetic process,1/828,20/18860,0.05,1.1388888888888888,0.13316638228193117,0.5927668131098219,0.9108116728811463,0.8437324516398027,ITM2A,1
GO:0043129,surfactant homeostasis,1/828,20/18860,0.05,1.1388888888888888,0.13316638228193117,0.5927668131098219,0.9108116728811463,0.8437324516398027,SFTPD,1
GO:0043506,regulation of JUN kinase activity,1/828,20/18860,0.05,1.1388888888888888,0.13316638228193117,0.5927668131098219,0.9108116728811463,0.8437324516398027,PDCD4,1
GO:0045342,MHC class II biosynthetic process,1/828,20/18860,0.05,1.1388888888888888,0.13316638228193117,0.5927668131098219,0.9108116728811463,0.8437324516398027,IL33,1
GO:0045655,regulation of monocyte differentiation,1/828,20/18860,0.05,1.1388888888888888,0.13316638228193117,0.5927668131098219,0.9108116728811463,0.8437324516398027,CDK6,1
GO:0045762,positive regulation of adenylate cyclase activity,1/828,20/18860,0.05,1.1388888888888888,0.13316638228193117,0.5927668131098219,0.9108116728811463,0.8437324516398027,DRD5,1
GO:0045820,negative regulation of glycolytic process,1/828,20/18860,0.05,1.1388888888888888,0.13316638228193117,0.5927668131098219,0.9108116728811463,0.8437324516398027,NUPR1,1
GO:0046782,regulation of viral transcription,1/828,20/18860,0.05,1.1388888888888888,0.13316638228193117,0.5927668131098219,0.9108116728811463,0.8437324516398027,MID2,1
GO:0046827,positive regulation of protein export from nucleus,1/828,20/18860,0.05,1.1388888888888888,0.13316638228193117,0.5927668131098219,0.9108116728811463,0.8437324516398027,PRKD1,1
GO:0050965,detection of temperature stimulus involved in sensory perception of pain,1/828,20/18860,0.05,1.1388888888888888,0.13316638228193117,0.5927668131098219,0.9108116728811463,0.8437324516398027,TAC4,1
GO:0051580,regulation of neurotransmitter uptake,1/828,20/18860,0.05,1.1388888888888888,0.13316638228193117,0.5927668131098219,0.9108116728811463,0.8437324516398027,GPM6B,1
GO:0051797,regulation of hair follicle development,1/828,20/18860,0.05,1.1388888888888888,0.13316638228193117,0.5927668131098219,0.9108116728811463,0.8437324516398027,FST,1
GO:0051923,sulfation,1/828,20/18860,0.05,1.1388888888888888,0.13316638228193117,0.5927668131098219,0.9108116728811463,0.8437324516398027,SULT2A1,1
GO:0070230,positive regulation of lymphocyte apoptotic process,1/828,20/18860,0.05,1.1388888888888888,0.13316638228193117,0.5927668131098219,0.9108116728811463,0.8437324516398027,BCL2L11,1
GO:0097284,hepatocyte apoptotic process,1/828,20/18860,0.05,1.1388888888888888,0.13316638228193117,0.5927668131098219,0.9108116728811463,0.8437324516398027,PRKAA2,1
GO:0098974,postsynaptic actin cytoskeleton organization,1/828,20/18860,0.05,1.1388888888888888,0.13316638228193117,0.5927668131098219,0.9108116728811463,0.8437324516398027,SH3GL2,1
GO:0099150,regulation of postsynaptic specialization assembly,1/828,20/18860,0.05,1.1388888888888888,0.13316638228193117,0.5927668131098219,0.9108116728811463,0.8437324516398027,PTPRS,1
GO:0106070,regulation of adenylate cyclase-activating G protein-coupled receptor signaling pathway,1/828,20/18860,0.05,1.1388888888888888,0.13316638228193117,0.5927668131098219,0.9108116728811463,0.8437324516398027,APLP1,1
GO:0150118,negative regulation of cell-substrate junction organization,1/828,20/18860,0.05,1.1388888888888888,0.13316638228193117,0.5927668131098219,0.9108116728811463,0.8437324516398027,FAM107A,1
GO:1902548,negative regulation of cellular response to vascular endothelial growth factor stimulus,1/828,20/18860,0.05,1.1388888888888888,0.13316638228193117,0.5927668131098219,0.9108116728811463,0.8437324516398027,HRG,1
GO:1903830,magnesium ion transmembrane transport,1/828,20/18860,0.05,1.1388888888888888,0.13316638228193117,0.5927668131098219,0.9108116728811463,0.8437324516398027,SLC41A1,1
GO:2000318,positive regulation of T-helper 17 type immune response,1/828,20/18860,0.05,1.1388888888888888,0.13316638228193117,0.5927668131098219,0.9108116728811463,0.8437324516398027,BRD4,1
GO:2001185,"regulation of CD8-positive, alpha-beta T cell activation",1/828,20/18860,0.05,1.1388888888888888,0.13316638228193117,0.5927668131098219,0.9108116728811463,0.8437324516398027,SLC4A2,1
GO:0003176,aortic valve development,2/828,45/18860,0.044444444444444446,1.0123456790123457,0.01776730984028385,0.5936646027224448,0.9108116728811463,0.8437324516398027,ADAMTS19/GATA5,2
GO:0005978,glycogen biosynthetic process,2/828,45/18860,0.044444444444444446,1.0123456790123457,0.01776730984028385,0.5936646027224448,0.9108116728811463,0.8437324516398027,PPP1R3C/SORBS1,2
GO:0009250,glucan biosynthetic process,2/828,45/18860,0.044444444444444446,1.0123456790123457,0.01776730984028385,0.5936646027224448,0.9108116728811463,0.8437324516398027,PPP1R3C/SORBS1,2
GO:0021587,cerebellum morphogenesis,2/828,45/18860,0.044444444444444446,1.0123456790123457,0.01776730984028385,0.5936646027224448,0.9108116728811463,0.8437324516398027,CBS/RORA,2
GO:0030574,collagen catabolic process,2/828,45/18860,0.044444444444444446,1.0123456790123457,0.01776730984028385,0.5936646027224448,0.9108116728811463,0.8437324516398027,MMP19/PRTN3,2
GO:0031111,negative regulation of microtubule polymerization or depolymerization,2/828,45/18860,0.044444444444444446,1.0123456790123457,0.01776730984028385,0.5936646027224448,0.9108116728811463,0.8437324516398027,FGF13/APC2,2
GO:0042417,dopamine metabolic process,2/828,45/18860,0.044444444444444446,1.0123456790123457,0.01776730984028385,0.5936646027224448,0.9108116728811463,0.8437324516398027,PDE1B/NPY,2
GO:0045494,photoreceptor cell maintenance,2/828,45/18860,0.044444444444444446,1.0123456790123457,0.01776730984028385,0.5936646027224448,0.9108116728811463,0.8437324516398027,RDH12/ATP1B2,2
GO:0050892,intestinal absorption,2/828,45/18860,0.044444444444444446,1.0123456790123457,0.01776730984028385,0.5936646027224448,0.9108116728811463,0.8437324516398027,KCNQ1/HEPH,2
GO:1904407,positive regulation of nitric oxide metabolic process,2/828,45/18860,0.044444444444444446,1.0123456790123457,0.01776730984028385,0.5936646027224448,0.9108116728811463,0.8437324516398027,EDN1/NPY,2
GO:0001776,leukocyte homeostasis,5/828,118/18860,0.0423728813559322,0.9651600753295667,-0.0813509808314261,0.5956854205813062,0.9136085261522657,0.8463233229884909,CHST3/TSC22D3/BCL2L11/KITLG/ADA,5
GO:0030968,endoplasmic reticulum unfolded protein response,4/828,94/18860,0.0425531914893617,0.9692671394799054,-0.06400790385164633,0.5962197884430299,0.9141244963578725,0.8468012931545655,ASB11/FUT1/TMTC4/BCL2L11,4
GO:0045576,mast cell activation,3/828,70/18860,0.04285714285714286,0.9761904761904763,-0.04276504061804447,0.5986995378640532,0.9153027723968103,0.8478927918261807,KIT/CHGA/SLC18A2,3
GO:0061371,determination of heart left/right asymmetry,3/828,70/18860,0.04285714285714286,0.9761904761904763,-0.04276504061804447,0.5986995378640532,0.9153027723968103,0.8478927918261807,FOLR1/VANGL2/DAND5,3
GO:0015908,fatty acid transport,5/828,119/18860,0.04201680672268908,0.9570494864612512,-0.10071589363577718,0.6032018481969144,0.9153027723968103,0.8478927918261807,FABP3/RBP7/PLA2G1B/EDN1/KCNJ8,5
GO:0034101,erythrocyte homeostasis,7/828,167/18860,0.041916167664670656,0.9547571523619428,-0.1258407256668198,0.6035175554186787,0.9153027723968103,0.8478927918261807,GLUL/HBZ/SMAD5/CDK6/KIT/SCNN1B/KCNQ1,7
GO:0051495,positive regulation of cytoskeleton organization,8/828,191/18860,0.041884816753926704,0.954043048283886,-0.13679175443583202,0.6044590478997762,0.9153027723968103,0.8478927918261807,WASF3/NPHS1/EVL/PRKD1/NES/TGFB3/LMOD2/EDN1,8
GO:0002701,negative regulation of production of molecular mediator of immune response,2/828,46/18860,0.043478260869565216,0.9903381642512077,-0.014058874221249244,0.6057097532942157,0.9153027723968103,0.8478927918261807,IL33/TGFB3,2
GO:0034314,Arp2/3 complex-mediated actin nucleation,2/828,46/18860,0.043478260869565216,0.9903381642512077,-0.014058874221249244,0.6057097532942157,0.9153027723968103,0.8478927918261807,WASF3/HIP1R,2
GO:0042158,lipoprotein biosynthetic process,2/828,46/18860,0.043478260869565216,0.9903381642512077,-0.014058874221249244,0.6057097532942157,0.9153027723968103,0.8478927918261807,GLUL/ZDHHC2,2
GO:0042168,heme metabolic process,2/828,46/18860,0.043478260869565216,0.9903381642512077,-0.014058874221249244,0.6057097532942157,0.9153027723968103,0.8478927918261807,HMOX2/ALAD,2
GO:0043001,Golgi to plasma membrane protein transport,2/828,46/18860,0.043478260869565216,0.9903381642512077,-0.014058874221249244,0.6057097532942157,0.9153027723968103,0.8478927918261807,GGA2/RAB26,2
GO:0045601,regulation of endothelial cell differentiation,2/828,46/18860,0.043478260869565216,0.9903381642512077,-0.014058874221249244,0.6057097532942157,0.9153027723968103,0.8478927918261807,PROC/S1PR3,2
GO:0060412,ventricular septum morphogenesis,2/828,46/18860,0.043478260869565216,0.9903381642512077,-0.014058874221249244,0.6057097532942157,0.9153027723968103,0.8478927918261807,ADAMTS19/VANGL2,2
GO:0072528,pyrimidine-containing compound biosynthetic process,2/828,46/18860,0.043478260869565216,0.9903381642512077,-0.014058874221249244,0.6057097532942157,0.9153027723968103,0.8478927918261807,NME9/NME3,2
GO:0150052,regulation of postsynapse assembly,2/828,46/18860,0.043478260869565216,0.9903381642512077,-0.014058874221249244,0.6057097532942157,0.9153027723968103,0.8478927918261807,CYFIP2/SYNDIG1,2
GO:0150077,regulation of neuroinflammatory response,2/828,46/18860,0.043478260869565216,0.9903381642512077,-0.014058874221249244,0.6057097532942157,0.9153027723968103,0.8478927918261807,IL33/NUPR1,2
GO:0003143,embryonic heart tube morphogenesis,3/828,71/18860,0.04225352112676056,0.9624413145539906,-0.06794230459466583,0.6083671464132692,0.9153027723968103,0.8478927918261807,FOLR1/RYR2/VANGL2,3
GO:0007566,embryo implantation,3/828,71/18860,0.04225352112676056,0.9624413145539906,-0.06794230459466583,0.6083671464132692,0.9153027723968103,0.8478927918261807,ACVR2B/SYDE1/FBLN1,3
GO:0061951,establishment of protein localization to plasma membrane,3/828,71/18860,0.04225352112676056,0.9624413145539906,-0.06794230459466583,0.6083671464132692,0.9153027723968103,0.8478927918261807,GGA2/RAB26/ZDHHC2,3
GO:1901657,glycosyl compound metabolic process,3/828,71/18860,0.04225352112676056,0.9624413145539906,-0.06794230459466583,0.6083671464132692,0.9153027723968103,0.8478927918261807,GNMT/ENPP4/ADA,3
GO:1904263,positive regulation of TORC1 signaling,3/828,71/18860,0.04225352112676056,0.9624413145539906,-0.06794230459466583,0.6083671464132692,0.9153027723968103,0.8478927918261807,GPR155/PRKAA2/RNF152,3
GO:0030307,positive regulation of cell growth,7/828,168/18860,0.041666666666666664,0.949074074074074,-0.14207518754106496,0.6098214306747868,0.9153027723968103,0.8478927918261807,EGFR/HPN/NEDD4L/ZFYVE27/F2/NTN1/EDN1,7
GO:0070507,regulation of microtubule cytoskeleton organization,7/828,168/18860,0.041666666666666664,0.949074074074074,-0.14207518754106496,0.6098214306747868,0.9153027723968103,0.8478927918261807,FGF13/APC2/PRKAA2/GNAI1/FAM107A/FSD1/TRIM36,7
GO:0010821,regulation of mitochondrion organization,5/828,120/18860,0.041666666666666664,0.949074074074074,-0.11992157205427778,0.6106381562459773,0.9153027723968103,0.8478927918261807,HIP1R/BNIP3/PLD6/PRKAA2/BCL2L11,5
GO:0001502,cartilage condensation,1/828,21/18860,0.047619047619047616,1.0846560846560847,0.08317474002411764,0.6106643225973523,0.9153027723968103,0.8478927918261807,COL2A1,1
GO:0002902,regulation of B cell apoptotic process,1/828,21/18860,0.047619047619047616,1.0846560846560847,0.08317474002411764,0.6106643225973523,0.9153027723968103,0.8478927918261807,ADA,1
GO:0006244,pyrimidine nucleotide catabolic process,1/828,21/18860,0.047619047619047616,1.0846560846560847,0.08317474002411764,0.6106643225973523,0.9153027723968103,0.8478927918261807,NT5M,1
GO:0006337,nucleosome disassembly,1/828,21/18860,0.047619047619047616,1.0846560846560847,0.08317474002411764,0.6106643225973523,0.9153027723968103,0.8478927918261807,SMARCD3,1
GO:0006991,response to sterol depletion,1/828,21/18860,0.047619047619047616,1.0846560846560847,0.08317474002411764,0.6106643225973523,0.9153027723968103,0.8478927918261807,INSIG1,1
GO:0007351,tripartite regional subdivision,1/828,21/18860,0.047619047619047616,1.0846560846560847,0.08317474002411764,0.6106643225973523,0.9153027723968103,0.8478927918261807,PLD6,1
GO:0008595,"anterior/posterior axis specification, embryo",1/828,21/18860,0.047619047619047616,1.0846560846560847,0.08317474002411764,0.6106643225973523,0.9153027723968103,0.8478927918261807,PLD6,1
GO:0009127,purine nucleoside monophosphate biosynthetic process,1/828,21/18860,0.047619047619047616,1.0846560846560847,0.08317474002411764,0.6106643225973523,0.9153027723968103,0.8478927918261807,ADA,1
GO:0009163,nucleoside biosynthetic process,1/828,21/18860,0.047619047619047616,1.0846560846560847,0.08317474002411764,0.6106643225973523,0.9153027723968103,0.8478927918261807,ADA,1
GO:0010744,positive regulation of macrophage derived foam cell differentiation,1/828,21/18860,0.047619047619047616,1.0846560846560847,0.08317474002411764,0.6106643225973523,0.9153027723968103,0.8478927918261807,ALOX15B,1
GO:0010759,positive regulation of macrophage chemotaxis,1/828,21/18860,0.047619047619047616,1.0846560846560847,0.08317474002411764,0.6106643225973523,0.9153027723968103,0.8478927918261807,CXCL17,1
GO:0015693,magnesium ion transport,1/828,21/18860,0.047619047619047616,1.0846560846560847,0.08317474002411764,0.6106643225973523,0.9153027723968103,0.8478927918261807,SLC41A1,1
GO:0018198,peptidyl-cysteine modification,1/828,21/18860,0.047619047619047616,1.0846560846560847,0.08317474002411764,0.6106643225973523,0.9153027723968103,0.8478927918261807,ZDHHC2,1
GO:0021516,dorsal spinal cord development,1/828,21/18860,0.047619047619047616,1.0846560846560847,0.08317474002411764,0.6106643225973523,0.9153027723968103,0.8478927918261807,DAAM2,1
GO:0032634,interleukin-5 production,1/828,21/18860,0.047619047619047616,1.0846560846560847,0.08317474002411764,0.6106643225973523,0.9153027723968103,0.8478927918261807,IL33,1
GO:0032674,regulation of interleukin-5 production,1/828,21/18860,0.047619047619047616,1.0846560846560847,0.08317474002411764,0.6106643225973523,0.9153027723968103,0.8478927918261807,IL33,1
GO:0034144,negative regulation of toll-like receptor 4 signaling pathway,1/828,21/18860,0.047619047619047616,1.0846560846560847,0.08317474002411764,0.6106643225973523,0.9153027723968103,0.8478927918261807,RAB7B,1
GO:0034375,high-density lipoprotein particle remodeling,1/828,21/18860,0.047619047619047616,1.0846560846560847,0.08317474002411764,0.6106643225973523,0.9153027723968103,0.8478927918261807,PLTP,1
GO:0034404,nucleobase-containing small molecule biosynthetic process,1/828,21/18860,0.047619047619047616,1.0846560846560847,0.08317474002411764,0.6106643225973523,0.9153027723968103,0.8478927918261807,ADA,1
GO:0035332,positive regulation of hippo signaling,1/828,21/18860,0.047619047619047616,1.0846560846560847,0.08317474002411764,0.6106643225973523,0.9153027723968103,0.8478927918261807,FRMD1,1
GO:0035795,negative regulation of mitochondrial membrane permeability,1/828,21/18860,0.047619047619047616,1.0846560846560847,0.08317474002411764,0.6106643225973523,0.9153027723968103,0.8478927918261807,BNIP3,1
GO:0035864,response to potassium ion,1/828,21/18860,0.047619047619047616,1.0846560846560847,0.08317474002411764,0.6106643225973523,0.9153027723968103,0.8478927918261807,KCNJ10,1
GO:0042069,regulation of catecholamine metabolic process,1/828,21/18860,0.047619047619047616,1.0846560846560847,0.08317474002411764,0.6106643225973523,0.9153027723968103,0.8478927918261807,NPY,1
GO:0042359,vitamin D metabolic process,1/828,21/18860,0.047619047619047616,1.0846560846560847,0.08317474002411764,0.6106643225973523,0.9153027723968103,0.8478927918261807,GC,1
GO:0043011,myeloid dendritic cell differentiation,1/828,21/18860,0.047619047619047616,1.0846560846560847,0.08317474002411764,0.6106643225973523,0.9153027723968103,0.8478927918261807,DHRS2,1
GO:0043407,negative regulation of MAP kinase activity,1/828,21/18860,0.047619047619047616,1.0846560846560847,0.08317474002411764,0.6106643225973523,0.9153027723968103,0.8478927918261807,PDCD4,1
GO:0045217,cell-cell junction maintenance,1/828,21/18860,0.047619047619047616,1.0846560846560847,0.08317474002411764,0.6106643225973523,0.9153027723968103,0.8478927918261807,PRTN3,1
GO:0045618,positive regulation of keratinocyte differentiation,1/828,21/18860,0.047619047619047616,1.0846560846560847,0.08317474002411764,0.6106643225973523,0.9153027723968103,0.8478927918261807,ALOX15B,1
GO:0048245,eosinophil chemotaxis,1/828,21/18860,0.047619047619047616,1.0846560846560847,0.08317474002411764,0.6106643225973523,0.9153027723968103,0.8478927918261807,CCL16,1
GO:0050862,positive regulation of T cell receptor signaling pathway,1/828,21/18860,0.047619047619047616,1.0846560846560847,0.08317474002411764,0.6106643225973523,0.9153027723968103,0.8478927918261807,ADA,1
GO:0055070,copper ion homeostasis,1/828,21/18860,0.047619047619047616,1.0846560846560847,0.08317474002411764,0.6106643225973523,0.9153027723968103,0.8478927918261807,MT2A,1
GO:0070875,positive regulation of glycogen metabolic process,1/828,21/18860,0.047619047619047616,1.0846560846560847,0.08317474002411764,0.6106643225973523,0.9153027723968103,0.8478927918261807,SORBS1,1
GO:0070886,positive regulation of calcineurin-NFAT signaling cascade,1/828,21/18860,0.047619047619047616,1.0846560846560847,0.08317474002411764,0.6106643225973523,0.9153027723968103,0.8478927918261807,PPP3CC,1
GO:0071605,monocyte chemotactic protein-1 production,1/828,21/18860,0.047619047619047616,1.0846560846560847,0.08317474002411764,0.6106643225973523,0.9153027723968103,0.8478927918261807,C1QTNF3,1
GO:0071637,regulation of monocyte chemotactic protein-1 production,1/828,21/18860,0.047619047619047616,1.0846560846560847,0.08317474002411764,0.6106643225973523,0.9153027723968103,0.8478927918261807,C1QTNF3,1
GO:0072567,chemokine (C-X-C motif) ligand 2 production,1/828,21/18860,0.047619047619047616,1.0846560846560847,0.08317474002411764,0.6106643225973523,0.9153027723968103,0.8478927918261807,POSTN,1
GO:0090520,sphingolipid mediated signaling pathway,1/828,21/18860,0.047619047619047616,1.0846560846560847,0.08317474002411764,0.6106643225973523,0.9153027723968103,0.8478927918261807,S1PR3,1
GO:0090713,immunological memory process,1/828,21/18860,0.047619047619047616,1.0846560846560847,0.08317474002411764,0.6106643225973523,0.9153027723968103,0.8478927918261807,ST3GAL1,1
GO:0106058,positive regulation of calcineurin-mediated signaling,1/828,21/18860,0.047619047619047616,1.0846560846560847,0.08317474002411764,0.6106643225973523,0.9153027723968103,0.8478927918261807,PPP3CC,1
GO:0141086,negative regulation of inflammasome-mediated signaling pathway,1/828,21/18860,0.047619047619047616,1.0846560846560847,0.08317474002411764,0.6106643225973523,0.9153027723968103,0.8478927918261807,LAMP2,1
GO:1901739,regulation of myoblast fusion,1/828,21/18860,0.047619047619047616,1.0846560846560847,0.08317474002411764,0.6106643225973523,0.9153027723968103,0.8478927918261807,NFATC2,1
GO:1901881,positive regulation of protein depolymerization,1/828,21/18860,0.047619047619047616,1.0846560846560847,0.08317474002411764,0.6106643225973523,0.9153027723968103,0.8478927918261807,NES,1
GO:1902004,positive regulation of amyloid-beta formation,1/828,21/18860,0.047619047619047616,1.0846560846560847,0.08317474002411764,0.6106643225973523,0.9153027723968103,0.8478927918261807,ABCA2,1
GO:1903427,negative regulation of reactive oxygen species biosynthetic process,1/828,21/18860,0.047619047619047616,1.0846560846560847,0.08317474002411764,0.6106643225973523,0.9153027723968103,0.8478927918261807,SLC18A2,1
GO:1903428,positive regulation of reactive oxygen species biosynthetic process,1/828,21/18860,0.047619047619047616,1.0846560846560847,0.08317474002411764,0.6106643225973523,0.9153027723968103,0.8478927918261807,DUOXA1,1
GO:2000341,regulation of chemokine (C-X-C motif) ligand 2 production,1/828,21/18860,0.047619047619047616,1.0846560846560847,0.08317474002411764,0.6106643225973523,0.9153027723968103,0.8478927918261807,POSTN,1
GO:0051924,regulation of calcium ion transport,10/828,240/18860,0.041666666666666664,0.949074074074074,-0.17014032804948,0.6123622877642205,0.9175499821204316,0.8499744996324301,GSTM2/DMD/HOMER2/RYR2/PPP3CC/PRKD1/PLA2G1B/F2/PACSIN3/CAMK2B,10
GO:1901879,regulation of protein depolymerization,4/828,96/18860,0.041666666666666664,0.949074074074074,-0.10719249698922957,0.6129001066540978,0.9180579605996183,0.850445066644674,FGF13/APC2/NES/LMOD2,4
GO:0000086,G2/M transition of mitotic cell cycle,6/828,145/18860,0.041379310344827586,0.9425287356321839,-0.1488649261834154,0.6165464913303126,0.9194310362591314,0.8517170183850631,SMARCD3/CDK14/TPD52L1/CDK6/NES/BRD4,6
GO:0001889,liver development,6/828,145/18860,0.041379310344827586,0.9425287356321839,-0.1488649261834154,0.6165464913303126,0.9194310362591314,0.8517170183850631,HPN/GATA6/ACAT1/ADA/FGL1/DBP,6
GO:0060972,left/right pattern formation,6/828,145/18860,0.041379310344827586,0.9425287356321839,-0.1488649261834154,0.6165464913303126,0.9194310362591314,0.8517170183850631,FOLR1/ACVR2B/DAAM2/CFC1/VANGL2/DAND5,6
GO:0001990,regulation of systemic arterial blood pressure by hormone,2/828,47/18860,0.0425531914893617,0.9692671394799054,-0.04520385107376831,0.6174819982540098,0.9194310362591314,0.8517170183850631,DRD5/EDN1,2
GO:0010463,mesenchymal cell proliferation,2/828,47/18860,0.0425531914893617,0.9692671394799054,-0.04520385107376831,0.6174819982540098,0.9194310362591314,0.8517170183850631,GPC3/SIX1,2
GO:0035330,regulation of hippo signaling,2/828,47/18860,0.0425531914893617,0.9692671394799054,-0.04520385107376831,0.6174819982540098,0.9194310362591314,0.8517170183850631,WTIP/FRMD1,2
GO:0045663,positive regulation of myoblast differentiation,2/828,47/18860,0.0425531914893617,0.9692671394799054,-0.04520385107376831,0.6174819982540098,0.9194310362591314,0.8517170183850631,RANBP3L/SMARCD3,2
GO:0046633,alpha-beta T cell proliferation,2/828,47/18860,0.0425531914893617,0.9692671394799054,-0.04520385107376831,0.6174819982540098,0.9194310362591314,0.8517170183850631,CD3E/SLC4A2,2
GO:0046850,regulation of bone remodeling,2/828,47/18860,0.0425531914893617,0.9692671394799054,-0.04520385107376831,0.6174819982540098,0.9194310362591314,0.8517170183850631,LEPR/SLC4A2,2
GO:0048806,genitalia development,2/828,47/18860,0.0425531914893617,0.9692671394799054,-0.04520385107376831,0.6174819982540098,0.9194310362591314,0.8517170183850631,AR/SYCP2,2
GO:0071364,cellular response to epidermal growth factor stimulus,2/828,47/18860,0.0425531914893617,0.9692671394799054,-0.04520385107376831,0.6174819982540098,0.9194310362591314,0.8517170183850631,ERBB4/EGFR,2
GO:1902692,regulation of neuroblast proliferation,2/828,47/18860,0.0425531914893617,0.9692671394799054,-0.04520385107376831,0.6174819982540098,0.9194310362591314,0.8517170183850631,SMARCD3/ID4,2
GO:1990776,response to angiotensin,2/828,47/18860,0.0425531914893617,0.9692671394799054,-0.04520385107376831,0.6174819982540098,0.9194310362591314,0.8517170183850631,KL/PRKD1,2
GO:0003208,cardiac ventricle morphogenesis,3/828,72/18860,0.041666666666666664,0.949074074074074,-0.09277211459330909,0.6178781795558858,0.9194310362591314,0.8517170183850631,MYBPC3/SMARCD3/RYR2,3
GO:0045600,positive regulation of fat cell differentiation,3/828,72/18860,0.041666666666666664,0.949074074074074,-0.09277211459330909,0.6178781795558858,0.9194310362591314,0.8517170183850631,FNDC5/ZBTB16/SIX1,3
GO:0141084,inflammasome-mediated signaling pathway,3/828,72/18860,0.041666666666666664,0.949074074074074,-0.09277211459330909,0.6178781795558858,0.9194310362591314,0.8517170183850631,LAMP2/PRKD1/KCNJ8,3
GO:0006661,phosphatidylinositol biosynthetic process,5/828,121/18860,0.04132231404958678,0.9412304866850322,-0.1389709809551605,0.6179930488589603,0.9194310362591314,0.8517170183850631,TTC7B/PIGZ/IP6K3/PIK3C2G/CWH43,5
GO:0051261,protein depolymerization,5/828,121/18860,0.04132231404958678,0.9412304866850322,-0.1389709809551605,0.6179930488589603,0.9194310362591314,0.8517170183850631,FGF13/DNAJC6/APC2/NES/LMOD2,5
GO:0071621,granulocyte chemotaxis,5/828,121/18860,0.04132231404958678,0.9412304866850322,-0.1389709809551605,0.6179930488589603,0.9194310362591314,0.8517170183850631,CCL16/PLA2G1B/VAV3/CXCL17/EDN1,5
GO:1903076,regulation of protein localization to plasma membrane,5/828,121/18860,0.04132231404958678,0.9412304866850322,-0.1389709809551605,0.6179930488589603,0.9194310362591314,0.8517170183850631,EGFR/AR/ZDHHC2/SORBS1/CAMK2B,5
GO:0031333,negative regulation of protein-containing complex assembly,6/828,146/18860,0.0410958904109589,0.9360730593607305,-0.16616118679511138,0.6232171939698514,0.9194310362591314,0.8517170183850631,LAMP2/HIP1R/ULK1/KANK4/LMOD2/DKK1,6
GO:0032272,negative regulation of protein polymerization,3/828,73/18860,0.0410958904109589,0.9360730593607305,-0.11726520915602638,0.6272313849153395,0.9194310362591314,0.8517170183850631,HIP1R/KANK4/LMOD2,3
GO:0006670,sphingosine metabolic process,1/828,22/18860,0.045454545454545456,1.0353535353535352,0.03555325298770399,0.6277761619141626,0.9194310362591314,0.8517170183850631,ABCA2,1
GO:0006700,C21-steroid hormone biosynthetic process,1/828,22/18860,0.045454545454545456,1.0353535353535352,0.03555325298770399,0.6277761619141626,0.9194310362591314,0.8517170183850631,ADM,1
GO:0009129,pyrimidine nucleoside monophosphate metabolic process,1/828,22/18860,0.045454545454545456,1.0353535353535352,0.03555325298770399,0.6277761619141626,0.9194310362591314,0.8517170183850631,NT5M,1
GO:0009310,amine catabolic process,1/828,22/18860,0.045454545454545456,1.0353535353535352,0.03555325298770399,0.6277761619141626,0.9194310362591314,0.8517170183850631,PDE1B,1
GO:0010566,regulation of ketone biosynthetic process,1/828,22/18860,0.045454545454545456,1.0353535353535352,0.03555325298770399,0.6277761619141626,0.9194310362591314,0.8517170183850631,ADM,1
GO:0010866,regulation of triglyceride biosynthetic process,1/828,22/18860,0.045454545454545456,1.0353535353535352,0.03555325298770399,0.6277761619141626,0.9194310362591314,0.8517170183850631,PLIN5,1
GO:0010884,positive regulation of lipid storage,1/828,22/18860,0.045454545454545456,1.0353535353535352,0.03555325298770399,0.6277761619141626,0.9194310362591314,0.8517170183850631,PLIN5,1
GO:0031630,regulation of synaptic vesicle fusion to presynaptic active zone membrane,1/828,22/18860,0.045454545454545456,1.0353535353535352,0.03555325298770399,0.6277761619141626,0.9194310362591314,0.8517170183850631,ERC2,1
GO:0032253,dense core granule localization,1/828,22/18860,0.045454545454545456,1.0353535353535352,0.03555325298770399,0.6277761619141626,0.9194310362591314,0.8517170183850631,KIF1A,1
GO:0032288,myelin assembly,1/828,22/18860,0.045454545454545456,1.0353535353535352,0.03555325298770399,0.6277761619141626,0.9194310362591314,0.8517170183850631,ABCA2,1
GO:0032495,response to muramyl dipeptide,1/828,22/18860,0.045454545454545456,1.0353535353535352,0.03555325298770399,0.6277761619141626,0.9194310362591314,0.8517170183850631,LDOC1,1
GO:0032616,interleukin-13 production,1/828,22/18860,0.045454545454545456,1.0353535353535352,0.03555325298770399,0.6277761619141626,0.9194310362591314,0.8517170183850631,IL33,1
GO:0032656,regulation of interleukin-13 production,1/828,22/18860,0.045454545454545456,1.0353535353535352,0.03555325298770399,0.6277761619141626,0.9194310362591314,0.8517170183850631,IL33,1
GO:0032928,regulation of superoxide anion generation,1/828,22/18860,0.045454545454545456,1.0353535353535352,0.03555325298770399,0.6277761619141626,0.9194310362591314,0.8517170183850631,PON3,1
GO:0033138,positive regulation of peptidyl-serine phosphorylation,1/828,22/18860,0.045454545454545456,1.0353535353535352,0.03555325298770399,0.6277761619141626,0.9194310362591314,0.8517170183850631,EGFR,1
GO:0034616,response to laminar fluid shear stress,1/828,22/18860,0.045454545454545456,1.0353535353535352,0.03555325298770399,0.6277761619141626,0.9194310362591314,0.8517170183850631,PRKACB,1
GO:0035089,establishment of apical/basal cell polarity,1/828,22/18860,0.045454545454545456,1.0353535353535352,0.03555325298770399,0.6277761619141626,0.9194310362591314,0.8517170183850631,PTK7,1
GO:0035739,"CD4-positive, alpha-beta T cell proliferation",1/828,22/18860,0.045454545454545456,1.0353535353535352,0.03555325298770399,0.6277761619141626,0.9194310362591314,0.8517170183850631,CD3E,1
GO:0036498,IRE1-mediated unfolded protein response,1/828,22/18860,0.045454545454545456,1.0353535353535352,0.03555325298770399,0.6277761619141626,0.9194310362591314,0.8517170183850631,BCL2L11,1
GO:0039702,viral budding via host ESCRT complex,1/828,22/18860,0.045454545454545456,1.0353535353535352,0.03555325298770399,0.6277761619141626,0.9194310362591314,0.8517170183850631,VPS37D,1
GO:0040019,positive regulation of embryonic development,1/828,22/18860,0.045454545454545456,1.0353535353535352,0.03555325298770399,0.6277761619141626,0.9194310362591314,0.8517170183850631,NLRP5,1
GO:0048025,"negative regulation of mRNA splicing, via spliceosome",1/828,22/18860,0.045454545454545456,1.0353535353535352,0.03555325298770399,0.6277761619141626,0.9194310362591314,0.8517170183850631,CELF4,1
GO:0050765,negative regulation of phagocytosis,1/828,22/18860,0.045454545454545456,1.0353535353535352,0.03555325298770399,0.6277761619141626,0.9194310362591314,0.8517170183850631,PRTN3,1
GO:0050849,negative regulation of calcium-mediated signaling,1/828,22/18860,0.045454545454545456,1.0353535353535352,0.03555325298770399,0.6277761619141626,0.9194310362591314,0.8517170183850631,HOMER2,1
GO:0051900,regulation of mitochondrial depolarization,1/828,22/18860,0.045454545454545456,1.0353535353535352,0.03555325298770399,0.6277761619141626,0.9194310362591314,0.8517170183850631,ALB,1
GO:0051930,regulation of sensory perception of pain,1/828,22/18860,0.045454545454545456,1.0353535353535352,0.03555325298770399,0.6277761619141626,0.9194310362591314,0.8517170183850631,TAC4,1
GO:0051931,regulation of sensory perception,1/828,22/18860,0.045454545454545456,1.0353535353535352,0.03555325298770399,0.6277761619141626,0.9194310362591314,0.8517170183850631,TAC4,1
GO:0060445,branching involved in salivary gland morphogenesis,1/828,22/18860,0.045454545454545456,1.0353535353535352,0.03555325298770399,0.6277761619141626,0.9194310362591314,0.8517170183850631,NTN4,1
GO:0061050,regulation of cell growth involved in cardiac muscle cell development,1/828,22/18860,0.045454545454545456,1.0353535353535352,0.03555325298770399,0.6277761619141626,0.9194310362591314,0.8517170183850631,EDN1,1
GO:0061621,canonical glycolysis,1/828,22/18860,0.045454545454545456,1.0353535353535352,0.03555325298770399,0.6277761619141626,0.9194310362591314,0.8517170183850631,PGAM2,1
GO:0061718,glucose catabolic process to pyruvate,1/828,22/18860,0.045454545454545456,1.0353535353535352,0.03555325298770399,0.6277761619141626,0.9194310362591314,0.8517170183850631,PGAM2,1
GO:0071731,response to nitric oxide,1/828,22/18860,0.045454545454545456,1.0353535353535352,0.03555325298770399,0.6277761619141626,0.9194310362591314,0.8517170183850631,GATA5,1
GO:0072202,cell differentiation involved in metanephros development,1/828,22/18860,0.045454545454545456,1.0353535353535352,0.03555325298770399,0.6277761619141626,0.9194310362591314,0.8517170183850631,LAMB2,1
GO:0072234,metanephric nephron tubule development,1/828,22/18860,0.045454545454545456,1.0353535353535352,0.03555325298770399,0.6277761619141626,0.9194310362591314,0.8517170183850631,ACAT1,1
GO:0090141,positive regulation of mitochondrial fission,1/828,22/18860,0.045454545454545456,1.0353535353535352,0.03555325298770399,0.6277761619141626,0.9194310362591314,0.8517170183850631,BNIP3,1
GO:0097066,response to thyroid hormone,1/828,22/18860,0.045454545454545456,1.0353535353535352,0.03555325298770399,0.6277761619141626,0.9194310362591314,0.8517170183850631,HPN,1
GO:0140354,lipid import into cell,1/828,22/18860,0.045454545454545456,1.0353535353535352,0.03555325298770399,0.6277761619141626,0.9194310362591314,0.8517170183850631,FABP3,1
GO:1901632,regulation of synaptic vesicle membrane organization,1/828,22/18860,0.045454545454545456,1.0353535353535352,0.03555325298770399,0.6277761619141626,0.9194310362591314,0.8517170183850631,ERC2,1
GO:2000561,"regulation of CD4-positive, alpha-beta T cell proliferation",1/828,22/18860,0.045454545454545456,1.0353535353535352,0.03555325298770399,0.6277761619141626,0.9194310362591314,0.8517170183850631,CD3E,1
GO:2000725,regulation of cardiac muscle cell differentiation,1/828,22/18860,0.045454545454545456,1.0353535353535352,0.03555325298770399,0.6277761619141626,0.9194310362591314,0.8517170183850631,DKK1,1
GO:0001774,microglial cell activation,2/828,48/18860,0.041666666666666664,0.949074074074074,-0.07569977993159706,0.6289820553310026,0.9194310362591314,0.8517170183850631,IL33/KCNJ8,2
GO:0001914,regulation of T cell mediated cytotoxicity,2/828,48/18860,0.041666666666666664,0.949074074074074,-0.07569977993159706,0.6289820553310026,0.9194310362591314,0.8517170183850631,AZGP1/SLC22A13,2
GO:0021575,hindbrain morphogenesis,2/828,48/18860,0.041666666666666664,0.949074074074074,-0.07569977993159706,0.6289820553310026,0.9194310362591314,0.8517170183850631,CBS/RORA,2
GO:0042119,neutrophil activation,2/828,48/18860,0.041666666666666664,0.949074074074074,-0.07569977993159706,0.6289820553310026,0.9194310362591314,0.8517170183850631,SCNN1B/DNASE1,2
GO:0048489,synaptic vesicle transport,2/828,48/18860,0.041666666666666664,0.949074074074074,-0.07569977993159706,0.6289820553310026,0.9194310362591314,0.8517170183850631,SLC2A4/KIF5C,2
GO:0055010,ventricular cardiac muscle tissue morphogenesis,2/828,48/18860,0.041666666666666664,0.949074074074074,-0.07569977993159706,0.6289820553310026,0.9194310362591314,0.8517170183850631,MYBPC3/RYR2,2
GO:0060428,lung epithelium development,2/828,48/18860,0.041666666666666664,0.949074074074074,-0.07569977993159706,0.6289820553310026,0.9194310362591314,0.8517170183850631,GATA6/FOXA1,2
GO:0090224,regulation of spindle organization,2/828,48/18860,0.041666666666666664,0.949074074074074,-0.07569977993159706,0.6289820553310026,0.9194310362591314,0.8517170183850631,GNAI1/FSD1,2
GO:0140894,endolysosomal toll-like receptor signaling pathway,2/828,48/18860,0.041666666666666664,0.949074074074074,-0.07569977993159706,0.6289820553310026,0.9194310362591314,0.8517170183850631,PTPRS/RAB7B,2
GO:1905521,regulation of macrophage migration,2/828,48/18860,0.041666666666666664,0.949074074074074,-0.07569977993159706,0.6289820553310026,0.9194310362591314,0.8517170183850631,C5/CXCL17,2
GO:2001239,regulation of extrinsic apoptotic signaling pathway in absence of ligand,2/828,48/18860,0.041666666666666664,0.949074074074074,-0.07569977993159706,0.6289820553310026,0.9194310362591314,0.8517170183850631,COL2A1/RET,2
GO:0021954,central nervous system neuron development,4/828,98/18860,0.04081632653061224,0.929705215419501,-0.14950273086535634,0.6291472660413285,0.9194310362591314,0.8517170183850631,ZMIZ1/EPHB3/NIN/NPY,4
GO:0048661,positive regulation of smooth muscle cell proliferation,4/828,98/18860,0.04081632653061224,0.929705215419501,-0.14950273086535634,0.6291472660413285,0.9194310362591314,0.8517170183850631,PDGFD/RBPMS2/IGFBP5/EDN1,4
GO:0051153,regulation of striated muscle cell differentiation,4/828,98/18860,0.04081632653061224,0.929705215419501,-0.14950273086535634,0.6291472660413285,0.9194310362591314,0.8517170183850631,HDAC5/PRKD1/EDN1/DKK1,4
GO:0051492,regulation of stress fiber assembly,4/828,98/18860,0.04081632653061224,0.929705215419501,-0.14950273086535634,0.6291472660413285,0.9194310362591314,0.8517170183850631,CGNL1/ASAP3/EVL/TGFB3,4
GO:0035966,response to topologically incorrect protein,7/828,172/18860,0.040697674418604654,0.9270025839793283,-0.20608332235180649,0.6344914074200596,0.924083148051696,0.8560265126580411,ASB11/FUT1/HSPB7/PACRG/ERP27/TMTC4/BCL2L11,7
GO:0061008,hepaticobiliary system development,6/828,148/18860,0.04054054054054054,0.9234234234234234,-0.200409936081209,0.6363571361777287,0.924083148051696,0.8560265126580411,HPN/GATA6/ACAT1/ADA/FGL1/DBP,6
GO:0097530,granulocyte migration,6/828,148/18860,0.04054054054054054,0.9234234234234234,-0.200409936081209,0.6363571361777287,0.924083148051696,0.8560265126580411,CCL16/PLA2G1B/VAV3/PRTN3/CXCL17/EDN1,6
GO:0070830,bicellular tight junction assembly,3/828,74/18860,0.04054054054054054,0.9234234234234234,-0.14143184182200796,0.6364257604467081,0.924083148051696,0.8560265126580411,CLDN19/CLDN25/CLDN24,3
GO:0043502,regulation of muscle adaptation,4/828,99/18860,0.04040404040404041,0.920314253647587,-0.17034241479004175,0.6371052825463213,0.924083148051696,0.8560265126580411,IGFBP5/GATA5/EDN1/CAMK2B,4
GO:0051781,positive regulation of cell division,4/828,99/18860,0.04040404040404041,0.920314253647587,-0.17034241479004175,0.6371052825463213,0.924083148051696,0.8560265126580411,VEGFB/PDGFD/TGFB3/OPN1MW,4
GO:0045017,glycerolipid biosynthetic process,10/828,245/18860,0.04081632653061224,0.929705215419501,-0.23731608521532965,0.6382173123823278,0.924083148051696,0.8560265126580411,PLIN5/DGKD/TTC7B/FABP3/PIGZ/PRKAA2/IP6K3/PIK3C2G/MOGAT1/CWH43,10
GO:0007338,single fertilization,8/828,197/18860,0.04060913705583756,0.9249858996051888,-0.22679727895214913,0.6391600347134283,0.924083148051696,0.8560265126580411,FOLR1/SERPINA5/AR/FOLR3/NLRP5/SPINK13/TRIM36/LY6K,8
GO:0060538,skeletal muscle organ development,8/828,197/18860,0.04060913705583756,0.9249858996051888,-0.22679727895214913,0.6391600347134283,0.924083148051696,0.8560265126580411,DNER/NPHS1/POPDC3/DMD/NUPR1/SIX4/SRPK3/SIX1,8
GO:0035821,modulation of process of another organism,5/828,124/18860,0.04032258064516129,0.9184587813620072,-0.19521004013040377,0.6395577167472604,0.924083148051696,0.8560265126580411,MID2/HPN/PIK3C2G/BRD4/FBLN1,5
GO:0035967,cellular response to topologically incorrect protein,5/828,124/18860,0.04032258064516129,0.9184587813620072,-0.19521004013040377,0.6395577167472604,0.924083148051696,0.8560265126580411,ASB11/FUT1/PACRG/TMTC4/BCL2L11,5
GO:0046634,regulation of alpha-beta T cell activation,5/828,124/18860,0.04032258064516129,0.9184587813620072,-0.19521004013040377,0.6395577167472604,0.924083148051696,0.8560265126580411,CD3E/SLC4A2/ADA/ZBTB16/BRD4,5
GO:0007520,myoblast fusion,2/828,49/18860,0.04081632653061224,0.929705215419501,-0.10557661948206211,0.6402111047790304,0.924083148051696,0.8560265126580411,NPHS1/NFATC2,2
GO:0032881,regulation of polysaccharide metabolic process,2/828,49/18860,0.04081632653061224,0.929705215419501,-0.10557661948206211,0.6402111047790304,0.924083148051696,0.8560265126580411,PPP1R3C/SORBS1,2
GO:0033120,positive regulation of RNA splicing,2/828,49/18860,0.04081632653061224,0.929705215419501,-0.10557661948206211,0.6402111047790304,0.924083148051696,0.8560265126580411,CELF4/CIRBP,2
GO:0046189,phenol-containing compound biosynthetic process,2/828,49/18860,0.04081632653061224,0.929705215419501,-0.10557661948206211,0.6402111047790304,0.924083148051696,0.8560265126580411,HDC/KL,2
GO:0046578,regulation of Ras protein signal transduction,2/828,49/18860,0.04081632653061224,0.929705215419501,-0.10557661948206211,0.6402111047790304,0.924083148051696,0.8560265126580411,KITLG/SYDE1,2
GO:0071526,semaphorin-plexin signaling pathway,2/828,49/18860,0.04081632653061224,0.929705215419501,-0.10557661948206211,0.6402111047790304,0.924083148051696,0.8560265126580411,SEMA3D/EDN1,2
GO:0097028,dendritic cell differentiation,2/828,49/18860,0.04081632653061224,0.929705215419501,-0.10557661948206211,0.6402111047790304,0.924083148051696,0.8560265126580411,DHRS2/PRTN3,2
GO:1900225,regulation of NLRP3 inflammasome complex assembly,2/828,49/18860,0.04081632653061224,0.929705215419501,-0.10557661948206211,0.6402111047790304,0.924083148051696,0.8560265126580411,LAMP2/PRKD1,2
GO:1903426,regulation of reactive oxygen species biosynthetic process,2/828,49/18860,0.04081632653061224,0.929705215419501,-0.10557661948206211,0.6402111047790304,0.924083148051696,0.8560265126580411,DUOXA1/SLC18A2,2
GO:1905314,semi-lunar valve development,2/828,49/18860,0.04081632653061224,0.929705215419501,-0.10557661948206211,0.6402111047790304,0.924083148051696,0.8560265126580411,ADAMTS19/GATA5,2
GO:2000516,"positive regulation of CD4-positive, alpha-beta T cell activation",2/828,49/18860,0.04081632653061224,0.929705215419501,-0.10557661948206211,0.6402111047790304,0.924083148051696,0.8560265126580411,CD3E/BRD4,2
GO:0070665,positive regulation of leukocyte proliferation,7/828,173/18860,0.04046242774566474,0.9216441875401413,-0.22185898724861225,0.6405182980863107,0.924083148051696,0.8560265126580411,IGFBP2/NFATC2/CD3E/KITLG/KIT/ADA/VAV3,7
GO:0002223,stimulatory C-type lectin receptor signaling pathway,1/828,23/18860,0.043478260869565216,0.9903381642512077,-0.009935054380915556,0.6441367807662212,0.924083148051696,0.8560265126580411,PAK3,1
GO:0002475,antigen processing and presentation via MHC class Ib,1/828,23/18860,0.043478260869565216,0.9903381642512077,-0.009935054380915556,0.6441367807662212,0.924083148051696,0.8560265126580411,AZGP1,1
GO:0002689,negative regulation of leukocyte chemotaxis,1/828,23/18860,0.043478260869565216,0.9903381642512077,-0.009935054380915556,0.6441367807662212,0.924083148051696,0.8560265126580411,C5,1
GO:0003228,atrial cardiac muscle tissue development,1/828,23/18860,0.043478260869565216,0.9903381642512077,-0.009935054380915556,0.6441367807662212,0.924083148051696,0.8560265126580411,GATA6,1
GO:0003283,atrial septum development,1/828,23/18860,0.043478260869565216,0.9903381642512077,-0.009935054380915556,0.6441367807662212,0.924083148051696,0.8560265126580411,DAND5,1
GO:0006658,phosphatidylserine metabolic process,1/828,23/18860,0.043478260869565216,0.9903381642512077,-0.009935054380915556,0.6441367807662212,0.924083148051696,0.8560265126580411,PLA1A,1
GO:0007603,"phototransduction, visible light",1/828,23/18860,0.043478260869565216,0.9903381642512077,-0.009935054380915556,0.6441367807662212,0.924083148051696,0.8560265126580411,TTR,1
GO:0009110,vitamin biosynthetic process,1/828,23/18860,0.043478260869565216,0.9903381642512077,-0.009935054380915556,0.6441367807662212,0.924083148051696,0.8560265126580411,PLTP,1
GO:0010829,negative regulation of D-glucose transmembrane transport,1/828,23/18860,0.043478260869565216,0.9903381642512077,-0.009935054380915556,0.6441367807662212,0.924083148051696,0.8560265126580411,PTPRM,1
GO:0010985,negative regulation of lipoprotein particle clearance,1/828,23/18860,0.043478260869565216,0.9903381642512077,-0.009935054380915556,0.6441367807662212,0.924083148051696,0.8560265126580411,ABCC8,1
GO:0014059,regulation of dopamine secretion,1/828,23/18860,0.043478260869565216,0.9903381642512077,-0.009935054380915556,0.6441367807662212,0.924083148051696,0.8560265126580411,FGF20,1
GO:0016338,calcium-independent cell-cell adhesion via plasma membrane cell-adhesion molecules,1/828,23/18860,0.043478260869565216,0.9903381642512077,-0.009935054380915556,0.6441367807662212,0.924083148051696,0.8560265126580411,CLDN19,1
GO:0019885,antigen processing and presentation of endogenous peptide antigen via MHC class I,1/828,23/18860,0.043478260869565216,0.9903381642512077,-0.009935054380915556,0.6441367807662212,0.924083148051696,0.8560265126580411,AZGP1,1
GO:0031340,positive regulation of vesicle fusion,1/828,23/18860,0.043478260869565216,0.9903381642512077,-0.009935054380915556,0.6441367807662212,0.924083148051696,0.8560265126580411,ERC2,1
GO:0032402,melanosome transport,1/828,23/18860,0.043478260869565216,0.9903381642512077,-0.009935054380915556,0.6441367807662212,0.924083148051696,0.8560265126580411,RAB17,1
GO:0032986,protein-DNA complex disassembly,1/828,23/18860,0.043478260869565216,0.9903381642512077,-0.009935054380915556,0.6441367807662212,0.924083148051696,0.8560265126580411,SMARCD3,1
GO:0034105,positive regulation of tissue remodeling,1/828,23/18860,0.043478260869565216,0.9903381642512077,-0.009935054380915556,0.6441367807662212,0.924083148051696,0.8560265126580411,HRG,1
GO:0035855,megakaryocyte development,1/828,23/18860,0.043478260869565216,0.9903381642512077,-0.009935054380915556,0.6441367807662212,0.924083148051696,0.8560265126580411,KIT,1
GO:0036092,phosphatidylinositol-3-phosphate biosynthetic process,1/828,23/18860,0.043478260869565216,0.9903381642512077,-0.009935054380915556,0.6441367807662212,0.924083148051696,0.8560265126580411,PIK3C2G,1
GO:0046033,AMP metabolic process,1/828,23/18860,0.043478260869565216,0.9903381642512077,-0.009935054380915556,0.6441367807662212,0.924083148051696,0.8560265126580411,ADA,1
GO:0046628,positive regulation of insulin receptor signaling pathway,1/828,23/18860,0.043478260869565216,0.9903381642512077,-0.009935054380915556,0.6441367807662212,0.924083148051696,0.8560265126580411,SORBS1,1
GO:0050686,negative regulation of mRNA processing,1/828,23/18860,0.043478260869565216,0.9903381642512077,-0.009935054380915556,0.6441367807662212,0.924083148051696,0.8560265126580411,CELF4,1
GO:0051349,positive regulation of lyase activity,1/828,23/18860,0.043478260869565216,0.9903381642512077,-0.009935054380915556,0.6441367807662212,0.924083148051696,0.8560265126580411,DRD5,1
GO:0060004,reflex,1/828,23/18860,0.043478260869565216,0.9903381642512077,-0.009935054380915556,0.6441367807662212,0.924083148051696,0.8560265126580411,HPN,1
GO:0060713,labyrinthine layer morphogenesis,1/828,23/18860,0.043478260869565216,0.9903381642512077,-0.009935054380915556,0.6441367807662212,0.924083148051696,0.8560265126580411,ADM,1
GO:0071786,endoplasmic reticulum tubular network organization,1/828,23/18860,0.043478260869565216,0.9903381642512077,-0.009935054380915556,0.6441367807662212,0.924083148051696,0.8560265126580411,ZFYVE27,1
GO:0090026,positive regulation of monocyte chemotaxis,1/828,23/18860,0.043478260869565216,0.9903381642512077,-0.009935054380915556,0.6441367807662212,0.924083148051696,0.8560265126580411,CXCL17,1
GO:1903861,positive regulation of dendrite extension,1/828,23/18860,0.043478260869565216,0.9903381642512077,-0.009935054380915556,0.6441367807662212,0.924083148051696,0.8560265126580411,NEDD4L,1
GO:1990840,response to lectin,1/828,23/18860,0.043478260869565216,0.9903381642512077,-0.009935054380915556,0.6441367807662212,0.924083148051696,0.8560265126580411,PAK3,1
GO:1990858,cellular response to lectin,1/828,23/18860,0.043478260869565216,0.9903381642512077,-0.009935054380915556,0.6441367807662212,0.924083148051696,0.8560265126580411,PAK3,1
GO:2000001,regulation of DNA damage checkpoint,1/828,23/18860,0.043478260869565216,0.9903381642512077,-0.009935054380915556,0.6441367807662212,0.924083148051696,0.8560265126580411,BRD4,1
GO:2000010,positive regulation of protein localization to cell surface,1/828,23/18860,0.043478260869565216,0.9903381642512077,-0.009935054380915556,0.6441367807662212,0.924083148051696,0.8560265126580411,ERBB4,1
GO:2000047,regulation of cell-cell adhesion mediated by cadherin,1/828,23/18860,0.043478260869565216,0.9903381642512077,-0.009935054380915556,0.6441367807662212,0.924083148051696,0.8560265126580411,FOXA1,1
GO:2000786,positive regulation of autophagosome assembly,1/828,23/18860,0.043478260869565216,0.9903381642512077,-0.009935054380915556,0.6441367807662212,0.924083148051696,0.8560265126580411,ULK1,1
GO:2001135,regulation of endocytic recycling,1/828,23/18860,0.043478260869565216,0.9903381642512077,-0.009935054380915556,0.6441367807662212,0.924083148051696,0.8560265126580411,ZDHHC2,1
GO:0090559,regulation of membrane permeability,3/828,75/18860,0.04,0.9111111111111111,-0.16528180950088758,0.6454605419920658,0.9256946530805465,0.8575193339835748,HIP1R/BNIP3/BCL2L11,3
GO:0045582,positive regulation of T cell differentiation,5/828,125/18860,0.04,0.9111111111111111,-0.21366244047269842,0.6465758957168498,0.9270063602671259,0.858734436900367,SMARCD3/ZMIZ1/ADA/ZBTB16/BRD4,5
GO:0046488,phosphatidylinositol metabolic process,6/828,150/18860,0.04,0.9111111111111111,-0.23421179505192344,0.6492226260403575,0.9300549378809642,0.8615584936628384,TTC7B/PLCL1/PIGZ/IP6K3/PIK3C2G/CWH43,6
GO:0003016,respiratory system process,2/828,50/18860,0.04,0.9111111111111111,-0.13486232148664834,0.6511707474768047,0.9300549378809642,0.8615584936628384,CCBE1/NDN,2
GO:0010907,positive regulation of glucose metabolic process,2/828,50/18860,0.04,0.9111111111111111,-0.13486232148664834,0.6511707474768047,0.9300549378809642,0.8615584936628384,PPARGC1A/SORBS1,2
GO:0014037,Schwann cell differentiation,2/828,50/18860,0.04,0.9111111111111111,-0.13486232148664834,0.6511707474768047,0.9300549378809642,0.8615584936628384,LAMA2/LAMB2,2
GO:0019674,NAD+ metabolic process,2/828,50/18860,0.04,0.9111111111111111,-0.13486232148664834,0.6511707474768047,0.9300549378809642,0.8615584936628384,LDHB/SLC22A13,2
GO:0042149,cellular response to glucose starvation,2/828,50/18860,0.04,0.9111111111111111,-0.13486232148664834,0.6511707474768047,0.9300549378809642,0.8615584936628384,PRKAA2/ASNS,2
GO:0045197,establishment or maintenance of epithelial cell apical/basal polarity,2/828,50/18860,0.04,0.9111111111111111,-0.13486232148664834,0.6511707474768047,0.9300549378809642,0.8615584936628384,PTK7/VANGL2,2
GO:1904646,cellular response to amyloid-beta,2/828,50/18860,0.04,0.9111111111111111,-0.13486232148664834,0.6511707474768047,0.9300549378809642,0.8615584936628384,IGF1R/ADRB2,2
GO:0010562,positive regulation of phosphorus metabolic process,13/828,320/18860,0.040625,0.9253472222222222,-0.28861483190626164,0.6525505152851951,0.9300549378809642,0.8615584936628384,VEGFB/ERBB4/EGFR/TPD52L1/CTF1/FABP3/PRKAA2/MT3/KIT/EEF1A2/ODAM/PTH1R/FAM20A,13
GO:0045937,positive regulation of phosphate metabolic process,13/828,320/18860,0.040625,0.9253472222222222,-0.28861483190626164,0.6525505152851951,0.9300549378809642,0.8615584936628384,VEGFB/ERBB4/EGFR/TPD52L1/CTF1/FABP3/PRKAA2/MT3/KIT/EEF1A2/ODAM/PTH1R/FAM20A,13
GO:0170062,nutrient storage,4/828,101/18860,0.039603960396039604,0.9020902090209021,-0.21141437710791253,0.6526851758228318,0.9300549378809642,0.8615584936628384,PLIN5/ANGPTL3/APOC4/NLRP5,4
GO:0016485,protein processing,10/828,248/18860,0.04032258064516129,0.9184587813620072,-0.2769867952482117,0.6532771686461674,0.9300549378809642,0.8615584936628384,FGA/FGB/FGG/HPN/SIRT4/CCBE1/APOH/PRKACB/CWH43/GAS1,10
GO:0043500,muscle adaptation,5/828,126/18860,0.03968253968253968,0.9038800705467371,-0.2319722352420574,0.6535075910292039,0.9300549378809642,0.8615584936628384,GATA6/IGFBP5/GATA5/EDN1/CAMK2B,5
GO:0007405,neuroblast proliferation,3/828,76/18860,0.039473684210526314,0.8991228070175438,-0.18882447882401,0.6543351911340127,0.9300549378809642,0.8615584936628384,SMARCD3/FGF13/ID4,3
GO:0061035,regulation of cartilage development,3/828,76/18860,0.039473684210526314,0.8991228070175438,-0.18882447882401,0.6543351911340127,0.9300549378809642,0.8615584936628384,GDF5/EFEMP1/ZBTB16,3
GO:0016311,dephosphorylation,6/828,151/18860,0.039735099337748346,0.9050772626931568,-0.25094930024334006,0.6555504980203994,0.9300549378809642,0.8615584936628384,PPP2R3A/PTPRS/PTPN13/PTPRZ1/PPP3CC/DUSP26,6
GO:1902905,positive regulation of supramolecular fiber organization,7/828,176/18860,0.03977272727272727,0.9059343434343434,-0.2686612586577111,0.6582496970363763,0.9300549378809642,0.8615584936628384,WASF3/NPHS1/EVL/PRKD1/TGFB3/LMOD2/EDN1,7
GO:0002082,regulation of oxidative phosphorylation,1/828,24/18860,0.041666666666666664,0.949074074074074,-0.05349371545641377,0.6597791200732002,0.9300549378809642,0.8615584936628384,NUPR1,1
GO:0002115,store-operated calcium entry,1/828,24/18860,0.041666666666666664,0.949074074074074,-0.05349371545641377,0.6597791200732002,0.9300549378809642,0.8615584936628384,HOMER2,1
GO:0002320,lymphoid progenitor cell differentiation,1/828,24/18860,0.041666666666666664,0.949074074074074,-0.05349371545641377,0.6597791200732002,0.9300549378809642,0.8615584936628384,KIT,1
GO:0003177,pulmonary valve development,1/828,24/18860,0.041666666666666664,0.949074074074074,-0.05349371545641377,0.6597791200732002,0.9300549378809642,0.8615584936628384,ADAMTS19,1
GO:0010988,regulation of low-density lipoprotein particle clearance,1/828,24/18860,0.041666666666666664,0.949074074074074,-0.05349371545641377,0.6597791200732002,0.9300549378809642,0.8615584936628384,ABCC8,1
GO:0015669,gas transport,1/828,24/18860,0.041666666666666664,0.949074074074074,-0.05349371545641377,0.6597791200732002,0.9300549378809642,0.8615584936628384,HBZ,1
GO:0021533,cell differentiation in hindbrain,1/828,24/18860,0.041666666666666664,0.949074074074074,-0.05349371545641377,0.6597791200732002,0.9300549378809642,0.8615584936628384,RORA,1
GO:0030449,regulation of complement activation,1/828,24/18860,0.041666666666666664,0.949074074074074,-0.05349371545641377,0.6597791200732002,0.9300549378809642,0.8615584936628384,SUSD4,1
GO:0030813,positive regulation of nucleotide catabolic process,1/828,24/18860,0.041666666666666664,0.949074074074074,-0.05349371545641377,0.6597791200732002,0.9300549378809642,0.8615584936628384,PRKAA2,1
GO:0032401,establishment of melanosome localization,1/828,24/18860,0.041666666666666664,0.949074074074074,-0.05349371545641377,0.6597791200732002,0.9300549378809642,0.8615584936628384,RAB17,1
GO:0033123,positive regulation of purine nucleotide catabolic process,1/828,24/18860,0.041666666666666664,0.949074074074074,-0.05349371545641377,0.6597791200732002,0.9300549378809642,0.8615584936628384,PRKAA2,1
GO:0034312,diol biosynthetic process,1/828,24/18860,0.041666666666666664,0.949074074074074,-0.05349371545641377,0.6597791200732002,0.9300549378809642,0.8615584936628384,ABCA2,1
GO:0043153,entrainment of circadian clock by photoperiod,1/828,24/18860,0.041666666666666664,0.949074074074074,-0.05349371545641377,0.6597791200732002,0.9300549378809642,0.8615584936628384,CRTC1,1
GO:0043249,erythrocyte maturation,1/828,24/18860,0.041666666666666664,0.949074074074074,-0.05349371545641377,0.6597791200732002,0.9300549378809642,0.8615584936628384,HBZ,1
GO:0045722,positive regulation of gluconeogenesis,1/828,24/18860,0.041666666666666664,0.949074074074074,-0.05349371545641377,0.6597791200732002,0.9300549378809642,0.8615584936628384,PPARGC1A,1
GO:0045821,positive regulation of glycolytic process,1/828,24/18860,0.041666666666666664,0.949074074074074,-0.05349371545641377,0.6597791200732002,0.9300549378809642,0.8615584936628384,PRKAA2,1
GO:0045822,negative regulation of heart contraction,1/828,24/18860,0.041666666666666664,0.949074074074074,-0.05349371545641377,0.6597791200732002,0.9300549378809642,0.8615584936628384,RNLS,1
GO:0045932,negative regulation of muscle contraction,1/828,24/18860,0.041666666666666664,0.949074074074074,-0.05349371545641377,0.6597791200732002,0.9300549378809642,0.8615584936628384,ADRB2,1
GO:0046519,sphingoid metabolic process,1/828,24/18860,0.041666666666666664,0.949074074074074,-0.05349371545641377,0.6597791200732002,0.9300549378809642,0.8615584936628384,ABCA2,1
GO:0046597,host-mediated suppression of symbiont invasion,1/828,24/18860,0.041666666666666664,0.949074074074074,-0.05349371545641377,0.6597791200732002,0.9300549378809642,0.8615584936628384,MID2,1
GO:0046641,positive regulation of alpha-beta T cell proliferation,1/828,24/18860,0.041666666666666664,0.949074074074074,-0.05349371545641377,0.6597791200732002,0.9300549378809642,0.8615584936628384,CD3E,1
GO:0050908,detection of light stimulus involved in visual perception,1/828,24/18860,0.041666666666666664,0.949074074074074,-0.05349371545641377,0.6597791200732002,0.9300549378809642,0.8615584936628384,ATP8A2,1
GO:0050962,detection of light stimulus involved in sensory perception,1/828,24/18860,0.041666666666666664,0.949074074074074,-0.05349371545641377,0.6597791200732002,0.9300549378809642,0.8615584936628384,ATP8A2,1
GO:0051904,pigment granule transport,1/828,24/18860,0.041666666666666664,0.949074074074074,-0.05349371545641377,0.6597791200732002,0.9300549378809642,0.8615584936628384,RAB17,1
GO:0060143,positive regulation of syncytium formation by plasma membrane fusion,1/828,24/18860,0.041666666666666664,0.949074074074074,-0.05349371545641377,0.6597791200732002,0.9300549378809642,0.8615584936628384,NFATC2,1
GO:0060252,positive regulation of glial cell proliferation,1/828,24/18860,0.041666666666666664,0.949074074074074,-0.05349371545641377,0.6597791200732002,0.9300549378809642,0.8615584936628384,NTN1,1
GO:0061042,vascular wound healing,1/828,24/18860,0.041666666666666664,0.949074074074074,-0.05349371545641377,0.6597791200732002,0.9300549378809642,0.8615584936628384,VEGFB,1
GO:0061162,establishment of monopolar cell polarity,1/828,24/18860,0.041666666666666664,0.949074074074074,-0.05349371545641377,0.6597791200732002,0.9300549378809642,0.8615584936628384,PTK7,1
GO:0061620,glycolytic process through glucose-6-phosphate,1/828,24/18860,0.041666666666666664,0.949074074074074,-0.05349371545641377,0.6597791200732002,0.9300549378809642,0.8615584936628384,PGAM2,1
GO:0062099,negative regulation of programmed necrotic cell death,1/828,24/18860,0.041666666666666664,0.949074074074074,-0.05349371545641377,0.6597791200732002,0.9300549378809642,0.8615584936628384,NUPR1,1
GO:0072170,metanephric tubule development,1/828,24/18860,0.041666666666666664,0.949074074074074,-0.05349371545641377,0.6597791200732002,0.9300549378809642,0.8615584936628384,ACAT1,1
GO:0097062,dendritic spine maintenance,1/828,24/18860,0.041666666666666664,0.949074074074074,-0.05349371545641377,0.6597791200732002,0.9300549378809642,0.8615584936628384,IGF1R,1
GO:0141005,transposable element silencing by heterochromatin formation,1/828,24/18860,0.041666666666666664,0.949074074074074,-0.05349371545641377,0.6597791200732002,0.9300549378809642,0.8615584936628384,TDRD9,1
GO:1900037,regulation of cellular response to hypoxia,1/828,24/18860,0.041666666666666664,0.949074074074074,-0.05349371545641377,0.6597791200732002,0.9300549378809642,0.8615584936628384,KCNK2,1
GO:1900242,regulation of synaptic vesicle endocytosis,1/828,24/18860,0.041666666666666664,0.949074074074074,-0.05349371545641377,0.6597791200732002,0.9300549378809642,0.8615584936628384,PPP3CC,1
GO:1901028,regulation of mitochondrial outer membrane permeabilization involved in apoptotic signaling pathway,1/828,24/18860,0.041666666666666664,0.949074074074074,-0.05349371545641377,0.6597791200732002,0.9300549378809642,0.8615584936628384,HIP1R,1
GO:1905709,negative regulation of membrane permeability,1/828,24/18860,0.041666666666666664,0.949074074074074,-0.05349371545641377,0.6597791200732002,0.9300549378809642,0.8615584936628384,BNIP3,1
GO:2000114,regulation of establishment of cell polarity,1/828,24/18860,0.041666666666666664,0.949074074074074,-0.05349371545641377,0.6597791200732002,0.9300549378809642,0.8615584936628384,WDPCP,1
GO:0010596,negative regulation of endothelial cell migration,4/828,102/18860,0.0392156862745098,0.8932461873638344,-0.2316555790299452,0.6603054508231309,0.9302946290501273,0.8617805321191031,PTPRM/HDAC5/APOH/HRG,4
GO:0021761,limbic system development,5/828,127/18860,0.03937007874015748,0.8967629046369204,-0.2501419436804066,0.6603520558740401,0.9302946290501273,0.8617805321191031,FGF13/PTPRS/CDK6/NEFL/ID4,5
GO:0002687,positive regulation of leukocyte migration,6/828,152/18860,0.039473684210526314,0.8991228070175438,-0.26758000139694305,0.661807534800061,0.9304045216106622,0.8618823313409159,VEGFB/PDGFD/KITLG/CXCL17/EDN1/PLVAP,6
GO:0003351,epithelial cilium movement involved in extracellular fluid movement,2/828,51/18860,0.0392156862745098,0.8932461873638344,-0.16358300377533716,0.6618629658081732,0.9304045216106622,0.8618823313409159,AQP4/CWH43,2
GO:0046460,neutral lipid biosynthetic process,2/828,51/18860,0.0392156862745098,0.8932461873638344,-0.16358300377533716,0.6618629658081732,0.9304045216106622,0.8618823313409159,PLIN5/MOGAT1,2
GO:0046463,acylglycerol biosynthetic process,2/828,51/18860,0.0392156862745098,0.8932461873638344,-0.16358300377533716,0.6618629658081732,0.9304045216106622,0.8618823313409159,PLIN5/MOGAT1,2
GO:0051155,positive regulation of striated muscle cell differentiation,2/828,51/18860,0.0392156862745098,0.8932461873638344,-0.16358300377533716,0.6618629658081732,0.9304045216106622,0.8618823313409159,PRKD1/EDN1,2
GO:0061082,myeloid leukocyte cytokine production,2/828,51/18860,0.0392156862745098,0.8932461873638344,-0.16358300377533716,0.6618629658081732,0.9304045216106622,0.8618823313409159,KIT/TGFB3,2
GO:0006979,response to oxidative stress,17/828,418/18860,0.04066985645933014,0.9263689526847421,-0.3262102921453586,0.6621000644618504,0.9304045216106622,0.8618823313409159,DHRS2/HMOX2/PDGFD/ALAD/BNIP3/GGT7/PRKAA2/DUOX1/PRKD1/MT3/RCAN2/PPARGC1A/PTPRN/GATA5/EDN1/GPX3/SOD3,17
GO:0002090,regulation of receptor internalization,3/828,77/18860,0.03896103896103896,0.8874458874458874,-0.21206881064267527,0.6630493833587476,0.9304045216106622,0.8618823313409159,SH3GL2/SUSD4/DKK1,3
GO:0014743,regulation of muscle hypertrophy,3/828,77/18860,0.03896103896103896,0.8874458874458874,-0.21206881064267527,0.6630493833587476,0.9304045216106622,0.8618823313409159,IGFBP5/GATA5/EDN1,3
GO:0044788,host-mediated perturbation of viral process,3/828,77/18860,0.03896103896103896,0.8874458874458874,-0.21206881064267527,0.6630493833587476,0.9304045216106622,0.8618823313409159,HPN/PIK3C2G/BRD4,3
GO:0045661,regulation of myoblast differentiation,3/828,77/18860,0.03896103896103896,0.8874458874458874,-0.21206881064267527,0.6630493833587476,0.9304045216106622,0.8618823313409159,RANBP3L/SMARCD3/SOSTDC1,3
GO:0060411,cardiac septum morphogenesis,3/828,77/18860,0.03896103896103896,0.8874458874458874,-0.21206881064267527,0.6630493833587476,0.9304045216106622,0.8618823313409159,GATA6/ADAMTS19/VANGL2,3
GO:0006694,steroid biosynthetic process,7/828,177/18860,0.03954802259887006,0.9008160703075958,-0.2840908111059695,0.6640416172367567,0.9304045216106622,0.8618823313409159,PDE8B/TM7SF2/PRKAA2/CYP7B1/GNAI1/ADM/INSIG1,7
GO:0045216,cell-cell junction organization,9/828,226/18860,0.03982300884955752,0.9070796460176991,-0.30113731850429454,0.6645921885272976,0.9304045216106622,0.8618823313409159,CDH2/NPHS1/CLDN19/CLDN25/IRX3/ABCC8/TGFB3/PRTN3/CLDN24,9
GO:1902903,regulation of supramolecular fiber organization,16/828,395/18860,0.04050632911392405,0.9226441631504922,-0.33294272511232215,0.6655827232503008,0.9304045216106622,0.8618823313409159,CGNL1/FGF13/WASF3/NPHS1/CYFIP2/HIP1R/APC2/ASAP3/PAK3/DAAM2/EVL/PRKD1/KANK4/TGFB3/LMOD2/EDN1,16
GO:0032271,regulation of protein polymerization,8/828,202/18860,0.039603960396039604,0.9020902090209021,-0.2997932243319901,0.6667284883231688,0.9304045216106622,0.8618823313409159,NPHS1/CYFIP2/HIP1R/PAK3/DAAM2/EVL/KANK4/LMOD2,8
GO:0010717,regulation of epithelial to mesenchymal transition,5/828,128/18860,0.0390625,0.8897569444444444,-0.26817401950532516,0.6671086271011643,0.9304045216106622,0.8618823313409159,HPN/TGFB1I1/FOXA1/GCNT2/TGFB3,5
GO:1903305,regulation of regulated secretory pathway,5/828,128/18860,0.0390625,0.8897569444444444,-0.26817401950532516,0.6671086271011643,0.9304045216106622,0.8618823313409159,RIMS4/SCAMP5/RIMS3/TRPV6/NPY,5
GO:0042542,response to hydrogen peroxide,4/828,103/18860,0.038834951456310676,0.884573894282632,-0.251705969798416,0.6678117566628738,0.9304045216106622,0.8618823313409159,PDGFD/BNIP3/GATA5/EDN1,4
GO:0034614,cellular response to reactive oxygen species,6/828,153/18860,0.0392156862745098,0.8932461873638344,-0.28410546386455715,0.667993120469633,0.9304045216106622,0.8618823313409159,PDGFD/BNIP3/MT3/GATA5/EDN1/SOD3,6
GO:0050671,positive regulation of lymphocyte proliferation,6/828,153/18860,0.0392156862745098,0.8932461873638344,-0.28410546386455715,0.667993120469633,0.9304045216106622,0.8618823313409159,IGFBP2/NFATC2/CD3E/KITLG/ADA/VAV3,6
GO:0006606,protein import into nucleus,7/828,178/18860,0.03932584269662921,0.8957553058676654,-0.29943656077560743,0.6697733138805131,0.9304045216106622,0.8618823313409159,IPO11/IL33/PRKD1/CWH43/INSIG1/CABP1/RANBP17,7
GO:0001937,negative regulation of endothelial cell proliferation,3/828,78/18860,0.038461538461538464,0.8760683760683762,-0.23502338282623533,0.6716029965379187,0.9304045216106622,0.8618823313409159,PTPRM/GHRL/APOH,3
GO:0003170,heart valve development,3/828,78/18860,0.038461538461538464,0.8760683760683762,-0.23502338282623533,0.6716029965379187,0.9304045216106622,0.8618823313409159,ADAMTS19/GATA5/DKK1,3
GO:0031397,negative regulation of protein ubiquitination,3/828,78/18860,0.038461538461538464,0.8760683760683762,-0.23502338282623533,0.6716029965379187,0.9304045216106622,0.8618823313409159,BEX2/BEX4/BEX1,3
GO:0035019,somatic stem cell population maintenance,3/828,78/18860,0.038461538461538464,0.8760683760683762,-0.23502338282623533,0.6716029965379187,0.9304045216106622,0.8618823313409159,KIT/SOX2/VANGL2,3
GO:0048663,neuron fate commitment,3/828,78/18860,0.038461538461538464,0.8760683760683762,-0.23502338282623533,0.6716029965379187,0.9304045216106622,0.8618823313409159,PTF1A/FOXA1/SIX1,3
GO:0051952,regulation of amine transport,3/828,78/18860,0.038461538461538464,0.8760683760683762,-0.23502338282623533,0.6716029965379187,0.9304045216106622,0.8618823313409159,CHGA/FGF20/FFAR3,3
GO:1901880,negative regulation of protein depolymerization,3/828,78/18860,0.038461538461538464,0.8760683760683762,-0.23502338282623533,0.6716029965379187,0.9304045216106622,0.8618823313409159,FGF13/APC2/LMOD2,3
GO:0002347,response to tumor cell,2/828,52/18860,0.038461538461538464,0.8760683760683762,-0.19176310518994552,0.6722900871595507,0.9304045216106622,0.8618823313409159,HRG/SLC22A13,2
GO:0002455,humoral immune response mediated by circulating immunoglobulin,2/828,52/18860,0.038461538461538464,0.8760683760683762,-0.19176310518994552,0.6722900871595507,0.9304045216106622,0.8618823313409159,SUSD4/C5,2
GO:0006968,cellular defense response,2/828,52/18860,0.038461538461538464,0.8760683760683762,-0.19176310518994552,0.6722900871595507,0.9304045216106622,0.8618823313409159,IL33/DCDC2,2
GO:0007019,microtubule depolymerization,2/828,52/18860,0.038461538461538464,0.8760683760683762,-0.19176310518994552,0.6722900871595507,0.9304045216106622,0.8618823313409159,FGF13/APC2,2
GO:0045646,regulation of erythrocyte differentiation,2/828,52/18860,0.038461538461538464,0.8760683760683762,-0.19176310518994552,0.6722900871595507,0.9304045216106622,0.8618823313409159,GLUL/CDK6,2
GO:0070849,response to epidermal growth factor,2/828,52/18860,0.038461538461538464,0.8760683760683762,-0.19176310518994552,0.6722900871595507,0.9304045216106622,0.8618823313409159,ERBB4/EGFR,2
GO:0007517,muscle organ development,15/828,373/18860,0.040214477211796246,0.9159964253798034,-0.3511328905593089,0.6733945212816965,0.9304045216106622,0.8618823313409159,MYBPC3/DNER/NPHS1/POPDC3/DMD/CTF1/LAMA2/RYR2/NUPR1/EFEMP2/SIX4/VANGL2/CHODL/SRPK3/SIX1,15
GO:2001235,positive regulation of apoptotic signaling pathway,6/828,154/18860,0.03896103896103896,0.8874458874458874,-0.3005272191779886,0.6741066968134165,0.9304045216106622,0.8618823313409159,TPD52L1/G0S2/NUPR1/BCL2L11/RET/MAL,6
GO:0002070,epithelial cell maturation,1/828,25/18860,0.04,0.9111111111111111,-0.09529875323176452,0.6747346779718727,0.9304045216106622,0.8618823313409159,FOXA1,1
GO:0002483,antigen processing and presentation of endogenous peptide antigen,1/828,25/18860,0.04,0.9111111111111111,-0.09529875323176452,0.6747346779718727,0.9304045216106622,0.8618823313409159,AZGP1,1
GO:0002922,positive regulation of humoral immune response,1/828,25/18860,0.04,0.9111111111111111,-0.09529875323176452,0.6747346779718727,0.9304045216106622,0.8618823313409159,PGC,1
GO:0007042,lysosomal lumen acidification,1/828,25/18860,0.04,0.9111111111111111,-0.09529875323176452,0.6747346779718727,0.9304045216106622,0.8618823313409159,LAMP2,1
GO:0010561,negative regulation of glycoprotein biosynthetic process,1/828,25/18860,0.04,0.9111111111111111,-0.09529875323176452,0.6747346779718727,0.9304045216106622,0.8618823313409159,ITM2A,1
GO:0014856,skeletal muscle cell proliferation,1/828,25/18860,0.04,0.9111111111111111,-0.09529875323176452,0.6747346779718727,0.9304045216106622,0.8618823313409159,SIX1,1
GO:0019083,viral transcription,1/828,25/18860,0.04,0.9111111111111111,-0.09529875323176452,0.6747346779718727,0.9304045216106622,0.8618823313409159,MID2,1
GO:0030859,polarized epithelial cell differentiation,1/828,25/18860,0.04,0.9111111111111111,-0.09529875323176452,0.6747346779718727,0.9304045216106622,0.8618823313409159,PTK7,1
GO:0031281,positive regulation of cyclase activity,1/828,25/18860,0.04,0.9111111111111111,-0.09529875323176452,0.6747346779718727,0.9304045216106622,0.8618823313409159,DRD5,1
GO:0032252,secretory granule localization,1/828,25/18860,0.04,0.9111111111111111,-0.09529875323176452,0.6747346779718727,0.9304045216106622,0.8618823313409159,KIF1A,1
GO:0032528,microvillus organization,1/828,25/18860,0.04,0.9111111111111111,-0.09529875323176452,0.6747346779718727,0.9304045216106622,0.8618823313409159,RAP1GAP,1
GO:0032693,negative regulation of interleukin-10 production,1/828,25/18860,0.04,0.9111111111111111,-0.09529875323176452,0.6747346779718727,0.9304045216106622,0.8618823313409159,TRIB2,1
GO:0033238,regulation of amine metabolic process,1/828,25/18860,0.04,0.9111111111111111,-0.09529875323176452,0.6747346779718727,0.9304045216106622,0.8618823313409159,NPY,1
GO:0034453,microtubule anchoring,1/828,25/18860,0.04,0.9111111111111111,-0.09529875323176452,0.6747346779718727,0.9304045216106622,0.8618823313409159,NIN,1
GO:0035331,negative regulation of hippo signaling,1/828,25/18860,0.04,0.9111111111111111,-0.09529875323176452,0.6747346779718727,0.9304045216106622,0.8618823313409159,WTIP,1
GO:0038095,Fc-epsilon receptor signaling pathway,1/828,25/18860,0.04,0.9111111111111111,-0.09529875323176452,0.6747346779718727,0.9304045216106622,0.8618823313409159,VAV3,1
GO:0042790,nucleolar large rRNA transcription by RNA polymerase I,1/828,25/18860,0.04,0.9111111111111111,-0.09529875323176452,0.6747346779718727,0.9304045216106622,0.8618823313409159,TCOF1,1
GO:0046755,viral budding,1/828,25/18860,0.04,0.9111111111111111,-0.09529875323176452,0.6747346779718727,0.9304045216106622,0.8618823313409159,VPS37D,1
GO:0048207,"vesicle targeting, rough ER to cis-Golgi",1/828,25/18860,0.04,0.9111111111111111,-0.09529875323176452,0.6747346779718727,0.9304045216106622,0.8618823313409159,PDCD6,1
GO:0048208,COPII vesicle coating,1/828,25/18860,0.04,0.9111111111111111,-0.09529875323176452,0.6747346779718727,0.9304045216106622,0.8618823313409159,PDCD6,1
GO:0048714,positive regulation of oligodendrocyte differentiation,1/828,25/18860,0.04,0.9111111111111111,-0.09529875323176452,0.6747346779718727,0.9304045216106622,0.8618823313409159,PTPRZ1,1
GO:0050927,positive regulation of positive chemotaxis,1/828,25/18860,0.04,0.9111111111111111,-0.09529875323176452,0.6747346779718727,0.9304045216106622,0.8618823313409159,VEGFB,1
GO:0051560,mitochondrial calcium ion homeostasis,1/828,25/18860,0.04,0.9111111111111111,-0.09529875323176452,0.6747346779718727,0.9304045216106622,0.8618823313409159,BNIP3,1
GO:0051905,establishment of pigment granule localization,1/828,25/18860,0.04,0.9111111111111111,-0.09529875323176452,0.6747346779718727,0.9304045216106622,0.8618823313409159,RAB17,1
GO:0051953,negative regulation of amine transport,1/828,25/18860,0.04,0.9111111111111111,-0.09529875323176452,0.6747346779718727,0.9304045216106622,0.8618823313409159,CHGA,1
GO:0060444,branching involved in mammary gland duct morphogenesis,1/828,25/18860,0.04,0.9111111111111111,-0.09529875323176452,0.6747346779718727,0.9304045216106622,0.8618823313409159,AR,1
GO:0061339,establishment or maintenance of monopolar cell polarity,1/828,25/18860,0.04,0.9111111111111111,-0.09529875323176452,0.6747346779718727,0.9304045216106622,0.8618823313409159,PTK7,1
GO:0070861,regulation of protein exit from endoplasmic reticulum,1/828,25/18860,0.04,0.9111111111111111,-0.09529875323176452,0.6747346779718727,0.9304045216106622,0.8618823313409159,INSIG1,1
GO:0072540,T-helper 17 cell lineage commitment,1/828,25/18860,0.04,0.9111111111111111,-0.09529875323176452,0.6747346779718727,0.9304045216106622,0.8618823313409159,BRD4,1
GO:0072677,eosinophil migration,1/828,25/18860,0.04,0.9111111111111111,-0.09529875323176452,0.6747346779718727,0.9304045216106622,0.8618823313409159,CCL16,1
GO:0090023,positive regulation of neutrophil chemotaxis,1/828,25/18860,0.04,0.9111111111111111,-0.09529875323176452,0.6747346779718727,0.9304045216106622,0.8618823313409159,EDN1,1
GO:0098743,cell aggregation,1/828,25/18860,0.04,0.9111111111111111,-0.09529875323176452,0.6747346779718727,0.9304045216106622,0.8618823313409159,COL2A1,1
GO:1904037,positive regulation of epithelial cell apoptotic process,1/828,25/18860,0.04,0.9111111111111111,-0.09529875323176452,0.6747346779718727,0.9304045216106622,0.8618823313409159,PLA2G1B,1
GO:2000831,regulation of steroid hormone secretion,1/828,25/18860,0.04,0.9111111111111111,-0.09529875323176452,0.6747346779718727,0.9304045216106622,0.8618823313409159,GHRL,1
GO:0001935,endothelial cell proliferation,8/828,204/18860,0.0392156862745098,0.8932461873638344,-0.3285048312073638,0.6773947239314384,0.9332365259890759,0.8645057649972886,PDCD6/VEGFB/PTPRM/FUT1/GHRL/APOH/PRKD1/BMPER,8
GO:0006164,purine nucleotide biosynthetic process,8/828,204/18860,0.0392156862745098,0.8932461873638344,-0.3285048312073638,0.6773947239314384,0.9332365259890759,0.8645057649972886,PAPSS1/NME9/NME3/NPR3/ADA/ADCY1/IDH2/SLC22A13,8
GO:0046474,glycerophospholipid biosynthetic process,8/828,204/18860,0.0392156862745098,0.8932461873638344,-0.3285048312073638,0.6773947239314384,0.9332365259890759,0.8645057649972886,DGKD/TTC7B/FABP3/PIGZ/PRKAA2/IP6K3/PIK3C2G/CWH43,8
GO:0006091,generation of precursor metabolites and energy,20/828,494/18860,0.04048582995951417,0.9221772379667117,-0.3755911704981833,0.6779210994210578,0.9336831604910364,0.8649195058775893,ADHFE1/DHRS2/GABARAPL1/LEPR/OXCT1/PRKAA2/PPP1R3C/SIRT4/GNMT/NUPR1/KL/ACAT1/MT3/NNT/PPARGC1A/SORBS1/ALDH1L2/IDH2/ALDH1L1/PGAM2,20
GO:0009620,response to fungus,3/828,79/18860,0.0379746835443038,0.8649789029535865,-0.2576964114984943,0.6799960997364969,0.9354988194866994,0.866601445691675,CHGA/HRG/NPY,3
GO:0043112,receptor metabolic process,3/828,79/18860,0.0379746835443038,0.8649789029535865,-0.2576964114984943,0.6799960997364969,0.9354988194866994,0.866601445691675,NEDD4L/ABCA2/ZNRF3,3
GO:0045669,positive regulation of osteoblast differentiation,3/828,79/18860,0.0379746835443038,0.8649789029535865,-0.2576964114984943,0.6799960997364969,0.9354988194866994,0.866601445691675,SMAD5/ACVR2B/PRKD1,3
GO:0032946,positive regulation of mononuclear cell proliferation,6/828,155/18860,0.03870967741935484,0.881720430107527,-0.3168467660030962,0.6801477620199149,0.9354988194866994,0.866601445691675,IGFBP2/NFATC2/CD3E/KITLG/ADA/VAV3,6
GO:0006612,protein targeting to membrane,5/828,130/18860,0.038461538461538464,0.8760683760683762,-0.3038347738039149,0.6803558405254794,0.9354988194866994,0.866601445691675,ZDHHC2/VPS37D/NACAD/MICALL1/CWH43,5
GO:0042327,positive regulation of phosphorylation,10/828,254/18860,0.03937007874015748,0.8967629046369204,-0.3549593955875423,0.682317081091612,0.9354988194866994,0.866601445691675,VEGFB/ERBB4/EGFR/TPD52L1/CTF1/MT3/KIT/EEF1A2/ODAM/FAM20A,10
GO:0003197,endocardial cushion development,2/828,53/18860,0.03773584905660377,0.859538784067086,-0.21942552467227275,0.6824547498805706,0.9354988194866994,0.866601445691675,GATA5/DKK1,2
GO:0003254,regulation of membrane depolarization,2/828,53/18860,0.03773584905660377,0.859538784067086,-0.21942552467227275,0.6824547498805706,0.9354988194866994,0.866601445691675,NEDD4L/ALB,2
GO:0006778,porphyrin-containing compound metabolic process,2/828,53/18860,0.03773584905660377,0.859538784067086,-0.21942552467227275,0.6824547498805706,0.9354988194866994,0.866601445691675,HMOX2/ALAD,2
GO:0019369,arachidonate metabolic process,2/828,53/18860,0.03773584905660377,0.859538784067086,-0.21942552467227275,0.6824547498805706,0.9354988194866994,0.866601445691675,CYP2C8/ALOX15B,2
GO:0035384,thioester biosynthetic process,2/828,53/18860,0.03773584905660377,0.859538784067086,-0.21942552467227275,0.6824547498805706,0.9354988194866994,0.866601445691675,SIRT4/ACAT1,2
GO:0051496,positive regulation of stress fiber assembly,2/828,53/18860,0.03773584905660377,0.859538784067086,-0.21942552467227275,0.6824547498805706,0.9354988194866994,0.866601445691675,EVL/TGFB3,2
GO:0071616,acyl-CoA biosynthetic process,2/828,53/18860,0.03773584905660377,0.859538784067086,-0.21942552467227275,0.6824547498805706,0.9354988194866994,0.866601445691675,SIRT4/ACAT1,2
GO:0071622,regulation of granulocyte chemotaxis,2/828,53/18860,0.03773584905660377,0.859538784067086,-0.21942552467227275,0.6824547498805706,0.9354988194866994,0.866601445691675,CXCL17/EDN1,2
GO:1904707,positive regulation of vascular associated smooth muscle cell proliferation,2/828,53/18860,0.03773584905660377,0.859538784067086,-0.21942552467227275,0.6824547498805706,0.9354988194866994,0.866601445691675,IGFBP5/EDN1,2
GO:0016079,synaptic vesicle exocytosis,4/828,105/18860,0.0380952380952381,0.8677248677248679,-0.29125062707374577,0.6824806242639001,0.9354988194866994,0.866601445691675,RIMS4/ERC2/RIMS3/NPY,4
GO:0030218,erythrocyte differentiation,6/828,156/18860,0.038461538461538464,0.8760683760683762,-0.3330655710608327,0.6861158693739595,0.9358697175929364,0.8669450279906302,GLUL/HBZ/SMAD5/CDK6/KIT/KCNQ1,6
GO:0001936,regulation of endothelial cell proliferation,7/828,181/18860,0.03867403314917127,0.8809085328422345,-0.3449813928489475,0.6866022155200653,0.9358697175929364,0.8669450279906302,PDCD6/VEGFB/PTPRM/FUT1/GHRL/APOH/PRKD1,7
GO:0072089,stem cell proliferation,5/828,131/18860,0.03816793893129771,0.8693808312128923,-0.3214680516329724,0.6868455538655529,0.9358697175929364,0.8669450279906302,MECOM/KITLG/ZNRF3/NES/FBLN1,5
GO:0008654,phospholipid biosynthetic process,10/828,255/18860,0.0392156862745098,0.8932461873638344,-0.36778261537283347,0.6870124765293427,0.9358697175929364,0.8669450279906302,DGKD/TTC7B/FABP3/PLD6/PIGZ/PRKAA2/ABCA2/IP6K3/PIK3C2G/CWH43,10
GO:0009913,epidermal cell differentiation,10/828,255/18860,0.0392156862745098,0.8932461873638344,-0.36778261537283347,0.6870124765293427,0.9358697175929364,0.8669450279906302,ANKRD24/SPRR2G/GATA6/LHFPL5/WDPCP/KCNQ1/ALOX15B/CNFN/FGF20/KRT73,10
GO:0046631,alpha-beta T cell activation,8/828,206/18860,0.038834951456310676,0.884573894282632,-0.35694739498488537,0.6878490894059356,0.9358697175929364,0.8669450279906302,CD3E/SLC4A2/RORC/ADA/TOX/RORA/ZBTB16/BRD4,8
GO:0120192,tight junction assembly,3/828,80/18860,0.0375,0.8541666666666666,-0.28009577083797704,0.6882289423521413,0.9358697175929364,0.8669450279906302,CLDN19/CLDN25/CLDN24,3
GO:0003148,outflow tract septum morphogenesis,1/828,26/18860,0.038461538461538464,0.8760683760683762,-0.13550336512682326,0.6890335729354664,0.9358697175929364,0.8669450279906302,GATA6,1
GO:0007350,blastoderm segmentation,1/828,26/18860,0.038461538461538464,0.8760683760683762,-0.13550336512682326,0.6890335729354664,0.9358697175929364,0.8669450279906302,PLD6,1
GO:0008045,motor neuron axon guidance,1/828,26/18860,0.038461538461538464,0.8760683760683762,-0.13550336512682326,0.6890335729354664,0.9358697175929364,0.8669450279906302,KIF5C,1
GO:0009435,NAD+ biosynthetic process,1/828,26/18860,0.038461538461538464,0.8760683760683762,-0.13550336512682326,0.6890335729354664,0.9358697175929364,0.8669450279906302,SLC22A13,1
GO:0010715,regulation of extracellular matrix disassembly,1/828,26/18860,0.038461538461538464,0.8760683760683762,-0.13550336512682326,0.6890335729354664,0.9358697175929364,0.8669450279906302,TIMP3,1
GO:0021542,dentate gyrus development,1/828,26/18860,0.038461538461538464,0.8760683760683762,-0.13550336512682326,0.6890335729354664,0.9358697175929364,0.8669450279906302,CDK6,1
GO:0031048,regulatory ncRNA-mediated heterochromatin formation,1/828,26/18860,0.038461538461538464,0.8760683760683762,-0.13550336512682326,0.6890335729354664,0.9358697175929364,0.8669450279906302,TDRD9,1
GO:0032400,melanosome localization,1/828,26/18860,0.038461538461538464,0.8760683760683762,-0.13550336512682326,0.6890335729354664,0.9358697175929364,0.8669450279906302,RAB17,1
GO:0032469,endoplasmic reticulum calcium ion homeostasis,1/828,26/18860,0.038461538461538464,0.8760683760683762,-0.13550336512682326,0.6890335729354664,0.9358697175929364,0.8669450279906302,TMTC4,1
GO:0032816,positive regulation of natural killer cell activation,1/828,26/18860,0.038461538461538464,0.8760683760683762,-0.13550336512682326,0.6890335729354664,0.9358697175929364,0.8669450279906302,TOX,1
GO:0035988,chondrocyte proliferation,1/828,26/18860,0.038461538461538464,0.8760683760683762,-0.13550336512682326,0.6890335729354664,0.9358697175929364,0.8669450279906302,PBXIP1,1
GO:0036120,cellular response to platelet-derived growth factor stimulus,1/828,26/18860,0.038461538461538464,0.8760683760683762,-0.13550336512682326,0.6890335729354664,0.9358697175929364,0.8669450279906302,PDGFD,1
GO:0043931,ossification involved in bone maturation,1/828,26/18860,0.038461538461538464,0.8760683760683762,-0.13550336512682326,0.6890335729354664,0.9358697175929364,0.8669450279906302,ZBTB16,1
GO:0050926,regulation of positive chemotaxis,1/828,26/18860,0.038461538461538464,0.8760683760683762,-0.13550336512682326,0.6890335729354664,0.9358697175929364,0.8669450279906302,VEGFB,1
GO:0051457,maintenance of protein location in nucleus,1/828,26/18860,0.038461538461538464,0.8760683760683762,-0.13550336512682326,0.6890335729354664,0.9358697175929364,0.8669450279906302,SYNE1,1
GO:0060343,trabecula formation,1/828,26/18860,0.038461538461538464,0.8760683760683762,-0.13550336512682326,0.6890335729354664,0.9358697175929364,0.8669450279906302,CHAD,1
GO:0085020,protein K6-linked ubiquitination,1/828,26/18860,0.038461538461538464,0.8760683760683762,-0.13550336512682326,0.6890335729354664,0.9358697175929364,0.8669450279906302,PRKAA2,1
GO:0090370,negative regulation of cholesterol efflux,1/828,26/18860,0.038461538461538464,0.8760683760683762,-0.13550336512682326,0.6890335729354664,0.9358697175929364,0.8669450279906302,ABCA2,1
GO:0099149,regulation of postsynaptic neurotransmitter receptor internalization,1/828,26/18860,0.038461538461538464,0.8760683760683762,-0.13550336512682326,0.6890335729354664,0.9358697175929364,0.8669450279906302,SUSD4,1
GO:1903523,negative regulation of blood circulation,1/828,26/18860,0.038461538461538464,0.8760683760683762,-0.13550336512682326,0.6890335729354664,0.9358697175929364,0.8669450279906302,RNLS,1
GO:1903579,negative regulation of ATP metabolic process,1/828,26/18860,0.038461538461538464,0.8760683760683762,-0.13550336512682326,0.6890335729354664,0.9358697175929364,0.8669450279906302,NUPR1,1
GO:1905146,lysosomal protein catabolic process,1/828,26/18860,0.038461538461538464,0.8760683760683762,-0.13550336512682326,0.6890335729354664,0.9358697175929364,0.8669450279906302,LAMP2,1
GO:1990961,xenobiotic detoxification by transmembrane export across the plasma membrane,1/828,26/18860,0.038461538461538464,0.8760683760683762,-0.13550336512682326,0.6890335729354664,0.9358697175929364,0.8669450279906302,ABCC5,1
GO:2000773,negative regulation of cellular senescence,1/828,26/18860,0.038461538461538464,0.8760683760683762,-0.13550336512682326,0.6890335729354664,0.9358697175929364,0.8669450279906302,CDK6,1
GO:0001934,positive regulation of protein phosphorylation,9/828,231/18860,0.03896103896103896,0.8874458874458874,-0.3688290635899117,0.6895915235516241,0.9361461837342266,0.8672011330254376,VEGFB/ERBB4/EGFR/TPD52L1/CTF1/MT3/KIT/ODAM/FAM20A,9
GO:1990266,neutrophil migration,4/828,106/18860,0.03773584905660377,0.859538784067086,-0.3107527279212845,0.6896425545829015,0.9361461837342266,0.8672011330254376,PLA2G1B/VAV3/PRTN3/EDN1,4
GO:0006858,extracellular transport,2/828,54/18860,0.037037037037037035,0.8436213991769547,-0.24659174638936784,0.6923598715624458,0.9384554995231508,0.8693403729256423,AQP4/CWH43,2
GO:0031670,cellular response to nutrient,2/828,54/18860,0.037037037037037035,0.8436213991769547,-0.24659174638936784,0.6923598715624458,0.9384554995231508,0.8693403729256423,FOLR1/POSTN,2
GO:0043094,metabolic compound salvage,2/828,54/18860,0.037037037037037035,0.8436213991769547,-0.24659174638936784,0.6923598715624458,0.9384554995231508,0.8693403729256423,ADA/SLC22A13,2
GO:0060324,face development,2/828,54/18860,0.037037037037037035,0.8436213991769547,-0.24659174638936784,0.6923598715624458,0.9384554995231508,0.8693403729256423,TGFB3/DKK1,2
GO:0141085,regulation of inflammasome-mediated signaling pathway,2/828,54/18860,0.037037037037037035,0.8436213991769547,-0.24659174638936784,0.6923598715624458,0.9384554995231508,0.8693403729256423,LAMP2/PRKD1,2
GO:0007127,meiosis I,5/828,132/18860,0.03787878787878788,0.8627946127946128,-0.33897289955971033,0.6932455112039448,0.9393802144189605,0.8701969846592637,REC8/ZCWPW1/BCL2L11/SYCP2/TDRD9,5
GO:0043299,leukocyte degranulation,3/828,81/18860,0.037037037037037035,0.8436213991769547,-0.3022290115560833,0.6963019435898954,0.9411044573644675,0.8717942410086836,KIT/CHGA/SLC18A2,3
GO:1903432,regulation of TORC1 signaling,4/828,107/18860,0.037383177570093455,0.8515057113187954,-0.330079696775779,0.6966892436649905,0.9411044573644675,0.8717942410086836,GPR155/PRKAA2/RNF152/PRKACB,4
GO:0043409,negative regulation of MAPK cascade,7/828,183/18860,0.03825136612021858,0.8712811171827566,-0.3749443352239713,0.6975122009659143,0.9411044573644675,0.8717942410086836,SH3GL2/IGF1R/DUSP19/MECOM/PDCD4/DUSP26/FBLN1,7
GO:0051259,protein complex oligomerization,11/828,282/18860,0.03900709219858156,0.88849487785658,-0.40427086335460116,0.6983589207307583,0.9411044573644675,0.8717942410086836,AQP4/KCTD8/SLC1A2/ALAD/GRIA3/NME3/KCNJ12/CRTC1/GNMT/EVL/KCNG4,11
GO:0030857,negative regulation of epithelial cell differentiation,2/828,55/18860,0.03636363636363636,0.8282828282828282,-0.2732819525315269,0.7020086194965316,0.9411044573644675,0.8717942410086836,FST/S1PR3,2
GO:0035088,establishment or maintenance of apical/basal cell polarity,2/828,55/18860,0.03636363636363636,0.8282828282828282,-0.2732819525315269,0.7020086194965316,0.9411044573644675,0.8717942410086836,PTK7/VANGL2,2
GO:0061245,establishment or maintenance of bipolar cell polarity,2/828,55/18860,0.03636363636363636,0.8282828282828282,-0.2732819525315269,0.7020086194965316,0.9411044573644675,0.8717942410086836,PTK7/VANGL2,2
GO:1900016,negative regulation of cytokine production involved in inflammatory response,2/828,55/18860,0.03636363636363636,0.8282828282828282,-0.2732819525315269,0.7020086194965316,0.9411044573644675,0.8717942410086836,PDCD4/F2,2
GO:0001701,in utero embryonic development,17/828,429/18860,0.039627039627039624,0.9026159026159025,-0.43721473402058475,0.7026383410663708,0.9411044573644675,0.8717942410086836,ZMIZ1/CELF4/EGFR/DBN1/AR/GATA6/BCL2L11/ADM/ADA/CHST11/MXI1/PTH1R/TGFB3/PRICKLE2/ARHGDIG/EDN1/SLC5A7,17
GO:0001779,natural killer cell differentiation,1/828,27/18860,0.037037037037037035,0.8436213991769547,-0.1742416604971913,0.7027046041348628,0.9411044573644675,0.8717942410086836,TOX,1
GO:0001783,B cell apoptotic process,1/828,27/18860,0.037037037037037035,0.8436213991769547,-0.1742416604971913,0.7027046041348628,0.9411044573644675,0.8717942410086836,ADA,1
GO:0002053,positive regulation of mesenchymal cell proliferation,1/828,27/18860,0.037037037037037035,0.8436213991769547,-0.1742416604971913,0.7027046041348628,0.9411044573644675,0.8717942410086836,SIX1,1
GO:0002066,columnar/cuboidal epithelial cell development,1/828,27/18860,0.037037037037037035,0.8436213991769547,-0.1742416604971913,0.7027046041348628,0.9411044573644675,0.8717942410086836,SLC9A4,1
GO:0003181,atrioventricular valve morphogenesis,1/828,27/18860,0.037037037037037035,0.8436213991769547,-0.1742416604971913,0.7027046041348628,0.9411044573644675,0.8717942410086836,ADAMTS19,1
GO:0005980,glycogen catabolic process,1/828,27/18860,0.037037037037037035,0.8436213991769547,-0.1742416604971913,0.7027046041348628,0.9411044573644675,0.8717942410086836,GABARAPL1,1
GO:0006607,NLS-bearing protein import into nucleus,1/828,27/18860,0.037037037037037035,0.8436213991769547,-0.1742416604971913,0.7027046041348628,0.9411044573644675,0.8717942410086836,INSIG1,1
GO:0010875,positive regulation of cholesterol efflux,1/828,27/18860,0.037037037037037035,0.8436213991769547,-0.1742416604971913,0.7027046041348628,0.9411044573644675,0.8717942410086836,PLTP,1
GO:0015721,bile acid and bile salt transport,1/828,27/18860,0.037037037037037035,0.8436213991769547,-0.1742416604971913,0.7027046041348628,0.9411044573644675,0.8717942410086836,SLC10A1,1
GO:0016188,synaptic vesicle maturation,1/828,27/18860,0.037037037037037035,0.8436213991769547,-0.1742416604971913,0.7027046041348628,0.9411044573644675,0.8717942410086836,ZDHHC2,1
GO:0021697,cerebellar cortex formation,1/828,27/18860,0.037037037037037035,0.8436213991769547,-0.1742416604971913,0.7027046041348628,0.9411044573644675,0.8717942410086836,RORA,1
GO:0033119,negative regulation of RNA splicing,1/828,27/18860,0.037037037037037035,0.8436213991769547,-0.1742416604971913,0.7027046041348628,0.9411044573644675,0.8717942410086836,CELF4,1
GO:0033622,integrin activation,1/828,27/18860,0.037037037037037035,0.8436213991769547,-0.1742416604971913,0.7027046041348628,0.9411044573644675,0.8717942410086836,LRP12,1
GO:0034377,plasma lipoprotein particle assembly,1/828,27/18860,0.037037037037037035,0.8436213991769547,-0.1742416604971913,0.7027046041348628,0.9411044573644675,0.8717942410086836,PRKACB,1
GO:0036296,response to increased oxygen levels,1/828,27/18860,0.037037037037037035,0.8436213991769547,-0.1742416604971913,0.7027046041348628,0.9411044573644675,0.8717942410086836,BNIP3,1
GO:0045624,positive regulation of T-helper cell differentiation,1/828,27/18860,0.037037037037037035,0.8436213991769547,-0.1742416604971913,0.7027046041348628,0.9411044573644675,0.8717942410086836,BRD4,1
GO:0050995,negative regulation of lipid catabolic process,1/828,27/18860,0.037037037037037035,0.8436213991769547,-0.1742416604971913,0.7027046041348628,0.9411044573644675,0.8717942410086836,PLIN5,1
GO:0051875,pigment granule localization,1/828,27/18860,0.037037037037037035,0.8436213991769547,-0.1742416604971913,0.7027046041348628,0.9411044573644675,0.8717942410086836,RAB17,1
GO:0055022,negative regulation of cardiac muscle tissue growth,1/828,27/18860,0.037037037037037035,0.8436213991769547,-0.1742416604971913,0.7027046041348628,0.9411044573644675,0.8717942410086836,KCNK2,1
GO:0060669,embryonic placenta morphogenesis,1/828,27/18860,0.037037037037037035,0.8436213991769547,-0.1742416604971913,0.7027046041348628,0.9411044573644675,0.8717942410086836,ADM,1
GO:0061117,negative regulation of heart growth,1/828,27/18860,0.037037037037037035,0.8436213991769547,-0.1742416604971913,0.7027046041348628,0.9411044573644675,0.8717942410086836,KCNK2,1
GO:0071624,positive regulation of granulocyte chemotaxis,1/828,27/18860,0.037037037037037035,0.8436213991769547,-0.1742416604971913,0.7027046041348628,0.9411044573644675,0.8717942410086836,EDN1,1
GO:0090280,positive regulation of calcium ion import,1/828,27/18860,0.037037037037037035,0.8436213991769547,-0.1742416604971913,0.7027046041348628,0.9411044573644675,0.8717942410086836,PPP3CC,1
GO:0150105,protein localization to cell-cell junction,1/828,27/18860,0.037037037037037035,0.8436213991769547,-0.1742416604971913,0.7027046041348628,0.9411044573644675,0.8717942410086836,CGNL1,1
GO:1901659,glycosyl compound biosynthetic process,1/828,27/18860,0.037037037037037035,0.8436213991769547,-0.1742416604971913,0.7027046041348628,0.9411044573644675,0.8717942410086836,ADA,1
GO:1902894,negative regulation of miRNA transcription,1/828,27/18860,0.037037037037037035,0.8436213991769547,-0.1742416604971913,0.7027046041348628,0.9411044573644675,0.8717942410086836,ZNF512B,1
GO:1902993,positive regulation of amyloid precursor protein catabolic process,1/828,27/18860,0.037037037037037035,0.8436213991769547,-0.1742416604971913,0.7027046041348628,0.9411044573644675,0.8717942410086836,ABCA2,1
GO:1903054,negative regulation of extracellular matrix organization,1/828,27/18860,0.037037037037037035,0.8436213991769547,-0.1742416604971913,0.7027046041348628,0.9411044573644675,0.8717942410086836,TIMP3,1
GO:1903859,regulation of dendrite extension,1/828,27/18860,0.037037037037037035,0.8436213991769547,-0.1742416604971913,0.7027046041348628,0.9411044573644675,0.8717942410086836,NEDD4L,1
GO:1904754,positive regulation of vascular associated smooth muscle cell migration,1/828,27/18860,0.037037037037037035,0.8436213991769547,-0.1742416604971913,0.7027046041348628,0.9411044573644675,0.8717942410086836,IGFBP5,1
GO:1905564,positive regulation of vascular endothelial cell proliferation,1/828,27/18860,0.037037037037037035,0.8436213991769547,-0.1742416604971913,0.7027046041348628,0.9411044573644675,0.8717942410086836,GHRL,1
GO:0051170,import into nucleus,7/828,184/18860,0.03804347826086957,0.8665458937198067,-0.3898086476332532,0.7028733809982781,0.9411044573644675,0.8717942410086836,IPO11/IL33/PRKD1/CWH43/INSIG1/CABP1/RANBP17,7
GO:0010586,miRNA metabolic process,4/828,108/18860,0.037037037037037035,0.8436213991769547,-0.3492351536679133,0.7036206420643993,0.94155900465181,0.8722153119156062,EGFR/AR/FOXA1/ZNF512B,4
GO:0051588,regulation of neurotransmitter transport,4/828,108/18860,0.037037037037037035,0.8436213991769547,-0.3492351536679133,0.7036206420643993,0.94155900465181,0.8722153119156062,RIMS4/RIMS3/GPM6B/NPY,4
GO:0031424,keratinization,3/828,82/18860,0.036585365853658534,0.8333333333333334,-0.32410337815679147,0.7042156822745922,0.941809447073289,0.872447309818752,SPRR2G/CNFN/KRT73,3
GO:0140056,organelle localization by membrane tethering,3/828,82/18860,0.036585365853658534,0.8333333333333334,-0.32410337815679147,0.7042156822745922,0.941809447073289,0.872447309818752,STX12/TSNARE1/RIMS3,3
GO:0034763,negative regulation of transmembrane transport,5/828,134/18860,0.03731343283582089,0.8499170812603648,-0.37360588280467416,0.7057751087317633,0.9436217290455364,0.8741261213195642,KCNE2/PTPRM/NEDD4L/PPP3CC/KCNQ1,5
GO:0050728,negative regulation of inflammatory response,8/828,210/18860,0.0380952380952381,0.8677248677248679,-0.4130484369862217,0.7081108685128719,0.9457654871846007,0.8761119965166552,GHRL/IL33/C1QTNF3/ADA/RORA/PROC/CXCL17/NPY,8
GO:0031398,positive regulation of protein ubiquitination,4/828,109/18860,0.03669724770642202,0.835881753312946,-0.36822260831067644,0.7104367987839348,0.9457654871846007,0.8761119965166552,PDCD6/RNF180/TSPYL5/FAM107A,4
GO:0006110,regulation of glycolytic process,2/828,56/18860,0.03571428571428571,0.8134920634920635,-0.2995151252007547,0.7114043831831798,0.9457654871846007,0.8761119965166552,PRKAA2/NUPR1,2
GO:0006623,protein targeting to vacuole,2/828,56/18860,0.03571428571428571,0.8134920634920635,-0.2995151252007547,0.7114043831831798,0.9457654871846007,0.8761119965166552,LAMP2/VPS37D,2
GO:0030811,regulation of nucleotide catabolic process,2/828,56/18860,0.03571428571428571,0.8134920634920635,-0.2995151252007547,0.7114043831831798,0.9457654871846007,0.8761119965166552,PRKAA2/NUPR1,2
GO:0033121,regulation of purine nucleotide catabolic process,2/828,56/18860,0.03571428571428571,0.8134920634920635,-0.2995151252007547,0.7114043831831798,0.9457654871846007,0.8761119965166552,PRKAA2/NUPR1,2
GO:0036230,granulocyte activation,2/828,56/18860,0.03571428571428571,0.8134920634920635,-0.2995151252007547,0.7114043831831798,0.9457654871846007,0.8761119965166552,SCNN1B/DNASE1,2
GO:0051646,mitochondrion localization,2/828,56/18860,0.03571428571428571,0.8134920634920635,-0.2995151252007547,0.7114043831831798,0.9457654871846007,0.8761119965166552,PLIN5/NEFL,2
GO:0061900,glial cell activation,2/828,56/18860,0.03571428571428571,0.8134920634920635,-0.2995151252007547,0.7114043831831798,0.9457654871846007,0.8761119965166552,IL33/KCNJ8,2
GO:0031640,killing of cells of another organism,5/828,135/18860,0.037037037037037035,0.8436213991769547,-0.3907381746779921,0.7119043962381975,0.9457654871846007,0.8761119965166552,C5/SCNN1B/CHGA/F2/HRG,5
GO:0141061,disruption of cell in another organism,5/828,135/18860,0.037037037037037035,0.8436213991769547,-0.3907381746779921,0.7119043962381975,0.9457654871846007,0.8761119965166552,C5/SCNN1B/CHGA/F2/HRG,5
GO:0030593,neutrophil chemotaxis,3/828,83/18860,0.03614457831325301,0.823293172690763,-0.34572582507227806,0.7119708870020132,0.9457654871846007,0.8761119965166552,PLA2G1B/VAV3/EDN1,3
GO:0033143,regulation of intracellular steroid hormone receptor signaling pathway,3/828,83/18860,0.03614457831325301,0.823293172690763,-0.34572582507227806,0.7119708870020132,0.9457654871846007,0.8761119965166552,AR/CYP7B1/FOXA1,3
GO:0035914,skeletal muscle cell differentiation,3/828,83/18860,0.03614457831325301,0.823293172690763,-0.34572582507227806,0.7119708870020132,0.9457654871846007,0.8761119965166552,NUPR1/SIX4/SIX1,3
GO:0043297,apical junction assembly,3/828,83/18860,0.03614457831325301,0.823293172690763,-0.34572582507227806,0.7119708870020132,0.9457654871846007,0.8761119965166552,CLDN19/CLDN25/CLDN24,3
GO:0030099,myeloid cell differentiation,19/828,481/18860,0.0395010395010395,0.8997458997458998,-0.4772723690712988,0.715117983089335,0.9457654871846007,0.8761119965166552,DHRS2/PDE1B/GLUL/HBZ/SMAD5/LRRC17/CDK6/IL33/GPC3/SLC4A2/MT1G/KITLG/KIT/RAB7B/MITF/KCNQ1/TF/ZBTB16/PRTN3,19
GO:0001702,gastrulation with mouth forming second,1/828,28/18860,0.03571428571428571,0.8134920634920635,-0.21163167018103068,0.7157753091620138,0.9457654871846007,0.8761119965166552,ACVR2B,1
GO:0007097,nuclear migration,1/828,28/18860,0.03571428571428571,0.8134920634920635,-0.21163167018103068,0.7157753091620138,0.9457654871846007,0.8761119965166552,NTN1,1
GO:0009251,glucan catabolic process,1/828,28/18860,0.03571428571428571,0.8134920634920635,-0.21163167018103068,0.7157753091620138,0.9457654871846007,0.8761119965166552,GABARAPL1,1
GO:0010640,regulation of platelet-derived growth factor receptor signaling pathway,1/828,28/18860,0.03571428571428571,0.8134920634920635,-0.21163167018103068,0.7157753091620138,0.9457654871846007,0.8761119965166552,HIP1R,1
GO:0015732,prostaglandin transport,1/828,28/18860,0.03571428571428571,0.8134920634920635,-0.21163167018103068,0.7157753091620138,0.9457654871846007,0.8761119965166552,EDN1,1
GO:0032511,late endosome to vacuole transport via multivesicular body sorting pathway,1/828,28/18860,0.03571428571428571,0.8134920634920635,-0.21163167018103068,0.7157753091620138,0.9457654871846007,0.8761119965166552,VPS37D,1
GO:0032878,regulation of establishment or maintenance of cell polarity,1/828,28/18860,0.03571428571428571,0.8134920634920635,-0.21163167018103068,0.7157753091620138,0.9457654871846007,0.8761119965166552,WDPCP,1
GO:0033598,mammary gland epithelial cell proliferation,1/828,28/18860,0.03571428571428571,0.8134920634920635,-0.21163167018103068,0.7157753091620138,0.9457654871846007,0.8761119965166552,DEAF1,1
GO:0034643,"establishment of mitochondrion localization, microtubule-mediated",1/828,28/18860,0.03571428571428571,0.8134920634920635,-0.21163167018103068,0.7157753091620138,0.9457654871846007,0.8761119965166552,NEFL,1
GO:0036010,protein localization to endosome,1/828,28/18860,0.03571428571428571,0.8134920634920635,-0.21163167018103068,0.7157753091620138,0.9457654871846007,0.8761119965166552,MICALL1,1
GO:0036119,response to platelet-derived growth factor,1/828,28/18860,0.03571428571428571,0.8134920634920635,-0.21163167018103068,0.7157753091620138,0.9457654871846007,0.8761119965166552,PDGFD,1
GO:0042104,positive regulation of activated T cell proliferation,1/828,28/18860,0.03571428571428571,0.8134920634920635,-0.21163167018103068,0.7157753091620138,0.9457654871846007,0.8761119965166552,IGFBP2,1
GO:0044090,positive regulation of vacuole organization,1/828,28/18860,0.03571428571428571,0.8134920634920635,-0.21163167018103068,0.7157753091620138,0.9457654871846007,0.8761119965166552,ULK1,1
GO:0045662,negative regulation of myoblast differentiation,1/828,28/18860,0.03571428571428571,0.8134920634920635,-0.21163167018103068,0.7157753091620138,0.9457654871846007,0.8761119965166552,SOSTDC1,1
GO:0046037,GMP metabolic process,1/828,28/18860,0.03571428571428571,0.8134920634920635,-0.21163167018103068,0.7157753091620138,0.9457654871846007,0.8761119965166552,ADA,1
GO:0046629,gamma-delta T cell activation,1/828,28/18860,0.03571428571428571,0.8134920634920635,-0.21163167018103068,0.7157753091620138,0.9457654871846007,0.8761119965166552,CD3E,1
GO:0046949,fatty-acyl-CoA biosynthetic process,1/828,28/18860,0.03571428571428571,0.8134920634920635,-0.21163167018103068,0.7157753091620138,0.9457654871846007,0.8761119965166552,ACAT1,1
GO:0047497,mitochondrion transport along microtubule,1/828,28/18860,0.03571428571428571,0.8134920634920635,-0.21163167018103068,0.7157753091620138,0.9457654871846007,0.8761119965166552,NEFL,1
GO:0051882,mitochondrial depolarization,1/828,28/18860,0.03571428571428571,0.8134920634920635,-0.21163167018103068,0.7157753091620138,0.9457654871846007,0.8761119965166552,ALB,1
GO:0061615,glycolytic process through fructose-6-phosphate,1/828,28/18860,0.03571428571428571,0.8134920634920635,-0.21163167018103068,0.7157753091620138,0.9457654871846007,0.8761119965166552,PGAM2,1
GO:0071480,cellular response to gamma radiation,1/828,28/18860,0.03571428571428571,0.8134920634920635,-0.21163167018103068,0.7157753091620138,0.9457654871846007,0.8761119965166552,TSPYL5,1
GO:1903019,negative regulation of glycoprotein metabolic process,1/828,28/18860,0.03571428571428571,0.8134920634920635,-0.21163167018103068,0.7157753091620138,0.9457654871846007,0.8761119965166552,ITM2A,1
GO:1903599,positive regulation of autophagy of mitochondrion,1/828,28/18860,0.03571428571428571,0.8134920634920635,-0.21163167018103068,0.7157753091620138,0.9457654871846007,0.8761119965166552,BNIP3,1
GO:1905523,positive regulation of macrophage migration,1/828,28/18860,0.03571428571428571,0.8134920634920635,-0.21163167018103068,0.7157753091620138,0.9457654871846007,0.8761119965166552,CXCL17,1
GO:2000647,negative regulation of stem cell proliferation,1/828,28/18860,0.03571428571428571,0.8134920634920635,-0.21163167018103068,0.7157753091620138,0.9457654871846007,0.8761119965166552,FBLN1,1
GO:0001676,long-chain fatty acid metabolic process,4/828,110/18860,0.03636363636363636,0.8282828282828282,-0.3870454644813967,0.7171378569034572,0.9467531798685436,0.8770269478666457,ACADL/GSTM2/CYP2C8/ALOX15B,4
GO:0001938,positive regulation of endothelial cell proliferation,4/828,110/18860,0.03636363636363636,0.8282828282828282,-0.3870454644813967,0.7171378569034572,0.9467531798685436,0.8770269478666457,PDCD6/VEGFB/GHRL/PRKD1,4
GO:0051851,host-mediated perturbation of symbiont process,4/828,110/18860,0.03636363636363636,0.8282828282828282,-0.3870454644813967,0.7171378569034572,0.9467531798685436,0.8770269478666457,MID2/HPN/PIK3C2G/BRD4,4
GO:0002244,hematopoietic progenitor cell differentiation,5/828,136/18860,0.03676470588235294,0.8374183006535948,-0.40775035315255587,0.717943217737366,0.947004221511327,0.8772595008598012,CDK6/PTPRZ1/KITLG/KIT/FST,5
GO:0010595,positive regulation of endothelial cell migration,5/828,136/18860,0.03676470588235294,0.8374183006535948,-0.40775035315255587,0.717943217737366,0.947004221511327,0.8772595008598012,PDCD6/FUT1/CCBE1/PRKD1/EDN1,5
GO:0015918,sterol transport,5/828,136/18860,0.03676470588235294,0.8374183006535948,-0.40775035315255587,0.717943217737366,0.947004221511327,0.8772595008598012,STX12/APOA5/ABCA2/GRAMD1A/PLTP,5
GO:0007043,cell-cell junction assembly,6/828,162/18860,0.037037037037037035,0.8436213991769547,-0.42834115348910995,0.7203739888284786,0.9488176098691989,0.8789393372634371,CDH2/NPHS1/CLDN19/CLDN25/IRX3/CLDN24,6
GO:0044839,cell cycle G2/M phase transition,6/828,162/18860,0.037037037037037035,0.8436213991769547,-0.42834115348910995,0.7203739888284786,0.9488176098691989,0.8789393372634371,SMARCD3/CDK14/TPD52L1/CDK6/NES/BRD4,6
GO:0002762,negative regulation of myeloid leukocyte differentiation,2/828,57/18860,0.03508771929824561,0.7992202729044834,-0.3253091386219533,0.7205507487681422,0.9488176098691989,0.8789393372634371,LRRC17/CDK6,2
GO:0010874,regulation of cholesterol efflux,2/828,57/18860,0.03508771929824561,0.7992202729044834,-0.3253091386219533,0.7205507487681422,0.9488176098691989,0.8789393372634371,ABCA2/PLTP,2
GO:0099172,presynapse organization,2/828,57/18860,0.03508771929824561,0.7992202729044834,-0.3253091386219533,0.7205507487681422,0.9488176098691989,0.8789393372634371,CACNA2D3/DKK1,2
GO:1903351,cellular response to dopamine,2/828,57/18860,0.03508771929824561,0.7992202729044834,-0.3253091386219533,0.7205507487681422,0.9488176098691989,0.8789393372634371,DRD5/HTR3E,2
GO:0003333,amino acid transmembrane transport,4/828,111/18860,0.036036036036036036,0.8208208208208209,-0.40570702419062404,0.7237240492840482,0.9505823020936854,0.8805740638938565,SLC1A2/SLC16A10/KCNJ10/SLC6A5,4
GO:0006446,regulation of translational initiation,4/828,111/18860,0.036036036036036036,0.8208208208208209,-0.40570702419062404,0.7237240492840482,0.9505823020936854,0.8805740638938565,GPR155/PAIP2B/PRKAA2/RNF152,4
GO:0043367,"CD4-positive, alpha-beta T cell differentiation",4/828,111/18860,0.036036036036036036,0.8208208208208209,-0.40570702419062404,0.7237240492840482,0.9505823020936854,0.8805740638938565,RORC/TOX/RORA/BRD4,4
GO:0009154,purine ribonucleotide catabolic process,5/828,137/18860,0.0364963503649635,0.8313057583130575,-0.42464437202986705,0.7238915583605254,0.9505823020936854,0.8805740638938565,PDE8B/PRKAA2/NUPR1/ADA/PGAM2,5
GO:0009152,purine ribonucleotide biosynthetic process,6/828,163/18860,0.03680981595092025,0.8384458077709612,-0.4438933303478795,0.725823230681087,0.9505823020936854,0.8805740638938565,PAPSS1/NME9/NME3/NPR3/ADA/ADCY1,6
GO:0034103,regulation of tissue remodeling,3/828,85/18860,0.03529411764705882,0.803921568627451,-0.3882414168428928,0.7270093010989148,0.9505823020936854,0.8805740638938565,LEPR/SLC4A2/HRG,3
GO:0042157,lipoprotein metabolic process,3/828,85/18860,0.03529411764705882,0.803921568627451,-0.3882414168428928,0.7270093010989148,0.9505823020936854,0.8805740638938565,GLUL/ZDHHC2/APOA5,3
GO:0034599,cellular response to oxidative stress,10/828,264/18860,0.03787878787878788,0.8627946127946128,-0.4810784552068998,0.7273408000099416,0.9505823020936854,0.8805740638938565,DHRS2/PDGFD/BNIP3/PRKAA2/PRKD1/MT3/PPARGC1A/GATA5/EDN1/SOD3,10
GO:0050920,regulation of chemotaxis,8/828,214/18860,0.037383177570093455,0.8515057113187954,-0.4681406419860081,0.7274959704206425,0.9505823020936854,0.8805740638938565,ROBO3/VEGFB/PDGFD/C5/PRKD1/CXCL17/HRG/EDN1,8
GO:0002295,T-helper cell lineage commitment,1/828,29/18860,0.034482758620689655,0.7854406130268199,-0.24777779068355565,0.7282720192307187,0.9505823020936854,0.8805740638938565,BRD4,1
GO:0006833,water transport,1/828,29/18860,0.034482758620689655,0.7854406130268199,-0.24777779068355565,0.7282720192307187,0.9505823020936854,0.8805740638938565,AQP4,1
GO:0009649,entrainment of circadian clock,1/828,29/18860,0.034482758620689655,0.7854406130268199,-0.24777779068355565,0.7282720192307187,0.9505823020936854,0.8805740638938565,CRTC1,1
GO:0030262,apoptotic nuclear changes,1/828,29/18860,0.034482758620689655,0.7854406130268199,-0.24777779068355565,0.7282720192307187,0.9505823020936854,0.8805740638938565,GATA5,1
GO:0042634,regulation of hair cycle,1/828,29/18860,0.034482758620689655,0.7854406130268199,-0.24777779068355565,0.7282720192307187,0.9505823020936854,0.8805740638938565,FST,1
GO:0045980,negative regulation of nucleotide metabolic process,1/828,29/18860,0.034482758620689655,0.7854406130268199,-0.24777779068355565,0.7282720192307187,0.9505823020936854,0.8805740638938565,NUPR1,1
GO:0046618,xenobiotic export from cell,1/828,29/18860,0.034482758620689655,0.7854406130268199,-0.24777779068355565,0.7282720192307187,0.9505823020936854,0.8805740638938565,ABCC5,1
GO:0050482,arachidonate secretion,1/828,29/18860,0.034482758620689655,0.7854406130268199,-0.24777779068355565,0.7282720192307187,0.9505823020936854,0.8805740638938565,PLA2G1B,1
GO:0060561,apoptotic process involved in morphogenesis,1/828,29/18860,0.034482758620689655,0.7854406130268199,-0.24777779068355565,0.7282720192307187,0.9505823020936854,0.8805740638938565,BCL2L11,1
GO:0062149,detection of stimulus involved in sensory perception of pain,1/828,29/18860,0.034482758620689655,0.7854406130268199,-0.24777779068355565,0.7282720192307187,0.9505823020936854,0.8805740638938565,TAC4,1
GO:0070977,bone maturation,1/828,29/18860,0.034482758620689655,0.7854406130268199,-0.24777779068355565,0.7282720192307187,0.9505823020936854,0.8805740638938565,ZBTB16,1
GO:0097107,postsynaptic density assembly,1/828,29/18860,0.034482758620689655,0.7854406130268199,-0.24777779068355565,0.7282720192307187,0.9505823020936854,0.8805740638938565,PTPRS,1
GO:1900543,negative regulation of purine nucleotide metabolic process,1/828,29/18860,0.034482758620689655,0.7854406130268199,-0.24777779068355565,0.7282720192307187,0.9505823020936854,0.8805740638938565,NUPR1,1
GO:1900745,positive regulation of p38MAPK cascade,1/828,29/18860,0.034482758620689655,0.7854406130268199,-0.24777779068355565,0.7282720192307187,0.9505823020936854,0.8805740638938565,GADD45B,1
GO:1902473,regulation of protein localization to synapse,1/828,29/18860,0.034482758620689655,0.7854406130268199,-0.24777779068355565,0.7282720192307187,0.9505823020936854,0.8805740638938565,CACNA2D2,1
GO:1903055,positive regulation of extracellular matrix organization,1/828,29/18860,0.034482758620689655,0.7854406130268199,-0.24777779068355565,0.7282720192307187,0.9505823020936854,0.8805740638938565,EFEMP2,1
GO:1903421,regulation of synaptic vesicle recycling,1/828,29/18860,0.034482758620689655,0.7854406130268199,-0.24777779068355565,0.7282720192307187,0.9505823020936854,0.8805740638938565,PPP3CC,1
GO:1903963,arachidonate transport,1/828,29/18860,0.034482758620689655,0.7854406130268199,-0.24777779068355565,0.7282720192307187,0.9505823020936854,0.8805740638938565,PLA2G1B,1
GO:2000319,regulation of T-helper 17 cell differentiation,1/828,29/18860,0.034482758620689655,0.7854406130268199,-0.24777779068355565,0.7282720192307187,0.9505823020936854,0.8805740638938565,BRD4,1
GO:2000353,positive regulation of endothelial cell apoptotic process,1/828,29/18860,0.034482758620689655,0.7854406130268199,-0.24777779068355565,0.7282720192307187,0.9505823020936854,0.8805740638938565,PDCD4,1
GO:2000629,negative regulation of miRNA metabolic process,1/828,29/18860,0.034482758620689655,0.7854406130268199,-0.24777779068355565,0.7282720192307187,0.9505823020936854,0.8805740638938565,ZNF512B,1
GO:2000819,regulation of nucleotide-excision repair,1/828,29/18860,0.034482758620689655,0.7854406130268199,-0.24777779068355565,0.7282720192307187,0.9505823020936854,0.8805740638938565,SMARCD3,1
GO:0010719,negative regulation of epithelial to mesenchymal transition,2/828,58/18860,0.034482758620689655,0.7854406130268199,-0.3506808427507011,0.7294514752905907,0.9506299078649685,0.8806181636076752,HPN/FOXA1,2
GO:0015804,neutral amino acid transport,2/828,58/18860,0.034482758620689655,0.7854406130268199,-0.3506808427507011,0.7294514752905907,0.9506299078649685,0.8806181636076752,SLC1A2/SLC6A5,2
GO:0021695,cerebellar cortex development,2/828,58/18860,0.034482758620689655,0.7854406130268199,-0.3506808427507011,0.7294514752905907,0.9506299078649685,0.8806181636076752,SEZ6L2/RORA,2
GO:0051926,negative regulation of calcium ion transport,2/828,58/18860,0.034482758620689655,0.7854406130268199,-0.3506808427507011,0.7294514752905907,0.9506299078649685,0.8806181636076752,PPP3CC/PACSIN3,2
GO:1903350,response to dopamine,2/828,58/18860,0.034482758620689655,0.7854406130268199,-0.3506808427507011,0.7294514752905907,0.9506299078649685,0.8806181636076752,DRD5/HTR3E,2
GO:0035710,"CD4-positive, alpha-beta T cell activation",5/828,138/18860,0.036231884057971016,0.8252818035426731,-0.4414221381459877,0.729749463703186,0.9506299078649685,0.8806181636076752,CD3E/RORC/TOX/RORA/BRD4,5
GO:0045931,positive regulation of mitotic cell cycle,5/828,138/18860,0.036231884057971016,0.8252818035426731,-0.4414221381459877,0.729749463703186,0.9506299078649685,0.8806181636076752,SMARCD3/EGFR/FOXA1/ASNS/BRD4,5
GO:0032231,regulation of actin filament bundle assembly,4/828,112/18860,0.03571428571428571,0.8134920634920635,-0.4242104916500793,0.7301956943519596,0.9509429544606175,0.880908155029051,CGNL1/ASAP3/EVL/TGFB3,4
GO:0051302,regulation of cell division,7/828,190/18860,0.03684210526315789,0.8391812865497075,-0.47741248721371043,0.7337126282688071,0.955253712248478,0.8849014352482995,VEGFB/MBIP/PDGFD/TGFB3/OPN1MW/NLRP5/FSD1,7
GO:0000380,"alternative mRNA splicing, via spliceosome",3/828,86/18860,0.03488372093023256,0.7945736434108528,-0.4091471513548276,0.7342946326074196,0.9554727003046107,0.8851042953290188,CELF4/RBPMS2/SRRM4,3
GO:0032418,lysosome localization,3/828,86/18860,0.03488372093023256,0.7945736434108528,-0.4091471513548276,0.7342946326074196,0.9554727003046107,0.8851042953290188,KIT/CHGA/SLC18A2,3
GO:0050684,regulation of mRNA processing,5/828,139/18860,0.03597122302158273,0.8193445243804957,-0.45808551284638316,0.7355170375633355,0.9564453143407412,0.88600527853953,CELF4/RBPMS2/CIRBP/SRPK3/SRRM4,5
GO:0141060,disruption of anatomical structure in another organism,5/828,139/18860,0.03597122302158273,0.8193445243804957,-0.45808551284638316,0.7355170375633355,0.9564453143407412,0.88600527853953,C5/SCNN1B/CHGA/F2/HRG,5
GO:0032760,positive regulation of tumor necrosis factor production,4/828,113/18860,0.035398230088495575,0.8062930186823992,-0.4425589770510838,0.7365531919659392,0.9564453143407412,0.88600527853953,IL33/ORM2/ORM1/ABCC8,4
GO:0001895,retina homeostasis,2/828,59/18860,0.03389830508474576,0.7721280602636535,-0.3756461392158356,0.7381104726332745,0.9564453143407412,0.88600527853953,RDH12/ATP1B2,2
GO:0006383,transcription by RNA polymerase III,2/828,59/18860,0.03389830508474576,0.7721280602636535,-0.3756461392158356,0.7381104726332745,0.9564453143407412,0.88600527853953,AR/ZNF345,2
GO:0035176,social behavior,2/828,59/18860,0.03389830508474576,0.7721280602636535,-0.3756461392158356,0.7381104726332745,0.9564453143407412,0.88600527853953,KCNQ1/GABRB3,2
GO:0071470,cellular response to osmotic stress,2/828,59/18860,0.03389830508474576,0.7721280602636535,-0.3756461392158356,0.7381104726332745,0.9564453143407412,0.88600527853953,SLC2A4/SCN2A,2
GO:1901292,nucleoside phosphate catabolic process,7/828,191/18860,0.03664921465968586,0.8347876672484003,-0.4917576994908397,0.738629884043716,0.9564453143407412,0.88600527853953,PDE8B/PRKAA2/NUPR1/ACAT1/ADA/NT5M/PGAM2,7
GO:0001835,blastocyst hatching,1/828,30/18860,0.03333333333333333,0.7592592592592592,-0.2827727849688909,0.7402199119648786,0.9564453143407412,0.88600527853953,ARHGDIG,1
GO:0003071,renal system process involved in regulation of systemic arterial blood pressure,1/828,30/18860,0.03333333333333333,0.7592592592592592,-0.2827727849688909,0.7402199119648786,0.9564453143407412,0.88600527853953,TTR,1
GO:0006783,heme biosynthetic process,1/828,30/18860,0.03333333333333333,0.7592592592592592,-0.2827727849688909,0.7402199119648786,0.9564453143407412,0.88600527853953,ALAD,1
GO:0009226,nucleotide-sugar biosynthetic process,1/828,30/18860,0.03333333333333333,0.7592592592592592,-0.2827727849688909,0.7402199119648786,0.9564453143407412,0.88600527853953,PMM1,1
GO:0017121,plasma membrane phospholipid scrambling,1/828,30/18860,0.03333333333333333,0.7592592592592592,-0.2827727849688909,0.7402199119648786,0.9564453143407412,0.88600527853953,ATG9B,1
GO:0035188,hatching,1/828,30/18860,0.03333333333333333,0.7592592592592592,-0.2827727849688909,0.7402199119648786,0.9564453143407412,0.88600527853953,ARHGDIG,1
GO:0043032,positive regulation of macrophage activation,1/828,30/18860,0.03333333333333333,0.7592592592592592,-0.2827727849688909,0.7402199119648786,0.9564453143407412,0.88600527853953,IL33,1
GO:0045606,positive regulation of epidermal cell differentiation,1/828,30/18860,0.03333333333333333,0.7592592592592592,-0.2827727849688909,0.7402199119648786,0.9564453143407412,0.88600527853953,ALOX15B,1
GO:0045761,regulation of adenylate cyclase activity,1/828,30/18860,0.03333333333333333,0.7592592592592592,-0.2827727849688909,0.7402199119648786,0.9564453143407412,0.88600527853953,DRD5,1
GO:0046639,negative regulation of alpha-beta T cell differentiation,1/828,30/18860,0.03333333333333333,0.7592592592592592,-0.2827727849688909,0.7402199119648786,0.9564453143407412,0.88600527853953,SLC4A2,1
GO:0050857,positive regulation of antigen receptor-mediated signaling pathway,1/828,30/18860,0.03333333333333333,0.7592592592592592,-0.2827727849688909,0.7402199119648786,0.9564453143407412,0.88600527853953,ADA,1
GO:0051491,positive regulation of filopodium assembly,1/828,30/18860,0.03333333333333333,0.7592592592592592,-0.2827727849688909,0.7402199119648786,0.9564453143407412,0.88600527853953,TGFB3,1
GO:0051894,positive regulation of focal adhesion assembly,1/828,30/18860,0.03333333333333333,0.7592592592592592,-0.2827727849688909,0.7402199119648786,0.9564453143407412,0.88600527853953,HRG,1
GO:0060142,regulation of syncytium formation by plasma membrane fusion,1/828,30/18860,0.03333333333333333,0.7592592592592592,-0.2827727849688909,0.7402199119648786,0.9564453143407412,0.88600527853953,NFATC2,1
GO:0065005,protein-lipid complex assembly,1/828,30/18860,0.03333333333333333,0.7592592592592592,-0.2827727849688909,0.7402199119648786,0.9564453143407412,0.88600527853953,PRKACB,1
GO:0071684,organism emergence from protective structure,1/828,30/18860,0.03333333333333333,0.7592592592592592,-0.2827727849688909,0.7402199119648786,0.9564453143407412,0.88600527853953,ARHGDIG,1
GO:0090594,inflammatory response to wounding,1/828,30/18860,0.03333333333333333,0.7592592592592592,-0.2827727849688909,0.7402199119648786,0.9564453143407412,0.88600527853953,IL33,1
GO:0006970,response to osmotic stress,3/828,87/18860,0.034482758620689655,0.7854406130268199,-0.42982617117277744,0.7414256570936452,0.9571997999604286,0.8867041979984915,SLC2A4/TSC22D3/SCN2A,3
GO:0050871,positive regulation of B cell activation,3/828,87/18860,0.034482758620689655,0.7854406130268199,-0.42982617117277744,0.7414256570936452,0.9571997999604286,0.8867041979984915,NFATC2/ADA/VAV3,3
GO:1990849,vacuolar localization,3/828,87/18860,0.034482758620689655,0.7854406130268199,-0.42982617117277744,0.7414256570936452,0.9571997999604286,0.8867041979984915,KIT/CHGA/SLC18A2,3
GO:0043086,negative regulation of catalytic activity,6/828,166/18860,0.03614457831325301,0.823293172690763,-0.4900143557143473,0.7417226981707625,0.957315656834148,0.886811522275302,DRD5/PLIN5/GPSM1/PDCD4/MT3/NES,6
GO:0045445,myoblast differentiation,4/828,114/18860,0.03508771929824561,0.7992202729044834,-0.4607555001641395,0.7427970193710977,0.9581666579485276,0.8875998490809001,RANBP3L/SMARCD3/PLEKHM3/SOSTDC1,4
GO:0072676,lymphocyte migration,4/828,114/18860,0.03508771929824561,0.7992202729044834,-0.4607555001641395,0.7427970193710977,0.9581666579485276,0.8875998490809001,CYP7B1/GNAI1/RET/LRP12,4
GO:0030098,lymphocyte differentiation,17/828,441/18860,0.03854875283446712,0.8780549256739733,-0.5552685586608082,0.7434390515784296,0.9587270427783268,0.8881189628344738,SMARCD3/ZMIZ1/ST3GAL1/LEPR/CDK6/HDAC5/CD3E/ITM2A/SLC4A2/KIT/RORC/ADA/TOX/RORA/ZBTB16/FZD8/BRD4,17
GO:0043085,positive regulation of catalytic activity,12/828,318/18860,0.03773584905660377,0.859538784067086,-0.5413077494673019,0.7444539785723024,0.9597678595887473,0.8890831258390893,DRD5/RAP1GAP/PLIN5/TPD52L1/APC2/ASAP3/RGS7/MT3/EEF1A2/ODAM/SYDE1/PRTN3,12
GO:0007626,locomotory behavior,8/828,218/18860,0.03669724770642202,0.835881753312946,-0.5222655901041923,0.7459938535895398,0.96131568045623494,0.8905169531978161,PDE1B/FZD4/SEZ6L2/ABCA2/RCAN2/CWH43/KCNJ10/SLC18A2,8
GO:0006636,unsaturated fatty acid biosynthetic process,2/828,60/18860,0.03333333333333333,0.7592592592592592,-0.4002200504185364,0.7465317810714258,0.96131568045623494,0.8905169531978161,ALOX15B/EDN1,2
GO:0009948,anterior/posterior axis specification,2/828,60/18860,0.03333333333333333,0.7592592592592592,-0.4002200504185364,0.7465317810714258,0.96131568045623494,0.8905169531978161,PLD6/GPC3,2
GO:0051494,negative regulation of cytoskeleton organization,6/828,167/18860,0.03592814371257485,0.8183632734530938,-0.5052135015741439,0.7468732003851255,0.96131568045623494,0.8905169531978161,CGNL1/FGF13/HIP1R/APC2/KANK4/LMOD2,6
GO:0006900,vesicle budding from membrane,3/828,88/18860,0.03409090909090909,0.7765151515151514,-0.45028418867980297,0.7484037160648542,0.96131568045623494,0.8905169531978161,PDCD6/SLC2A4/INSIG1,3
GO:0043242,negative regulation of protein-containing complex disassembly,3/828,88/18860,0.03409090909090909,0.7765151515151514,-0.45028418867980297,0.7484037160648542,0.96131568045623494,0.8905169531978161,FGF13/APC2/LMOD2,3
GO:0070509,calcium ion import,3/828,88/18860,0.03409090909090909,0.7765151515151514,-0.45028418867980297,0.7484037160648542,0.96131568045623494,0.8905169531978161,PPP3CC/SLC8A2/TRPV6,3
GO:0001516,prostaglandin biosynthetic process,1/828,31/18860,0.03225806451612903,0.7347670250896057,-0.31669943235494713,0.7516430618795402,0.96131568045623494,0.8905169531978161,EDN1,1
GO:0002507,tolerance induction,1/828,31/18860,0.03225806451612903,0.7347670250896057,-0.31669943235494713,0.7516430618795402,0.96131568045623494,0.8905169531978161,CD3E,1
GO:0003171,atrioventricular valve development,1/828,31/18860,0.03225806451612903,0.7347670250896057,-0.31669943235494713,0.7516430618795402,0.96131568045623494,0.8905169531978161,ADAMTS19,1
GO:0006921,cellular component disassembly involved in execution phase of apoptosis,1/828,31/18860,0.03225806451612903,0.7347670250896057,-0.31669943235494713,0.7516430618795402,0.96131568045623494,0.8905169531978161,GATA5,1
GO:0019886,antigen processing and presentation of exogenous peptide antigen via MHC class II,1/828,31/18860,0.03225806451612903,0.7347670250896057,-0.31669943235494713,0.7516430618795402,0.96131568045623494,0.8905169531978161,CTSF,1
GO:0021522,spinal cord motor neuron differentiation,1/828,31/18860,0.03225806451612903,0.7347670250896057,-0.31669943235494713,0.7516430618795402,0.96131568045623494,0.8905169531978161,LONRF2,1
GO:0021602,cranial nerve morphogenesis,1/828,31/18860,0.03225806451612903,0.7347670250896057,-0.31669943235494713,0.7516430618795402,0.96131568045623494,0.8905169531978161,SIX1,1
GO:0021801,cerebral cortex radial glia-guided migration,1/828,31/18860,0.03225806451612903,0.7347670250896057,-0.31669943235494713,0.7516430618795402,0.96131568045623494,0.8905169531978161,ZMIZ1,1
GO:0022030,telencephalon glial cell migration,1/828,31/18860,0.03225806451612903,0.7347670250896057,-0.31669943235494713,0.7516430618795402,0.96131568045623494,0.8905169531978161,ZMIZ1,1
GO:0031629,synaptic vesicle fusion to presynaptic active zone membrane,1/828,31/18860,0.03225806451612903,0.7347670250896057,-0.31669943235494713,0.7516430618795402,0.96131568045623494,0.8905169531978161,ERC2,1
GO:0032091,negative regulation of protein binding,1/828,31/18860,0.03225806451612903,0.7347670250896057,-0.31669943235494713,0.7516430618795402,0.96131568045623494,0.8905169531978161,NES,1
GO:0033135,regulation of peptidyl-serine phosphorylation,1/828,31/18860,0.03225806451612903,0.7347670250896057,-0.31669943235494713,0.7516430618795402,0.96131568045623494,0.8905169531978161,EGFR,1
GO:0033688,regulation of osteoblast proliferation,1/828,31/18860,0.03225806451612903,0.7347670250896057,-0.31669943235494713,0.7516430618795402,0.96131568045623494,0.8905169531978161,NPR3,1
GO:0046823,negative regulation of nucleocytoplasmic transport,1/828,31/18860,0.03225806451612903,0.7347670250896057,-0.31669943235494713,0.7516430618795402,0.96131568045623494,0.8905169531978161,CABP1,1
GO:0090140,regulation of mitochondrial fission,1/828,31/18860,0.03225806451612903,0.7347670250896057,-0.31669943235494713,0.7516430618795402,0.96131568045623494,0.8905169531978161,BNIP3,1
GO:0090162,establishment of epithelial cell polarity,1/828,31/18860,0.03225806451612903,0.7347670250896057,-0.31669943235494713,0.7516430618795402,0.96131568045623494,0.8905169531978161,PTK7,1
GO:0090330,regulation of platelet aggregation,1/828,31/18860,0.03225806451612903,0.7347670250896057,-0.31669943235494713,0.7516430618795402,0.96131568045623494,0.8905169531978161,CELA2A,1
GO:0090382,phagosome maturation,1/828,31/18860,0.03225806451612903,0.7347670250896057,-0.31669943235494713,0.7516430618795402,0.96131568045623494,0.8905169531978161,RAB7B,1
GO:1903715,regulation of aerobic respiration,1/828,31/18860,0.03225806451612903,0.7347670250896057,-0.31669943235494713,0.7516430618795402,0.96131568045623494,0.8905169531978161,NUPR1,1
GO:2000279,negative regulation of DNA biosynthetic process,1/828,31/18860,0.03225806451612903,0.7347670250896057,-0.31669943235494713,0.7516430618795402,0.96131568045623494,0.8905169531978161,KCNK2,1
GO:0009166,nucleotide catabolic process,6/828,168/18860,0.03571428571428571,0.8134920634920635,-0.5203273102153285,0.7519491918558787,0.96131568045623494,0.8905169531978161,PDE8B/PRKAA2/NUPR1/ADA/NT5M/PGAM2,6
GO:0007033,vacuole organization,10/828,270/18860,0.037037037037037035,0.8436213991769547,-0.5545900320623333,0.7522506097465773,0.96131568045623494,0.8905169531978161,STX12/TBC1D14/GABARAPL1/LAMP2/BNIP3/ULK1/ULK2/NUPR1/RAB7B/ATG9B,10
GO:0006888,endoplasmic reticulum to Golgi vesicle-mediated transport,5/828,142/18860,0.035211267605633804,0.8020344287949922,-0.5074072489498596,0.7522796344330525,0.96131568045623494,0.8905169531978161,PDCD6/LMAN1L/TMED6/GAS1/INSIG1,5
GO:0061982,meiosis I cell cycle process,5/828,142/18860,0.035211267605633804,0.8020344287949922,-0.5074072489498596,0.7522796344330525,0.96131568045623494,0.8905169531978161,REC8/ZCWPW1/BCL2L11/SYCP2/TDRD9,5
GO:0045580,regulation of T cell differentiation,7/828,194/18860,0.03608247422680412,0.8218785796105383,-0.5343722943853473,0.7529990317909689,0.96131568045623494,0.8905169531978161,SMARCD3/ZMIZ1/SLC4A2/ADA/TOX/ZBTB16/BRD4,7
GO:0001913,T cell mediated cytotoxicity,2/828,61/18860,0.03278688524590164,0.7468123861566485,-0.4244167825092604,0.7547195523228141,0.96131568045623494,0.8905169531978161,AZGP1/SLC22A13,2
GO:0035329,hippo signaling,2/828,61/18860,0.03278688524590164,0.7468123861566485,-0.4244167825092604,0.7547195523228141,0.96131568045623494,0.8905169531978161,WTIP/FRMD1,2
GO:0043030,regulation of macrophage activation,2/828,61/18860,0.03278688524590164,0.7468123861566485,-0.4244167825092604,0.7547195523228141,0.96131568045623494,0.8905169531978161,IL33/RORA,2
GO:0051293,establishment of spindle localization,2/828,61/18860,0.03278688524590164,0.7468123861566485,-0.4244167825092604,0.7547195523228141,0.96131568045623494,0.8905169531978161,GPSM1/NLRP5,2
GO:0051703,biological process involved in intraspecies interaction between organisms,2/828,61/18860,0.03278688524590164,0.7468123861566485,-0.4244167825092604,0.7547195523228141,0.96131568045623494,0.8905169531978161,KCNQ1/GABRB3,2
GO:0060632,regulation of microtubule-based movement,2/828,61/18860,0.03278688524590164,0.7468123861566485,-0.4244167825092604,0.7547195523228141,0.96131568045623494,0.8905169531978161,TAC4/DEFB1,2
GO:0071715,icosanoid transport,2/828,61/18860,0.03278688524590164,0.7468123861566485,-0.4244167825092604,0.7547195523228141,0.96131568045623494,0.8905169531978161,PLA2G1B/EDN1,2
GO:0097300,programmed necrotic cell death,2/828,61/18860,0.03278688524590164,0.7468123861566485,-0.4244167825092604,0.7547195523228141,0.96131568045623494,0.8905169531978161,NUPR1/ATG9B,2
GO:1904645,response to amyloid-beta,2/828,61/18860,0.03278688524590164,0.7468123861566485,-0.4244167825092604,0.7547195523228141,0.96131568045623494,0.8905169531978161,IGF1R/ADRB2,2
GO:0032611,interleukin-1 beta production,4/828,116/18860,0.034482758620689655,0.7854406130268199,-0.49670430692905293,0.7549459358175796,0.96131568045623494,0.8905169531978161,GHRL/ORM2/ORM1/S1PR3,4
GO:0032651,regulation of interleukin-1 beta production,4/828,116/18860,0.034482758620689655,0.7854406130268199,-0.49670430692905293,0.7549459358175796,0.96131568045623494,0.8905169531978161,GHRL/ORM2/ORM1/S1PR3,4
GO:0014910,regulation of smooth muscle cell migration,3/828,89/18860,0.033707865168539325,0.7677902621722846,-0.47052670372339556,0.75523024874301,0.96131568045623494,0.8905169531978161,PDGFD/IGFBP5/POSTN,3
GO:0046209,nitric oxide metabolic process,3/828,89/18860,0.033707865168539325,0.7677902621722846,-0.47052670372339556,0.75523024874301,0.96131568045623494,0.8905169531978161,RORA/EDN1/NPY,3
GO:0070098,chemokine-mediated signaling pathway,3/828,89/18860,0.033707865168539325,0.7677902621722846,-0.47052670372339556,0.75523024874301,0.96131568045623494,0.8905169531978161,CCL16/GNAI1/EDN1,3
GO:0051017,actin filament bundle assembly,6/828,169/18860,0.03550295857988166,0.8086785009861933,-0.5353569040666989,0.756950819320874,0.9625709625054598,0.891679786561097,CGNL1/ASAP3/EVL/SORBS1/TGFB3/FAM107A,6
GO:1902904,negative regulation of supramolecular fiber organization,6/828,169/18860,0.03550295857988166,0.8086785009861933,-0.5353569040666989,0.756950819320874,0.9625709625054598,0.891679786561097,CGNL1/FGF13/HIP1R/APC2/KANK4/LMOD2,6
GO:0048024,"regulation of mRNA splicing, via spliceosome",4/828,117/18860,0.03418803418803419,0.7787274453941121,-0.5144622081053212,0.7608523311290483,0.9625709625054598,0.891679786561097,CELF4/RBPMS2/CIRBP/SRRM4,4
GO:1903557,positive regulation of tumor necrosis factor superfamily cytokine production,4/828,117/18860,0.03418803418803419,0.7787274453941121,-0.5144622081053212,0.7608523311290483,0.9625709625054598,0.891679786561097,IL33/ORM2/ORM1/ABCC8,4
GO:0007492,endoderm development,3/828,90/18860,0.03333333333333333,0.7592592592592592,-0.49055901391644485,0.7619067845305783,0.9625709625054598,0.891679786561097,GATA6/SOX2/DKK1,3
GO:0034248,regulation of amide metabolic process,3/828,90/18860,0.03333333333333333,0.7592592592592592,-0.49055901391644485,0.7619067845305783,0.9625709625054598,0.891679786561097,SIRT4/ABCA2/PLA2G6,3
GO:0042093,T-helper cell differentiation,3/828,90/18860,0.03333333333333333,0.7592592592592592,-0.49055901391644485,0.7619067845305783,0.9625709625054598,0.891679786561097,RORC/RORA/BRD4,3
GO:0046928,regulation of neurotransmitter secretion,3/828,90/18860,0.03333333333333333,0.7592592592592592,-0.49055901391644485,0.7619067845305783,0.9625709625054598,0.891679786561097,RIMS4/RIMS3/NPY,3
GO:1905477,positive regulation of protein localization to membrane,3/828,90/18860,0.03333333333333333,0.7592592592592592,-0.49055901391644485,0.7619067845305783,0.9625709625054598,0.891679786561097,EGFR/ZDHHC2/SORBS1,3
GO:0030522,intracellular receptor signaling pathway,17/828,447/18860,0.03803131991051454,0.8662689535172756,-0.6131634757554044,0.7624357582403302,0.9625709625054598,0.891679786561097,ESRRG/PLIN5/ZMIZ1/LAMP2/PTF1A/PTPRS/AR/CYP7B1/PRKD1/RAB7B/RORC/FOXA1/ALOX15B/RORA/PAQR7/KCNJ8/SCGB2A1,17
GO:0001773,myeloid dendritic cell activation,1/828,32/18860,0.03125,0.7118055555555556,-0.3496318983682567,0.7625644886554575,0.9625709625054598,0.891679786561097,DHRS2,1
GO:0002438,acute inflammatory response to antigenic stimulus,1/828,32/18860,0.03125,0.7118055555555556,-0.3496318983682567,0.7625644886554575,0.9625709625054598,0.891679786561097,NPY,1
GO:0006829,zinc ion transport,1/828,32/18860,0.03125,0.7118055555555556,-0.3496318983682567,0.7625644886554575,0.9625709625054598,0.891679786561097,MT3,1
GO:0007212,G protein-coupled dopamine receptor signaling pathway,1/828,32/18860,0.03125,0.7118055555555556,-0.3496318983682567,0.7625644886554575,0.9625709625054598,0.891679786561097,DRD5,1
GO:0019082,viral protein processing,1/828,32/18860,0.03125,0.7118055555555556,-0.3496318983682567,0.7625644886554575,0.9625709625054598,0.891679786561097,ST3GAL1,1
GO:0019883,antigen processing and presentation of endogenous antigen,1/828,32/18860,0.03125,0.7118055555555556,-0.3496318983682567,0.7625644886554575,0.9625709625054598,0.891679786561097,AZGP1,1
GO:0032607,interferon-alpha production,1/828,32/18860,0.03125,0.7118055555555556,-0.3496318983682567,0.7625644886554575,0.9625709625054598,0.891679786561097,PTPRS,1
GO:0032647,regulation of interferon-alpha production,1/828,32/18860,0.03125,0.7118055555555556,-0.3496318983682567,0.7625644886554575,0.9625709625054598,0.891679786561097,PTPRS,1
GO:0032682,negative regulation of chemokine production,1/828,32/18860,0.03125,0.7118055555555556,-0.3496318983682567,0.7625644886554575,0.9625709625054598,0.891679786561097,C1QTNF3,1
GO:0036258,multivesicular body assembly,1/828,32/18860,0.03125,0.7118055555555556,-0.3496318983682567,0.7625644886554575,0.9625709625054598,0.891679786561097,VPS37D,1
GO:0048199,"vesicle targeting, to, from or within Golgi",1/828,32/18860,0.03125,0.7118055555555556,-0.3496318983682567,0.7625644886554575,0.9625709625054598,0.891679786561097,PDCD6,1
GO:0050901,leukocyte tethering or rolling,1/828,32/18860,0.03125,0.7118055555555556,-0.3496318983682567,0.7625644886554575,0.9625709625054598,0.891679786561097,FUT9,1
GO:0051291,protein heterooligomerization,1/828,32/18860,0.03125,0.7118055555555556,-0.3496318983682567,0.7625644886554575,0.9625709625054598,0.891679786561097,GRIA3,1
GO:0090025,regulation of monocyte chemotaxis,1/828,32/18860,0.03125,0.7118055555555556,-0.3496318983682567,0.7625644886554575,0.9625709625054598,0.891679786561097,CXCL17,1
GO:0090322,regulation of superoxide metabolic process,1/828,32/18860,0.03125,0.7118055555555556,-0.3496318983682567,0.7625644886554575,0.9625709625054598,0.891679786561097,PON3,1
GO:0099500,vesicle fusion to plasma membrane,1/828,32/18860,0.03125,0.7118055555555556,-0.3496318983682567,0.7625644886554575,0.9625709625054598,0.891679786561097,ERC2,1
GO:1905606,regulation of presynapse assembly,1/828,32/18860,0.03125,0.7118055555555556,-0.3496318983682567,0.7625644886554575,0.9625709625054598,0.891679786561097,DKK1,1
GO:0021545,cranial nerve development,2/828,62/18860,0.03225806451612903,0.7347670250896057,-0.4482497828772354,0.7626780320068163,0.9625709625054598,0.891679786561097,SIX4/SIX1,2
GO:0042908,xenobiotic transport,2/828,62/18860,0.03225806451612903,0.7347670250896057,-0.4482497828772354,0.7626780320068163,0.9625709625054598,0.891679786561097,SLC29A1/ABCC5,2
GO:0055008,cardiac muscle tissue morphogenesis,2/828,62/18860,0.03225806451612903,0.7347670250896057,-0.4482497828772354,0.7626780320068163,0.9625709625054598,0.891679786561097,MYBPC3/RYR2,2
GO:0071709,membrane assembly,2/828,62/18860,0.03225806451612903,0.7347670250896057,-0.4482497828772354,0.7626780320068163,0.9625709625054598,0.891679786561097,CDH2/DMKN,2
GO:0009261,ribonucleotide catabolic process,5/828,144/18860,0.034722222222222224,0.7908950617283951,-0.5397486520617066,0.7630073618700062,0.9627234964796964,0.8918210867528631,PDE8B/PRKAA2/NUPR1/ADA/PGAM2,5
GO:0072522,purine-containing compound biosynthetic process,10/828,273/18860,0.03663003663003663,0.8343508343508343,-0.5907700583315832,0.7641043570135335,0.9638442831708544,0.8928593300372347,PAPSS1/NME9/NME3/SIRT4/NPR3/ACAT1/ADA/ADCY1/IDH2/SLC22A13,10
GO:0051648,vesicle localization,8/828,223/18860,0.03587443946188341,0.817140009965122,-0.5886208885719854,0.7678633018158909,0.9665050815987509,0.8953241666744144,PDCD6/CDH2/SLC2A4/SYN2/RAB17/KIF1A/KIF5C/SYNDIG1,8
GO:0006195,purine nucleotide catabolic process,5/828,145/18860,0.034482758620689655,0.7854406130268199,-0.5557623910847506,0.7682381072464239,0.9665050815987509,0.8953241666744144,PDE8B/PRKAA2/NUPR1/ADA/PGAM2,5
GO:0050921,positive regulation of chemotaxis,5/828,145/18860,0.034482758620689655,0.7854406130268199,-0.5557623910847506,0.7682381072464239,0.9665050815987509,0.8953241666744144,VEGFB/PDGFD/PRKD1/CXCL17/EDN1,5
GO:0008543,fibroblast growth factor receptor signaling pathway,3/828,91/18860,0.03296703296703297,0.7509157509157509,-0.5103862243276178,0.7684349357896667,0.9665050815987509,0.8953241666744144,KL/FLRT3/FGF20,3
GO:0032273,positive regulation of protein polymerization,3/828,91/18860,0.03296703296703297,0.7509157509157509,-0.5103862243276178,0.7684349357896667,0.9665050815987509,0.8953241666744144,NPHS1/EVL/LMOD2,3
GO:1903321,negative regulation of protein modification by small protein conjugation or removal,3/828,91/18860,0.03296703296703297,0.7509157509157509,-0.5103862243276178,0.7684349357896667,0.9665050815987509,0.8953241666744144,BEX2/BEX4/BEX1,3
GO:2001057,reactive nitrogen species metabolic process,3/828,91/18860,0.03296703296703297,0.7509157509157509,-0.5103862243276178,0.7684349357896667,0.9665050815987509,0.8953241666744144,RORA/EDN1/NPY,3
GO:0007286,spermatid development,9/828,249/18860,0.03614457831325301,0.823293172690763,-0.6014793166896217,0.7695974332664625,0.9665050815987509,0.8953241666744144,SUN5/REC8/PDILT/PACRG/PLD6/TUBA8/KIT/TSSK1B/DEFB1,9
GO:0031401,positive regulation of protein modification process,14/828,375/18860,0.037333333333333336,0.8503703703703704,-0.6271566861376424,0.7698996484227404,0.9665050815987509,0.8953241666744144,PDCD6/VEGFB/ERBB4/RNF180/EGFR/TPD52L1/CTF1/MT3/KIT/ODAM/TSPYL5/FAM20A/RAMP1/FAM107A,14
GO:0002366,leukocyte activation involved in immune response,12/828,325/18860,0.036923076923076927,0.8410256410256411,-0.6194767583545405,0.7700236550657857,0.9665050815987509,0.8953241666744144,ST3GAL1/IL33/ITM2A/KIT/RORC/ADA/SCNN1B/CHGA/RORA/BRD4/SLC18A2/DNASE1,12
GO:0003179,heart valve morphogenesis,2/828,63/18860,0.031746031746031744,0.7231040564373897,-0.47173179271220617,0.7704115434255537,0.9665050815987509,0.8953241666744144,ADAMTS19/GATA5,2
GO:0031146,SCF-dependent proteasomal ubiquitin-dependent protein catabolic process,2/828,63/18860,0.031746031746031744,0.7231040564373897,-0.47173179271220617,0.7704115434255537,0.9665050815987509,0.8953241666744144,FBXL13/FBXO27,2
GO:0033013,tetrapyrrole metabolic process,2/828,63/18860,0.031746031746031744,0.7231040564373897,-0.47173179271220617,0.7704115434255537,0.9665050815987509,0.8953241666744144,HMOX2/ALAD,2
GO:0043616,keratinocyte proliferation,2/828,63/18860,0.031746031746031744,0.7231040564373897,-0.47173179271220617,0.7704115434255537,0.9665050815987509,0.8953241666744144,PRKD1/FST,2
GO:0048008,platelet-derived growth factor receptor signaling pathway,2/828,63/18860,0.031746031746031744,0.7231040564373897,-0.47173179271220617,0.7704115434255537,0.9665050815987509,0.8953241666744144,PDGFD/HIP1R,2
GO:0006622,protein targeting to lysosome,1/828,33/18860,0.030303030303030304,0.6902356902356902,-0.3816368793519244,0.7730062033034963,0.9665050815987509,0.8953241666744144,LAMP2,1
GO:0032367,intracellular cholesterol transport,1/828,33/18860,0.030303030303030304,0.6902356902356902,-0.3816368793519244,0.7730062033034963,0.9665050815987509,0.8953241666744144,ABCA2,1
GO:0034067,protein localization to Golgi apparatus,1/828,33/18860,0.030303030303030304,0.6902356902356902,-0.3816368793519244,0.7730062033034963,0.9665050815987509,0.8953241666744144,OBSL1,1
GO:0035020,regulation of Rac protein signal transduction,1/828,33/18860,0.030303030303030304,0.6902356902356902,-0.3816368793519244,0.7730062033034963,0.9665050815987509,0.8953241666744144,ARHGAP24,1
GO:0035751,regulation of lysosomal lumen pH,1/828,33/18860,0.030303030303030304,0.6902356902356902,-0.3816368793519244,0.7730062033034963,0.9665050815987509,0.8953241666744144,LAMP2,1
GO:0036257,multivesicular body organization,1/828,33/18860,0.030303030303030304,0.6902356902356902,-0.3816368793519244,0.7730062033034963,0.9665050815987509,0.8953241666744144,VPS37D,1
GO:0046457,prostanoid biosynthetic process,1/828,33/18860,0.030303030303030304,0.6902356902356902,-0.3816368793519244,0.7730062033034963,0.9665050815987509,0.8953241666744144,EDN1,1
GO:0051642,centrosome localization,1/828,33/18860,0.030303030303030304,0.6902356902356902,-0.3816368793519244,0.7730062033034963,0.9665050815987509,0.8953241666744144,NIN,1
GO:0051647,nucleus localization,1/828,33/18860,0.030303030303030304,0.6902356902356902,-0.3816368793519244,0.7730062033034963,0.9665050815987509,0.8953241666744144,NTN1,1
GO:0060055,angiogenesis involved in wound healing,1/828,33/18860,0.030303030303030304,0.6902356902356902,-0.3816368793519244,0.7730062033034963,0.9665050815987509,0.8953241666744144,VEGFB,1
GO:0060292,long-term synaptic depression,1/828,33/18860,0.030303030303030304,0.6902356902356902,-0.3816368793519244,0.7730062033034963,0.9665050815987509,0.8953241666744144,DRD5,1
GO:0061842,microtubule organizing center localization,1/828,33/18860,0.030303030303030304,0.6902356902356902,-0.3816368793519244,0.7730062033034963,0.9665050815987509,0.8953241666744144,NIN,1
GO:0090022,regulation of neutrophil chemotaxis,1/828,33/18860,0.030303030303030304,0.6902356902356902,-0.3816368793519244,0.7730062033034963,0.9665050815987509,0.8953241666744144,EDN1,1
GO:1900227,positive regulation of NLRP3 inflammasome complex assembly,1/828,33/18860,0.030303030303030304,0.6902356902356902,-0.3816368793519244,0.7730062033034963,0.9665050815987509,0.8953241666744144,PRKD1,1
GO:2000108,positive regulation of leukocyte apoptotic process,1/828,33/18860,0.030303030303030304,0.6902356902356902,-0.3816368793519244,0.7730062033034963,0.9665050815987509,0.8953241666744144,BCL2L11,1
GO:0038061,non-canonical NF-kappaB signal transduction,5/828,146/18860,0.03424657534246575,0.7800608828006088,-0.5716736069498471,0.7733806928236077,0.9665050815987509,0.8953241666744144,EDA/PDCD4/PTP4A3/C1QTNF3/EDN1,5
GO:0050821,protein stabilization,9/828,250/18860,0.036,0.82,-0.6139342638685327,0.7735737716904557,0.9665050815987509,0.8953241666744144,STX12/LAMP2/HIP1R/TBL1X/MT3/PPARGC1A/GPIHBP1/AFM/ATP1B2,9
GO:0002294,"CD4-positive, alpha-beta T cell differentiation involved in immune response",3/828,92/18860,0.03260869565217391,0.7427536231884058,-0.5300132566037294,0.7748163909285017,0.9665050815987509,0.8953241666744144,RORC/RORA/BRD4,3
GO:0022406,membrane docking,3/828,92/18860,0.03260869565217391,0.7427536231884058,-0.5300132566037294,0.7748163909285017,0.9665050815987509,0.8953241666744144,STX12/TSNARE1/RIMS3,3
GO:0016241,regulation of macroautophagy,7/828,199/18860,0.035175879396984924,0.8012283640424345,-0.604040478865229,0.775676087732992,0.9665050815987509,0.8953241666744144,GPSM1/BNIP3/PRKAA2/ULK1/NUPR1/ATP6V0E2/ADRB2,7
GO:1902107,positive regulation of leukocyte differentiation,7/828,199/18860,0.035175879396984924,0.8012283640424345,-0.604040478865229,0.775676087732992,0.9665050815987509,0.8953241666744144,SMARCD3/ZMIZ1/KITLG/ADA/TOX/ZBTB16/BRD4,7
GO:1903708,positive regulation of hemopoiesis,7/828,199/18860,0.035175879396984924,0.8012283640424345,-0.604040478865229,0.775676087732992,0.9665050815987509,0.8953241666744144,SMARCD3/ZMIZ1/KITLG/ADA/TOX/ZBTB16/BRD4,7
GO:0061572,actin filament bundle organization,6/828,173/18860,0.03468208092485549,0.78998073217726394,-0.594654826477838,0.7762178635923765,0.9665050815987509,0.8953241666744144,CGNL1/ASAP3/EVL/SORBS1/TGFB3/FAM107A,6
GO:0010506,regulation of autophagy,14/828,377/18860,0.03713527851458886,0.8458591217211906,-0.6478207012444265,0.7764202070349192,0.9665050815987509,0.8953241666744144,TBC1D14/GPSM1/MID2/LEPR/BNIP3/PRKAA2/ULK1/ULK2/NUPR1/PRKD1/EEF1A2/RNF152/ATP6V0E2/ADRB2,14
GO:0044344,cellular response to fibroblast growth factor stimulus,4/828,120/18860,0.03333333333333333,0.7592592592592592,-0.5669019769838581,0.7779084081480396,0.9665050815987509,0.8953241666744144,KL/FLRT3/FGF20/POSTN,4
GO:0000768,syncytium formation by plasma membrane fusion,2/828,64/18860,0.03125,0.7118055555555556,-0.49487489513303456,0.7779244725850509,0.9665050815987509,0.8953241666744144,NPHS1/NFATC2,2
GO:0032233,positive regulation of actin filament bundle assembly,2/828,64/18860,0.03125,0.7118055555555556,-0.49487489513303456,0.7779244725850509,0.9665050815987509,0.8953241666744144,EVL/TGFB3,2
GO:0140253,cell-cell fusion,2/828,64/18860,0.03125,0.7118055555555556,-0.49487489513303456,0.7779244725850509,0.9665050815987509,0.8953241666744144,NPHS1/NFATC2,2
GO:0007266,Rho protein signal transduction,5/828,147/18860,0.034013605442176874,0.7747543461829177,-0.5874838438627449,0.7784356098285624,0.9665050815987509,0.8953241666744144,CELSR1/VANGL2/NTN1/ARHGDIG/ARHGAP20,5
GO:0030183,B cell differentiation,5/828,147/18860,0.034013605442176874,0.7747543461829177,-0.5874838438627449,0.7784356098285624,0.9665050815987509,0.8953241666744144,ST3GAL1/HDAC5/ITM2A/KIT/ADA,5
GO:0016236,macroautophagy,15/828,403/18860,0.03722084367245657,0.8478081058726219,-0.6617836577903701,0.7796946379621051,0.9665050815987509,0.8953241666744144,STX12/TBC1D14/GABARAPL1/LAMP2/GPSM1/BNIP3/VPS37D/PRKAA2/ULK1/ULK2/NUPR1/ATP6V0E2/KLHL3/ATG9B/ADRB2,15
GO:0031396,regulation of protein ubiquitination,7/828,200/18860,0.035,0.7972222222222223,-0.6177774998731935,0.7800219719355328,0.9665050815987509,0.8953241666744144,PDCD6/BEX2/RNF180/BEX4/BEX1/TSPYL5/FAM107A,7
GO:0010563,negative regulation of phosphorus metabolic process,6/828,174/18860,0.034482758620689655,0.7854406130268199,-0.6092794367035327,0.7808510936028615,0.9665050815987509,0.8953241666744144,PTPN13/PDCD4/SIRT4/NUPR1/ABCA2/FBLN1,6
GO:0045936,negative regulation of phosphate metabolic process,6/828,174/18860,0.034482758620689655,0.7854406130268199,-0.6092794367035327,0.7808510936028615,0.9665050815987509,0.8953241666744144,PTPN13/PDCD4/SIRT4/NUPR1/ABCA2/FBLN1,6
GO:0002287,alpha-beta T cell activation involved in immune response,3/828,93/18860,0.03225806451612903,0.7347670250896057,-0.5494448575632916,0.7810529077888565,0.9665050815987509,0.8953241666744144,RORC/RORA/BRD4,3
GO:0002293,alpha-beta T cell differentiation involved in immune response,3/828,93/18860,0.03225806451612903,0.7347670250896057,-0.5494448575632916,0.7810529077888565,0.9665050815987509,0.8953241666744144,RORC/RORA/BRD4,3
GO:0032008,positive regulation of TOR signaling,3/828,93/18860,0.03225806451612903,0.7347670250896057,-0.5494448575632916,0.7810529077888565,0.9665050815987509,0.8953241666744144,GPR155/PRKAA2/RNF152,3
GO:0071230,cellular response to amino acid stimulus,3/828,93/18860,0.03225806451612903,0.7347670250896057,-0.5494448575632916,0.7810529077888565,0.9665050815987509,0.8953241666744144,PDGFD/EGFR/SIX1,3
GO:0018193,peptidyl-amino acid modification,15/828,404/18860,0.03712871287128713,0.8457095709570956,-0.6717588981095972,0.7827797963729526,0.9665050815987509,0.8953241666744144,IGF1R/VEGFB/ZMIZ1/ERBB4/EGFR/CTF1/SMYD2/ZDHHC2/ULK1/SIRT4/EFEMP1/KIT/PLOD2/TTLL7/HRG,15
GO:0002825,regulation of T-helper 1 type immune response,1/828,34/18860,0.029411764705882353,0.6699346405228759,-0.4127745645707553,0.7829892523110232,0.9665050815987509,0.8953241666744144,IL33,1
GO:0002828,regulation of type 2 immune response,1/828,34/18860,0.029411764705882353,0.6699346405228759,-0.4127745645707553,0.7829892523110232,0.9665050815987509,0.8953241666744144,IL33,1
GO:0002862,negative regulation of inflammatory response to antigenic stimulus,1/828,34/18860,0.029411764705882353,0.6699346405228759,-0.4127745645707553,0.7829892523110232,0.9665050815987509,0.8953241666744144,NPY,1
GO:0006515,protein quality control for misfolded or incompletely synthesized proteins,1/828,34/18860,0.029411764705882353,0.6699346405228759,-0.4127745645707553,0.7829892523110232,0.9665050815987509,0.8953241666744144,LONRF2,1
GO:0006779,porphyrin-containing compound biosynthetic process,1/828,34/18860,0.029411764705882353,0.6699346405228759,-0.4127745645707553,0.7829892523110232,0.9665050815987509,0.8953241666744144,ALAD,1
GO:0007628,adult walking behavior,1/828,34/18860,0.029411764705882353,0.6699346405228759,-0.4127745645707553,0.7829892523110232,0.9665050815987509,0.8953241666744144,KCNJ10,1
GO:0021532,neural tube patterning,1/828,34/18860,0.029411764705882353,0.6699346405228759,-0.4127745645707553,0.7829892523110232,0.9665050815987509,0.8953241666744144,FOXA1,1
GO:0030511,positive regulation of transforming growth factor beta receptor signaling pathway,1/828,34/18860,0.029411764705882353,0.6699346405228759,-0.4127745645707553,0.7829892523110232,0.9665050815987509,0.8953241666744144,TGFB1I1,1
GO:0032372,negative regulation of sterol transport,1/828,34/18860,0.029411764705882353,0.6699346405228759,-0.4127745645707553,0.7829892523110232,0.9665050815987509,0.8953241666744144,ABCA2,1
GO:0032375,negative regulation of cholesterol transport,1/828,34/18860,0.029411764705882353,0.6699346405228759,-0.4127745645707553,0.7829892523110232,0.9665050815987509,0.8953241666744144,ABCA2,1
GO:0033014,tetrapyrrole biosynthetic process,1/828,34/18860,0.029411764705882353,0.6699346405228759,-0.4127745645707553,0.7829892523110232,0.9665050815987509,0.8953241666744144,ALAD,1
GO:0034311,diol metabolic process,1/828,34/18860,0.029411764705882353,0.6699346405228759,-0.4127745645707553,0.7829892523110232,0.9665050815987509,0.8953241666744144,ABCA2,1
GO:0043406,positive regulation of MAP kinase activity,1/828,34/18860,0.029411764705882353,0.6699346405228759,-0.4127745645707553,0.7829892523110232,0.9665050815987509,0.8953241666744144,TPD52L1,1
GO:0045671,negative regulation of osteoclast differentiation,1/828,34/18860,0.029411764705882353,0.6699346405228759,-0.4127745645707553,0.7829892523110232,0.9665050815987509,0.8953241666744144,LRRC17,1
GO:0048240,sperm capacitation,1/828,34/18860,0.029411764705882353,0.6699346405228759,-0.4127745645707553,0.7829892523110232,0.9665050815987509,0.8953241666744144,DEFB1,1
GO:0048261,negative regulation of receptor-mediated endocytosis,1/828,34/18860,0.029411764705882353,0.6699346405228759,-0.4127745645707553,0.7829892523110232,0.9665050815987509,0.8953241666744144,ABCA2,1
GO:0051497,negative regulation of stress fiber assembly,1/828,34/18860,0.029411764705882353,0.6699346405228759,-0.4127745645707553,0.7829892523110232,0.9665050815987509,0.8953241666744144,CGNL1,1
GO:0071498,cellular response to fluid shear stress,1/828,34/18860,0.029411764705882353,0.6699346405228759,-0.4127745645707553,0.7829892523110232,0.9665050815987509,0.8953241666744144,PRKACB,1
GO:0098884,postsynaptic neurotransmitter receptor internalization,1/828,34/18860,0.029411764705882353,0.6699346405228759,-0.4127745645707553,0.7829892523110232,0.9665050815987509,0.8953241666744144,SUSD4,1
GO:0099590,neurotransmitter receptor internalization,1/828,34/18860,0.029411764705882353,0.6699346405228759,-0.4127745645707553,0.7829892523110232,0.9665050815987509,0.8953241666744144,SUSD4,1
GO:0120255,olefinic compound biosynthetic process,1/828,34/18860,0.029411764705882353,0.6699346405228759,-0.4127745645707553,0.7829892523110232,0.9665050815987509,0.8953241666744144,ADM,1
GO:0140239,postsynaptic endocytosis,1/828,34/18860,0.029411764705882353,0.6699346405228759,-0.4127745645707553,0.7829892523110232,0.9665050815987509,0.8953241666744144,SUSD4,1
GO:0141087,positive regulation of inflammasome-mediated signaling pathway,1/828,34/18860,0.029411764705882353,0.6699346405228759,-0.4127745645707553,0.7829892523110232,0.9665050815987509,0.8953241666744144,PRKD1,1
GO:1902624,positive regulation of neutrophil migration,1/828,34/18860,0.029411764705882353,0.6699346405228759,-0.4127745645707553,0.7829892523110232,0.9665050815987509,0.8953241666744144,EDN1,1
GO:1903846,positive regulation of cellular response to transforming growth factor beta stimulus,1/828,34/18860,0.029411764705882353,0.6699346405228759,-0.4127745645707553,0.7829892523110232,0.9665050815987509,0.8953241666744144,TGFB1I1,1
GO:0007006,mitochondrial membrane organization,4/828,121/18860,0.03305785123966942,0.7529843893480257,-0.5841124043271586,0.7833755999186064,0.9665050815987509,0.8953241666744144,HIP1R/BNIP3/NME3/BCL2L11,4
GO:0033559,unsaturated fatty acid metabolic process,4/828,121/18860,0.03305785123966942,0.7529843893480257,-0.5841124043271586,0.7833755999186064,0.9665050815987509,0.8953241666744144,GSTM2/CYP2C8/ALOX15B/EDN1,4
GO:0038202,TORC1 signaling,4/828,121/18860,0.03305785123966942,0.7529843893480257,-0.5841124043271586,0.7833755999186064,0.9665050815987509,0.8953241666744144,GPR155/PRKAA2/RNF152/PRKACB,4
GO:0002263,cell activation involved in immune response,12/828,329/18860,0.0364741641337386,0.8308004052684903,-0.6634380696127881,0.7838147468609213,0.9667885953535617,0.8955868002819345,ST3GAL1/IL33/ITM2A/KIT/RORC/ADA/SCNN1B/CHGA/RORA/BRD4/SLC18A2/DNASE1,12
GO:0001947,heart looping,2/828,65/18860,0.03076923076923077,0.7008547008547009,-0.5176905593211248,0.7852212543790111,0.9677242690266012,0.89645356370361,FOLR1/VANGL2,2
GO:0006956,complement activation,2/828,65/18860,0.03076923076923077,0.7008547008547009,-0.5176905593211248,0.7852212543790111,0.9677242690266012,0.89645356370361,SUSD4/C5,2
GO:0015909,long-chain fatty acid transport,2/828,65/18860,0.03076923076923077,0.7008547008547009,-0.5176905593211248,0.7852212543790111,0.9677242690266012,0.89645356370361,FABP3/PLA2G1B,2
GO:0009266,response to temperature stimulus,6/828,175/18860,0.03428571428571429,0.7809523809523811,-0.6238261264707518,0.7854115548531185,0.9677242690266012,0.89645356370361,PDCD6/TAC4/OPN4/CIRBP/GMPR/ADRB2,6
GO:0042100,B cell proliferation,3/828,94/18860,0.031914893617021274,0.726950354609929,-0.5686856072973189,0.7871463073277299,0.9696030000638722,0.8981939304459841,NFATC2/ADA/VAV3,3
GO:0050907,detection of chemical stimulus involved in sensory perception,18/828,481/18860,0.037422037422037424,0.8523908523908524,-0.7027120825727187,0.789559987050778,0.9696925399294481,0.8982768759028236,OR52K2/OR51I1/AZGP1/OR2A25/OR3A3/OR4D11/OR12D2/OR10G4/OR6A2/OR4N4/OR7A17/OR4D10/OR1J4/TAS2R31/TAS2R39/OR56B1/OR52I2/OR5L2,18
GO:0032731,positive regulation of interleukin-1 beta production,2/828,66/18860,0.030303030303030304,0.6902356902356902,-0.5401896810472823,0.7923063598622002,0.9696925399294481,0.8982768759028236,ORM2/ORM1,2
GO:0051653,spindle localization,2/828,66/18860,0.030303030303030304,0.6902356902356902,-0.5401896810472823,0.7923063598622002,0.9696925399294481,0.8982768759028236,GPSM1/NLRP5,2
GO:0002063,chondrocyte development,1/828,35/18860,0.02857142857142857,0.6507936507936508,-0.4430994494322726,0.7925337598583765,0.9696925399294481,0.8982768759028236,CHST11,1
GO:0002495,antigen processing and presentation of peptide antigen via MHC class II,1/828,35/18860,0.02857142857142857,0.6507936507936508,-0.4430994494322726,0.7925337598583765,0.9696925399294481,0.8982768759028236,CTSF,1
GO:0002719,negative regulation of cytokine production involved in immune response,1/828,35/18860,0.02857142857142857,0.6507936507936508,-0.4430994494322726,0.7925337598583765,0.9696925399294481,0.8982768759028236,TGFB3,1
GO:0003299,muscle hypertrophy in response to stress,1/828,35/18860,0.02857142857142857,0.6507936507936508,-0.4430994494322726,0.7925337598583765,0.9696925399294481,0.8982768759028236,GATA6,1
GO:0006654,phosphatidic acid biosynthetic process,1/828,35/18860,0.02857142857142857,0.6507936507936508,-0.4430994494322726,0.7925337598583765,0.9696925399294481,0.8982768759028236,DGKD,1
GO:0009156,ribonucleoside monophosphate biosynthetic process,1/828,35/18860,0.02857142857142857,0.6507936507936508,-0.4430994494322726,0.7925337598583765,0.9696925399294481,0.8982768759028236,ADA,1
GO:0010464,regulation of mesenchymal cell proliferation,1/828,35/18860,0.02857142857142857,0.6507936507936508,-0.4430994494322726,0.7925337598583765,0.9696925399294481,0.8982768759028236,SIX1,1
GO:0010743,regulation of macrophage derived foam cell differentiation,1/828,35/18860,0.02857142857142857,0.6507936507936508,-0.4430994494322726,0.7925337598583765,0.9696925399294481,0.8982768759028236,ALOX15B,1
GO:0010996,response to auditory stimulus,1/828,35/18860,0.02857142857142857,0.6507936507936508,-0.4430994494322726,0.7925337598583765,0.9696925399294481,0.8982768759028236,ATP8A2,1
GO:0014887,cardiac muscle adaptation,1/828,35/18860,0.02857142857142857,0.6507936507936508,-0.4430994494322726,0.7925337598583765,0.9696925399294481,0.8982768759028236,GATA6,1
GO:0014898,cardiac muscle hypertrophy in response to stress,1/828,35/18860,0.02857142857142857,0.6507936507936508,-0.4430994494322726,0.7925337598583765,0.9696925399294481,0.8982768759028236,GATA6,1
GO:0015868,purine ribonucleotide transport,1/828,35/18860,0.02857142857142857,0.6507936507936508,-0.4430994494322726,0.7925337598583765,0.9696925399294481,0.8982768759028236,ABCC5,1
GO:0045684,positive regulation of epidermis development,1/828,35/18860,0.02857142857142857,0.6507936507936508,-0.4430994494322726,0.7925337598583765,0.9696925399294481,0.8982768759028236,ALOX15B,1
GO:0048147,negative regulation of fibroblast proliferation,1/828,35/18860,0.02857142857142857,0.6507936507936508,-0.4430994494322726,0.7925337598583765,0.9696925399294481,0.8982768759028236,NUPR1,1
GO:0048333,mesodermal cell differentiation,1/828,35/18860,0.02857142857142857,0.6507936507936508,-0.4430994494322726,0.7925337598583765,0.9696925399294481,0.8982768759028236,DKK1,1
GO:0051281,positive regulation of release of sequestered calcium ion into cytosol,1/828,35/18860,0.02857142857142857,0.6507936507936508,-0.4430994494322726,0.7925337598583765,0.9696925399294481,0.8982768759028236,F2,1
GO:0051654,establishment of mitochondrion localization,1/828,35/18860,0.02857142857142857,0.6507936507936508,-0.4430994494322726,0.7925337598583765,0.9696925399294481,0.8982768759028236,NEFL,1
GO:0061081,positive regulation of myeloid leukocyte cytokine production involved in immune response,1/828,35/18860,0.02857142857142857,0.6507936507936508,-0.4430994494322726,0.7925337598583765,0.9696925399294481,0.8982768759028236,KIT,1
GO:0071901,negative regulation of protein serine/threonine kinase activity,1/828,35/18860,0.02857142857142857,0.6507936507936508,-0.4430994494322726,0.7925337598583765,0.9696925399294481,0.8982768759028236,PDCD4,1
GO:0098868,bone growth,1/828,35/18860,0.02857142857142857,0.6507936507936508,-0.4430994494322726,0.7925337598583765,0.9696925399294481,0.8982768759028236,LEPR,1
GO:0099010,modification of postsynaptic structure,1/828,35/18860,0.02857142857142857,0.6507936507936508,-0.4430994494322726,0.7925337598583765,0.9696925399294481,0.8982768759028236,WASF3,1
GO:0007369,gastrulation,7/828,203/18860,0.034482758620689655,0.7854406130268199,-0.6586082736461432,0.7926843404725594,0.9696925399294481,0.8982768759028236,ACVR2B/GPC3/GATA6/CFC1/SOX2/VANGL2/DKK1,7
GO:0045861,negative regulation of proteolysis,5/828,150/18860,0.03333333333333333,0.7592592592592592,-0.6343236115989596,0.7930798371540752,0.9696925399294481,0.8982768759028236,ALAD/SIRT4/GAS1/F2/TIMP3,5
GO:0071347,cellular response to interleukin-1,3/828,95/18860,0.031578947368421054,0.7192982456140351,-0.5877399268106545,0.7930984675862983,0.9696925399294481,0.8982768759028236,FGB/RORA/EDN1,3
GO:1901874,negative regulation of post-translational protein modification,3/828,95/18860,0.031578947368421054,0.7192982456140351,-0.5877399268106545,0.7930984675862983,0.9696925399294481,0.8982768759028236,BEX2/BEX4/BEX1,3
GO:0070555,response to interleukin-1,4/828,123/18860,0.032520325203252036,0.7407407407407408,-0.6181435649536356,0.7939884259246353,0.9705237032609755,0.8990468259334422,FGB/GHR/RORA/EDN1,4
GO:0048592,eye morphogenesis,6/828,177/18860,0.03389830508474576,0.7721280602636535,-0.6526896483004238,0.794315690710362,0.9706668059540755,0.8991793894366126,PPP2R3A/PTPRM/PTF1A/EFEMP1/TFAP2B/ATP8A2,6
GO:0014909,smooth muscle cell migration,3/828,96/18860,0.03125,0.7118055555555556,-0.6066120852345033,0.7989113179389501,0.9742266092368578,0.9024770212528983,PDGFD/IGFBP5/POSTN,3
GO:0019915,lipid storage,3/828,96/18860,0.03125,0.7118055555555556,-0.6066120852345033,0.7989113179389501,0.9742266092368578,0.9024770212528983,PLIN5/ANGPTL3/APOC4,3
GO:0001756,somitogenesis,2/828,67/18860,0.029850746268656716,0.6799336650082919,-0.562382619937467,0.7991842845445851,0.9742266092368578,0.9024770212528983,PPP2R3A/DKK1,2
GO:0006949,syncytium formation,2/828,67/18860,0.029850746268656716,0.6799336650082919,-0.562382619937467,0.7991842845445851,0.9742266092368578,0.9024770212528983,NPHS1/NFATC2,2
GO:0044380,protein localization to cytoskeleton,2/828,67/18860,0.029850746268656716,0.6799336650082919,-0.562382619937467,0.7991842845445851,0.9742266092368578,0.9024770212528983,MID2/FILIP1L,2
GO:0050727,regulation of inflammatory response,17/828,460/18860,0.036956521739130437,0.8417874396135265,-0.7361452472385696,0.8003162999598941,0.9742266092368578,0.9024770212528983,PTGER3/GHRL/PDCD4/IL33/NUPR1/C1QTNF3/ADA/RORA/FFAR3/DUOXA1/NLRP14/BRD4/PROC/CXCL17/NLRP5/DNASE1/NPY,17
GO:0090150,establishment of protein localization to membrane,10/828,283/18860,0.0353356890459364,0.8048684727129957,-0.7087375129926671,0.8007259303103939,0.9742266092368578,0.9024770212528983,GGA2/RAB26/EGFR/RAPSN/ZDHHC2/VPS37D/NACAD/MICALL1/CWH43/MAL,10
GO:0000302,response to reactive oxygen species,7/828,205/18860,0.03414634146341464,0.7777777777777778,-0.6855187522831728,0.8008159075033043,0.9742266092368578,0.9024770212528983,PDGFD/BNIP3/MT3/PTPRN/GATA5/EDN1/SOD3,7
GO:0019068,virion assembly,1/828,36/18860,0.027777777777777776,0.6327160493827161,-0.4726610264686532,0.8016589681897054,0.9742266092368578,0.9024770212528983,VPS37D,1
GO:0032373,positive regulation of sterol transport,1/828,36/18860,0.027777777777777776,0.6327160493827161,-0.4726610264686532,0.8016589681897054,0.9742266092368578,0.9024770212528983,PLTP,1
GO:0032376,positive regulation of cholesterol transport,1/828,36/18860,0.027777777777777776,0.6327160493827161,-0.4726610264686532,0.8016589681897054,0.9742266092368578,0.9024770212528983,PLTP,1
GO:0032570,response to progesterone,1/828,36/18860,0.027777777777777776,0.6327160493827161,-0.4726610264686532,0.8016589681897054,0.9742266092368578,0.9024770212528983,TGFB3,1
GO:0033687,osteoblast proliferation,1/828,36/18860,0.027777777777777776,0.6327160493827161,-0.4726610264686532,0.8016589681897054,0.9742266092368578,0.9024770212528983,NPR3,1
GO:0045648,positive regulation of erythrocyte differentiation,1/828,36/18860,0.027777777777777776,0.6327160493827161,-0.4726610264686532,0.8016589681897054,0.9742266092368578,0.9024770212528983,GLUL,1
GO:0046621,negative regulation of organ growth,1/828,36/18860,0.027777777777777776,0.6327160493827161,-0.4726610264686532,0.8016589681897054,0.9742266092368578,0.9024770212528983,KCNK2,1
GO:0060317,cardiac epithelial to mesenchymal transition,1/828,36/18860,0.027777777777777776,0.6327160493827161,-0.4726610264686532,0.8016589681897054,0.9742266092368578,0.9024770212528983,PDCD4,1
GO:0071353,cellular response to interleukin-4,1/828,36/18860,0.027777777777777776,0.6327160493827161,-0.4726610264686532,0.8016589681897054,0.9742266092368578,0.9024770212528983,ALAD,1
GO:0098698,postsynaptic specialization assembly,1/828,36/18860,0.027777777777777776,0.6327160493827161,-0.4726610264686532,0.8016589681897054,0.9742266092368578,0.9024770212528983,PTPRS,1
GO:0140058,neuron projection arborization,1/828,36/18860,0.027777777777777776,0.6327160493827161,-0.4726610264686532,0.8016589681897054,0.9742266092368578,0.9024770212528983,FZD4,1
GO:1902235,regulation of endoplasmic reticulum stress-induced intrinsic apoptotic signaling pathway,1/828,36/18860,0.027777777777777776,0.6327160493827161,-0.4726610264686532,0.8016589681897054,0.9742266092368578,0.9024770212528983,BCL2L11,1
GO:1902882,regulation of response to oxidative stress,1/828,36/18860,0.027777777777777776,0.6327160493827161,-0.4726610264686532,0.8016589681897054,0.9742266092368578,0.9024770212528983,GGT7,1
GO:0033157,regulation of intracellular protein transport,5/828,152/18860,0.03289473684210526,0.7492690058479532,-0.6650720324576195,0.8024149913083954,0.9748241650373101,0.9030305684191444,ZDHHC2/PRKD1/CWH43/INSIG1/CABP1,5
GO:0009260,ribonucleotide biosynthetic process,6/828,179/18860,0.0335195530726257,0.7635009310986964,-0.681253018907163,0.8029335764204611,0.9748241650373101,0.9030305684191444,PAPSS1/NME9/NME3/NPR3/ADA/ADCY1,6
GO:0062197,cellular response to chemical stress,12/828,335/18860,0.03582089552238806,0.8159203980099503,-0.728452957954959,0.8033870737414458,0.9748241650373101,0.9030305684191444,DHRS2/PDGFD/BNIP3/SLC2A4/PRKAA2/PRKD1/MT3/PPARGC1A/SCN2A/GATA5/EDN1/SOD3,12
GO:0099111,microtubule-based transport,8/828,232/18860,0.034482758620689655,0.7854406130268199,-0.7046297034466971,0.8037474093770389,0.9748241650373101,0.9030305684191444,AQP4/KIF17/RAB17/WDPCP/NEFL/CWH43/KIF1A/KIF5C,8
GO:0070663,regulation of leukocyte proliferation,10/828,284/18860,0.035211267605633804,0.8020344287949922,-0.7203196884433787,0.8041455090343159,0.9748241650373101,0.9030305684191444,IGFBP2/NFATC2/IL33/CD3E/SLC4A2/SFTPD/KITLG/KIT/ADA/VAV3,10
GO:0002690,positive regulation of leukocyte chemotaxis,3/828,97/18860,0.030927835051546393,0.70446735395189,-0.6253062066385066,0.8045868336150279,0.9748241650373101,0.9030305684191444,VEGFB/CXCL17/EDN1,3
GO:0045132,meiotic chromosome segregation,3/828,97/18860,0.030927835051546393,0.70446735395189,-0.6253062066385066,0.8045868336150279,0.9748241650373101,0.9030305684191444,REC8/ZCWPW1/SYCP2,3
GO:0140029,exocytic process,3/828,97/18860,0.030927835051546393,0.70446735395189,-0.6253062066385066,0.8045868336150279,0.9748241650373101,0.9030305684191444,ERC2/RIMS3/SLC18A2,3
GO:0009314,response to radiation,17/828,462/18860,0.0367965367965368,0.8381433381433383,-0.7547772631592751,0.8057453018989515,0.9748241650373101,0.9030305684191444,DEAF1/PDE1B/PDE8B/SLC1A2/B3GAT1/EGFR/ALAD/CRTC1/OPN4/KIT/ABCC8/CIRBP/OPN1MW/TSPYL5/ATP8A2/TTR/NPY,17
GO:0008333,endosome to lysosome transport,2/828,68/18860,0.029411764705882353,0.6699346405228759,-0.5842792337851281,0.8058595376413085,0.9748241650373101,0.9030305684191444,RAB7B/ADRB2,2
GO:0030219,megakaryocyte differentiation,2/828,68/18860,0.029411764705882353,0.6699346405228759,-0.5842792337851281,0.8058595376413085,0.9748241650373101,0.9030305684191444,KIT/RAB7B,2
GO:0038066,p38MAPK cascade,2/828,68/18860,0.029411764705882353,0.6699346405228759,-0.5842792337851281,0.8058595376413085,0.9748241650373101,0.9030305684191444,GADD45B/KCNJ8,2
GO:0043470,regulation of carbohydrate catabolic process,2/828,68/18860,0.029411764705882353,0.6699346405228759,-0.5842792337851281,0.8058595376413085,0.9748241650373101,0.9030305684191444,PRKAA2/NUPR1,2
GO:0072666,establishment of protein localization to vacuole,2/828,68/18860,0.029411764705882353,0.6699346405228759,-0.5842792337851281,0.8058595376413085,0.9748241650373101,0.9030305684191444,LAMP2/VPS37D,2
GO:2001244,positive regulation of intrinsic apoptotic signaling pathway,2/828,68/18860,0.029411764705882353,0.6699346405228759,-0.5842792337851281,0.8058595376413085,0.9748241650373101,0.9030305684191444,NUPR1/BCL2L11,2
GO:0001932,regulation of protein phosphorylation,14/828,387/18860,0.03617571059431524,0.8240022968705139,-0.7496288921442734,0.8071001524586932,0.9748241650373101,0.9030305684191444,VEGFB/ERBB4/EGFR/TPD52L1/CTF1/PTPN13/PDCD4/TRIB2/MT3/KIT/ODAM/FAM20A/FBLN1/HRG,14
GO:0048515,spermatid differentiation,9/828,259/18860,0.03474903474903475,0.7915057915057915,-0.7239828535455973,0.8071552762334512,0.9748241650373101,0.9030305684191444,SUN5/REC8/PDILT/PACRG/PLD6/TUBA8/KIT/TSSK1B/DEFB1,9
GO:0002688,regulation of leukocyte chemotaxis,4/828,126/18860,0.031746031746031744,0.7231040564373897,-0.6682502923486795,0.8091194895767307,0.9748241650373101,0.9030305684191444,VEGFB/C5/CXCL17/EDN1,4
GO:0002534,cytokine production involved in inflammatory response,3/828,98/18860,0.030612244897959183,0.6972789115646258,-0.6438262764685503,0.8101270304857763,0.9748241650373101,0.9030305684191444,PDCD4/IL33/F2,3
GO:1900015,regulation of cytokine production involved in inflammatory response,3/828,98/18860,0.030612244897959183,0.6972789115646258,-0.6438262764685503,0.8101270304857763,0.9748241650373101,0.9030305684191444,PDCD4/IL33/F2,3
GO:1990868,response to chemokine,3/828,98/18860,0.030612244897959183,0.6972789115646258,-0.6438262764685503,0.8101270304857763,0.9748241650373101,0.9030305684191444,CCL16/GNAI1/EDN1,3
GO:1990869,cellular response to chemokine,3/828,98/18860,0.030612244897959183,0.6972789115646258,-0.6438262764685503,0.8101270304857763,0.9748241650373101,0.9030305684191444,CCL16/GNAI1/EDN1,3
GO:0000132,establishment of mitotic spindle orientation,1/828,37/18860,0.02702702702702703,0.6156156156156156,-0.5015043753500075,0.8103832762187599,0.9748241650373101,0.9030305684191444,GPSM1,1
GO:0002504,antigen processing and presentation of peptide or polysaccharide antigen via MHC class II,1/828,37/18860,0.02702702702702703,0.6156156156156156,-0.5015043753500075,0.8103832762187599,0.9748241650373101,0.9030305684191444,CTSF,1
GO:0003230,cardiac atrium development,1/828,37/18860,0.02702702702702703,0.6156156156156156,-0.5015043753500075,0.8103832762187599,0.9748241650373101,0.9030305684191444,DAND5,1
GO:0006910,"phagocytosis, recognition",1/828,37/18860,0.02702702702702703,0.6156156156156156,-0.5015043753500075,0.8103832762187599,0.9748241650373101,0.9030305684191444,COLEC12,1
GO:0021884,forebrain neuron development,1/828,37/18860,0.02702702702702703,0.6156156156156156,-0.5015043753500075,0.8103832762187599,0.9748241650373101,0.9030305684191444,ZMIZ1,1
GO:0032743,positive regulation of interleukin-2 production,1/828,37/18860,0.02702702702702703,0.6156156156156156,-0.5015043753500075,0.8103832762187599,0.9748241650373101,0.9030305684191444,CD3E,1
GO:0035459,vesicle cargo loading,1/828,37/18860,0.02702702702702703,0.6156156156156156,-0.5015043753500075,0.8103832762187599,0.9748241650373101,0.9030305684191444,INSIG1,1
GO:0043162,ubiquitin-dependent protein catabolic process via the multivesicular body sorting pathway,1/828,37/18860,0.02702702702702703,0.6156156156156156,-0.5015043753500075,0.8103832762187599,0.9748241650373101,0.9030305684191444,VPS37D,1
GO:0045777,positive regulation of blood pressure,1/828,37/18860,0.02702702702702703,0.6156156156156156,-0.5015043753500075,0.8103832762187599,0.9748241650373101,0.9030305684191444,DRD5,1
GO:0046825,regulation of protein export from nucleus,1/828,37/18860,0.02702702702702703,0.6156156156156156,-0.5015043753500075,0.8103832762187599,0.9748241650373101,0.9030305684191444,PRKD1,1
GO:0048048,embryonic eye morphogenesis,1/828,37/18860,0.02702702702702703,0.6156156156156156,-0.5015043753500075,0.8103832762187599,0.9748241650373101,0.9030305684191444,EFEMP1,1
GO:0060218,hematopoietic stem cell differentiation,1/828,37/18860,0.02702702702702703,0.6156156156156156,-0.5015043753500075,0.8103832762187599,0.9748241650373101,0.9030305684191444,CDK6,1
GO:0071676,negative regulation of mononuclear cell migration,1/828,37/18860,0.02702702702702703,0.6156156156156156,-0.5015043753500075,0.8103832762187599,0.9748241650373101,0.9030305684191444,C5,1
GO:0150117,positive regulation of cell-substrate junction organization,1/828,37/18860,0.02702702702702703,0.6156156156156156,-0.5015043753500075,0.8103832762187599,0.9748241650373101,0.9030305684191444,HRG,1
GO:1900101,regulation of endoplasmic reticulum unfolded protein response,1/828,37/18860,0.02702702702702703,0.6156156156156156,-0.5015043753500075,0.8103832762187599,0.9748241650373101,0.9030305684191444,BCL2L11,1
GO:1901099,negative regulation of signal transduction in absence of ligand,1/828,37/18860,0.02702702702702703,0.6156156156156156,-0.5015043753500075,0.8103832762187599,0.9748241650373101,0.9030305684191444,COL2A1,1
GO:2001240,negative regulation of extrinsic apoptotic signaling pathway in absence of ligand,1/828,37/18860,0.02702702702702703,0.6156156156156156,-0.5015043753500075,0.8103832762187599,0.9748241650373101,0.9030305684191444,COL2A1,1
GO:0051058,negative regulation of small GTPase mediated signal transduction,2/828,69/18860,0.028985507246376812,0.6602254428341384,-0.6058889101846535,0.8123366322173027,0.9764108713116877,0.9045004173624258,CGNL1/ARHGAP24,2
GO:0070918,regulatory ncRNA processing,2/828,69/18860,0.028985507246376812,0.6602254428341384,-0.6058889101846535,0.8123366322173027,0.9764108713116877,0.9045004173624258,PLD6/TDRD9,2
GO:0080164,regulation of nitric oxide metabolic process,2/828,69/18860,0.028985507246376812,0.6602254428341384,-0.6058889101846535,0.8123366322173027,0.9764108713116877,0.9045004173624258,EDN1/NPY,2
GO:0030301,cholesterol transport,4/828,127/18860,0.031496062992125984,0.7174103237095363,-0.6847105746506047,0.8139574549003955,0.9764640259893974,0.9045496573182537,STX12/APOA5/ABCA2/PLTP,4
GO:0042177,negative regulation of protein catabolic process,4/828,127/18860,0.031496062992125984,0.7174103237095363,-0.6847105746506047,0.8139574549003955,0.9764640259893974,0.9045496573182537,TMEM132A/EGFR/ALAD/TIMP3,4
GO:0071674,mononuclear cell migration,8/828,235/18860,0.03404255319148936,0.7754137115839244,-0.74237199038638,0.8147322113142705,0.9764640259893974,0.9045496573182537,PDGFD/C5/CYP7B1/SFTPD/GNAI1/RET/LRP12/CXCL17,8
GO:0006839,mitochondrial transport,3/828,99/18860,0.030303030303030304,0.6902356902356902,-0.662176147634528,0.8155339601088843,0.9764640259893974,0.9045496573182537,HIP1R/BNIP3/BCL2L11,3
GO:0061136,regulation of proteasomal protein catabolic process,7/828,209/18860,0.03349282296650718,0.7628920786815524,-0.738619373071334,0.8163466609023676,0.9764640259893974,0.9045496573182537,KCNE2/RNF180/ALAD/IL33/NUPR1/TRIB2/TF,7
GO:0034976,response to endoplasmic reticulum stress,10/828,288/18860,0.034722222222222224,0.7908950617283951,-0.7662733912924758,0.8173895569323684,0.9764640259893974,0.9045496573182537,ASB11/FUT1/NUPR1/ERP27/TMTC4/BCL2L11/PDIA2/FBXO27/SCAMP5/KCNJ8,10
GO:0051056,regulation of small GTPase mediated signal transduction,11/828,314/18860,0.03503184713375796,0.7979476291578202,-0.7736707828708662,0.8178353563278694,0.9764640259893974,0.9045496573182537,CGNL1/RAP1GAP/ARHGEF17/FGD4/ARHGAP24/KITLG/FAM13A/ARHGAP10/SYDE1/VAV3/ARHGAP20,11
GO:0001912,positive regulation of leukocyte mediated cytotoxicity,2/828,70/18860,0.02857142857142857,0.6507936507936508,-0.6272205957313184,0.8186200761688688,0.9764640259893974,0.9045496573182537,AZGP1/SLC22A13,2
GO:0002823,negative regulation of adaptive immune response based on somatic recombination of immune receptors built from immunoglobulin superfamily domains,2/828,70/18860,0.02857142857142857,0.6507936507936508,-0.6272205957313184,0.8186200761688688,0.9764640259893974,0.9045496573182537,SUSD4/IL33,2
GO:0014015,positive regulation of gliogenesis,2/828,70/18860,0.02857142857142857,0.6507936507936508,-0.6272205957313184,0.8186200761688688,0.9764640259893974,0.9045496573182537,PTPRZ1/NTN1,2
GO:0043433,negative regulation of DNA-binding transcription factor activity,2/828,70/18860,0.02857142857142857,0.6507936507936508,-0.6272205957313184,0.8186200761688688,0.9764640259893974,0.9045496573182537,NUPR1/NWD1,2
GO:0044091,membrane biogenesis,2/828,70/18860,0.02857142857142857,0.6507936507936508,-0.6272205957313184,0.8186200761688688,0.9764640259893974,0.9045496573182537,CDH2/DMKN,2
GO:0001824,blastocyst development,4/828,128/18860,0.03125,0.7118055555555556,-0.7010533423288818,0.818694513861661,0.9764640259893974,0.9045496573182537,ADA/MXI1/PRICKLE2/ARHGDIG,4
GO:0071774,response to fibroblast growth factor,4/828,128/18860,0.03125,0.7118055555555556,-0.7010533423288818,0.818694513861661,0.9764640259893974,0.9045496573182537,KL/FLRT3/FGF20/POSTN,4
GO:0000966,RNA 5'-end processing,1/828,38/18860,0.02631578947368421,0.5994152046783625,-0.5296706690242202,0.8187242764467186,0.9764640259893974,0.9045496573182537,RPP30,1
GO:0002474,antigen processing and presentation of peptide antigen via MHC class I,1/828,38/18860,0.02631578947368421,0.5994152046783625,-0.5296706690242202,0.8187242764467186,0.9764640259893974,0.9045496573182537,AZGP1,1
GO:0006699,bile acid biosynthetic process,1/828,38/18860,0.02631578947368421,0.5994152046783625,-0.5296706690242202,0.8187242764467186,0.9764640259893974,0.9045496573182537,CYP7B1,1
GO:0006901,vesicle coating,1/828,38/18860,0.02631578947368421,0.5994152046783625,-0.5296706690242202,0.8187242764467186,0.9764640259893974,0.9045496573182537,PDCD6,1
GO:0010613,positive regulation of cardiac muscle hypertrophy,1/828,38/18860,0.02631578947368421,0.5994152046783625,-0.5296706690242202,0.8187242764467186,0.9764640259893974,0.9045496573182537,EDN1,1
GO:0010934,macrophage cytokine production,1/828,38/18860,0.02631578947368421,0.5994152046783625,-0.5296706690242202,0.8187242764467186,0.9764640259893974,0.9045496573182537,TGFB3,1
GO:0010935,regulation of macrophage cytokine production,1/828,38/18860,0.02631578947368421,0.5994152046783625,-0.5296706690242202,0.8187242764467186,0.9764640259893974,0.9045496573182537,TGFB3,1
GO:0019934,cGMP-mediated signaling,1/828,38/18860,0.02631578947368421,0.5994152046783625,-0.5296706690242202,0.8187242764467186,0.9764640259893974,0.9045496573182537,GUCA2B,1
GO:0021696,cerebellar cortex morphogenesis,1/828,38/18860,0.02631578947368421,0.5994152046783625,-0.5296706690242202,0.8187242764467186,0.9764640259893974,0.9045496573182537,RORA,1
GO:0044794,host-mediated activation of viral process,1/828,38/18860,0.02631578947368421,0.5994152046783625,-0.5296706690242202,0.8187242764467186,0.9764640259893974,0.9045496573182537,HPN,1
GO:0045324,late endosome to vacuole transport,1/828,38/18860,0.02631578947368421,0.5994152046783625,-0.5296706690242202,0.8187242764467186,0.9764640259893974,0.9045496573182537,VPS37D,1
GO:0045652,regulation of megakaryocyte differentiation,1/828,38/18860,0.02631578947368421,0.5994152046783625,-0.5296706690242202,0.8187242764467186,0.9764640259893974,0.9045496573182537,RAB7B,1
GO:0046164,alcohol catabolic process,1/828,38/18860,0.02631578947368421,0.5994152046783625,-0.5296706690242202,0.8187242764467186,0.9764640259893974,0.9045496573182537,SULT2A1,1
GO:0048854,brain morphogenesis,1/828,38/18860,0.02631578947368421,0.5994152046783625,-0.5296706690242202,0.8187242764467186,0.9764640259893974,0.9045496573182537,CDH2,1
GO:0051602,response to electrical stimulus,1/828,38/18860,0.02631578947368421,0.5994152046783625,-0.5296706690242202,0.8187242764467186,0.9764640259893974,0.9045496573182537,GHRL,1
GO:1900017,positive regulation of cytokine production involved in inflammatory response,1/828,38/18860,0.02631578947368421,0.5994152046783625,-0.5296706690242202,0.8187242764467186,0.9764640259893974,0.9045496573182537,IL33,1
GO:0010970,transport along microtubule,6/828,183/18860,0.03278688524590164,0.7468123861566485,-0.7375084329641325,0.8193257769567437,0.9769291086977131,0.9049804877362052,KIF17/RAB17/WDPCP/NEFL/KIF1A/KIF5C,6
GO:0009798,axis specification,3/828,100/18860,0.03,0.6833333333333332,-0.6803595462704878,0.8208097050229533,0.9781933465279995,0.9061516173075129,PLD6/GPC3/WNT6,3
GO:0051899,membrane depolarization,3/828,100/18860,0.03,0.6833333333333332,-0.6803595462704878,0.8208097050229533,0.9781933465279995,0.9061516173075129,NEDD4L/ALB/EDN1,3
GO:0018205,peptidyl-lysine modification,4/828,129/18860,0.031007751937984496,0.7062876830318692,-0.7172805949858404,0.823331883172115,0.97990118414972,0.9077336765481667,ZMIZ1/SMYD2/SIRT4/PLOD2,4
GO:0001909,leukocyte mediated cytotoxicity,5/828,157/18860,0.03184713375796178,0.7254069355980185,-0.7403486730406731,0.8242966326827281,0.97990118414972,0.9077336765481667,AZGP1/SCNN1B/F2/SLC22A13/DNASE1,5
GO:0043543,protein acylation,2/828,71/18860,0.028169014084507043,0.6416275430359938,-0.6482828230074359,0.8247143639878718,0.97990118414972,0.9077336765481667,GLUL/ZDHHC2,2
GO:0051205,protein insertion into membrane,2/828,71/18860,0.028169014084507043,0.6416275430359938,-0.6482828230074359,0.8247143639878718,0.97990118414972,0.9077336765481667,EGFR/MAL,2
GO:0001910,regulation of leukocyte mediated cytotoxicity,3/828,101/18860,0.0297029702970297,0.6765676567656765,-0.6983800771879353,0.8259563742841817,0.97990118414972,0.9077336765481667,AZGP1/SLC22A13/DNASE1,3
GO:0002292,T cell differentiation involved in immune response,3/828,101/18860,0.0297029702970297,0.6765676567656765,-0.6983800771879353,0.8259563742841817,0.97990118414972,0.9077336765481667,RORC/RORA/BRD4,3
GO:0001569,branching involved in blood vessel morphogenesis,1/828,39/18860,0.02564102564102564,0.584045584045584,-0.5571976098107714,0.8266987902657664,0.97990118414972,0.9077336765481667,EDN1,1
GO:0008210,estrogen metabolic process,1/828,39/18860,0.02564102564102564,0.584045584045584,-0.5571976098107714,0.8266987902657664,0.97990118414972,0.9077336765481667,CYP2C8,1
GO:0014742,positive regulation of muscle hypertrophy,1/828,39/18860,0.02564102564102564,0.584045584045584,-0.5571976098107714,0.8266987902657664,0.97990118414972,0.9077336765481667,EDN1,1
GO:0032147,activation of protein kinase activity,1/828,39/18860,0.02564102564102564,0.584045584045584,-0.5571976098107714,0.8266987902657664,0.97990118414972,0.9077336765481667,MT3,1
GO:0032232,negative regulation of actin filament bundle assembly,1/828,39/18860,0.02564102564102564,0.584045584045584,-0.5571976098107714,0.8266987902657664,0.97990118414972,0.9077336765481667,CGNL1,1
GO:0034249,negative regulation of amide metabolic process,1/828,39/18860,0.02564102564102564,0.584045584045584,-0.5571976098107714,0.8266987902657664,0.97990118414972,0.9077336765481667,SIRT4,1
GO:0043372,"positive regulation of CD4-positive, alpha-beta T cell differentiation",1/828,39/18860,0.02564102564102564,0.584045584045584,-0.5571976098107714,0.8266987902657664,0.97990118414972,0.9077336765481667,BRD4,1
GO:0043516,"regulation of DNA damage response, signal transduction by p53 class mediator",1/828,39/18860,0.02564102564102564,0.584045584045584,-0.5571976098107714,0.8266987902657664,0.97990118414972,0.9077336765481667,SMYD2,1
GO:0070316,regulation of G0 to G1 transition,1/828,39/18860,0.02564102564102564,0.584045584045584,-0.5571976098107714,0.8266987902657664,0.97990118414972,0.9077336765481667,SMARCD3,1
GO:0070670,response to interleukin-4,1/828,39/18860,0.02564102564102564,0.584045584045584,-0.5571976098107714,0.8266987902657664,0.97990118414972,0.9077336765481667,ALAD,1
GO:0071404,cellular response to low-density lipoprotein particle stimulus,1/828,39/18860,0.02564102564102564,0.584045584045584,-0.5571976098107714,0.8266987902657664,0.97990118414972,0.9077336765481667,FUT1,1
GO:0120009,intermembrane lipid transfer,1/828,39/18860,0.02564102564102564,0.584045584045584,-0.5571976098107714,0.8266987902657664,0.97990118414972,0.9077336765481667,PLTP,1
GO:1903580,positive regulation of ATP metabolic process,1/828,39/18860,0.02564102564102564,0.584045584045584,-0.5571976098107714,0.8266987902657664,0.97990118414972,0.9077336765481667,PRKAA2,1
GO:1904994,regulation of leukocyte adhesion to vascular endothelial cell,1/828,39/18860,0.02564102564102564,0.584045584045584,-0.5571976098107714,0.8266987902657664,0.97990118414972,0.9077336765481667,FUT9,1
GO:2000316,regulation of T-helper 17 type immune response,1/828,39/18860,0.02564102564102564,0.584045584045584,-0.5571976098107714,0.8266987902657664,0.97990118414972,0.9077336765481667,BRD4,1
GO:0046390,ribose phosphate biosynthetic process,6/828,185/18860,0.032432432432432434,0.7387387387387389,-0.7652143881433242,0.8271085515640118,0.9801353069342074,0.9079505567187023,PAPSS1/NME9/NME3/NPR3/ADA/ADCY1,6
GO:0007030,Golgi organization,5/828,158/18860,0.03164556962025317,0.7208157524613221,-0.755140871513969,0.8284294739078734,0.9814450101910273,0.9091638032906328,OBSL1/SYNE1/TMED6/FAM174B/PRKD1,5
GO:0009165,nucleotide biosynthetic process,8/828,239/18860,0.03347280334728033,0.7624360762436077,-0.7920096797545259,0.8286388251916015,0.9814450101910273,0.9091638032906328,PAPSS1/NME9/NME3/NPR3/ADA/ADCY1/IDH2/SLC22A13,8
GO:0018105,peptidyl-serine phosphorylation,2/828,72/18860,0.027777777777777776,0.6327160493827161,-0.6690837355517438,0.830623969257357,0.9821318277180748,0.909800038259045,EGFR/ULK1,2
GO:0032890,regulation of organic acid transport,2/828,72/18860,0.027777777777777776,0.6327160493827161,-0.6690837355517438,0.830623969257357,0.9821318277180748,0.909800038259045,FABP3/EDN1,2
GO:0048002,antigen processing and presentation of peptide antigen,2/828,72/18860,0.027777777777777776,0.6327160493827161,-0.6690837355517438,0.830623969257357,0.9821318277180748,0.909800038259045,AZGP1/CTSF,2
GO:0050918,positive chemotaxis,2/828,72/18860,0.027777777777777776,0.6327160493827161,-0.6690837355517438,0.830623969257357,0.9821318277180748,0.909800038259045,VEGFB/CCL16,2
GO:0042982,amyloid precursor protein metabolic process,3/828,102/18860,0.029411764705882353,0.6699346405228759,-0.7162412290415648,0.8309760992375467,0.9821318277180748,0.909800038259045,ITM2A/ABCA2/NECAB3,3
GO:0045638,negative regulation of myeloid cell differentiation,3/828,102/18860,0.029411764705882353,0.6699346405228759,-0.7162412290415648,0.8309760992375467,0.9821318277180748,0.909800038259045,LRRC17/CDK6/ZBTB16,3
GO:0051928,positive regulation of calcium ion transport,3/828,102/18860,0.029411764705882353,0.6699346405228759,-0.7162412290415648,0.8309760992375467,0.9821318277180748,0.909800038259045,PPP3CC/PLA2G1B/F2,3
GO:0071229,cellular response to acid chemical,3/828,102/18860,0.029411764705882353,0.6699346405228759,-0.7162412290415648,0.8309760992375467,0.9821318277180748,0.909800038259045,PDGFD/EGFR/SIX1,3
GO:0003382,epithelial cell morphogenesis,1/828,40/18860,0.025,0.5694444444444444,-0.584119806700281,0.8343229017189275,0.9821318277180748,0.909800038259045,AR,1
GO:0006766,vitamin metabolic process,1/828,40/18860,0.025,0.5694444444444444,-0.584119806700281,0.8343229017189275,0.9821318277180748,0.909800038259045,PLTP,1
GO:0010591,regulation of lamellipodium assembly,1/828,40/18860,0.025,0.5694444444444444,-0.584119806700281,0.8343229017189275,0.9821318277180748,0.909800038259045,HRG,1
GO:0010614,negative regulation of cardiac muscle hypertrophy,1/828,40/18860,0.025,0.5694444444444444,-0.584119806700281,0.8343229017189275,0.9821318277180748,0.909800038259045,GATA5,1
GO:0010742,macrophage derived foam cell differentiation,1/828,40/18860,0.025,0.5694444444444444,-0.584119806700281,0.8343229017189275,0.9821318277180748,0.909800038259045,ALOX15B,1
GO:0014912,negative regulation of smooth muscle cell migration,1/828,40/18860,0.025,0.5694444444444444,-0.584119806700281,0.8343229017189275,0.9821318277180748,0.909800038259045,IGFBP5,1
GO:0016242,negative regulation of macroautophagy,1/828,40/18860,0.025,0.5694444444444444,-0.584119806700281,0.8343229017189275,0.9821318277180748,0.909800038259045,NUPR1,1
GO:0031076,embryonic camera-type eye development,1/828,40/18860,0.025,0.5694444444444444,-0.584119806700281,0.8343229017189275,0.9821318277180748,0.909800038259045,NES,1
GO:0034110,regulation of homotypic cell-cell adhesion,1/828,40/18860,0.025,0.5694444444444444,-0.584119806700281,0.8343229017189275,0.9821318277180748,0.909800038259045,CELA2A,1
GO:0034143,regulation of toll-like receptor 4 signaling pathway,1/828,40/18860,0.025,0.5694444444444444,-0.584119806700281,0.8343229017189275,0.9821318277180748,0.909800038259045,RAB7B,1
GO:0034383,low-density lipoprotein particle clearance,1/828,40/18860,0.025,0.5694444444444444,-0.584119806700281,0.8343229017189275,0.9821318277180748,0.909800038259045,ABCC8,1
GO:0035640,exploration behavior,1/828,40/18860,0.025,0.5694444444444444,-0.584119806700281,0.8343229017189275,0.9821318277180748,0.909800038259045,GABRB3,1
GO:0042307,positive regulation of protein import into nucleus,1/828,40/18860,0.025,0.5694444444444444,-0.584119806700281,0.8343229017189275,0.9821318277180748,0.909800038259045,PRKD1,1
GO:0045124,regulation of bone resorption,1/828,40/18860,0.025,0.5694444444444444,-0.584119806700281,0.8343229017189275,0.9821318277180748,0.909800038259045,SLC4A2,1
GO:0055094,response to lipoprotein particle,1/828,40/18860,0.025,0.5694444444444444,-0.584119806700281,0.8343229017189275,0.9821318277180748,0.909800038259045,FUT1,1
GO:1904385,cellular response to angiotensin,1/828,40/18860,0.025,0.5694444444444444,-0.584119806700281,0.8343229017189275,0.9821318277180748,0.909800038259045,PRKD1,1
GO:0006096,glycolytic process,3/828,103/18860,0.02912621359223301,0.6634304207119741,-0.7339463792252882,0.835871029514787,0.983126831001323,0.9107217617992243,PRKAA2/NUPR1/PGAM2,3
GO:0071346,cellular response to type II interferon,3/828,103/18860,0.02912621359223301,0.6634304207119741,-0.7339463792252882,0.835871029514787,0.983126831001323,0.9107217617992243,AQP4/RAB7B/EDN1,3
GO:0006893,Golgi to plasma membrane transport,2/828,73/18860,0.0273972602739726,0.624048706240487,-0.6896311109890118,0.8363533378303716,0.983126831001323,0.9107217617992243,GGA2/RAB26,2
GO:0031343,positive regulation of cell killing,2/828,73/18860,0.0273972602739726,0.624048706240487,-0.6896311109890118,0.8363533378303716,0.983126831001323,0.9107217617992243,AZGP1/SLC22A13,2
GO:0002761,regulation of myeloid leukocyte differentiation,4/828,132/18860,0.030303030303030304,0.6902356902356902,-0.7652885094354197,0.8366583901765265,0.983126831001323,0.9107217617992243,LRRC17/CDK6/KITLG/MITF,4
GO:0002824,positive regulation of adaptive immune response based on somatic recombination of immune receptors built from immunoglobulin superfamily domains,4/828,132/18860,0.030303030303030304,0.6902356902356902,-0.7652885094354197,0.8366583901765265,0.983126831001323,0.9107217617992243,AZGP1/ADA/BRD4/SLC22A13,4
GO:1903322,positive regulation of protein modification by small protein conjugation or removal,4/828,132/18860,0.030303030303030304,0.6902356902356902,-0.7652885094354197,0.8366583901765265,0.983126831001323,0.9107217617992243,PDCD6/RNF180/TSPYL5/FAM107A,4
GO:0042147,"retrograde transport, endosome to Golgi",3/828,104/18860,0.028846153846153848,0.657051282051282,-0.7514987985151701,0.8406433292515144,0.9855325676663946,0.9129503213959628,TBC1D14/RAB7B/DENND5A,3
GO:1901875,positive regulation of post-translational protein modification,4/828,133/18860,0.03007518796992481,0.6850459482038429,-0.7810727102452574,0.8409096446677913,0.9855325676663946,0.9129503213959628,PDCD6/RNF180/TSPYL5/FAM107A,4
GO:0002478,antigen processing and presentation of exogenous peptide antigen,1/828,41/18860,0.024390243902439025,0.5555555555555556,-0.6104691030678323,0.8416119897835783,0.9855325676663946,0.9129503213959628,CTSF,1
GO:0003203,endocardial cushion morphogenesis,1/828,41/18860,0.024390243902439025,0.5555555555555556,-0.6104691030678323,0.8416119897835783,0.9855325676663946,0.9129503213959628,GATA5,1
GO:0009167,purine ribonucleoside monophosphate metabolic process,1/828,41/18860,0.024390243902439025,0.5555555555555556,-0.6104691030678323,0.8416119897835783,0.9855325676663946,0.9129503213959628,ADA,1
GO:0021799,cerebral cortex radially oriented cell migration,1/828,41/18860,0.024390243902439025,0.5555555555555556,-0.6104691030678323,0.8416119897835783,0.9855325676663946,0.9129503213959628,ZMIZ1,1
GO:0062098,regulation of programmed necrotic cell death,1/828,41/18860,0.024390243902439025,0.5555555555555556,-0.6104691030678323,0.8416119897835783,0.9855325676663946,0.9129503213959628,NUPR1,1
GO:0070979,protein K11-linked ubiquitination,1/828,41/18860,0.024390243902439025,0.5555555555555556,-0.6104691030678323,0.8416119897835783,0.9855325676663946,0.9129503213959628,ASB11,1
GO:0090077,foam cell differentiation,1/828,41/18860,0.024390243902439025,0.5555555555555556,-0.6104691030678323,0.8416119897835783,0.9855325676663946,0.9129503213959628,ALOX15B,1
GO:1905898,positive regulation of response to endoplasmic reticulum stress,1/828,41/18860,0.024390243902439025,0.5555555555555556,-0.6104691030678323,0.8416119897835783,0.9855325676663946,0.9129503213959628,BCL2L11,1
GO:0002711,positive regulation of T cell mediated immunity,2/828,74/18860,0.02702702702702703,0.6156156156156156,-0.7099323824790984,0.8419068816465844,0.9855325676663946,0.9129503213959628,AZGP1/SLC22A13,2
GO:0002820,negative regulation of adaptive immune response,2/828,74/18860,0.02702702702702703,0.6156156156156156,-0.7099323824790984,0.8419068816465844,0.9855325676663946,0.9129503213959628,SUSD4/IL33,2
GO:0010611,regulation of cardiac muscle hypertrophy,2/828,74/18860,0.02702702702702703,0.6156156156156156,-0.7099323824790984,0.8419068816465844,0.9855325676663946,0.9129503213959628,GATA5/EDN1,2
GO:0018209,peptidyl-serine modification,2/828,74/18860,0.02702702702702703,0.6156156156156156,-0.7099323824790984,0.8419068816465844,0.9855325676663946,0.9129503213959628,EGFR/ULK1,2
GO:1902475,L-alpha-amino acid transmembrane transport,2/828,74/18860,0.02702702702702703,0.6156156156156156,-0.7099323824790984,0.8419068816465844,0.9855325676663946,0.9129503213959628,SLC1A2/KCNJ10,2
GO:0032006,regulation of TOR signaling,5/828,162/18860,0.030864197530864196,0.7030178326474622,-0.813472453775371,0.8441770558516617,0.9865926349911249,0.9139323171580159,GPR155/PDCD6/PRKAA2/RNF152/PRKACB,5
GO:0031400,negative regulation of protein modification process,7/828,217/18860,0.03225806451612903,0.7347670250896057,-0.842077440999402,0.8445678679436637,0.9865926349911249,0.9139323171580159,BEX2/PTPN13/PDCD4/BEX4/PRKAA2/BEX1/FBLN1,7
GO:0070664,negative regulation of leukocyte proliferation,3/828,105/18860,0.02857142857142857,0.6507936507936508,-0.768901655474689,0.845295173515856,0.9865926349911249,0.9139323171580159,IL33/SLC4A2/SFTPD,3
GO:1901992,positive regulation of mitotic cell cycle phase transition,3/828,105/18860,0.02857142857142857,0.6507936507936508,-0.768901655474689,0.845295173515856,0.9865926349911249,0.9139323171580159,SMARCD3/EGFR/BRD4,3
GO:0006414,translational elongation,2/828,75/18860,0.02666666666666667,0.6074074074074075,-0.7299946586289205,0.8472889731439686,0.9865926349911249,0.9139323171580159,EIF5A2/EEF1A2,2
GO:0045670,regulation of osteoclast differentiation,2/828,75/18860,0.02666666666666667,0.6074074074074075,-0.7299946586289205,0.8472889731439686,0.9865926349911249,0.9139323171580159,LRRC17/MITF,2
GO:0016525,negative regulation of angiogenesis,5/828,163/18860,0.03067484662576687,0.6987048398091343,-0.8278516962606023,0.8479224300659205,0.9865926349911249,0.9139323171580159,PTPRM/GHRL/APOH/ABCC8/HRG,5
GO:0006479,protein methylation,1/828,42/18860,0.023809523809523808,0.5423280423280423,-0.636274862376311,0.8485807592431244,0.9865926349911249,0.9139323171580159,SMYD2,1
GO:0006904,vesicle docking involved in exocytosis,1/828,42/18860,0.023809523809523808,0.5423280423280423,-0.636274862376311,0.8485807592431244,0.9865926349911249,0.9139323171580159,RIMS3,1
GO:0008213,protein alkylation,1/828,42/18860,0.023809523809523808,0.5423280423280423,-0.636274862376311,0.8485807592431244,0.9865926349911249,0.9139323171580159,SMYD2,1
GO:0010762,regulation of fibroblast migration,1/828,42/18860,0.023809523809523808,0.5423280423280423,-0.636274862376311,0.8485807592431244,0.9865926349911249,0.9139323171580159,WDPCP,1
GO:0033144,negative regulation of intracellular steroid hormone receptor signaling pathway,1/828,42/18860,0.023809523809523808,0.5423280423280423,-0.636274862376311,0.8485807592431244,0.9865926349911249,0.9139323171580159,CYP7B1,1
GO:0040001,establishment of mitotic spindle localization,1/828,42/18860,0.023809523809523808,0.5423280423280423,-0.636274862376311,0.8485807592431244,0.9865926349911249,0.9139323171580159,GPSM1,1
GO:0043903,regulation of biological process involved in symbiotic interaction,1/828,42/18860,0.023809523809523808,0.5423280423280423,-0.636274862376311,0.8485807592431244,0.9865926349911249,0.9139323171580159,FBLN1,1
GO:0045023,G0 to G1 transition,1/828,42/18860,0.023809523809523808,0.5423280423280423,-0.636274862376311,0.8485807592431244,0.9865926349911249,0.9139323171580159,SMARCD3,1
GO:0045429,positive regulation of nitric oxide biosynthetic process,1/828,42/18860,0.023809523809523808,0.5423280423280423,-0.636274862376311,0.8485807592431244,0.9865926349911249,0.9139323171580159,EDN1,1
GO:0045616,regulation of keratinocyte differentiation,1/828,42/18860,0.023809523809523808,0.5423280423280423,-0.636274862376311,0.8485807592431244,0.9865926349911249,0.9139323171580159,ALOX15B,1
GO:0045740,positive regulation of DNA replication,1/828,42/18860,0.023809523809523808,0.5423280423280423,-0.636274862376311,0.8485807592431244,0.9865926349911249,0.9139323171580159,EGFR,1
GO:0045981,positive regulation of nucleotide metabolic process,1/828,42/18860,0.023809523809523808,0.5423280423280423,-0.636274862376311,0.8485807592431244,0.9865926349911249,0.9139323171580159,PRKAA2,1
GO:0048536,spleen development,1/828,42/18860,0.023809523809523808,0.5423280423280423,-0.636274862376311,0.8485807592431244,0.9865926349911249,0.9139323171580159,BCL2L11,1
GO:0051693,actin filament capping,1/828,42/18860,0.023809523809523808,0.5423280423280423,-0.636274862376311,0.8485807592431244,0.9865926349911249,0.9139323171580159,LMOD2,1
GO:0060392,negative regulation of SMAD protein signal transduction,1/828,42/18860,0.023809523809523808,0.5423280423280423,-0.636274862376311,0.8485807592431244,0.9865926349911249,0.9139323171580159,DKK1,1
GO:0097242,amyloid-beta clearance,1/828,42/18860,0.023809523809523808,0.5423280423280423,-0.636274862376311,0.8485807592431244,0.9865926349911249,0.9139323171580159,IGF1R,1
GO:0099563,modification of synaptic structure,1/828,42/18860,0.023809523809523808,0.5423280423280423,-0.636274862376311,0.8485807592431244,0.9865926349911249,0.9139323171580159,WASF3,1
GO:1900544,positive regulation of purine nucleotide metabolic process,1/828,42/18860,0.023809523809523808,0.5423280423280423,-0.636274862376311,0.8485807592431244,0.9865926349911249,0.9139323171580159,PRKAA2,1
GO:1901223,negative regulation of non-canonical NF-kappaB signal transduction,1/828,42/18860,0.023809523809523808,0.5423280423280423,-0.636274862376311,0.8485807592431244,0.9865926349911249,0.9139323171580159,C1QTNF3,1
GO:1903170,negative regulation of calcium ion transmembrane transport,1/828,42/18860,0.023809523809523808,0.5423280423280423,-0.636274862376311,0.8485807592431244,0.9865926349911249,0.9139323171580159,PPP3CC,1
GO:0006637,acyl-CoA metabolic process,3/828,106/18860,0.02830188679245283,0.6446540880503145,-0.7861580206366826,0.8498287449410876,0.9868849129992292,0.9142030695513819,SIRT4/ACAT1/ACSM2B,3
GO:0019364,pyridine nucleotide catabolic process,3/828,106/18860,0.02830188679245283,0.6446540880503145,-0.7861580206366826,0.8498287449410876,0.9868849129992292,0.9142030695513819,PRKAA2/NUPR1/PGAM2,3
GO:0035383,thioester metabolic process,3/828,106/18860,0.02830188679245283,0.6446540880503145,-0.7861580206366826,0.8498287449410876,0.9868849129992292,0.9142030695513819,SIRT4/ACAT1/ACSM2B,3
GO:0046032,ADP catabolic process,3/828,106/18860,0.02830188679245283,0.6446540880503145,-0.7861580206366826,0.8498287449410876,0.9868849129992292,0.9142030695513819,PRKAA2/NUPR1/PGAM2,3
GO:0030010,establishment of cell polarity,5/828,164/18860,0.03048780487804878,0.6944444444444444,-0.8421516580196369,0.8515930170632031,0.9868849129992292,0.9142030695513819,FGF13/GPSM1/WDPCP/PTK7/KCNJ8,5
GO:0045727,positive regulation of translation,5/828,164/18860,0.03048780487804878,0.6944444444444444,-0.8421516580196369,0.8515930170632031,0.9868849129992292,0.9142030695513819,GPR155/EIF5A2/PRKAA2/RNF152/CIRBP,5
GO:0007162,negative regulation of cell adhesion,11/828,326/18860,0.03374233128834356,0.7685753237900477,-0.9032052114081544,0.8521640165852722,0.9868849129992292,0.9142030695513819,FZD4/SLC4A2/SFTPD/MUC21/FGL1/GCNT2/FBLN1/HRG/ARHGDIG/FAM107A/POSTN,11
GO:0051966,"regulation of synaptic transmission, glutamatergic",2/828,76/18860,0.02631578947368421,0.5994152046783625,-0.7498247419967936,0.8525039402253186,0.9868849129992292,0.9142030695513819,HOMER2/DKK1,2
GO:0032612,interleukin-1 production,4/828,136/18860,0.029411764705882353,0.6699346405228759,-0.8277946868021737,0.8531091519946936,0.9868849129992292,0.9142030695513819,GHRL/ORM2/ORM1/S1PR3,4
GO:0032652,regulation of interleukin-1 production,4/828,136/18860,0.029411764705882353,0.6699346405228759,-0.8277946868021737,0.8531091519946936,0.9868849129992292,0.9142030695513819,GHRL/ORM2/ORM1/S1PR3,4
GO:1901873,regulation of post-translational protein modification,8/828,247/18860,0.032388663967611336,0.7377417903733694,-0.8890412855215618,0.8539986574720051,0.9868849129992292,0.9142030695513819,PDCD6/BEX2/RNF180/BEX4/BEX1/ABCA2/TSPYL5/FAM107A,8
GO:0002312,B cell activation involved in immune response,3/828,107/18860,0.028037383177570093,0.6386292834890965,-0.8032708704753224,0.8542462305548213,0.9868849129992292,0.9142030695513819,ST3GAL1/ITM2A/ADA,3
GO:0042325,regulation of phosphorylation,15/828,431/18860,0.03480278422273782,0.7927300850734725,-0.9327742929177449,0.85490461048111,0.9868849129992292,0.9142030695513819,VEGFB/ERBB4/EGFR/TPD52L1/CTF1/PTPN13/PDCD4/TRIB2/MT3/KIT/EEF1A2/ODAM/FAM20A/FBLN1/HRG,15
GO:2000181,negative regulation of blood vessel morphogenesis,5/828,165/18860,0.030303030303030304,0.6902356902356902,-0.8563733912660748,0.855189749596231,0.9868849129992292,0.9142030695513819,PTPRM/GHRL/APOH/ABCC8/HRG,5
GO:0000266,mitochondrial fission,1/828,43/18860,0.023255813953488372,0.5297157622739018,-0.6615642181352568,0.8552432702085134,0.9868849129992292,0.9142030695513819,BNIP3,1
GO:0000578,embryonic axis specification,1/828,43/18860,0.023255813953488372,0.5297157622739018,-0.6615642181352568,0.8552432702085134,0.9868849129992292,0.9142030695513819,PLD6,1
GO:0001709,cell fate determination,1/828,43/18860,0.023255813953488372,0.5297157622739018,-0.6615642181352568,0.8552432702085134,0.9868849129992292,0.9142030695513819,GATA6,1
GO:0006346,DNA methylation-dependent constitutive heterochromatin formation,1/828,43/18860,0.023255813953488372,0.5297157622739018,-0.6615642181352568,0.8552432702085134,0.9868849129992292,0.9142030695513819,TDRD9,1
GO:0007143,female meiotic nuclear division,1/828,43/18860,0.023255813953488372,0.5297157622739018,-0.6615642181352568,0.8552432702085134,0.9868849129992292,0.9142030695513819,SYCP2,1
GO:0007339,binding of sperm to zona pellucida,1/828,43/18860,0.023255813953488372,0.5297157622739018,-0.6615642181352568,0.8552432702085134,0.9868849129992292,0.9142030695513819,LY6K,1
GO:0009124,nucleoside monophosphate biosynthetic process,1/828,43/18860,0.023255813953488372,0.5297157622739018,-0.6615642181352568,0.8552432702085134,0.9868849129992292,0.9142030695513819,ADA,1
GO:0009303,rRNA transcription,1/828,43/18860,0.023255813953488372,0.5297157622739018,-0.6615642181352568,0.8552432702085134,0.9868849129992292,0.9142030695513819,TCOF1,1
GO:0010526,transposable element silencing,1/828,43/18860,0.023255813953488372,0.5297157622739018,-0.6615642181352568,0.8552432702085134,0.9868849129992292,0.9142030695513819,TDRD9,1
GO:0014044,Schwann cell development,1/828,43/18860,0.023255813953488372,0.5297157622739018,-0.6615642181352568,0.8552432702085134,0.9868849129992292,0.9142030695513819,LAMB2,1
GO:0021983,pituitary gland development,1/828,43/18860,0.023255813953488372,0.5297157622739018,-0.6615642181352568,0.8552432702085134,0.9868849129992292,0.9142030695513819,SOX2,1
GO:0033280,response to vitamin D,1/828,43/18860,0.023255813953488372,0.5297157622739018,-0.6615642181352568,0.8552432702085134,0.9868849129992292,0.9142030695513819,KL,1
GO:0045066,regulatory T cell differentiation,1/828,43/18860,0.023255813953488372,0.5297157622739018,-0.6615642181352568,0.8552432702085134,0.9868849129992292,0.9142030695513819,TOX,1
GO:0045687,positive regulation of glial cell differentiation,1/828,43/18860,0.023255813953488372,0.5297157622739018,-0.6615642181352568,0.8552432702085134,0.9868849129992292,0.9142030695513819,PTPRZ1,1
GO:1901861,regulation of muscle tissue development,1/828,43/18860,0.023255813953488372,0.5297157622739018,-0.6615642181352568,0.8552432702085134,0.9868849129992292,0.9142030695513819,IGFBP5,1
GO:1902742,apoptotic process involved in development,1/828,43/18860,0.023255813953488372,0.5297157622739018,-0.6615642181352568,0.8552432702085134,0.9868849129992292,0.9142030695513819,BCL2L11,1
GO:1903050,regulation of proteolysis involved in protein catabolic process,8/828,248/18860,0.03225806451612903,0.7347670250896057,-0.9009680372908858,0.8569462230233122,0.9885656248435972,0.91576000076688,KCNE2/RNF180/ALAD/IL33/TGFB1I1/NUPR1/TRIB2/TF,8
GO:0032732,positive regulation of interleukin-1 production,2/828,77/18860,0.025974025974025976,0.5916305916305917,-0.7694291463061168,0.8575560617417606,0.9885656248435972,0.91576000076688,ORM2/ORM1,2
GO:0046626,regulation of insulin receptor signaling pathway,2/828,77/18860,0.025974025974025976,0.5916305916305917,-0.7694291463061168,0.8575560617417606,0.9885656248435972,0.91576000076688,SORBS1/FFAR3,2
GO:1902017,regulation of cilium assembly,2/828,77/18860,0.025974025974025976,0.5916305916305917,-0.7694291463061168,0.8575560617417606,0.9885656248435972,0.91576000076688,WDPCP/DCDC2,2
GO:0010507,negative regulation of autophagy,3/828,108/18860,0.027777777777777776,0.6327160493827161,-0.8202430911805596,0.8585498187974048,0.9889705819921216,0.9161351337366329,TBC1D14/LEPR/NUPR1,3
GO:0042102,positive regulation of T cell proliferation,3/828,108/18860,0.027777777777777776,0.6327160493827161,-0.8202430911805596,0.8585498187974048,0.9889705819921216,0.9161351337366329,IGFBP2/CD3E/KITLG,3
GO:0050764,regulation of phagocytosis,3/828,108/18860,0.027777777777777776,0.6327160493827161,-0.8202430911805596,0.8585498187974048,0.9889705819921216,0.9161351337366329,RAP1GAP/SFTPD/PRTN3,3
GO:0032886,regulation of microtubule-based process,9/828,276/18860,0.03260869565217391,0.7427536231884058,-0.9225432988618284,0.8601582800626012,0.9891115083077574,0.9162656811476206,FGF13/APC2/PRKAA2/GNAI1/TAC4/FAM107A/FSD1/DEFB1/TRIM36,9
GO:0002821,positive regulation of adaptive immune response,4/828,138/18860,0.028985507246376812,0.6602254428341384,-0.8584338354728425,0.8607937814334292,0.9891115083077574,0.9162656811476206,AZGP1/ADA/BRD4/SLC22A13,4
GO:0009126,purine nucleoside monophosphate metabolic process,1/828,44/18860,0.022727272727272728,0.5176767676767676,-0.6863622933219261,0.861612966348565,0.9891115083077574,0.9162656811476206,ADA,1
GO:0032509,endosome transport via multivesicular body sorting pathway,1/828,44/18860,0.022727272727272728,0.5176767676767676,-0.6863622933219261,0.861612966348565,0.9891115083077574,0.9162656811476206,VPS37D,1
GO:0032689,negative regulation of type II interferon production,1/828,44/18860,0.022727272727272728,0.5176767676767676,-0.6863622933219261,0.861612966348565,0.9891115083077574,0.9162656811476206,IL33,1
GO:0045454,cell redox homeostasis,1/828,44/18860,0.022727272727272728,0.5176767676767676,-0.6863622933219261,0.861612966348565,0.9891115083077574,0.9162656811476206,NNT,1
GO:0071548,response to dexamethasone,1/828,44/18860,0.022727272727272728,0.5176767676767676,-0.6863622933219261,0.861612966348565,0.9891115083077574,0.9162656811476206,EDN1,1
GO:1900744,regulation of p38MAPK cascade,1/828,44/18860,0.022727272727272728,0.5176767676767676,-0.6863622933219261,0.861612966348565,0.9891115083077574,0.9162656811476206,GADD45B,1
GO:0015980,energy derivation by oxidation of organic compounds,15/828,434/18860,0.03456221198156682,0.7872503840245777,-0.9608390949402782,0.8616314239640703,0.9891115083077574,0.9162656811476206,ADHFE1/GABARAPL1/LEPR/PRKAA2/PPP1R3C/SIRT4/GNMT/NUPR1/KL/MT3/NNT/PPARGC1A/SORBS1/IDH2/PGAM2,15
GO:0050911,detection of chemical stimulus involved in sensory perception of smell,15/828,434/18860,0.03456221198156682,0.7872503840245777,-0.9608390949402782,0.8616314239640703,0.9891115083077574,0.9162656811476206,OR52K2/OR51I1/OR2A25/OR3A3/OR4D11/OR12D2/OR10G4/OR6A2/OR4N4/OR7A17/OR4D10/OR1J4/OR56B1/OR52I2/OR5L2,15
GO:1901343,negative regulation of vasculature development,5/828,167/18860,0.029940119760479042,0.6819693945442449,-0.8845862774814679,0.8621654343617862,0.9891115083077574,0.9162656811476206,PTPRM/GHRL/APOH/ABCC8/HRG,5
GO:0009123,nucleoside monophosphate metabolic process,2/828,78/18860,0.02564102564102564,0.584045584045584,-0.7888141124742613,0.8624495634576512,0.9891115083077574,0.9162656811476206,ADA/NT5M,2
GO:0048255,mRNA stabilization,2/828,78/18860,0.02564102564102564,0.584045584045584,-0.7888141124742613,0.8624495634576512,0.9891115083077574,0.9162656811476206,CIRBP/ZAR1,2
GO:0050853,B cell receptor signaling pathway,2/828,78/18860,0.02564102564102564,0.584045584045584,-0.7888141124742613,0.8624495634576512,0.9891115083077574,0.9162656811476206,NFATC2/VAV3,2
GO:0009137,purine nucleoside diphosphate catabolic process,3/828,109/18860,0.027522935779816515,0.6269113149847095,-0.837077482246631,0.8627416967223143,0.9891115083077574,0.9162656811476206,PRKAA2/NUPR1/PGAM2,3
GO:0009181,purine ribonucleoside diphosphate catabolic process,3/828,109/18860,0.027522935779816515,0.6269113149847095,-0.837077482246631,0.8627416967223143,0.9891115083077574,0.9162656811476206,PRKAA2/NUPR1/PGAM2,3
GO:0010389,regulation of G2/M transition of mitotic cell cycle,3/828,109/18860,0.027522935779816515,0.6269113149847095,-0.837077482246631,0.8627416967223143,0.9891115083077574,0.9162656811476206,SMARCD3/CDK6/BRD4,3
GO:0051098,regulation of binding,3/828,109/18860,0.027522935779816515,0.6269113149847095,-0.837077482246631,0.8627416967223143,0.9891115083077574,0.9162656811476206,GPSM1/GREM2/NES,3
GO:0072526,pyridine-containing compound catabolic process,3/828,109/18860,0.027522935779816515,0.6269113149847095,-0.837077482246631,0.8627416967223143,0.9891115083077574,0.9162656811476206,PRKAA2/NUPR1/PGAM2,3
GO:0032434,regulation of proteasomal ubiquitin-dependent protein catabolic process,4/828,139/18860,0.02877697841726619,0.6554756195043965,-0.8736055576849165,0.864505684955506,0.9893953277302079,0.9165285979110495,RNF180/IL33/TRIB2/TF,4
GO:0039531,regulation of cytoplasmic pattern recognition receptor signaling pathway,4/828,139/18860,0.02877697841726619,0.6554756195043965,-0.8736055576849165,0.864505684955506,0.9893953277302079,0.9165285979110495,LAMP2/PTPRS/PRKD1/RAB7B,4
GO:0006909,phagocytosis,8/828,251/18860,0.03187250996015936,0.7259849490925188,-0.9364882014562965,0.8655025727001759,0.9893953277302079,0.9165285979110495,RAP1GAP/LEPR/SFTPD/COLEC12/PLA2G6/RAB7B/VAV3/PRTN3,8
GO:0032371,regulation of sterol transport,2/828,79/18860,0.02531645569620253,0.5766526019690577,-0.8079856235525706,0.8671886144633955,0.9893953277302079,0.9165285979110495,ABCA2/PLTP,2
GO:0032374,regulation of cholesterol transport,2/828,79/18860,0.02531645569620253,0.5766526019690577,-0.8079856235525706,0.8671886144633955,0.9893953277302079,0.9165285979110495,ABCA2/PLTP,2
GO:0042130,negative regulation of T cell proliferation,2/828,79/18860,0.02531645569620253,0.5766526019690577,-0.8079856235525706,0.8671886144633955,0.9893953277302079,0.9165285979110495,SLC4A2/SFTPD,2
GO:0050766,positive regulation of phagocytosis,2/828,79/18860,0.02531645569620253,0.5766526019690577,-0.8079856235525706,0.8671886144633955,0.9893953277302079,0.9165285979110495,RAP1GAP/SFTPD,2
GO:0061512,protein localization to cilium,2/828,79/18860,0.02531645569620253,0.5766526019690577,-0.8079856235525706,0.8671886144633955,0.9893953277302079,0.9165285979110495,TCTN2/MICALL1,2
GO:1903578,regulation of ATP metabolic process,2/828,79/18860,0.02531645569620253,0.5766526019690577,-0.8079856235525706,0.8671886144633955,0.9893953277302079,0.9165285979110495,PRKAA2/NUPR1,2
GO:1901293,nucleoside phosphate biosynthetic process,11/828,332/18860,0.03313253012048193,0.7546854082998662,-0.9663416573098735,0.8673226488280161,0.9893953277302079,0.9165285979110495,PAPSS1/NME9/NME3/SIRT4/NPR3/ACAT1/ADA/ADCY1/PMM1/IDH2/SLC22A13,11
GO:0032088,negative regulation of NF-kappaB transcription factor activity,1/828,45/18860,0.022222222222222223,0.5061728395061729,-0.7106923936113534,0.8677027018855223,0.9893953277302079,0.9165285979110495,NWD1,1
GO:0032197,retrotransposition,1/828,45/18860,0.022222222222222223,0.5061728395061729,-0.7106923936113534,0.8677027018855223,0.9893953277302079,0.9165285979110495,TDRD9,1
GO:0032691,negative regulation of interleukin-1 beta production,1/828,45/18860,0.022222222222222223,0.5061728395061729,-0.7106923936113534,0.8677027018855223,0.9893953277302079,0.9165285979110495,GHRL,1
GO:0032814,regulation of natural killer cell activation,1/828,45/18860,0.022222222222222223,0.5061728395061729,-0.7106923936113534,0.8677027018855223,0.9893953277302079,0.9165285979110495,TOX,1
GO:0034405,response to fluid shear stress,1/828,45/18860,0.022222222222222223,0.5061728395061729,-0.7106923936113534,0.8677027018855223,0.9893953277302079,0.9165285979110495,PRKACB,1
GO:0035337,fatty-acyl-CoA metabolic process,1/828,45/18860,0.022222222222222223,0.5061728395061729,-0.7106923936113534,0.8677027018855223,0.9893953277302079,0.9165285979110495,ACAT1,1
GO:0042092,type 2 immune response,1/828,45/18860,0.022222222222222223,0.5061728395061729,-0.7106923936113534,0.8677027018855223,0.9893953277302079,0.9165285979110495,IL33,1
GO:0044060,regulation of endocrine process,1/828,45/18860,0.022222222222222223,0.5061728395061729,-0.7106923936113534,0.8677027018855223,0.9893953277302079,0.9165285979110495,GHRL,1
GO:0090051,negative regulation of cell migration involved in sprouting angiogenesis,1/828,45/18860,0.022222222222222223,0.5061728395061729,-0.7106923936113534,0.8677027018855223,0.9893953277302079,0.9165285979110495,HDAC5,1
GO:0090148,membrane fission,1/828,45/18860,0.022222222222222223,0.5061728395061729,-0.7106923936113534,0.8677027018855223,0.9893953277302079,0.9165285979110495,VPS37D,1
GO:1901797,negative regulation of signal transduction by p53 class mediator,1/828,45/18860,0.022222222222222223,0.5061728395061729,-0.7106923936113534,0.8677027018855223,0.9893953277302079,0.9165285979110495,MORN3,1
GO:1902622,regulation of neutrophil migration,1/828,45/18860,0.022222222222222223,0.5061728395061729,-0.7106923936113534,0.8677027018855223,0.9893953277302079,0.9165285979110495,EDN1,1
GO:0032386,regulation of intracellular transport,9/828,279/18860,0.03225806451612903,0.7347670250896057,-0.9564177460558008,0.8681788678167588,0.9896939055980727,0.9168051861937424,MYBPC3/REEP5/ZDHHC2/PRKD1/ABCA2/CWH43/GAS1/INSIG1/CABP1,9
GO:0043254,regulation of protein-containing complex assembly,15/828,438/18860,0.03424657534246575,0.7800608828006088,-0.9979842631228666,0.8702211382883722,0.9917772005468171,0.9187350511778315,DNAJC6/LAMP2/NPHS1/CYFIP2/HIP1R/PAK3/ULK1/DAAM2/EVL/PRKD1/BCL2L11/KANK4/LMOD2/HRG/DKK1,15
GO:0045639,positive regulation of myeloid cell differentiation,3/828,111/18860,0.02702702702702703,0.6156156156156156,-0.8703435602748583,0.870799047318313,0.9919462260769536,0.9188916283596771,GLUL/KITLG/RAB7B,3
GO:0070936,protein K48-linked ubiquitination,3/828,111/18860,0.02702702702702703,0.6156156156156156,-0.8703435602748583,0.870799047318313,0.9919462260769536,0.9188916283596771,NEDD4L/RNF152/KLHL3,3
GO:0043467,regulation of generation of precursor metabolites and energy,4/828,141/18860,0.028368794326241134,0.6461780929866037,-0.9036609227779812,0.8716755695756075,0.9920817354001351,0.9190171577274623,PRKAA2/PPP1R3C/NUPR1/SORBS1,4
GO:0006809,nitric oxide biosynthetic process,2/828,80/18860,0.025,0.5694444444444444,-0.8269494186645037,0.8717773240047095,0.9920817354001351,0.9190171577274623,RORA/EDN1,2
GO:0042440,pigment metabolic process,2/828,80/18860,0.025,0.5694444444444444,-0.8269494186645037,0.8717773240047095,0.9920817354001351,0.9190171577274623,HMOX2/ALAD,2
GO:0051092,positive regulation of NF-kappaB transcription factor activity,2/828,80/18860,0.025,0.5694444444444444,-0.8269494186645037,0.8717773240047095,0.9920817354001351,0.9190171577274623,PRKD1/RAB7B,2
GO:0007099,centriole replication,1/828,46/18860,0.021739130434782608,0.49516908212560384,-0.7345761780602723,0.8735247674097735,0.9924802386666361,0.9193863121290168,WDR90,1
GO:0007157,heterophilic cell-cell adhesion via plasma membrane cell adhesion molecules,1/828,46/18860,0.021739130434782608,0.49516908212560384,-0.7345761780602723,0.8735247674097735,0.9924802386666361,0.9193863121290168,CDH2,1
GO:0046006,regulation of activated T cell proliferation,1/828,46/18860,0.021739130434782608,0.49516908212560384,-0.7345761780602723,0.8735247674097735,0.9924802386666361,0.9193863121290168,IGFBP2,1
GO:0071354,cellular response to interleukin-6,1/828,46/18860,0.021739130434782608,0.49516908212560384,-0.7345761780602723,0.8735247674097735,0.9924802386666361,0.9193863121290168,ST3GAL6,1
GO:0099054,presynapse assembly,1/828,46/18860,0.021739130434782608,0.49516908212560384,-0.7345761780602723,0.8735247674097735,0.9924802386666361,0.9193863121290168,DKK1,1
GO:0050670,regulation of lymphocyte proliferation,8/828,254/18860,0.031496062992125984,0.7174103237095363,-0.9716261421591205,0.8736388962789061,0.9924802386666361,0.9193863121290168,IGFBP2/NFATC2/CD3E/SLC4A2/SFTPD/KITLG/ADA/VAV3,8
GO:0009191,ribonucleoside diphosphate catabolic process,3/828,112/18860,0.026785714285714284,0.6101190476190476,-0.8867804426514956,0.8746688643724331,0.9924802386666361,0.9193863121290168,PRKAA2/NUPR1/PGAM2,3
GO:0031341,regulation of cell killing,3/828,112/18860,0.026785714285714284,0.6101190476190476,-0.8867804426514956,0.8746688643724331,0.9924802386666361,0.9193863121290168,AZGP1/SLC22A13/DNASE1,3
GO:0046031,ADP metabolic process,3/828,112/18860,0.026785714285714284,0.6101190476190476,-0.8867804426514956,0.8746688643724331,0.9924802386666361,0.9193863121290168,PRKAA2/NUPR1/PGAM2,3
GO:1903312,negative regulation of mRNA metabolic process,3/828,112/18860,0.026785714285714284,0.6101190476190476,-0.8867804426514956,0.8746688643724331,0.9924802386666361,0.9193863121290168,CELF4/CIRBP/ZAR1,3
GO:0045619,regulation of lymphocyte differentiation,7/828,227/18860,0.030837004405286344,0.7023984336759668,-0.9666278386314023,0.8748356700286903,0.9924802386666361,0.9193863121290168,SMARCD3/ZMIZ1/SLC4A2/ADA/TOX/ZBTB16/BRD4,7
GO:0045637,regulation of myeloid cell differentiation,7/828,227/18860,0.030837004405286344,0.7023984336759668,-0.9666278386314023,0.8748356700286903,0.9924802386666361,0.9193863121290168,GLUL/LRRC17/CDK6/KITLG/RAB7B/MITF/ZBTB16,7
GO:0007498,mesoderm development,4/828,142/18860,0.028169014084507043,0.6416275430359938,-0.9185475099566627,0.8751363213188701,0.9924802386666361,0.9193863121290168,ACVR2B/IRX3/DAND5/DKK1,4
GO:0016482,cytosolic transport,4/828,142/18860,0.028169014084507043,0.6416275430359938,-0.9185475099566627,0.8751363213188701,0.9924802386666361,0.9193863121290168,TBC1D14/RAB7B/DENND5A/KIF1A,4
GO:0032720,negative regulation of tumor necrosis factor production,2/828,81/18860,0.024691358024691357,0.5624142661179697,-0.8457110060209697,0.8762197386987556,0.993221098014446,0.9200726088602287,GHRL/ORM1,2
GO:1900076,regulation of cellular response to insulin stimulus,2/828,81/18860,0.024691358024691357,0.5624142661179697,-0.8457110060209697,0.8762197386987556,0.993221098014446,0.9200726088602287,ECHDC3/SORBS1,2
GO:0048593,camera-type eye morphogenesis,4/828,143/18860,0.027972027972027972,0.6371406371406372,-0.9333419402083286,0.8785161289370282,0.993549154053527,0.9203765043134494,PTPRM/PTF1A/TFAP2B/ATP8A2,4
GO:0010830,regulation of myotube differentiation,1/828,47/18860,0.02127659574468085,0.4846335697399527,-0.7580338103139601,0.8790909145653337,0.993549154053527,0.9203765043134494,HDAC5,1
GO:0021517,ventral spinal cord development,1/828,47/18860,0.02127659574468085,0.4846335697399527,-0.7580338103139601,0.8790909145653337,0.993549154053527,0.9203765043134494,LONRF2,1
GO:0030835,negative regulation of actin filament depolymerization,1/828,47/18860,0.02127659574468085,0.4846335697399527,-0.7580338103139601,0.8790909145653337,0.993549154053527,0.9203765043134494,LMOD2,1
GO:0032196,transposition,1/828,47/18860,0.02127659574468085,0.4846335697399527,-0.7580338103139601,0.8790909145653337,0.993549154053527,0.9203765043134494,TDRD9,1
GO:0043330,response to exogenous dsRNA,1/828,47/18860,0.02127659574468085,0.4846335697399527,-0.7580338103139601,0.8790909145653337,0.993549154053527,0.9203765043134494,KCNJ8,1
GO:0043457,regulation of cellular respiration,1/828,47/18860,0.02127659574468085,0.4846335697399527,-0.7580338103139601,0.8790909145653337,0.993549154053527,0.9203765043134494,NUPR1,1
GO:0045840,positive regulation of mitotic nuclear division,1/828,47/18860,0.02127659574468085,0.4846335697399527,-0.7580338103139601,0.8790909145653337,0.993549154053527,0.9203765043134494,EDN1,1
GO:0051294,establishment of spindle orientation,1/828,47/18860,0.02127659574468085,0.4846335697399527,-0.7580338103139601,0.8790909145653337,0.993549154053527,0.9203765043134494,GPSM1,1
GO:0060563,neuroepithelial cell differentiation,1/828,47/18860,0.02127659574468085,0.4846335697399527,-0.7580338103139601,0.8790909145653337,0.993549154053527,0.9203765043134494,CDH2,1
GO:0071402,cellular response to lipoprotein particle stimulus,1/828,47/18860,0.02127659574468085,0.4846335697399527,-0.7580338103139601,0.8790909145653337,0.993549154053527,0.9203765043134494,FUT1,1
GO:0120178,steroid hormone biosynthetic process,1/828,47/18860,0.02127659574468085,0.4846335697399527,-0.7580338103139601,0.8790909145653337,0.993549154053527,0.9203765043134494,ADM,1
GO:0009150,purine ribonucleotide metabolic process,12/828,364/18860,0.03296703296703297,0.7509157509157509,-1.0282781284247593,0.8799447390478365,0.9942708110895301,0.9210450129397211,PAPSS1/PDE8B/NME9/NME3/PRKAA2/NPR3/NUPR1/SULT2A1/ADA/ADCY1/RORA/PGAM2,12
GO:1902807,negative regulation of cell cycle G1/S phase transition,2/828,82/18860,0.024390243902439025,0.5555555555555556,-0.8642756750847772,0.8805198401093595,0.994677255779115,0.9214215238964972,SOX2/FAM107A,2
GO:0001933,negative regulation of protein phosphorylation,3/828,114/18860,0.02631578947368421,0.5994152046783625,-0.9192743231430162,0.8821015645209556,0.9959767787182818,0.9226253399081621,PTPN13/PDCD4/FBLN1,3
GO:0009134,nucleoside diphosphate catabolic process,3/828,114/18860,0.02631578947368421,0.5994152046783625,-0.9192743231430162,0.8821015645209556,0.9959767787182818,0.9226253399081621,PRKAA2/NUPR1/PGAM2,3
GO:0032944,regulation of mononuclear cell proliferation,8/828,258/18860,0.031007751937984496,0.7062876830318692,-1.0178991261109376,0.8838557633948678,0.9964535034101963,0.9230669549039316,IGFBP2/NFATC2/CD3E/SLC4A2/SFTPD/KITLG/ADA/VAV3,8
GO:0007020,microtubule nucleation,1/828,48/18860,0.020833333333333332,0.474537037037037,-0.781084092930569,0.8844123796554257,0.9964535034101963,0.9230669549039316,NIN,1
GO:0016339,calcium-dependent cell-cell adhesion via plasma membrane cell adhesion molecules,1/828,48/18860,0.020833333333333332,0.474537037037037,-0.781084092930569,0.8844123796554257,0.9964535034101963,0.9230669549039316,CDH2,1
GO:0042771,intrinsic apoptotic signaling pathway in response to DNA damage by p53 class mediator,1/828,48/18860,0.020833333333333332,0.474537037037037,-0.781084092930569,0.8844123796554257,0.9964535034101963,0.9230669549039316,NUPR1,1
GO:0048247,lymphocyte chemotaxis,1/828,48/18860,0.020833333333333332,0.474537037037037,-0.781084092930569,0.8844123796554257,0.9964535034101963,0.9230669549039316,CYP7B1,1
GO:0061383,trabecula morphogenesis,1/828,48/18860,0.020833333333333332,0.474537037037037,-0.781084092930569,0.8844123796554257,0.9964535034101963,0.9230669549039316,CHAD,1
GO:1900181,negative regulation of protein localization to nucleus,1/828,48/18860,0.020833333333333332,0.474537037037037,-0.781084092930569,0.8844123796554257,0.9964535034101963,0.9230669549039316,CABP1,1
GO:1901976,regulation of cell cycle checkpoint,1/828,48/18860,0.020833333333333332,0.474537037037037,-0.781084092930569,0.8844123796554257,0.9964535034101963,0.9230669549039316,BRD4,1
GO:0043537,negative regulation of blood vessel endothelial cell migration,2/828,83/18860,0.024096385542168676,0.5488621151271754,-0.8826485079496795,0.8846815426552199,0.9964535034101963,0.9230669549039316,HDAC5/HRG,2
GO:1903556,negative regulation of tumor necrosis factor superfamily cytokine production,2/828,83/18860,0.024096385542168676,0.5488621151271754,-0.8826485079496795,0.8846815426552199,0.9964535034101963,0.9230669549039316,GHRL/ORM1,2
GO:0042116,macrophage activation,3/828,115/18860,0.02608695652173913,0.5942028985507246,-0.9353360808523199,0.885668720876641,0.9973221538669418,0.9238716312177181,IL33/RORA/KCNJ8,3
GO:0140694,membraneless organelle assembly,15/828,446/18860,0.033632286995515695,0.766068759342302,-1.0713568071465627,0.8861405739867119,0.997610231757834,0.9241384928230124,MYBPC3/OBSL1/AR/PRKAA2/PRKD1/NIP7/NRAP/WDR90/NEBL/CSRP2/SIX4/CIRBP/LMOD2/EDN1/ZAR1,15
GO:0002702,positive regulation of production of molecular mediator of immune response,4/828,146/18860,0.0273972602739726,0.624048706240487,-0.9771860271045829,0.8881837472298258,0.9984712121785341,0.9249360639815739,IL33/KIT/PGC/FFAR3,4
GO:0070373,negative regulation of ERK1 and ERK2 cascade,2/828,84/18860,0.023809523809523808,0.5423280423280423,-0.9008343899937385,0.8887086918265995,0.9984712121785341,0.9249360639815739,DUSP26/FBLN1,2
GO:0002861,regulation of inflammatory response to antigenic stimulus,1/828,49/18860,0.02040816326530612,0.4648526077097505,-0.8037445870247302,0.8894999062153507,0.9984712121785341,0.9249360639815739,NPY,1
GO:0006376,mRNA splice site recognition,1/828,49/18860,0.02040816326530612,0.4648526077097505,-0.8037445870247302,0.8894999062153507,0.9984712121785341,0.9249360639815739,CELF4,1
GO:0010883,regulation of lipid storage,1/828,49/18860,0.02040816326530612,0.4648526077097505,-0.8037445870247302,0.8894999062153507,0.9984712121785341,0.9249360639815739,PLIN5,1
GO:0035094,response to nicotine,1/828,49/18860,0.02040816326530612,0.4648526077097505,-0.8037445870247302,0.8894999062153507,0.9984712121785341,0.9249360639815739,EDN1,1
GO:0047496,vesicle transport along microtubule,1/828,49/18860,0.02040816326530612,0.4648526077097505,-0.8037445870247302,0.8894999062153507,0.9984712121785341,0.9249360639815739,KIF1A,1
GO:0050798,activated T cell proliferation,1/828,49/18860,0.02040816326530612,0.4648526077097505,-0.8037445870247302,0.8894999062153507,0.9984712121785341,0.9249360639815739,IGFBP2,1
GO:0051099,positive regulation of binding,1/828,49/18860,0.02040816326530612,0.4648526077097505,-0.8037445870247302,0.8894999062153507,0.9984712121785341,0.9249360639815739,GPSM1,1
GO:0060711,labyrinthine layer development,1/828,49/18860,0.02040816326530612,0.4648526077097505,-0.8037445870247302,0.8894999062153507,0.9984712121785341,0.9249360639815739,ADM,1
GO:0090279,regulation of calcium ion import,1/828,49/18860,0.02040816326530612,0.4648526077097505,-0.8037445870247302,0.8894999062153507,0.9984712121785341,0.9249360639815739,PPP3CC,1
GO:1903307,positive regulation of regulated secretory pathway,1/828,49/18860,0.02040816326530612,0.4648526077097505,-0.8037445870247302,0.8894999062153507,0.9984712121785341,0.9249360639815739,SCAMP5,1
GO:1902105,regulation of leukocyte differentiation,11/828,343/18860,0.03206997084548105,0.7304826692581794,-1.0794461777086588,0.8918760079386745,0.9999996640137201,0.9263519487934532,SMARCD3/ZMIZ1/LRRC17/CDK6/SLC4A2/KITLG/ADA/MITF/TOX/ZBTB16/BRD4,11
GO:0019233,sensory perception of pain,2/828,85/18860,0.023529411764705882,0.5359477124183006,-0.9188380198615128,0.8926050626875075,0.9999996640137201,0.9263519487934532,TAC4/NDN,2
GO:0032635,interleukin-6 production,5/828,177/18860,0.02824858757062147,0.6434400502197112,-1.021288485494878,0.8929406261272455,0.9999996640137201,0.9263519487934532,GHRL/IL33/ORM1/C1QTNF3/RAB7B,5
GO:0032675,regulation of interleukin-6 production,5/828,177/18860,0.02824858757062147,0.6434400502197112,-1.021288485494878,0.8929406261272455,0.9999996640137201,0.9263519487934532,GHRL/IL33/ORM1/C1QTNF3/RAB7B,5
GO:0006693,prostaglandin metabolic process,1/828,50/18860,0.02,0.45555555555555555,-0.8260317191057205,0.8943637665977701,0.9999996640137201,0.9263519487934532,EDN1,1
GO:0010837,regulation of keratinocyte proliferation,1/828,50/18860,0.02,0.45555555555555555,-0.8260317191057205,0.8943637665977701,0.9999996640137201,0.9263519487934532,PRKD1,1
GO:0019884,antigen processing and presentation of exogenous antigen,1/828,50/18860,0.02,0.45555555555555555,-0.8260317191057205,0.8943637665977701,0.9999996640137201,0.9263519487934532,CTSF,1
GO:0031295,T cell costimulation,1/828,50/18860,0.02,0.45555555555555555,-0.8260317191057205,0.8943637665977701,0.9999996640137201,0.9263519487934532,CD3E,1
GO:0032480,negative regulation of type I interferon production,1/828,50/18860,0.02,0.45555555555555555,-0.8260317191057205,0.8943637665977701,0.9999996640137201,0.9263519487934532,PTPRS,1
GO:0042073,intraciliary transport,1/828,50/18860,0.02,0.45555555555555555,-0.8260317191057205,0.8943637665977701,0.9999996640137201,0.9263519487934532,WDPCP,1
GO:0045622,regulation of T-helper cell differentiation,1/828,50/18860,0.02,0.45555555555555555,-0.8260317191057205,0.8943637665977701,0.9999996640137201,0.9263519487934532,BRD4,1
GO:0046636,negative regulation of alpha-beta T cell activation,1/828,50/18860,0.02,0.45555555555555555,-0.8260317191057205,0.8943637665977701,0.9999996640137201,0.9263519487934532,SLC4A2,1
GO:0070741,response to interleukin-6,1/828,50/18860,0.02,0.45555555555555555,-0.8260317191057205,0.8943637665977701,0.9999996640137201,0.9263519487934532,ST3GAL6,1
GO:0071985,multivesicular body sorting pathway,1/828,50/18860,0.02,0.45555555555555555,-0.8260317191057205,0.8943637665977701,0.9999996640137201,0.9263519487934532,VPS37D,1
GO:2000058,regulation of ubiquitin-dependent protein catabolic process,5/828,178/18860,0.028089887640449437,0.6398252184769039,-1.0345802129791946,0.8956654941590247,0.9999996640137201,0.9263519487934532,RNF180/IL33/TGFB1I1/TRIB2/TF,5
GO:2000514,"regulation of CD4-positive, alpha-beta T cell activation",2/828,86/18860,0.023255813953488372,0.5297157622739018,-0.9366639188248884,0.8963743586417955,0.9999996640137201,0.9263519487934532,CD3E/BRD4,2
GO:2000736,regulation of stem cell differentiation,2/828,86/18860,0.023255813953488372,0.5297157622739018,-0.9366639188248884,0.8963743586417955,0.9999996640137201,0.9263519487934532,CHD3/CDK6,2
GO:0007163,establishment or maintenance of cell polarity,7/828,236/18860,0.029661016949152543,0.6756120527306968,-1.0745751145890565,0.8977433995382932,0.9999996640137201,0.9263519487934532,FGF13/GPSM1/RHOBTB1/WDPCP/PTK7/VANGL2/KCNJ8,7
GO:0051251,positive regulation of lymphocyte activation,11/828,346/18860,0.031791907514450865,0.7241490044958252,-1.109724117472321,0.8978862937761602,0.9999996640137201,0.9263519487934532,SMARCD3/ZMIZ1/IGFBP2/NFATC2/CD3E/KITLG/ADA/TOX/ZBTB16/VAV3/BRD4,11
GO:0044092,negative regulation of molecular function,10/828,319/18860,0.03134796238244514,0.7140369209334725,-1.1038022588855543,0.8980518202912322,0.9999996640137201,0.9263519487934532,DRD5/PLIN5/KCNE2/GPSM1/PDCD4/NUPR1/MT3/KCNQ1/NES/NWD1,10
GO:0048193,Golgi vesicle transport,10/828,319/18860,0.03134796238244514,0.7140369209334725,-1.1038022588855543,0.8980518202912322,0.9999996640137201,0.9263519487934532,TBC1D14/PDCD6/GGA2/LMAN1L/RAB26/TMED6/PRKD1/RAB7B/GAS1/INSIG1,10
GO:0050729,positive regulation of inflammatory response,5/828,179/18860,0.027932960893854747,0.6362507759155804,-1.0478064805238783,0.8983302044388687,0.9999996640137201,0.9263519487934532,PTGER3/PDCD4/IL33/NUPR1/FFAR3,5
GO:0051656,establishment of organelle localization,13/828,400/18860,0.0325,0.7402777777777778,-1.1250603173924583,0.8986707481615475,0.9999996640137201,0.9263519487934532,PDCD6/GPSM1/NMD3/SLC2A4/RAB17/KIT/CHGA/NEFL/KIF1A/NTN1/SLC18A2/KIF5C/NLRP5,13
GO:0071900,regulation of protein serine/threonine kinase activity,3/828,119/18860,0.025210084033613446,0.5742296918767507,-0.9984010325633557,0.8989917953430839,0.9999996640137201,0.9263519487934532,TPD52L1/PDCD4/TRIB2,3
GO:0031294,lymphocyte costimulation,1/828,51/18860,0.0196078431372549,0.4466230936819172,-0.8479608767129716,0.899013782613562,0.9999996640137201,0.9263519487934532,CD3E,1
GO:0032467,positive regulation of cytokinesis,1/828,51/18860,0.0196078431372549,0.4466230936819172,-0.8479608767129716,0.899013782613562,0.9999996640137201,0.9263519487934532,OPN1MW,1
GO:0032527,protein exit from endoplasmic reticulum,1/828,51/18860,0.0196078431372549,0.4466230936819172,-0.8479608767129716,0.899013782613562,0.9999996640137201,0.9263519487934532,INSIG1,1
GO:0072599,establishment of protein localization to endoplasmic reticulum,1/828,51/18860,0.0196078431372549,0.4466230936819172,-0.8479608767129716,0.899013782613562,0.9999996640137201,0.9263519487934532,RYR2,1
GO:0098534,centriole assembly,1/828,51/18860,0.0196078431372549,0.4466230936819172,-0.8479608767129716,0.899013782613562,0.9999996640137201,0.9263519487934532,WDR90,1
GO:1902116,negative regulation of organelle assembly,1/828,51/18860,0.0196078431372549,0.4466230936819172,-0.8479608767129716,0.899013782613562,0.9999996640137201,0.9263519487934532,NUPR1,1
GO:1990090,cellular response to nerve growth factor stimulus,1/828,51/18860,0.0196078431372549,0.4466230936819172,-0.8479608767129716,0.899013782613562,0.9999996640137201,0.9263519487934532,SH3GL2,1
GO:0008344,adult locomotory behavior,2/828,87/18860,0.022988505747126436,0.5236270753512132,-0.954316439568131,0.9000202104429285,0.9999996640137201,0.9263519487934532,SEZ6L2/KCNJ10,2
GO:0007098,centrosome cycle,4/828,150/18860,0.02666666666666667,0.6074074074074075,-1.0344354281459955,0.900024491329791,0.9999996640137201,0.9263519487934532,CHD3/NIN/WDR90/CCDC102B,4
GO:1902106,negative regulation of leukocyte differentiation,3/828,120/18860,0.025,0.5694444444444444,-1.0138823819134386,0.9020964975788544,0.9999996640137201,0.9263519487934532,LRRC17/CDK6/SLC4A2,3
GO:1902115,regulation of organelle assembly,7/828,238/18860,0.029411764705882353,0.6699346405228759,-1.0980644058717044,0.9023221275609404,0.9999996640137201,0.9263519487934532,TBC1D14/PTPRS/PRKAA2/ULK1/NUPR1/WDPCP/DCDC2,7
GO:0002822,regulation of adaptive immune response based on somatic recombination of immune receptors built from immunoglobulin superfamily domains,6/828,210/18860,0.02857142857142857,0.6507936507936508,-1.0904478736436256,0.9034119643398267,0.9999996640137201,0.9263519487934532,AZGP1/SUSD4/IL33/ADA/BRD4/SLC22A13,6
GO:0030705,cytoskeleton-dependent intracellular transport,6/828,210/18860,0.02857142857142857,0.6507936507936508,-1.0904478736436256,0.9034119643398267,0.9999996640137201,0.9263519487934532,KIF17/RAB17/WDPCP/NEFL/KIF1A/KIF5C,6
GO:0031334,positive regulation of protein-containing complex assembly,6/828,210/18860,0.02857142857142857,0.6507936507936508,-1.0904478736436256,0.9034119643398267,0.9999996640137201,0.9263519487934532,NPHS1/HIP1R/EVL/PRKD1/BCL2L11/LMOD2,6
GO:0006692,prostanoid metabolic process,1/828,52/18860,0.019230769230769232,0.4380341880341881,-0.869546494223374,0.903459345269523,0.9999996640137201,0.9263519487934532,EDN1,1
GO:0032369,negative regulation of lipid transport,1/828,52/18860,0.019230769230769232,0.4380341880341881,-0.869546494223374,0.903459345269523,0.9999996640137201,0.9263519487934532,ABCA2,1
GO:0051100,negative regulation of binding,1/828,52/18860,0.019230769230769232,0.4380341880341881,-0.869546494223374,0.903459345269523,0.9999996640137201,0.9263519487934532,NES,1
GO:1902003,regulation of amyloid-beta formation,1/828,52/18860,0.019230769230769232,0.4380341880341881,-0.869546494223374,0.903459345269523,0.9999996640137201,0.9263519487934532,ABCA2,1
GO:1904752,regulation of vascular associated smooth muscle cell migration,1/828,52/18860,0.019230769230769232,0.4380341880341881,-0.869546494223374,0.903459345269523,0.9999996640137201,0.9263519487934532,IGFBP5,1
GO:1905562,regulation of vascular endothelial cell proliferation,1/828,52/18860,0.019230769230769232,0.4380341880341881,-0.869546494223374,0.903459345269523,0.9999996640137201,0.9263519487934532,GHRL,1
GO:0002720,positive regulation of cytokine production involved in immune response,2/828,88/18860,0.022727272727272728,0.5176767676767676,-0.9717997744388969,0.9035461754284649,0.9999996640137201,0.9263519487934532,KIT/FFAR3,2
GO:0072332,intrinsic apoptotic signaling pathway by p53 class mediator,2/828,88/18860,0.022727272727272728,0.5176767676767676,-0.9717997744388969,0.9035461754284649,0.9999996640137201,0.9263519487934532,ZNF385B/NUPR1,2
GO:0050870,positive regulation of T cell activation,8/828,267/18860,0.0299625468164794,0.6824802330420309,-1.119706533897522,0.904356401551103,0.9999996640137201,0.9263519487934532,SMARCD3/ZMIZ1/IGFBP2/CD3E/KITLG/ADA/ZBTB16/BRD4,8
GO:0046822,regulation of nucleocytoplasmic transport,3/828,121/18860,0.024793388429752067,0.5647382920110193,-1.0292538276991567,0.9051148254854708,0.9999996640137201,0.9263519487934532,PRKD1/CWH43/CABP1,3
GO:0006140,regulation of nucleotide metabolic process,2/828,89/18860,0.02247191011235955,0.5118601747815231,-0.9891179632034821,0.9069557369614639,0.9999996640137201,0.9263519487934532,PRKAA2/NUPR1,2
GO:1900542,regulation of purine nucleotide metabolic process,2/828,89/18860,0.02247191011235955,0.5118601747815231,-0.9891179632034821,0.9069557369614639,0.9999996640137201,0.9263519487934532,PRKAA2/NUPR1,2
GO:1902373,negative regulation of mRNA catabolic process,2/828,89/18860,0.02247191011235955,0.5118601747815231,-0.9891179632034821,0.9069557369614639,0.9999996640137201,0.9263519487934532,CIRBP/ZAR1,2
GO:0001818,negative regulation of cytokine production,13/828,405/18860,0.03209876543209877,0.7311385459533608,-1.1720646811799964,0.9074400053990701,0.9999996640137201,0.9263519487934532,PTPRS/GHRL/HOMER2/PDCD4/IL33/GATA6/ORM1/SFTPD/TRIB2/C1QTNF3/F2/TGFB3/FBLN1,13
GO:0010332,response to gamma radiation,1/828,53/18860,0.018867924528301886,0.429769392033543,-0.8908021300128091,0.9077094336423875,0.9999996640137201,0.9263519487934532,TSPYL5,1
GO:0021515,cell differentiation in spinal cord,1/828,53/18860,0.018867924528301886,0.429769392033543,-0.8908021300128091,0.9077094336423875,0.9999996640137201,0.9263519487934532,LONRF2,1
GO:0050856,regulation of T cell receptor signaling pathway,1/828,53/18860,0.018867924528301886,0.429769392033543,-0.8908021300128091,0.9077094336423875,0.9999996640137201,0.9263519487934532,ADA,1
GO:0101023,vascular endothelial cell proliferation,1/828,53/18860,0.018867924528301886,0.429769392033543,-0.8908021300128091,0.9077094336423875,0.9999996640137201,0.9263519487934532,GHRL,1
GO:1902749,regulation of cell cycle G2/M phase transition,3/828,122/18860,0.02459016393442623,0.5601092896174863,-1.0445173012294944,0.9080487638544297,0.9999996640137201,0.9263519487934532,SMARCD3/CDK6/BRD4,3
GO:0015931,nucleobase-containing compound transport,7/828,241/18860,0.029045643153526972,0.66159520516367,-1.1329725884708044,0.9088624594050694,0.9999996640137201,0.9263519487934532,SLC25A36/SLC29A1/SIDT2/ABCC5/SLC25A47/KIF5C/RANBP17,7
GO:1901796,regulation of signal transduction by p53 class mediator,3/828,123/18860,0.024390243902439025,0.5555555555555556,-1.059674682777661,0.9109002723026745,0.9999996640137201,0.9263519487934532,SMYD2/SGK1/MORN3,3
GO:1903320,regulation of protein modification by small protein conjugation or removal,7/828,242/18860,0.028925619834710745,0.6588613406795225,-1.1445233507432626,0.9109576013945249,0.9999996640137201,0.9263519487934532,PDCD6/BEX2/RNF180/BEX4/BEX1/TSPYL5/FAM107A,7
GO:0002548,monocyte chemotaxis,1/828,54/18860,0.018518518518518517,0.42181069958847733,-0.9117405359922682,0.9117726329269147,0.9999996640137201,0.9263519487934532,CXCL17,1
GO:0032692,negative regulation of interleukin-1 production,1/828,54/18860,0.018518518518518517,0.42181069958847733,-0.9117405359922682,0.9117726329269147,0.9999996640137201,0.9263519487934532,GHRL,1
GO:0045581,negative regulation of T cell differentiation,1/828,54/18860,0.018518518518518517,0.42181069958847733,-0.9117405359922682,0.9117726329269147,0.9999996640137201,0.9263519487934532,SLC4A2,1
GO:0048821,erythrocyte development,1/828,54/18860,0.018518518518518517,0.42181069958847733,-0.9117405359922682,0.9117726329269147,0.9999996640137201,0.9263519487934532,HBZ,1
GO:1902743,regulation of lamellipodium organization,1/828,54/18860,0.018518518518518517,0.42181069958847733,-0.9117405359922682,0.9117726329269147,0.9999996640137201,0.9263519487934532,HRG,1
GO:1903146,regulation of autophagy of mitochondrion,1/828,54/18860,0.018518518518518517,0.42181069958847733,-0.9117405359922682,0.9117726329269147,0.9999996640137201,0.9263519487934532,BNIP3,1
GO:1904738,vascular associated smooth muscle cell migration,1/828,54/18860,0.018518518518518517,0.42181069958847733,-0.9117405359922682,0.9117726329269147,0.9999996640137201,0.9263519487934532,IGFBP5,1
GO:1990089,response to nerve growth factor,1/828,54/18860,0.018518518518518517,0.42181069958847733,-0.9117405359922682,0.9117726329269147,0.9999996640137201,0.9263519487934532,SH3GL2,1
GO:0002696,positive regulation of leukocyte activation,12/828,381/18860,0.031496062992125984,0.7174103237095363,-1.1940763488797959,0.9123217698696858,0.9999996640137201,0.9263519487934532,SMARCD3/ZMIZ1/IGFBP2/NFATC2/IL33/CD3E/KITLG/ADA/TOX/ZBTB16/VAV3/BRD4,12
GO:0001892,embryonic placenta development,2/828,91/18860,0.02197802197802198,0.5006105006105006,-1.0232743419117434,0.9134392112143568,0.9999996640137201,0.9263519487934532,EGFR/ADM,2
GO:0009135,purine nucleoside diphosphate metabolic process,3/828,124/18860,0.024193548387096774,0.5510752688172043,-1.0747278033552992,0.9136712844366941,0.9999996640137201,0.9263519487934532,PRKAA2/NUPR1/PGAM2,3
GO:0009179,purine ribonucleoside diphosphate metabolic process,3/828,124/18860,0.024193548387096774,0.5510752688172043,-1.0747278033552992,0.9136712844366941,0.9999996640137201,0.9263519487934532,PRKAA2/NUPR1/PGAM2,3
GO:0016197,endosomal transport,9/828,300/18860,0.03,0.6833333333333332,-1.1847495196382547,0.9144183963412941,0.9999996640137201,0.9263519487934532,STX12/TBC1D14/ZDHHC2/VPS37D/RAB17/RAB7B/MICALL1/ANKRD50/DENND5A,9
GO:0001754,eye photoreceptor cell differentiation,1/828,55/18860,0.01818181818181818,0.4141414141414141,-0.93237372040168,0.915657151694144,0.9999996640137201,0.9263519487934532,PPP2R3A,1
GO:0006984,ER-nucleus signaling pathway,1/828,55/18860,0.01818181818181818,0.4141414141414141,-0.93237372040168,0.915657151694144,0.9999996640137201,0.9263519487934532,INSIG1,1
GO:0030865,cortical cytoskeleton organization,1/828,55/18860,0.01818181818181818,0.4141414141414141,-0.93237372040168,0.915657151694144,0.9999996640137201,0.9263519487934532,RHOBTB1,1
GO:0042088,T-helper 1 type immune response,1/828,55/18860,0.01818181818181818,0.4141414141414141,-0.93237372040168,0.915657151694144,0.9999996640137201,0.9263519487934532,IL33,1
GO:0043331,response to dsRNA,1/828,55/18860,0.01818181818181818,0.4141414141414141,-0.93237372040168,0.915657151694144,0.9999996640137201,0.9263519487934532,KCNJ8,1
GO:2000648,positive regulation of stem cell proliferation,1/828,55/18860,0.01818181818181818,0.4141414141414141,-0.93237372040168,0.915657151694144,0.9999996640137201,0.9263519487934532,KITLG,1
GO:0070661,leukocyte proliferation,11/828,356/18860,0.03089887640449438,0.7038077403245943,-1.2089781264481099,0.915958952401559,0.9999996640137201,0.9263519487934532,IGFBP2/NFATC2/IL33/CD3E/NPR3/SLC4A2/SFTPD/KITLG/KIT/ADA/VAV3,11
GO:0009259,ribonucleotide metabolic process,12/828,385/18860,0.03116883116883117,0.7099567099567099,-1.232121435973232,0.918778278507944,0.9999996640137201,0.9263519487934532,PAPSS1/PDE8B/NME9/NME3/PRKAA2/NPR3/NUPR1/SULT2A1/ADA/ADCY1/RORA/PGAM2,12
GO:0042326,negative regulation of phosphorylation,3/828,126/18860,0.023809523809523808,0.5423280423280423,-1.1045283494553015,0.9189794197264705,0.9999996640137201,0.9263519487934532,PTPN13/PDCD4/FBLN1,3
GO:1901989,positive regulation of cell cycle phase transition,3/828,126/18860,0.023809523809523808,0.5423280423280423,-1.1045283494553015,0.9189794197264705,0.9999996640137201,0.9263519487934532,SMARCD3/EGFR/BRD4,3
GO:0007608,sensory perception of smell,15/828,466/18860,0.032188841201716736,0.7331902718168812,-1.249709516477982,0.9191527479935847,0.9999996640137201,0.9263519487934532,OR52K2/OR51I1/OR2A25/OR3A3/OR4D11/OR12D2/OR10G4/OR6A2/OR4N4/OR7A17/OR4D10/OR1J4/OR56B1/OR52I2/OR5L2,15
GO:0002043,blood vessel endothelial cell proliferation involved in sprouting angiogenesis,1/828,56/18860,0.017857142857142856,0.40674603174603174,-0.9527130046279325,0.9193708383943433,0.9999996640137201,0.9263519487934532,BMPER,1
GO:0030834,regulation of actin filament depolymerization,1/828,56/18860,0.017857142857142856,0.40674603174603174,-0.9527130046279325,0.9193708383943433,0.9999996640137201,0.9263519487934532,LMOD2,1
GO:0042181,ketone biosynthetic process,1/828,56/18860,0.017857142857142856,0.40674603174603174,-0.9527130046279325,0.9193708383943433,0.9999996640137201,0.9263519487934532,ADM,1
GO:0046148,pigment biosynthetic process,1/828,56/18860,0.017857142857142856,0.40674603174603174,-0.9527130046279325,0.9193708383943433,0.9999996640137201,0.9263519487934532,ALAD,1
GO:0061756,leukocyte adhesion to vascular endothelial cell,1/828,56/18860,0.017857142857142856,0.40674603174603174,-0.9527130046279325,0.9193708383943433,0.9999996640137201,0.9263519487934532,FUT9,1
GO:0071902,positive regulation of protein serine/threonine kinase activity,1/828,56/18860,0.017857142857142856,0.40674603174603174,-0.9527130046279325,0.9193708383943433,0.9999996640137201,0.9263519487934532,TPD52L1,1
GO:1900087,positive regulation of G1/S transition of mitotic cell cycle,1/828,56/18860,0.017857142857142856,0.40674603174603174,-0.9527130046279325,0.9193708383943433,0.9999996640137201,0.9263519487934532,EGFR,1
GO:2000772,regulation of cellular senescence,1/828,56/18860,0.017857142857142856,0.40674603174603174,-0.9527130046279325,0.9193708383943433,0.9999996640137201,0.9263519487934532,CDK6,1
GO:0043489,RNA stabilization,2/828,93/18860,0.021505376344086023,0.4898446833930705,-1.0568151089167817,0.9194970108712262,0.9999996640137201,0.9263519487934532,CIRBP/ZAR1,2
GO:0072384,organelle transport along microtubule,2/828,93/18860,0.021505376344086023,0.4898446833930705,-1.0568151089167817,0.9194970108712262,0.9999996640137201,0.9263519487934532,NEFL/KIF1A,2
GO:1903707,negative regulation of hemopoiesis,3/828,127/18860,0.023622047244094488,0.5380577427821522,-1.119279205620803,0.9215202737141981,0.9999996640137201,0.9263519487934532,LRRC17/CDK6/SLC4A2,3
GO:0090316,positive regulation of intracellular protein transport,2/828,94/18860,0.02127659574468085,0.4846335697399527,-1.0733633107429914,0.9223742000786934,0.9999996640137201,0.9263519487934532,ZDHHC2/PRKD1,2
GO:0002886,regulation of myeloid leukocyte mediated immunity,1/828,57/18860,0.017543859649122806,0.3996101364522417,-0.9727690747141905,0.9229211971376684,0.9999996640137201,0.9263519487934532,DNASE1,1
GO:0016601,Rac protein signal transduction,1/828,57/18860,0.017543859649122806,0.3996101364522417,-0.9727690747141905,0.9229211971376684,0.9999996640137201,0.9263519487934532,ARHGAP24,1
GO:0032968,positive regulation of transcription elongation by RNA polymerase II,1/828,57/18860,0.017543859649122806,0.3996101364522417,-0.9727690747141905,0.9229211971376684,0.9999996640137201,0.9263519487934532,BRD4,1
GO:0045815,transcription initiation-coupled chromatin remodeling,1/828,57/18860,0.017543859649122806,0.3996101364522417,-0.9727690747141905,0.9229211971376684,0.9999996640137201,0.9263519487934532,APOBEC2,1
GO:0050805,negative regulation of synaptic transmission,1/828,57/18860,0.017543859649122806,0.3996101364522417,-0.9727690747141905,0.9229211971376684,0.9999996640137201,0.9263519487934532,DRD5,1
GO:0031929,TOR signaling,5/828,190/18860,0.02631578947368421,0.5994152046783625,-1.1891911045141512,0.9239510639715298,0.9999996640137201,0.9263519487934532,GPR155/PDCD6/PRKAA2/RNF152/PRKACB,5
GO:0019080,viral gene expression,2/828,95/18860,0.021052631578947368,0.47953216374269003,-1.0897677809614217,0.9251543233580997,0.9999996640137201,0.9263519487934532,ST3GAL1/MID2,2
GO:0050672,negative regulation of lymphocyte proliferation,2/828,95/18860,0.021052631578947368,0.47953216374269003,-1.0897677809614217,0.9251543233580997,0.9999996640137201,0.9263519487934532,SLC4A2/SFTPD,2
GO:0072091,regulation of stem cell proliferation,2/828,95/18860,0.021052631578947368,0.47953216374269003,-1.0897677809614217,0.9251543233580997,0.9999996640137201,0.9263519487934532,KITLG/FBLN1,2
GO:1905897,regulation of response to endoplasmic reticulum stress,2/828,95/18860,0.021052631578947368,0.47953216374269003,-1.0897677809614217,0.9251543233580997,0.9999996640137201,0.9263519487934532,NUPR1/BCL2L11,2
GO:0010761,fibroblast migration,1/828,58/18860,0.017241379310344827,0.39272030651340994,-0.9925520281426093,0.9263154027841083,0.9999996640137201,0.9263519487934532,WDPCP,1
GO:0034341,response to type II interferon,3/828,129/18860,0.023255813953488372,0.5297157622739018,-1.148490336839498,0.926384668350148,0.9999996640137201,0.9263519487934532,AQP4/RAB7B/EDN1,3
GO:0000245,spliceosomal complex assembly,2/828,96/18860,0.020833333333333332,0.474537037037037,-1.106031673479777,0.9278403447499965,0.9999996640137201,0.9263519487934532,CELF4/SRPK3,2
GO:0032465,regulation of cytokinesis,2/828,96/18860,0.020833333333333332,0.474537037037037,-1.106031673479777,0.9278403447499965,0.9999996640137201,0.9263519487934532,OPN1MW/FSD1,2
GO:0042129,regulation of T cell proliferation,5/828,192/18860,0.026041666666666668,0.5931712962962964,-1.2141318567834731,0.927940480316187,0.9999996640137201,0.9263519487934532,IGFBP2/CD3E/SLC4A2/SFTPD/KITLG,5
GO:0002367,cytokine production involved in immune response,3/828,130/18860,0.023076923076923078,0.5256410256410257,-1.1629537893873987,0.9287117674806028,0.9999996640137201,0.9263519487934532,KIT/FFAR3/TGFB3,3
GO:0002718,regulation of cytokine production involved in immune response,3/828,130/18860,0.023076923076923078,0.5256410256410257,-1.1629537893873987,0.9287117674806028,0.9999996640137201,0.9263519487934532,KIT/FFAR3/TGFB3,3
GO:0019693,ribose phosphate metabolic process,12/828,392/18860,0.030612244897959183,0.6972789115646258,-1.2978614296752846,0.9291143390784444,0.9999996640137201,0.9263519487934532,PAPSS1/PDE8B/NME9/NME3/PRKAA2/NPR3/NUPR1/SULT2A1/ADA/ADCY1/RORA/PGAM2,12
GO:0006413,translational initiation,4/828,162/18860,0.024691358024691357,0.5624142661179697,-1.198603754061632,0.9291661420873523,0.9999996640137201,0.9263519487934532,GPR155/PAIP2B/PRKAA2/RNF152,4
GO:0002639,positive regulation of immunoglobulin production,1/828,59/18860,0.01694915254237288,0.3860640301318268,-1.0120714163996893,0.9295603153729158,0.9999996640137201,0.9263519487934532,IL33,1
GO:0072132,mesenchyme morphogenesis,1/828,59/18860,0.01694915254237288,0.3860640301318268,-1.0120714163996893,0.9295603153729158,0.9999996640137201,0.9263519487934532,GATA5,1
GO:0072698,protein localization to microtubule cytoskeleton,1/828,59/18860,0.01694915254237288,0.3860640301318268,-1.0120714163996893,0.9295603153729158,0.9999996640137201,0.9263519487934532,MID2,1
GO:0001906,cell killing,8/828,281/18860,0.028469750889679714,0.6484776591538157,-1.27217680642051,0.9301248240991532,0.9999996640137201,0.9263519487934532,AZGP1/C5/SCNN1B/CHGA/F2/HRG/SLC22A13/DNASE1,8
GO:0032945,negative regulation of mononuclear cell proliferation,2/828,97/18860,0.020618556701030927,0.46964490263459335,-1.122158037494684,0.9304351555107327,0.9999996640137201,0.9263519487934532,SLC4A2/SFTPD,2
GO:0006417,regulation of translation,15/828,475/18860,0.031578947368421054,0.7192982456140351,-1.3277388529794611,0.9311713980970611,0.9999996640137201,0.9263519487934532,APLP1/GPR155/CELF4/PAIP2B/LARP6/EIF5A2/ZNF540/PRKAA2/WTIP/RNF152/IGFBP5/CIRBP/TCOF1/ZAR1/ZAR1L,15
GO:0031023,microtubule organizing center organization,4/828,163/18860,0.024539877300613498,0.5589638718473074,-1.211810062173325,0.9312100090564448,0.9999996640137201,0.9263519487934532,CHD3/NIN/WDR90/CCDC102B,4
GO:0002819,regulation of adaptive immune response,6/828,224/18860,0.026785714285714284,0.6101190476190476,-1.2578597656345367,0.9318956647998111,0.9999996640137201,0.9263519487934532,AZGP1/SUSD4/IL33/ADA/BRD4/SLC22A13,6
GO:0007131,reciprocal meiotic recombination,1/828,60/18860,0.016666666666666666,0.3796296296296296,-1.0313362837708437,0.9326624939203987,0.9999996640137201,0.9263519487934532,REC8,1
GO:0019748,secondary metabolic process,1/828,60/18860,0.016666666666666666,0.3796296296296296,-1.0313362837708437,0.9326624939203987,0.9999996640137201,0.9263519487934532,FMO2,1
GO:0030042,actin filament depolymerization,1/828,60/18860,0.016666666666666666,0.3796296296296296,-1.0313362837708437,0.9326624939203987,0.9999996640137201,0.9263519487934532,LMOD2,1
GO:0034205,amyloid-beta formation,1/828,60/18860,0.016666666666666666,0.3796296296296296,-1.0313362837708437,0.9326624939203987,0.9999996640137201,0.9263519487934532,ABCA2,1
GO:0034332,adherens junction organization,1/828,60/18860,0.016666666666666666,0.3796296296296296,-1.0313362837708437,0.9326624939203987,0.9999996640137201,0.9263519487934532,CDH2,1
GO:0042255,ribosome assembly,1/828,60/18860,0.016666666666666666,0.3796296296296296,-1.0313362837708437,0.9326624939203987,0.9999996640137201,0.9263519487934532,NIP7,1
GO:0140527,reciprocal homologous recombination,1/828,60/18860,0.016666666666666666,0.3796296296296296,-1.0313362837708437,0.9326624939203987,0.9999996640137201,0.9263519487934532,REC8,1
GO:1902991,regulation of amyloid precursor protein catabolic process,1/828,60/18860,0.016666666666666666,0.3796296296296296,-1.0313362837708437,0.9326624939203987,0.9999996640137201,0.9263519487934532,ABCA2,1
GO:0071677,positive regulation of mononuclear cell migration,2/828,98/18860,0.02040816326530612,0.4648526077097505,-1.138149822071744,0.932941574782086,0.9999996640137201,0.9263519487934532,PDGFD/CXCL17,2
GO:0071356,cellular response to tumor necrosis factor,6/828,226/18860,0.02654867256637168,0.6047197640117994,-1.281028593002396,0.9352923440168199,0.9999996640137201,0.9263519487934532,SLC2A4/ULK1/RORA/EDN1/PLVAP/POSTN,6
GO:0007041,lysosomal transport,3/828,133/18860,0.022556390977443608,0.5137844611528821,-1.2057939452592568,0.9352934005456095,0.9999996640137201,0.9263519487934532,LAMP2/RAB7B/ADRB2,3
GO:0032640,tumor necrosis factor production,5/828,196/18860,0.025510204081632654,0.5810657596371882,-1.2633511490221279,0.9353648126021504,0.9999996640137201,0.9263519487934532,GHRL/IL33/ORM2/ORM1/ABCC8,5
GO:0032680,regulation of tumor necrosis factor production,5/828,196/18860,0.025510204081632654,0.5810657596371882,-1.2633511490221279,0.9353648126021504,0.9999996640137201,0.9263519487934532,GHRL/IL33/ORM2/ORM1/ABCC8,5
GO:0072331,signal transduction by p53 class mediator,5/828,196/18860,0.025510204081632654,0.5810657596371882,-1.2633511490221279,0.9353648126021504,0.9999996640137201,0.9263519487934532,ZNF385B/SMYD2/NUPR1/SGK1/MORN3,5
GO:0031348,negative regulation of defense response,9/828,313/18860,0.02875399361022364,0.6549520766773163,-1.3190683503504368,0.9354957835345619,0.9999996640137201,0.9263519487934532,GHRL/SUSD4/IL33/C1QTNF3/ADA/RORA/PROC/CXCL17/NPY,9
GO:0141137,"positive regulation of gene expression, epigenetic",1/828,61/18860,0.01639344262295082,0.37340619307832423,-1.0503552027567307,0.9356282096136919,0.9999996640137201,0.9263519487934532,APOBEC2,1
GO:1903046,meiotic cell cycle process,6/828,227/18860,0.02643171806167401,0.6020558002936858,-1.2925467644857402,0.9369337016816561,0.9999996640137201,0.9263519487934532,REC8/ZCWPW1/BCL2L11/SYCP2/EDN1/TDRD9,6
GO:0050864,regulation of B cell activation,3/828,134/18860,0.022388059701492536,0.5099502487562189,-1.2198954515887428,0.9373596395568318,0.9999996640137201,0.9263519487934532,NFATC2/ADA/VAV3,3
GO:0061515,myeloid cell development,2/828,100/18860,0.02,0.45555555555555555,-1.1697409742896103,0.9377001594305093,0.9999996640137201,0.9263519487934532,HBZ/KIT,2
GO:2000781,positive regulation of double-strand break repair,2/828,100/18860,0.02,0.45555555555555555,-1.1697409742896103,0.9377001594305093,0.9999996640137201,0.9263519487934532,SMARCD3/ZCWPW1,2
GO:0002712,regulation of B cell mediated immunity,1/828,62/18860,0.016129032258064516,0.36738351254480284,-1.0691363064571897,0.9384634584269193,0.9999996640137201,0.9263519487934532,SUSD4,1
GO:0002889,regulation of immunoglobulin mediated immune response,1/828,62/18860,0.016129032258064516,0.36738351254480284,-1.0691363064571897,0.9384634584269193,0.9999996640137201,0.9263519487934532,SUSD4,1
GO:0032608,interferon-beta production,1/828,62/18860,0.016129032258064516,0.36738351254480284,-1.0691363064571897,0.9384634584269193,0.9999996640137201,0.9263519487934532,PTPRS,1
GO:0032648,regulation of interferon-beta production,1/828,62/18860,0.016129032258064516,0.36738351254480284,-1.0691363064571897,0.9384634584269193,0.9999996640137201,0.9263519487934532,PTPRS,1
GO:0099518,vesicle cytoskeletal trafficking,1/828,62/18860,0.016129032258064516,0.36738351254480284,-1.0691363064571897,0.9384634584269193,0.9999996640137201,0.9263519487934532,KIF1A,1
GO:0001704,formation of primary germ layer,3/828,135/18860,0.022222222222222223,0.5061728395061729,-1.2339100252989226,0.9393647749253947,0.9999996640137201,0.9263519487934532,GATA6/SOX2/DKK1,3
GO:0009185,ribonucleoside diphosphate metabolic process,3/828,135/18860,0.022222222222222223,0.5061728395061729,-1.2339100252989226,0.9393647749253947,0.9999996640137201,0.9263519487934532,PRKAA2/NUPR1/PGAM2,3
GO:0016050,vesicle organization,12/828,401/18860,0.029925187032418952,0.6816292601828762,-1.380873188643493,0.9407394673039966,0.9999996640137201,0.9263519487934532,STX12/PDCD6/SLC2A4/ZDHHC2/VPS37D/TBC1D4/RAB7B/ERC2/TSNARE1/PTPRN/VAV3/INSIG1,12
GO:0050867,positive regulation of cell activation,12/828,401/18860,0.029925187032418952,0.6816292601828762,-1.380873188643493,0.9407394673039966,0.9999996640137201,0.9263519487934532,SMARCD3/ZMIZ1/IGFBP2/NFATC2/IL33/CD3E/KITLG/ADA/TOX/ZBTB16/VAV3/BRD4,12
GO:1903037,regulation of leukocyte cell-cell adhesion,12/828,401/18860,0.029925187032418952,0.6816292601828762,-1.380873188643493,0.9407394673039966,0.9999996640137201,0.9263519487934532,SMARCD3/ZMIZ1/IGFBP2/CD3E/SLC4A2/SFTPD/KITLG/ADA/FGL1/ZBTB16/FUT9/BRD4,12
GO:0007062,sister chromatid cohesion,1/828,63/18860,0.015873015873015872,0.36155202821869487,-1.0876873182281444,0.9411739731850057,0.9999996640137201,0.9263519487934532,REC8,1
GO:0045604,regulation of epidermal cell differentiation,1/828,63/18860,0.015873015873015872,0.36155202821869487,-1.0876873182281444,0.9411739731850057,0.9999996640137201,0.9263519487934532,ALOX15B,1
GO:0046824,positive regulation of nucleocytoplasmic transport,1/828,63/18860,0.015873015873015872,0.36155202821869487,-1.0876873182281444,0.9411739731850057,0.9999996640137201,0.9263519487934532,PRKD1,1
GO:0051785,positive regulation of nuclear division,1/828,63/18860,0.015873015873015872,0.36155202821869487,-1.0876873182281444,0.9411739731850057,0.9999996640137201,0.9263519487934532,EDN1,1
GO:0140719,constitutive heterochromatin formation,1/828,63/18860,0.015873015873015872,0.36155202821869487,-1.0876873182281444,0.9411739731850057,0.9999996640137201,0.9263519487934532,TDRD9,1
GO:1903039,positive regulation of leukocyte cell-cell adhesion,8/828,289/18860,0.02768166089965398,0.6305267204921184,-1.3563346638141422,0.9419556958289216,0.9999996640137201,0.9263519487934532,SMARCD3/ZMIZ1/IGFBP2/CD3E/KITLG/ADA/ZBTB16/BRD4,8
GO:0002042,cell migration involved in sprouting angiogenesis,2/828,102/18860,0.0196078431372549,0.4466230936819172,-1.2008268790531844,0.9421372398434443,0.9999996640137201,0.9263519487934532,HDAC5/MICALL1,2
GO:0044403,biological process involved in symbiotic interaction,6/828,231/18860,0.025974025974025976,0.5916305916305917,-1.3381874999480137,0.9431351612567347,0.9999996640137201,0.9263519487934532,EGFR/SCNN1B/SLC10A1/F2/FBLN1/HRG,6
GO:0008286,insulin receptor signaling pathway,3/828,137/18860,0.021897810218978103,0.4987834549878346,-1.2616837592041243,0.9431980396235351,0.9999996640137201,0.9263519487934532,IGF1R/SORBS1/FFAR3,3
GO:0033674,positive regulation of kinase activity,3/828,137/18860,0.021897810218978103,0.4987834549878346,-1.2616837592041243,0.9431980396235351,0.9999996640137201,0.9263519487934532,TPD52L1/MT3/EEF1A2,3
GO:0071706,tumor necrosis factor superfamily cytokine production,5/828,201/18860,0.024875621890547265,0.56661138750691,-1.323682695856191,0.943678011902078,0.9999996640137201,0.9263519487934532,GHRL/IL33/ORM2/ORM1/ABCC8,5
GO:1903555,regulation of tumor necrosis factor superfamily cytokine production,5/828,201/18860,0.024875621890547265,0.56661138750691,-1.323682695856191,0.943678011902078,0.9999996640137201,0.9263519487934532,GHRL/IL33/ORM2/ORM1/ABCC8,5
GO:0032786,"positive regulation of DNA-templated transcription, elongation",1/828,64/18860,0.015625,0.3559027777777778,-1.1060155788816617,0.9437652350992908,0.9999996640137201,0.9263519487934532,BRD4,1
GO:0043370,"regulation of CD4-positive, alpha-beta T cell differentiation",1/828,64/18860,0.015625,0.3559027777777778,-1.1060155788816617,0.9437652350992908,0.9999996640137201,0.9263519487934532,BRD4,1
GO:0045620,negative regulation of lymphocyte differentiation,1/828,64/18860,0.015625,0.3559027777777778,-1.1060155788816617,0.9437652350992908,0.9999996640137201,0.9263519487934532,SLC4A2,1
GO:0031647,regulation of protein stability,12/828,404/18860,0.0297029702970297,0.6765676567656765,-1.4081790805292087,0.9442304527512158,0.9999996640137201,0.9263519487934532,STX12/LAMP2/HIP1R/NEDD4L/TBL1X/MT3/PPARGC1A/GPIHBP1/AFM/TF/ATP1B2/FAM107A,12
GO:0050863,regulation of T cell activation,12/828,404/18860,0.0297029702970297,0.6765676567656765,-1.4081790805292087,0.9442304527512158,0.9999996640137201,0.9263519487934532,SMARCD3/ZMIZ1/IGFBP2/CD3E/SLC4A2/SFTPD/KITLG/ADA/FGL1/TOX/ZBTB16/BRD4,12
GO:0007029,endoplasmic reticulum organization,2/828,103/18860,0.019417475728155338,0.442286947141316,-1.2161867886521602,0.9442415212360911,0.9999996640137201,0.9263519487934532,REEP5/ZFYVE27,2
GO:0032755,positive regulation of interleukin-6 production,2/828,103/18860,0.019417475728155338,0.442286947141316,-1.2161867886521602,0.9442415212360911,0.9999996640137201,0.9263519487934532,IL33/RAB7B,2
GO:0002700,regulation of production of molecular mediator of immune response,5/828,202/18860,0.024752475247524754,0.5638063806380638,-1.335595656714989,0.9452201778289043,0.9999996640137201,0.9263519487934532,IL33/KIT/PGC/FFAR3/TGFB3,5
GO:0001961,positive regulation of cytokine-mediated signaling pathway,1/828,65/18860,0.015384615384615385,0.35042735042735046,-1.1241280716687283,0.9462424847980451,0.9999996640137201,0.9263519487934532,EDN1,1
GO:0002763,positive regulation of myeloid leukocyte differentiation,1/828,65/18860,0.015384615384615385,0.35042735042735046,-1.1241280716687283,0.9462424847980451,0.9999996640137201,0.9263519487934532,KITLG,1
GO:0006903,vesicle targeting,1/828,65/18860,0.015384615384615385,0.35042735042735046,-1.1241280716687283,0.9462424847980451,0.9999996640137201,0.9263519487934532,PDCD6,1
GO:0031122,cytoplasmic microtubule organization,1/828,65/18860,0.015384615384615385,0.35042735042735046,-1.1241280716687283,0.9462424847980451,0.9999996640137201,0.9263519487934532,FSD1,1
GO:0032757,positive regulation of interleukin-8 production,1/828,65/18860,0.015384615384615385,0.35042735042735046,-1.1241280716687283,0.9462424847980451,0.9999996640137201,0.9263519487934532,PLA2G1B,1
GO:0033059,cellular pigmentation,1/828,65/18860,0.015384615384615385,0.35042735042735046,-1.1241280716687283,0.9462424847980451,0.9999996640137201,0.9263519487934532,RAB17,1
GO:0045428,regulation of nitric oxide biosynthetic process,1/828,65/18860,0.015384615384615385,0.35042735042735046,-1.1241280716687283,0.9462424847980451,0.9999996640137201,0.9263519487934532,EDN1,1
GO:0031110,regulation of microtubule polymerization or depolymerization,2/828,104/18860,0.019230769230769232,0.4380341880341881,-1.2314279377538302,0.9462728583338278,0.9999996640137201,0.9263519487934532,FGF13/APC2,2
GO:0051650,establishment of vesicle localization,5/828,203/18860,0.024630541871921183,0.5610290093048714,-1.347458763939303,0.9467240998120543,0.9999996640137201,0.9263519487934532,PDCD6/SLC2A4/RAB17/KIF1A/KIF5C,5
GO:0140013,meiotic nuclear division,5/828,203/18860,0.024630541871921183,0.5610290093048714,-1.347458763939303,0.9467240998120543,0.9999996640137201,0.9263519487934532,REC8/ZCWPW1/BCL2L11/SYCP2/TDRD9,5
GO:1902369,negative regulation of RNA catabolic process,2/828,105/18860,0.01904761904761905,0.43386243386243395,-1.2465526838756325,0.9482335900778662,0.9999996640137201,0.9263519487934532,CIRBP/ZAR1,2
GO:0002698,negative regulation of immune effector process,3/828,140/18860,0.02142857142857143,0.48809523809523814,-1.3027252006193015,0.9485282671017967,0.9999996640137201,0.9263519487934532,SUSD4/IL33/TGFB3,3
GO:0034728,nucleosome organization,3/828,140/18860,0.02142857142857143,0.48809523809523814,-1.3027252006193015,0.9485282671017967,0.9999996640137201,0.9263519487934532,SMARCD3/TSPYL4/TSPYL5,3
GO:0060271,cilium assembly,12/828,408/18860,0.029411764705882353,0.6699346405228759,-1.4443114532521986,0.9486068476030958,0.9999996640137201,0.9263519487934532,FAM161A/DMD/RAB17/WDR90/TCTN2/WDPCP/KCNQ1/MICALL1/VANGL2/KCNJ10/DNAJB13/DCDC2,12
GO:0034605,cellular response to heat,1/828,66/18860,0.015151515151515152,0.3451178451178451,-1.1420314452575695,0.9486107328739812,0.9999996640137201,0.9263519487934532,PDCD6,1
GO:0002285,lymphocyte activation involved in immune response,6/828,235/18860,0.02553191489361702,0.5815602836879432,-1.3831562347198871,0.9487860885935269,0.9999996640137201,0.9263519487934532,ST3GAL1/ITM2A/RORC/ADA/RORA/BRD4,6
GO:0009132,nucleoside diphosphate metabolic process,3/828,141/18860,0.02127659574468085,0.4846335697399527,-1.316245531173273,0.9501989779175833,0.9999996640137201,0.9263519487934532,PRKAA2/NUPR1/PGAM2,3
GO:0051168,nuclear export,4/828,174/18860,0.022988505747126436,0.5236270753512132,-1.3527454160143912,0.9504148752509973,0.9999996640137201,0.9263519487934532,RANBP3L/NMD3/PRKD1/RANBP17,4
GO:0032613,interleukin-10 production,1/828,67/18860,0.014925373134328358,0.33996683250414594,-1.1597320348969526,0.9508747699698812,0.9999996640137201,0.9263519487934532,TRIB2,1
GO:0032653,regulation of interleukin-10 production,1/828,67/18860,0.014925373134328358,0.33996683250414594,-1.1597320348969526,0.9508747699698812,0.9999996640137201,0.9263519487934532,TRIB2,1
GO:0070059,intrinsic apoptotic signaling pathway in response to endoplasmic reticulum stress,1/828,67/18860,0.014925373134328358,0.33996683250414594,-1.1597320348969526,0.9508747699698812,0.9999996640137201,0.9263519487934532,BCL2L11,1
GO:1901799,negative regulation of proteasomal protein catabolic process,1/828,67/18860,0.014925373134328358,0.33996683250414594,-1.1597320348969526,0.9508747699698812,0.9999996640137201,0.9263519487934532,ALAD,1
GO:0002286,T cell activation involved in immune response,3/828,142/18860,0.02112676056338028,0.4812206572769953,-1.3296877709634658,0.9518190352542463,0.9999996640137201,0.9263519487934532,RORC/RORA/BRD4,3
GO:0016925,protein sumoylation,1/828,68/18860,0.014705882352941176,0.33496732026143794,-1.1772358819334017,0.9530391764225465,0.9999996640137201,0.9263519487934532,ZMIZ1,1
GO:0035825,homologous recombination,1/828,68/18860,0.014705882352941176,0.33496732026143794,-1.1772358819334017,0.9530391764225465,0.9999996640137201,0.9263519487934532,REC8,1
GO:0045739,positive regulation of DNA repair,3/828,143/18860,0.02097902097902098,0.4778554778554779,-1.3430530702783658,0.9533898118181867,0.9999996640137201,0.9263519487934532,SMARCD3/ZCWPW1/EGFR,3
GO:0044782,cilium organization,13/828,441/18860,0.02947845804988662,0.671453766691862,-1.4960128109373845,0.9537083368613973,0.9999996640137201,0.9263519487934532,FAM161A/DMD/RAB17/WDR90/TCTN2/WDPCP/KCNQ1/MICALL1/CWH43/VANGL2/KCNJ10/DNAJB13/DCDC2,13
GO:0002220,innate immune response activating cell surface receptor signaling pathway,2/828,108/18860,0.018518518518518517,0.42181069958847733,-1.291251028693206,0.9537145825357867,0.9999996640137201,0.9263519487934532,PAK3/RAB7B,2
GO:0002709,regulation of T cell mediated immunity,2/828,108/18860,0.018518518518518517,0.42181069958847733,-1.291251028693206,0.9537145825357867,0.9999996640137201,0.9263519487934532,AZGP1/SLC22A13,2
GO:0003341,cilium movement,7/828,269/18860,0.026022304832713755,0.5927302767451467,-1.441648682338493,0.9537752163198845,0.9999996640137201,0.9263519487934532,AQP4/PACRG/TAC4/CWH43/DNAH14/PLTP/DEFB1,7
GO:0030856,regulation of epithelial cell differentiation,4/828,177/18860,0.022598870056497175,0.514752040175769,-1.3898873226893322,0.9547230404934255,0.9999996640137201,0.9263519487934532,ALOX15B/FST/PROC/S1PR3,4
GO:0002707,negative regulation of lymphocyte mediated immunity,1/828,69/18860,0.014492753623188406,0.3301127214170692,-1.1945487518332505,0.9551083314843882,0.9999996640137201,0.9263519487934532,SUSD4,1
GO:0042273,ribosomal large subunit biogenesis,1/828,69/18860,0.014492753623188406,0.3301127214170692,-1.1945487518332505,0.9551083314843882,0.9999996640137201,0.9263519487934532,NIP7,1
GO:1903706,regulation of hemopoiesis,13/828,443/18860,0.029345372460496615,0.6684223727113118,-1.5133179654038091,0.9555464622124646,0.9999996640137201,0.9263519487934532,SMARCD3/ZMIZ1/GLUL/LRRC17/CDK6/SLC4A2/KITLG/RAB7B/ADA/MITF/TOX/ZBTB16/BRD4,13
GO:0007034,vacuolar transport,4/828,178/18860,0.02247191011235955,0.5118601747815231,-1.4021520390809883,0.9560806852367452,0.9999996640137201,0.9263519487934532,LAMP2/VPS37D/RAB7B/ADRB2,4
GO:0046785,microtubule polymerization,2/828,110/18860,0.01818181818181818,0.4141414141414141,-1.3205080552894712,0.9570555836957153,0.9999996640137201,0.9263519487934532,FGF13/NIN,2
GO:1902808,positive regulation of cell cycle G1/S phase transition,1/828,70/18860,0.014285714285714285,0.3253968253968254,-1.2116761508445923,0.9570864221411349,0.9999996640137201,0.9263519487934532,EGFR,1
GO:1905953,negative regulation of lipid localization,1/828,70/18860,0.014285714285714285,0.3253968253968254,-1.2116761508445923,0.9570864221411349,0.9999996640137201,0.9263519487934532,ABCA2,1
GO:0007005,mitochondrion organization,12/828,417/18860,0.02877697841726619,0.6554756195043965,-1.5244906114836165,0.9573735803337983,0.9999996640137201,0.9263519487934532,SLC25A36/ERBB4/HIP1R/BNIP3/NME3/PLD6/PRKAA2/SIRT4/BCL2L11/PPARGC1A/EDN1/HIGD1B,12
GO:0050868,negative regulation of T cell activation,3/828,146/18860,0.02054794520547945,0.46803652968036524,-1.3826984472593187,0.9578197427653968,0.9999996640137201,0.9263519487934532,SLC4A2/SFTPD/FGL1,3
GO:0008630,intrinsic apoptotic signaling pathway in response to DNA damage,2/828,111/18860,0.018018018018018018,0.41041041041041043,-1.3349800963590925,0.958638272436585,0.9999996640137201,0.9263519487934532,NUPR1/BCL2L11,2
GO:0090398,cellular senescence,2/828,111/18860,0.018018018018018018,0.41041041041041043,-1.3349800963590925,0.958638272436585,0.9999996640137201,0.9263519487934532,ZMIZ1/CDK6,2
GO:0030216,keratinocyte differentiation,4/828,180/18860,0.022222222222222223,0.5061728395061729,-1.4265117011036819,0.9586839905943518,0.9999996640137201,0.9263519487934532,SPRR2G/ALOX15B/CNFN/KRT73,4
GO:0045682,regulation of epidermis development,1/828,71/18860,0.014084507042253521,0.3208137715179969,-1.2286233414202061,0.9589774515433245,0.9999996640137201,0.9263519487934532,ALOX15B,1
GO:0034612,response to tumor necrosis factor,6/828,244/18860,0.02459016393442623,0.5601092896174863,-1.4820029494404658,0.9596965749970086,0.9999996640137201,0.9263519487934532,SLC2A4/ULK1/RORA/EDN1/PLVAP/POSTN,6
GO:0017015,regulation of transforming growth factor beta receptor signaling pathway,4/828,181/18860,0.022099447513812154,0.5033763044812768,-1.4386079732721575,0.9599314684134976,0.9999996640137201,0.9263519487934532,FOLR1/TGFB1I1/CHST11/DAND5,4
GO:0044843,cell cycle G1/S phase transition,7/828,275/18860,0.025454545454545455,0.5797979797979798,-1.5041659370232416,0.9603121618789983,0.9999996640137201,0.9263519487934532,SMARCD3/EGFR/CDK6/CCNJL/SOX2/ID4/FAM107A,7
GO:0010632,regulation of epithelial cell migration,1/828,72/18860,0.013888888888888888,0.31635802469135804,-1.2453953565101785,0.9607852470684789,0.9999996640137201,0.9263519487934532,EVL,1
GO:0034142,toll-like receptor 4 signaling pathway,1/828,72/18860,0.013888888888888888,0.31635802469135804,-1.2453953565101785,0.9607852470684789,0.9999996640137201,0.9263519487934532,RAB7B,1
GO:0060760,positive regulation of response to cytokine stimulus,1/828,72/18860,0.013888888888888888,0.31635802469135804,-1.2453953565101785,0.9607852470684789,0.9999996640137201,0.9263519487934532,EDN1,1
GO:0002699,positive regulation of immune effector process,7/828,276/18860,0.025362318840579712,0.5776972624798712,-1.514472489054864,0.9613166891634097,0.9999996640137201,0.9263519487934532,AZGP1/IL33/KIT/PGC/FFAR3/BRD4/SLC22A13,7
GO:0000082,G1/S transition of mitotic cell cycle,6/828,246/18860,0.024390243902439025,0.5555555555555556,-1.503549497898518,0.961814516787856,0.9999996640137201,0.9263519487934532,SMARCD3/EGFR/CDK6/CCNJL/ID4/FAM107A,6
GO:0009895,negative regulation of catabolic process,11/828,394/18860,0.027918781725888325,0.6359278059785674,-1.5649546454111292,0.9620357953999839,0.9999996640137201,0.9263519487934532,TBC1D14/PLIN5/TMEM132A/EGFR/ALAD/LEPR/NUPR1/MT3/CIRBP/TIMP3/ZAR1,11
GO:0050851,antigen receptor-mediated signaling pathway,5/828,215/18860,0.023255813953488372,0.5297157622739018,-1.4861101773395948,0.962067819698829,0.9999996640137201,0.9263519487934532,NFATC2/BTN1A1/CD3E/ADA/VAV3,5
GO:0006360,transcription by RNA polymerase I,1/828,73/18860,0.0136986301369863,0.3120243531202435,-1.2619970128219973,0.9625134680301193,0.9999996640137201,0.9263519487934532,TCOF1,1
GO:0030225,macrophage differentiation,1/828,73/18860,0.0136986301369863,0.3120243531202435,-1.2619970128219973,0.9625134680301193,0.9999996640137201,0.9263519487934532,IL33,1
GO:2000144,positive regulation of DNA-templated transcription initiation,1/828,73/18860,0.0136986301369863,0.3120243531202435,-1.2619970128219973,0.9625134680301193,0.9999996640137201,0.9263519487934532,MITF,1
GO:0071675,regulation of mononuclear cell migration,3/828,150/18860,0.02,0.45555555555555555,-1.4345472446930319,0.9631145621469206,0.9999996640137201,0.9263519487934532,PDGFD/C5/CXCL17,3
GO:1903844,regulation of cellular response to transforming growth factor beta stimulus,4/828,184/18860,0.021739130434782608,0.49516908212560384,-1.4745702688751117,0.9634677491869068,0.9999996640137201,0.9263519487934532,FOLR1/TGFB1I1/CHST11/DAND5,4
GO:0042987,amyloid precursor protein catabolic process,1/828,74/18860,0.013513513513513514,0.3078078078078078,-1.2784329231361888,0.9641656130490719,0.9999996640137201,0.9263519487934532,ABCA2,1
GO:0046530,photoreceptor cell differentiation,1/828,74/18860,0.013513513513513514,0.3078078078078078,-1.2784329231361888,0.9641656130490719,0.9999996640137201,0.9263519487934532,PPP2R3A,1
GO:0050435,amyloid-beta metabolic process,1/828,74/18860,0.013513513513513514,0.3078078078078078,-1.2784329231361888,0.9641656130490719,0.9999996640137201,0.9263519487934532,ABCA2,1
GO:0050854,regulation of antigen receptor-mediated signaling pathway,1/828,74/18860,0.013513513513513514,0.3078078078078078,-1.2784329231361888,0.9641656130490719,0.9999996640137201,0.9263519487934532,ADA,1
GO:0051057,positive regulation of small GTPase mediated signal transduction,1/828,74/18860,0.013513513513513514,0.3078078078078078,-1.2784329231361888,0.9641656130490719,0.9999996640137201,0.9263519487934532,KITLG,1
GO:2000134,negative regulation of G1/S transition of mitotic cell cycle,1/828,74/18860,0.013513513513513514,0.3078078078078078,-1.2784329231361888,0.9641656130490719,0.9999996640137201,0.9263519487934532,FAM107A,1
GO:0009206,purine ribonucleoside triphosphate biosynthetic process,2/828,115/18860,0.017391304347826087,0.3961352657004831,-1.3918691679349997,0.9644275952664532,0.9999996640137201,0.9263519487934532,NME9/NME3,2
GO:0030858,positive regulation of epithelial cell differentiation,1/828,75/18860,0.013333333333333334,0.30370370370370375,-1.2947075077569534,0.9657450271018435,0.9999996640137201,0.9263519487934532,ALOX15B,1
GO:0051865,protein autoubiquitination,1/828,75/18860,0.013333333333333334,0.30370370370370375,-1.2947075077569534,0.9657450271018435,0.9999996640137201,0.9263519487934532,RNF208,1
GO:0071479,cellular response to ionizing radiation,1/828,75/18860,0.013333333333333334,0.30370370370370375,-1.2947075077569534,0.9657450271018435,0.9999996640137201,0.9263519487934532,TSPYL5,1
GO:0009145,purine nucleoside triphosphate biosynthetic process,2/828,116/18860,0.017241379310344827,0.39272030651340994,-1.4058505830045516,0.9657484436519324,0.9999996640137201,0.9263519487934532,NME9/NME3,2
GO:0002753,cytoplasmic pattern recognition receptor signaling pathway,5/828,219/18860,0.0228310502283105,0.5200405885337392,-1.5308918662365003,0.96620350802585,0.9999996640137201,0.9263519487934532,LAMP2/PTPRS/PRKD1/RAB7B/KCNJ8,5
GO:0031109,microtubule polymerization or depolymerization,3/828,153/18860,0.0196078431372549,0.4466230936819172,-1.472709955542807,0.9666683791518613,0.9999996640137201,0.9263519487934532,FGF13/APC2/NIN,3
GO:0050852,T cell receptor signaling pathway,3/828,153/18860,0.0196078431372549,0.4466230936819172,-1.472709955542807,0.9666683791518613,0.9999996640137201,0.9263519487934532,BTN1A1/CD3E/ADA,3
GO:0043534,blood vessel endothelial cell migration,4/828,187/18860,0.0213903743315508,0.487225193107546,-1.510055758070222,0.9667124651547871,0.9999996640137201,0.9263519487934532,HDAC5/PRKD1/MICALL1/HRG,4
GO:0046651,lymphocyte proliferation,8/828,312/18860,0.02564102564102564,0.584045584045584,-1.5875486463742574,0.966721495724423,0.9999996640137201,0.9263519487934532,IGFBP2/NFATC2/CD3E/SLC4A2/SFTPD/KITLG/ADA/VAV3,8
GO:0006892,post-Golgi vesicle-mediated transport,2/828,117/18860,0.017094017094017096,0.38936372269705605,-1.419739054985929,0.967022065132679,0.9999996640137201,0.9263519487934532,GGA2/RAB26,2
GO:0006469,negative regulation of protein kinase activity,1/828,76/18860,0.013157894736842105,0.29970760233918126,-1.3108250051695771,0.9672549082601971,0.9999996640137201,0.9263519487934532,PDCD4,1
GO:0033363,secretory granule organization,1/828,76/18860,0.013157894736842105,0.29970760233918126,-1.3108250051695771,0.9672549082601971,0.9999996640137201,0.9263519487934532,PTPRN,1
GO:0048525,negative regulation of viral process,1/828,76/18860,0.013157894736842105,0.29970760233918126,-1.3108250051695771,0.9672549082601971,0.9999996640137201,0.9263519487934532,MID2,1
GO:0071260,cellular response to mechanical stimulus,1/828,76/18860,0.013157894736842105,0.29970760233918126,-1.3108250051695771,0.9672549082601971,0.9999996640137201,0.9263519487934532,BNIP3,1
GO:0001707,mesoderm formation,1/828,77/18860,0.012987012987012988,0.29581529581529586,-1.3267894819695585,0.9686983141354397,0.9999996640137201,0.9263519487934532,DKK1,1
GO:0010803,regulation of tumor necrosis factor-mediated signaling pathway,1/828,77/18860,0.012987012987012988,0.29581529581529586,-1.3267894819695585,0.9686983141354397,0.9999996640137201,0.9263519487934532,ULK1,1
GO:0032729,positive regulation of type II interferon production,1/828,77/18860,0.012987012987012988,0.29581529581529586,-1.3267894819695585,0.9686983141354397,0.9999996640137201,0.9263519487934532,CD3E,1
GO:0060294,cilium movement involved in cell motility,5/828,222/18860,0.02252252252252252,0.5130130130130129,-1.5640359785552747,0.9690280732837067,0.9999996640137201,0.9263519487934532,PACRG/TAC4/DNAH14/PLTP/DEFB1,5
GO:0007088,regulation of mitotic nuclear division,2/828,119/18860,0.01680672268907563,0.38281979458450044,-1.4472436020271449,0.9694339558764646,0.9999996640137201,0.9263519487934532,OBSL1/EDN1,2
GO:0051898,negative regulation of phosphatidylinositol 3-kinase/protein kinase B signal transduction,1/828,78/18860,0.01282051282051282,0.292022792022792,-1.3426048421222871,0.9700781680403461,0.9999996640137201,0.9263519487934532,PDCD6,1
GO:0071496,cellular response to external stimulus,1/828,78/18860,0.01282051282051282,0.292022792022792,-1.3426048421222871,0.9700781680403461,0.9999996640137201,0.9263519487934532,BNIP3,1
GO:0071806,protein transmembrane transport,1/828,78/18860,0.01282051282051282,0.292022792022792,-1.3426048421222871,0.9700781680403461,0.9999996640137201,0.9263519487934532,AZGP1,1
GO:0006334,nucleosome assembly,2/828,120/18860,0.016666666666666666,0.3796296296296296,-1.460862786843019,0.9705752687289666,0.9999996640137201,0.9263519487934532,TSPYL4/TSPYL5,2
GO:0007040,lysosome organization,2/828,120/18860,0.016666666666666666,0.3796296296296296,-1.460862786843019,0.9705752687289666,0.9999996640137201,0.9263519487934532,LAMP2/RAB7B,2
GO:0019882,antigen processing and presentation,2/828,120/18860,0.016666666666666666,0.3796296296296296,-1.460862786843019,0.9705752687289666,0.9999996640137201,0.9263519487934532,AZGP1/CTSF,2
GO:0080171,lytic vacuole organization,2/828,120/18860,0.016666666666666666,0.3796296296296296,-1.460862786843019,0.9705752687289666,0.9999996640137201,0.9263519487934532,LAMP2/RAB7B,2
GO:0120034,positive regulation of plasma membrane bounded cell projection assembly,2/828,120/18860,0.016666666666666666,0.3796296296296296,-1.460862786843019,0.9705752687289666,0.9999996640137201,0.9263519487934532,KIT/TGFB3,2
GO:0042098,T cell proliferation,5/828,224/18860,0.022321428571428572,0.5084325396825398,-1.585927516213519,0.9707881616548746,0.9999996640137201,0.9263519487934532,IGFBP2/CD3E/SLC4A2/SFTPD/KITLG,5
GO:2001233,regulation of apoptotic signaling pathway,11/828,406/18860,0.027093596059113302,0.6171319102353585,-1.6711655694699805,0.9709480623090994,0.9999996640137201,0.9263519487934532,FGA/FGB/FGG/COL2A1/TPD52L1/G0S2/AR/NUPR1/BCL2L11/RET/MAL,11
GO:0002437,inflammatory response to antigenic stimulus,1/828,79/18860,0.012658227848101266,0.2883263009845288,-1.358274835606647,0.97139726488107625,0.9999996640137201,0.9263519487934532,NPY,1
GO:0045911,positive regulation of DNA recombination,1/828,79/18860,0.012658227848101266,0.2883263009845288,-1.358274835606647,0.97139726488107625,0.9999996640137201,0.9263519487934532,ZCWPW1,1
GO:0048332,mesoderm morphogenesis,1/828,79/18860,0.012658227848101266,0.2883263009845288,-1.358274835606647,0.97139726488107625,0.9999996640137201,0.9263519487934532,DKK1,1
GO:0072678,T cell migration,1/828,79/18860,0.012658227848101266,0.2883263009845288,-1.358274835606647,0.97139726488107625,0.9999996640137201,0.9263519487934532,GNAI1,1
GO:0043484,regulation of RNA splicing,4/828,192/18860,0.020833333333333332,0.474537037037037,-1.568181686997715,0.9715304756977594,0.9999996640137201,0.9263519487934532,CELF4/RBPMS2/CIRBP/SRRM4,4
GO:0001539,cilium or flagellum-dependent cell motility,5/828,225/18860,0.022222222222222223,0.5061728395061729,-1.5968130831485692,0.9716330464897972,0.9999996640137201,0.9263519487934532,PACRG/TAC4/DNAH14/PLTP/DEFB1,5
GO:0060285,cilium-dependent cell motility,5/828,225/18860,0.022222222222222223,0.5061728395061729,-1.5968130831485692,0.9716330464897972,0.9999996640137201,0.9263519487934532,PACRG/TAC4/DNAH14/PLTP/DEFB1,5
GO:0009201,ribonucleoside triphosphate biosynthetic process,2/828,121/18860,0.01652892561983471,0.37649219467401285,-1.4743952510711549,0.9716754442456639,0.9999996640137201,0.9263519487934532,NME9/NME3,2
GO:0006605,protein targeting,8/828,319/18860,0.025078369905956112,0.5712295367467781,-1.6550311579636021,0.9720824524492687,0.9999996640137201,0.9263519487934532,SYNGR1/LAMP2/ZDHHC2/VPS37D/SIRT4/NACAD/MICALL1/CWH43,8
GO:0032943,mononuclear cell proliferation,8/828,319/18860,0.025078369905956112,0.5712295367467781,-1.6550311579636021,0.9720824524492687,0.9999996640137201,0.9263519487934532,IGFBP2/NFATC2/CD3E/SLC4A2/SFTPD/KITLG/ADA/VAV3,8
GO:0045787,positive regulation of cell cycle,9/828,349/18860,0.025787965616045846,0.5873925501432665,-1.6671987941598028,0.9720943794631478,0.9999996640137201,0.9263519487934532,SMARCD3/EGFR/NUPR1/BCL2L11/FOXA1/ASNS/OPN1MW/BRD4/EDN1,9
GO:0002637,regulation of immunoglobulin production,1/828,80/18860,0.0125,0.2847222222222222,-1.3738030664910301,0.9726582767909037,0.9999996640137201,0.9263519487934532,IL33,1
GO:0002704,negative regulation of leukocyte mediated immunity,1/828,80/18860,0.0125,0.2847222222222222,-1.3738030664910301,0.9726582767909037,0.9999996640137201,0.9263519487934532,SUSD4,1
GO:0006626,protein targeting to mitochondrion,1/828,80/18860,0.0125,0.2847222222222222,-1.3738030664910301,0.9726582767909037,0.9999996640137201,0.9263519487934532,SIRT4,1
GO:0043536,positive regulation of blood vessel endothelial cell migration,1/828,80/18860,0.0125,0.2847222222222222,-1.3738030664910301,0.9726582767909037,0.9999996640137201,0.9263519487934532,PRKD1,1
GO:0051298,centrosome duplication,1/828,80/18860,0.0125,0.2847222222222222,-1.3738030664910301,0.9726582767909037,0.9999996640137201,0.9263519487934532,WDR90,1
GO:0140895,cell surface toll-like receptor signaling pathway,1/828,80/18860,0.0125,0.2847222222222222,-1.3738030664910301,0.9726582767909037,0.9999996640137201,0.9263519487934532,RAB7B,1
GO:0032609,type II interferon production,2/828,122/18860,0.01639344262295082,0.37340619307832423,-1.4878424497844558,0.9727358889188512,0.9999996640137201,0.9263519487934532,IL33/CD3E,2
GO:0032649,regulation of type II interferon production,2/828,122/18860,0.01639344262295082,0.37340619307832423,-1.4878424497844558,0.9727358889188512,0.9999996640137201,0.9263519487934532,IL33/CD3E,2
GO:0006913,nucleocytoplasmic transport,9/828,350/18860,0.025714285714285714,0.5857142857142857,-1.6764218782278246,0.9727654870659034,0.9999996640137201,0.9263519487934532,RANBP3L/NMD3/IPO11/IL33/PRKD1/CWH43/INSIG1/CABP1/RANBP17,9
GO:0032496,response to lipopolysaccharide,9/828,350/18860,0.025714285714285714,0.5857142857142857,-1.6764218782278246,0.9727654870659034,0.9999996640137201,0.9263519487934532,PALM3/ATP4B/ALAD/HDAC5/PDCD4/LDOC1/ABCC8/EDN1/KCNJ8,9
GO:0051169,nuclear transport,9/828,350/18860,0.025714285714285714,0.5857142857142857,-1.6764218782278246,0.9727654870659034,0.9999996640137201,0.9263519487934532,RANBP3L/NMD3/IPO11/IL33/PRKD1/CWH43/INSIG1/CABP1/RANBP17,9
GO:0002705,positive regulation of leukocyte mediated immunity,3/828,159/18860,0.018867924528301886,0.429769392033543,-1.547281102381858,0.9728291478791772,0.9999996640137201,0.9263519487934532,AZGP1/KIT/SLC22A13,3
GO:0043535,regulation of blood vessel endothelial cell migration,3/828,159/18860,0.018867924528301886,0.429769392033543,-1.547281102381858,0.9728291478791772,0.9999996640137201,0.9263519487934532,HDAC5/PRKD1/HRG,3
GO:0007159,leukocyte cell-cell adhesion,12/828,439/18860,0.02733485193621868,0.6226271829916478,-1.7143473557787914,0.9734871368262081,0.9999996640137201,0.9263519487934532,SMARCD3/ZMIZ1/IGFBP2/CD3E/SLC4A2/SFTPD/KITLG/ADA/FGL1/ZBTB16/FUT9/BRD4,12
GO:0042113,B cell activation,7/828,291/18860,0.024054982817869417,0.5479190530736923,-1.6654093157925864,0.973860089246035,0.9999996640137201,0.9263519487934532,ST3GAL1/NFATC2/HDAC5/ITM2A/KIT/ADA/VAV3,7
GO:0019827,stem cell population maintenance,4/828,195/18860,0.020512820512820513,0.4672364672364672,-1.602471623970623,0.9740997576152008,0.9999996640137201,0.9263519487934532,CDH2/KIT/SOX2/VANGL2,4
GO:0051347,positive regulation of transferase activity,3/828,161/18860,0.018633540372670808,0.4244306418219462,-1.5716432139342793,0.9746310108453538,0.9999996640137201,0.9263519487934532,TPD52L1/MT3/EEF1A2,3
GO:0071482,cellular response to light stimulus,2/828,124/18860,0.016129032258064516,0.36738351254480284,-1.5144866849677467,0.9747429927804887,0.9999996640137201,0.9263519487934532,OPN4/OPN1MW,2
GO:0030330,"DNA damage response, signal transduction by p53 class mediator",1/828,82/18860,0.012195121951219513,0.2777777777777778,-1.404447972012763,0.9750161525714716,0.9999996640137201,0.9263519487934532,SMYD2,1
GO:0090049,regulation of cell migration involved in sprouting angiogenesis,1/828,82/18860,0.012195121951219513,0.2777777777777778,-1.404447972012763,0.9750161525714716,0.9999996640137201,0.9263519487934532,HDAC5,1
GO:0022900,electron transport chain,2/828,125/18860,0.016,0.36444444444444446,-1.5276864493797924,0.9756922494581576,0.9999996640137201,0.9263519487934532,DHRS2/PPARGC1A,2
GO:0021536,diencephalon development,1/828,83/18860,0.012048192771084338,0.2744310575635877,-1.419571190827081,0.976117794155816,0.9999996640137201,0.9263519487934532,SOX2,1
GO:0033673,negative regulation of kinase activity,1/828,83/18860,0.012048192771084338,0.2744310575635877,-1.419571190827081,0.976117794155816,0.9999996640137201,0.9263519487934532,PDCD4,1
GO:1903008,organelle disassembly,1/828,83/18860,0.012048192771084338,0.2744310575635877,-1.419571190827081,0.976117794155816,0.9999996640137201,0.9263519487934532,PRKAA2,1
GO:0043123,positive regulation of canonical NF-kappaB signal transduction,5/828,232/18860,0.021551724137931036,0.4909003831417625,-1.6719227115264261,0.9769414420102731,0.9999996640137201,0.9263519487934532,EDA/MID2/PRKD1/BRD4/EDN1,5
GO:0044458,motile cilium assembly,1/828,84/18860,0.011904761904761904,0.27116402116402116,-1.4345657482270229,0.9771709158706259,0.9999996640137201,0.9263519487934532,DMD,1
GO:0070534,protein K63-linked ubiquitination,1/828,84/18860,0.011904761904761904,0.27116402116402116,-1.4345657482270229,0.9771709158706259,0.9999996640137201,0.9263519487934532,RNF152,1
GO:2000142,regulation of DNA-templated transcription initiation,1/828,84/18860,0.011904761904761904,0.27116402116402116,-1.4345657482270229,0.9771709158706259,0.9999996640137201,0.9263519487934532,MITF,1
GO:1903038,negative regulation of leukocyte cell-cell adhesion,3/828,165/18860,0.01818181818181818,0.4141414141414141,-1.619662718264098,0.9778999996154016,0.9999996640137201,0.9263519487934532,SLC4A2/SFTPD/FGL1,3
GO:0098727,maintenance of cell number,4/828,200/18860,0.02,0.45555555555555555,-1.6586902736321356,0.9779045067557484,0.9999996640137201,0.9263519487934532,CDH2/KIT/SOX2/VANGL2,4
GO:2000278,regulation of DNA biosynthetic process,1/828,85/18860,0.011764705882352941,0.2679738562091503,-1.449434622880133,0.9781776522180439,0.9999996640137201,0.9263519487934532,KCNK2,1
GO:0045860,positive regulation of protein kinase activity,2/828,128/18860,0.015625,0.3559027777777778,-1.566811987975995,0.9783375702983959,0.9999996640137201,0.9263519487934532,TPD52L1/MT3,2
GO:0051321,meiotic cell cycle,7/828,299/18860,0.023411371237458192,0.533259011519881,-1.7432649555577093,0.9789058461101425,0.9999996640137201,0.9263519487934532,REC8/ZCWPW1/PLD6/BCL2L11/SYCP2/EDN1/TDRD9,7
GO:0006289,nucleotide-excision repair,1/828,86/18860,0.011627906976744186,0.2648578811369509,-1.4641806862949494,0.9791400439071762,0.9999996640137201,0.9263519487934532,SMARCD3,1
GO:1903051,negative regulation of proteolysis involved in protein catabolic process,1/828,86/18860,0.011627906976744186,0.2648578811369509,-1.4641806862949494,0.9791400439071762,0.9999996640137201,0.9263519487934532,ALAD,1
GO:0009142,nucleoside triphosphate biosynthetic process,2/828,129/18860,0.015503875968992248,0.3531438415159346,-1.5797000786931559,0.9791557262345887,0.9999996640137201,0.9263519487934532,NME9/NME3,2
GO:0050657,nucleic acid transport,3/828,167/18860,0.017964071856287425,0.4091816367265469,-1.643331829296116,0.9793801473273727,0.9999996640137201,0.9263519487934532,SIDT2/KIF5C/RANBP17,3
GO:0050658,RNA transport,3/828,167/18860,0.017964071856287425,0.4091816367265469,-1.643331829296116,0.9793801473273727,0.9999996640137201,0.9263519487934532,SIDT2/KIF5C/RANBP17,3
GO:0000209,protein polyubiquitination,7/828,300/18860,0.023333333333333334,0.5314814814814814,-1.7528750202834997,0.9794690573579992,0.9999996640137201,0.9263519487934532,ASB11/RNF180/UBE2QL1/PRKAA2/NEDD4L/RNF152/KLHL3,7
GO:0002440,production of molecular mediator of immune response,5/828,236/18860,0.0211864406779661,0.48258003766478336,-1.714017490469337,0.9795432788700853,0.9999996640137201,0.9263519487934532,IL33/KIT/PGC/FFAR3/TGFB3,5
GO:0030317,flagellated sperm motility,4/828,203/18860,0.019704433497536946,0.44882320744389714,-1.691884009085883,0.9799280550460017,0.9999996640137201,0.9263519487934532,PACRG/TAC4/PLTP/DEFB1,4
GO:0062207,regulation of pattern recognition receptor signaling pathway,4/828,203/18860,0.019704433497536946,0.44882320744389714,-1.691884009085883,0.9799280550460017,0.9999996640137201,0.9263519487934532,LAMP2/PTPRS/PRKD1/RAB7B,4
GO:0097722,sperm motility,4/828,204/18860,0.0196078431372549,0.4466230936819172,-1.7028617780953132,0.9805628046131207,0.9999996640137201,0.9263519487934532,PACRG/TAC4/PLTP/DEFB1,4
GO:0033209,tumor necrosis factor-mediated signaling pathway,2/828,131/18860,0.015267175572519083,0.3477523324851569,-1.6052528032841287,0.9807031811341669,0.9999996640137201,0.9263519487934532,ULK1/PLVAP,2
GO:0062208,positive regulation of pattern recognition receptor signaling pathway,1/828,88/18860,0.011363636363636364,0.2588383838383838,-1.493315360197991,0.9809395117010847,0.9999996640137201,0.9263519487934532,PRKD1,1
GO:0009144,purine nucleoside triphosphate metabolic process,6/828,271/18860,0.02214022140221402,0.5043050430504304,-1.7612608501496398,0.9809597485180517,0.9999996640137201,0.9263519487934532,NME9/NME3/PRKAA2/NUPR1/ADA/PGAM2,6
GO:0051236,establishment of RNA localization,3/828,170/18860,0.01764705882352941,0.4019607843137255,-1.6784253202623347,0.9814244428633538,0.9999996640137201,0.9263519487934532,SIDT2/KIF5C/RANBP17,3
GO:1902850,microtubule cytoskeleton organization involved in mitosis,3/828,170/18860,0.01764705882352941,0.4019607843137255,-1.6784253202623347,0.9814244428633538,0.9999996640137201,0.9263519487934532,GPSM1/GNAI1/FSD1,3
GO:0030512,negative regulation of transforming growth factor beta receptor signaling pathway,2/828,132/18860,0.015151515151515152,0.3451178451178451,-1.6179197291868386,0.9814345463262909,0.9999996640137201,0.9263519487934532,CHST11/DAND5,2
GO:1902806,regulation of cell cycle G1/S phase transition,4/828,206/18860,0.019417475728155338,0.442286947141316,-1.7246897495998676,0.9817758855797174,0.9999996640137201,0.9263519487934532,SMARCD3/EGFR/SOX2/FAM107A,4
GO:0002752,cell surface pattern recognition receptor signaling pathway,1/828,89/18860,0.011235955056179775,0.25593008739076156,-1.5077092226835687,0.981780236414035,0.9999996640137201,0.9263519487934532,RAB7B,1
GO:0040029,epigenetic regulation of gene expression,7/828,305/18860,0.022950819672131147,0.5227686703096539,-1.8005323823019972,0.9820822482330283,0.9999996640137201,0.9263519487934532,ZCWPW1/HDAC5/APOBEC2/SMARCA1/NDN/ZDBF2/TDRD9,7
GO:0010639,negative regulation of organelle organization,9/828,367/18860,0.02452316076294278,0.55858310626703,-1.8299147040744823,0.9821411500454,0.9999996640137201,0.9263519487934532,CGNL1/FGF13/HIP1R/BNIP3/APC2/NUPR1/TBC1D4/KANK4/LMOD2,9
GO:0007051,spindle organization,4/828,209/18860,0.019138755980861243,0.43593833067517274,-1.757119181230236,0.9834621138823447,0.9999996640137201,0.9263519487934532,CHD3/GNAI1/FSD1/TRIM36,4
GO:0030071,regulation of mitotic metaphase/anaphase transition,1/828,92/18860,0.010869565217391304,0.24758454106280192,-1.550226567437199,0.984086618428033,0.9999996640137201,0.9263519487934532,SMARCD3,1
GO:0060337,type I interferon-mediated signaling pathway,1/828,92/18860,0.010869565217391304,0.24758454106280192,-1.550226567437199,0.984086618428033,0.9999996640137201,0.9263519487934532,TBKBP1,1
GO:0046718,symbiont entry into host cell,2/828,136/18860,0.014705882352941176,0.33496732026143794,-1.6678833541014095,0.9841001514479997,0.9999996640137201,0.9263519487934532,EGFR/SLC10A1,2
GO:2001234,negative regulation of apoptotic signaling pathway,5/828,245/18860,0.02040816326530612,0.4648526077097505,-1.8066643906715423,0.9844269214700719,0.9999996640137201,0.9263519487934532,FGA/FGB/FGG/COL2A1/AR,5
GO:0002708,positive regulation of lymphocyte mediated immunity,2/828,137/18860,0.014598540145985401,0.332522303325223,-1.6802034527912528,0.9847061086602139,0.9999996640137201,0.9263519487934532,AZGP1/SLC22A13,2
GO:0007052,mitotic spindle organization,2/828,137/18860,0.014598540145985401,0.332522303325223,-1.6802034527912528,0.9847061086602139,0.9999996640137201,0.9263519487934532,GNAI1/FSD1,2
GO:0008033,tRNA processing,2/828,137/18860,0.014598540145985401,0.332522303325223,-1.6802034527912528,0.9847061086602139,0.9999996640137201,0.9263519487934532,ANKRD16/RPP30,2
GO:0006400,tRNA modification,1/828,93/18860,0.010752688172043012,0.24492234169653526,-1.5641853602702716,0.9847886793797375,0.9999996640137201,0.9263519487934532,ANKRD16,1
GO:0035023,regulation of Rho protein signal transduction,1/828,93/18860,0.010752688172043012,0.24492234169653526,-1.5641853602702716,0.9847886793797375,0.9999996640137201,0.9263519487934532,ARHGAP20,1
GO:0071357,cellular response to type I interferon,1/828,93/18860,0.010752688172043012,0.24492234169653526,-1.5641853602702716,0.9847886793797375,0.9999996640137201,0.9263519487934532,TBKBP1,1
GO:0002237,response to molecule of bacterial origin,9/828,375/18860,0.024,0.5466666666666666,-1.9000984748328564,0.9854326417248296,0.9999996640137201,0.9263519487934532,PALM3/ATP4B/ALAD/HDAC5/PDCD4/LDOC1/ABCC8/EDN1/KCNJ8,9
GO:0034243,regulation of transcription elongation by RNA polymerase II,1/828,94/18860,0.010638297872340425,0.24231678486997635,-1.578041014188664,0.9854598028130821,0.9999996640137201,0.9263519487934532,BRD4,1
GO:0007018,microtubule-based movement,13/828,496/18860,0.02620967741935484,0.5969982078853047,-1.949021917312145,0.9858414876448347,0.9999996640137201,0.9263519487934532,AQP4/KIF17/PACRG/RAB17/TAC4/WDPCP/NEFL/CWH43/DNAH14/KIF1A/KIF5C/PLTP/DEFB1,13
GO:0051028,mRNA transport,2/828,139/18860,0.014388489208633094,0.32773780975219824,-1.7046456473619833,0.9858514034998491,0.9999996640137201,0.9263519487934532,KIF5C/RANBP17,2
GO:2000045,regulation of G1/S transition of mitotic cell cycle,3/828,178/18860,0.016853932584269662,0.3838951310861423,-1.7697238651827818,0.985972134096061,0.9999996640137201,0.9263519487934532,SMARCD3/EGFR/FAM107A,3
GO:1902099,regulation of metaphase/anaphase transition of cell cycle,1/828,95/18860,0.010526315789473684,0.23976608187134502,-1.5917956351121891,0.9861013504668584,0.9999996640137201,0.9263519487934532,SMARCD3,1
GO:0007091,metaphase/anaphase transition of mitotic cell cycle,1/828,96/18860,0.010416666666666666,0.2372685185185185,-1.6054512617250507,0.9867146242112464,0.9999996640137201,0.9263519487934532,SMARCD3,1
GO:0097194,execution phase of apoptosis,1/828,96/18860,0.010416666666666666,0.2372685185185185,-1.6054512617250507,0.9867146242112464,0.9999996640137201,0.9263519487934532,GATA5,1
GO:0002456,T cell mediated immunity,2/828,141/18860,0.014184397163120567,0.32308904649330183,-1.7288301395685652,0.9869130860107946,0.9999996640137201,0.9263519487934532,AZGP1/SLC22A13,2
GO:0044409,symbiont entry into host,2/828,141/18860,0.014184397163120567,0.32308904649330183,-1.7288301395685652,0.9869130860107946,0.9999996640137201,0.9263519487934532,EGFR/SLC10A1,2
GO:1902117,positive regulation of organelle assembly,1/828,97/18860,0.010309278350515464,0.23482245131729668,-1.6190098683508618,0.9873008686768768,0.9999996640137201,0.9263519487934532,ULK1,1
GO:0032388,positive regulation of intracellular transport,2/828,142/18860,0.014084507042253521,0.3208137715179969,-1.740828031970269,0.9874144295930309,0.9999996640137201,0.9263519487934532,ZDHHC2/PRKD1,2
GO:0000281,mitotic cytokinesis,1/828,98/18860,0.01020408163265306,0.23242630385487525,-1.6324733676749381,0.9878612737685757,0.9999996640137201,0.9263519487934532,TRIM36,1
GO:0009141,nucleoside triphosphate metabolic process,6/828,287/18860,0.020905923344947737,0.4761904761904763,-1.9161339189426203,0.9880308959838531,0.9999996640137201,0.9263519487934532,NME9/NME3/PRKAA2/NUPR1/ADA/PGAM2,6
GO:0051250,negative regulation of lymphocyte activation,3/828,183/18860,0.01639344262295082,0.37340619307832423,-1.8252007261846162,0.9882497720993917,0.9999996640137201,0.9263519487934532,SLC4A2/SFTPD/FGL1,3
GO:0034340,response to type I interferon,1/828,99/18860,0.010101010101010102,0.23007856341189675,-1.6458436133235006,0.9883969770688432,0.9999996640137201,0.9263519487934532,TBKBP1,1
GO:0035278,miRNA-mediated gene silencing by inhibition of translation,1/828,99/18860,0.010101010101010102,0.23007856341189675,-1.6458436133235006,0.9883969770688432,0.9999996640137201,0.9263519487934532,WTIP,1
GO:0044784,metaphase/anaphase transition of cell cycle,1/828,99/18860,0.010101010101010102,0.23007856341189675,-1.6458436133235006,0.9883969770688432,0.9999996640137201,0.9263519487934532,SMARCD3,1
GO:0051348,negative regulation of transferase activity,1/828,99/18860,0.010101010101010102,0.23007856341189675,-1.6458436133235006,0.9883969770688432,0.9999996640137201,0.9263519487934532,PDCD4,1
GO:0022408,negative regulation of cell-cell adhesion,4/828,220/18860,0.01818181818181818,0.4141414141414141,-1.8729825649147083,0.9884644031454566,0.9999996640137201,0.9263519487934532,SLC4A2/SFTPD/MUC21/FGL1,4
GO:0002429,immune response-activating cell surface receptor signaling pathway,8/828,353/18860,0.0226628895184136,0.5162102612527542,-1.9662038501285255,0.9885493226160103,0.9999996640137201,0.9263519487934532,NFATC2/PAK3/BTN1A1/CD3E/PLA2G6/RAB7B/ADA/VAV3,8
GO:0002768,immune response-regulating cell surface receptor signaling pathway,9/828,385/18860,0.023376623376623377,0.5324675324675324,-1.9861061953001353,0.9887570541230897,0.9999996640137201,0.9263519487934532,NFATC2/PAK3/BTN1A1/CD3E/KIT/PLA2G6/RAB7B/ADA/VAV3,9
GO:0010212,response to ionizing radiation,2/828,145/18860,0.013793103448275862,0.31417624521072796,-1.7764547857887558,0.9888087886077754,0.9999996640137201,0.9263519487934532,ALAD/TSPYL5,2
GO:0043549,regulation of kinase activity,5/828,256/18860,0.01953125,0.4448784722222222,-1.9162732460470981,0.9889091116544606,0.9999996640137201,0.9263519487934532,TPD52L1/PDCD4/TRIB2/MT3/EEF1A2,5
GO:0051701,biological process involved in interaction with host,3/828,185/18860,0.016216216216216217,0.3693693693693694,-1.8470692127597486,0.9890574452962657,0.9999996640137201,0.9263519487934532,EGFR/SLC10A1/FBLN1,3
GO:0071214,cellular response to abiotic stimulus,8/828,355/18860,0.022535211267605635,0.5133020344287951,-1.9837261209114612,0.9891540766551282,0.9999996640137201,0.9263519487934532,BNIP3/SLC2A4/OPN4/SCNN1B/SCNN1G/OPN1MW/SCN2A/TSPYL5,8
GO:0104004,cellular response to environmental stimulus,8/828,355/18860,0.022535211267605635,0.5133020344287951,-1.9837261209114612,0.9891540766551282,0.9999996640137201,0.9263519487934532,BNIP3/SLC2A4/OPN4/SCNN1B/SCNN1G/OPN1MW/SCN2A/TSPYL5,8
GO:0007032,endosome organization,1/828,101/18860,0.009900990099009901,0.22552255225522552,-1.6723114773479808,0.9893985807009011,0.9999996640137201,0.9263519487934532,VPS37D,1
GO:0051783,regulation of nuclear division,2/828,147/18860,0.013605442176870748,0.30990173847316704,-1.7999085551902214,0.9896534355414376,0.9999996640137201,0.9263519487934532,OBSL1/EDN1,2
GO:0033108,mitochondrial respiratory chain complex assembly,1/828,102/18860,0.00980392156862745,0.2233115468409586,-1.685412529064804,0.9898665147687968,0.9999996640137201,0.9263519487934532,HIGD1B,1
GO:0002697,regulation of immune effector process,10/828,421/18860,0.023752969121140142,0.5410398522037477,-2.0407973975487237,0.9901404559126932,0.9999996640137201,0.9263519487934532,AZGP1/SUSD4/IL33/KIT/PGC/FFAR3/TGFB3/BRD4/SLC22A13/DNASE1,10
GO:0071478,cellular response to radiation,3/828,188/18860,0.015957446808510637,0.3634751773049645,-1.8795392489350429,0.9901695822502745,0.9999996640137201,0.9263519487934532,OPN4/OPN1MW/TSPYL5,3
GO:0009408,response to heat,1/828,103/18860,0.009708737864077669,0.221143473570658,-1.6984271980790324,0.9903138186269607,0.9999996640137201,0.9263519487934532,PDCD6,1
GO:0032784,regulation of DNA-templated transcription elongation,1/828,104/18860,0.009615384615384616,0.21901709401709404,-1.7113570769924904,0.9907414007657289,0.9999996640137201,0.9263519487934532,BRD4,1
GO:0045824,negative regulation of innate immune response,1/828,104/18860,0.009615384615384616,0.21901709401709404,-1.7113570769924904,0.9907414007657289,0.9999996640137201,0.9263519487934532,SUSD4,1
GO:0009060,aerobic respiration,6/828,297/18860,0.020202020202020204,0.4601571268237935,-2.009435469628272,0.9911055755586253,0.9999996640137201,0.9263519487934532,PRKAA2/SIRT4/NUPR1/NNT/IDH2/PGAM2,6
GO:0032637,interleukin-8 production,1/828,105/18860,0.009523809523809525,0.21693121693121697,-1.7242037122765757,0.9911501297146507,0.9999996640137201,0.9263519487934532,PLA2G1B,1
GO:0032677,regulation of interleukin-8 production,1/828,105/18860,0.009523809523809525,0.21693121693121697,-1.7242037122765757,0.9911501297146507,0.9999996640137201,0.9263519487934532,PLA2G1B,1
GO:0006457,protein folding,4/828,228/18860,0.017543859649122806,0.3996101364522417,-1.9544455983365172,0.9911578719969896,0.9999996640137201,0.9263519487934532,PDILT/ERP27/PDIA2/DNAJB13,4
GO:2000779,regulation of double-strand break repair,2/828,151/18860,0.013245033112582781,0.3016924208977189,-1.8461308986893783,0.991160250815128,0.9999996640137201,0.9263519487934532,SMARCD3/ZCWPW1,2
GO:0002703,regulation of leukocyte mediated immunity,5/828,264/18860,0.01893939393939394,0.4313973063973064,-1.9936717576212322,0.9913691139419304,0.9999996640137201,0.9263519487934532,AZGP1/SUSD4/KIT/SLC22A13/DNASE1,5
GO:0009205,purine ribonucleoside triphosphate metabolic process,5/828,264/18860,0.01893939393939394,0.4313973063973064,-1.9936717576212322,0.9913691139419304,0.9999996640137201,0.9263519487934532,NME9/NME3/PRKAA2/NUPR1/PGAM2,5
GO:0030101,natural killer cell activation,1/828,107/18860,0.009345794392523364,0.21287642782969884,-1.7496532178744093,0.9919143128142192,0.9999996640137201,0.9263519487934532,TOX,1
GO:0033045,regulation of sister chromatid segregation,1/828,107/18860,0.009345794392523364,0.21287642782969884,-1.7496532178744093,0.9919143128142192,0.9999996640137201,0.9263519487934532,SMARCD3,1
GO:0035082,axoneme assembly,1/828,107/18860,0.009345794392523364,0.21287642782969884,-1.7496532178744093,0.9919143128142192,0.9999996640137201,0.9263519487934532,DNAJB13,1
GO:0001960,negative regulation of cytokine-mediated signaling pathway,1/828,108/18860,0.009259259259259259,0.21090534979423867,-1.7622589662058523,0.9922713196392512,0.9999996640137201,0.9263519487934532,PALM3,1
GO:0000910,cytokinesis,3/828,195/18860,0.015384615384615385,0.35042735042735046,-1.9538156698679252,0.9923570239957207,0.9999996640137201,0.9263519487934532,OPN1MW/FSD1/TRIM36,3
GO:0045333,cellular respiration,7/828,336/18860,0.020833333333333332,0.474537037037037,-2.0825570730872234,0.9925156907125435,0.9999996640137201,0.9263519487934532,PRKAA2/SIRT4/NUPR1/NNT/PPARGC1A/IDH2/PGAM2,7
GO:0043124,negative regulation of canonical NF-kappaB signal transduction,1/828,109/18860,0.009174311926605505,0.2089704383282365,-1.7747872301185401,0.9926125817626887,0.9999996640137201,0.9263519487934532,RORA,1
GO:0045859,regulation of protein kinase activity,4/828,234/18860,0.017094017094017096,0.38936372269705605,-2.014110439216172,0.992771364693555,0.9999996640137201,0.9263519487934532,TPD52L1/PDCD4/TRIB2/MT3,4
GO:0002460,adaptive immune response based on somatic recombination of immune receptors built from immunoglobulin superfamily domains,9/828,402/18860,0.022388059701492536,0.5099502487562189,-2.1282048476178987,0.9928387683075703,0.9999996640137201,0.9263519487934532,AZGP1/SUSD4/C5/IL33/RORC/ADA/RORA/BRD4/SLC22A13,9
GO:0045814,"negative regulation of gene expression, epigenetic",3/828,197/18860,0.015228426395939087,0.34686971235194586,-1.9746710453126979,0.9928902028648602,0.9999996640137201,0.9263519487934532,HDAC5/SMARCA1/TDRD9,3
GO:0050866,negative regulation of cell activation,4/828,235/18860,0.01702127659574468,0.3877068557919622,-2.0239404790533944,0.9930112176881745,0.9999996640137201,0.9263519487934532,SLC4A2/SFTPD/FGL1/F2,4
GO:0001959,regulation of cytokine-mediated signaling pathway,3/828,198/18860,0.015151515151515152,0.3451178451178451,-1.9850397517618217,0.9931431227599986,0.9999996640137201,0.9263519487934532,PALM3/ULK1/EDN1,3
GO:0002377,immunoglobulin production,1/828,111/18860,0.009009009009009009,0.20520520520520522,-1.799616632443327,0.9932506156661065,0.9999996640137201,0.9263519487934532,IL33,1
GO:0009411,response to UV,2/828,159/18860,0.012578616352201259,0.286512928022362,-1.9359975557988691,0.993558483911779,0.9999996640137201,0.9263519487934532,EGFR/CIRBP,2
GO:0060761,negative regulation of response to cytokine stimulus,1/828,113/18860,0.008849557522123894,0.2015732546705998,-1.8241517226674115,0.9938336048647951,0.9999996640137201,0.9263519487934532,PALM3,1
GO:0000377,"RNA splicing, via transesterification reactions with bulged adenosine as nucleophile",7/828,344/18860,0.020348837209302327,0.46350129198966417,-2.1519236818015752,0.994070072895727,0.9999996640137201,0.9263519487934532,CELF4/SNRPN/RBPMS2/ZCRB1/CIRBP/SRPK3/SRRM4,7
GO:0000398,"mRNA splicing, via spliceosome",7/828,344/18860,0.020348837209302327,0.46350129198966417,-2.1519236818015752,0.994070072895727,0.9999996640137201,0.9263519487934532,CELF4/SNRPN/RBPMS2/ZCRB1/CIRBP/SRPK3/SRRM4,7
GO:0022904,respiratory electron transport chain,1/828,115/18860,0.008695652173913044,0.19806763285024154,-1.8484022550176797,0.9943662929518315,0.9999996640137201,0.9263519487934532,PPARGC1A,1
GO:0036503,ERAD pathway,1/828,115/18860,0.008695652173913044,0.19806763285024154,-1.8484022550176797,0.9943662929518315,0.9999996640137201,0.9263519487934532,FBXO27,1
GO:0090068,positive regulation of cell cycle process,5/828,278/18860,0.017985611510791366,0.4096722621902478,-2.1248188444211333,0.9944762258391653,0.9999996640137201,0.9263519487934532,SMARCD3/EGFR/OPN1MW/BRD4/EDN1,5
GO:0002706,regulation of lymphocyte mediated immunity,3/828,204/18860,0.014705882352941176,0.33496732026143794,-2.0464510148173005,0.9944874014670135,0.9999996640137201,0.9263519487934532,AZGP1/SUSD4/SLC22A13,3
GO:0031507,heterochromatin formation,2/828,163/18860,0.012269938650306749,0.2794819359236537,-1.9797267939987704,0.9945056970069055,0.9999996640137201,0.9263519487934532,SMARCA1/TDRD9,2
GO:0000375,"RNA splicing, via transesterification reactions",7/828,348/18860,0.020114942528735632,0.4581736909323116,-2.1861280133914405,0.9947273316844911,0.9999996640137201,0.9263519487934532,CELF4/SNRPN/RBPMS2/ZCRB1/CIRBP/SRPK3/SRRM4,7
GO:0000077,DNA damage checkpoint signaling,1/828,117/18860,0.008547008547008548,0.19468186134852802,-1.872377478426233,0.9948530151832626,0.9999996640137201,0.9263519487934532,BRD4,1
GO:0072594,establishment of protein localization to organelle,11/828,478/18860,0.02301255230125523,0.5241748024174803,-2.2579668069708148,0.9949502138154442,0.9999996640137201,0.9263519487934532,LAMP2/RYR2/IPO11/VPS37D/IL33/SIRT4/PRKD1/CWH43/INSIG1/CABP1/RANBP17,11
GO:0002181,cytoplasmic translation,3/828,208/18860,0.014423076923076924,0.328525641025641,-2.0866564238803194,0.9952376589372616,0.9999996640137201,0.9263519487934532,GPR155/PRKAA2/RNF152,3
GO:0006403,RNA localization,3/828,208/18860,0.014423076923076924,0.328525641025641,-2.0866564238803194,0.9952376589372616,0.9999996640137201,0.9263519487934532,SIDT2/KIF5C/RANBP17,3
GO:0006275,regulation of DNA replication,1/828,120/18860,0.008333333333333333,0.1898148148148148,-1.9078431917725993,0.9955054853951206,0.9999996640137201,0.9263519487934532,EGFR,1
GO:0060759,regulation of response to cytokine stimulus,3/828,210/18860,0.014285714285714285,0.3253968253968254,-2.1065470286297314,0.9955746340347307,0.9999996640137201,0.9263519487934532,PALM3/ULK1/EDN1,3
GO:0140888,interferon-mediated signaling pathway,1/828,121/18860,0.008264462809917356,0.18824609733700642,-1.919536674443153,0.9957040690713661,0.9999996640137201,0.9263519487934532,TBKBP1,1
GO:0002695,negative regulation of leukocyte activation,3/828,212/18860,0.014150943396226415,0.32232704402515727,-2.1262998278129777,0.9958884041670668,0.9999996640137201,0.9263519487934532,SLC4A2/SFTPD/FGL1,3
GO:0002443,leukocyte mediated immunity,11/828,488/18860,0.022540983606557378,0.5134335154826959,-2.333600088842888,0.9961084800060536,0.9999996640137201,0.9263519487934532,AZGP1/SUSD4/C5/PLA2G1B/KIT/SCNN1B/CHGA/F2/SLC18A2/SLC22A13/DNASE1,11
GO:0043414,macromolecule methylation,1/828,124/18860,0.008064516129032258,0.18369175627240142,-1.9542455665801943,0.9962487643800082,0.9999996640137201,0.9263519487934532,SMYD2,1
GO:0009451,RNA modification,2/828,173/18860,0.011560693641618497,0.26332691072575465,-2.085838183394741,0.9963163631903458,0.9999996640137201,0.9263519487934532,ANKRD16/APOBEC2,2
GO:0044772,mitotic cell cycle phase transition,10/828,461/18860,0.021691973969631236,0.49409496264160035,-2.3565404891804236,0.9965667374298998,0.9999996640137201,0.9263519487934532,SMARCD3/CDK14/EGFR/TPD52L1/CDK6/CCNJL/NES/BRD4/ID4/FAM107A,10
GO:0031570,DNA integrity checkpoint signaling,1/828,126/18860,0.007936507936507936,0.18077601410934743,-1.9770844636685458,0.9965730032878146,0.9999996640137201,0.9263519487934532,BRD4,1
GO:0061640,cytoskeleton-dependent cytokinesis,1/828,126/18860,0.007936507936507936,0.18077601410934743,-1.9770844636685458,0.9965730032878146,0.9999996640137201,0.9263519487934532,TRIM36,1
GO:0016579,protein deubiquitination,1/828,127/18860,0.007874015748031496,0.17935258092738407,-1.9884164675611993,0.9967244687131209,0.9999996640137201,0.9263519487934532,OTUD6A,1
GO:0043122,regulation of canonical NF-kappaB signal transduction,6/828,332/18860,0.018072289156626505,0.4116465863453815,-2.317637972101988,0.9969669103630947,0.9999996640137201,0.9263519487934532,EDA/MID2/PRKD1/RORA/BRD4/EDN1,6
GO:0006368,transcription elongation by RNA polymerase II,1/828,129/18860,0.007751937984496124,0.1765719207579673,-2.010909820546814,0.9970076343252194,0.9999996640137201,0.9263519487934532,BRD4,1
GO:0072655,establishment of protein localization to mitochondrion,1/828,129/18860,0.007751937984496124,0.1765719207579673,-2.010909820546814,0.9970076343252194,0.9999996640137201,0.9263519487934532,SIRT4,1
GO:0097193,intrinsic apoptotic signaling pathway,6/828,335/18860,0.01791044776119403,0.40796019900497515,-2.342862216125409,0.9972408406523279,0.9999996640137201,0.9263519487934532,ZNF385B/HIP1R/BNIP3/NUPR1/BCL2L11/SCN2A,6
GO:0032259,methylation,3/828,224/18860,0.013392857142857142,0.3050595238095238,-2.2420630173714833,0.9973635605220799,0.9999996640137201,0.9263519487934532,SMYD2/MECOM/GNMT,3
GO:0050777,negative regulation of immune response,3/828,226/18860,0.01327433628318584,0.3023598820058997,-2.260919867500497,0.997552995933084,0.9999996640137201,0.9263519487934532,SUSD4/IL33/NPY,3
GO:0051983,regulation of chromosome segregation,1/828,134/18860,0.007462686567164179,0.16998341625207297,-2.0661850203728114,0.9976131332296777,0.9999996640137201,0.9263519487934532,SMARCD3,1
GO:0051338,regulation of transferase activity,5/828,304/18860,0.01644736842105263,0.3746345029239766,-2.3554889740907647,0.9976428948328206,0.9999996640137201,0.9263519487934532,TPD52L1/PDCD4/TRIB2/MT3/EEF1A2,5
GO:0002758,innate immune response-activating signaling pathway,6/828,342/18860,0.017543859649122806,0.3996101364522417,-2.401053924424508,0.9977907026210533,0.9999996640137201,0.9263519487934532,LAMP2/PTPRS/PAK3/PRKD1/RAB7B/KCNJ8,6
GO:0071222,cellular response to lipopolysaccharide,3/828,229/18860,0.013100436681222707,0.2983988355167394,-2.2889826916404026,0.9978124991396319,0.9999996640137201,0.9263519487934532,HDAC5/PDCD4/LDOC1,3
GO:0032479,regulation of type I interferon production,1/828,136/18860,0.007352941176470588,0.16748366013071897,-2.0879276877510273,0.9978195502889916,0.9999996640137201,0.9263519487934532,PTPRS,1
GO:0032606,type I interferon production,1/828,136/18860,0.007352941176470588,0.16748366013071897,-2.0879276877510273,0.9978195502889916,0.9999996640137201,0.9263519487934532,PTPRS,1
GO:0001578,microtubule bundle formation,1/828,138/18860,0.007246376811594203,0.1650563607085346,-2.1094689274534066,0.998008136016755,0.9999996640137201,0.9263519487934532,DNAJB13,1
GO:0051053,negative regulation of DNA metabolic process,1/828,139/18860,0.007194244604316547,0.16386890487609912,-2.1201656922005165,0.9980962282813702,0.9999996640137201,0.9263519487934532,KCNK2,1
GO:0006367,transcription initiation at RNA polymerase II promoter,2/828,190/18860,0.010526315789473684,0.23976608187134502,-2.2568590304648124,0.9981452807292658,0.9999996640137201,0.9263519487934532,APOBEC2/PPARGC1A,2
GO:0006352,DNA-templated transcription initiation,3/828,234/18860,0.01282051282051282,0.292022792022792,-2.3351778109419223,0.9981865184848098,0.9999996640137201,0.9263519487934532,APOBEC2/PPARGC1A/MITF,3
GO:0050792,regulation of viral process,1/828,141/18860,0.0070921985815602835,0.16154452324665092,-2.1414147479638572,0.9982609100928783,0.9999996640137201,0.9263519487934532,MID2,1
GO:0006282,regulation of DNA repair,3/828,236/18860,0.012711864406779662,0.2895480225988701,-2.3534598663496173,0.9983179471338526,0.9999996640137201,0.9263519487934532,SMARCD3/ZCWPW1/EGFR,3
GO:0006354,DNA-templated transcription elongation,1/828,143/18860,0.006993006993006993,0.1592851592851593,-2.16247533041844,0.9984113621569282,0.9999996640137201,0.9263519487934532,BRD4,1
GO:0002832,negative regulation of response to biotic stimulus,1/828,144/18860,0.006944444444444444,0.15817901234567902,-2.1729364553480512,0.9984816400932461,0.9999996640137201,0.9263519487934532,SUSD4,1
GO:2001242,regulation of intrinsic apoptotic signaling pathway,2/828,195/18860,0.010256410256410256,0.2336182336182336,-2.3051597157652277,0.9984863751146997,0.9999996640137201,0.9263519487934532,NUPR1/BCL2L11,2
GO:0000018,regulation of DNA recombination,1/828,145/18860,0.006896551724137931,0.15708812260536398,-2.183352250690091,0.9985488126730064,0.9999996640137201,0.9263519487934532,ZCWPW1,1
GO:0046034,ATP metabolic process,3/828,241/18860,0.012448132780082987,0.2835408022130014,-2.398691284037643,0.998607118484296,0.9999996640137201,0.9263519487934532,PRKAA2/NUPR1/PGAM2,3
GO:0070646,protein modification by small protein removal,1/828,146/18860,0.00684931506849315,0.15601217656012176,-2.19372328756879,0.9986130169533565,0.9999996640137201,0.9263519487934532,OTUD6A,1
GO:0051054,positive regulation of DNA metabolic process,4/828,283/18860,0.014134275618374558,0.3219473890851983,-2.4627559053085237,0.9986825959353061,0.9999996640137201,0.9263519487934532,SMARCD3/ZCWPW1/EGFR/GATA5,4
GO:0007249,canonical NF-kappaB signal transduction,6/828,359/18860,0.016713091922005572,0.3806870937790158,-2.538705375692159,0.9987221580479234,0.9999996640137201,0.9263519487934532,EDA/MID2/PRKD1/RORA/BRD4/EDN1,6
GO:0006119,oxidative phosphorylation,1/828,148/18860,0.006756756756756757,0.1539039039039039,-2.214333313367866,0.9987330388998952,0.9999996640137201,0.9263519487934532,NUPR1,1
GO:0042770,signal transduction in response to DNA damage,2/828,200/18860,0.01,0.22777777777777777,-2.3526321228047635,0.9987654737738598,0.9999996640137201,0.9263519487934532,SMYD2/BRD4,2
GO:0002833,positive regulation of response to biotic stimulus,9/828,465/18860,0.01935483870967742,0.4408602150537635,-2.6160709891747302,0.9987874973230861,0.9999996640137201,0.9263519487934532,LAMP2/PTPRS/PAK3/PRKD1/RAB7B/PGC/HRG/KCNJ8/SLC22A13,9
GO:0002221,pattern recognition receptor signaling pathway,5/828,325/18860,0.015384615384615385,0.35042735042735046,-2.5311953567174776,0.9988378421637527,0.9999996640137201,0.9263519487934532,LAMP2/PTPRS/PRKD1/RAB7B/KCNJ8,5
GO:0002218,activation of innate immune response,6/828,362/18860,0.016574585635359115,0.3775322283609576,-2.5624849165271617,0.99884110969071,0.9999996640137201,0.9263519487934532,LAMP2/PTPRS/PAK3/PRKD1/RAB7B/KCNJ8,6
GO:0045786,negative regulation of cell cycle,7/828,399/18860,0.017543859649122806,0.3996101364522417,-2.597435293652887,0.9988865223958003,0.9999996640137201,0.9263519487934532,CDK6/NUPR1/ALOX15B/SOX2/GAS1/BRD4/FAM107A,7
GO:0071219,cellular response to molecule of bacterial origin,3/828,247/18860,0.012145748987854251,0.2766531713900135,-2.452107010495148,0.9988904135187939,0.9999996640137201,0.9263519487934532,HDAC5/PDCD4/LDOC1,3
GO:0016064,immunoglobulin mediated immune response,2/828,203/18860,0.009852216748768473,0.22441160372194857,-2.380734499379043,0.9989078808592255,0.9999996640137201,0.9263519487934532,SUSD4/C5,2
GO:0006399,tRNA metabolic process,2/828,206/18860,0.009708737864077669,0.221143473570658,-2.408560926907359,0.9990340544372904,0.9999996640137201,0.9263519487934532,ANKRD16/RPP30,2
GO:0019724,B cell mediated immunity,2/828,206/18860,0.009708737864077669,0.221143473570658,-2.408560926907359,0.9990340544372904,0.9999996640137201,0.9263519487934532,SUSD4/C5,2
GO:0051607,defense response to virus,5/828,334/18860,0.014970059880239521,0.34098469727212244,-2.6039368770180413,0.9991457767826375,0.9999996640137201,0.9263519487934532,MID2/BNIP3/IL33/TBKBP1/KCNJ8,5
GO:0006997,nucleus organization,1/828,160/18860,0.00625,0.1423611111111111,-2.3345124956029353,0.9992640882130447,0.9999996640137201,0.9263519487934532,SYNE1,1
GO:0071824,protein-DNA complex organization,3/828,265/18860,0.011320754716981131,0.25786163522012573,-2.6071275438600012,0.9994425759095185,0.9999996640137201,0.9263519487934532,SMARCD3/TSPYL4/TSPYL5,3
GO:0071897,DNA biosynthetic process,1/828,168/18860,0.005952380952380952,0.13558201058201058,-2.411587923586646,0.9994877900419457,0.9999996640137201,0.9263519487934532,KCNK2,1
GO:0071216,cellular response to biotic stimulus,3/828,274/18860,0.010948905109489052,0.2493917274939173,-2.6819347703536303,0.9996062014934262,0.9999996640137201,0.9263519487934532,HDAC5/PDCD4/LDOC1,3
GO:1901988,negative regulation of cell cycle phase transition,3/828,274/18860,0.010948905109489052,0.2493917274939173,-2.6819347703536303,0.9996062014934262,0.9999996640137201,0.9263519487934532,SOX2/BRD4/FAM107A,3
GO:1901987,regulation of cell cycle phase transition,8/828,468/18860,0.017094017094017096,0.38936372269705605,-2.8664449029129706,0.9996134543622321,0.9999996640137201,0.9263519487934532,SMARCD3/CDK14/EGFR/CDK6/SOX2/CDK18/BRD4/FAM107A,8
GO:1901990,regulation of mitotic cell cycle phase transition,5/828,357/18860,0.014005602240896359,0.3190164954870837,-2.7835701783268423,0.999615639548223,0.9999996640137201,0.9263519487934532,SMARCD3/EGFR/CDK6/BRD4/FAM107A,5
GO:0042254,ribosome biogenesis,4/828,318/18860,0.012578616352201259,0.286512928022362,-2.749627921423459,0.9996291537484148,0.9999996640137201,0.9263519487934532,GLUL/NMD3/RPP30/NIP7,4
GO:0022618,protein-RNA complex assembly,2/828,231/18860,0.008658008658008658,0.1972101972101972,-2.6306654150921496,0.9996552470447752,0.9999996640137201,0.9263519487934532,CELF4/SRPK3,2
GO:0098813,nuclear chromosome segregation,4/828,323/18860,0.01238390092879257,0.28207774337805297,-2.788762325771085,0.9996914919849496,0.9999996640137201,0.9263519487934532,SMARCD3/REC8/ZCWPW1/SYCP2,4
GO:0009615,response to virus,7/828,445/18860,0.015730337078651686,0.3583021223470662,-2.935467632819049,0.9997469136808151,0.9999996640137201,0.9263519487934532,MID2/CDK6/BNIP3/IL33/TBKBP1/CHRM2/KCNJ8,7
GO:0071826,protein-RNA complex organization,2/828,240/18860,0.008333333333333333,0.1898148148148148,-2.706777946241725,0.999762767305514,0.9999996640137201,0.9263519487934532,CELF4/SRPK3,2
GO:0000075,cell cycle checkpoint signaling,1/828,187/18860,0.0053475935828877,0.1218062982768865,-2.5861673353740304,0.999783529082616,0.9999996640137201,0.9263519487934532,BRD4,1
GO:0045930,negative regulation of mitotic cell cycle,2/828,244/18860,0.00819672131147541,0.18670309653916212,-2.740017875466534,0.9997991687708501,0.9999996640137201,0.9263519487934532,GAS1/FAM107A,2
GO:0000280,nuclear division,7/828,453/18860,0.01545253863134658,0.35197449104733874,-2.991591192628379,0.9998056895104097,0.9999996640137201,0.9263519487934532,OBSL1/REC8/ZCWPW1/BCL2L11/SYCP2/EDN1/TDRD9,7
GO:0065004,protein-DNA complex assembly,2/828,245/18860,0.00816326530612245,0.18594104308390025,-2.74827337394527,0.9998073685351612,0.9999996640137201,0.9263519487934532,TSPYL4/TSPYL5,2
GO:0008380,RNA splicing,8/828,490/18860,0.0163265306122449,0.3718820861678005,-3.018819806619169,0.9998081321038539,0.9999996640137201,0.9263519487934532,CELF4/SNRPN/RBPMS2/ZCRB1/PPARGC1A/CIRBP/SRPK3/SRRM4,8
GO:1901991,negative regulation of mitotic cell cycle phase transition,1/828,193/18860,0.0051813471502590676,0.11801957397812321,-2.6390820142253353,0.9998351085649975,0.9999996640137201,0.9263519487934532,FAM107A,1
GO:1903313,positive regulation of mRNA metabolic process,2/828,250/18860,0.008,0.18222222222222223,-2.789232211155802,0.9998436491496523,0.9999996640137201,0.9263519487934532,CELF4/CIRBP,2
GO:0019058,viral life cycle,3/828,298/18860,0.010067114093959731,0.22930648769574943,-2.873624384606577,0.9998455971814051,0.9999996640137201,0.9263519487934532,EGFR/VPS37D/SLC10A1,3
GO:0000724,double-strand break repair via homologous recombination,1/828,195/18860,0.005128205128205128,0.1168091168091168,-2.65650376166253,0.9998494124825488,0.9999996640137201,0.9263519487934532,REC8,1
GO:1903311,regulation of mRNA metabolic process,6/828,423/18860,0.014184397163120567,0.32308904649330183,-3.0172350693291206,0.9998507856256538,0.9999996640137201,0.9263519487934532,CELF4/RBPMS2/CIRBP/SRPK3/ZAR1/SRRM4,6
GO:0000725,recombinational repair,1/828,201/18860,0.004975124378109453,0.11332227750138199,-2.7081467399914927,0.9998853073262635,0.9999996640137201,0.9263519487934532,REC8,1
GO:0045089,positive regulation of innate immune response,6/828,432/18860,0.013888888888888888,0.31635802469135804,-3.0802363470482397,0.9998907362720533,0.9999996640137201,0.9263519487934532,LAMP2/PTPRS/PAK3/PRKD1/RAB7B/KCNJ8,6
GO:0016032,viral process,5/828,396/18860,0.012626262626262626,0.2875982042648709,-3.0701687864772187,0.9999041884418967,0.9999996640137201,0.9263519487934532,ST3GAL1/EGFR/MID2/VPS37D/SLC10A1,5
GO:0010948,negative regulation of cell cycle process,3/828,318/18860,0.009433962264150943,0.2148846960167715,-3.0256679429179787,0.9999299200789591,0.9999996640137201,0.9263519487934532,SOX2/BRD4/FAM107A,3
GO:0016072,rRNA metabolic process,2/828,270/18860,0.007407407407407408,0.16872427983539093,-2.9480838546471397,0.9999324069166069,0.9999996640137201,0.9263519487934532,RPP30/TCOF1,2
GO:0140014,mitotic nuclear division,2/828,281/18860,0.0071174377224199285,0.16211941478845393,-3.0323314429753214,0.9999574872796901,0.9999996640137201,0.9263519487934532,OBSL1/EDN1,2
GO:0006364,rRNA processing,1/828,223/18860,0.004484304932735426,0.10214250124564025,-2.890176679037377,0.9999577713507792,0.9999996640137201,0.9263519487934532,RPP30,1
GO:0006302,double-strand break repair,3/828,334/18860,0.008982035928143712,0.20459081836327345,-3.1428637420242995,0.9999629604837861,0.9999996640137201,0.9263519487934532,SMARCD3/REC8/ZCWPW1,3
GO:0043488,regulation of mRNA stability,2/828,287/18860,0.006968641114982578,0.15873015873015872,-3.0774272031502687,0.9999670106653064,0.9999996640137201,0.9263519487934532,CIRBP/ZAR1,2
GO:0006260,DNA replication,2/828,290/18860,0.006896551724137931,0.15708812260536398,-3.0997578596671618,0.9999709447718346,0.9999996640137201,0.9263519487934532,EGFR/NT5M,2
GO:0000819,sister chromatid segregation,1/828,233/18860,0.004291845493562232,0.0977587029089175,-2.969489227598564,0.9999731963643607,0.9999996640137201,0.9263519487934532,SMARCD3,1
GO:0002449,lymphocyte mediated immunity,4/828,388/18860,0.010309278350515464,0.23482245131729668,-3.263425260855726,0.9999733468876215,0.9999996640137201,0.9263519487934532,AZGP1/SUSD4/C5/SLC22A13,4
GO:0007059,chromosome segregation,5/828,434/18860,0.01152073732718894,0.26241679467485923,-3.331140111339279,0.9999761415503414,0.9999996640137201,0.9263519487934532,SMARCD3/REC8/ZCWPW1/BEX4/SYCP2,5
GO:0043487,regulation of RNA stability,2/828,303/18860,0.006600660066006601,0.15034836817015035,-3.1949265291003046,0.9999832630709926,0.9999996640137201,0.9263519487934532,CIRBP/ZAR1,2
GO:0033044,regulation of chromosome organization,1/828,244/18860,0.004098360655737705,0.09335154826958106,-3.054521606973051,0.9999837477459599,0.9999996640137201,0.9263519487934532,SMARCD3,1
GO:0061013,regulation of mRNA catabolic process,2/828,305/18860,0.006557377049180328,0.1493624772313297,-3.2093458875382925,0.999984627567251,0.9999996640137201,0.9263519487934532,CIRBP/ZAR1,2
GO:0022613,ribonucleoprotein complex biogenesis,6/828,496/18860,0.012096774193548387,0.27553763440860213,-3.5036892054405095,0.9999887480613474,0.9999996640137201,0.9263519487934532,CELF4/GLUL/NMD3/RPP30/NIP7/SRPK3,6
GO:0141188,nucleic acid catabolic process,5/828,479/18860,0.010438413361169102,0.2377638598932962,-3.6209729019285257,0.999995580845771,0.9999996640137201,0.9263519487934532,SIDT2/CIRBP/GATA5/ZAR1/DNASE1,5
GO:0051052,regulation of DNA metabolic process,5/828,497/18860,0.01006036217303823,0.22915269394142634,-3.731876692888504,0.9999977727510199,0.9999996640137201,0.9263519487934532,SMARCD3/KCNK2/ZCWPW1/EGFR/GATA5,5
GO:0006310,DNA recombination,2/828,358/18860,0.00558659217877095,0.12725015518311608,-3.5725186492685586,0.9999984112974312,0.9999996640137201,0.9263519487934532,REC8/ZCWPW1,2
GO:0006402,mRNA catabolic process,2/828,371/18860,0.005390835579514825,0.12279125486672657,-3.6566698043170103,0.999999093426738,0.9999996640137201,0.9263519487934532,CIRBP/ZAR1,2
GO:0006401,RNA catabolic process,3/828,449/18860,0.0066815144766146995,0.15219005196733482,-3.8961488365759327,0.9999996640137201,0.9999996640137201,0.9263519487934532,SIDT2/CIRBP/ZAR1,3
