ID,Description,GeneRatio,BgRatio,RichFactor,FoldEnrichment,zScore,pvalue,p.adjust,qvalue,geneID,Count,method,direction,database,category,subcategory,pathway
GO:0000280,nuclear division,80/1161,453/18860,0.17660044150110377,2.8688064829550535,10.311527453020531,7.213880802805515e-18,3.0620605320108e-14,2.3685977819160033e-14,KIF18A/KIF2A/AURKA/RAD51AP1/CHEK2/FANCD2/TRIP13/ZWILCH/RAD54L/CDC25B/SKA1/ESPL1/MAD2L1/CDCA8/EDN3/KIF22/KIF4A/CDCA2/ANLN/CENPK/MYBL2/SPAG5/RAD51/SPC25/CKS2/BUB1/SKA3/NCAPG/CENPI/CHEK1/NUF2/TEX11/BIRC5/NEK2/KIF23/UBE2S/FANCA/CCNB1/TOP2A/CDC20/FIGNL1/CENPE/KIF20B/PSRC1/INCENP/NCAPG2/BORA/MND1/TPX2/DLGAP5/CCNB2/BUB1B/PTTG1/RACGAP1/LIF/PRC1/ASPM/KIF11/KIF14/CENPF/MSX2/KIFC1/ZWINT/KIF15/SPC24/BRCA2/RCC1/GEN1/FBXO5/CCNE2/UBE2C/HOXA13/MKI67/BRIP1/NUSAP1/UHRF1/MSX1/CDT1/EREG/TNF,80,Nominal,B_higher,GO_BP,NA,NA,nuclear division
GO:0140014,mitotic nuclear division,60/1161,281/18860,0.21352313167259787,3.4686014326832004,10.678101502194352,1.1451236095777111e-17,3.0620605320108e-14,2.3685977819160033e-14,KIF18A/KIF2A/AURKA/CHEK2/TRIP13/ZWILCH/SKA1/ESPL1/MAD2L1/CDCA8/EDN3/KIF22/KIF4A/CDCA2/ANLN/CENPK/MYBL2/SPAG5/SPC25/BUB1/SKA3/NCAPG/CENPI/CHEK1/NUF2/BIRC5/NEK2/KIF23/UBE2S/CCNB1/CDC20/CENPE/KIF20B/PSRC1/INCENP/NCAPG2/BORA/TPX2/DLGAP5/BUB1B/RACGAP1/PRC1/KIF11/KIF14/CENPF/KIFC1/ZWINT/KIF15/SPC24/RCC1/GEN1/FBXO5/UBE2C/HOXA13/MKI67/NUSAP1/UHRF1/CDT1/EREG/TNF,60,Nominal,B_higher,GO_BP,NA,NA,mitotic nuclear division
GO:0000070,mitotic sister chromatid segregation,48/1161,192/18860,0.25,4.061154177433247,10.919129016101865,2.8575661082549487e-17,5.0940878489824885e-14,3.9404332650673506e-14,KIF18A/KIF2A/CHEK2/TRIP13/ZWILCH/SKA1/ESPL1/MAD2L1/CDCA8/KIF22/KIF4A/CENPK/MYBL2/SPAG5/SPC25/BUB1/SKA3/NCAPG/CENPI/NUF2/BIRC5/NEK2/KIF23/CCNB1/CDC20/CENPE/PSRC1/INCENP/NCAPG2/TPX2/DLGAP5/BUB1B/RACGAP1/PRC1/KIF11/KIF14/CENPF/KIFC1/ZWINT/KIF15/SPC24/RCC1/GEN1/FBXO5/UBE2C/NUSAP1/UHRF1/CDT1,48,Nominal,B_higher,GO_BP,NA,NA,mitotic sister chromatid segregation
GO:0007059,chromosome segregation,75/1161,434/18860,0.1728110599078341,2.8072494314054706,9.7554768714664,2.754137103145807e-16,3.682281306905944e-13,2.848357582990269e-13,GPSM2/KIF18A/KIF2A/AURKA/ECT2/FAM83D/CHEK2/FANCD2/TRIP13/ZWILCH/ESCO2/SKA1/ESPL1/MAD2L1/CDCA8/KIF22/KIF4A/CDCA2/CENPK/MYBL2/SPAG5/CENPW/SPC25/BUB1/SKA3/NCAPG/CENPI/NUF2/TEX11/STIL/TACC3/BIRC5/NEK2/KIF23/CCNB1/OIP5/TOP2A/CDC20/CENPO/CENPE/PSRC1/INCENP/NCAPG2/CENPM/BRCA1/MND1/TPX2/DLGAP5/CCNB2/BUB1B/CENPL/PTTG1/RACGAP1/PRC1/ASPM/CDC6/KIF11/KIF14/DIAPH3/CENPF/KIFC1/ZWINT/KIF15/SPC24/HJURP/RCC1/GEN1/FBXO5/CCNE2/UBE2C/MKI67/BRIP1/NUSAP1/UHRF1/CDT1,75,Nominal,B_higher,GO_BP,NA,NA,chromosome segregation
GO:0098813,nuclear chromosome segregation,62/1161,323/18860,0.19195046439628485,3.118161721372896,9.834260928306938,7.30161779534825e-16,7.809810393904489e-13,6.041127986467079e-13,KIF18A/KIF2A/AURKA/ECT2/FAM83D/CHEK2/FANCD2/TRIP13/ZWILCH/SKA1/ESPL1/MAD2L1/CDCA8/KIF22/KIF4A/CENPK/MYBL2/SPAG5/SPC25/BUB1/SKA3/NCAPG/CENPI/NUF2/TEX11/TACC3/BIRC5/NEK2/KIF23/CCNB1/TOP2A/CDC20/CENPE/PSRC1/INCENP/NCAPG2/MND1/TPX2/DLGAP5/CCNB2/BUB1B/PTTG1/RACGAP1/PRC1/ASPM/CDC6/KIF11/KIF14/CENPF/KIFC1/ZWINT/KIF15/SPC24/RCC1/GEN1/FBXO5/CCNE2/UBE2C/BRIP1/NUSAP1/UHRF1/CDT1,62,Nominal,B_higher,GO_BP,NA,NA,nuclear chromosome segregation
GO:0000819,sister chromatid segregation,51/1161,233/18860,0.21888412017167383,3.5556886360359767,10.053459219067436,1.1225260118882197e-15,1.0005448519296998e-12,7.739521450387197e-13,KIF18A/KIF2A/CHEK2/TRIP13/ZWILCH/SKA1/ESPL1/MAD2L1/CDCA8/KIF22/KIF4A/CENPK/MYBL2/SPAG5/SPC25/BUB1/SKA3/NCAPG/CENPI/NUF2/TACC3/BIRC5/NEK2/KIF23/CCNB1/TOP2A/CDC20/CENPE/PSRC1/INCENP/NCAPG2/TPX2/DLGAP5/BUB1B/RACGAP1/PRC1/CDC6/KIF11/KIF14/CENPF/KIFC1/ZWINT/KIF15/SPC24/RCC1/GEN1/FBXO5/UBE2C/NUSAP1/UHRF1/CDT1,51,Nominal,B_higher,GO_BP,NA,NA,sister chromatid segregation
GO:0007088,regulation of mitotic nuclear division,35/1161,119/18860,0.29411764705882354,4.777828444039114,10.588157870027674,2.75497325643196e-15,2.1047995679140177e-12,1.628127052297384e-12,AURKA/TRIP13/ZWILCH/SKA1/ESPL1/MAD2L1/CDCA8/EDN3/CDCA2/SPC25/BUB1/SKA3/CHEK1/NUF2/BIRC5/NEK2/CCNB1/CDC20/KIF20B/INCENP/BORA/DLGAP5/BUB1B/CENPF/ZWINT/SPC24/RCC1/GEN1/FBXO5/UBE2C/HOXA13/MKI67/NUSAP1/EREG/TNF,35,Nominal,B_higher,GO_BP,NA,NA,regulation of mitotic nuclear division
GO:0051783,regulation of nuclear division,39/1161,147/18860,0.2653061224489796,4.30979626992916,10.317852052931483,3.271819258266693e-15,2.1872111741512842e-12,1.6918749585510662e-12,AURKA/RAD51AP1/TRIP13/ZWILCH/SKA1/ESPL1/MAD2L1/CDCA8/EDN3/CDCA2/SPC25/BUB1/SKA3/CHEK1/NUF2/BIRC5/NEK2/CCNB1/CDC20/KIF20B/INCENP/BORA/DLGAP5/BUB1B/LIF/CENPF/MSX2/ZWINT/SPC24/RCC1/GEN1/FBXO5/UBE2C/HOXA13/MKI67/NUSAP1/MSX1/EREG/TNF,39,Nominal,B_higher,GO_BP,NA,NA,regulation of nuclear division
GO:0090068,positive regulation of cell cycle process,54/1161,278/18860,0.1942446043165468,3.1554291450560483,9.27280221461672,3.3239694002291903e-14,1.9578223980767683e-11,1.5144357013820608e-11,GPSM2/AURKA/PLK4/ECT2/RAD51AP1/ANXA1/FAM83D/CHEK2/CDC25B/SKA1/ESPL1/RRM2/MAD2L1/CDCA8/EDN3/CDC25A/PKP3/SPAG5/BUB1/SKA3/NCAPG/EZH2/CHEK1/STIL/BIRC5/KIF23/SVIL/CCNB1/FEN1/CDC20/KIF20B/POC1A/INCENP/NCAPG2/DLGAP5/RACGAP1/CDC6/KIF14/MSX2/GEN1/FBXO5/CCNE2/UBE2C/HOXA13/CCND2/NUSAP1/E2F7/ATAD5/DTL/MSX1/EREG/TNF/LEF1/CYP1A1,54,Nominal,B_higher,GO_BP,NA,NA,positive regulation of cell cycle process
GO:0050900,leukocyte migration,67/1161,397/18860,0.16876574307304787,2.741534809954938,8.982088992335061,3.6608496598294105e-14,1.9578223980767683e-11,1.5144357013820608e-11,CXCL16/LYN/WDR1/CD9/TNFRSF11A/ANXA1/S100A14/CKLF/EXT1/LGALS3/EDN3/MYD88/RIPK3/NEDD9/HMOX1/MCU/TRPM2/BST1/ECM1/F2RL1/CXCL3/FUT4/SAA1/GP2/FFAR2/MDK/CCR6/PADI2/ITGA2/PLA2G7/ASCL2/DPP4/S100A9/CXCR2/CCL20/PYCARD/CXCL10/HCK/S100A12/C5AR1/CXCL5/FPR2/BDKRB1/ADAM8/TNFRSF18/RIN3/NCKAP1L/CCR1/S100A8/SELL/FAM3D/CCL13/TNF/SLAMF8/CCL26/TREM2/PF4/SELP/TNFAIP6/ICAM1/CCL3/CCL25/CXCL11/SCG2/CXCL9/CH25H/DPEP1,67,Nominal,B_higher,GO_BP,NA,NA,leukocyte migration
GO:0050727,regulation of inflammatory response,71/1161,460/18860,0.15434782608695652,2.507321274763135,8.382564595912962,5.904792086182783e-13,2.8708025524459566e-10,2.220653865904147e-10,F12/ADORA2B/CCL15/LYN/TNFRSF1B/TNFRSF11A/IL18/PLA2G3/ANXA1/FANCD2/CAMK2N1/PBK/USP18/MYD88/IL22RA1/MGLL/IL20RB/FANCA/GBP1/IFI35/MAP3K8/CASP1/PIK3AP1/CTSC/DUSP10/BST1/LDLR/GBP3/SOCS3/STAT5A/MFHAS1/SAA1/FFAR2/MDK/PLA2G2A/CREB3L3/ACE2/LRRC19/PLA2G7/SEMA7A/JAK2/ZBP1/S100A9/PYCARD/MMP3/NR5A2/HCK/NOD2/AGT/S100A12/FPR2/ADAM8/NT5E/DNASE1L3/SIGLEC10/C2CD4A/TTBK1/CCR1/S100A8/HLA-DRB1/TNF/IDO1/NR1H4/SLAMF8/TREM2/TNFAIP6/CCL3/FGR/REG3A/NLRP7/MMP9,71,Nominal,B_higher,GO_BP,NA,NA,regulation of inflammatory response
GO:0000075,cell cycle checkpoint signaling,41/1161,187/18860,0.2192513368983957,3.561653931010976,9.016443967528334,6.811188389823375e-13,3.0355196257312836e-10,2.3480675764917424e-10,LYN/CHEK2/FANCD2/TRIP13/ZWILCH/SKA1/MAD2L1/CDCA8/RAD51/SPC25/BUB1/SKA3/CHEK1/HUS1/NUF2/PARP9/CDC45/ORC1/BIRC5/FBXO6/CCNB1/CDC20/INCENP/BRCA1/BUB1B/CDC6/CDKN1A/CLSPN/CENPF/ZWINT/SPC24/BRCA2/STK38/NEK11/GEN1/E2F1/BRIP1/BLM/DTL/CDT1/WDR76,41,Nominal,B_higher,GO_BP,NA,NA,cell cycle checkpoint signaling
GO:0060326,cell chemotaxis,57/1161,330/18860,0.17272727272727273,2.8058883407720616,8.476395844059805,1.14642705393315e-12,4.494617029929998e-10,3.476724191557079e-10,CCL15/CCRL2/CXCL16/LYN/TNFRSF11A/ANXA1/S100A14/CKLF/LGALS3/EDN3/EPHA2/NEDD9/CCL18/MCU/TRPM2/BST1/F2RL1/CXCL3/SAA1/CXCL1/FFAR2/HSPB1/MDK/CCR6/PADI2/PLA2G7/DPP4/S100A9/CXCR2/CCL20/CXCL10/CXCL2/S100A12/CCL3L3/C5AR1/CXCL5/FPR2/HOXB9/ADAM8/RIN3/NCKAP1L/CCR1/S100A8/CCL13/LEF1/SLAMF8/CCL26/PF4/TNFAIP6/CCL3/CCL25/CXCL11/SCG2/CXCL9/DEFB4A/CH25H/DPEP1,57,Nominal,B_higher,GO_BP,NA,NA,cell chemotaxis
GO:0045787,positive regulation of cell cycle,59/1161,349/18860,0.16905444126074498,2.746224601358872,8.433327207131471,1.1766013167356018e-12,4.494617029929998e-10,3.476724191557079e-10,GPSM2/AURKA/PLK4/ECT2/RAD51AP1/ANXA1/FAM83D/CHEK2/CDC25B/SKA1/ESPL1/RRM2/MAD2L1/CDCA8/EDN3/CDC25A/PKP3/SPAG5/BUB1/SKA3/NCAPG/EZH2/CHEK1/STIL/BIRC5/KIF23/SVIL/CCNB1/FEN1/CDC20/KIF20B/POC1A/INCENP/NCAPG2/STAT5A/DLGAP5/RACGAP1/CDC6/KIF14/MSX2/BRCA2/GEN1/TBX3/FBXO5/CCNE2/UBE2C/HOXA13/CCND2/NUSAP1/E2F7/OVOL1/MEIS2/ATAD5/DTL/MSX1/EREG/TNF/LEF1/CYP1A1,59,Nominal,B_higher,GO_BP,NA,NA,positive regulation of cell cycle
GO:0097530,granulocyte migration,35/1161,148/18860,0.23648648648648649,3.841632330004423,8.88872999046653,3.3052763203667608e-12,1.178441184088096e-9,9.115604167748331e-10,WDR1/ANXA1/S100A14/CKLF/LGALS3/EDN3/MYD88/MCU/BST1/CXCL3/FUT4/SAA1/GP2/MDK/DPP4/S100A9/CXCR2/CXCL10/S100A12/C5AR1/CXCL5/ADAM8/NCKAP1L/S100A8/FAM3D/CCL13/SLAMF8/CCL26/PF4/TNFAIP6/CCL3/CCL25/SCG2/CXCL9/DPEP1,35,Nominal,B_higher,GO_BP,NA,NA,granulocyte migration
GO:0010965,regulation of mitotic sister chromatid separation,22/1161,61/18860,0.3606557377049181,5.85871422318239,9.734641780917803,4.171851421971595e-12,1.3944413377940054e-9,1.0786431637071296e-9,TRIP13/ZWILCH/SKA1/ESPL1/MAD2L1/CDCA8/SPC25/BUB1/SKA3/NUF2/BIRC5/CCNB1/CDC20/INCENP/DLGAP5/BUB1B/CENPF/ZWINT/SPC24/GEN1/FBXO5/UBE2C,22,Nominal,B_higher,GO_BP,NA,NA,regulation of mitotic sister chromatid separation
GO:1990266,neutrophil migration,29/1161,106/18860,0.27358490566037735,4.4442819300212895,9.107637686445562,4.971122119050879e-12,1.541085805183281e-9,1.192077159069853e-9,WDR1/CKLF/LGALS3/EDN3/MYD88/MCU/BST1/CXCL3/FUT4/SAA1/GP2/MDK/DPP4/S100A9/CXCR2/CXCL10/S100A12/C5AR1/CXCL5/ADAM8/NCKAP1L/S100A8/FAM3D/SLAMF8/PF4/TNFAIP6/CCL3/CXCL9/DPEP1,29,Nominal,B_higher,GO_BP,NA,NA,neutrophil migration
GO:0061844,antimicrobial humoral immune response mediated by antimicrobial peptide,33/1161,135/18860,0.24444444444444444,3.9709063068236192,8.872499882661732,5.186900615800124e-12,1.541085805183281e-9,1.192077159069853e-9,CCL15/LGALS4/DMBT1/LGALS3/SEMG1/CCL18/CXCL3/CXCL1/NTS/S100A9/CCL20/CXCL10/KLK7/CXCL2/S100A12/CCL3L3/CXCL5/REG3G/KRT6A/MMP7/CCL13/CCL26/PF4/CCL3/CCL25/CXCL11/REG3A/DEFA3/CXCL9/DEFA5/DEFB4A/REG1B/DEFA6,33,Nominal,B_higher,GO_BP,NA,NA,antimicrobial humoral immune response mediated by antimicrobial peptide
GO:0030595,leukocyte chemotaxis,45/1161,237/18860,0.189873417721519,3.0844208942530997,8.270577674611891,1.0451859309831336e-11,2.941923346788314e-9,2.275667982694578e-9,CXCL16/LYN/TNFRSF11A/ANXA1/S100A14/CKLF/LGALS3/EDN3/NEDD9/MCU/TRPM2/BST1/F2RL1/CXCL3/SAA1/FFAR2/MDK/CCR6/PADI2/PLA2G7/DPP4/S100A9/CXCR2/CXCL10/S100A12/C5AR1/CXCL5/FPR2/ADAM8/RIN3/NCKAP1L/CCR1/S100A8/CCL13/SLAMF8/CCL26/PF4/TNFAIP6/CCL3/CCL25/CXCL11/SCG2/CXCL9/CH25H/DPEP1,45,Nominal,B_higher,GO_BP,NA,NA,leukocyte chemotaxis
GO:1905818,regulation of chromosome separation,24/1161,76/18860,0.3157894736842105,5.129878960968312,9.239557134246825,1.1893582332795104e-11,3.1803439157894103e-9,2.4600936088360395e-9,TRIP13/ZWILCH/SKA1/ESPL1/MAD2L1/CDCA8/SPC25/BUB1/SKA3/NCAPG/NUF2/BIRC5/CCNB1/CDC20/INCENP/NCAPG2/DLGAP5/BUB1B/CENPF/ZWINT/SPC24/GEN1/FBXO5/UBE2C,24,Nominal,B_higher,GO_BP,NA,NA,regulation of chromosome separation
GO:0051306,mitotic sister chromatid separation,22/1161,64/18860,0.34375,5.584086993970715,9.408300821814388,1.2670061044840832e-11,3.226642212752798e-9,2.4959067622167662e-9,TRIP13/ZWILCH/SKA1/ESPL1/MAD2L1/CDCA8/SPC25/BUB1/SKA3/NUF2/BIRC5/CCNB1/CDC20/INCENP/DLGAP5/BUB1B/CENPF/ZWINT/SPC24/GEN1/FBXO5/UBE2C,22,Nominal,B_higher,GO_BP,NA,NA,mitotic sister chromatid separation
GO:0044772,mitotic cell cycle phase transition,68/1161,461/18860,0.1475054229934924,2.3961690591363194,7.773067476570922,1.5323694791419493e-11,3.725050897477793e-9,2.881441173697541e-9,MELK/CALM2/AURKA/CCNF/ANXA1/CHEK2/TRIP13/ZWILCH/CCNA2/CDC25B/SKA1/ESPL1/RRM2/MAD2L1/CDCA8/CDKN3/FOXM1/CDC25A/ANLN/SPC25/CKS2/BUB1/SKA3/EZH2/CHEK1/HUS1/NUF2/ORC1/STIL/TACC3/BIRC5/CCNI2/UBE2S/CCNB1/CDC20/SKP2/CENPE/INCENP/BRCA1/DLGAP5/CCNB2/BUB1B/CDC6/MYB/CDKN1A/KIF14/CLSPN/CENPF/ZWINT/SPC24/RCC1/NEK11/GEN1/FBXO5/CCNE2/UBE2C/IQGAP3/E2F1/CCND2/E2F7/BLM/ATAD5/UBD/DTL/SLFN11/PIM2/INHBA/CYP1A1,68,Nominal,B_higher,GO_BP,NA,NA,mitotic cell cycle phase transition
GO:0006935,chemotaxis,69/1161,474/18860,0.14556962025316456,2.364722685594043,7.70710062563501,1.9957555110174233e-11,4.640565423009209e-9,3.589619752081681e-9,CCL15/CCRL2/CXCL16/LYN/PTAFR/TNFRSF11A/ANXA1/S100A14/CKLF/LGALS3/EDN3/F3/EPHA2/NEDD9/CCL18/MCU/TRPM2/BST1/F2RL1/CXCL3/CMTM1/PLD1/PLAUR/SAA1/CXCL1/FFAR2/HSPB1/MDK/CCR6/PADI2/ITGA2/PLA2G7/SEMA7A/DPP4/S100A9/CXCR2/CCL20/CXCL10/CXCL2/CMTM2/S100A12/CCL3L3/C5AR1/CXCL5/FPR2/HOXB9/ADAM8/RIN3/NCKAP1L/CCR1/S100A8/CCL13/LEF1/SLAMF8/FPR1/CCL26/TREM2/PF4/TNFAIP6/CCL3/CCL25/CXCL11/SCG2/SEMA6A/CXCL9/PROK2/DEFB4A/CH25H/DPEP1,69,Nominal,B_higher,GO_BP,NA,NA,chemotaxis
GO:0006641,triglyceride metabolic process,29/1161,112/18860,0.25892857142857145,4.206195398055864,8.716107958782878,2.2019862120947182e-11,4.9067592759510645e-9,3.795528865584317e-9,SCARB1/MFSD2A/PCSK9/LIPG/CIDEC/APOBEC1/AGPAT2/MGLL/FITM2/APOBR/LDLR/PNPLA3/GK5/GK/LPGAT1/MOGAT3/CPS1/AGMO/CIDEB/PCK2/APOC2/MOGAT2/MTTP/DGAT1/PLB1/APOC3/APOA4/APOB/PCK1,29,Nominal,B_higher,GO_BP,NA,NA,triglyceride metabolic process
GO:0042330,taxis,69/1161,476/18860,0.14495798319327732,2.354786875990707,7.667530763175421,2.422880138441225e-11,5.1801500401861e-9,4.007005010811985e-9,CCL15/CCRL2/CXCL16/LYN/PTAFR/TNFRSF11A/ANXA1/S100A14/CKLF/LGALS3/EDN3/F3/EPHA2/NEDD9/CCL18/MCU/TRPM2/BST1/F2RL1/CXCL3/CMTM1/PLD1/PLAUR/SAA1/CXCL1/FFAR2/HSPB1/MDK/CCR6/PADI2/ITGA2/PLA2G7/SEMA7A/DPP4/S100A9/CXCR2/CCL20/CXCL10/CXCL2/CMTM2/S100A12/CCL3L3/C5AR1/CXCL5/FPR2/HOXB9/ADAM8/RIN3/NCKAP1L/CCR1/S100A8/CCL13/LEF1/SLAMF8/FPR1/CCL26/TREM2/PF4/TNFAIP6/CCL3/CCL25/CXCL11/SCG2/SEMA6A/CXCL9/PROK2/DEFB4A/CH25H/DPEP1,69,Nominal,B_higher,GO_BP,NA,NA,taxis
GO:0031640,killing of cells of another organism,32/1161,135/18860,0.23703703703703705,3.850575812677449,8.51313739023295,2.6152589956062958e-11,5.1801500401861e-9,4.007005010811985e-9,SFN/LGALS3/MYD88/MICB/SEMG1/GBP1/CCL18/GBP3/F2RL1/CXCL3/CXCL1/PLA2G2A/NTS/C2/GZMB/APOL1/CCL20/CXCL10/CXCL2/S100A12/KRT6A/C8G/CCL13/PF4/CCL25/CXCL11/FCN1/DEFA3/CXCL9/DEFA5/DEFB4A/DEFA6,32,Nominal,B_higher,GO_BP,NA,NA,killing of cells of another organism
GO:0141061,disruption of cell in another organism,32/1161,135/18860,0.23703703703703705,3.850575812677449,8.51313739023295,2.6152589956062958e-11,5.1801500401861e-9,4.007005010811985e-9,SFN/LGALS3/MYD88/MICB/SEMG1/GBP1/CCL18/GBP3/F2RL1/CXCL3/CXCL1/PLA2G2A/NTS/C2/GZMB/APOL1/CCL20/CXCL10/CXCL2/S100A12/KRT6A/C8G/CCL13/PF4/CCL25/CXCL11/FCN1/DEFA3/CXCL9/DEFA5/DEFB4A/DEFA6,32,Nominal,B_higher,GO_BP,NA,NA,disruption of cell in another organism
GO:0033046,negative regulation of sister chromatid segregation,19/1161,50/18860,0.38,6.172954349698536,9.380593697895977,4.188277854148343e-11,7.2254548270920465e-9,5.589111024381321e-9,TRIP13/ZWILCH/SKA1/MAD2L1/CDCA8/SPC25/BUB1/SKA3/NUF2/BIRC5/CCNB1/CDC20/INCENP/BUB1B/CENPF/ZWINT/SPC24/GEN1/FBXO5,19,Nominal,B_higher,GO_BP,NA,NA,negative regulation of sister chromatid segregation
GO:0033048,negative regulation of mitotic sister chromatid segregation,19/1161,50/18860,0.38,6.172954349698536,9.380593697895977,4.188277854148343e-11,7.2254548270920465e-9,5.589111024381321e-9,TRIP13/ZWILCH/SKA1/MAD2L1/CDCA8/SPC25/BUB1/SKA3/NUF2/BIRC5/CCNB1/CDC20/INCENP/BUB1B/CENPF/ZWINT/SPC24/GEN1/FBXO5,19,Nominal,B_higher,GO_BP,NA,NA,negative regulation of mitotic sister chromatid segregation
GO:0045841,negative regulation of mitotic metaphase/anaphase transition,19/1161,50/18860,0.38,6.172954349698536,9.380593697895977,4.188277854148343e-11,7.2254548270920465e-9,5.589111024381321e-9,TRIP13/ZWILCH/SKA1/MAD2L1/CDCA8/SPC25/BUB1/SKA3/NUF2/BIRC5/CCNB1/CDC20/INCENP/BUB1B/CENPF/ZWINT/SPC24/GEN1/FBXO5,19,Nominal,B_higher,GO_BP,NA,NA,negative regulation of mitotic metaphase/anaphase transition
GO:2000816,negative regulation of mitotic sister chromatid separation,19/1161,50/18860,0.38,6.172954349698536,9.380593697895977,4.188277854148343e-11,7.2254548270920465e-9,5.589111024381321e-9,TRIP13/ZWILCH/SKA1/MAD2L1/CDCA8/SPC25/BUB1/SKA3/NUF2/BIRC5/CCNB1/CDC20/INCENP/BUB1B/CENPF/ZWINT/SPC24/GEN1/FBXO5,19,Nominal,B_higher,GO_BP,NA,NA,negative regulation of mitotic sister chromatid separation
GO:0050892,intestinal absorption,18/1161,45/18860,0.4,6.497846683893195,9.45687929262416,4.9531368424642496e-11,8.277929947968378e-9,6.403232825948849e-9,VIL1/CLDN2/GCNT3/SCARB1/PLS1/VDR/ADRA2A/LDLR/SLC5A1/NPC1L1/ABCG5/FOLH1/CLDN15/ABCG8/MOGAT2/FABP2/SLC2A5/APOA4,18,Nominal,B_higher,GO_BP,NA,NA,intestinal absorption
GO:0022600,digestive system process,29/1161,116/18860,0.25,4.061154177433247,8.47001415356698,5.578482677084553e-11,9.040522835469149e-9,6.9931218248619755e-9,VIL1/CLDN2/GCNT3/SCARB1/MUC13/PLS1/NMU/NR1I2/VDR/TFF3/ADRA2A/RBP4/LDLR/SLC5A1/NPC1L1/MDK/ABCG5/FOLH1/NPSR1/CLDN15/ABCG8/MOGAT2/NOD2/FABP2/SERPINA3/TIFAB/SLC2A5/APOA4/MUC2,29,Nominal,B_higher,GO_BP,NA,NA,digestive system process
GO:0141060,disruption of anatomical structure in another organism,32/1161,139/18860,0.2302158273381295,3.739767875621983,8.303433715842926,5.941444229433027e-11,9.345542276178774e-9,7.229063721879814e-9,SFN/LGALS3/MYD88/MICB/SEMG1/GBP1/CCL18/GBP3/F2RL1/CXCL3/CXCL1/PLA2G2A/NTS/C2/GZMB/APOL1/CCL20/CXCL10/CXCL2/S100A12/KRT6A/C8G/CCL13/PF4/CCL25/CXCL11/FCN1/DEFA3/CXCL9/DEFA5/DEFB4A/DEFA6,32,Nominal,B_higher,GO_BP,NA,NA,disruption of anatomical structure in another organism
GO:0045839,negative regulation of mitotic nuclear division,20/1161,57/18860,0.3508771929824561,5.699865512187013,9.101445251218092,7.058115582362633e-11,1.0784800609850104e-8,8.342374207123352e-9,TRIP13/ZWILCH/SKA1/MAD2L1/CDCA8/SPC25/BUB1/SKA3/CHEK1/NUF2/BIRC5/CCNB1/CDC20/INCENP/BUB1B/CENPF/ZWINT/SPC24/GEN1/FBXO5,20,Nominal,B_higher,GO_BP,NA,NA,negative regulation of mitotic nuclear division
GO:0007586,digestion,33/1161,148/18860,0.22297297297297297,3.6221104825755983,8.202057612692672,7.443322782473746e-11,1.0794118884512493e-8,8.34958217850925e-9,VIL1/CLDN2/GCNT3/SCARB1/MUC13/PLS1/NMU/NR1I2/PRSS3/CCK/VDR/TFF3/ADRA2A/RBP4/LDLR/SLC5A1/PRSS2/NPC1L1/MDK/ABCG5/FOLH1/NPSR1/CLDN15/ABCG8/MOGAT2/NOD2/FABP2/SERPINA3/SI/TIFAB/SLC2A5/APOA4/MUC2,33,Nominal,B_higher,GO_BP,NA,NA,digestion
GO:0002237,response to molecule of bacterial origin,58/1161,375/18860,0.15466666666666667,2.512500717772036,7.577092190246597,7.467883297063616e-11,1.0794118884512493e-8,8.34958217850925e-9,IRAK2/CD55/SCARB1/LYN/PTAFR/GCH1/TNFRSF1B/RPS6KA3/TNFRSF11A/IL18/MAP2K3/NR1I2/S100A14/EPHB2/CLDN1/MYD88/CD68/CYP27B1/LILRA2/CASP1/DUSP10/GBP3/CPS1/C2/E2F1/CD274/JAK2/PCK2/ASS1/PYCARD/CXCL10/CXCL2/MMP3/HCK/NOD2/CARD9/NOS2/C5AR1/CXCL5/LCN2/TLR1/BDKRB1/LILRB2/CSF2/S100A8/TIFAB/GFI1/TNF/IDO1/NR1H4/TREM2/PF4/SELP/CXCL9/NLRP7/CEBPE/MMP9/CYP1A1,58,Nominal,B_higher,GO_BP,NA,NA,response to molecule of bacterial origin
GO:1902100,negative regulation of metaphase/anaphase transition of cell cycle,19/1161,52/18860,0.36538461538461536,5.935533028556284,9.127787098479756,9.346031605439367e-11,1.2761516738281514e-8,9.8714247886955e-9,TRIP13/ZWILCH/SKA1/MAD2L1/CDCA8/SPC25/BUB1/SKA3/NUF2/BIRC5/CCNB1/CDC20/INCENP/BUB1B/CENPF/ZWINT/SPC24/GEN1/FBXO5,19,Nominal,B_higher,GO_BP,NA,NA,negative regulation of metaphase/anaphase transition of cell cycle
GO:1905819,negative regulation of chromosome separation,19/1161,52/18860,0.36538461538461536,5.935533028556284,9.127787098479756,9.346031605439367e-11,1.2761516738281514e-8,9.8714247886955e-9,TRIP13/ZWILCH/SKA1/MAD2L1/CDCA8/SPC25/BUB1/SKA3/NUF2/BIRC5/CCNB1/CDC20/INCENP/BUB1B/CENPF/ZWINT/SPC24/GEN1/FBXO5,19,Nominal,B_higher,GO_BP,NA,NA,negative regulation of chromosome separation
GO:0051304,chromosome separation,24/1161,83/18860,0.2891566265060241,4.69723856666978,8.645786228032037,9.544889108662316e-11,1.2761516738281514e-8,9.8714247886955e-9,TRIP13/ZWILCH/SKA1/ESPL1/MAD2L1/CDCA8/SPC25/BUB1/SKA3/NCAPG/NUF2/BIRC5/CCNB1/CDC20/INCENP/NCAPG2/DLGAP5/BUB1B/CENPF/ZWINT/SPC24/GEN1/FBXO5/UBE2C,24,Nominal,B_higher,GO_BP,NA,NA,chromosome separation
GO:0051784,negative regulation of nuclear division,21/1161,64/18860,0.328125,5.330264857881137,8.887360661929298,1.0134665285651839e-10,1.3219558523820984e-8,1.0225734164983757e-8,TRIP13/ZWILCH/SKA1/MAD2L1/CDCA8/SPC25/BUB1/SKA3/CHEK1/NUF2/BIRC5/CCNB1/CDC20/INCENP/BUB1B/LIF/CENPF/ZWINT/SPC24/GEN1/FBXO5,21,Nominal,B_higher,GO_BP,NA,NA,negative regulation of nuclear division
GO:0001906,cell killing,48/1161,281/18860,0.1708185053380783,2.7748811461465603,7.677367752429805,1.0500160740096015e-10,1.3370204675722261e-8,1.0342263586109611e-8,CEACAM1/CD55/IL18/SFN/LGALS3/MYD88/RIPK3/MICB/SEMG1/GBP1/CTSC/CCL18/GBP3/STAT5A/TUBB4B/F2RL1/CXCL3/CXCL1/PLA2G2A/NTS/C2/GZMB/APOL1/CCL20/CXCL10/CXCL2/NOS2/S100A12/ULBP2/KRT6A/FCGR2C/DNASE1L3/FCGR3A/C8G/NCKAP1L/HLA-DRB1/CCL13/PF4/ICAM1/SERPINB9/CCL25/CXCL11/FCN1/DEFA3/CXCL9/DEFA5/DEFB4A/DEFA6,48,Nominal,B_higher,GO_BP,NA,NA,cell killing
GO:0010876,lipid localization,68/1161,483/18860,0.14078674948240166,2.2870267831508144,7.338797729319451,1.25493288391746e-10,1.56078629376525e-8,1.207316091504435e-8,ANXA2/CEACAM1/STARD5/SCARB1/LYN/MFSD2A/SLC27A2/PCSK9/TNFRSF11A/LIPG/PLA2G3/ANXA1/XRCC4/PLIN3/SEC24A/STARD4/CIDEC/SLC27A4/C2CD2L/PITPNM1/GAL/CYP4F2/ATP11A/AKR1C4/GLTPD2/ACSL5/LRP1/PLA2G4A/RBP4/APOBR/LDLR/PLA2G4F/MYB/NMUR2/NPC1L1/PLA2G2A/ABCG5/APOL3/FABP1/IKBKE/SLCO2B1/ABCA12/CIDEB/BDKRB2/APOC2/APOL1/CFTR/ABCG8/APOL2/AGT/NOS2/MTTP/ABCG2/FABP2/APOC3/SPP1/SLC43A3/TNF/NR1H4/APOA4/PLA2R1/TSPO2/TREM2/FABP6/RBP2/APOB/INHBA/PLA2G12B,68,Nominal,B_higher,GO_BP,NA,NA,lipid localization
GO:0019730,antimicrobial humoral response,37/1161,184/18860,0.2010869565217391,3.2665805340223946,7.912964347565966,1.3023530588031138e-10,1.5829509451088755e-8,1.2244611294488605e-8,CCL15/LGALS4/PI3/DMBT1/PRSS3/LGALS3/SEMG1/CCL18/CXCL3/PRSS2/CXCL1/NTS/S100A9/CCL20/CXCL10/KLK7/CXCL2/S100A12/CCL3L3/CXCL5/REG3G/KRT6A/MMP7/CCL13/CCL26/PF4/WFDC2/CCL3/CCL25/CXCL11/REG3A/DEFA3/CXCL9/DEFA5/DEFB4A/REG1B/DEFA6,37,Nominal,B_higher,GO_BP,NA,NA,antimicrobial humoral response
GO:0051985,negative regulation of chromosome segregation,19/1161,53/18860,0.3584905660377358,5.823541839338241,9.006276954863687,1.3733162468521978e-10,1.6099903073714333e-8,1.2453769058713013e-8,TRIP13/ZWILCH/SKA1/MAD2L1/CDCA8/SPC25/BUB1/SKA3/NUF2/BIRC5/CCNB1/CDC20/INCENP/BUB1B/CENPF/ZWINT/SPC24/GEN1/FBXO5,19,Nominal,B_higher,GO_BP,NA,NA,negative regulation of chromosome segregation
GO:0097529,myeloid leukocyte migration,43/1161,237/18860,0.18143459915611815,2.9473355211751837,7.726649512492641,1.384808416961218e-10,1.6099903073714333e-8,1.2453769058713013e-8,LYN/WDR1/CD9/TNFRSF11A/ANXA1/S100A14/CKLF/LGALS3/EDN3/MYD88/MCU/BST1/CXCL3/FUT4/SAA1/GP2/MDK/PLA2G7/DPP4/S100A9/CXCR2/CXCL10/S100A12/C5AR1/CXCL5/FPR2/ADAM8/RIN3/NCKAP1L/CCR1/S100A8/FAM3D/CCL13/SLAMF8/CCL26/TREM2/PF4/TNFAIP6/CCL3/CCL25/SCG2/CXCL9/DPEP1,43,Nominal,B_higher,GO_BP,NA,NA,myeloid leukocyte migration
GO:1901988,negative regulation of cell cycle phase transition,47/1161,274/18860,0.17153284671532848,2.786485348019893,7.629267616163625,1.4205718371769802e-10,1.6164294011111682e-8,1.2503577424648449e-8,LYN/CHEK2/FANCD2/TRIP13/ZWILCH/SKA1/MAD2L1/CDCA8/RAD51/SPC25/BUB1/SKA3/EZH2/CHEK1/HUS1/NUF2/PARP9/CDC45/ORC1/BIRC5/FBXO6/CCNB1/CDC20/INCENP/BRCA1/BUB1B/CDC6/CDKN1A/CLSPN/CENPF/ZWINT/SPC24/BRCA2/STK38/NEK11/GEN1/FBXO5/E2F1/BRIP1/E2F7/BLM/OVOL1/DTL/SLFN11/CDT1/WDR76/INHBA,47,Nominal,B_higher,GO_BP,NA,NA,negative regulation of cell cycle phase transition
GO:0008544,epidermis development,60/1161,402/18860,0.14925373134328357,2.4245696581691027,7.394443098252427,1.5264413105665356e-10,1.7007100268562152e-8,1.3155513926593168e-8,CLDN4/ST14/IL18/PLS1/CDH3/ANXA1/LAMC2/EMP1/CLDN1/SFN/EXT1/PKP3/VDR/EPHA2/KRT15/GAL/AGPAT2/EZH2/EDAR/CYP27B1/TFAP2C/KRT80/KRT6B/FERMT1/MAFF/COL17A1/BCL11B/HPSE/CDKN1A/KRT7/SLC4A7/MSX2/SRF/HOXB13/ABCA12/SULT2B1/GRHL3/SNAI1/OVOL1/HES5/KRT14/KRT6C/KLK7/ETV4/PAX6/SCEL/EREG/KRT17/REG3G/KRT6A/KRT16/CDSN/HLA-DRB1/TNF/CST6/DKK4/GJB5/RBP2/INHBA/REG3A,60,Nominal,B_higher,GO_BP,NA,NA,epidermis development
GO:0007094,mitotic spindle assembly checkpoint signaling,18/1161,48/18860,0.375,6.09173126614987,9.046272864772275,1.7679997597587108e-10,1.8539730814097225e-8,1.4341050682872514e-8,TRIP13/ZWILCH/SKA1/MAD2L1/CDCA8/SPC25/BUB1/SKA3/NUF2/BIRC5/CCNB1/CDC20/INCENP/BUB1B/CENPF/ZWINT/SPC24/GEN1,18,Nominal,B_higher,GO_BP,NA,NA,mitotic spindle assembly checkpoint signaling
GO:0071173,spindle assembly checkpoint signaling,18/1161,48/18860,0.375,6.09173126614987,9.046272864772275,1.7679997597587108e-10,1.8539730814097225e-8,1.4341050682872514e-8,TRIP13/ZWILCH/SKA1/MAD2L1/CDCA8/SPC25/BUB1/SKA3/NUF2/BIRC5/CCNB1/CDC20/INCENP/BUB1B/CENPF/ZWINT/SPC24/GEN1,18,Nominal,B_higher,GO_BP,NA,NA,spindle assembly checkpoint signaling
GO:0071174,mitotic spindle checkpoint signaling,18/1161,48/18860,0.375,6.09173126614987,9.046272864772275,1.7679997597587108e-10,1.8539730814097225e-8,1.4341050682872514e-8,TRIP13/ZWILCH/SKA1/MAD2L1/CDCA8/SPC25/BUB1/SKA3/NUF2/BIRC5/CCNB1/CDC20/INCENP/BUB1B/CENPF/ZWINT/SPC24/GEN1,18,Nominal,B_higher,GO_BP,NA,NA,mitotic spindle checkpoint signaling
GO:1902850,microtubule cytoskeleton organization involved in mitosis,35/1161,170/18860,0.2058823529411765,3.3444799108273795,7.864432717004796,2.0857058838916848e-10,2.1450682821255252e-8,1.6592761383996605e-8,GPSM2/KIF2A/AURKA/CHEK2/ESPL1/MAD2L1/CDCA8/CENPA/KIF4A/MYBL2/SPC25/NUF2/STIL/TACC3/BIRC5/NEK2/KIF23/CCNB1/CDC20/CENPE/POC1A/PSRC1/INCENP/BORA/TPX2/DLGAP5/RACGAP1/PRC1/KIF11/KIFC1/KIF15/RCC1/NUSAP1/UHRF1/PAX6,35,Nominal,B_higher,GO_BP,NA,NA,microtubule cytoskeleton organization involved in mitosis
GO:1901987,regulation of cell cycle phase transition,66/1161,468/18860,0.14102564102564102,2.2909074847059343,7.242769127984998,2.1977569290929758e-10,2.2176611427904222e-8,1.715428943661449e-8,LYN/AURKA/ANXA1/FAM83D/CHEK2/FANCD2/TRIP13/ZWILCH/CDC25B/SKA1/ESPL1/RRM2/MAD2L1/CDCA8/CDC25A/ANLN/PKP3/RAD51/SPC25/BUB1/SKA3/EZH2/CHEK1/HUS1/NUF2/PARP9/CDC45/ORC1/STIL/BIRC5/FBXO6/CCNB1/CDC20/CENPE/INCENP/BRCA1/DLGAP5/BUB1B/CDC6/CDKN1A/KIF14/CLSPN/CENPF/ZWINT/SPC24/BRCA2/STK38/NEK11/GEN1/FBXO5/CCNE2/UBE2C/E2F1/CCND2/BRIP1/E2F7/BLM/OVOL1/ATAD5/UBD/DTL/SLFN11/CDT1/WDR76/INHBA/CYP1A1,66,Nominal,B_higher,GO_BP,NA,NA,regulation of cell cycle phase transition
GO:0031577,spindle checkpoint signaling,18/1161,49/18860,0.3673469387755102,5.967410219901915,8.91709103277093,2.634623677337341e-10,2.6092532271111295e-8,2.0183374370245125e-8,TRIP13/ZWILCH/SKA1/MAD2L1/CDCA8/SPC25/BUB1/SKA3/NUF2/BIRC5/CCNB1/CDC20/INCENP/BUB1B/CENPF/ZWINT/SPC24/GEN1,18,Nominal,B_higher,GO_BP,NA,NA,spindle checkpoint signaling
GO:0015718,monocarboxylic acid transport,36/1161,180/18860,0.2,3.2489233419465977,7.764679678335803,2.7098623337165246e-10,2.6349715928574506e-8,2.038231382106401e-8,CLDN2/CEACAM1/LYN/MFSD2A/SLC16A3/SLC27A2/TNFRSF11A/PLA2G3/ANXA1/SLC6A8/SLC27A4/EMB/CYP4F2/AKR1C4/ACSL5/PLA2G4A/PLA2G4F/NMUR2/PLA2G2A/SLC6A12/FABP1/SLCO2B1/BDKRB2/NOS2/ABCG2/FABP2/SLC43A3/SLC16A4/TNF/NR1H4/PLA2R1/TSPO2/SLC16A2/FABP6/RBP2/PLA2G12B,36,Nominal,B_higher,GO_BP,NA,NA,monocarboxylic acid transport
GO:0006639,acylglycerol metabolic process,31/1161,139/18860,0.22302158273381295,3.622900129508796,7.94924181805286,2.7702141173088356e-10,2.6455544820299382e-8,2.0464175716210012e-8,SCARB1/MFSD2A/PCSK9/LIPG/CIDEC/APOBEC1/AGPAT2/MGLL/DGKG/FITM2/PLA2G4A/APOBR/LDLR/PNPLA3/GK5/GK/LPGAT1/MOGAT3/CPS1/AGMO/CIDEB/PCK2/APOC2/MOGAT2/MTTP/DGAT1/PLB1/APOC3/APOA4/APOB/PCK1,31,Nominal,B_higher,GO_BP,NA,NA,acylglycerol metabolic process
GO:0010948,negative regulation of cell cycle process,51/1161,318/18860,0.16037735849056603,2.605268717598687,7.394079056072412,2.8521876730934925e-10,2.6760525746849124e-8,2.0700087821343356e-8,LYN/CCNF/CHEK2/FANCD2/TRIP13/ZWILCH/SKA1/ESPL1/MAD2L1/CDCA8/RAD51/SPC25/BUB1/SKA3/EZH2/CHEK1/HUS1/NUF2/PARP9/CDC45/ORC1/BIRC5/NEK2/FBXO6/CCNB1/CDC20/INCENP/BRCA1/BUB1B/LIF/CDC6/CDKN1A/CLSPN/CENPF/ZWINT/SPC24/BRCA2/STK38/NEK11/GEN1/FBXO5/E2F1/BRIP1/E2F7/BLM/OVOL1/DTL/SLFN11/CDT1/WDR76/INHBA,51,Nominal,B_higher,GO_BP,NA,NA,negative regulation of cell cycle process
GO:0006869,lipid transport,65/1161,461/18860,0.14099783080260303,2.29045571829207,7.184516307800278,3.044159852749828e-10,2.8069253262941516e-8,2.1712428713805488e-8,ANXA2/CEACAM1/STARD5/SCARB1/LYN/MFSD2A/SLC27A2/PCSK9/TNFRSF11A/LIPG/PLA2G3/ANXA1/XRCC4/SEC24A/STARD4/CIDEC/SLC27A4/C2CD2L/PITPNM1/GAL/CYP4F2/ATP11A/AKR1C4/GLTPD2/ACSL5/LRP1/PLA2G4A/RBP4/APOBR/LDLR/PLA2G4F/MYB/NMUR2/NPC1L1/PLA2G2A/ABCG5/APOL3/FABP1/SLCO2B1/ABCA12/CIDEB/BDKRB2/APOC2/APOL1/CFTR/ABCG8/APOL2/AGT/NOS2/MTTP/ABCG2/FABP2/APOC3/SPP1/SLC43A3/NR1H4/APOA4/PLA2R1/TSPO2/TREM2/FABP6/RBP2/APOB/INHBA/PLA2G12B,65,Nominal,B_higher,GO_BP,NA,NA,lipid transport
GO:0006638,neutral lipid metabolic process,31/1161,140/18860,0.22142857142857145,3.597022271440876,7.899286129033242,3.351740579424027e-10,3.03815400317961e-8,2.3501053482848223e-8,SCARB1/MFSD2A/PCSK9/LIPG/CIDEC/APOBEC1/AGPAT2/MGLL/DGKG/FITM2/PLA2G4A/APOBR/LDLR/PNPLA3/GK5/GK/LPGAT1/MOGAT3/CPS1/AGMO/CIDEB/PCK2/APOC2/MOGAT2/MTTP/DGAT1/PLB1/APOC3/APOA4/APOB/PCK1,31,Nominal,B_higher,GO_BP,NA,NA,neutral lipid metabolic process
GO:0007051,spindle organization,39/1161,209/18860,0.18660287081339713,3.031292113299457,7.563025067089269,4.246865784308671e-10,3.785373035747129e-8,2.9281021986549265e-8,GPSM2/CEP72/KIF2A/AURKA/CHEK2/SKA1/ESPL1/CDCA8/KIF4A/MYBL2/SPAG5/SPC25/SKA3/NUF2/STIL/TACC3/BIRC5/NEK2/KIF23/CCNB1/CDC20/CENPE/POC1A/PSRC1/INCENP/BORA/TPX2/DLGAP5/CCNB2/RACGAP1/PRC1/ASPM/KIF11/KIFC1/KIF15/RCC1/FBXO5/UHRF1/TPPP,39,Nominal,B_higher,GO_BP,NA,NA,spindle organization
GO:0007091,metaphase/anaphase transition of mitotic cell cycle,25/1161,96/18860,0.2604166666666667,4.230368934826299,8.126922253171907,4.606886965871099e-10,4.0389559825374826e-8,3.124256389279279e-8,TRIP13/ZWILCH/SKA1/ESPL1/MAD2L1/CDCA8/SPC25/BUB1/SKA3/NUF2/TACC3/BIRC5/CCNB1/CDC20/CENPE/INCENP/DLGAP5/BUB1B/CDC6/CENPF/ZWINT/SPC24/GEN1/FBXO5/UBE2C,25,Nominal,B_higher,GO_BP,NA,NA,metaphase/anaphase transition of mitotic cell cycle
GO:0015711,organic anion transport,65/1161,466/18860,0.13948497854077252,2.2658800131601806,7.086772408963971,4.799086687968219e-10,4.1395992914925874e-8,3.2021070770314263e-8,CLDN2/CEACAM1/SLC6A14/LYN/MFSD2A/SLC16A3/SLC27A2/TTYH3/TNFRSF11A/SLC7A7/SLC37A1/SLC4A11/PLA2G3/ANXA1/SLC6A8/CALHM3/SLC27A4/SLC35A2/SLC43A2/EMB/CYP4F2/SLC6A20/SLC35D1/AKR1C4/ARL6IP1/GLTPD2/SLC39A5/ACSL5/PLA2G4A/PLA2G4F/NMUR2/SLC39A10/SLC4A7/SLC2A9/PLA2G2A/ACE2/SLC6A12/FABP1/SLCO2B1/SLC17A4/BEST2/BDKRB2/CFTR/SLC6A7/SLC26A3/NOS2/MTTP/ABCG2/SLC7A9/FABP2/RGS2/SLC43A3/SLC16A4/TNF/AGXT/SLC2A5/NR1H4/BEST4/PLA2R1/TSPO2/SLC16A2/SLC3A1/FABP6/RBP2/PLA2G12B,65,Nominal,B_higher,GO_BP,NA,NA,organic anion transport
GO:0033047,regulation of mitotic sister chromatid segregation,19/1161,57/18860,0.3333333333333333,5.414872236577662,8.54954633236652,5.803036910726248e-10,4.9261335553276155e-8,3.810515465188664e-8,TRIP13/ZWILCH/SKA1/MAD2L1/CDCA8/SPC25/BUB1/SKA3/NUF2/BIRC5/CCNB1/CDC20/INCENP/BUB1B/CENPF/ZWINT/SPC24/GEN1/FBXO5,19,Nominal,B_higher,GO_BP,NA,NA,regulation of mitotic sister chromatid segregation
GO:0007093,mitotic cell cycle checkpoint signaling,30/1161,136/18860,0.22058823529411764,3.5833713330293357,7.743869925451425,7.106795456214267e-10,5.9386159530990477e-8,4.593701668243761e-8,CHEK2/FANCD2/TRIP13/ZWILCH/SKA1/MAD2L1/CDCA8/SPC25/BUB1/SKA3/CHEK1/HUS1/NUF2/ORC1/BIRC5/CCNB1/CDC20/INCENP/BRCA1/BUB1B/CDC6/CDKN1A/CLSPN/CENPF/ZWINT/SPC24/NEK11/GEN1/BLM/DTL,30,Nominal,B_higher,GO_BP,NA,NA,mitotic cell cycle checkpoint signaling
GO:0071621,granulocyte chemotaxis,28/1161,121/18860,0.23140495867768596,3.75908485845061,7.798042771221759,8.198892133136741e-10,6.745796173540815e-8,5.21808033736476e-8,ANXA1/S100A14/CKLF/LGALS3/EDN3/MCU/BST1/CXCL3/SAA1/MDK/DPP4/S100A9/CXCR2/CXCL10/S100A12/C5AR1/CXCL5/NCKAP1L/S100A8/CCL13/CCL26/PF4/TNFAIP6/CCL3/CCL25/SCG2/CXCL9/DPEP1,28,Nominal,B_higher,GO_BP,NA,NA,granulocyte chemotaxis
GO:0007052,mitotic spindle organization,30/1161,137/18860,0.21897810218978103,3.557215337897735,7.69380085732581,8.572056177642498e-10,6.945963096671528e-8,5.372915594598887e-8,GPSM2/KIF2A/AURKA/CHEK2/CDCA8/KIF4A/MYBL2/SPC25/NUF2/STIL/TACC3/BIRC5/NEK2/KIF23/CCNB1/CDC20/CENPE/POC1A/PSRC1/INCENP/BORA/TPX2/DLGAP5/RACGAP1/PRC1/KIF11/KIFC1/KIF15/RCC1/UHRF1,30,Nominal,B_higher,GO_BP,NA,NA,mitotic spindle organization
GO:0044784,metaphase/anaphase transition of cell cycle,25/1161,99/18860,0.25252525252525254,4.1021759368012605,7.9260554413598685,9.324900152401478e-10,7.443218808215389e-8,5.7575581459446666e-8,TRIP13/ZWILCH/SKA1/ESPL1/MAD2L1/CDCA8/SPC25/BUB1/SKA3/NUF2/TACC3/BIRC5/CCNB1/CDC20/CENPE/INCENP/DLGAP5/BUB1B/CDC6/CENPF/ZWINT/SPC24/GEN1/FBXO5/UBE2C,25,Nominal,B_higher,GO_BP,NA,NA,metaphase/anaphase transition of cell cycle
GO:0002685,regulation of leukocyte migration,41/1161,233/18860,0.1759656652360515,2.8584947858328436,7.31086771477781,9.679501798559475e-10,7.61264347333766e-8,5.8886133232722515e-8,LYN/CD9/ANXA1/S100A14/LGALS3/EDN3/MYD88/RIPK3/NEDD9/HMOX1/MCU/BST1/ECM1/F2RL1/FUT4/MDK/CCR6/PADI2/ITGA2/PLA2G7/ASCL2/DPP4/CCL20/PYCARD/CXCL10/C5AR1/FPR2/BDKRB1/ADAM8/TNFRSF18/RIN3/NCKAP1L/CCR1/TNF/SLAMF8/TREM2/SELP/TNFAIP6/ICAM1/CCL3/CCL25,41,Nominal,B_higher,GO_BP,NA,NA,regulation of leukocyte migration
GO:0030071,regulation of mitotic metaphase/anaphase transition,24/1161,92/18860,0.2608695652173913,4.237726098191215,7.973079560042413,9.854493016452e-10,7.637946181447147e-8,5.908185744417447e-8,TRIP13/ZWILCH/SKA1/ESPL1/MAD2L1/CDCA8/SPC25/BUB1/SKA3/NUF2/BIRC5/CCNB1/CDC20/CENPE/INCENP/DLGAP5/BUB1B/CDC6/CENPF/ZWINT/SPC24/GEN1/FBXO5/UBE2C,24,Nominal,B_higher,GO_BP,NA,NA,regulation of mitotic metaphase/anaphase transition
GO:0032496,response to lipopolysaccharide,53/1161,350/18860,0.15142857142857144,2.459899101759567,7.060813324327203,1.0743689372305252e-9,8.208178680441214e-8,6.349278080174381e-8,IRAK2/CD55/SCARB1/LYN/PTAFR/GCH1/TNFRSF1B/RPS6KA3/TNFRSF11A/IL18/MAP2K3/S100A14/EPHB2/CLDN1/MYD88/CD68/CYP27B1/LILRA2/CASP1/DUSP10/GBP3/CPS1/C2/E2F1/CD274/JAK2/PCK2/ASS1/PYCARD/CXCL10/MMP3/HCK/NOD2/NOS2/CXCL5/LCN2/BDKRB1/LILRB2/CSF2/S100A8/TIFAB/GFI1/TNF/IDO1/NR1H4/TREM2/PF4/SELP/CXCL9/NLRP7/CEBPE/MMP9/CYP1A1,53,Nominal,B_higher,GO_BP,NA,NA,response to lipopolysaccharide
GO:1902099,regulation of metaphase/anaphase transition of cell cycle,24/1161,95/18860,0.25263157894736843,4.10390316877465,7.767777158262119,1.9968684653798633e-9,1.50412007786641e-7,1.163483034683894e-7,TRIP13/ZWILCH/SKA1/ESPL1/MAD2L1/CDCA8/SPC25/BUB1/SKA3/NUF2/BIRC5/CCNB1/CDC20/CENPE/INCENP/DLGAP5/BUB1B/CDC6/CENPF/ZWINT/SPC24/GEN1/FBXO5/UBE2C,24,Nominal,B_higher,GO_BP,NA,NA,regulation of metaphase/anaphase transition of cell cycle
GO:0006959,humoral immune response,48/1161,307/18860,0.1563517915309446,2.5398749253002717,6.967045360415242,2.264480737916894e-9,1.682005970330493e-7,1.3010832309961102e-7,CD55/CCL15/LGALS4/CFI/PI3/DMBT1/PRSS3/LGALS3/SEMG1/CCL18/BST1/CXCL3/PRSS2/CXCL1/CCR6/NTS/C2/S100A9/CCL20/CXCL10/KLK7/CXCL2/S100A12/CCL3L3/CXCL5/REG3G/KRT6A/C8G/MMP7/C4BPA/HLA-DRB1/CCL13/TNF/CCL26/TREM2/PF4/WFDC2/CCL3/CCL25/CXCL11/FCN1/REG3A/DEFA3/CXCL9/DEFA5/DEFB4A/REG1B/DEFA6,48,Nominal,B_higher,GO_BP,NA,NA,humoral immune response
GO:0002833,positive regulation of response to biotic stimulus,63/1161,465/18860,0.13548387096774195,2.200883554221889,6.715503088550117,2.876964643407091e-9,2.107672179854949e-7,1.630349105780803e-7,TRIM15/IRAK2/LYN/XPNPEP1/RPS6KA3/OAS3/OAS1/MAP2K3/S100A14/TRAF3/MYD88/NOD1/DPP9/PARP9/MMP12/POLR3G/IFI35/LILRA2/CASP1/CTSS/PIK3AP1/KCNK6/STAT5A/F2RL1/MFHAS1/EMILIN2/CYBA/FFAR2/LRRC19/IRF1/LILRA4/CD274/IKBKE/NLRC5/ZBP1/GZMB/S100A9/RSAD2/PYCARD/KLK7/HCK/NOD2/CARD9/DDX60/FPR2/TLR1/EREG/REG3G/ADAM8/TRIM31/MNDA/S100A8/HLA-DRB1/TIFAB/GFI1/TNF/NR1H4/SH2D1B/TREM2/FCN1/BPIFB1/HLA-DRB3/IRF4,63,Nominal,B_higher,GO_BP,NA,NA,positive regulation of response to biotic stimulus
GO:0030593,neutrophil chemotaxis,22/1161,83/18860,0.26506024096385544,4.305802019447299,7.730433689076762,3.5332425884119003e-9,2.553483967949574e-7,1.9751982037636945e-7,CKLF/LGALS3/EDN3/MCU/BST1/CXCL3/SAA1/MDK/DPP4/S100A9/CXCR2/CXCL10/S100A12/C5AR1/CXCL5/NCKAP1L/S100A8/PF4/TNFAIP6/CCL3/CXCL9/DPEP1,22,Nominal,B_higher,GO_BP,NA,NA,neutrophil chemotaxis
GO:0033045,regulation of sister chromatid segregation,25/1161,107/18860,0.2336448598130841,3.795471193862848,7.426986062639896,5.299565789912835e-9,3.778943712593846e-7,2.9231289199098165e-7,TRIP13/ZWILCH/SKA1/ESPL1/MAD2L1/CDCA8/SPC25/BUB1/SKA3/NUF2/TACC3/BIRC5/CCNB1/CDC20/CENPE/INCENP/DLGAP5/BUB1B/CDC6/CENPF/ZWINT/SPC24/GEN1/FBXO5/UBE2C,25,Nominal,B_higher,GO_BP,NA,NA,regulation of sister chromatid segregation
GO:0002697,regulation of immune effector process,58/1161,421/18860,0.1377672209026128,2.23797569872806,6.579388946870482,6.644435926526109e-9,4.675584649350215e-7,3.616708198233742e-7,ADORA2B/CEACAM1/CD55/LYN/TNFRSF1B/IL18/PLA2G3/ANXA1/EPHB2/LGALS3/MYD88/RIPK3/PKP3/NOD1/IL20RB/RBP4/DUSP10/STAT5A/F2RL1/IL13RA2/IL2RG/FFAR2/CLCF1/CD274/ASCL2/SEMA7A/BATF/S100A9/RSAD2/ATAD5/PYCARD/KLK7/NOD2/CARD9/DDX60/NOS2/TFRC/ULBP2/BST2/FGL2/DNASE1L3/C4BPA/NCKAP1L/HLA-DRB1/IL4I1/TNF/SLAMF8/SH2D1B/TREM2/ICAM1/SERPINB9/IL4R/PCK1/FGR/FCN1/GPR65/HLA-DRB3/IRF4,58,Nominal,B_higher,GO_BP,NA,NA,regulation of immune effector process
GO:0016042,lipid catabolic process,51/1161,352/18860,0.14488636363636365,2.353623443739723,6.565843535288879,1.0170174748861536e-8,7.06364864375474e-7,5.463948976490203e-7,ACOT7/SCARB1/MFSD2A/SLC27A2/HSD17B11/LIPG/CYP4F3/PLBD1/CIDEC/SLC27A4/GDPD3/PLCB3/ACER3/CYP4F2/MGLL/CYP27B1/ABHD3/ADRA2A/FITM2/PLA2G4A/LDLR/PLA2G4F/PNPLA3/ACAA2/PLD1/ACOX2/PLCD3/PLA2G2A/CPS1/PLA2G7/CYP4F12/PCK2/APOC2/SESN2/PDE3B/NEU4/PLB1/DPEP2/GBA3/APOC3/SPP1/TNF/APOA4/APOB/PCK1/CYP3A4/PLA2G4D/ASPG/PLA2G12B/DPEP1/CYP1A1,51,Nominal,B_higher,GO_BP,NA,NA,lipid catabolic process
GO:0050729,positive regulation of inflammatory response,33/1161,179/18860,0.18435754189944137,2.9948176057049647,6.86800690766661,1.2683718732100032e-8,8.696477920419356e-7,6.726992525931596e-7,ADORA2B/CCL15/TNFRSF11A/IL18/PLA2G3/CAMK2N1/GBP1/IFI35/MAP3K8/CASP1/CTSC/LDLR/GBP3/STAT5A/FFAR2/MDK/PLA2G2A/CREB3L3/PLA2G7/ZBP1/S100A9/PYCARD/AGT/S100A12/ADAM8/C2CD4A/TTBK1/CCR1/S100A8/TNF/IDO1/TREM2/CCL3,33,Nominal,B_higher,GO_BP,NA,NA,positive regulation of inflammatory response
GO:0051310,metaphase chromosome alignment,24/1161,104/18860,0.2307692307692308,3.7487577022460745,7.199197573232429,1.3863365280964153e-8,9.384971838303326e-7,7.259563698093152e-7,KIF18A/ECT2/FAM83D/ZWILCH/SKA1/CDCA8/KIF22/SPAG5/SPC25/SKA3/NUF2/BIRC5/NEK2/CCNB1/CENPE/PSRC1/INCENP/RACGAP1/KIF14/CENPF/KIFC1/ZWINT/SPC24/CDT1,24,Nominal,B_higher,GO_BP,NA,NA,metaphase chromosome alignment
GO:0045786,negative regulation of cell cycle,55/1161,399/18860,0.13784461152882205,2.239232879787755,6.407857422611194,1.6048341090411313e-8,1.0620610641763526e-6,8.215368228581398e-7,LYN/CCNF/CHEK2/FANCD2/TRIP13/ZWILCH/SKA1/ESPL1/MAD2L1/CDCA8/RAD51/SPC25/BUB1/SKA3/EZH2/CHEK1/HUS1/NUF2/PARP9/CDC45/ORC1/BIRC5/NEK2/FBXO6/CCNB1/CDC20/INCENP/BRCA1/BUB1B/LIF/CDC6/CDKN1A/CLSPN/CENPF/ZWINT/SPC24/BRCA2/STK38/NEK11/GEN1/FBXO5/INCA1/E2F1/BRIP1/E2F7/BLM/OVOL1/PML/DTL/SLFN11/CDT1/WDR76/TNF/INHBA/HOXC9,55,Nominal,B_higher,GO_BP,NA,NA,negative regulation of cell cycle
GO:0042060,wound healing,60/1161,453/18860,0.13245033112582782,2.15160486221629,6.3542187273441755,1.6085816417031517e-8,1.0620610641763526e-6,8.215368228581398e-7,VIL1/F12/ANXA2/CEACAM1/CLDN4/SCARB1/S100A10/LYN/RHOC/CD9/ITPK1/ANXA1/TIMP1/PRRG1/EPHB2/CLDN1/TNFRSF12A/EXT1/F3/TFPI/EPPK1/CYP4F2/MYOF/MMP12/DGKG/ADRA2A/FERMT1/CASP1/PLA2G4A/HMOX1/ENTPD2/ERBB3/HPSE/F2RL1/CDKN1A/PLAUR/MSX2/SAA1/EMILIN2/CLDN3/HSPB1/ITGA2/SRF/JAK2/GRHL3/GZMB/F2RL2/HNF4A/TFPI2/PROCR/EREG/REG3G/KRT6A/PDPN/TNF/PF4/SELP/SERPINE2/REG3A/PLEK,60,Nominal,B_higher,GO_BP,NA,NA,wound healing
GO:1901990,regulation of mitotic cell cycle phase transition,51/1161,357/18860,0.14285714285714285,2.3206595299618553,6.452157776066382,1.6366275627211262e-8,1.067400512857632e-6,8.256670502559726e-7,AURKA/ANXA1/TRIP13/ZWILCH/CDC25B/SKA1/ESPL1/RRM2/MAD2L1/CDCA8/CDC25A/ANLN/SPC25/BUB1/SKA3/EZH2/CHEK1/HUS1/NUF2/ORC1/STIL/BIRC5/CCNB1/CDC20/CENPE/INCENP/BRCA1/DLGAP5/BUB1B/CDC6/CDKN1A/KIF14/CLSPN/CENPF/ZWINT/SPC24/NEK11/GEN1/FBXO5/CCNE2/UBE2C/E2F1/CCND2/E2F7/BLM/ATAD5/UBD/DTL/SLFN11/INHBA/CYP1A1,51,Nominal,B_higher,GO_BP,NA,NA,regulation of mitotic cell cycle phase transition
GO:0097006,regulation of plasma lipoprotein particle levels,24/1161,105/18860,0.22857142857142856,3.713055247938969,7.139960817918668,1.6935380287138678e-8,1.090120328901659e-6,8.432415251315829e-7,ANXA2/SCARB1/MFSD2A/PCSK9/PCSK5/LIPG/PLA2G3/APOBEC1/A1CF/CES3/HMOX1/LDLR/PLA2G2A/PLA2G7/CIDEB/APOC2/AGT/MTTP/DGAT1/APOC3/NR1H4/APOA4/TREM2/APOB,24,Nominal,B_higher,GO_BP,NA,NA,regulation of plasma lipoprotein particle levels
GO:0045089,positive regulation of innate immune response,58/1161,432/18860,0.13425925925925927,2.1809902063993367,6.359897894191935,1.7122308830916112e-8,1.090120328901659e-6,8.432415251315829e-7,TRIM15/IRAK2/LYN/XPNPEP1/RPS6KA3/OAS3/OAS1/MAP2K3/S100A14/TRAF3/MYD88/NOD1/DPP9/PARP9/MMP12/POLR3G/IFI35/LILRA2/CASP1/CTSS/PIK3AP1/KCNK6/STAT5A/F2RL1/MFHAS1/CYBA/FFAR2/LRRC19/IRF1/LILRA4/CD274/IKBKE/NLRC5/ZBP1/S100A9/RSAD2/PYCARD/HCK/NOD2/CARD9/DDX60/FPR2/TLR1/EREG/REG3G/ADAM8/TRIM31/MNDA/S100A8/TIFAB/GFI1/TNF/NR1H4/SH2D1B/TREM2/FCN1/BPIFB1/IRF4,58,Nominal,B_higher,GO_BP,NA,NA,positive regulation of innate immune response
GO:0048732,gland development,60/1161,454/18860,0.13215859030837004,2.146865644458104,6.3352219731963,1.7457043189544195e-8,1.0983560820903806e-6,8.496121329400456e-7,CEACAM1/SERPINB5/PCSK9/TNFRSF11A/XDH/AURKA/ATP2C2/RPS6KA1/CLDN1/EXT1/ZNF703/ONECUT2/RIPK3/AREG/VDR/CRIP1/EPHA2/EZH2/EDAR/OTC/TFAP2C/CLCN2/STAT5A/BCL11B/PITX1/CCNB2/MYB/TGM2/MSX2/ONECUT1/BRCA2/MDK/OAS2/TBX3/ITGA2/CPS1/HOXA13/SRF/IQGAP3/HOXB13/JAK2/PCK2/E2F7/ASS1/PML/MSX1/NR5A2/HOXB3/HOXA9/PAX6/HOXB9/HOXA11/HOXA10/TNF/LEF1/UGT1A8/PCK1/SERPINE2/INSM1/CYP1A1,60,Nominal,B_higher,GO_BP,NA,NA,gland development
GO:0043588,skin development,48/1161,329/18860,0.1458966565349544,2.3700352646418947,6.420684683488023,2.2070479892243965e-8,1.3724758891130318e-6,1.0616522151348687e-6,CLDN4/ST14/IL18/CDH3/ANXA1/SLC27A4/CLDN1/SFN/EXT1/MYD88/PKP3/VDR/EPHA2/GAL/EZH2/EDAR/CYP27B1/TFAP2C/KRT80/KRT6B/FERMT1/BCL11B/HPSE/CDKN1A/KRT7/TNFSF13B/MSX2/ITGA2/SRF/ABCA12/GRHL3/SNAI1/OVOL1/KRT14/KRT6C/ETV4/PAX6/SCEL/EREG/KRT17/REG3G/KRT6A/KRT16/CDSN/TNF/DKK4/INHBA/REG3A,48,Nominal,B_higher,GO_BP,NA,NA,skin development
GO:0042742,defense response to bacterium,51/1161,361/18860,0.14127423822714685,2.2949458509595084,6.362563924805585,2.3746619827580255e-8,1.4597347452632093e-6,1.129149617935758e-6,LGALS4/OAS3/IL18/OAS1/S100A14/PI3/DMBT1/SFN/MYD88/IL22RA1/EPHA2/NOD1/SEMG1/GBP1/CASP1/GBP3/F2RL1/ISG15/ZG16/EMILIN2/CYBA/PLA2G2A/OAS2/ARG2/S100A9/CCL20/PYCARD/KLK7/HCK/NOD2/CARD9/NOS2/S100A12/C5AR1/FPR2/LCN2/REG3G/KRT6A/MMP7/S100A8/TNF/NR1H4/SLAMF8/TREM2/WFDC2/SELP/FGR/DEFA3/DEFA5/DEFB4A/DEFA6,51,Nominal,B_higher,GO_BP,NA,NA,defense response to bacterium
GO:0051983,regulation of chromosome segregation,27/1161,134/18860,0.20149253731343283,3.2731690385282888,6.763363000081712,3.8640454491621046e-8,2.3482858025135154e-6,1.8164711262209415e-6,TRIP13/ZWILCH/SKA1/ESPL1/MAD2L1/CDCA8/SPC25/BUB1/SKA3/NCAPG/NUF2/TACC3/BIRC5/CCNB1/CDC20/CENPE/INCENP/NCAPG2/DLGAP5/BUB1B/CDC6/CENPF/ZWINT/SPC24/GEN1/FBXO5/UBE2C,27,Nominal,B_higher,GO_BP,NA,NA,regulation of chromosome segregation
GO:0046942,carboxylic acid transport,50/1161,356/18860,0.1404494382022472,2.281547290692836,6.25212858539689,3.94025965376458e-8,2.36627456119514e-6,1.830385983052572e-6,CLDN2/CEACAM1/SLC6A14/LYN/MFSD2A/SLC16A3/SLC27A2/TTYH3/TNFRSF11A/SLC7A7/PLA2G3/ANXA1/SLC6A8/SLC27A4/SLC43A2/EMB/CYP4F2/SLC6A20/SLC35D1/AKR1C4/ARL6IP1/ACSL5/PLA2G4A/PLA2G4F/NMUR2/PLA2G2A/ACE2/SLC6A12/FABP1/SLCO2B1/BDKRB2/SLC6A7/SLC26A3/NOS2/ABCG2/SLC7A9/FABP2/RGS2/SLC43A3/SLC16A4/TNF/AGXT/NR1H4/PLA2R1/TSPO2/SLC16A2/SLC3A1/FABP6/RBP2/PLA2G12B,50,Nominal,B_higher,GO_BP,NA,NA,carboxylic acid transport
GO:0015850,organic hydroxy compound transport,44/1161,294/18860,0.14965986394557823,2.431167126626706,6.334406349478025,3.9821374440456725e-8,2.36627456119514e-6,1.830385983052572e-6,ANXA2/CEACAM1/RAB3B/STARD5/SCARB1/SLC16A3/PCSK9/LIPG/STX1A/SEC24A/STARD4/SLC19A3/EMB/GAL/AKR1C4/FLVCR1/ADRA2A/LRP1/RBP4/LDLR/SLC5A1/MYB/TGM2/NPC1L1/ABCG5/FLVCR2/SLCO2B1/ABCA12/APOC2/CFTR/ABCG8/AQP9/AGT/MTTP/ADORA3/APOC3/SPP1/NR1H4/APOA4/TSPO2/TREM2/APOB/AQP2/SLC5A11,44,Nominal,B_higher,GO_BP,NA,NA,organic hydroxy compound transport
GO:0071674,mononuclear cell migration,38/1161,235/18860,0.16170212765957448,2.6267890849781006,6.427145263363528,4.2320325919633616e-8,2.487133000200006e-6,1.9238736942065943e-6,CXCL16/LYN/CD9/TNFRSF11A/ANXA1/S100A14/CKLF/EXT1/LGALS3/RIPK3/NEDD9/TRPM2/ECM1/FUT4/SAA1/MDK/CCR6/PADI2/PLA2G7/ASCL2/CXCR2/CCL20/PYCARD/CXCL10/S100A12/C5AR1/FPR2/ADAM8/CCR1/TNF/SLAMF8/CCL26/TREM2/PF4/ICAM1/CCL3/CXCL11/CH25H,38,Nominal,B_higher,GO_BP,NA,NA,mononuclear cell migration
GO:0015849,organic acid transport,50/1161,357/18860,0.1400560224089636,2.275156401923388,6.229849637785486,4.315444033413316e-8,2.508586379423306e-6,1.9404685413403124e-6,CLDN2/CEACAM1/SLC6A14/LYN/MFSD2A/SLC16A3/SLC27A2/TTYH3/TNFRSF11A/SLC7A7/PLA2G3/ANXA1/SLC6A8/SLC27A4/SLC43A2/EMB/CYP4F2/SLC6A20/SLC35D1/AKR1C4/ARL6IP1/ACSL5/PLA2G4A/PLA2G4F/NMUR2/PLA2G2A/ACE2/SLC6A12/FABP1/SLCO2B1/BDKRB2/SLC6A7/SLC26A3/NOS2/ABCG2/SLC7A9/FABP2/RGS2/SLC43A3/SLC16A4/TNF/AGXT/NR1H4/PLA2R1/TSPO2/SLC16A2/SLC3A1/FABP6/RBP2/PLA2G12B,50,Nominal,B_higher,GO_BP,NA,NA,organic acid transport
GO:0006066,alcohol metabolic process,51/1161,368/18860,0.13858695652173914,2.251291989664083,6.20857178385391,4.4765452304836374e-8,2.5742541820028487e-6,1.9912646016752345e-6,DHFR/SCARB1/PTAFR/GCH1/INPP4A/SDR16C5/PCSK9/ITPK1/STARD4/DHRS9/GDPD3/MVD/ACER3/CYP27B1/AKR1C4/CLCN2/PLA2G4A/RBP4/APOBR/MSMO1/SULT1A4/LDLR/GK5/ACAA2/GK/NPC1L1/SQLE/MOGAT3/SULT2B1/PCK2/APOL1/CFTR/ADH6/ADH4/HSD11B2/APOL2/MOGAT2/P2RY6/AGT/DGAT1/PLB1/NR1H4/APOA4/SULT1C3/CYP2D6/APOB/PCK1/CYP3A4/PLEK/CH25H/CYP1A1,51,Nominal,B_higher,GO_BP,NA,NA,alcohol metabolic process
GO:0071219,cellular response to molecule of bacterial origin,39/1161,247/18860,0.15789473684210523,2.564939480484156,6.3407248908013925,5.4625632856398654e-8,3.1078498352768084e-6,2.4040172130531546e-6,IRAK2/CD55/SCARB1/LYN/PTAFR/TNFRSF1B/IL18/MAP2K3/NR1I2/EPHB2/MYD88/CD68/LILRA2/CASP1/GBP3/CD274/JAK2/ASS1/PYCARD/CXCL10/MMP3/HCK/NOD2/NOS2/CXCL5/LCN2/TLR1/LILRB2/CSF2/TIFAB/GFI1/TNF/NR1H4/TREM2/PF4/CXCL9/NLRP7/CEBPE/MMP9,39,Nominal,B_higher,GO_BP,NA,NA,cellular response to molecule of bacterial origin
GO:0051225,spindle assembly,27/1161,137/18860,0.19708029197080293,3.2014938041079617,6.623554405616759,6.27896578995398e-8,3.534727267860409e-6,2.7342200060409015e-6,GPSM2/KIF2A/AURKA/CHEK2/SKA1/CDCA8/KIF4A/MYBL2/SPAG5/SKA3/STIL/BIRC5/NEK2/KIF23/CDC20/INCENP/TPX2/CCNB2/RACGAP1/PRC1/ASPM/KIF11/KIFC1/KIF15/RCC1/FBXO5/UHRF1,27,Nominal,B_higher,GO_BP,NA,NA,spindle assembly
GO:0002526,acute inflammatory response,24/1161,112/18860,0.21428571428571427,3.480989294942783,6.7446202912081965,6.379758413580545e-8,3.554057082898829e-6,2.749172211115301e-6,F12/TNFRSF11A/EXT1/F3/IL20RB/IL1RN/SAA2/SAA1/FFAR2/CREB3L3/VNN1/ASS1/APOL2/TFRC/LCN2/REG3G/ADAM8/FCGR2C/SERPINA3/DNASE1L3/FCGR3A/C2CD4A/TNF/REG3A,24,Nominal,B_higher,GO_BP,NA,NA,acute inflammatory response
GO:0044282,small molecule catabolic process,51/1161,373/18860,0.13672922252010725,2.2211138128589343,6.100682376754981,6.948899523409467e-8,3.831207695999364e-6,2.963556714812719e-6,UPP1/LDHA/ACOT7/FUT5/SCARB1/MFSD2A/SLC16A3/SLC27A2/FUT6/XDH/CYP4F3/PFKP/GDA/SLC27A4/ENTPD7/GALM/CYP4F2/RBKS/CYP27B1/ABHD3/OTC/GLB1L2/SULT1A4/GK5/ACAA2/GK/FUT4/KYNU/ACOX2/ARHGAP11B/CBR3/DHDH/CYP4F12/PCK2/SESN2/ADH4/TDO2/SDS/NOS2/DDO/DPEP2/CRYM/IL4I1/AGXT/IDO1/LDHC/ACMSD/PCK1/CYP3A4/DPEP1/CYP1A1,51,Nominal,B_higher,GO_BP,NA,NA,small molecule catabolic process
GO:2001251,negative regulation of chromosome organization,22/1161,97/18860,0.2268041237113402,3.684346057877585,6.788507566420354,7.693078993018101e-8,4.198223107618449e-6,3.247454397697222e-6,TRIP13/ZWILCH/SKA1/ESPL1/MAD2L1/CDCA8/SPC25/BUB1/SKA3/NUF2/BIRC5/CCNB1/CDC20/INCENP/BUB1B/CENPF/ZWINT/SPC24/PIF1/GEN1/FBXO5/PML,22,Nominal,B_higher,GO_BP,NA,NA,negative regulation of chromosome organization
GO:0008608,attachment of spindle microtubules to kinetochore,16/1161,55/18860,0.2909090909090909,4.725706679195051,7.086869110835975,1.163745204942076e-7,6.234419574706378e-6,4.822514846395321e-6,ECT2/ZWILCH/SKA1/CDCA8/SPAG5/SPC25/SKA3/NUF2/BIRC5/NEK2/CCNB1/CENPE/INCENP/RACGAP1/SPC24/CDT1,16,Nominal,B_higher,GO_BP,NA,NA,attachment of spindle microtubules to kinetochore
GO:0045930,negative regulation of mitotic cell cycle,38/1161,244/18860,0.1557377049180328,2.529899323646941,6.160495662911473,1.1657478636324569e-7,6.234419574706378e-6,4.822514846395321e-6,CHEK2/FANCD2/TRIP13/ZWILCH/SKA1/MAD2L1/CDCA8/SPC25/BUB1/SKA3/EZH2/CHEK1/HUS1/NUF2/ORC1/BIRC5/CCNB1/CDC20/INCENP/BRCA1/BUB1B/CDC6/CDKN1A/CLSPN/CENPF/ZWINT/SPC24/NEK11/GEN1/FBXO5/E2F7/BLM/OVOL1/PML/DTL/SLFN11/TNF/INHBA,38,Nominal,B_higher,GO_BP,NA,NA,negative regulation of mitotic cell cycle
GO:0050867,positive regulation of cell activation,53/1161,401/18860,0.1321695760598504,2.147044103780171,5.9463339213481845,1.1879059357476789e-7,6.290020737008502e-6,4.865524051577257e-6,CD55/LYN/IL18/ANXA1/EPHB2/RPS6KA1/HHLA2/MYD88/CARD11/LILRA2/MAP3K8/PLA2G4A/CTSC/DUSP10/BST1/STAT5A/MYB/CDKN1A/TNFSF13B/SLC39A10/IL2RG/MDK/CLCF1/VNN1/TNFSF9/CD274/JAK2/DPP4/CD5/ATAD5/PYCARD/NR5A2/NOD2/TFRC/ADAM8/LILRB2/FCGR3A/NCKAP1L/TTBK1/HLA-DRB1/IL4I1/TNF/LEF1/TREM2/SELP/CCL3/CD38/IL4R/PCK1/HLA-DRB4/GPR65/PLEK/HLA-DRB3,53,Nominal,B_higher,GO_BP,NA,NA,positive regulation of cell activation
GO:0050000,chromosome localization,25/1161,124/18860,0.20161290322580644,3.275124336639715,6.5099644245780715,1.2075774856057158e-7,6.3314945029601635e-6,4.897605282177979e-6,KIF18A/ECT2/FAM83D/ZWILCH/SKA1/CDCA8/KIF22/SPAG5/SPC25/SKA3/NUF2/BIRC5/NEK2/CCNB1/CENPE/PSRC1/INCENP/DLGAP5/RACGAP1/KIF14/CENPF/KIFC1/ZWINT/SPC24/CDT1,25,Nominal,B_higher,GO_BP,NA,NA,chromosome localization
GO:0002274,myeloid leukocyte activation,39/1161,255/18860,0.15294117647058825,2.4844707909003394,6.112628263438113,1.3032789045128518e-7,6.766927748868669e-6,5.234426259310686e-6,ADORA2B/LYN/IL18/PLA2G3/ANXA1/MYD88/IFI35/LILRA2/PLA2G4A/CTSC/LDLR/F2RL1/MFHAS1/IL13RA2/PTPRE/PLA2G2A/TMEM106A/BATF/JAK2/ITGB8/BATF3/CXCR2/UBD/PYCARD/MILR1/S100A12/C5AR1/FPR2/TLR1/CSF2/DNASE1L3/FCGR3A/TTBK1/TNF/TREM2/CCL3/IL4R/FGR/IRF4,39,Nominal,B_higher,GO_BP,NA,NA,myeloid leukocyte activation
GO:0034367,protein-containing complex remodeling,14/1161,43/18860,0.32558139534883723,5.288944975261904,7.211250554385876,1.5071520548524669e-7,7.750239605145185e-6,5.9950481534111285e-6,SCARB1/PCSK5/LIPG/PLA2G3/DIAPH3/PLA2G2A/PLA2G7/APOC2/AGT/MTTP/APOC3/NR1H4/APOA4/APOB,14,Nominal,B_higher,GO_BP,NA,NA,protein-containing complex remodeling
GO:1901989,positive regulation of cell cycle phase transition,25/1161,126/18860,0.1984126984126984,3.2231382360581327,6.412650315983769,1.6723522732636085e-7,8.517847578489312e-6,6.588816475113765e-6,ANXA1/FAM83D/CHEK2/CDC25B/SKA1/ESPL1/RRM2/CDC25A/PKP3/SKA3/EZH2/CHEK1/STIL/BIRC5/CCNB1/CDC20/DLGAP5/CDC6/FBXO5/CCNE2/UBE2C/CCND2/ATAD5/DTL/CYP1A1,25,Nominal,B_higher,GO_BP,NA,NA,positive regulation of cell cycle phase transition
GO:0071222,cellular response to lipopolysaccharide,36/1161,229/18860,0.1572052401746725,2.5537388713990725,6.058690459152422,1.9676101667753665e-7,9.927150162183642e-6,7.67895526854736e-6,IRAK2/CD55/SCARB1/LYN/PTAFR/TNFRSF1B/IL18/MAP2K3/EPHB2/MYD88/CD68/LILRA2/CASP1/GBP3/CD274/JAK2/ASS1/PYCARD/CXCL10/MMP3/HCK/NOD2/NOS2/CXCL5/LCN2/LILRB2/CSF2/TIFAB/GFI1/TNF/NR1H4/PF4/CXCL9/NLRP7/CEBPE/MMP9,36,Nominal,B_higher,GO_BP,NA,NA,cellular response to lipopolysaccharide
GO:0006260,DNA replication,42/1161,290/18860,0.14482758620689656,2.352668626926847,5.945461072249184,2.041871871776756e-7,1.020554277594588e-5,7.894300497867831e-6,RNASEH1/GINS4/TONSL/CCNA2/ESCO2/CDC25A/ORC6/POLQ/RAD51/GINS1/CHEK1/RUVBL1/CDC45/ORC1/ADRA2A/FEN1/CHAF1B/GINS2/BRCA1/MCM10/DSCC1/MCM4/CDC6/CDKN1A/POLA2/BRCA2/TK1/RFC3/GEN1/FBXO5/CCNE2/WDHD1/E2F7/BLM/ATAD5/FAM111B/DTL/SLFN11/SUPT16H/CDT1/EREG/DACH1,42,Nominal,B_higher,GO_BP,NA,NA,DNA replication
GO:0071827,plasma lipoprotein particle organization,16/1161,58/18860,0.27586206896551724,4.481273575098755,6.8006621749176475,2.6249976695464464e-7,1.2998599571050369e-5,1.0054815634812412e-5,SCARB1/MFSD2A/PCSK5/LIPG/PLA2G3/PLA2G2A/PLA2G7/CIDEB/APOC2/AGT/MTTP/DGAT1/APOC3/NR1H4/APOA4/APOB,16,Nominal,B_higher,GO_BP,NA,NA,plasma lipoprotein particle organization
GO:1901991,negative regulation of mitotic cell cycle phase transition,32/1161,193/18860,0.16580310880829016,2.6934079518728273,6.056253718580957,2.720488723887945e-7,1.3347865775552962e-5,1.032498376135164e-5,TRIP13/ZWILCH/SKA1/MAD2L1/CDCA8/SPC25/BUB1/SKA3/EZH2/CHEK1/HUS1/NUF2/ORC1/BIRC5/CCNB1/CDC20/INCENP/BRCA1/BUB1B/CDC6/CDKN1A/CLSPN/CENPF/ZWINT/SPC24/GEN1/FBXO5/E2F7/BLM/DTL/SLFN11/INHBA,32,Nominal,B_higher,GO_BP,NA,NA,negative regulation of mitotic cell cycle phase transition
GO:0071216,cellular response to biotic stimulus,40/1161,274/18860,0.145985401459854,2.371476891931823,5.856954970008346,3.202403883657045e-7,1.556950542708898e-5,1.2043490203609748e-5,IRAK2/CD55/SCARB1/LYN/PTAFR/TNFRSF1B/IL18/MAP2K3/NR1I2/EPHB2/MYD88/CD68/LILRA2/APAF1/CASP1/GBP3/CD274/JAK2/ASS1/PYCARD/CXCL10/MMP3/HCK/NOD2/NOS2/CXCL5/LCN2/TLR1/LILRB2/CSF2/TIFAB/GFI1/TNF/NR1H4/TREM2/PF4/CXCL9/NLRP7/CEBPE/MMP9,40,Nominal,B_higher,GO_BP,NA,NA,cellular response to biotic stimulus
GO:0050670,regulation of lymphocyte proliferation,38/1161,254/18860,0.14960629921259844,2.43029698807029,5.877838505530845,3.3469728206475613e-7,1.612577535569654e-5,1.2473782062726332e-5,CD55/LYN/TNFRSF1B/IL18/ANXA1/EPHB2/LGALS3/HHLA2/MYD88/RIPK3/GAL/CARD11/IL20RB/BST1/STAT5A/CDKN1A/TNFSF13B/SLC39A10/PLA2G2A/CLCF1/IRF1/TNFSF9/CD274/JAK2/ARG2/ATAD5/PYCARD/NR5A2/TFRC/TNFRSF9/LILRB2/MNDA/FCGR3A/NCKAP1L/HLA-DRB1/IL4I1/IDO1/CD38,38,Nominal,B_higher,GO_BP,NA,NA,regulation of lymphocyte proliferation
GO:0034612,response to tumor necrosis factor,37/1161,244/18860,0.15163934426229508,2.463323025656232,5.892410705499521,3.3836265681135986e-7,1.615681686274243e-5,1.2497793620945906e-5,CD58/CXCL16/ANXA4/GCH1/TNFRSF1B/TNFRSF11A/CFL1/PYDC1/FAS/CLDN1/EXT1/TRAF3/CARD14/KRT18/TNFRSF11B/GBP1/TUBA1A/CASP1/GBP3/BRCA1/F2RL1/TNFSF13B/GPD1/CYBA/JAK2/CHI3L1/PCK2/STAT1/UBD/ASS1/PYCARD/NPNT/LCN2/TNFRSF18/TNF/NR1H4/CCL3,37,Nominal,B_higher,GO_BP,NA,NA,response to tumor necrosis factor
GO:0002218,activation of innate immune response,48/1161,362/18860,0.13259668508287292,2.15398232615244,5.677957410565487,4.239808278787551e-7,2.006592449111135e-5,1.5521608323833326e-5,TRIM15/IRAK2/LYN/XPNPEP1/RPS6KA3/OAS3/OAS1/MAP2K3/S100A14/TRAF3/MYD88/NOD1/DPP9/IFI35/LILRA2/CASP1/CTSS/PIK3AP1/KCNK6/F2RL1/MFHAS1/CYBA/FFAR2/LRRC19/IRF1/LILRA4/CD274/IKBKE/ZBP1/S100A9/RSAD2/PYCARD/HCK/NOD2/DDX60/TLR1/REG3G/TRIM31/MNDA/S100A8/TIFAB/GFI1/TNF/NR1H4/TREM2/FCN1/BPIFB1/IRF4,48,Nominal,B_higher,GO_BP,NA,NA,activation of innate immune response
GO:0051231,spindle elongation,8/1161,14/18860,0.5714285714285714,9.28263811984742,7.940067359544029,4.3313556731511827e-7,2.031937731580046e-5,1.5717661861019528e-5,CDCA8/KIF4A/BIRC5/KIF23/INCENP/RACGAP1/PRC1/KIF11,8,Nominal,B_higher,GO_BP,NA,NA,spindle elongation
GO:1903046,meiotic cell cycle process,35/1161,227/18860,0.15418502202643172,2.5046765852011217,5.841384244321134,4.662831768530996e-7,2.168419504182936e-5,1.677339025201539e-5,KIF18A/AURKA/RAD51AP1/FANCD2/TRIP13/RAD54L/CDC25B/SKA1/ESPL1/CDC25A/RAD51/CKS2/SKA3/HUS1/NUF2/TEX11/FANCA/TOP2A/CDC20/FIGNL1/INCENP/MND1/CCNB2/PTTG1/LIF/ASPM/MSX2/ZWINT/BRCA2/FBXO5/CCNE2/BRIP1/OVOL1/MSX1/EREG,35,Nominal,B_higher,GO_BP,NA,NA,meiotic cell cycle process
GO:0032944,regulation of mononuclear cell proliferation,38/1161,258/18860,0.14728682170542637,2.3926179649994324,5.768502720754953,5.00451883050575e-7,2.307255750477996e-5,1.7847331219498728e-5,CD55/LYN/TNFRSF1B/IL18/ANXA1/EPHB2/LGALS3/HHLA2/MYD88/RIPK3/GAL/CARD11/IL20RB/BST1/STAT5A/CDKN1A/TNFSF13B/SLC39A10/PLA2G2A/CLCF1/IRF1/TNFSF9/CD274/JAK2/ARG2/ATAD5/PYCARD/NR5A2/TFRC/TNFRSF9/LILRB2/MNDA/FCGR3A/NCKAP1L/HLA-DRB1/IL4I1/IDO1/CD38,38,Nominal,B_higher,GO_BP,NA,NA,regulation of mononuclear cell proliferation
GO:0071825,protein-lipid complex organization,16/1161,61/18860,0.26229508196721313,4.260883071405375,6.5333187200293414,5.587979342843585e-7,2.55423192525876e-5,1.975776771693683e-5,SCARB1/MFSD2A/PCSK5/LIPG/PLA2G3/PLA2G2A/PLA2G7/CIDEB/APOC2/AGT/MTTP/DGAT1/APOC3/NR1H4/APOA4/APOB,16,Nominal,B_higher,GO_BP,NA,NA,protein-lipid complex organization
GO:0002687,positive regulation of leukocyte migration,27/1161,152/18860,0.17763157894736842,2.8855569155446754,5.97790260437771,5.681008405382333e-7,2.5747485552529423e-5,1.991647014554199e-5,S100A14/LGALS3/EDN3/NEDD9/MCU/F2RL1/FUT4/MDK/CCR6/ITGA2/PLA2G7/ASCL2/CCL20/PYCARD/CXCL10/C5AR1/FPR2/BDKRB1/ADAM8/TNFRSF18/NCKAP1L/CCR1/TNF/TREM2/SELP/ICAM1/CCL3,27,Nominal,B_higher,GO_BP,NA,NA,positive regulation of leukocyte migration
GO:0090307,mitotic spindle assembly,18/1161,76/18860,0.23684210526315788,3.847409220726234,6.370356232743627,5.839452741531732e-7,2.6243187614883786e-5,2.0299910901565422e-5,KIF2A/CHEK2/CDCA8/KIF4A/MYBL2/BIRC5/NEK2/KIF23/CDC20/INCENP/TPX2/RACGAP1/PRC1/KIF11/KIFC1/KIF15/RCC1/UHRF1,18,Nominal,B_higher,GO_BP,NA,NA,mitotic spindle assembly
GO:0034368,protein-lipid complex remodeling,13/1161,41/18860,0.3170731707317073,5.150732127476314,6.814271597028357,5.94330386595788e-7,2.6268420723258468e-5,2.0319429485180052e-5,SCARB1/PCSK5/LIPG/PLA2G3/PLA2G2A/PLA2G7/APOC2/AGT/MTTP/APOC3/NR1H4/APOA4/APOB,13,Nominal,B_higher,GO_BP,NA,NA,protein-lipid complex remodeling
GO:0034369,plasma lipoprotein particle remodeling,13/1161,41/18860,0.3170731707317073,5.150732127476314,6.814271597028357,5.94330386595788e-7,2.6268420723258468e-5,2.0319429485180052e-5,SCARB1/PCSK5/LIPG/PLA2G3/PLA2G2A/PLA2G7/APOC2/AGT/MTTP/APOC3/NR1H4/APOA4/APOB,13,Nominal,B_higher,GO_BP,NA,NA,plasma lipoprotein particle remodeling
GO:0051607,defense response to virus,45/1161,334/18860,0.1347305389221557,2.1886459638861813,5.613529368148568,6.184744298141349e-7,2.7069921825160992e-5,2.0939415181845196e-5,TRIM15/OAS3/OAS1/DMBT1/TRAF3/USP18/MYD88/RIPK3/MICB/PARP9/MMP12/POLR3G/GBP1/MOV10/CASP1/SKP2/TRIM7/GBP3/F2RL1/ISG15/IFIT3/OAS2/IRF1/IKBKE/NLRC5/ZBP1/STAT1/RSAD2/IFIT2/IFIT1/PYCARD/PML/CXCL10/SLFN11/CARD9/DDX60/MX1/TRIM31/BST2/FGL2/APOBEC3B/TNF/DEFA3/CXCL9/IFI44L,45,Nominal,B_higher,GO_BP,NA,NA,defense response to virus
GO:0009615,response to virus,55/1161,445/18860,0.12359550561797752,2.007761615809695,5.510018183672765,6.269413214948629e-7,2.7069921825160992e-5,2.0939415181845196e-5,TRIM15/OAS3/CFL1/OAS1/DMBT1/EXT1/TRAF3/USP18/MYD88/RIPK3/MICB/PARP9/MMP12/POLR3G/GBP1/MOV10/CASP1/SKP2/TRIM7/GBP3/F2RL1/ISG15/HSPB1/IFIT3/OAS2/IRF1/JAK2/IKBKE/ITGB8/NLRC5/BATF3/ZBP1/STAT1/RSAD2/IFIT2/IFIT1/PYCARD/PML/CXCL10/SLFN11/CARD9/DDX60/MX1/LCN2/TRIM31/BST2/FGL2/APOBEC3B/PIM2/TNF/APOB/FGR/DEFA3/CXCL9/IFI44L,55,Nominal,B_higher,GO_BP,NA,NA,response to virus
GO:0008202,steroid metabolic process,46/1161,345/18860,0.13333333333333333,2.165948894631065,5.59794052312562,6.27649645908744e-7,2.7069921825160992e-5,2.0939415181845196e-5,SCARB1/SLC27A2/PCSK9/HSD17B11/NR1I2/STARD4/DHRS9/MVD/GAL/SULT4A1/CYP27B1/AKR1C4/CLCN2/APOBR/MSMO1/SULT1A4/LDLR/STAT5A/ACAA2/NPC1L1/ACOX2/UGT2B7/SQLE/HSD17B2/SULT2B1/SNAI1/APOL1/CFTR/HSD11B2/APOL2/NR5A2/AGT/SPP1/GFI1/TNF/NR1H4/APOA4/UGT1A8/SULT1C3/CYP2D6/APOB/INHBA/PCK1/CYP3A4/CH25H/CYP1A1,46,Nominal,B_higher,GO_BP,NA,NA,steroid metabolic process
GO:1901976,regulation of cell cycle checkpoint,14/1161,48/18860,0.2916666666666667,4.738013207005456,6.641176777631321,6.939260603067516e-7,2.9688932564164066e-5,2.296530035373081e-5,CHEK2/SKA1/MAD2L1/CDCA8/RAD51/SKA3/BIRC5/CCNB1/INCENP/BRCA1/ZWINT/BRCA2/GEN1/WDR76,14,Nominal,B_higher,GO_BP,NA,NA,regulation of cell cycle checkpoint
GO:0002221,pattern recognition receptor signaling pathway,44/1161,325/18860,0.13538461538461538,2.1992711853176967,5.5855231981365066,7.192110949223416e-7,3.052651536225939e-5,2.361319634958064e-5,TRIM15/IRAK2/LYN/XPNPEP1/RPS6KA3/OAS3/OAS1/MAP2K3/S100A14/TRAF3/MYD88/NOD1/DPP9/IFI35/LILRA2/CASP1/CTSS/PIK3AP1/KCNK6/F2RL1/MFHAS1/CYBA/FFAR2/LRRC19/IRF1/LILRA4/CD274/S100A9/RSAD2/PYCARD/NOD2/DDX60/TLR1/REG3G/TRIM31/S100A8/TIFAB/GFI1/TNF/NR1H4/TREM2/FCN1/BPIFB1/IRF4,44,Nominal,B_higher,GO_BP,NA,NA,pattern recognition receptor signaling pathway
GO:0019432,triglyceride biosynthetic process,13/1161,42/18860,0.30952380952380953,5.028095648250687,6.6932764524826505,8.124651552534444e-7,3.421309960862536e-5,2.646488238828045e-5,SCARB1/MFSD2A/AGPAT2/LDLR/PNPLA3/GK/LPGAT1/MOGAT3/AGMO/PCK2/MOGAT2/DGAT1/PCK1,13,Nominal,B_higher,GO_BP,NA,NA,triglyceride biosynthetic process
GO:0070663,regulation of leukocyte proliferation,40/1161,284/18860,0.14084507042253522,2.287974184469435,5.601331843658906,8.252516211105558e-7,3.448004429452541e-5,2.6671372294115823e-5,CD55/LYN/TNFRSF1B/IL18/ANXA1/EPHB2/LGALS3/HHLA2/MYD88/RIPK3/GAL/CARD11/IL20RB/BST1/STAT5A/CDKN1A/TNFSF13B/SLC39A10/PLA2G2A/CLCF1/IRF1/TNFSF9/CD274/JAK2/ARG2/ATAD5/PYCARD/NR5A2/TFRC/TNFRSF9/BST2/LILRB2/MNDA/CSF2/FCGR3A/NCKAP1L/HLA-DRB1/IL4I1/IDO1/CD38,40,Nominal,B_higher,GO_BP,NA,NA,regulation of leukocyte proliferation
GO:0015908,fatty acid transport,23/1161,119/18860,0.19327731092436976,3.1397158346542753,5.997003143450027,8.398403184242035e-7,3.481756606924528e-5,2.6932455743836145e-5,LYN/MFSD2A/SLC27A2/TNFRSF11A/PLA2G3/ANXA1/SLC27A4/CYP4F2/ACSL5/PLA2G4A/PLA2G4F/NMUR2/PLA2G2A/FABP1/SLCO2B1/BDKRB2/NOS2/FABP2/SLC43A3/PLA2R1/FABP6/RBP2/PLA2G12B,23,Nominal,B_higher,GO_BP,NA,NA,fatty acid transport
GO:0140013,meiotic nuclear division,32/1161,203/18860,0.15763546798029557,2.560727757199289,5.726052729103897,8.697546322265693e-7,3.561079187899137e-5,2.7546040248088035e-5,KIF18A/AURKA/RAD51AP1/FANCD2/TRIP13/RAD54L/CDC25B/SKA1/ESPL1/RAD51/CKS2/SKA3/NUF2/TEX11/FANCA/TOP2A/CDC20/FIGNL1/INCENP/MND1/CCNB2/PTTG1/LIF/ASPM/MSX2/ZWINT/BRCA2/FBXO5/CCNE2/BRIP1/MSX1/EREG,32,Nominal,B_higher,GO_BP,NA,NA,meiotic nuclear division
GO:0051256,mitotic spindle midzone assembly,7/1161,11/18860,0.6363636363636364,10.337483360739174,7.933833859465034,8.722912745227878e-7,3.561079187899137e-5,2.7546040248088035e-5,CDCA8/KIF4A/BIRC5/KIF23/INCENP/RACGAP1/PRC1,7,Nominal,B_higher,GO_BP,NA,NA,mitotic spindle midzone assembly
GO:0007159,leukocyte cell-cell adhesion,54/1161,439/18860,0.12300683371298406,1.998198866345288,5.419931611269456,9.198800685175334e-7,3.7269080351755826e-5,2.8828777266937058e-5,CD55/LYN/IL18/ANXA1/EXT1/LGALS3/HHLA2/CARD11/IL20RB/MAP3K8/DUSP10/STAT5A/TNFSF13B/FUT4/SOCS6/IL2RG/MDK/PLA2G2A/VNN1/IRF1/TNFSF9/CD274/ASCL2/JAK2/ARG2/DPP4/S100A9/CD5/ASS1/PYCARD/NR5A2/NOD2/TFRC/ADAM8/NT5E/FGL2/LILRB2/NCKAP1L/S100A8/HLA-DRB1/IL4I1/SELL/TNF/LEF1/IDO1/APOA4/SELP/ICAM1/CCL25/IL4R/PCK1/HLA-DRB4/GPR65/HLA-DRB3,54,Nominal,B_higher,GO_BP,NA,NA,leukocyte cell-cell adhesion
GO:0002819,regulation of adaptive immune response,34/1161,224/18860,0.15178571428571427,2.465700750584471,5.651894466825962,9.800848265948892e-7,3.9409726711499755e-5,3.0484632912686305e-5,CEACAM1/CD55/TNFRSF1B/IL18/ANXA1/EPHB2/RIPK3/IL20RB/PLA2G4A/DUSP10/STAT5A/TNFSF13B/ADCY7/CLCF1/IRF1/CD274/ASCL2/BATF/JAK2/RSAD2/ATAD5/PYCARD/CARD9/TFRC/ULBP2/C4BPA/NCKAP1L/HLA-DRB1/IL4I1/TNF/SAMSN1/TREM2/IL4R/HLA-DRB3,34,Nominal,B_higher,GO_BP,NA,NA,regulation of adaptive immune response
GO:0034341,response to type II interferon,24/1161,129/18860,0.18604651162790695,3.0222542715782303,5.9027067827685045,1.006758479498714e-6,3.993661304875317e-5,3.089219566224461e-5,CD58/CXCL16/GCH1/ZYX/CLDN1/CYP27B1/PARP9/GBP1/CASP1/GBP3/CDC42EP2/PARP14/KYNU/IRF1/JAK2/NLRC5/STAT1/UBD/ASS1/HCK/NOS2/BST2/TNF/CCL3,24,Nominal,B_higher,GO_BP,NA,NA,response to type II interferon
GO:0002263,cell activation involved in immune response,44/1161,329/18860,0.1337386018237082,2.1725323259217366,5.495085083016532,1.0081231790541657e-6,3.993661304875317e-5,3.089219566224461e-5,ADORA2B/CEACAM1/LYN/IL18/PLA2G3/ANXA1/ENTPD7/LGALS3/MYD88/IFI35/LILRA2/LRP1/SOCS3/STAT5A/F2RL1/MYB/IL13RA2/CDH17/MDK/CLCF1/CCR6/ASCL2/BATF/JAK2/ATAD5/PYCARD/MILR1/TFRC/FGL2/DNASE1L3/FCGR3A/NCKAP1L/HLA-DRB1/TNF/LEF1/SH2D1B/TREM2/ICAM1/CCL3/IL4R/PCK1/FGR/GPR65/IRF4,44,Nominal,B_higher,GO_BP,NA,NA,cell activation involved in immune response
GO:0051797,regulation of hair follicle development,9/1161,20/18860,0.45,7.310077519379845,7.231199089305434,1.1134588018280134e-6,4.378512994247217e-5,3.386914157263229e-5,CDH3/PKP3/GAL/FERMT1/HPSE/MSX2/KRT17/TNF/DKK4,9,Nominal,B_higher,GO_BP,NA,NA,regulation of hair follicle development
GO:0061041,regulation of wound healing,25/1161,139/18860,0.17985611510791366,2.921693652829674,5.824090431312463,1.162128098320274e-6,4.536540926873594e-5,3.509153612292491e-5,VIL1/F12/ANXA2/CEACAM1/CLDN4/CD9/ANXA1/EPHB2/CLDN1/TNFRSF12A/F3/TFPI/EPPK1/ADRA2A/FERMT1/HPSE/F2RL1/PLAUR/EMILIN2/CLDN3/REG3G/TNF/PF4/SERPINE2/REG3A,25,Nominal,B_higher,GO_BP,NA,NA,regulation of wound healing
GO:0002758,innate immune response-activating signaling pathway,45/1161,342/18860,0.13157894736842105,2.13744956707013,5.436873625426689,1.1993706061576773e-6,4.647995653428448e-5,3.5953672633101994e-5,TRIM15/IRAK2/LYN/XPNPEP1/RPS6KA3/OAS3/OAS1/MAP2K3/S100A14/TRAF3/MYD88/NOD1/DPP9/IFI35/LILRA2/CASP1/CTSS/PIK3AP1/KCNK6/F2RL1/MFHAS1/CYBA/FFAR2/LRRC19/IRF1/LILRA4/CD274/S100A9/RSAD2/PYCARD/HCK/NOD2/DDX60/TLR1/REG3G/TRIM31/S100A8/TIFAB/GFI1/TNF/NR1H4/TREM2/FCN1/BPIFB1/IRF4,45,Nominal,B_higher,GO_BP,NA,NA,innate immune response-activating signaling pathway
GO:0009410,response to xenobiotic stimulus,54/1161,443/18860,0.12189616252821672,1.9801564386581971,5.34673785608725,1.2196925761044753e-6,4.692745249645132e-5,3.629982449140922e-5,BAK1/LYN/NAT1/HTR2B/NR1I2/CHEK2/LRP8/RAD54L/TPMT/CES2/RAD51/GAL/AGPAT2/NAT2/CYP4F2/OTC/CCNB1/CES3/RBP4/SULT1A4/CENPF/CYBA/UGT2B7/CBR3/MDK/ABCG5/ITGA2/CPS1/E2F1/SLCO2B1/CYP4F12/STAT1/CYP2J2/HSD11B2/ABCG8/SPINK4/ASS1/HNF4A/CARD9/NOS2/TFRC/S100A12/LCN2/PFAS/MMP7/NCKAP1L/TNF/UGT1A8/SULT1C3/CD38/CYP2D6/CYP3A4/FOSB/CYP1A1,54,Nominal,B_higher,GO_BP,NA,NA,response to xenobiotic stimulus
GO:1902105,regulation of leukocyte differentiation,45/1161,343/18860,0.13119533527696792,2.131217935679255,5.415132711364419,1.3002718412021346e-6,4.9670384333921544e-5,3.842156643552172e-5,CEACAM1/LYN/TNFRSF11A/IL18/PLA2G3/ANXA1/FANCD2/HMGB3/NEDD9/TNFRSF11B/CARD11/FANCA/DUSP10/STAT5A/LIF/IL2RG/MDK/VNN1/IRF1/TNFSF9/LILRB3/ASCL2/BATF/NFAM1/ADAM8/FGL2/TMEM176B/LILRB2/NCKAP1L/CCR1/HLA-DRB1/IL4I1/TNF/LEF1/SLAMF8/TREM2/PF4/TNFAIP6/CCL3/IL4R/INHBA/PCK1/GPR65/TMEM176A/IRF4,45,Nominal,B_higher,GO_BP,NA,NA,regulation of leukocyte differentiation
GO:0032757,positive regulation of interleukin-8 production,16/1161,65/18860,0.24615384615384617,3.998674882395813,6.202488542714661,1.413972108640461e-6,5.3630658418504864e-5,4.1484959962351714e-5,CD58/AFAP1L2/MYD88/F3/NOD1/LILRA2/F2RL1/FFAR2/CHI3L1/PYCARD/NOD2/NOS2/TLR1/TNF/FCN1/DEFA5,16,Nominal,B_higher,GO_BP,NA,NA,positive regulation of interleukin-8 production
GO:0046460,neutral lipid biosynthetic process,14/1161,51/18860,0.27450980392156865,4.459306547769841,6.335667238771936,1.563072911227139e-6,5.823756875543799e-5,4.504854647263538e-5,SCARB1/MFSD2A/AGPAT2/PLA2G4A/LDLR/PNPLA3/GK/LPGAT1/MOGAT3/AGMO/PCK2/MOGAT2/DGAT1/PCK1,14,Nominal,B_higher,GO_BP,NA,NA,neutral lipid biosynthetic process
GO:0046463,acylglycerol biosynthetic process,14/1161,51/18860,0.27450980392156865,4.459306547769841,6.335667238771936,1.563072911227139e-6,5.823756875543799e-5,4.504854647263538e-5,SCARB1/MFSD2A/AGPAT2/PLA2G4A/LDLR/PNPLA3/GK/LPGAT1/MOGAT3/AGMO/PCK2/MOGAT2/DGAT1/PCK1,14,Nominal,B_higher,GO_BP,NA,NA,acylglycerol biosynthetic process
GO:0070098,chemokine-mediated signaling pathway,19/1161,89/18860,0.21348314606741572,3.46795188185311,5.977079906661717,1.568102075688682e-6,5.823756875543799e-5,4.504854647263538e-5,CCL15/CCRL2/LYN/CCL18/STAT5A/CCR6/PADI2/JAK2/CXCR2/CXCL10/CCL3L3/CCR1/CCL13/CCL26/TREM2/CCL3/CCL25/CXCL11/CXCL9,19,Nominal,B_higher,GO_BP,NA,NA,chemokine-mediated signaling pathway
GO:1903034,regulation of response to wounding,29/1161,179/18860,0.16201117318435754,2.6318094110740597,5.618197009691718,1.5854053767400342e-6,5.847412382624623e-5,4.52315290786812e-5,VIL1/F12/ANXA2/CEACAM1/CLDN4/CD9/ANXA1/EPHB2/CLDN1/TNFRSF12A/F3/TFPI/EPPK1/ADRA2A/FERMT1/HPSE/F2RL1/PLAUR/EMILIN2/CLDN3/MDK/RTN4R/REG3G/SIGLEC10/SPP1/TNF/PF4/SERPINE2/REG3A,29,Nominal,B_higher,GO_BP,NA,NA,regulation of response to wounding
GO:0002366,leukocyte activation involved in immune response,43/1161,325/18860,0.13230769230769232,2.1492877492877493,5.352728776919851,1.7787617549782784e-6,6.515628675084818e-5,5.040038714538309e-5,ADORA2B/CEACAM1/LYN/IL18/PLA2G3/ANXA1/ENTPD7/LGALS3/MYD88/IFI35/LILRA2/SOCS3/STAT5A/F2RL1/MYB/IL13RA2/CDH17/MDK/CLCF1/CCR6/ASCL2/BATF/JAK2/ATAD5/PYCARD/MILR1/TFRC/FGL2/DNASE1L3/FCGR3A/NCKAP1L/HLA-DRB1/TNF/LEF1/SH2D1B/TREM2/ICAM1/CCL3/IL4R/PCK1/FGR/GPR65/IRF4,43,Nominal,B_higher,GO_BP,NA,NA,leukocyte activation involved in immune response
GO:0002696,positive regulation of leukocyte activation,48/1161,381/18860,0.12598425196850394,2.04656588469077,5.285558748985755,1.876506511047408e-6,6.804094214085338e-5,5.26317566062185e-5,CD55/LYN/IL18/ANXA1/EPHB2/HHLA2/MYD88/CARD11/MAP3K8/PLA2G4A/CTSC/DUSP10/BST1/STAT5A/CDKN1A/TNFSF13B/SLC39A10/IL2RG/MDK/CLCF1/VNN1/TNFSF9/CD274/JAK2/DPP4/CD5/ATAD5/PYCARD/NR5A2/NOD2/TFRC/ADAM8/LILRB2/FCGR3A/NCKAP1L/TTBK1/HLA-DRB1/IL4I1/TNF/LEF1/TREM2/CCL3/CD38/IL4R/PCK1/HLA-DRB4/GPR65/HLA-DRB3,48,Nominal,B_higher,GO_BP,NA,NA,positive regulation of leukocyte activation
GO:0051338,regulation of transferase activity,41/1161,304/18860,0.13486842105263158,2.1908858062468832,5.361246854765981,1.8829580098815068e-6,6.804094214085338e-5,5.26317566062185e-5,CEACAM1/LYN/MAP2K3/ECT2/GPRC5A/MAD2L1/SFN/CDKN3/CDC25A/RIPK3/CARD14/ZFYVE28/NEDD9/EZH2/UBE2S/CDC20/CENPE/TPX2/DSCC1/CDC6/CDKN1A/KIF14/CLSPN/MMD/STK38/RFC3/FBXO5/CCNE2/UBE2C/INCA1/JAK2/CHI3L1/NLRC5/BLM/PYCARD/AGT/S100A12/EREG/HLA-DRB1/TNF/FGR,41,Nominal,B_higher,GO_BP,NA,NA,regulation of transferase activity
GO:0000022,mitotic spindle elongation,7/1161,12/18860,0.5833333333333334,9.476026414010912,7.522312361754477,1.981760993039695e-6,7.113058919984087e-5,5.50216934132533e-5,CDCA8/KIF4A/BIRC5/KIF23/INCENP/RACGAP1/PRC1,7,Nominal,B_higher,GO_BP,NA,NA,mitotic spindle elongation
GO:0007043,cell-cell junction assembly,27/1161,162/18860,0.16666666666666666,2.707436118288831,5.58991841104551,2.058702528997164e-6,7.339960750051222e-5,5.677684869444809e-5,CLDN2/GJB2/CLDN4/RHOC/WDR1/CD9/CLDN7/CDH3/ECT2/EPHB2/CLDN1/ZNF703/PKP3/EPHA2/MARVELD3/CDH17/CLDN3/CLDN23/ACE2/SRF/SNAI1/CLDN15/AGT/DSG3/CNTNAP2/TNF/NR1H4,27,Nominal,B_higher,GO_BP,NA,NA,cell-cell junction assembly
GO:0031570,DNA integrity checkpoint signaling,23/1161,126/18860,0.18253968253968253,2.965287177173482,5.668878000158166,2.3661695528274605e-6,8.380314416239244e-5,6.482430353859826e-5,LYN/CHEK2/FANCD2/RAD51/CHEK1/HUS1/PARP9/CDC45/ORC1/FBXO6/BRCA1/CDC6/CDKN1A/CLSPN/BRCA2/STK38/NEK11/E2F1/BRIP1/BLM/DTL/CDT1/WDR76,23,Nominal,B_higher,GO_BP,NA,NA,DNA integrity checkpoint signaling
GO:1905820,positive regulation of chromosome separation,11/1161,33/18860,0.3333333333333333,5.414872236577662,6.501081701882874,2.523605185389695e-6,8.87910561280532e-5,6.86826064998719e-5,SKA1/ESPL1/CDCA8/SKA3/NCAPG/BIRC5/CDC20/INCENP/NCAPG2/DLGAP5/UBE2C,11,Nominal,B_higher,GO_BP,NA,NA,positive regulation of chromosome separation
GO:0044786,cell cycle DNA replication,13/1161,46/18860,0.2826086956521739,4.590869939707149,6.245095685334783,2.572393808682229e-6,8.991609208387293e-5,6.95528563338229e-5,RAD51/GINS1/CDC45/FEN1/MCM4/BRCA2/TK1/FBXO5/E2F7/BLM/ATAD5/CDT1/DACH1,13,Nominal,B_higher,GO_BP,NA,NA,cell cycle DNA replication
GO:1901970,positive regulation of mitotic sister chromatid separation,9/1161,22/18860,0.4090909090909091,6.645525017618041,6.7857734456432715,2.947037207581822e-6,1.0234256484511418e-4,7.916511432533535e-5,SKA1/ESPL1/CDCA8/SKA3/BIRC5/CDC20/INCENP/DLGAP5/UBE2C,9,Nominal,B_higher,GO_BP,NA,NA,positive regulation of mitotic sister chromatid separation
GO:0034383,low-density lipoprotein particle clearance,12/1161,40/18860,0.3,4.873385012919897,6.2807561090935256,3.1213903566584974e-6,1.0731991463917788e-4,8.301524712277467e-5,ANXA2/SCARB1/PCSK9/APOBEC1/A1CF/CES3/HMOX1/LDLR/APOC3/NR1H4/TREM2/APOB,12,Nominal,B_higher,GO_BP,NA,NA,low-density lipoprotein particle clearance
GO:0042445,hormone metabolic process,35/1161,246/18860,0.14227642276422764,2.3112259546368077,5.3018362648667035,3.1304986319580677e-6,1.0731991463917788e-4,8.301524712277467e-5,SDR16C5/HSD17B11/PCSK5/PREP/DHRS9/GAL/AKR1C4/CLCN2/RBP4/SULT1A4/PAPSS2/CTSZ/UGT2B7/ACE2/HSD17B2/PLA2G7/MEP1A/DPP4/ANPEP/ADH6/ADH4/NR5A2/KLK6/DGAT1/PLB1/DDO/CRYM/MME/SPP1/SLC16A2/UGT1A8/CYP2D6/INHBA/CYP3A4/CYP1A1,35,Nominal,B_higher,GO_BP,NA,NA,hormone metabolic process
GO:0002548,monocyte chemotaxis,14/1161,54/18860,0.25925925925925924,4.21156729511596,6.052945535827958,3.298494767734388e-6,1.1191440516332884e-4,8.656922652676501e-5,LYN/TNFRSF11A/ANXA1/S100A14/LGALS3/PLA2G7/CXCL10/S100A12/FPR2/CCR1/SLAMF8/CCL26/PF4/CCL3,14,Nominal,B_higher,GO_BP,NA,NA,monocyte chemotaxis
GO:0046503,glycerolipid catabolic process,16/1161,69/18860,0.2318840579710145,3.766867642836635,5.897107695421924,3.3063717307041804e-6,1.1191440516332884e-4,8.656922652676501e-5,SCARB1/LIPG/GDPD3/MGLL/PLA2G4A/LDLR/PLA2G4F/PNPLA3/CPS1/PLA2G7/APOC2/PLB1/APOC3/APOA4/APOB/PLA2G4D,16,Nominal,B_higher,GO_BP,NA,NA,glycerolipid catabolic process
GO:0050777,negative regulation of immune response,33/1161,226/18860,0.14601769911504425,2.372001554961012,5.3144319828376645,3.3593566414580463e-6,1.122864957407352e-4,8.685705000611923e-5,CEACAM1/CD55/LYN/OAS3/OAS1/ANXA1/SFN/LGALS3/USP18/OLFM4/MMP12/IL20RB/LYAR/DUSP10/STAT5A/ISG15/PARP14/CD274/ASCL2/NLRC5/ARG2/HCK/FGL2/C4BPA/NCKAP1L/HLA-DRB1/IL4I1/SLAMF8/SAMSN1/TREM2/SERPINB9/IL4R/FGR,33,Nominal,B_higher,GO_BP,NA,NA,negative regulation of immune response
GO:0071356,cellular response to tumor necrosis factor,33/1161,226/18860,0.14601769911504425,2.372001554961012,5.3144319828376645,3.3593566414580463e-6,1.122864957407352e-4,8.685705000611923e-5,CD58/ANXA4/TNFRSF1B/TNFRSF11A/CFL1/PYDC1/FAS/CLDN1/EXT1/TRAF3/CARD14/KRT18/TNFRSF11B/GBP1/CASP1/GBP3/BRCA1/F2RL1/TNFSF13B/GPD1/CYBA/JAK2/CHI3L1/PCK2/STAT1/ASS1/PYCARD/NPNT/LCN2/TNFRSF18/TNF/NR1H4/CCL3,33,Nominal,B_higher,GO_BP,NA,NA,cellular response to tumor necrosis factor
GO:0045931,positive regulation of mitotic cell cycle,24/1161,138/18860,0.17391304347826086,2.825150732127476,5.5114165398313535,3.4948294704945575e-6,1.1608911806338445e-4,8.979849505749337e-5,AURKA/ANXA1/CDC25B/SKA1/ESPL1/RRM2/CDC25A/SKA3/CHEK1/STIL/BIRC5/CCNB1/CDC20/STAT5A/DLGAP5/CDC6/BRCA2/FBXO5/CCNE2/UBE2C/CCND2/MEIS2/DTL/CYP1A1,24,Nominal,B_higher,GO_BP,NA,NA,positive regulation of mitotic cell cycle
GO:0050863,regulation of T cell activation,49/1161,404/18860,0.12128712871287128,1.970262917764645,5.049081730928609,4.338068983690785e-6,1.4258705431989153e-4,1.102954618504062e-4,CD55/LYN/TNFRSF1B/IL18/ANXA1/FANCD2/LGALS3/HHLA2/RIPK3/CARD11/IL20RB/FANCA/MAP3K8/DUSP10/STAT5A/TNFSF13B/SOCS6/IL2RG/MDK/PLA2G2A/VNN1/IRF1/TNFSF9/CD274/ASCL2/BATF/JAK2/ARG2/DPP4/CD5/PYCARD/NR5A2/NOD2/TFRC/TNFRSF9/ADAM8/FGL2/LILRB2/NCKAP1L/HLA-DRB1/IL4I1/LEF1/IDO1/IL4R/PCK1/HLA-DRB4/GPR65/HLA-DRB3/IRF4,49,Nominal,B_higher,GO_BP,NA,NA,regulation of T cell activation
GO:0055090,acylglycerol homeostasis,13/1161,48/18860,0.2708333333333333,4.399583692219351,6.039902755846081,4.345865716930127e-6,1.4258705431989153e-4,1.102954618504062e-4,SCARB1/IL18/FITM2/ABCG5/APOC2/SESN2/ABCG8/HNF4A/MLXIPL/APOC3/NR1H4/APOA4/PLA2G12B,13,Nominal,B_higher,GO_BP,NA,NA,acylglycerol homeostasis
GO:0002577,regulation of antigen processing and presentation,9/1161,23/18860,0.391304347826087,6.3565891472868215,6.583357836612707,4.577257531594233e-6,1.4835862593312702e-4,1.1475994959595112e-4,NOD1/CD68/CTSS/PYCARD/NOD2/FGL2/LILRB2/FAM3D/TREM2,9,Nominal,B_higher,GO_BP,NA,NA,regulation of antigen processing and presentation
GO:0051988,regulation of attachment of spindle microtubules to kinetochore,9/1161,23/18860,0.391304347826087,6.3565891472868215,6.583357836612707,4.577257531594233e-6,1.4835862593312702e-4,1.1475994959595112e-4,ECT2/ZWILCH/CDCA8/SPAG5/BIRC5/NEK2/CCNB1/INCENP/RACGAP1,9,Nominal,B_higher,GO_BP,NA,NA,regulation of attachment of spindle microtubules to kinetochore
GO:0043616,keratinocyte proliferation,15/1161,63/18860,0.23809523809523808,3.8677658832697586,5.8394342569845525,4.6967551980802775e-6,1.5040866346906182e-4,1.1634571653612034e-4,SDR16C5/CDH3/SFN/AREG/VDR/EPPK1/FERMT1/BCL11B/CDKN1A/MDK/OVOL1/KLK8/EREG/REG3G/REG3A,15,Nominal,B_higher,GO_BP,NA,NA,keratinocyte proliferation
GO:0051785,positive regulation of nuclear division,15/1161,63/18860,0.23809523809523808,3.8677658832697586,5.8394342569845525,4.6967551980802775e-6,1.5040866346906182e-4,1.1634571653612034e-4,AURKA/RAD51AP1/SKA1/ESPL1/EDN3/SKA3/CDC20/DLGAP5/MSX2/UBE2C/HOXA13/NUSAP1/MSX1/EREG/TNF,15,Nominal,B_higher,GO_BP,NA,NA,positive regulation of nuclear division
GO:0032102,negative regulation of response to external stimulus,53/1161,452/18860,0.1172566371681416,1.9047891274686912,4.986712876502079,4.861291650675977e-6,1.547511175465186e-4,1.197047380147656e-4,F12/ANXA2/CEACAM1/LYN/TNFRSF1B/OAS3/CD9/OAS1/SFN/PBK/USP18/IL22RA1/MICB/TFPI/EPPK1/MMP12/IL20RB/LYAR/LILRA2/DUSP10/LDLR/SOCS3/MFHAS1/ISG15/PLAUR/PARP14/SAA1/MDK/PADI2/RTN4R/NLRC5/ARG2/DPP4/NR5A2/HCK/FPR2/NT5E/FGL2/CNTNAP2/SIGLEC10/RIN3/SPP1/HLA-DRB1/TNF/NR1H4/SLAMF8/TREM2/PF4/TNFAIP6/SERPINB9/FGR/SERPINE2/REG3A,53,Nominal,B_higher,GO_BP,NA,NA,negative regulation of response to external stimulus
GO:0030216,keratinocyte differentiation,28/1161,180/18860,0.15555555555555556,2.526940377069576,5.271946221875303,5.364595637030244e-6,1.697624702179748e-4,1.3131647993477958e-4,ST14/CDH3/ANXA1/SFN/VDR/EPHA2/EZH2/CYP27B1/TFAP2C/KRT80/KRT6B/BCL11B/CDKN1A/KRT7/MSX2/ABCA12/KRT14/KRT6C/ETV4/PAX6/SCEL/EREG/KRT17/REG3G/KRT6A/KRT16/CDSN/REG3A,28,Nominal,B_higher,GO_BP,NA,NA,keratinocyte differentiation
GO:1901992,positive regulation of mitotic cell cycle phase transition,20/1161,105/18860,0.1904761904761905,3.0942127066158074,5.511349863215403,5.424383475363305e-6,1.7064472250731148e-4,1.3199892915280364e-4,ANXA1/CDC25B/SKA1/ESPL1/RRM2/CDC25A/SKA3/CHEK1/STIL/BIRC5/CCNB1/CDC20/DLGAP5/CDC6/FBXO5/CCNE2/UBE2C/CCND2/DTL/CYP1A1,20,Nominal,B_higher,GO_BP,NA,NA,positive regulation of mitotic cell cycle phase transition
GO:0097028,dendritic cell differentiation,13/1161,49/18860,0.2653061224489796,4.30979626992916,5.941477214955434,5.584144781164726e-6,1.7464331163549095e-4,1.3509196054156583e-4,LYN/TRPM2/F2RL1/BATF/ITGB8/BATF3/UBD/TMEM176B/LILRB2/CSF2/TREM2/TMEM176A/IRF4,13,Nominal,B_higher,GO_BP,NA,NA,dendritic cell differentiation
GO:0006261,DNA-templated DNA replication,27/1161,171/18860,0.15789473684210523,2.564939480484156,5.265063892569629,5.905124308960214e-6,1.8360816746697224e-4,1.4202655161697452e-4,GINS4/TONSL/ORC6/POLQ/RAD51/GINS1/CDC45/ORC1/FEN1/BRCA1/MCM10/MCM4/CDC6/POLA2/BRCA2/TK1/RFC3/GEN1/FBXO5/CCNE2/WDHD1/E2F7/BLM/ATAD5/SLFN11/CDT1/DACH1,27,Nominal,B_higher,GO_BP,NA,NA,DNA-templated DNA replication
GO:0044839,cell cycle G2/M phase transition,26/1161,162/18860,0.16049382716049382,2.6071607065003564,5.261630070106977,6.44981986281808e-6,1.9938518281127797e-4,1.5423055710906634e-4,MELK/CALM2/AURKA/CHEK2/CCNA2/CDC25B/FOXM1/CDC25A/CHEK1/HUS1/ORC1/BIRC5/CCNB1/CDC20/SKP2/BRCA1/CCNB2/CDC6/CDKN1A/KIF14/CLSPN/CENPF/FBXO5/BLM/ATAD5/DTL,26,Nominal,B_higher,GO_BP,NA,NA,cell cycle G2/M phase transition
GO:0001932,regulation of protein phosphorylation,47/1161,387/18860,0.1214470284237726,1.9728604272802337,4.952658475176755,6.535384770757457e-6,2.008691824943154e-4,1.5537847640094863e-4,CEACAM1/LYN/IL18/PRR5L/MAP2K3/ECT2/NT5DC2/GPRC5A/SFN/CDKN3/CDC25A/RIPK3/CARD14/ZFYVE28/NEDD9/EZH2/PARP9/CENPE/TPX2/LIF/CDC6/CDKN1A/KIF14/CLSPN/MMD/PLAUR/PARP14/STK38/HSPB1/CCNE2/BANK1/INCA1/JAK2/CHI3L1/BLM/SESN2/PYCARD/AGT/S100A12/EREG/TNFRSF18/HLA-DRB1/TNF/SAMSN1/FGR/INSM1/MMP9,47,Nominal,B_higher,GO_BP,NA,NA,regulation of protein phosphorylation
GO:0090231,regulation of spindle checkpoint,9/1161,24/18860,0.375,6.09173126614987,6.3926044039557075,6.9240582178098785e-06,2.1036805973660756e-4,1.6272614942425457e-4,SKA1/MAD2L1/CDCA8/SKA3/BIRC5/CCNB1/INCENP/ZWINT/GEN1,9,Nominal,B_higher,GO_BP,NA,NA,regulation of spindle checkpoint
GO:0098856,intestinal lipid absorption,9/1161,24/18860,0.375,6.09173126614987,6.3926044039557075,6.9240582178098785e-06,2.1036805973660756e-4,1.6272614942425457e-4,CLDN2/SCARB1/LDLR/NPC1L1/ABCG5/CLDN15/ABCG8/FABP2/APOA4,9,Nominal,B_higher,GO_BP,NA,NA,intestinal lipid absorption
GO:0050864,regulation of B cell activation,23/1161,134/18860,0.17164179104477612,2.7882551068944683,5.3205979052519545,6.962443263533945e-6,2.1036805973660756e-4,1.6272614942425457e-4,LYN/HMGB3/EPHB2/CARD11/BST1/STAT5A/CDKN1A/TNFSF13B/SLC39A10/IL2RG/CLCF1/BANK1/ATAD5/NOD2/TFRC/NFAM1/MNDA/NCKAP1L/IL4I1/SLAMF8/SAMSN1/CD38/INHBA,23,Nominal,B_higher,GO_BP,NA,NA,regulation of B cell activation
GO:1990868,response to chemokine,19/1161,98/18860,0.19387755102040816,3.1494665049482324,5.463931290897857,7.070999803809719e-6,2.112609326858904e-4,1.6341681404864568e-4,CCL15/CCRL2/LYN/CCL18/STAT5A/CCR6/PADI2/JAK2/CXCR2/CXCL10/CCL3L3/CCR1/CCL13/CCL26/TREM2/CCL3/CCL25/CXCL11/CXCL9,19,Nominal,B_higher,GO_BP,NA,NA,response to chemokine
GO:1990869,cellular response to chemokine,19/1161,98/18860,0.19387755102040816,3.1494665049482324,5.463931290897857,7.070999803809719e-6,2.112609326858904e-4,1.6341681404864568e-4,CCL15/CCRL2/LYN/CCL18/STAT5A/CCR6/PADI2/JAK2/CXCR2/CXCL10/CCL3L3/CCR1/CCL13/CCL26/TREM2/CCL3/CCL25/CXCL11/CXCL9,19,Nominal,B_higher,GO_BP,NA,NA,cellular response to chemokine
GO:0070665,positive regulation of leukocyte proliferation,27/1161,173/18860,0.15606936416184972,2.535287000940987,5.195698087649234,7.372050712047958e-6,2.1903181782240264e-4,1.6942783215408464e-4,CD55/LYN/IL18/ANXA1/EPHB2/HHLA2/MYD88/CARD11/BST1/STAT5A/CDKN1A/TNFSF13B/SLC39A10/CLCF1/TNFSF9/CD274/JAK2/ATAD5/PYCARD/NR5A2/TFRC/BST2/LILRB2/CSF2/FCGR3A/NCKAP1L/CD38,27,Nominal,B_higher,GO_BP,NA,NA,positive regulation of leukocyte proliferation
GO:0051321,meiotic cell cycle,39/1161,299/18860,0.13043478260869565,2.1188630490956073,4.994740340064605,7.483916789805988e-6,2.204997343208243e-4,1.7056331060914847e-4,KIF18A/AURKA/RAD51AP1/FANCD2/TRIP13/RAD54L/CDC25B/SKA1/ESPL1/RSPH1/CDC25A/RAD51/CKS2/SKA3/HUS1/NUF2/TEX11/NEK2/FANCA/TOP2A/CDC20/FIGNL1/MNS1/INCENP/MND1/PRR19/CCNB2/PTTG1/LIF/ASPM/MSX2/ZWINT/BRCA2/FBXO5/CCNE2/BRIP1/OVOL1/MSX1/EREG,39,Nominal,B_higher,GO_BP,NA,NA,meiotic cell cycle
GO:0050878,regulation of body fluid levels,47/1161,389/18860,0.12082262210796917,1.96271718600887,4.913934878417598,7.503917660132766e-6,2.204997343208243e-4,1.7056331060914847e-4,F12/ANXA2/CEACAM1/LYN/CD9/ITPK1/XDH/PRRG1/EPHB2/EXT1/F3/VDR/TFPI/CYP4F2/DGKG/ADRA2A/PLA2G4A/ENTPD2/STAT5A/HPSE/F2RL1/PLAUR/SAA1/EMILIN2/CYBA/HSPB1/OAS2/ITGA2/SRF/JAK2/CYP4F12/CFTR/HSD11B2/F2RL2/HNF4A/TFPI2/P2RY2/PROCR/PDPN/NFE2/TIFAB/PF4/SELP/MUC2/SERPINE2/AQP2/PLEK,47,Nominal,B_higher,GO_BP,NA,NA,regulation of body fluid levels
GO:0019627,urea metabolic process,7/1161,14/18860,0.5,8.122308354866494,6.827728952393848,7.696548812532968e-6,2.2370186439905603e-4,1.730402564831497e-4,AGMAT/OTC/CPS1/ARG2/ASS1/NAGS/NR1H4,7,Nominal,B_higher,GO_BP,NA,NA,urea metabolic process
GO:0051255,spindle midzone assembly,7/1161,14/18860,0.5,8.122308354866494,6.827728952393848,7.696548812532968e-6,2.2370186439905603e-4,1.730402564831497e-4,CDCA8/KIF4A/BIRC5/KIF23/INCENP/RACGAP1/PRC1,7,Nominal,B_higher,GO_BP,NA,NA,spindle midzone assembly
GO:0070661,leukocyte proliferation,44/1161,356/18860,0.12359550561797752,2.007761615809695,4.916443779505997,8.179782259287461e-6,2.364620298522667e-4,1.8291063601137824e-4,CD55/LYN/TNFRSF1B/IL18/ANXA1/EPHB2/LGALS3/HHLA2/MYD88/RIPK3/GAL/CARD11/IL20RB/BST1/STAT5A/F2RL1/CDKN1A/TNFSF13B/SLC39A10/PLA2G2A/CLCF1/IRF1/TNFSF9/CD274/JAK2/ARG2/ATAD5/PYCARD/NR5A2/TFRC/HELLS/TNFRSF9/BST2/LILRB2/MNDA/CSF2/FCGR3A/NCKAP1L/HLA-DRB1/IL4I1/LEF1/IDO1/TREM2/CD38,44,Nominal,B_higher,GO_BP,NA,NA,leukocyte proliferation
GO:0000086,G2/M transition of mitotic cell cycle,24/1161,145/18860,0.16551724137931034,2.6887641450592534,5.228283881827502,8.447342695986508e-6,2.428838104200852e-4,1.8787808033518376e-4,MELK/CALM2/AURKA/CHEK2/CCNA2/CDC25B/FOXM1/CDC25A/CHEK1/HUS1/ORC1/BIRC5/CCNB1/CDC20/SKP2/BRCA1/CDC6/CDKN1A/KIF14/CLSPN/CENPF/FBXO5/BLM/DTL,24,Nominal,B_higher,GO_BP,NA,NA,G2/M transition of mitotic cell cycle
GO:0046651,lymphocyte proliferation,40/1161,312/18860,0.1282051282051282,2.0826431679144854,4.938728686863679,8.727331070204147e-6,2.495923345639132e-4,1.930673296138604e-4,CD55/LYN/TNFRSF1B/IL18/ANXA1/EPHB2/LGALS3/HHLA2/MYD88/RIPK3/GAL/CARD11/IL20RB/BST1/STAT5A/CDKN1A/TNFSF13B/SLC39A10/PLA2G2A/CLCF1/IRF1/TNFSF9/CD274/JAK2/ARG2/ATAD5/PYCARD/NR5A2/TFRC/HELLS/TNFRSF9/LILRB2/MNDA/FCGR3A/NCKAP1L/HLA-DRB1/IL4I1/LEF1/IDO1/CD38,40,Nominal,B_higher,GO_BP,NA,NA,lymphocyte proliferation
GO:0032309,icosanoid secretion,12/1161,44/18860,0.2727272727272727,4.43035001174536,5.834480552290304,9.369577798252184e-6,2.665345854524079e-4,2.0617268055504525e-4,TNFRSF11A/PLA2G3/ANXA1/CYP4F2/PLA2G4A/PLA2G4F/NMUR2/PLA2G2A/BDKRB2/NOS2/PLA2R1/PLA2G12B,12,Nominal,B_higher,GO_BP,NA,NA,icosanoid secretion
GO:0050817,coagulation,34/1161,248/18860,0.13709677419354838,2.2270845489150064,4.9820132887353665,9.756772309752476e-6,2.7608052017225526e-4,2.1355675398121543e-4,F12/ANXA2/CEACAM1/LYN/CD9/ITPK1/PRRG1/EPHB2/F3/TFPI/SEMG1/CYP4F2/DGKG/ADRA2A/PLA2G4A/ENTPD2/HPSE/F2RL1/PLAUR/SAA1/EMILIN2/HSPB1/ITGA2/SRF/JAK2/F2RL2/HNF4A/TFPI2/PROCR/PDPN/PF4/SELP/SERPINE2/PLEK,34,Nominal,B_higher,GO_BP,NA,NA,coagulation
GO:0034508,centromere complex assembly,10/1161,31/18860,0.3225806451612903,5.240198938623545,6.051381422851068,1.0130541763642172e-5,2.851480913260965e-4,2.2057079851032545e-4,CENPA/CENPK/CENPW/CENPI/OIP5/CENPO/CENPE/DLGAP5/CENPF/HJURP,10,Nominal,B_higher,GO_BP,NA,NA,centromere complex assembly
GO:0046486,glycerolipid metabolic process,47/1161,394/18860,0.11928934010152284,1.9378096075062192,4.818118181443639,1.0536104409619826e-5,2.9501092346935514e-4,2.282000018176132e-4,INPP1/SCARB1/MFSD2A/INPP4A/PCSK9/LIPG/HTR2B/PLA2G3/CIDEC/LPCAT1/APOBEC1/GDPD3/PLCB3/PITPNM1/AGPAT2/MGLL/ABHD3/DGKG/FITM2/PLA2G4A/APOBR/LDLR/PLA2G4F/PNPLA3/GK5/GK/LPGAT1/PLD1/MOGAT3/PLA2G2A/CPS1/PLA2G7/AGMO/CIDEB/PCK2/APOC2/MOGAT2/MTTP/DGAT1/PLB1/APOC3/PIK3R3/NR1H4/APOA4/APOB/PCK1/PLA2G4D,47,Nominal,B_higher,GO_BP,NA,NA,glycerolipid metabolic process
GO:0007599,hemostasis,34/1161,250/18860,0.136,2.2092678725236867,4.929699060893154,1.1609663745032935e-5,3.2337750889810493e-4,2.501424260854136e-4,F12/ANXA2/CEACAM1/LYN/CD9/ITPK1/PRRG1/EPHB2/F3/TFPI/CYP4F2/DGKG/ADRA2A/PLA2G4A/ENTPD2/HPSE/F2RL1/PLAUR/SAA1/EMILIN2/HSPB1/ITGA2/SRF/JAK2/F2RL2/HNF4A/TFPI2/PROCR/PDPN/NFE2/PF4/SELP/SERPINE2/PLEK,34,Nominal,B_higher,GO_BP,NA,NA,hemostasis
GO:0042325,regulation of phosphorylation,50/1161,431/18860,0.1160092807424594,1.8845263004330617,4.757727633436974,1.2020132734031037e-5,3.330760096455854e-4,2.576445140155003e-4,CEACAM1/LYN/IL18/PRR5L/MAP2K3/ECT2/NT5DC2/GPRC5A/SFN/CDKN3/CDC25A/RIPK3/AREG/CARD14/ZFYVE28/NEDD9/EZH2/PARP9/CENPE/TPX2/LIF/CDC6/CDKN1A/KIF14/CLSPN/MMD/PLAUR/PARP14/STK38/HSPB1/CCNE2/BANK1/INCA1/JAK2/CHI3L1/NLRC5/BLM/SESN2/PYCARD/AGT/S100A12/EREG/TNFRSF18/HLA-DRB1/TNF/SAMSN1/INHBA/FGR/INSM1/MMP9,50,Nominal,B_higher,GO_BP,NA,NA,regulation of phosphorylation
GO:0048525,negative regulation of viral process,16/1161,76/18860,0.21052631578947367,3.419919307312208,5.413955932242562,1.2453420203868872e-5,3.4330356314582857e-4,2.6555584048401886e-4,TRIM15/IL32/OAS3/TRIM14/OAS1/ISG15/OAS2/STAT1/RSAD2/IFIT1/MX1/TRIM31/BST2/APOBEC3B/TNF/CH25H,16,Nominal,B_higher,GO_BP,NA,NA,negative regulation of viral process
GO:0043085,positive regulation of catalytic activity,40/1161,318/18860,0.12578616352201258,2.0433480138028917,4.80579831431272,1.3757697480657136e-5,3.7731367244386854e-4,2.9186370363823243e-4,ADORA2B/S100A10/RHOC/GCH1/CDH3/MAP2K3/ECT2/XRCC4/RIPK3/CARD14/EPHA2/NEDD9/SEMG1/EZH2/UBE2S/CDC20/CENPE/TPX2/F2RL1/DSCC1/CDKN1A/KIF14/CLSPN/MMD/TGM2/SH3BP1/RFC3/RTN4R/UBE2C/JAK2/CHI3L1/ARHGAP11A/CHP2/S100A12/EREG/ADORA3/GBA3/HLA-DRB1/TNF/RGS1,40,Nominal,B_higher,GO_BP,NA,NA,positive regulation of catalytic activity
GO:0042770,signal transduction in response to DNA damage,29/1161,200/18860,0.145,2.355469422911283,4.93571391076617,1.4815048897808618e-5,4.016841479326431e-4,3.1071501424542134e-4,LYN/CHEK2/FANCD2/GTSE1/FOXM1/RAD51/CHEK1/HUS1/PARP9/FBXO6/BRCA1/CDKN1A/CLSPN/BRCA2/STK38/NEK11/E2F1/BATF/BRIP1/SNAI1/E2F7/BLM/SESN2/ATAD5/PML/DTL/MSX1/WDR76/PLA2R1,29,Nominal,B_higher,GO_BP,NA,NA,signal transduction in response to DNA damage
GO:0032943,mononuclear cell proliferation,40/1161,319/18860,0.12539184952978055,2.0369425341357976,4.783926837057177,1.4818387493863246e-5,4.016841479326431e-4,3.1071501424542134e-4,CD55/LYN/TNFRSF1B/IL18/ANXA1/EPHB2/LGALS3/HHLA2/MYD88/RIPK3/GAL/CARD11/IL20RB/BST1/STAT5A/CDKN1A/TNFSF13B/SLC39A10/PLA2G2A/CLCF1/IRF1/TNFSF9/CD274/JAK2/ARG2/ATAD5/PYCARD/NR5A2/TFRC/HELLS/TNFRSF9/LILRB2/MNDA/FCGR3A/NCKAP1L/HLA-DRB1/IL4I1/LEF1/IDO1/CD38,40,Nominal,B_higher,GO_BP,NA,NA,mononuclear cell proliferation
GO:0003073,regulation of systemic arterial blood pressure,20/1161,112/18860,0.17857142857142858,2.9008244124523195,5.167430157148451,1.48716270177007e-5,4.016841479326431e-4,3.1071501424542134e-4,GPR37L1/PCSK5/NMU/PREP/EDN3/PLCB3/CYP4F2/KCNK6/F2RL1/CTSZ/CYBA/ACE2/CYP4F12/ANPEP/KLK1/HSD11B2/AGT/MME/TNF/SLC2A5,20,Nominal,B_higher,GO_BP,NA,NA,regulation of systemic arterial blood pressure
GO:0051302,regulation of cell division,28/1161,190/18860,0.14736842105263157,2.3939435151185453,4.94596333761025,1.52317390401186e-5,4.0934341902791095e-4,3.1663969546504153e-4,CALM2/HTR2B/AURKA/ECT2/CDC25B/SFN/CDCA8/MACC1/TLE6/BIRC5/KIF23/SVIL/KIF20A/KIF20B/INCENP/RACGAP1/PRC1/ASPM/CDC6/KIF14/BRCA2/MDK/E2F7/BLM/KIF13A/PAX6/EREG/INSC,28,Nominal,B_higher,GO_BP,NA,NA,regulation of cell division
GO:0007596,blood coagulation,33/1161,243/18860,0.13580246913580246,2.2060590593464555,4.846385293984504,1.60102500778669e-5,4.281140870821609e-4,3.3115938318956274e-4,F12/ANXA2/CEACAM1/LYN/CD9/ITPK1/PRRG1/EPHB2/F3/TFPI/CYP4F2/DGKG/ADRA2A/PLA2G4A/ENTPD2/HPSE/F2RL1/PLAUR/SAA1/EMILIN2/HSPB1/ITGA2/SRF/JAK2/F2RL2/HNF4A/TFPI2/PROCR/PDPN/PF4/SELP/SERPINE2/PLEK,33,Nominal,B_higher,GO_BP,NA,NA,blood coagulation
GO:0022409,positive regulation of cell-cell adhesion,42/1161,343/18860,0.12244897959183672,1.9891367399673048,4.734990975362361,1.6362216115669482e-5,4.35348914361196e-4,3.36755744093119e-4,CEACAM6/CD55/FUT3/LYN/IL18/ANXA1/HHLA2/PKP3/CARD11/MAP3K8/DUSP10/STAT5A/TNFSF13B/FUT4/PLAUR/EMILIN2/IL2RG/MDK/VNN1/TNFSF9/CD274/JAK2/DPP4/CD5/PYCARD/NR5A2/NOD2/TFRC/ADAM8/LILRB2/PDPN/NCKAP1L/HLA-DRB1/IL4I1/TNF/LEF1/SELP/IL4R/PCK1/HLA-DRB4/GPR65/HLA-DRB3,42,Nominal,B_higher,GO_BP,NA,NA,positive regulation of cell-cell adhesion
GO:1903037,regulation of leukocyte cell-cell adhesion,47/1161,401/18860,0.1172069825436409,1.9039825071258116,4.686290464954759,1.670434993178892e-5,4.422517991841938e-4,3.4209533732115923e-4,CD55/LYN/IL18/ANXA1/LGALS3/HHLA2/CARD11/IL20RB/MAP3K8/DUSP10/STAT5A/TNFSF13B/FUT4/SOCS6/IL2RG/MDK/PLA2G2A/VNN1/IRF1/TNFSF9/CD274/ASCL2/JAK2/ARG2/DPP4/CD5/ASS1/PYCARD/NR5A2/NOD2/TFRC/ADAM8/FGL2/LILRB2/NCKAP1L/HLA-DRB1/IL4I1/TNF/LEF1/IDO1/SELP/CCL25/IL4R/PCK1/HLA-DRB4/GPR65/HLA-DRB3,47,Nominal,B_higher,GO_BP,NA,NA,regulation of leukocyte cell-cell adhesion
GO:1905954,positive regulation of lipid localization,19/1161,104/18860,0.18269230769230768,2.967766514278142,5.153724499872648,1.7261526602278544e-5,4.54751942211752e-4,3.5176458152426593e-4,ANXA2/SCARB1/TNFRSF11A/LIPG/PLA2G3/XRCC4/PLIN3/GAL/CYP4F2/ACSL5/LRP1/PLA2G4A/MYB/IKBKE/ABCA12/SPP1/PLA2R1/TREM2/APOB,19,Nominal,B_higher,GO_BP,NA,NA,positive regulation of lipid localization
GO:0009913,epidermal cell differentiation,34/1161,255/18860,0.13333333333333333,2.165948894631065,4.801045740161519,1.7738262862779465e-5,4.650207342654146e-4,3.59707807279274e-4,ST14/PLS1/CDH3/ANXA1/SFN/VDR/EPHA2/EZH2/CYP27B1/TFAP2C/KRT80/KRT6B/MAFF/BCL11B/CDKN1A/KRT7/SLC4A7/MSX2/ABCA12/SULT2B1/OVOL1/HES5/KRT14/KRT6C/ETV4/PAX6/SCEL/EREG/KRT17/REG3G/KRT6A/KRT16/CDSN/REG3A,34,Nominal,B_higher,GO_BP,NA,NA,epidermal cell differentiation
GO:0045859,regulation of protein kinase activity,32/1161,234/18860,0.13675213675213677,2.2214860457754515,4.81545928095983,1.856910332513096e-5,4.823013978702044e-4,3.730749308408265e-4,CEACAM1/LYN/MAP2K3/ECT2/GPRC5A/SFN/CDKN3/CDC25A/RIPK3/CARD14/ZFYVE28/NEDD9/EZH2/CENPE/TPX2/CDC6/CDKN1A/KIF14/CLSPN/MMD/STK38/CCNE2/INCA1/JAK2/CHI3L1/BLM/PYCARD/AGT/S100A12/EREG/TNF/FGR,32,Nominal,B_higher,GO_BP,NA,NA,regulation of protein kinase activity
GO:0002286,T cell activation involved in immune response,23/1161,142/18860,0.1619718309859155,2.6311703121398504,4.997063114456642,1.8577802535763297e-5,4.823013978702044e-4,3.730749308408265e-4,CEACAM1/IL18/ANXA1/ENTPD7/LGALS3/SOCS3/STAT5A/F2RL1/MYB/MDK/ASCL2/BATF/JAK2/FGL2/NCKAP1L/HLA-DRB1/LEF1/TREM2/ICAM1/IL4R/PCK1/GPR65/IRF4,23,Nominal,B_higher,GO_BP,NA,NA,T cell activation involved in immune response
GO:0043549,regulation of kinase activity,34/1161,256/18860,0.1328125,2.1574881567614126,4.775671534127567,1.927273449449812e-5,4.955430612700731e-4,3.833177638057291e-4,CEACAM1/LYN/MAP2K3/ECT2/GPRC5A/SFN/CDKN3/CDC25A/RIPK3/CARD14/ZFYVE28/NEDD9/EZH2/CENPE/TPX2/CDC6/CDKN1A/KIF14/CLSPN/MMD/STK38/CCNE2/INCA1/JAK2/CHI3L1/NLRC5/BLM/PYCARD/AGT/S100A12/EREG/HLA-DRB1/TNF/FGR,34,Nominal,B_higher,GO_BP,NA,NA,regulation of kinase activity
GO:0072676,lymphocyte migration,20/1161,114/18860,0.17543859649122806,2.8499327560935064,5.07405461149588,1.948826920629734e-5,4.955430612700731e-4,3.833177638057291e-4,CXCL16/CKLF/EXT1/RIPK3/NEDD9/ECM1/FUT4/SAA1/CCR6/PADI2/ASCL2/CCL20/PYCARD/CXCL10/ADAM8/CCL26/ICAM1/CCL3/CXCL11/CH25H,20,Nominal,B_higher,GO_BP,NA,NA,lymphocyte migration
GO:0006953,acute-phase response,12/1161,47/18860,0.2553191489361702,4.147561713123316,5.533440324343693,1.9551156680625545e-5,4.955430612700731e-4,3.833177638057291e-4,TNFRSF11A/IL1RN/SAA2/SAA1/ASS1/APOL2/TFRC/LCN2/REG3G/SERPINA3/TNF/REG3A,12,Nominal,B_higher,GO_BP,NA,NA,acute-phase response
GO:0045840,positive regulation of mitotic nuclear division,12/1161,47/18860,0.2553191489361702,4.147561713123316,5.533440324343693,1.9551156680625545e-5,4.955430612700731e-4,3.833177638057291e-4,AURKA/SKA1/ESPL1/EDN3/SKA3/CDC20/DLGAP5/UBE2C/HOXA13/NUSAP1/EREG/TNF,12,Nominal,B_higher,GO_BP,NA,NA,positive regulation of mitotic nuclear division
GO:0070328,triglyceride homeostasis,12/1161,47/18860,0.2553191489361702,4.147561713123316,5.533440324343693,1.9551156680625545e-5,4.955430612700731e-4,3.833177638057291e-4,SCARB1/IL18/FITM2/ABCG5/APOC2/SESN2/ABCG8/HNF4A/MLXIPL/APOC3/NR1H4/PLA2G12B,12,Nominal,B_higher,GO_BP,NA,NA,triglyceride homeostasis
GO:0032465,regulation of cytokinesis,18/1161,96/18860,0.1875,3.045865633074935,5.146963481844639,1.977102166860453e-5,4.987519994514011e-4,3.857999759563843e-4,CALM2/AURKA/ECT2/CDC25B/CDCA8/BIRC5/KIF23/SVIL/KIF20A/KIF20B/INCENP/RACGAP1/PRC1/CDC6/KIF14/BRCA2/E2F7/KIF13A,18,Nominal,B_higher,GO_BP,NA,NA,regulation of cytokinesis
GO:0010744,positive regulation of macrophage derived foam cell differentiation,8/1161,21/18860,0.380952380952381,6.188425413231615,6.092806387528737,1.9896547043284803e-5,4.995621295187189e-4,3.864266364225811e-4,IL18/PLA2G3/PLA2G2A/AGT/CSF2/TNF/PF4/APOB,8,Nominal,B_higher,GO_BP,NA,NA,positive regulation of macrophage derived foam cell differentiation
GO:0051251,positive regulation of lymphocyte activation,42/1161,346/18860,0.1213872832369942,1.9718898896207673,4.673110597129486,2.0190050752589e-5,5.045625767516167e-4,3.902946357977116e-4,CD55/LYN/IL18/ANXA1/EPHB2/HHLA2/MYD88/CARD11/MAP3K8/DUSP10/BST1/STAT5A/CDKN1A/TNFSF13B/SLC39A10/IL2RG/MDK/CLCF1/VNN1/TNFSF9/CD274/JAK2/DPP4/CD5/ATAD5/PYCARD/NR5A2/NOD2/TFRC/ADAM8/LILRB2/FCGR3A/NCKAP1L/HLA-DRB1/IL4I1/LEF1/CD38/IL4R/PCK1/HLA-DRB4/GPR65/HLA-DRB3,42,Nominal,B_higher,GO_BP,NA,NA,positive regulation of lymphocyte activation
GO:0050671,positive regulation of lymphocyte proliferation,24/1161,153/18860,0.1568627450980392,2.5481751701541944,4.92453031966747,2.136609018168181e-5,5.314690711238805e-4,4.1110763482991186e-4,CD55/IL18/ANXA1/EPHB2/HHLA2/MYD88/CARD11/BST1/STAT5A/CDKN1A/TNFSF13B/SLC39A10/CLCF1/TNFSF9/CD274/JAK2/ATAD5/PYCARD/NR5A2/TFRC/LILRB2/FCGR3A/NCKAP1L/CD38,24,Nominal,B_higher,GO_BP,NA,NA,positive regulation of lymphocyte proliferation
GO:0055088,lipid homeostasis,28/1161,194/18860,0.14432989690721648,2.3445838550130085,4.82130051173062,2.2534414556166472e-5,5.567476102217797e-4,4.3066136050301e-4,MALL/SCARB1/TM6SF2/PCSK9/LIPG/IL18/SEC24A/FITM2/LDLR/PNPLA3/NPC1L1/RAB30/ABCG5/ABCA12/APOC2/SESN2/ABCG8/HNF4A/NR5A2/MLXIPL/MTTP/DGAT1/APOC3/NR1H4/APOA4/TREM2/APOB/PLA2G12B,28,Nominal,B_higher,GO_BP,NA,NA,lipid homeostasis
GO:0007080,mitotic metaphase chromosome alignment,14/1161,63/18860,0.2222222222222222,3.609914824385109,5.314389895715423,2.2590544393815667e-5,5.567476102217797e-4,4.3066136050301e-4,KIF18A/SKA1/CDCA8/KIF22/SKA3/NUF2/BIRC5/CCNB1/CENPE/PSRC1/INCENP/KIF14/KIFC1/CDT1,14,Nominal,B_higher,GO_BP,NA,NA,mitotic metaphase chromosome alignment
GO:0002468,dendritic cell antigen processing and presentation,7/1161,16/18860,0.4375,7.1070198105081825,6.258984093489182,2.2997809135530293e-5,5.616085993461918e-4,4.344214847519061e-4,NOD1/CD68/NOD2/CLEC4A/FGL2/HLA-DRB1/HLA-DRB3,7,Nominal,B_higher,GO_BP,NA,NA,dendritic cell antigen processing and presentation
GO:0071941,nitrogen cycle metabolic process,7/1161,16/18860,0.4375,7.1070198105081825,6.258984093489182,2.2997809135530293e-5,5.616085993461918e-4,4.344214847519061e-4,AGMAT/OTC/CPS1/ARG2/ASS1/NAGS/NR1H4,7,Nominal,B_higher,GO_BP,NA,NA,nitrogen cycle metabolic process
GO:0045216,cell-cell junction organization,31/1161,226/18860,0.13716814159292037,2.2282438849633746,4.757588328797218,2.3475876597100017e-5,5.706772183695039e-4,4.41436339840206e-4,CLDN2/GJB2/CLDN4/RHOC/WDR1/CD9/CLDN7/CDH3/ECT2/EPHB2/CLDN1/EXT1/PLEKHA7/ZNF703/PKP3/VDR/EPHA2/MARVELD3/F2RL1/CDH17/CLDN3/CLDN23/ACE2/SRF/SNAI1/CLDN15/AGT/DSG3/CNTNAP2/TNF/NR1H4,31,Nominal,B_higher,GO_BP,NA,NA,cell-cell junction organization
GO:0000910,cytokinesis,28/1161,195/18860,0.14358974358974358,2.332560348064224,4.790615002577691,2.479865382634856e-5,6.001049803769778e-4,4.641996167542264e-4,RHOC/CFL1/CALM2/AURKA/ECT2/CDC25B/ESPL1/CDCA8/CENPA/KIF4A/ANLN/CEP55/LUZP1/BIRC5/KIF23/SVIL/KIF20A/KIF20B/INCENP/RACGAP1/PRC1/CDC6/KIF14/BRCA2/IQGAP3/NUSAP1/E2F7/KIF13A,28,Nominal,B_higher,GO_BP,NA,NA,cytokinesis
GO:1903706,regulation of hemopoiesis,50/1161,443/18860,0.1128668171557562,1.8334781839427752,4.5466102986685915,2.514554175970026e-5,6.057583663553018e-4,4.685726842845994e-4,CEACAM1/LYN/TNFRSF11A/IL18/PLA2G3/ANXA1/FANCD2/HMGB3/NEDD9/TNFRSF11B/CARD11/FANCA/DUSP10/STAT5A/LIF/MYB/ISG15/IL2RG/MDK/VNN1/IRF1/TNFSF9/LILRB3/ASCL2/BATF/STAT1/MEIS2/HOXA9/NFAM1/ADAM8/FGL2/TMEM176B/LILRB2/NCKAP1L/CCR1/HLA-DRB1/IL4I1/TNF/LEF1/SLAMF8/TREM2/PF4/TNFAIP6/CCL3/IL4R/INHBA/PCK1/GPR65/TMEM176A/IRF4,50,Nominal,B_higher,GO_BP,NA,NA,regulation of hemopoiesis
GO:0002752,cell surface pattern recognition receptor signaling pathway,17/1161,89/18860,0.19101123595505615,3.1029043153422564,5.09297900874249,2.59742840772734e-5,6.229169114137136e-4,4.818453454032781e-4,IRAK2/LYN/OAS1/S100A14/TRAF3/MYD88/IFI35/LILRA2/PIK3AP1/F2RL1/MFHAS1/CYBA/FFAR2/TLR1/TREM2/FCN1/BPIFB1,17,Nominal,B_higher,GO_BP,NA,NA,cell surface pattern recognition receptor signaling pathway
GO:0033260,nuclear DNA replication,11/1161,41/18860,0.2682926829268293,4.358311800172265,5.513352346298727,2.6125440797180303e-5,6.236817916862687e-4,4.8243700376471993e-4,RAD51/GINS1/CDC45/FEN1/MCM4/BRCA2/TK1/BLM/ATAD5/CDT1/DACH1,11,Nominal,B_higher,GO_BP,NA,NA,nuclear DNA replication
GO:0010212,response to ionizing radiation,23/1161,145/18860,0.15862068965517245,2.576732305681785,4.881441925369363,2.623941718949335e-5,6.236817916862687e-4,4.8243700376471993e-4,BAK1/ECT2/RAD51AP1/CHEK2/XRCC4/FANCD2/RAD54L/APOBEC1/RAD51/HUS1/FIGNL1/BRCA1/CDKN1A/CYBA/BRCA2/ABCG5/IKBIP/CCND2/BLM/PML/CXCL10/LCN2/TNF,23,Nominal,B_higher,GO_BP,NA,NA,response to ionizing radiation
GO:0032946,positive regulation of mononuclear cell proliferation,24/1161,155/18860,0.15483870967741936,2.5152954905393017,4.85160459945869,2.6614157571639614e-5,6.297898880226932e-4,4.871618037100311e-4,CD55/IL18/ANXA1/EPHB2/HHLA2/MYD88/CARD11/BST1/STAT5A/CDKN1A/TNFSF13B/SLC39A10/CLCF1/TNFSF9/CD274/JAK2/ATAD5/PYCARD/NR5A2/TFRC/LILRB2/FCGR3A/NCKAP1L/CD38,24,Nominal,B_higher,GO_BP,NA,NA,positive regulation of mononuclear cell proliferation
GO:0002688,regulation of leukocyte chemotaxis,21/1161,126/18860,0.16666666666666666,2.707436118288831,4.9251056843325625,2.7263655120231612e-5,6.402371654940716e-4,4.952430934125303e-4,LYN/S100A14/EDN3/NEDD9/MCU/BST1/F2RL1/MDK/CCR6/PADI2/PLA2G7/DPP4/CXCL10/C5AR1/FPR2/RIN3/NCKAP1L/CCR1/SLAMF8/TNFAIP6/CCL3,21,Nominal,B_higher,GO_BP,NA,NA,regulation of leukocyte chemotaxis
GO:0034381,plasma lipoprotein particle clearance,14/1161,64/18860,0.21875,3.5535099052540913,5.240779542733678,2.7295077362125717e-5,6.402371654940716e-4,4.952430934125303e-4,ANXA2/SCARB1/PCSK9/LIPG/APOBEC1/A1CF/CES3/HMOX1/LDLR/APOC2/APOC3/NR1H4/TREM2/APOB,14,Nominal,B_higher,GO_BP,NA,NA,plasma lipoprotein particle clearance
GO:0046394,carboxylic acid biosynthetic process,41/1161,339/18860,0.12094395280235988,1.9646881566343732,4.590454166251287,2.7490888502902097e-5,6.420142869586044e-4,4.966177513969443e-4,CEACAM1/ACOT7/SLC27A2/LIPG/SCD/PLA2G3/STARD4/DHRS9/MGLL/ABHD3/OTC/AKR1C4/CASP1/PLA2G4A/PLA2G4F/BRCA1/LPGAT1/KYNU/ACOX2/MTHFD1L/FOLH1B/FOLH1/CPS1/APOC2/ASS1/PYCARD/SDS/MLXIPL/ELOVL5/APOC3/NAGS/AGXT/IDO1/NR1H4/APOA4/LDHC/CYP2D6/ACMSD/CYP3A4/FADS6/CYP1A1,41,Nominal,B_higher,GO_BP,NA,NA,carboxylic acid biosynthetic process
GO:0030099,myeloid cell differentiation,53/1161,481/18860,0.1101871101871102,1.78994737134272,4.494804769814989,2.818974525747847e-5,6.554728592912819e-4,5.070283700773015e-4,TRIM10/ANXA2/CEACAM1/LYN/WDR1/TNFRSF11A/PLA2G3/HMGB3/MYD88/EPHA2/NEDD9/TNFRSF11B/FLVCR1/LYAR/NCAPG2/STAT5A/F2RL1/RACGAP1/MFHAS1/LIF/MYB/DIAPH3/ISG15/LILRB3/SRF/BATF/JAK2/ITGB8/BATF3/STAT1/MEIS2/UBD/PML/HOXA9/TRIM58/TFRC/CSF2/NCKAP1L/CCR1/HLA-DRB1/TIFAB/TNF/LEF1/TSPO2/TREM2/PF4/TNFAIP6/CCL3/HOXB7/INHBA/CEBPE/IRF4/MMP9,53,Nominal,B_higher,GO_BP,NA,NA,myeloid cell differentiation
GO:0032612,interleukin-1 production,22/1161,136/18860,0.16176470588235295,2.627805644221513,4.8794824853868235,2.85878157396414e-5,6.589984421362165e-4,5.097555165916093e-4,CEACAM1/PYDC1/ANXA1/MYD88/NOD1/GLTPD2/LILRA2/CASP1/F2RL1/SAA1/HSPB1/TMEM106A/JAK2/ARG2/PYCARD/PML/NOD2/TNF/NR1H4/TREM2/CCL3/NLRP7,22,Nominal,B_higher,GO_BP,NA,NA,interleukin-1 production
GO:0032652,regulation of interleukin-1 production,22/1161,136/18860,0.16176470588235295,2.627805644221513,4.8794824853868235,2.85878157396414e-5,6.589984421362165e-4,5.097555165916093e-4,CEACAM1/PYDC1/ANXA1/MYD88/NOD1/GLTPD2/LILRA2/CASP1/F2RL1/SAA1/HSPB1/TMEM106A/JAK2/ARG2/PYCARD/PML/NOD2/TNF/NR1H4/TREM2/CCL3/NLRP7,22,Nominal,B_higher,GO_BP,NA,NA,regulation of interleukin-1 production
GO:1903557,positive regulation of tumor necrosis factor superfamily cytokine production,20/1161,117/18860,0.17094017094017094,2.7768575572193144,4.937726918038662,2.8836929400747975e-5,6.618879761167389e-4,5.119906597919112e-4,OAS3/OAS1/EPHB2/MYD88/NOD1/LILRA2/CYBA/HSPB1/OAS2/TMEM106A/JAK2/PYCARD/NOD2/CARD9/TLR1/ADAM8/FCGR2C/FCGR3A/PF4/CCL3,20,Nominal,B_higher,GO_BP,NA,NA,positive regulation of tumor necrosis factor superfamily cytokine production
GO:0140694,membraneless organelle assembly,50/1161,446/18860,0.11210762331838564,1.8211453710462993,4.494842560878851,3.004511568861281e-5,6.866721312081252e-4,5.311619642656246e-4,VIL1/KRT19/WDR1/GPSM2/CEP72/PLS1/KIF2A/AURKA/PLK4/CHEK2/SKA1/CDCA8/CENPA/KIF4A/ANLN/CENPK/MYBL2/SPAG5/CENPW/SKA3/STIL/BIRC5/NEK2/KIF23/FITM2/CDC20/CENPE/INCENP/BRCA1/TPX2/DLGAP5/CCNB2/RACGAP1/PRC1/ASPM/KIF11/DIAPH3/CENPF/KIFC1/KIF15/SQLE/RCC1/SH3PXD2B/FBXO5/MYPN/SRF/UHRF1/HCK/CSF2/TNF,50,Nominal,B_higher,GO_BP,NA,NA,membraneless organelle assembly
GO:0098773,skin epidermis development,22/1161,137/18860,0.1605839416058394,2.6086245811250053,4.839810319435008,3.211140357140408e-5,7.307735587228471e-4,5.652757717160943e-4,CLDN4/IL18/CDH3/CLDN1/SFN/EXT1/PKP3/GAL/EDAR/TFAP2C/FERMT1/HPSE/MSX2/SRF/ABCA12/GRHL3/SNAI1/KRT17/KRT16/TNF/DKK4/INHBA,22,Nominal,B_higher,GO_BP,NA,NA,skin epidermis development
GO:0015909,long-chain fatty acid transport,14/1161,65/18860,0.2153846153846154,3.498840522096336,5.168626248668407,3.283853816406214e-5,7.441546699212048e-4,5.75626471832133e-4,MFSD2A/SLC27A2/PLA2G3/ANXA1/SLC27A4/ACSL5/PLA2G4A/PLA2G4F/NMUR2/PLA2G2A/BDKRB2/FABP2/PLA2R1/PLA2G12B,14,Nominal,B_higher,GO_BP,NA,NA,long-chain fatty acid transport
GO:0016053,organic acid biosynthetic process,41/1161,342/18860,0.11988304093567252,1.9474540499972297,4.5287176547107855,3.375271136044208e-5,7.616434614162204e-4,5.891545887032529e-4,CEACAM1/ACOT7/SLC27A2/LIPG/SCD/PLA2G3/STARD4/DHRS9/MGLL/ABHD3/OTC/AKR1C4/CASP1/PLA2G4A/PLA2G4F/BRCA1/LPGAT1/KYNU/ACOX2/MTHFD1L/FOLH1B/FOLH1/CPS1/APOC2/ASS1/PYCARD/SDS/MLXIPL/ELOVL5/APOC3/NAGS/AGXT/IDO1/NR1H4/APOA4/LDHC/CYP2D6/ACMSD/CYP3A4/FADS6/CYP1A1,41,Nominal,B_higher,GO_BP,NA,NA,organic acid biosynthetic process
GO:0002532,production of molecular mediator involved in inflammatory response,21/1161,128/18860,0.1640625,2.6651324289405687,4.841308576292743,3.474591482158734e-5,7.807611448144919e-4,6.039427034446628e-4,LYN/PLA2G3/EPHB2/MYD88/EZH2/HMOX1/DUSP10/ADCY7/JAK2/S100A9/PYCARD/NOD2/CARD9/NOS2/CCR1/TNF/SLAMF8/TREM2/IL4R/REG3A/NLRP7,21,Nominal,B_higher,GO_BP,NA,NA,production of molecular mediator involved in inflammatory response
GO:0070371,ERK1 and ERK2 cascade,40/1161,331/18860,0.12084592145015106,1.963095674892204,4.52750057606657,3.49265604176491e-5,7.810520318486452e-4,6.041677134915513e-4,CEACAM1/LYN/TNFRSF11A/HTR2B/FAM83D/EPHB2/EPHA2/NOD1/GBP1/DUSP10/F2RL1/MFHAS1/LIF/ARHGAP8/PLA2G2A/ACE2/NPSR1/PTPRR/IQGAP3/SEMA7A/CHI3L1/DUSP5/PYCARD/NPNT/NOD2/P2RY6/CARD9/SLC30A10/C5AR1/FPR2/NEURL3/CCR1/HLA-DRB1/TNF/TREM2/ICAM1/CCL3/INHBA/SEMA6A/GCG,40,Nominal,B_higher,GO_BP,NA,NA,ERK1 and ERK2 cascade
GO:0150076,neuroinflammatory response,17/1161,91/18860,0.1868131868131868,3.034708616103965,4.983143900122875,3.50509513170671e-5,7.810520318486452e-4,6.041677134915513e-4,LYN/TNFRSF1B/IL18/LRP1/CTSC/LDLR/JAK2/MMP3/C5AR1/FPR2/TLR1/TTBK1/CCR1/TNF/TREM2/CCL3/MMP9,17,Nominal,B_higher,GO_BP,NA,NA,neuroinflammatory response
GO:0000050,urea cycle,6/1161,12/18860,0.5,8.122308354866494,6.320913310685025,3.59747604725863e-5,7.894814431942813e-4,6.106881218268562e-4,AGMAT/OTC/CPS1/ARG2/ASS1/NAGS,6,Nominal,B_higher,GO_BP,NA,NA,urea cycle
GO:0034135,regulation of toll-like receptor 2 signaling pathway,6/1161,12/18860,0.5,8.122308354866494,6.320913310685025,3.59747604725863e-5,7.894814431942813e-4,6.106881218268562e-4,LYN/F2RL1/MFHAS1/CYBA/TLR1/TREM2,6,Nominal,B_higher,GO_BP,NA,NA,regulation of toll-like receptor 2 signaling pathway
GO:0034379,very-low-density lipoprotein particle assembly,6/1161,12/18860,0.5,8.122308354866494,6.320913310685025,3.59747604725863e-5,7.894814431942813e-4,6.106881218268562e-4,MFSD2A/CIDEB/MTTP/DGAT1/APOC3/APOB,6,Nominal,B_higher,GO_BP,NA,NA,very-low-density lipoprotein particle assembly
GO:0035710,"CD4-positive, alpha-beta T cell activation",22/1161,138/18860,0.15942028985507245,2.5897215044501865,4.800489756338871,3.6019721791212535e-5,7.894814431942813e-4,6.106881218268562e-4,CD55/IL18/ANXA1/ENTPD7/CARD11/SOCS3/STAT5A/MYB/IL2RG/CD274/ASCL2/BATF/JAK2/ARG2/RSAD2/NCKAP1L/HLA-DRB1/LEF1/IL4R/GPR65/HLA-DRB3/IRF4,22,Nominal,B_higher,GO_BP,NA,NA,"CD4-positive, alpha-beta T cell activation"
GO:0002703,regulation of leukocyte mediated immunity,34/1161,264/18860,0.12878787878787878,2.0921097277686425,4.576774823022479,3.665518174054755e-5,8.001302528508094e-4,6.189253028586546e-4,ADORA2B/CEACAM1/CD55/LYN/TNFRSF1B/IL18/PLA2G3/RIPK3/IL20RB/STAT5A/F2RL1/IL13RA2/CLCF1/CD274/RSAD2/ATAD5/NOD2/NOS2/TFRC/ULBP2/BST2/DNASE1L3/C4BPA/NCKAP1L/HLA-DRB1/IL4I1/TNF/SH2D1B/TREM2/ICAM1/SERPINB9/IL4R/FGR/HLA-DRB3,34,Nominal,B_higher,GO_BP,NA,NA,regulation of leukocyte mediated immunity
GO:0034134,toll-like receptor 2 signaling pathway,7/1161,17/18860,0.4117647058823529,6.688959821654759,6.010123256815561,3.701904389802581e-5,8.047879949863496e-4,6.225282093249526e-4,LYN/PIK3AP1/F2RL1/MFHAS1/CYBA/TLR1/TREM2,7,Nominal,B_higher,GO_BP,NA,NA,toll-like receptor 2 signaling pathway
GO:0002822,regulation of adaptive immune response based on somatic recombination of immune receptors built from immunoglobulin superfamily domains,29/1161,210/18860,0.1380952380952381,2.2433042122964606,4.640328322991952,3.7492096462713264e-5,8.117721938566419e-4,6.279307014637253e-4,CEACAM1/CD55/TNFRSF1B/IL18/ANXA1/EPHB2/RIPK3/IL20RB/PLA2G4A/STAT5A/TNFSF13B/CLCF1/CD274/ASCL2/BATF/JAK2/RSAD2/ATAD5/CARD9/TFRC/ULBP2/C4BPA/NCKAP1L/HLA-DRB1/IL4I1/TNF/TREM2/IL4R/HLA-DRB3,29,Nominal,B_higher,GO_BP,NA,NA,regulation of adaptive immune response based on somatic recombination of immune receptors built from immunoglobulin superfamily domains
GO:0014013,regulation of gliogenesis,19/1161,110/18860,0.17272727272727273,2.8058883407720616,4.865054123606669,3.904404440707722e-5,8.419659253590685e-4,6.512864792861352e-4,GPR37L1/LYN/TNFRSF1B/ZNF488/EZH2/CLCN2/DUSP10/LDLR/LIF/MYB/MDK/CLCF1/E2F1/ASCL2/HES5/TTBK1/TNF/TREM2/SERPINE2,19,Nominal,B_higher,GO_BP,NA,NA,regulation of gliogenesis
GO:0002699,positive regulation of immune effector process,35/1161,276/18860,0.12681159420289856,2.060005742176285,4.543538746890959,3.924306117763879e-5,8.428590007149087e-4,6.519773004782095e-4,ADORA2B/CD55/IL18/PLA2G3/ANXA1/EPHB2/MYD88/NOD1/RBP4/STAT5A/F2RL1/IL2RG/FFAR2/CLCF1/SEMA7A/RSAD2/ATAD5/PYCARD/KLK7/NOD2/CARD9/DDX60/NOS2/TFRC/ULBP2/HLA-DRB1/TNF/SH2D1B/TREM2/IL4R/PCK1/FGR/FCN1/GPR65/HLA-DRB3,35,Nominal,B_higher,GO_BP,NA,NA,positive regulation of immune effector process
GO:0043297,apical junction assembly,16/1161,83/18860,0.1927710843373494,3.1314923777798533,4.984376072210938,3.9591144941773536e-5,8.469337725944194e-4,6.55129261562821e-4,CLDN2/CLDN4/RHOC/WDR1/CLDN7/ECT2/CLDN1/EPHA2/MARVELD3/CLDN3/CLDN23/SRF/SNAI1/CLDN15/DSG3/TNF,16,Nominal,B_higher,GO_BP,NA,NA,apical junction assembly
GO:0042634,regulation of hair cycle,9/1161,29/18860,0.3103448275862069,5.0414327719861,5.578259857946483,4.008508215195081e-5,8.473320922870867e-4,6.554373740676791e-4,CDH3/PKP3/GAL/FERMT1/HPSE/MSX2/KRT17/TNF/DKK4,9,Nominal,B_higher,GO_BP,NA,NA,regulation of hair cycle
GO:0050482,arachidonate secretion,9/1161,29/18860,0.3103448275862069,5.0414327719861,5.578259857946483,4.008508215195081e-5,8.473320922870867e-4,6.554373740676791e-4,PLA2G3/ANXA1/PLA2G4A/PLA2G4F/NMUR2/PLA2G2A/BDKRB2/PLA2R1/PLA2G12B,9,Nominal,B_higher,GO_BP,NA,NA,arachidonate secretion
GO:1903963,arachidonate transport,9/1161,29/18860,0.3103448275862069,5.0414327719861,5.578259857946483,4.008508215195081e-5,8.473320922870867e-4,6.554373740676791e-4,PLA2G3/ANXA1/PLA2G4A/PLA2G4F/NMUR2/PLA2G2A/BDKRB2/PLA2R1/PLA2G12B,9,Nominal,B_higher,GO_BP,NA,NA,arachidonate transport
GO:0019882,antigen processing and presentation,20/1161,120/18860,0.16666666666666666,2.707436118288831,4.805641498896392,4.2009174225097007e-05,8.845081250229087e-4,6.841941761484926e-4,RAB3B/EXT1/NOD1/CD68/PSMB8/CTSS/TAP1/RAB32/PYCARD/NOD2/CLEC4A/ULBP2/FGL2/LILRB2/HLA-DRB1/FAM3D/TREM2/ICAM1/HLA-DRB4/HLA-DRB3,20,Nominal,B_higher,GO_BP,NA,NA,antigen processing and presentation
GO:0016338,calcium-independent cell-cell adhesion via plasma membrane cell-adhesion molecules,8/1161,23/18860,0.34782608695652173,5.6503014642549525,5.715315799947259,4.291783387699291e-5,8.917066376207504e-4,6.897624465318169e-4,CLDN2/CLDN4/CLDN7/CLDN1/CLDN12/CLDN3/CLDN23/CLDN15,8,Nominal,B_higher,GO_BP,NA,NA,calcium-independent cell-cell adhesion via plasma membrane cell-adhesion molecules
GO:0090266,regulation of mitotic cell cycle spindle assembly checkpoint,8/1161,23/18860,0.34782608695652173,5.6503014642549525,5.715315799947259,4.291783387699291e-5,8.917066376207504e-4,6.897624465318169e-4,SKA1/MAD2L1/CDCA8/SKA3/BIRC5/CCNB1/INCENP/GEN1,8,Nominal,B_higher,GO_BP,NA,NA,regulation of mitotic cell cycle spindle assembly checkpoint
GO:1903504,regulation of mitotic spindle checkpoint,8/1161,23/18860,0.34782608695652173,5.6503014642549525,5.715315799947259,4.291783387699291e-5,8.917066376207504e-4,6.897624465318169e-4,SKA1/MAD2L1/CDCA8/SKA3/BIRC5/CCNB1/INCENP/GEN1,8,Nominal,B_higher,GO_BP,NA,NA,regulation of mitotic spindle checkpoint
GO:0033044,regulation of chromosome organization,32/1161,244/18860,0.13114754098360656,2.1304415357026874,4.551985918439761,4.30180090699614e-5,8.917066376207504e-4,6.897624465318169e-4,TRIP13/ZWILCH/SKA1/ESPL1/MAD2L1/CDCA8/SPC25/BUB1/SKA3/NCAPG/NUF2/RUVBL1/TACC3/BIRC5/NEK2/CCNB1/FEN1/CDC20/CENPE/INCENP/NCAPG2/DLGAP5/BUB1B/CDC6/CENPF/ZWINT/SPC24/PIF1/GEN1/FBXO5/UBE2C/PML,32,Nominal,B_higher,GO_BP,NA,NA,regulation of chromosome organization
GO:0008630,intrinsic apoptotic signaling pathway in response to DNA damage,19/1161,111/18860,0.17117117117117117,2.780610067431773,4.818838093873144,4.443214062546694e-5,9.174636604826148e-4,7.096862940787851e-4,BAK1/NACC2/TNFRSF1B/CHEK2/SFN/CRIP1/EPHA2/BRCA1/CDKN1A/BRCA2/E2F1/IKBKE/CIDEB/SNAI1/ATAD5/PYCARD/PML/BCL2A1/TNF,19,Nominal,B_higher,GO_BP,NA,NA,intrinsic apoptotic signaling pathway in response to DNA damage
GO:1903039,positive regulation of leukocyte cell-cell adhesion,36/1161,289/18860,0.1245674740484429,2.023550870416566,4.490986854223872,4.4810216884691365e-5,9.21711691920498e-4,7.129722767483282e-4,CD55/LYN/IL18/ANXA1/HHLA2/CARD11/MAP3K8/DUSP10/STAT5A/TNFSF13B/FUT4/IL2RG/MDK/VNN1/TNFSF9/CD274/JAK2/DPP4/CD5/PYCARD/NR5A2/NOD2/TFRC/ADAM8/LILRB2/NCKAP1L/HLA-DRB1/IL4I1/TNF/LEF1/SELP/IL4R/PCK1/HLA-DRB4/GPR65/HLA-DRB3,36,Nominal,B_higher,GO_BP,NA,NA,positive regulation of leukocyte cell-cell adhesion
GO:0071675,regulation of mononuclear cell migration,23/1161,150/18860,0.15333333333333332,2.4908412288257247,4.695060639642483,4.5484799168537296e-5,9.320027048020592e-4,7.2093269099557e-4,LYN/CD9/S100A14/LGALS3/RIPK3/NEDD9/ECM1/MDK/CCR6/PADI2/PLA2G7/ASCL2/CCL20/PYCARD/CXCL10/C5AR1/FPR2/ADAM8/CCR1/TNF/SLAMF8/TREM2/CCL3,23,Nominal,B_higher,GO_BP,NA,NA,regulation of mononuclear cell migration
GO:0007249,canonical NF-kappaB signal transduction,42/1161,359/18860,0.116991643454039,1.9004844061526056,4.411912541085605,4.822319674724048e-5,9.843421992528324e-4,7.614188960090602e-4,TRIM15/IRAK2/ANXA4/RHOC/TNFRSF11A/PYDC1/HTR2B/ECT2/TRAF3/MYD88/CARD14/NOD1/CANT1/CARD11/OLFM4/EDAR/CASP1/HMOX1/ECM1/F2RL1/TRIM59/HSPB1/LRRC19/TMEM106A/APOL3/IKBKE/STAT1/UBD/PYCARD/NOD2/CARD9/TFRC/S100A12/ADAM8/BST2/PIM2/CCR1/HLA-DRB1/TIFAB/TNF/NR1H4/TREM2,42,Nominal,B_higher,GO_BP,NA,NA,canonical NF-kappaB signal transduction
GO:0050866,negative regulation of cell activation,31/1161,235/18860,0.13191489361702127,2.1429068851137134,4.515415453026016,5.0332273231074104e-5,0.00101856969359939,7.878949131688433e-4,CEACAM1/LYN/CD9/ANXA1/HMGB3/LGALS3/GAL/IL20RB/LDLR/STAT5A/SOCS6/MDK/PLA2G2A/IRF1/BANK1/CD274/ASCL2/ARG2/MILR1/FGL2/LILRB2/MNDA/HLA-DRB1/IL4I1/IDO1/SAMSN1/TREM2/IL4R/INHBA/FGR/SERPINE2,31,Nominal,B_higher,GO_BP,NA,NA,negative regulation of cell activation
GO:0050792,regulation of viral process,22/1161,141/18860,0.15602836879432624,2.5346210469086934,4.684577841444522,5.043058418924335e-5,0.00101856969359939,7.878949131688433e-4,TRIM15/IL32/OAS3/TRIM14/OAS1/TMPRSS4/TOP2A/KPNA2/LAMP3/ISG15/OAS2/STAT1/RSAD2/IFIT1/NR5A2/MX1/TRIM31/BST2/APOBEC3B/HLA-DRB1/TNF/CH25H,22,Nominal,B_higher,GO_BP,NA,NA,regulation of viral process
GO:0042632,cholesterol homeostasis,19/1161,112/18860,0.16964285714285715,2.7557831918297033,4.773132623633515,5.047138534103214e-5,0.00101856969359939,7.878949131688433e-4,MALL/SCARB1/PCSK9/LIPG/IL18/SEC24A/LDLR/NPC1L1/ABCG5/APOC2/ABCG8/HNF4A/NR5A2/MTTP/APOC3/NR1H4/APOA4/APOB/PLA2G12B,19,Nominal,B_higher,GO_BP,NA,NA,cholesterol homeostasis
GO:0071346,cellular response to type II interferon,18/1161,103/18860,0.17475728155339806,2.8388650560698427,4.792784020660254,5.274786209995688e-5,0.00106050964853597,8.203367552545728e-4,CD58/ZYX/CLDN1/PARP9/GBP1/CASP1/GBP3/CDC42EP2/PARP14/IRF1/JAK2/NLRC5/STAT1/ASS1/HCK/NOS2/TNF/CCL3,18,Nominal,B_higher,GO_BP,NA,NA,cellular response to type II interferon
GO:0051984,positive regulation of chromosome segregation,9/1161,30/18860,0.3,4.873385012919897,5.437849837564194,5.415218653748207e-5,0.00108238053434236,8.372545565416439e-4,SKA1/CDCA8/SKA3/NCAPG/BIRC5/CCNB1/INCENP/NCAPG2/CDC6,9,Nominal,B_higher,GO_BP,NA,NA,positive regulation of chromosome segregation
GO:0070372,regulation of ERK1 and ERK2 cascade,37/1161,303/18860,0.12211221122112212,1.9836660668650847,4.420956033283681,5.424046058409733e-5,0.00108238053434236,8.372545565416439e-4,CEACAM1/LYN/TNFRSF11A/HTR2B/FAM83D/EPHB2/EPHA2/NOD1/GBP1/DUSP10/F2RL1/MFHAS1/LIF/ARHGAP8/PLA2G2A/ACE2/NPSR1/PTPRR/SEMA7A/CHI3L1/PYCARD/NPNT/NOD2/P2RY6/CARD9/SLC30A10/C5AR1/FPR2/CCR1/HLA-DRB1/TNF/TREM2/ICAM1/CCL3/INHBA/SEMA6A/GCG,37,Nominal,B_higher,GO_BP,NA,NA,regulation of ERK1 and ERK2 cascade
GO:0002768,immune response-regulating cell surface receptor signaling pathway,44/1161,385/18860,0.11428571428571428,1.8565276239694848,4.348911708565495,5.634551112458518e-5,0.00112020741075941,8.665148061812551e-4,IRAK2/CEACAM1/LYN/OAS1/S100A14/LGALS3/TRAF3/HHLA2/MYD88/MICB/CARD11/GBP1/IFI35/LILRA2/PIK3AP1/F2RL1/MFHAS1/PIGR/SLC39A10/CYBA/FFAR2/LILRA4/BANK1/HCK/NOS2/NFAM1/C5AR1/FPR2/TLR1/BTNL8/FCGR2C/LILRB2/MNDA/FCGR3A/NCKAP1L/BTNL3/HLA-DRB1/FPR1/TREM2/CD38/FGR/FCN1/BPIFB1/HLA-DRB3,44,Nominal,B_higher,GO_BP,NA,NA,immune response-regulating cell surface receptor signaling pathway
GO:1905952,regulation of lipid localization,26/1161,183/18860,0.14207650273224043,2.3079783303445773,4.553796405298433,5.72167326580113e-5,0.00112369005143687,8.692087356113291e-4,ANXA2/SCARB1/PCSK9/TNFRSF11A/LIPG/PLA2G3/XRCC4/PLIN3/SEC24A/GAL/CYP4F2/ACSL5/LRP1/PLA2G4A/MYB/IKBKE/ABCA12/APOC2/AGT/APOC3/SPP1/TNF/APOA4/PLA2R1/TREM2/APOB,26,Nominal,B_higher,GO_BP,NA,NA,regulation of lipid localization
GO:0032760,positive regulation of tumor necrosis factor production,19/1161,113/18860,0.168141592920354,2.7313957299551044,4.727926861818275,5.722876857156758e-5,0.00112369005143687,8.692087356113291e-4,OAS3/OAS1/EPHB2/MYD88/NOD1/LILRA2/CYBA/HSPB1/OAS2/TMEM106A/JAK2/PYCARD/NOD2/CARD9/TLR1/FCGR2C/FCGR3A/PF4/CCL3,19,Nominal,B_higher,GO_BP,NA,NA,positive regulation of tumor necrosis factor production
GO:0055092,sterol homeostasis,19/1161,113/18860,0.168141592920354,2.7313957299551044,4.727926861818275,5.722876857156758e-5,0.00112369005143687,8.692087356113291e-4,MALL/SCARB1/PCSK9/LIPG/IL18/SEC24A/LDLR/NPC1L1/ABCG5/APOC2/ABCG8/HNF4A/NR5A2/MTTP/APOC3/NR1H4/APOA4/APOB/PLA2G12B,19,Nominal,B_higher,GO_BP,NA,NA,sterol homeostasis
GO:0032530,regulation of microvillus organization,7/1161,18/18860,0.3888888888888889,6.31735094267394,5.780549876985435,5.7361141369159856e-5,0.00112369005143687,8.692087356113291e-4,VIL1/PLS1/CDHR5/RAP2A/TNIK/CDHR2/PLD1,7,Nominal,B_higher,GO_BP,NA,NA,regulation of microvillus organization
GO:0072330,monocarboxylic acid biosynthetic process,31/1161,237/18860,0.1308016877637131,2.1248232827076907,4.463080539777146,5.920200983895476e-5,0.00115551952050631,8.938298066350066e-4,CEACAM1/ACOT7/SLC27A2/LIPG/SCD/PLA2G3/STARD4/DHRS9/MGLL/ABHD3/AKR1C4/PLA2G4A/PLA2G4F/BRCA1/LPGAT1/ACOX2/MTHFD1L/APOC2/SDS/MLXIPL/ELOVL5/APOC3/IDO1/NR1H4/APOA4/LDHC/CYP2D6/ACMSD/CYP3A4/FADS6/CYP1A1,31,Nominal,B_higher,GO_BP,NA,NA,monocarboxylic acid biosynthetic process
GO:2000514,"regulation of CD4-positive, alpha-beta T cell activation",16/1161,86/18860,0.18604651162790695,3.0222542715782303,4.814017401345237,6.219595317430936e-5,0.00120954166391347,9.356175922489408e-4,CD55/IL18/ANXA1/CARD11/STAT5A/IL2RG/CD274/ASCL2/BATF/ARG2/NCKAP1L/HLA-DRB1/IL4R/GPR65/HLA-DRB3/IRF4,16,Nominal,B_higher,GO_BP,NA,NA,"regulation of CD4-positive, alpha-beta T cell activation"
GO:0042092,type 2 immune response,11/1161,45/18860,0.24444444444444444,3.9709063068236192,5.110273885162529,6.688482309279655e-5,0.00129133586245587,9.988879147052648e-4,IL18/ANXA1/ECM1/MYB/ASCL2/BATF/ARG2/RSAD2/NOD2/IDO1/IL4R,11,Nominal,B_higher,GO_BP,NA,NA,type 2 immune response
GO:1902622,regulation of neutrophil migration,11/1161,45/18860,0.24444444444444444,3.9709063068236192,5.110273885162529,6.688482309279655e-5,0.00129133586245587,9.988879147052648e-4,MYD88/MCU/BST1/FUT4/MDK/DPP4/C5AR1/ADAM8/NCKAP1L/SLAMF8/TNFAIP6,11,Nominal,B_higher,GO_BP,NA,NA,regulation of neutrophil migration
GO:0032637,interleukin-8 production,18/1161,105/18860,0.17142857142857143,2.7847914359542267,4.69704438586377,6.851286056181358e-5,0.00131328594367232,0.00101586697607216,CD58/ANXA4/AFAP1L2/ANXA1/MYD88/F3/NOD1/LILRA2/F2RL1/FFAR2/CHI3L1/PYCARD/NOD2/NOS2/TLR1/TNF/FCN1/DEFA5,18,Nominal,B_higher,GO_BP,NA,NA,interleukin-8 production
GO:0032677,regulation of interleukin-8 production,18/1161,105/18860,0.17142857142857143,2.7847914359542267,4.69704438586377,6.851286056181358e-5,0.00131328594367232,0.00101586697607216,CD58/ANXA4/AFAP1L2/ANXA1/MYD88/F3/NOD1/LILRA2/F2RL1/FFAR2/CHI3L1/PYCARD/NOD2/NOS2/TLR1/TNF/FCN1/DEFA5,18,Nominal,B_higher,GO_BP,NA,NA,regulation of interleukin-8 production
GO:0071715,icosanoid transport,13/1161,61/18860,0.21311475409836064,3.4619674955168662,4.932657189585111,7.007345584953247e-5,0.00133840300672607,0.00103529579507016,TNFRSF11A/PLA2G3/ANXA1/CYP4F2/PLA2G4A/PLA2G4F/NMUR2/PLA2G2A/SLCO2B1/BDKRB2/NOS2/PLA2R1/PLA2G12B,13,Nominal,B_higher,GO_BP,NA,NA,icosanoid transport
GO:0001523,retinoid metabolic process,16/1161,87/18860,0.1839080459770115,2.9875157167325037,4.758876489090972,7.191932368590314e-5,0.00136877061591533,0.00105878607261884,SDR16C5/LRP8/DHRS9/AKR1C4/LRP1/RBP4/LDLR/ADH6/ADH4/DGAT1/PLB1/UGT1A8/CYP2D6/RBP2/CYP3A4/CYP1A1,16,Nominal,B_higher,GO_BP,NA,NA,retinoid metabolic process
GO:1903900,regulation of viral life cycle,19/1161,115/18860,0.16521739130434782,2.6838931955211023,4.638972684527352,7.319419165070394e-5,0.00138809410265235,0.00107373338255791,TRIM15/IL32/OAS3/OAS1/TMPRSS4/TOP2A/KPNA2/LAMP3/ISG15/OAS2/RSAD2/IFIT1/NR5A2/MX1/BST2/APOBEC3B/HLA-DRB1/TNF/CH25H,19,Nominal,B_higher,GO_BP,NA,NA,regulation of viral life cycle
GO:0051047,positive regulation of secretion,39/1161,331/18860,0.11782477341389729,1.914018283019899,4.2967883781340275,7.595256545043559e-5,0.00143531561847678,0.00111026067405695,ANXA2/ADORA2B/S100A10/TNFRSF11A/STX1A/NMU/PLA2G3/SEC24A/EDN3/C2CD2L/GAL/CYP4F2/ACHE/PLA2G4A/RBP4/MCU/F2RL1/MYB/CYBA/FFAR2/JAK2/PCK2/CFTR/F2RL2/MLXIPL/P2RY2/ADAM8/SPP1/S100A8/HLA-DRB1/NR1H4/PLA2R1/TREM2/VSNL1/CD38/IL4R/INHBA/FGR/GCG,39,Nominal,B_higher,GO_BP,NA,NA,positive regulation of secretion
GO:0009914,hormone transport,40/1161,343/18860,0.11661807580174928,1.8944159428260048,4.28156315136099,7.759084162942774e-5,0.00146111204589499,0.0011302150022374,LYN/CAMK2G/STX1A/NMU/PLA2G3/ANXA1/EDN3/C2CD2L/GAL/IL1RN/ADRA2A/RBP4/MCU/F2RL1/LIF/MYB/FFAR2/FOXD1/TBX3/JAK2/SLC17A4/ABCA12/PCK2/CFTR/F2RL2/HNF4A/AGT/MLXIPL/NOS2/CRYM/SPP1/HLA-DRB1/FAM3D/TNF/NR1H4/SLC16A2/VSNL1/CD38/INHBA/GCG,40,Nominal,B_higher,GO_BP,NA,NA,hormone transport
GO:0043122,regulation of canonical NF-kappaB signal transduction,39/1161,332/18860,0.11746987951807228,1.9082531677095984,4.276246852645821,8.108269300707725e-5,0.00152150962176087,0.00117693438049053,IRAK2/ANXA4/RHOC/TNFRSF11A/PYDC1/HTR2B/ECT2/TRAF3/MYD88/CARD14/NOD1/CANT1/CARD11/OLFM4/EDAR/CASP1/HMOX1/ECM1/F2RL1/TRIM59/HSPB1/LRRC19/TMEM106A/APOL3/IKBKE/STAT1/UBD/PYCARD/NOD2/CARD9/TFRC/S100A12/BST2/PIM2/HLA-DRB1/TIFAB/TNF/NR1H4/TREM2,39,Nominal,B_higher,GO_BP,NA,NA,regulation of canonical NF-kappaB signal transduction
GO:0002224,toll-like receptor signaling pathway,16/1161,88/18860,0.18181818181818185,2.953566674496907,4.704520625734606,8.295179870759325e-5,0.00154238928496339,0.0011930854406775,IRAK2/RPS6KA3/TRAF3/MYD88/CTSS/MFHAS1/LRRC19/IRF1/CD274/S100A9/TLR1/REG3G/S100A8/TIFAB/GFI1/IRF4,16,Nominal,B_higher,GO_BP,NA,NA,toll-like receptor signaling pathway
GO:0120193,tight junction organization,16/1161,88/18860,0.18181818181818185,2.953566674496907,4.704520625734606,8.295179870759325e-5,0.00154238928496339,0.0011930854406775,CLDN2/CLDN4/CLDN7/ECT2/EPHB2/CLDN1/EXT1/EPHA2/MARVELD3/CLDN3/CLDN23/SRF/SNAI1/CLDN15/DSG3/TNF,16,Nominal,B_higher,GO_BP,NA,NA,tight junction organization
GO:0150077,regulation of neuroinflammatory response,11/1161,46/18860,0.2391304347826087,3.88458225667528,5.016748728756581,8.306060472502945e-5,0.00154238928496339,0.0011930854406775,TNFRSF1B/IL18/CTSC/LDLR/MMP3/TTBK1/CCR1/TNF/TREM2/CCL3/MMP9,11,Nominal,B_higher,GO_BP,NA,NA,regulation of neuroinflammatory response
GO:0032528,microvillus organization,8/1161,25/18860,0.32,5.198277347114557,5.379716541243424,8.476684223853217e-5,0.00156862654772204,0.00121338076852096,VIL1/PLS1/CDHR5/RAP2A/TNIK/CDHR2/PLD1/MYO1A,8,Nominal,B_higher,GO_BP,NA,NA,microvillus organization
GO:0006071,glycerol metabolic process,7/1161,19/18860,0.3684210526315789,5.984858787796364,5.567737623711304,8.600547477878328e-5,0.0015761663720386,0.00121921305399199,PLA2G4A/GK5/GK/MOGAT3/PCK2/MOGAT2/PCK1,7,Nominal,B_higher,GO_BP,NA,NA,glycerol metabolic process
GO:1901569,fatty acid derivative catabolic process,7/1161,19/18860,0.3684210526315789,5.984858787796364,5.567737623711304,8.600547477878328e-5,0.0015761663720386,0.00121921305399199,ACOT7/CYP4F3/CYP4F2/FITM2/CYP4F12/DPEP2/DPEP1,7,Nominal,B_higher,GO_BP,NA,NA,fatty acid derivative catabolic process
GO:0003044,regulation of systemic arterial blood pressure mediated by a chemical signal,12/1161,54/18860,0.2222222222222222,3.609914824385109,4.91899151830871,8.605844813673744e-5,0.0015761663720386,0.00121921305399199,PCSK5/PREP/EDN3/F2RL1/CTSZ/CYBA/ACE2/ANPEP/HSD11B2/AGT/MME/SLC2A5,12,Nominal,B_higher,GO_BP,NA,NA,regulation of systemic arterial blood pressure mediated by a chemical signal
GO:0015918,sterol transport,21/1161,136/18860,0.15441176470588236,2.508359933120535,4.521434055378749,8.646120044308278e-5,0.00157813822515224,0.00122073834288239,ANXA2/STARD5/SCARB1/PCSK9/LIPG/SEC24A/STARD4/LRP1/LDLR/NPC1L1/ABCG5/ABCA12/APOC2/CFTR/ABCG8/MTTP/APOC3/APOA4/TSPO2/TREM2/APOB,21,Nominal,B_higher,GO_BP,NA,NA,sterol transport
GO:0000281,mitotic cytokinesis,17/1161,98/18860,0.17346938775510204,2.8179437149536817,4.6212022966441815,9.28180956279725e-5,0.00167996385575798,0.00129950359271127,RHOC/CFL1/ECT2/ESPL1/CDCA8/CENPA/KIF4A/ANLN/CEP55/BIRC5/KIF23/KIF20A/KIF20B/INCENP/RACGAP1/IQGAP3/NUSAP1,17,Nominal,B_higher,GO_BP,NA,NA,mitotic cytokinesis
GO:0071677,positive regulation of mononuclear cell migration,17/1161,98/18860,0.17346938775510204,2.8179437149536817,4.6212022966441815,9.28180956279725e-5,0.00167996385575798,0.00129950359271127,S100A14/LGALS3/NEDD9/MDK/CCR6/PLA2G7/ASCL2/CCL20/PYCARD/CXCL10/C5AR1/FPR2/ADAM8/CCR1/TNF/TREM2/CCL3,17,Nominal,B_higher,GO_BP,NA,NA,positive regulation of mononuclear cell migration
GO:0000077,DNA damage checkpoint signaling,19/1161,117/18860,0.1623931623931624,2.6380146793583488,4.551895081037095,9.298229268967164e-5,0.00167996385575798,0.00129950359271127,LYN/CHEK2/FANCD2/RAD51/CHEK1/HUS1/PARP9/FBXO6/BRCA1/CDKN1A/CLSPN/BRCA2/STK38/NEK11/E2F1/BRIP1/BLM/DTL/WDR76,19,Nominal,B_higher,GO_BP,NA,NA,DNA damage checkpoint signaling
GO:0019433,triglyceride catabolic process,9/1161,32/18860,0.28125,4.5687984496124034,5.174828858341289,9.49487813355991e-5,0.00169214744984996,0.00130892797659928,LIPG/MGLL/PNPLA3/CPS1/APOC2/PLB1/APOC3/APOA4/APOB,9,Nominal,B_higher,GO_BP,NA,NA,triglyceride catabolic process
GO:0019216,regulation of lipid metabolic process,41/1161,358/18860,0.11452513966480447,1.860416997483387,4.2096135801238335,9.512593285240517e-5,0.00169214744984996,0.00130892797659928,CEACAM1/LACTB/SCARB1/MFSD2A/SAMD8/TM6SF2/HTR2B/PLA2G3/STARD4/CIDEC/LPCAT1/APOBEC1/GAL/CLCN2/ADRA2A/LDLR/BRCA1/STAT5A/BCL11B/LPGAT1/CIDEB/SNAI1/APOC2/GOLM1/HNF4A/NR5A2/PDE3B/AGT/MLXIPL/ELOVL5/SERPINA3/APOC3/GFI1/TNF/NR1H4/APOA4/TREM2/UGT1A8/APOB/PCK1/CH25H,41,Nominal,B_higher,GO_BP,NA,NA,regulation of lipid metabolic process
GO:0120192,tight junction assembly,15/1161,80/18860,0.1875,3.045865633074935,4.696511412988379,9.537045005487218e-5,0.00169214744984996,0.00130892797659928,CLDN2/CLDN4/CLDN7/ECT2/EPHB2/CLDN1/EPHA2/MARVELD3/CLDN3/CLDN23/SRF/SNAI1/CLDN15/DSG3/TNF,15,Nominal,B_higher,GO_BP,NA,NA,tight junction assembly
GO:0140895,cell surface toll-like receptor signaling pathway,15/1161,80/18860,0.1875,3.045865633074935,4.696511412988379,9.537045005487218e-5,0.00169214744984996,0.00130892797659928,IRAK2/LYN/OAS1/S100A14/TRAF3/MYD88/IFI35/LILRA2/PIK3AP1/F2RL1/MFHAS1/CYBA/TLR1/TREM2/BPIFB1,15,Nominal,B_higher,GO_BP,NA,NA,cell surface toll-like receptor signaling pathway
GO:0043123,positive regulation of canonical NF-kappaB signal transduction,30/1161,232/18860,0.12931034482758622,2.1005969883275415,4.320064921378935,9.55198390954478e-5,0.00169214744984996,0.00130892797659928,IRAK2/RHOC/TNFRSF11A/HTR2B/ECT2/MYD88/CARD14/NOD1/CANT1/CARD11/EDAR/CASP1/HMOX1/ECM1/F2RL1/LRRC19/TMEM106A/APOL3/IKBKE/UBD/PYCARD/NOD2/CARD9/TFRC/S100A12/BST2/PIM2/HLA-DRB1/TIFAB/TNF,30,Nominal,B_higher,GO_BP,NA,NA,positive regulation of canonical NF-kappaB signal transduction
GO:0030301,cholesterol transport,20/1161,127/18860,0.15748031496062992,2.5582073558634626,4.512575899521467,9.555507289728646e-5,0.00169214744984996,0.00130892797659928,ANXA2/STARD5/SCARB1/PCSK9/LIPG/SEC24A/STARD4/LRP1/LDLR/NPC1L1/ABCG5/ABCA12/APOC2/CFTR/ABCG8/APOC3/APOA4/TSPO2/TREM2/APOB,20,Nominal,B_higher,GO_BP,NA,NA,cholesterol transport
GO:0001990,regulation of systemic arterial blood pressure by hormone,11/1161,47/18860,0.23404255319148937,3.80193157036304,4.925819586906082,1.0246626940526449e-4,0.0018025973973005,0.00139436440014781,PCSK5/PREP/EDN3/F2RL1/CTSZ/CYBA/ACE2/ANPEP/HSD11B2/AGT/MME,11,Nominal,B_higher,GO_BP,NA,NA,regulation of systemic arterial blood pressure by hormone
GO:0030890,positive regulation of B cell proliferation,11/1161,47/18860,0.23404255319148937,3.80193157036304,4.925819586906082,1.0246626940526449e-4,0.0018025973973005,0.00139436440014781,EPHB2/CARD11/BST1/CDKN1A/TNFSF13B/SLC39A10/CLCF1/ATAD5/TFRC/NCKAP1L/CD38,11,Nominal,B_higher,GO_BP,NA,NA,positive regulation of B cell proliferation
GO:0008203,cholesterol metabolic process,23/1161,158/18860,0.14556962025316456,2.364722685594043,4.411944122789904,1.0318924007025915e-4,0.00180936411769097,0.00139959866600903,SCARB1/PCSK9/STARD4/MVD/APOBR/MSMO1/LDLR/ACAA2/NPC1L1/SQLE/SULT2B1/APOL1/CFTR/APOL2/AGT/NR1H4/APOA4/SULT1C3/CYP2D6/APOB/PCK1/CYP3A4/CH25H,23,Nominal,B_higher,GO_BP,NA,NA,cholesterol metabolic process
GO:0009395,phospholipid catabolic process,12/1161,55/18860,0.21818181818181817,3.5442800093962887,4.839613249372509,1.0397635920675068e-4,0.00181720774195327,0.0014056659500603,SCARB1/LIPG/PLBD1/GDPD3/PLA2G4A/LDLR/PLA2G4F/PLD1/PLA2G7/APOC2/PLB1/PLA2G4D,12,Nominal,B_higher,GO_BP,NA,NA,phospholipid catabolic process
GO:0042363,fat-soluble vitamin catabolic process,6/1161,14/18860,0.42857142857142855,6.961978589885566,5.7153905452436655,1.0504829664161958e-4,0.00182402042350448,0.00141093576828969,CYP4F3/CYP4F2/CYP27B1/CBR3/CYP4F12/CYP3A4,6,Nominal,B_higher,GO_BP,NA,NA,fat-soluble vitamin catabolic process
GO:0060707,trophoblast giant cell differentiation,6/1161,14/18860,0.42857142857142855,6.961978589885566,5.7153905452436655,1.0504829664161958e-4,0.00182402042350448,0.00141093576828969,MDFI/PLK4/LIF/SNAI1/E2F7/GJB5,6,Nominal,B_higher,GO_BP,NA,NA,trophoblast giant cell differentiation
GO:0050870,positive regulation of T cell activation,33/1161,267/18860,0.12359550561797752,2.007761615809695,4.24756256139587,1.0652879497235203e-4,0.0018437410857998,0.00142619030571058,CD55/LYN/IL18/ANXA1/HHLA2/CARD11/MAP3K8/DUSP10/STAT5A/TNFSF13B/IL2RG/MDK/VNN1/TNFSF9/CD274/JAK2/DPP4/CD5/PYCARD/NR5A2/NOD2/TFRC/ADAM8/LILRB2/NCKAP1L/HLA-DRB1/IL4I1/LEF1/IL4R/PCK1/HLA-DRB4/GPR65/HLA-DRB3,33,Nominal,B_higher,GO_BP,NA,NA,positive regulation of T cell activation
GO:0031348,negative regulation of defense response,37/1161,313/18860,0.1182108626198083,1.9202901541856885,4.204953368626285,1.0730632315623058e-4,0.00185120714915974,0.00143196553481828,CEACAM1/LYN/TNFRSF1B/OAS3/OAS1/SFN/PBK/USP18/IL22RA1/MICB/MMP12/IL20RB/LYAR/DUSP10/LDLR/SOCS3/MFHAS1/ISG15/PARP14/SAA1/MDK/NLRC5/ARG2/NR5A2/HCK/FPR2/NT5E/FGL2/SIGLEC10/HLA-DRB1/NR1H4/SLAMF8/TREM2/TNFAIP6/SERPINB9/FGR/REG3A,37,Nominal,B_higher,GO_BP,NA,NA,negative regulation of defense response
GO:1902652,secondary alcohol metabolic process,24/1161,169/18860,0.14201183431952663,2.306927816766815,4.3709894743933475,1.0943363468405596e-4,0.00187768739316721,0.00145244881611367,SCARB1/PCSK9/STARD4/MVD/CYP27B1/APOBR/MSMO1/LDLR/ACAA2/NPC1L1/SQLE/SULT2B1/APOL1/CFTR/APOL2/AGT/NR1H4/APOA4/SULT1C3/CYP2D6/APOB/PCK1/CYP3A4/CH25H,24,Nominal,B_higher,GO_BP,NA,NA,secondary alcohol metabolic process
GO:0048708,astrocyte differentiation,16/1161,90/18860,0.17777777777777778,2.887931859508087,4.598079853945026,1.0954346796338255e-4,0.00187768739316721,0.00145244881611367,GPR37L1/LRP1/LDLR/LIF/CLCF1/S100A9/LAMC3/HES5/PAX6/C5AR1/FPR2/TTBK1/S100A8/TNF/TREM2/SERPINE2,16,Nominal,B_higher,GO_BP,NA,NA,astrocyte differentiation
GO:0051315,attachment of mitotic spindle microtubules to kinetochore,8/1161,26/18860,0.3076923076923077,4.998343602994766,5.225123736991343,1.1586683303919096e-4,0.00197342618819615,0.0015265057118472,SKA1/CDCA8/SKA3/NUF2/BIRC5/CENPE/INCENP/CDT1,8,Nominal,B_higher,GO_BP,NA,NA,attachment of mitotic spindle microtubules to kinetochore
GO:0060706,cell differentiation involved in embryonic placenta development,8/1161,26/18860,0.3076923076923077,4.998343602994766,5.225123736991343,1.1586683303919096e-4,0.00197342618819615,0.0015265057118472,ST14/KRT19/MDFI/PLK4/LIF/SNAI1/E2F7/GJB5,8,Nominal,B_higher,GO_BP,NA,NA,cell differentiation involved in embryonic placenta development
GO:0006766,vitamin metabolic process,10/1161,40/18860,0.25,4.061154177433247,4.963710743099486,1.16562323314123e-4,0.00197896922248866,0.00153079341896241,CYP4F3/SLC19A3/CYP4F2/CYP27B1/CBR3/CYP4F12/SNAI1/GFI1/TNF/CYP3A4,10,Nominal,B_higher,GO_BP,NA,NA,vitamin metabolic process
GO:0002573,myeloid leukocyte differentiation,32/1161,257/18860,0.1245136186770428,2.022676010550411,4.227797841824497,1.1711986978522022e-4,0.00198214260636505,0.0015332481287672,ANXA2/CEACAM1/LYN/TNFRSF11A/PLA2G3/MYD88/EPHA2/NEDD9/TNFRSF11B/STAT5A/F2RL1/LIF/DIAPH3/LILRB3/BATF/ITGB8/BATF3/UBD/TFRC/CSF2/CCR1/HLA-DRB1/TNF/LEF1/TREM2/PF4/TNFAIP6/CCL3/INHBA/CEBPE/IRF4/MMP9,32,Nominal,B_higher,GO_BP,NA,NA,myeloid leukocyte differentiation
GO:0003081,regulation of systemic arterial blood pressure by renin-angiotensin,9/1161,33/18860,0.2727272727272727,4.43035001174536,5.05133206520577,1.234733967540654e-4,0.0020830779994976,0.00161132475259331,PCSK5/PREP/F2RL1/CTSZ/CYBA/ACE2/ANPEP/AGT/MME,9,Nominal,B_higher,GO_BP,NA,NA,regulation of systemic arterial blood pressure by renin-angiotensin
GO:0001890,placenta development,23/1161,160/18860,0.14375,2.335163652024117,4.343849443473204,1.252668036604749e-4,0.0020927153453956,0.00161877953537077,ST14/PHLDA2/KRT19/MDFI/CDX2/PLK4/CCNF/VDR/CYP27B1/SOCS3/LIF/PLCD3/HSD17B2/ASCL2/ITGB8/SNAI1/E2F7/GJB3/CSF2/MME/SPP1/LEF1/GJB5,23,Nominal,B_higher,GO_BP,NA,NA,placenta development
GO:0002523,leukocyte migration involved in inflammatory response,7/1161,20/18860,0.35,5.685615848406546,5.369604565359209,1.2530607606690746e-4,0.0020927153453956,0.00161877953537077,FFAR2/MDK/CCR6/S100A9/ADAM8/S100A8/SLAMF8,7,Nominal,B_higher,GO_BP,NA,NA,leukocyte migration involved in inflammatory response
GO:0016101,diterpenoid metabolic process,16/1161,91/18860,0.17582417582417584,2.856196344568438,4.545954845159986,1.2543520484792982e-4,0.0020927153453956,0.00161877953537077,SDR16C5/LRP8/DHRS9/AKR1C4/LRP1/RBP4/LDLR/ADH6/ADH4/DGAT1/PLB1/UGT1A8/CYP2D6/RBP2/CYP3A4/CYP1A1,16,Nominal,B_higher,GO_BP,NA,NA,diterpenoid metabolic process
GO:0048247,lymphocyte chemotaxis,11/1161,48/18860,0.22916666666666663,3.722724662647143,4.837354712275603,1.2560987768735796e-4,0.0020927153453956,0.00161877953537077,CXCL16/CKLF/NEDD9/SAA1/PADI2/CXCL10/ADAM8/CCL26/CCL3/CXCL11/CH25H,11,Nominal,B_higher,GO_BP,NA,NA,lymphocyte chemotaxis
GO:0042129,regulation of T cell proliferation,26/1161,192/18860,0.13541666666666666,2.1997918461096755,4.27965440509873,1.2843511567031674e-4,0.00213313974722004,0.00165004905061897,CD55/TNFRSF1B/IL18/ANXA1/LGALS3/HHLA2/RIPK3/CARD11/IL20RB/STAT5A/TNFSF13B/PLA2G2A/IRF1/TNFSF9/CD274/JAK2/ARG2/PYCARD/NR5A2/TFRC/TNFRSF9/LILRB2/NCKAP1L/HLA-DRB1/IL4I1/IDO1,26,Nominal,B_higher,GO_BP,NA,NA,regulation of T cell proliferation
GO:0002440,production of molecular mediator of immune response,30/1161,236/18860,0.1271186440677966,2.0649936495423287,4.216650576842373,1.3031038915707748e-4,0.00215758501923235,0.00166895821863227,CD55/TNFRSF1B/LGALS4/IL18/XRCC4/EPHB2/MYD88/PKP3/POLQ/NOD1/RBP4/F2RL1/IL13RA2/IL2RG/FFAR2/CLCF1/CCR6/SEMA7A/BATF/RSAD2/ATAD5/PYCARD/KLK7/NOD2/CARD9/TFRC/BST2/MMP7/TNF/IL4R,30,Nominal,B_higher,GO_BP,NA,NA,production of molecular mediator of immune response
GO:0051347,positive regulation of transferase activity,23/1161,161/18860,0.14285714285714285,2.3206595299618553,4.310182827940899,1.3780389903718024e-4,0.00227461497546555,0.00175948448088407,MAP2K3/ECT2/RIPK3/CARD14/NEDD9/EZH2/UBE2S/CDC20/CENPE/TPX2/DSCC1/CDKN1A/KIF14/CLSPN/MMD/RFC3/UBE2C/JAK2/CHI3L1/S100A12/EREG/HLA-DRB1/TNF,23,Nominal,B_higher,GO_BP,NA,NA,positive regulation of transferase activity
GO:0061180,mammary gland epithelium development,14/1161,74/18860,0.1891891891891892,3.0733058640035384,4.576812831922323,1.4624538159239002e-4,0.0023991420268592,0.00185580997629348,ATP2C2/ZNF703/AREG/VDR/EPHA2/TFAP2C/STAT5A/MSX2/BRCA2/TBX3/IQGAP3/JAK2/PML/MSX1,14,Nominal,B_higher,GO_BP,NA,NA,mammary gland epithelium development
GO:0070830,bicellular tight junction assembly,14/1161,74/18860,0.1891891891891892,3.0733058640035384,4.576812831922323,1.4624538159239002e-4,0.0023991420268592,0.00185580997629348,CLDN2/CLDN4/CLDN7/ECT2/CLDN1/EPHA2/MARVELD3/CLDN3/CLDN23/SRF/SNAI1/CLDN15/DSG3/TNF,14,Nominal,B_higher,GO_BP,NA,NA,bicellular tight junction assembly
GO:0051250,negative regulation of lymphocyte activation,25/1161,183/18860,0.1366120218579235,2.219209933023633,4.2447444896464885,1.49179469651284e-4,0.00243979144860876,0.00188725355135859,LYN/ANXA1/HMGB3/LGALS3/GAL/IL20RB/STAT5A/SOCS6/MDK/PLA2G2A/IRF1/BANK1/CD274/ASCL2/ARG2/FGL2/LILRB2/MNDA/HLA-DRB1/IL4I1/IDO1/SAMSN1/IL4R/INHBA/FGR,25,Nominal,B_higher,GO_BP,NA,NA,negative regulation of lymphocyte activation
GO:0045619,regulation of lymphocyte differentiation,29/1161,227/18860,0.1277533039647577,2.0753034563095007,4.174492199405625,1.5347554641351212e-4,0.00250240006774226,0.00193568323942587,IL18/ANXA1/FANCD2/HMGB3/CARD11/FANCA/DUSP10/STAT5A/IL2RG/MDK/VNN1/IRF1/TNFSF9/ASCL2/BATF/NFAM1/ADAM8/FGL2/LILRB2/NCKAP1L/HLA-DRB1/IL4I1/LEF1/SLAMF8/IL4R/INHBA/PCK1/GPR65/IRF4,29,Nominal,B_higher,GO_BP,NA,NA,regulation of lymphocyte differentiation
GO:0002828,regulation of type 2 immune response,9/1161,34/18860,0.2647058823529412,4.300045599635203,4.932663026741006,1.5882198135746772e-4,0.00258170199483202,0.00199702571343736,IL18/ANXA1/ECM1/ASCL2/ARG2/RSAD2/NOD2/IDO1/IL4R,9,Nominal,B_higher,GO_BP,NA,NA,regulation of type 2 immune response
GO:0046879,hormone secretion,38/1161,331/18860,0.1148036253776435,1.8649408911475935,4.066076180201485,1.6059738601767175e-4,0.00260265097097729,0.00201323038931244,LYN/CAMK2G/STX1A/NMU/PLA2G3/ANXA1/EDN3/C2CD2L/GAL/IL1RN/ADRA2A/RBP4/MCU/F2RL1/LIF/MYB/FFAR2/FOXD1/TBX3/JAK2/ABCA12/PCK2/CFTR/F2RL2/HNF4A/AGT/MLXIPL/NOS2/SPP1/HLA-DRB1/FAM3D/TNF/NR1H4/SLC16A2/VSNL1/CD38/INHBA/GCG,38,Nominal,B_higher,GO_BP,NA,NA,hormone secretion
GO:0030879,mammary gland development,21/1161,142/18860,0.14788732394366197,2.402372893692907,4.2961460294072795,1.6194740983353886e-4,0.00260871911984869,0.00201792428866774,TNFRSF11A/XDH/ATP2C2/ZNF703/AREG/VDR/EPHA2/TFAP2C/STAT5A/MSX2/BRCA2/OAS2/TBX3/ITGA2/IQGAP3/JAK2/PML/MSX1/HOXA9/HOXB9/LEF1,21,Nominal,B_higher,GO_BP,NA,NA,mammary gland development
GO:0061982,meiosis I cell cycle process,21/1161,142/18860,0.14788732394366197,2.402372893692907,4.2961460294072795,1.6194740983353886e-4,0.00260871911984869,0.00201792428866774,AURKA/RAD51AP1/FANCD2/TRIP13/RAD54L/CDC25B/ESPL1/CDC25A/RAD51/CKS2/TEX11/TOP2A/CDC20/MND1/CCNB2/PTTG1/ZWINT/BRCA2/FBXO5/CCNE2/BRIP1,21,Nominal,B_higher,GO_BP,NA,NA,meiosis I cell cycle process
GO:0032731,positive regulation of interleukin-1 beta production,13/1161,66/18860,0.19696969696969696,3.1996972307049822,4.5848627570925,1.6389426946804118e-4,0.0026321518111564,0.00203605019443465,PYDC1/MYD88/NOD1/LILRA2/CASP1/F2RL1/HSPB1/TMEM106A/JAK2/PYCARD/NOD2/TNF/CCL3,13,Nominal,B_higher,GO_BP,NA,NA,positive regulation of interleukin-1 beta production
GO:0050830,defense response to Gram-positive bacterium,20/1161,132/18860,0.15151515151515152,2.461305562080756,4.315025614471021,1.6447350871584535e-4,0.00263354588207287,0.00203712855106609,IL18/DMBT1/MYD88/EPHA2/NOD1/ZG16/PLA2G2A/PYCARD/HCK/CARD9/C5AR1/REG3G/KRT6A/MMP7/TNF/FGR/DEFA3/DEFA5/DEFB4A/DEFA6,20,Nominal,B_higher,GO_BP,NA,NA,defense response to Gram-positive bacterium
GO:0070365,hepatocyte differentiation,6/1161,15/18860,0.4,6.497846683893195,5.455584148219784,1.659719151227955e-4,0.00264171964903782,0.0020434512106284,ITGA2/CPS1/PCK2/E2F7/PCK1/CYP1A1,6,Nominal,B_higher,GO_BP,NA,NA,hepatocyte differentiation
GO:0090306,meiotic spindle assembly,6/1161,15/18860,0.4,6.497846683893195,5.455584148219784,1.659719151227955e-4,0.00264171964903782,0.0020434512106284,AURKA/SKA1/SKA3/CCNB2/ASPM/FBXO5,6,Nominal,B_higher,GO_BP,NA,NA,meiotic spindle assembly
GO:0071479,cellular response to ionizing radiation,14/1161,75/18860,0.18666666666666668,3.0323284524834913,4.516687095469227,1.697698032258282e-4,0.00267623856526254,0.00207015265155332,ECT2/RAD51AP1/CHEK2/RAD51/HUS1/FIGNL1/BRCA1/CDKN1A/CYBA/BRCA2/CCND2/BLM/LCN2/TNF,14,Nominal,B_higher,GO_BP,NA,NA,cellular response to ionizing radiation
GO:0002579,positive regulation of antigen processing and presentation,5/1161,10/18860,0.5,8.122308354866494,5.769871888802243,1.7014231716328828e-4,0.00267623856526254,0.00207015265155332,NOD1/PYCARD/NOD2/FAM3D/TREM2,5,Nominal,B_higher,GO_BP,NA,NA,positive regulation of antigen processing and presentation
GO:0009750,response to fructose,5/1161,10/18860,0.5,8.122308354866494,5.769871888802243,1.7014231716328828e-4,0.00267623856526254,0.00207015265155332,KHK/LCN2/CA1/TNF/SLC2A5,5,Nominal,B_higher,GO_BP,NA,NA,response to fructose
GO:1901523,icosanoid catabolic process,5/1161,10/18860,0.5,8.122308354866494,5.769871888802243,1.7014231716328828e-4,0.00267623856526254,0.00207015265155332,CYP4F3/CYP4F2/CYP4F12/DPEP2/DPEP1,5,Nominal,B_higher,GO_BP,NA,NA,icosanoid catabolic process
GO:0030098,lymphocyte differentiation,47/1161,441/18860,0.10657596371882086,1.7312856810826542,3.9799206749875737,1.7373589620612854e-4,0.00272474948067558,0.00210767733319983,BAK1/IL18/ANXA1/FANCD2/HMGB3/ENTPD7/RIPK3/EZH2/CARD11/FANCA/DUSP10/SOCS3/STAT5A/BCL11B/MYB/TNFSF13B/CDH17/IL2RG/ONECUT1/MDK/CLCF1/CCR6/VNN1/IRF1/TNFSF9/SRF/ASCL2/BATF/JAK2/RSAD2/NFAM1/TNFRSF9/ADAM8/FGL2/LILRB2/LY6D/PIK3R3/NCKAP1L/HLA-DRB1/IL4I1/LEF1/SLAMF8/IL4R/INHBA/PCK1/GPR65/IRF4,47,Nominal,B_higher,GO_BP,NA,NA,lymphocyte differentiation
GO:0051383,kinetochore organization,7/1161,21/18860,0.3333333333333333,5.414872236577662,5.184417163354696,1.78010840578719e-4,0.00278363150706137,0.00215322438742494,CENPA/CENPK/CENPW/NUF2/CENPE/DLGAP5/CENPF,7,Nominal,B_higher,GO_BP,NA,NA,kinetochore organization
GO:0032370,positive regulation of lipid transport,15/1161,85/18860,0.17647058823529413,2.8666970664234688,4.417681591481386,1.9370297067614143e-4,0.00302018509380759,0.00233620584550325,ANXA2/TNFRSF11A/LIPG/PLA2G3/XRCC4/GAL/CYP4F2/ACSL5/LRP1/PLA2G4A/MYB/ABCA12/SPP1/PLA2R1/TREM2,15,Nominal,B_higher,GO_BP,NA,NA,positive regulation of lipid transport
GO:0006310,DNA recombination,40/1161,358/18860,0.111731843575419,1.815040973154524,3.987610145991886,1.9493453635704768e-4,0.00303055203615549,0.00234422499352263,GINS4/RAD51AP1/XRCC4/FANCD2/TONSL/TRIP13/HMGB3/RAD54L/POLQ/RAD51/CHEK1/HUS1/RUVBL1/TEX11/CDC45/FEN1/TOP2A/GINS2/SKP2/FIGNL1/KPNA2/BRCA1/BCL11B/MND1/MCM4/TEP1/BRCA2/PIF1/CLCF1/CCR6/GEN1/BATF/BRIP1/BLM/UHRF1/ATAD5/TFRC/HELLS/GFI1/LEF1,40,Nominal,B_higher,GO_BP,NA,NA,DNA recombination
GO:0050818,regulation of coagulation,14/1161,76/18860,0.18421052631578944,2.992429393898182,4.457555631741497,1.964892011306373e-4,0.00304586738448303,0.00235607188541084,F12/ANXA2/CEACAM1/CD9/EPHB2/F3/TFPI/HPSE/F2RL1/PLAUR/EMILIN2/PROCR/PF4/SERPINE2,14,Nominal,B_higher,GO_BP,NA,NA,regulation of coagulation
GO:0046634,regulation of alpha-beta T cell activation,19/1161,124/18860,0.1532258064516129,2.489094495846184,4.260845016985457,2.0442108524132093e-4,0.00315966463546411,0.00244409755095342,CD55/IL18/ANXA1/LGALS3/CARD11/STAT5A/IL2RG/IRF1/CD274/ASCL2/BATF/JAK2/ARG2/NCKAP1L/HLA-DRB1/IL4R/GPR65/HLA-DRB3/IRF4,19,Nominal,B_higher,GO_BP,NA,NA,regulation of alpha-beta T cell activation
GO:0022408,negative regulation of cell-cell adhesion,28/1161,220/18860,0.12727272727272726,2.0674966721478345,4.079021474443904,2.1084897141901987e-4,0.00324962622233117,0.00251368559889806,CEACAM1/CD9/EPCAM/ANXA1/LGALS3/ZNF703/IL20RB/IL1RN/STAT5A/SOCS6/MDK/PLA2G2A/IRF1/CD274/ASCL2/JAK2/ABCA12/ARG2/ASS1/FGL2/LILRB2/CDSN/HLA-DRB1/IL4I1/IDO1/CCL25/IL4R/SERPINE2,28,Nominal,B_higher,GO_BP,NA,NA,negative regulation of cell-cell adhesion
GO:0014002,astrocyte development,10/1161,43/18860,0.23255813953488372,3.777817839472787,4.670505345818268,2.227583669962177e-4,0.00340702244196548,0.00263543640454362,LRP1/LDLR/S100A9/LAMC3/C5AR1/FPR2/TTBK1/S100A8/TNF/TREM2,10,Nominal,B_higher,GO_BP,NA,NA,astrocyte development
GO:0002269,leukocyte activation involved in inflammatory response,11/1161,51/18860,0.21568627450980393,3.503740858962017,4.585563238021475,2.234294159602374e-4,0.00340702244196548,0.00263543640454362,MYD88/CTSC/LDLR/JAK2/C5AR1/FPR2/TLR1/TTBK1/TNF/TREM2/CCL3,11,Nominal,B_higher,GO_BP,NA,NA,leukocyte activation involved in inflammatory response
GO:0032467,positive regulation of cytokinesis,11/1161,51/18860,0.21568627450980393,3.503740858962017,4.585563238021475,2.234294159602374e-4,0.00340702244196548,0.00263543640454362,ECT2/CDC25B/CDCA8/BIRC5/KIF23/SVIL/KIF20B/INCENP/RACGAP1/CDC6/KIF14,11,Nominal,B_higher,GO_BP,NA,NA,positive regulation of cytokinesis
GO:0006805,xenobiotic metabolic process,20/1161,135/18860,0.14814814814814814,2.4066098829234055,4.200787481087564,2.24179388366034e-4,0.00340702244196548,0.00263543640454362,NAT1/NR1I2/TPMT/CES2/NAT2/CYP4F2/CES3/SULT1A4/UGT2B7/CBR3/SLCO2B1/CYP4F12/CYP2J2/HNF4A/S100A12/UGT1A8/SULT1C3/CYP2D6/CYP3A4/CYP1A1,20,Nominal,B_higher,GO_BP,NA,NA,xenobiotic metabolic process
GO:0030888,regulation of B cell proliferation,13/1161,68/18860,0.19117647058823528,3.105588488625424,4.454946855781664,2.2424680246294895e-4,0.00340702244196548,0.00263543640454362,LYN/EPHB2/CARD11/BST1/CDKN1A/TNFSF13B/SLC39A10/CLCF1/ATAD5/TFRC/MNDA/NCKAP1L/CD38,13,Nominal,B_higher,GO_BP,NA,NA,regulation of B cell proliferation
GO:0030856,regulation of epithelial cell differentiation,24/1161,177/18860,0.13559322033898305,2.2026598928451513,4.1172499204383,2.2497332561264785e-4,0.00340837774894175,0.00263648477607784,CEACAM1/XDH/SFN/VDR/EZH2/CYP27B1/MAFF/STAT5A/LIF/PROM1/MSX2/TBX3/ABCA12/SULT2B1/STAT1/HES5/ETV4/MSX1/PAX6/REG3G/TNF/LEF1/REG3A/MMP9,24,Nominal,B_higher,GO_BP,NA,NA,regulation of epithelial cell differentiation
GO:0032732,positive regulation of interleukin-1 production,14/1161,77/18860,0.18181818181818185,2.953566674496907,4.399387301855223,2.2675389920564717e-4,0.00341599958577972,0.00264238050075075,PYDC1/MYD88/NOD1/LILRA2/CASP1/F2RL1/SAA1/HSPB1/TMEM106A/JAK2/PYCARD/NOD2/TNF/CCL3,14,Nominal,B_higher,GO_BP,NA,NA,positive regulation of interleukin-1 production
GO:0045685,regulation of glial cell differentiation,14/1161,77/18860,0.18181818181818185,2.953566674496907,4.399387301855223,2.2675389920564717e-4,0.00341599958577972,0.00264238050075075,GPR37L1/TNFRSF1B/WDR1/ZNF488/CLCN2/DUSP10/LDLR/LIF/MDK/CLCF1/HES5/TTBK1/TREM2/SERPINE2,14,Nominal,B_higher,GO_BP,NA,NA,regulation of glial cell differentiation
GO:0150078,positive regulation of neuroinflammatory response,7/1161,22/18860,0.3181818181818182,5.168741680369587,5.010718490861207,2.472776416057336e-4,0.00371472142502096,0.00287345100978868,IL18/CTSC/TTBK1/CCR1/TNF/TREM2/CCL3,7,Nominal,B_higher,GO_BP,NA,NA,positive regulation of neuroinflammatory response
GO:0042113,B cell activation,34/1161,291/18860,0.1168384879725086,1.89799645405815,3.953920507008012,2.502482270932388e-4,0.00372962081265555,0.00288497614331699,BAK1/LYN/HMGB3/EPHB2/EZH2/CARD11/BST1/STAT5A/MYB/CDKN1A/TNFSF13B/SLC39A10/CDH17/IL2RG/ONECUT1/CLCF1/CCR6/BANK1/BATF/ATAD5/NOD2/TFRC/NFAM1/BST2/MNDA/PIK3R3/NCKAP1L/IL4I1/LEF1/SLAMF8/SAMSN1/FCRL5/CD38/INHBA,34,Nominal,B_higher,GO_BP,NA,NA,B cell activation
GO:0009111,vitamin catabolic process,6/1161,16/18860,0.375,6.09173126614987,5.218431574156242,2.5175637871515587e-4,0.00372962081265555,0.00288497614331699,CYP4F3/CYP4F2/CYP27B1/CBR3/CYP4F12/CYP3A4,6,Nominal,B_higher,GO_BP,NA,NA,vitamin catabolic process
GO:0034374,low-density lipoprotein particle remodeling,6/1161,16/18860,0.375,6.09173126614987,5.218431574156242,2.5175637871515587e-4,0.00372962081265555,0.00288497614331699,PLA2G3/PLA2G2A/PLA2G7/AGT/MTTP/APOB,6,Nominal,B_higher,GO_BP,NA,NA,low-density lipoprotein particle remodeling
GO:0034638,phosphatidylcholine catabolic process,6/1161,16/18860,0.375,6.09173126614987,5.218431574156242,2.5175637871515587e-4,0.00372962081265555,0.00288497614331699,SCARB1/GDPD3/PLA2G4A/LDLR/PLA2G7/PLB1,6,Nominal,B_higher,GO_BP,NA,NA,phosphatidylcholine catabolic process
GO:0043650,dicarboxylic acid biosynthetic process,6/1161,16/18860,0.375,6.09173126614987,5.218431574156242,2.5175637871515587e-4,0.00372962081265555,0.00288497614331699,KYNU/MTHFD1L/FOLH1B/FOLH1/IDO1/ACMSD,6,Nominal,B_higher,GO_BP,NA,NA,dicarboxylic acid biosynthetic process
GO:0032611,interleukin-1 beta production,18/1161,116/18860,0.15517241379310345,2.52071638599305,4.207723154840422,2.5338958976902205e-4,0.00373313368067418,0.002887693454523,PYDC1/MYD88/NOD1/GLTPD2/LILRA2/CASP1/F2RL1/HSPB1/TMEM106A/JAK2/ARG2/PYCARD/PML/NOD2/TNF/TREM2/CCL3/NLRP7,18,Nominal,B_higher,GO_BP,NA,NA,interleukin-1 beta production
GO:0032651,regulation of interleukin-1 beta production,18/1161,116/18860,0.15517241379310345,2.52071638599305,4.207723154840422,2.5338958976902205e-4,0.00373313368067418,0.002887693454523,PYDC1/MYD88/NOD1/GLTPD2/LILRA2/CASP1/F2RL1/HSPB1/TMEM106A/JAK2/ARG2/PYCARD/PML/NOD2/TNF/TREM2/CCL3/NLRP7,18,Nominal,B_higher,GO_BP,NA,NA,regulation of interleukin-1 beta production
GO:0045577,regulation of B cell differentiation,9/1161,36/18860,0.25,4.061154177433247,4.7084891341267205,2.5503061482450224e-4,0.00374698826395999,0.00289841039982733,HMGB3/CARD11/STAT5A/IL2RG/NFAM1/NCKAP1L/IL4I1/SLAMF8/INHBA,9,Nominal,B_higher,GO_BP,NA,NA,regulation of B cell differentiation
GO:0002695,negative regulation of leukocyte activation,27/1161,212/18860,0.12735849056603774,2.0688898639754276,4.008536426492095,2.683016966825019e-4,0.00391505986981574,0.00302841894429316,LYN/ANXA1/HMGB3/LGALS3/GAL/IL20RB/LDLR/STAT5A/SOCS6/MDK/PLA2G2A/IRF1/BANK1/CD274/ASCL2/ARG2/MILR1/FGL2/LILRB2/MNDA/HLA-DRB1/IL4I1/IDO1/SAMSN1/IL4R/INHBA/FGR,27,Nominal,B_higher,GO_BP,NA,NA,negative regulation of leukocyte activation
GO:0045132,meiotic chromosome segregation,16/1161,97/18860,0.16494845360824742,2.6795244057291527,4.2473898262188765,2.6993859683542587e-4,0.00391505986981574,0.00302841894429316,AURKA/FANCD2/TRIP13/SKA1/ESPL1/SKA3/NUF2/TEX11/MND1/CCNB2/PTTG1/ASPM/ZWINT/FBXO5/CCNE2/BRIP1,16,Nominal,B_higher,GO_BP,NA,NA,meiotic chromosome segregation
GO:0070374,positive regulation of ERK1 and ERK2 cascade,26/1161,201/18860,0.12935323383084577,2.101293703746556,4.020296447627283,2.701303462905776e-4,0.00391505986981574,0.00302841894429316,TNFRSF11A/HTR2B/NOD1/F2RL1/MFHAS1/ARHGAP8/PLA2G2A/NPSR1/SEMA7A/CHI3L1/PYCARD/NPNT/NOD2/P2RY6/CARD9/SLC30A10/C5AR1/FPR2/CCR1/HLA-DRB1/TNF/TREM2/ICAM1/CCL3/INHBA/GCG,26,Nominal,B_higher,GO_BP,NA,NA,positive regulation of ERK1 and ERK2 cascade
GO:0071706,tumor necrosis factor superfamily cytokine production,26/1161,201/18860,0.12935323383084577,2.101293703746556,4.020296447627283,2.701303462905776e-4,0.00391505986981574,0.00302841894429316,OAS3/OAS1/EPHB2/MYD88/NOD1/LILRA2/CYBA/HSPB1/OAS2/TMEM106A/LILRA4/CD274/JAK2/ARG2/PYCARD/NOD2/CARD9/TLR1/CLEC4A/ADAM8/FCGR2C/FCGR3A/NR1H4/TREM2/PF4/CCL3,26,Nominal,B_higher,GO_BP,NA,NA,tumor necrosis factor superfamily cytokine production
GO:1903555,regulation of tumor necrosis factor superfamily cytokine production,26/1161,201/18860,0.12935323383084577,2.101293703746556,4.020296447627283,2.701303462905776e-4,0.00391505986981574,0.00302841894429316,OAS3/OAS1/EPHB2/MYD88/NOD1/LILRA2/CYBA/HSPB1/OAS2/TMEM106A/LILRA4/CD274/JAK2/ARG2/PYCARD/NOD2/CARD9/TLR1/CLEC4A/ADAM8/FCGR2C/FCGR3A/NR1H4/TREM2/PF4/CCL3,26,Nominal,B_higher,GO_BP,NA,NA,regulation of tumor necrosis factor superfamily cytokine production
GO:0002285,lymphocyte activation involved in immune response,29/1161,235/18860,0.12340425531914892,2.004654828009603,3.969206935786727,2.790260030870531e-4,0.00403305693110691,0.00311969329198326,CEACAM1/IL18/ANXA1/ENTPD7/LGALS3/SOCS3/STAT5A/F2RL1/MYB/CDH17/MDK/CLCF1/CCR6/ASCL2/BATF/JAK2/ATAD5/TFRC/FGL2/FCGR3A/NCKAP1L/HLA-DRB1/LEF1/TREM2/ICAM1/IL4R/PCK1/GPR65/IRF4,29,Nominal,B_higher,GO_BP,NA,NA,lymphocyte activation involved in immune response
GO:0016125,sterol metabolic process,23/1161,169/18860,0.13609467455621302,2.2108058244015307,4.0495117221439765,2.852587789673747e-4,0.00411203221002026,0.00318078309360698,SCARB1/PCSK9/STARD4/MVD/APOBR/MSMO1/LDLR/ACAA2/NPC1L1/SQLE/SULT2B1/APOL1/CFTR/APOL2/AGT/NR1H4/APOA4/SULT1C3/CYP2D6/APOB/PCK1/CYP3A4/CH25H,23,Nominal,B_higher,GO_BP,NA,NA,sterol metabolic process
GO:0009743,response to carbohydrate,30/1161,247/18860,0.1214574898785425,1.973030369603197,3.942464204519846,2.914717154467909e-4,0.0041894415970399,0.00324066162980097,LYN/MAP2K3/C2CD2L/ADRA2A/RASAL2/PNPLA3/CYBA/ITGA2/SRF/ABCA12/PCK2/KHK/SESN2/CFTR/HNF4A/MLXIPL/CDT1/LCN2/CA1/NPTX1/HLA-DRB1/TNF/SLC2A5/NR1H4/TREM2/VSNL1/ICAM1/PCK1/REG3A/GCG,30,Nominal,B_higher,GO_BP,NA,NA,response to carbohydrate
GO:0002429,immune response-activating cell surface receptor signaling pathway,39/1161,353/18860,0.11048158640226628,1.794731024588064,3.8604735654853983,2.930751756134704e-4,0.0041894415970399,0.00324066162980097,IRAK2/CEACAM1/LYN/OAS1/S100A14/LGALS3/TRAF3/HHLA2/MYD88/MICB/CARD11/GBP1/IFI35/LILRA2/PIK3AP1/F2RL1/MFHAS1/SLC39A10/CYBA/FFAR2/BANK1/HCK/NOS2/NFAM1/C5AR1/FPR2/TLR1/BTNL8/MNDA/NCKAP1L/BTNL3/HLA-DRB1/FPR1/TREM2/CD38/FGR/FCN1/BPIFB1/HLA-DRB3,39,Nominal,B_higher,GO_BP,NA,NA,immune response-activating cell surface receptor signaling pathway
GO:0031055,chromatin remodeling at centromere,5/1161,11/18860,0.4545454545454546,7.383916686242267,5.424259664469512,2.9611236418868405e-4,0.0041894415970399,0.00324066162980097,CENPA/CENPW/CENPI/OIP5/HJURP,5,Nominal,B_higher,GO_BP,NA,NA,chromatin remodeling at centromere
GO:0034080,CENP-A containing chromatin assembly,5/1161,11/18860,0.4545454545454546,7.383916686242267,5.424259664469512,2.9611236418868405e-4,0.0041894415970399,0.00324066162980097,CENPA/CENPW/CENPI/OIP5/HJURP,5,Nominal,B_higher,GO_BP,NA,NA,CENP-A containing chromatin assembly
GO:0042368,vitamin D biosynthetic process,5/1161,11/18860,0.4545454545454546,7.383916686242267,5.424259664469512,2.9611236418868405e-4,0.0041894415970399,0.00324066162980097,CYP27B1/SNAI1/GFI1/TNF/CYP3A4,5,Nominal,B_higher,GO_BP,NA,NA,vitamin D biosynthetic process
GO:0070508,cholesterol import,5/1161,11/18860,0.4545454545454546,7.383916686242267,5.424259664469512,2.9611236418868405e-4,0.0041894415970399,0.00324066162980097,STARD5/SCARB1/STARD4/LDLR/APOC3,5,Nominal,B_higher,GO_BP,NA,NA,cholesterol import
GO:0090267,positive regulation of mitotic cell cycle spindle assembly checkpoint,5/1161,11/18860,0.4545454545454546,7.383916686242267,5.424259664469512,2.9611236418868405e-4,0.0041894415970399,0.00324066162980097,MAD2L1/CDCA8/BIRC5/INCENP/GEN1,5,Nominal,B_higher,GO_BP,NA,NA,positive regulation of mitotic cell cycle spindle assembly checkpoint
GO:0002460,adaptive immune response based on somatic recombination of immune receptors built from immunoglobulin superfamily domains,43/1161,402/18860,0.10696517412935325,1.7376082550211904,3.8286666006668657,2.981696129103367e-4,0.00420741712360021,0.00325456625118073,CEACAM1/CD55/TNFRSF1B/IL18/CFI/ANXA1/EPHB2/ENTPD7/MYD88/RIPK3/IL20RB/PLA2G4A/CTSC/SOCS3/STAT5A/IL13RA2/TNFSF13B/CLCF1/CCR6/C2/CD274/ASCL2/BATF/JAK2/RSAD2/ATAD5/CARD9/TFRC/ULBP2/FCGR2C/FCGR3A/C8G/C4BPA/NCKAP1L/HLA-DRB1/IL4I1/TNF/LEF1/TREM2/ICAM1/IL4R/HLA-DRB3/IRF4,43,Nominal,B_higher,GO_BP,NA,NA,adaptive immune response based on somatic recombination of immune receptors built from immunoglobulin superfamily domains
GO:0140374,antiviral innate immune response,14/1161,79/18860,0.17721518987341772,2.8787928346362257,4.285822297623933,2.994635310003475e-4,0.00421455516786804,0.0032600877474553,OAS3/OAS1/TRAF3/USP18/TRIM7/IFIT3/OAS2/ZBP1/IFIT2/IFIT1/CXCL10/MX1/TRIM31/TNF,14,Nominal,B_higher,GO_BP,NA,NA,antiviral innate immune response
GO:0030193,regulation of blood coagulation,13/1161,70/18860,0.18571428571428572,3.0168573889504127,4.329740779113633,3.026832470584353e-4,0.00424868767787011,0.00328649029130998,F12/ANXA2/CEACAM1/CD9/EPHB2/F3/TFPI/HPSE/F2RL1/PLAUR/EMILIN2/PF4/SERPINE2,13,Nominal,B_higher,GO_BP,NA,NA,regulation of blood coagulation
GO:0002534,cytokine production involved in inflammatory response,16/1161,98/18860,0.16326530612244897,2.652182319956406,4.199837799517344,3.0449869463200355e-4,0.00425185122426097,0.00328893739151786,PLA2G3/EPHB2/MYD88/EZH2/HMOX1/ADCY7/JAK2/PYCARD/NOD2/CARD9/NOS2/CCR1/TNF/TREM2/REG3A/NLRP7,16,Nominal,B_higher,GO_BP,NA,NA,cytokine production involved in inflammatory response
GO:1900015,regulation of cytokine production involved in inflammatory response,16/1161,98/18860,0.16326530612244897,2.652182319956406,4.199837799517344,3.0449869463200355e-4,0.00425185122426097,0.00328893739151786,PLA2G3/EPHB2/MYD88/EZH2/HMOX1/ADCY7/JAK2/PYCARD/NOD2/CARD9/NOS2/CCR1/TNF/TREM2/REG3A/NLRP7,16,Nominal,B_higher,GO_BP,NA,NA,regulation of cytokine production involved in inflammatory response
GO:0050920,regulation of chemotaxis,27/1161,214/18860,0.1261682242990654,2.0495544446859375,3.954759649261185,3.1248842134568434e-4,0.00432621632043084,0.00334646107532441,LYN/S100A14/EDN3/F3/NEDD9/MCU/BST1/F2RL1/HSPB1/MDK/CCR6/PADI2/ITGA2/PLA2G7/DPP4/CXCL10/C5AR1/FPR2/RIN3/NCKAP1L/CCR1/SLAMF8/CCL26/TREM2/TNFAIP6/CCL3/SCG2,27,Nominal,B_higher,GO_BP,NA,NA,regulation of chemotaxis
GO:0016054,organic acid catabolic process,30/1161,248/18860,0.12096774193548387,1.9650746019838297,3.918242223778059,3.1253804417809706e-4,0.00432621632043084,0.00334646107532441,LDHA/ACOT7/MFSD2A/SLC16A3/SLC27A2/CYP4F3/SLC27A4/CYP4F2/ABHD3/OTC/ACAA2/KYNU/ACOX2/ARHGAP11B/CYP4F12/PCK2/SESN2/TDO2/SDS/NOS2/DDO/DPEP2/CRYM/IL4I1/AGXT/IDO1/LDHC/ACMSD/PCK1/DPEP1,30,Nominal,B_higher,GO_BP,NA,NA,organic acid catabolic process
GO:0046395,carboxylic acid catabolic process,30/1161,248/18860,0.12096774193548387,1.9650746019838297,3.918242223778059,3.1253804417809706e-4,0.00432621632043084,0.00334646107532441,LDHA/ACOT7/MFSD2A/SLC16A3/SLC27A2/CYP4F3/SLC27A4/CYP4F2/ABHD3/OTC/ACAA2/KYNU/ACOX2/ARHGAP11B/CYP4F12/PCK2/SESN2/TDO2/SDS/NOS2/DDO/DPEP2/CRYM/IL4I1/AGXT/IDO1/LDHC/ACMSD/PCK1/DPEP1,30,Nominal,B_higher,GO_BP,NA,NA,carboxylic acid catabolic process
GO:0002220,innate immune response activating cell surface receptor signaling pathway,17/1161,108/18860,0.1574074074074074,2.5570230006061188,4.156082732137617,3.1306015632137933e-4,0.00432621632043084,0.00334646107532441,IRAK2/LYN/OAS1/S100A14/TRAF3/MYD88/IFI35/LILRA2/PIK3AP1/F2RL1/MFHAS1/CYBA/FFAR2/TLR1/TREM2/FCN1/BPIFB1,17,Nominal,B_higher,GO_BP,NA,NA,innate immune response activating cell surface receptor signaling pathway
GO:0008217,regulation of blood pressure,26/1161,203/18860,0.12807881773399016,2.0805913027244225,3.96451126691984,3.1605776047627924e-4,0.0043563837706885,0.00336979652379755,GPR37L1/GCH1/PCSK5/NMU/PREP/EXT1/EDN3/PLCB3/CYP4F2/KCNK6/F2RL1/CTSZ/EMILIN2/CYBA/ACE2/CYP4F12/ANPEP/KLK1/HSD11B2/AGT/NOS2/BDKRB1/MME/TNF/SLC2A5/UTS2,26,Nominal,B_higher,GO_BP,NA,NA,regulation of blood pressure
GO:0006270,DNA replication initiation,9/1161,37/18860,0.24324324324324328,3.951393253718835,4.602402497066111,3.18776510128619e-4,0.00438256240660116,0.00339004650197665,ORC6/CDC45/ORC1/MCM10/MCM4/CDC6/POLA2/CCNE2/CDT1,9,Nominal,B_higher,GO_BP,NA,NA,DNA replication initiation
GO:0046883,regulation of hormone secretion,32/1161,272/18860,0.1176470588235294,1.9111313776156456,3.8765929246546498,3.3190187465931726e-4,0.00455131083507186,0.00352057858950368,STX1A/NMU/PLA2G3/ANXA1/EDN3/C2CD2L/GAL/ADRA2A/RBP4/MCU/F2RL1/LIF/MYB/FFAR2/JAK2/ABCA12/PCK2/CFTR/F2RL2/HNF4A/AGT/MLXIPL/NOS2/SPP1/HLA-DRB1/FAM3D/TNF/NR1H4/VSNL1/CD38/INHBA/GCG,32,Nominal,B_higher,GO_BP,NA,NA,regulation of hormone secretion
GO:0000212,meiotic spindle organization,7/1161,23/18860,0.30434782608695654,4.9440137812230835,4.8472737632818115,3.3668505748705855e-4,0.00458165823776282,0.00354405323670587,AURKA/SKA1/ESPL1/SKA3/CCNB2/ASPM/FBXO5,7,Nominal,B_higher,GO_BP,NA,NA,meiotic spindle organization
GO:0001991,regulation of systemic arterial blood pressure by circulatory renin-angiotensin,7/1161,23/18860,0.30434782608695654,4.9440137812230835,4.8472737632818115,3.3668505748705855e-4,0.00458165823776282,0.00354405323670587,PCSK5/PREP/F2RL1/CTSZ/ACE2/ANPEP/MME,7,Nominal,B_higher,GO_BP,NA,NA,regulation of systemic arterial blood pressure by circulatory renin-angiotensin
GO:0006525,arginine metabolic process,7/1161,23/18860,0.30434782608695654,4.9440137812230835,4.8472737632818115,3.3668505748705855e-4,0.00458165823776282,0.00354405323670587,AGMAT/SLC7A7/OTC/ARG2/ASS1/NOS2/NAGS,7,Nominal,B_higher,GO_BP,NA,NA,arginine metabolic process
GO:0022612,gland morphogenesis,19/1161,129/18860,0.14728682170542637,2.3926179649994324,4.064877312086036,3.435512335358938e-4,0.00466322841865472,0.00360715027463548,CEACAM1/SERPINB5/RPS6KA1/AREG/VDR/CRIP1/EPHA2/EDAR/TFAP2C/STAT5A/TGM2/MSX2/MDK/TBX3/HOXA13/HOXB13/PML/PAX6/TNF,19,Nominal,B_higher,GO_BP,NA,NA,gland morphogenesis
GO:0008209,androgen metabolic process,8/1161,30/18860,0.26666666666666666,4.33189778926213,4.677655278699316,3.4826036834867267e-4,0.00470253709653345,0.00363755674317531,HSD17B11/DHRS9/AKR1C4/UGT2B7/HSD17B2/SPP1/INHBA/CYP3A4,8,Nominal,B_higher,GO_BP,NA,NA,androgen metabolic process
GO:0010562,positive regulation of phosphorus metabolic process,36/1161,320/18860,0.1125,1.8275193798449612,3.823837017345412,3.493587064499904e-4,0.00470253709653345,0.00363755674317531,LYN/IL18/HTR2B/MAP2K3/ECT2/RIPK3/AREG/CARD14/NEDD9/EZH2/PARP9/CENPE/TPX2/LIF/CDKN1A/KIF14/CLSPN/MMD/GPD1/PLAUR/PARP14/BANK1/JAK2/CHI3L1/APOC2/P2RY6/MLXIPL/CHP2/S100A12/EREG/TNFRSF18/HLA-DRB1/TNF/NR1H4/TREM2/MMP9,36,Nominal,B_higher,GO_BP,NA,NA,positive regulation of phosphorus metabolic process
GO:0045937,positive regulation of phosphate metabolic process,36/1161,320/18860,0.1125,1.8275193798449612,3.823837017345412,3.493587064499904e-4,0.00470253709653345,0.00363755674317531,LYN/IL18/HTR2B/MAP2K3/ECT2/RIPK3/AREG/CARD14/NEDD9/EZH2/PARP9/CENPE/TPX2/LIF/CDKN1A/KIF14/CLSPN/MMD/GPD1/PLAUR/PARP14/BANK1/JAK2/CHI3L1/APOC2/P2RY6/MLXIPL/CHP2/S100A12/EREG/TNFRSF18/HLA-DRB1/TNF/NR1H4/TREM2/MMP9,36,Nominal,B_higher,GO_BP,NA,NA,positive regulation of phosphate metabolic process
GO:0045682,regulation of epidermis development,13/1161,71/18860,0.18309859154929575,2.974366439810266,4.268803627431526,3.4996442865002175e-4,0.00470253709653345,0.00363755674317531,SFN/VDR/EZH2/CYP27B1/TFAP2C/MAFF/MSX2/ABCA12/SULT2B1/HES5/ETV4/REG3G/REG3A,13,Nominal,B_higher,GO_BP,NA,NA,regulation of epidermis development
GO:0033623,regulation of integrin activation,6/1161,17/18860,0.35294117647058826,5.7333941328469376,5.00061224781561,3.6888583406995286e-4,0.00490746627016444,0.00379607574730273,FERMT1/FBLIM1/KIF14/CDH17/SELP/PLEK,6,Nominal,B_higher,GO_BP,NA,NA,regulation of integrin activation
GO:0044771,meiotic cell cycle phase transition,6/1161,17/18860,0.35294117647058826,5.7333941328469376,5.00061224781561,3.6888583406995286e-4,0.00490746627016444,0.00379607574730273,CDC25B/CDC25A/CDC20/CCNB2/ZWINT/OVOL1,6,Nominal,B_higher,GO_BP,NA,NA,meiotic cell cycle phase transition
GO:0051382,kinetochore assembly,6/1161,17/18860,0.35294117647058826,5.7333941328469376,5.00061224781561,3.6888583406995286e-4,0.00490746627016444,0.00379607574730273,CENPA/CENPK/CENPW/CENPE/DLGAP5/CENPF,6,Nominal,B_higher,GO_BP,NA,NA,kinetochore assembly
GO:1902969,mitotic DNA replication,6/1161,17/18860,0.35294117647058826,5.7333941328469376,5.00061224781561,3.6888583406995286e-4,0.00490746627016444,0.00379607574730273,RAD51/GINS1/CDC45/MCM4/BRCA2/TK1,6,Nominal,B_higher,GO_BP,NA,NA,mitotic DNA replication
GO:0045580,regulation of T cell differentiation,25/1161,194/18860,0.12886597938144329,2.0933784419759003,3.920548370531071,3.7199510405012867e-4,0.00493655041305232,0.00381857322428367,IL18/ANXA1/FANCD2/CARD11/FANCA/DUSP10/STAT5A/IL2RG/MDK/VNN1/IRF1/TNFSF9/ASCL2/BATF/ADAM8/FGL2/LILRB2/NCKAP1L/HLA-DRB1/IL4I1/LEF1/IL4R/PCK1/GPR65/IRF4,25,Nominal,B_higher,GO_BP,NA,NA,regulation of T cell differentiation
GO:0019751,polyol metabolic process,17/1161,110/18860,0.15454545454545454,2.510531673322371,4.069364744330583,3.907244299283948e-4,0.00516101494424094,0.00399220342693125,DHFR/PTAFR/GCH1/INPP4A/ITPK1/ACER3/CYP27B1/PLA2G4A/GK5/GK/MOGAT3/PCK2/MOGAT2/P2RY6/PCK1/CYP3A4/PLEK,17,Nominal,B_higher,GO_BP,NA,NA,polyol metabolic process
GO:0044703,multi-organism reproductive process,27/1161,217/18860,0.12442396313364056,2.021219590611939,3.8751826777776097,3.9083976298010176e-4,0.00516101494424094,0.00399220342693125,CLDN4/PCSK5/TIMP1/VDR/TLE6/A1CF/SEMG1/TEAD4/CYP27B1/ADRA2A/MAFF/STAT5A/LIF/ADCY7/ACE2/ITGA2/HSD11B2/APOL2/DDO/SPP1/RGS2/IDO1/CD38/SERPINE2/FOSB/MMP9/CYP1A1,27,Nominal,B_higher,GO_BP,NA,NA,multi-organism reproductive process
GO:0046631,alpha-beta T cell activation,26/1161,206/18860,0.1262135922330097,2.0502914293837753,3.882026726371038,3.9787802724847784e-4,0.00524101401410063,0.00405408516226735,CD55/IL18/ANXA1/ENTPD7/LGALS3/CARD11/SOCS3/STAT5A/BCL11B/MYB/IL2RG/IRF1/CD274/ASCL2/BATF/JAK2/ARG2/RSAD2/CLEC4A/NCKAP1L/HLA-DRB1/LEF1/IL4R/GPR65/HLA-DRB3/IRF4,26,Nominal,B_higher,GO_BP,NA,NA,alpha-beta T cell activation
GO:0140448,signaling receptor ligand precursor processing,10/1161,46/18860,0.21739130434782608,3.531438415159345,4.402575250467481,4.0026145206988994e-4,0.00524892142471503,0.00406020178701926,PCSK5/PREP/CASP1/CTSZ/ACE2/PLA2G7/MEP1A/DPP4/ANPEP/MME,10,Nominal,B_higher,GO_BP,NA,NA,signaling receptor ligand precursor processing
GO:0045604,regulation of epidermal cell differentiation,12/1161,63/18860,0.1904761904761905,3.0942127066158074,4.264301173177166,4.01224654746222e-4,0.00524892142471503,0.00406020178701926,SFN/VDR/EZH2/CYP27B1/MAFF/MSX2/ABCA12/SULT2B1/HES5/ETV4/REG3G/REG3A,12,Nominal,B_higher,GO_BP,NA,NA,regulation of epidermal cell differentiation
GO:0022617,extracellular matrix disassembly,13/1161,72/18860,0.18055555555555555,2.933055794812901,4.208927427061552,4.033856966263799e-4,0.00524892142471503,0.00406020178701926,NOXO1/MMP12/CTSS/LRP1/PRSS2/SH3PXD2B/DPP4/KLK7/MMP3/ADAM8/PDPN/MMP7/MMP9,13,Nominal,B_higher,GO_BP,NA,NA,extracellular matrix disassembly
GO:0034142,toll-like receptor 4 signaling pathway,13/1161,72/18860,0.18055555555555555,2.933055794812901,4.208927427061552,4.033856966263799e-4,0.00524892142471503,0.00406020178701926,IRAK2/LYN/OAS1/S100A14/TRAF3/MYD88/IFI35/LILRA2/PIK3AP1/F2RL1/MFHAS1/TREM2/BPIFB1,13,Nominal,B_higher,GO_BP,NA,NA,toll-like receptor 4 signaling pathway
GO:1900046,regulation of hemostasis,13/1161,72/18860,0.18055555555555555,2.933055794812901,4.208927427061552,4.033856966263799e-4,0.00524892142471503,0.00406020178701926,F12/ANXA2/CEACAM1/CD9/EPHB2/F3/TFPI/HPSE/F2RL1/PLAUR/EMILIN2/PF4/SERPINE2,13,Nominal,B_higher,GO_BP,NA,NA,regulation of hemostasis
GO:0097193,intrinsic apoptotic signaling pathway,37/1161,335/18860,0.11044776119402984,1.7941815470451363,3.756333665912976,4.16476208114748e-4,0.0054061037888293,0.00418178716885784,BAK1/NACC2/TNFRSF1B/MELK/CHEK2/SFN/E2F2/RIPK3/CRIP1/EPHA2/APAF1/FIGNL1/BRCA1/CDKN1A/PLAUR/BRCA2/RNF186/HSPB1/VNN1/E2F1/JAK2/IKBKE/CIDEB/SNAI1/BDKRB2/S100A9/ATAD5/PYCARD/PML/MSX1/HELLS/BCL2A1/S100A8/TIFAB/TNF/TREM2/MMP9,37,Nominal,B_higher,GO_BP,NA,NA,intrinsic apoptotic signaling pathway
GO:0033209,tumor necrosis factor-mediated signaling pathway,19/1161,131/18860,0.1450381679389313,2.3560894464498228,3.989034245007587,4.18905389110072e-4,0.00542446978440839,0.0041959938300053,ANXA4/TNFRSF1B/TNFRSF11A/PYDC1/FAS/EXT1/TRAF3/CARD14/KRT18/TNFRSF11B/CASP1/F2RL1/TNFSF13B/JAK2/STAT1/PYCARD/TNFRSF18/TNF/NR1H4,19,Nominal,B_higher,GO_BP,NA,NA,tumor necrosis factor-mediated signaling pathway
GO:1901605,alpha-amino acid metabolic process,26/1161,207/18860,0.12560386473429952,2.040386639869844,3.854842776933862,4.290183585693165e-4,0.00552783169716151,0.00427594744121654,AGMAT/SLC7A7/OTC/KYNU/ARHGAP11B/FOLH1B/FOLH1/CPS1/ARG2/TDO2/ASS1/HNF4A/SDS/NOS2/PFAS/DDO/CRYM/RIMKLA/NAGS/IL4I1/AGXT/IDO1/NR1H4/ACMSD/ASPG/DPEP1,26,Nominal,B_higher,GO_BP,NA,NA,alpha-amino acid metabolic process
GO:0006720,isoprenoid metabolic process,18/1161,121/18860,0.1487603305785124,2.416554551861106,4.003629300979514,4.303879674411831e-4,0.00552783169716151,0.00427594744121654,PDSS1/SDR16C5/LRP8/DHRS9/MVD/AKR1C4/LRP1/RBP4/LDLR/ADH6/ADH4/DGAT1/PLB1/UGT1A8/CYP2D6/RBP2/CYP3A4/CYP1A1,18,Nominal,B_higher,GO_BP,NA,NA,isoprenoid metabolic process
GO:1903829,positive regulation of protein localization,47/1161,459/18860,0.10239651416122005,1.6633921249617658,3.685165675288171,4.311332162861684e-4,0.00552783169716151,0.00427594744121654,VIL1/LYN/GPSM2/CFL1/PRR5L/PLS1/NMU/ECT2/SEC24A/EPHB2/SFN/LGALS3/PKP3/C2CD2L/EPHA2/NEDD9/PARP9/ACHE/LRP1/RBP4/KIF20B/MCU/EPB41L2/F2RL1/FFAR2/JAK2/ABCA12/PCK2/SESN2/CFTR/ANXA13/PML/F2RL2/PDZK1/MLXIPL/CHP2/TFRC/DSG3/ADAM8/HLA-DRB1/TNF/NR1H4/TREM2/VSNL1/TNFAIP6/CD38/GCG,47,Nominal,B_higher,GO_BP,NA,NA,positive regulation of protein localization
GO:0002292,T cell differentiation involved in immune response,16/1161,101/18860,0.15841584158415842,2.5734046272844338,4.06066669761371,4.3205565621045526e-4,0.00552783169716151,0.00427594744121654,IL18/ANXA1/ENTPD7/SOCS3/STAT5A/MYB/ASCL2/BATF/JAK2/FGL2/HLA-DRB1/LEF1/IL4R/PCK1/GPR65/IRF4,16,Nominal,B_higher,GO_BP,NA,NA,T cell differentiation involved in immune response
GO:0170062,nutrient storage,16/1161,101/18860,0.15841584158415842,2.5734046272844338,4.06066669761371,4.3205565621045526e-4,0.00552783169716151,0.00427594744121654,SCARB1/PLIN3/STARD4/CIDEC/TLE6/MEST/FITM2/STAT5A/SQLE/FFAR2/IKBKE/CIDEB/DGAT1/TNF/TREM2/APOB,16,Nominal,B_higher,GO_BP,NA,NA,nutrient storage
GO:0003333,amino acid transmembrane transport,17/1161,111/18860,0.15315315315315314,2.4879142708600073,4.026719886616848,4.35435984883804e-4,0.00554455154085377,0.00428888075336679,SLC6A14/TTYH3/SLC7A7/SLC43A2/SLC6A20/ARL6IP1/SLC7A4/ACE2/SLC6A19/SLC6A12/SLC6A7/SLC7A9/RGS2/TNF/TSPO2/SLC16A2/SLC3A1,17,Nominal,B_higher,GO_BP,NA,NA,amino acid transmembrane transport
GO:0043367,"CD4-positive, alpha-beta T cell differentiation",17/1161,111/18860,0.15315315315315314,2.4879142708600073,4.026719886616848,4.35435984883804e-4,0.00554455154085377,0.00428888075336679,IL18/ANXA1/ENTPD7/SOCS3/STAT5A/MYB/IL2RG/ASCL2/BATF/JAK2/RSAD2/NCKAP1L/HLA-DRB1/LEF1/IL4R/GPR65/IRF4,17,Nominal,B_higher,GO_BP,NA,NA,"CD4-positive, alpha-beta T cell differentiation"
GO:0007127,meiosis I,19/1161,132/18860,0.14393939393939395,2.3382402839767185,3.951631509192459,4.616859707692804e-4,0.00586483746240881,0.0045366317417759,AURKA/RAD51AP1/FANCD2/TRIP13/RAD54L/CDC25B/ESPL1/RAD51/CKS2/TEX11/TOP2A/MND1/CCNB2/PTTG1/ZWINT/BRCA2/FBXO5/CCNE2/BRIP1,19,Nominal,B_higher,GO_BP,NA,NA,meiosis I
GO:0006863,purine nucleobase transport,5/1161,12/18860,0.4166666666666667,6.768590295722079,5.119514259615573,4.819249382716094e-4,0.00605008114994499,0.00467992341835291,SLC29A2/SLC23A3/AQP9/SLC43A3/SLC28A1,5,Nominal,B_higher,GO_BP,NA,NA,purine nucleobase transport
GO:0007056,spindle assembly involved in female meiosis,5/1161,12/18860,0.4166666666666667,6.768590295722079,5.119514259615573,4.819249382716094e-4,0.00605008114994499,0.00467992341835291,AURKA/SKA1/SKA3/CCNB2/FBXO5,5,Nominal,B_higher,GO_BP,NA,NA,spindle assembly involved in female meiosis
GO:0051798,positive regulation of hair follicle development,5/1161,12/18860,0.4166666666666667,6.768590295722079,5.119514259615573,4.819249382716094e-4,0.00605008114994499,0.00467992341835291,GAL/HPSE/MSX2/KRT17/TNF,5,Nominal,B_higher,GO_BP,NA,NA,positive regulation of hair follicle development
GO:0090232,positive regulation of spindle checkpoint,5/1161,12/18860,0.4166666666666667,6.768590295722079,5.119514259615573,4.819249382716094e-4,0.00605008114994499,0.00467992341835291,MAD2L1/CDCA8/BIRC5/INCENP/GEN1,5,Nominal,B_higher,GO_BP,NA,NA,positive regulation of spindle checkpoint
GO:1904729,regulation of intestinal lipid absorption,5/1161,12/18860,0.4166666666666667,6.768590295722079,5.119514259615573,4.819249382716094e-4,0.00605008114994499,0.00467992341835291,CLDN2/ABCG5/CLDN15/ABCG8/APOA4,5,Nominal,B_higher,GO_BP,NA,NA,regulation of intestinal lipid absorption
GO:0002275,myeloid cell activation involved in immune response,16/1161,102/18860,0.1568627450980392,2.5481751701541944,4.015392407929696,4.8370741502022055e-4,0.00605763552570591,0.00468576695981266,ADORA2B/LYN/PLA2G3/MYD88/IFI35/LILRA2/F2RL1/IL13RA2/PYCARD/MILR1/DNASE1L3/TNF/TREM2/CCL3/IL4R/FGR,16,Nominal,B_higher,GO_BP,NA,NA,myeloid cell activation involved in immune response
GO:0030866,cortical actin cytoskeleton organization,9/1161,39/18860,0.2307692307692308,3.7487577022460745,4.400970839394866,4.859247644966039e-4,0.00605763552570591,0.00468576695981266,VIL1/PLS1/ECT2/ANLN/EPB41L2/RACGAP1/IQGAP3/NCKAP1L/PLEK,9,Nominal,B_higher,GO_BP,NA,NA,cortical actin cytoskeleton organization
GO:0045589,regulation of regulatory T cell differentiation,9/1161,39/18860,0.2307692307692308,3.7487577022460745,4.400970839394866,4.859247644966039e-4,0.00605763552570591,0.00468576695981266,FANCD2/FANCA/DUSP10/IL2RG/MDK/IRF1/LILRB2/HLA-DRB1/IL4I1,9,Nominal,B_higher,GO_BP,NA,NA,regulation of regulatory T cell differentiation
GO:0042886,amide transport,37/1161,338/18860,0.10946745562130178,1.7782568587577532,3.697757635379451,4.939854801837073e-4,0.00614380080935457,0.00475241845072697,CAMK2G/STX1A/NMU/EDN3/C2CD2L/GAL/GLTPD2/IL1RN/ADRA2A/RBP4/MCU/TAP1/F2RL1/CDH17/FFAR2/JAK2/ABCA12/PCK2/CFTR/AQP9/F2RL2/HNF4A/MLXIPL/NOS2/MTTP/ABCG2/MMP7/SLC15A1/S100A8/HLA-DRB1/FAM3D/TNF/NR1H4/SLC16A2/VSNL1/CD38/GCG,37,Nominal,B_higher,GO_BP,NA,NA,amide transport
GO:0007162,negative regulation of cell adhesion,36/1161,326/18860,0.11042944785276074,1.793884053835545,3.7032444007891687,4.965533576792606e-4,0.0061614091806698,0.00476603906625838,CEACAM1/CD9/CFL1/EPCAM/ANXA1/EPHB2/LGALS3/ZNF703/MMP12/IL20RB/IL1RN/GBP1/STAT5A/ERBB3/SOCS6/MDK/PLA2G2A/IRF1/CD274/ASCL2/JAK2/ABCA12/ARG2/ASS1/ADAMDEC1/PDE3B/FGL2/LILRB2/CDSN/HLA-DRB1/IL4I1/IDO1/CCL25/IL4R/SERPINE2/SEMA6A,36,Nominal,B_higher,GO_BP,NA,NA,negative regulation of cell adhesion
GO:0001959,regulation of cytokine-mediated signaling pathway,25/1161,198/18860,0.12626262626262627,2.0510879684006302,3.80797109296582,5.067780091642724e-4,0.00627372405789474,0.00485291807021342,IRAK2/ANXA4/OAS3/PYDC1/OAS1/EXT1/USP18/AGPAT2/TNFRSF11B/PARP9/MMP12/IL1RN/CASP1/ECM1/F2RL1/ISG15/PARP14/PADI2/IKBKE/NLRC5/ZBP1/PYCARD/GFI1/NR1H4/TREM2,25,Nominal,B_higher,GO_BP,NA,NA,regulation of cytokine-mediated signaling pathway
GO:0002443,leukocyte mediated immunity,49/1161,488/18860,0.10040983606557376,1.63111930077237,3.6177972975647146,5.133793703297253e-4,0.00634076875871448,0.00490477920358774,ADORA2B/CEACAM1/CD55/LYN/TNFRSF1B/WDR1/IL18/CFI/PLA2G3/MYD88/RIPK3/IL20RB/CTSC/STAT5A/TUBB4B/F2RL1/IL13RA2/CLCF1/CCR6/C2/CD274/BATF/GZMB/RSAD2/ATAD5/NOD2/CARD9/MILR1/NOS2/TFRC/ULBP2/FCGR2C/BST2/DNASE1L3/FCGR3A/C8G/C4BPA/NCKAP1L/HLA-DRB1/IL4I1/TNF/SH2D1B/TREM2/ICAM1/CCL3/SERPINB9/IL4R/FGR/HLA-DRB3,49,Nominal,B_higher,GO_BP,NA,NA,leukocyte mediated immunity
GO:0009306,protein secretion,41/1161,388/18860,0.1056701030927835,1.7165703224202384,3.652740296615344,5.22258000787218e-4,0.00640597823947037,0.0049552207379283,CAMK2G/PCSK5/STX1A/NMU/RHBDF1/SEC24A/C2CD2L/GAL/IL1RN/ADRA2A/ACHE/CASP1/RBP4/MCU/F2RL1/SAA1/PDIA4/FFAR2/JAK2/ABCA12/PCK2/GZMB/CFTR/RSAD2/F2RL2/HNF4A/MLXIPL/NOS2/MTTP/ADAM8/HLA-DRB1/FAM3D/TNF/NR1H4/TREM2/VSNL1/CD38/SCG2/KRT20/GCG/PLEK,41,Nominal,B_higher,GO_BP,NA,NA,protein secretion
GO:0010755,regulation of plasminogen activation,6/1161,18/18860,0.3333333333333333,5.414872236577662,4.7994554881160365,5.246481804203483e-4,0.00640597823947037,0.0049552207379283,F12/ANXA2/S100A10/CTSZ/PLAUR/SERPINE2,6,Nominal,B_higher,GO_BP,NA,NA,regulation of plasminogen activation
GO:0034384,high-density lipoprotein particle clearance,6/1161,18/18860,0.3333333333333333,5.414872236577662,4.7994554881160365,5.246481804203483e-4,0.00640597823947037,0.0049552207379283,SCARB1/LIPG/LDLR/APOC2/APOC3/TREM2,6,Nominal,B_higher,GO_BP,NA,NA,high-density lipoprotein particle clearance
GO:0045064,T-helper 2 cell differentiation,6/1161,18/18860,0.3333333333333333,5.414872236577662,4.7994554881160365,5.246481804203483e-4,0.00640597823947037,0.0049552207379283,IL18/ANXA1/MYB/ASCL2/BATF/IL4R,6,Nominal,B_higher,GO_BP,NA,NA,T-helper 2 cell differentiation
GO:0045842,positive regulation of mitotic metaphase/anaphase transition,6/1161,18/18860,0.3333333333333333,5.414872236577662,4.7994554881160365,5.246481804203483e-4,0.00640597823947037,0.0049552207379283,SKA1/ESPL1/SKA3/CDC20/DLGAP5/UBE2C,6,Nominal,B_higher,GO_BP,NA,NA,positive regulation of mitotic metaphase/anaphase transition
GO:0061900,glial cell activation,11/1161,56/18860,0.19642857142857145,3.1909068536975513,4.205269968169798,5.267606911316708e-4,0.00641712113023274,0.00496384010585653,LRP1/CTSC/LDLR/JAK2/C5AR1/FPR2/TLR1/TTBK1/TNF/TREM2/CCL3,11,Nominal,B_higher,GO_BP,NA,NA,glial cell activation
GO:0090303,positive regulation of wound healing,12/1161,65/18860,0.18461538461538465,2.99900616179686,4.134763954622153,5.406560889484981e-4,0.00657142900840129,0.00508320198461147,F12/CLDN4/ANXA1/CLDN1/F3/ADRA2A/FERMT1/HPSE/EMILIN2/CLDN3/REG3G/REG3A,12,Nominal,B_higher,GO_BP,NA,NA,positive regulation of wound healing
GO:1902107,positive regulation of leukocyte differentiation,25/1161,199/18860,0.12562814070351758,2.0407809936850487,3.780241190471519,5.465151925541538e-4,0.00659770082932578,0.00510352404425664,TNFRSF11A/IL18/PLA2G3/ANXA1/NEDD9/DUSP10/STAT5A/LIF/IL2RG/MDK/VNN1/TNFSF9/ADAM8/LILRB2/NCKAP1L/CCR1/HLA-DRB1/IL4I1/TNF/LEF1/TREM2/PF4/IL4R/PCK1/GPR65,25,Nominal,B_higher,GO_BP,NA,NA,positive regulation of leukocyte differentiation
GO:1903708,positive regulation of hemopoiesis,25/1161,199/18860,0.12562814070351758,2.0407809936850487,3.780241190471519,5.465151925541538e-4,0.00659770082932578,0.00510352404425664,TNFRSF11A/IL18/PLA2G3/ANXA1/NEDD9/DUSP10/STAT5A/LIF/IL2RG/MDK/VNN1/TNFSF9/ADAM8/LILRB2/NCKAP1L/CCR1/HLA-DRB1/IL4I1/TNF/LEF1/TREM2/PF4/IL4R/PCK1/GPR65,25,Nominal,B_higher,GO_BP,NA,NA,positive regulation of hemopoiesis
GO:0032368,regulation of lipid transport,21/1161,155/18860,0.13548387096774195,2.200883554221889,3.844934675416764,5.465185989886541e-4,0.00659770082932578,0.00510352404425664,ANXA2/PCSK9/TNFRSF11A/LIPG/PLA2G3/XRCC4/SEC24A/GAL/CYP4F2/ACSL5/LRP1/PLA2G4A/MYB/ABCA12/APOC2/AGT/APOC3/SPP1/APOA4/PLA2R1/TREM2,21,Nominal,B_higher,GO_BP,NA,NA,regulation of lipid transport
GO:0015833,peptide transport,33/1161,292/18860,0.11301369863013698,1.8358642171958517,3.6867668282335746,5.572904928944968e-4,0.00671258909008957,0.00519239363934417,CAMK2G/STX1A/NMU/EDN3/C2CD2L/GAL/IL1RN/ADRA2A/RBP4/MCU/TAP1/F2RL1/CDH17/FFAR2/JAK2/ABCA12/PCK2/CFTR/F2RL2/HNF4A/MLXIPL/NOS2/MMP7/SLC15A1/S100A8/HLA-DRB1/FAM3D/TNF/NR1H4/SLC16A2/VSNL1/CD38/GCG,33,Nominal,B_higher,GO_BP,NA,NA,peptide transport
GO:0001774,microglial cell activation,10/1161,48/18860,0.20833333333333337,3.3842951478610397,4.236080690490365,5.742036783860751e-4,0.0069007669033904,0.00533795495223483,CTSC/LDLR/JAK2/C5AR1/FPR2/TLR1/TTBK1/TNF/TREM2/CCL3,10,Nominal,B_higher,GO_BP,NA,NA,microglial cell activation
GO:0001889,liver development,20/1161,145/18860,0.13793103448275862,2.2406367875493776,3.840916055994945,5.814369600332019e-4,0.00695643145918918,0.00538101319423168,CEACAM1/PCSK9/AURKA/RPS6KA1/CLDN1/ONECUT2/EZH2/OTC/ONECUT1/MDK/TBX3/ITGA2/CPS1/PCK2/E2F7/ASS1/TNF/UGT1A8/PCK1/CYP1A1,20,Nominal,B_higher,GO_BP,NA,NA,liver development
GO:0050921,positive regulation of chemotaxis,20/1161,145/18860,0.13793103448275862,2.2406367875493776,3.840916055994945,5.814369600332019e-4,0.00695643145918918,0.00538101319423168,S100A14/EDN3/F3/NEDD9/MCU/F2RL1/HSPB1/MDK/CCR6/ITGA2/PLA2G7/CXCL10/C5AR1/FPR2/NCKAP1L/CCR1/CCL26/TREM2/CCL3/SCG2,20,Nominal,B_higher,GO_BP,NA,NA,positive regulation of chemotaxis
GO:0060444,branching involved in mammary gland duct morphogenesis,7/1161,25/18860,0.28,4.548492678725237,4.547075665055734,5.923650456444374e-4,0.00703373491705585,0.00544080979097537,AREG/VDR/EPHA2/TFAP2C/MSX2/TBX3/PML,7,Nominal,B_higher,GO_BP,NA,NA,branching involved in mammary gland duct morphogenesis
GO:0072677,eosinophil migration,7/1161,25/18860,0.28,4.548492678725237,4.547075665055734,5.923650456444374e-4,0.00703373491705585,0.00544080979097537,LGALS3/ADAM8/CCL13/CCL26/CCL3/CCL25/SCG2,7,Nominal,B_higher,GO_BP,NA,NA,eosinophil migration
GO:0034110,regulation of homotypic cell-cell adhesion,9/1161,40/18860,0.225,3.6550387596899223,4.305188060102466,5.931590216140969e-4,0.00703373491705585,0.00544080979097537,CEACAM1/LYN/CD9/ZNF703/PLAUR/EMILIN2/JAK2/PDPN/SERPINE2,9,Nominal,B_higher,GO_BP,NA,NA,regulation of homotypic cell-cell adhesion
GO:0045730,respiratory burst,9/1161,40/18860,0.225,3.6550387596899223,4.305188060102466,5.931590216140969e-4,0.00703373491705585,0.00544080979097537,CD55/NOXO1/DUSP10/CYBA/S100A9/NCF2/HCK/SLAMF8/TREM2,9,Nominal,B_higher,GO_BP,NA,NA,respiratory burst
GO:0007584,response to nutrient,22/1161,167/18860,0.1317365269461078,2.1400093869109327,3.789904228753449,6.025996175165519e-4,0.00710386984288436,0.00549506130821862,LIPG/SLC27A4/VDR/CYP27B1/OTC/APAF1/PLD1/KYNU/ABCG5/SLC6A19/ITGA2/C2/SRF/STAT1/ABCG8/ASS1/CXCL10/NOD2/MLXIPL/TFRC/SPP1/CYP1A1,22,Nominal,B_higher,GO_BP,NA,NA,response to nutrient
GO:0032602,chemokine production,16/1161,104/18860,0.15384615384615383,2.499171801497383,3.926440655856779,6.03058509474477e-4,0.00710386984288436,0.00549506130821862,ADORA2B/OAS3/IL18/OAS1/MYD88/EPHA2/HMOX1/F2RL1/FFAR2/ARG2/PYCARD/CARD9/TNF/NR1H4/TREM2/IL4R,16,Nominal,B_higher,GO_BP,NA,NA,chemokine production
GO:0032642,regulation of chemokine production,16/1161,104/18860,0.15384615384615383,2.499171801497383,3.926440655856779,6.03058509474477e-4,0.00710386984288436,0.00549506130821862,ADORA2B/OAS3/IL18/OAS1/MYD88/EPHA2/HMOX1/F2RL1/FFAR2/ARG2/PYCARD/CARD9/TNF/NR1H4/TREM2/IL4R,16,Nominal,B_higher,GO_BP,NA,NA,regulation of chemokine production
GO:0045109,intermediate filament organization,13/1161,75/18860,0.17333333333333334,2.815733563020385,4.035322313616603,6.069857349695979e-4,0.00713441694641188,0.00551869043014579,KRT19/KRT15/EPPK1/KRT80/KRT6B/KRT7/KRT14/KRT6C/KRT17/KRT6A/KRT16/NEFM/KRT20,13,Nominal,B_higher,GO_BP,NA,NA,intermediate filament organization
GO:0035592,establishment of protein localization to extracellular region,41/1161,391/18860,0.10485933503836316,1.7033997061356845,3.59973015441312,6.096268477728241e-4,0.0071497464515111,0.00553054827273129,CAMK2G/PCSK5/STX1A/NMU/RHBDF1/SEC24A/C2CD2L/GAL/IL1RN/ADRA2A/ACHE/CASP1/RBP4/MCU/F2RL1/SAA1/PDIA4/FFAR2/JAK2/ABCA12/PCK2/GZMB/CFTR/RSAD2/F2RL2/HNF4A/MLXIPL/NOS2/MTTP/ADAM8/HLA-DRB1/FAM3D/TNF/NR1H4/TREM2/VSNL1/CD38/SCG2/KRT20/GCG/PLEK,41,Nominal,B_higher,GO_BP,NA,NA,establishment of protein localization to extracellular region
GO:0031638,zymogen activation,11/1161,57/18860,0.19298245614035087,3.1349260317028573,4.134354981553924,6.169571526543084e-4,0.00721988370327186,0.00558480158915451,F12/ANXA2/S100A10/PRSS3/CTSZ/PLAUR/KLK1/PRSS12/HPR/SERPINE2/FCN1,11,Nominal,B_higher,GO_BP,NA,NA,zymogen activation
GO:0030217,T cell differentiation,36/1161,330/18860,0.10909090909090909,1.7721400046981444,3.6242353301076946,6.230171324168001e-4,0.00727488127546953,0.00562734389886928,IL18/ANXA1/FANCD2/ENTPD7/RIPK3/CARD11/FANCA/DUSP10/SOCS3/STAT5A/BCL11B/MYB/IL2RG/MDK/CCR6/VNN1/IRF1/TNFSF9/SRF/ASCL2/BATF/JAK2/RSAD2/TNFRSF9/ADAM8/FGL2/LILRB2/PIK3R3/NCKAP1L/HLA-DRB1/IL4I1/LEF1/IL4R/PCK1/GPR65/IRF4,36,Nominal,B_higher,GO_BP,NA,NA,T cell differentiation
GO:0051653,spindle localization,12/1161,66/18860,0.18181818181818185,2.953566674496907,4.071849054666188,6.243809377219353e-4,0.00727492212404555,0.00562737549649628,GPSM2/CFL1/SKA1/ESPL1/MAD2L1/CENPA/SPAG5/TLE6/SKA3/ASPM/NUSAP1/PAX6,12,Nominal,B_higher,GO_BP,NA,NA,spindle localization
GO:0010639,negative regulation of organelle organization,39/1161,367/18860,0.10626702997275204,1.7262671707890642,3.598544156443938,6.332634559391443e-4,0.00736237600513596,0.00569502375707285,VIL1/BAK1/CFL1/CCNF/TRIP13/ZWILCH/SKA1/ESPL1/MAD2L1/CDCA8/TRIM54/SPC25/BUB1/SKA3/CHEK1/NUF2/LUZP1/BIRC5/SVIL/CCNB1/CDC20/INCENP/BRCA1/TPX2/BUB1B/ACAA2/LIF/DIAPH3/CENPF/ZWINT/SPC24/PIF1/HIGD1A/GEN1/FBXO5/RHPN2/PML/TFRC/LILRB2,39,Nominal,B_higher,GO_BP,NA,NA,negative regulation of organelle organization
GO:0002702,positive regulation of production of molecular mediator of immune response,20/1161,146/18860,0.136986301369863,2.225289960237396,3.806563384856852,6.356053268653171e-4,0.00737357329300589,0.00570368520283296,CD55/IL18/EPHB2/MYD88/NOD1/RBP4/F2RL1/IL2RG/FFAR2/CLCF1/SEMA7A/RSAD2/ATAD5/PYCARD/KLK7/NOD2/CARD9/TFRC/TNF/IL4R,20,Nominal,B_higher,GO_BP,NA,NA,positive regulation of production of molecular mediator of immune response
GO:0009952,anterior/posterior pattern specification,27/1161,224/18860,0.12053571428571427,1.958056478405316,3.6943653791857023,6.442801086578208e-4,0.00745803034870568,0.00576901532701124,ETS2/PCSK5/CDX2/AURKA/HOXB2/MSX2/TBX3/SRF/CDX1/BHLHE40/HOXB6/HES2/HES5/MSX1/HOXB3/HOXA9/BHLHE41/HOXB5/PAX6/HOXB9/HOXC6/HOXA11/HOXA10/TIFAB/LEF1/HOXB7/HOXC9,27,Nominal,B_higher,GO_BP,NA,NA,anterior/posterior pattern specification
GO:0046887,positive regulation of hormone secretion,21/1161,157/18860,0.1337579617834395,2.1728468210470875,3.779519234089771,6.487211302275545e-4,0.00749321944807119,0.00579623517516037,NMU/PLA2G3/EDN3/C2CD2L/GAL/RBP4/MCU/MYB/FFAR2/JAK2/PCK2/CFTR/F2RL2/MLXIPL/SPP1/HLA-DRB1/NR1H4/VSNL1/CD38/INHBA/GCG,21,Nominal,B_higher,GO_BP,NA,NA,positive regulation of hormone secretion
GO:0042116,macrophage activation,17/1161,115/18860,0.14782608695652175,2.401378122308355,3.860669338990282,6.612155692134706e-4,0.00762107944860698,0.00589513880900394,PLA2G3/IFI35/PLA2G4A/CTSC/LDLR/MFHAS1/TMEM106A/JAK2/C5AR1/FPR2/TLR1/FCGR3A/TTBK1/TNF/TREM2/CCL3/IL4R,17,Nominal,B_higher,GO_BP,NA,NA,macrophage activation
GO:0050886,endocrine process,16/1161,105/18860,0.1523809523809524,2.4753701652926465,3.882738908512138,6.716230884765712e-4,0.00772438769284452,0.00597505090597153,PCSK5/PREP/EDN3/GAL/F2RL1/CTSZ/CYBA/FOXD1/ACE2/TBX3/ANPEP/HSD11B2/AGT/MME/SPP1/INHBA,16,Nominal,B_higher,GO_BP,NA,NA,endocrine process
GO:2000516,"positive regulation of CD4-positive, alpha-beta T cell activation",10/1161,49/18860,0.20408163265306123,3.315227899945508,4.156108924266136,6.821900579765697e-4,0.00782908246793711,0.00605603552710169,CD55/IL18/ANXA1/CARD11/IL2RG/NCKAP1L/HLA-DRB1/IL4R/GPR65/HLA-DRB3,10,Nominal,B_higher,GO_BP,NA,NA,"positive regulation of CD4-positive, alpha-beta T cell activation"
GO:0033627,cell adhesion mediated by integrin,13/1161,76/18860,0.17105263157894737,2.778684437191169,3.979355481490965,6.916913689363681e-4,0.00790419966040961,0.00611414098047666,LYN/EXT1/EPHA2/FERMT1/LIF/EMILIN2/ITGA2/ITGB8/DPP4/NPNT/PDE3B/NCKAP1L/ICAM1,13,Nominal,B_higher,GO_BP,NA,NA,cell adhesion mediated by integrin
GO:1903036,positive regulation of response to wounding,13/1161,76/18860,0.17105263157894737,2.778684437191169,3.979355481490965,6.916913689363681e-4,0.00790419966040961,0.00611414098047666,F12/CLDN4/ANXA1/CLDN1/F3/ADRA2A/FERMT1/HPSE/EMILIN2/CLDN3/MDK/REG3G/REG3A,13,Nominal,B_higher,GO_BP,NA,NA,positive regulation of response to wounding
GO:0015701,bicarbonate transport,8/1161,33/18860,0.24242424242424243,3.93808889932921,4.326457246867219,7.006701030231449e-4,0.00797273129993144,0.00616715230656429,SLC4A11/SLC39A5/SLC39A10/SLC4A7/BEST2/CFTR/SLC26A3/BEST4,8,Nominal,B_higher,GO_BP,NA,NA,bicarbonate transport
GO:0048710,regulation of astrocyte differentiation,8/1161,33/18860,0.24242424242424243,3.93808889932921,4.326457246867219,7.006701030231449e-4,0.00797273129993144,0.00616715230656429,GPR37L1/LDLR/LIF/CLCF1/HES5/TTBK1/TREM2/SERPINE2,8,Nominal,B_higher,GO_BP,NA,NA,regulation of astrocyte differentiation
GO:0061640,cytoskeleton-dependent cytokinesis,18/1161,126/18860,0.14285714285714285,2.3206595299618553,3.8094472105941577,7.055910929269188e-4,0.00801167975578165,0.00619728013231152,RHOC/CFL1/ECT2/ESPL1/CDCA8/CENPA/KIF4A/ANLN/CEP55/LUZP1/BIRC5/KIF23/KIF20A/KIF20B/INCENP/RACGAP1/IQGAP3/NUSAP1,18,Nominal,B_higher,GO_BP,NA,NA,cytoskeleton-dependent cytokinesis
GO:0010669,epithelial structure maintenance,9/1161,41/18860,0.2195121951219512,3.565891472868217,4.2124330955690965,7.189968839116437e-4,0.00814660028635481,0.00630164530279384,MUC13/NR1I2/PKP3/TFF3/RBP4/SRF/NOD2/SERPINA3/MUC2,9,Nominal,B_higher,GO_BP,NA,NA,epithelial structure maintenance
GO:1902101,positive regulation of metaphase/anaphase transition of cell cycle,6/1161,19/18860,0.3157894736842105,5.129878960968312,4.612785126160398,7.27098659947227e-4,0.00822098019745828,0.00635918044640614,SKA1/ESPL1/SKA3/CDC20/DLGAP5/UBE2C,6,Nominal,B_higher,GO_BP,NA,NA,positive regulation of metaphase/anaphase transition of cell cycle
GO:0002003,angiotensin maturation,5/1161,13/18860,0.38461538461538464,6.247929503743458,4.847743456644619,7.435492003160044e-4,0.00831904000688282,0.00643503271799581,PREP/CTSZ/ACE2/ANPEP/MME,5,Nominal,B_higher,GO_BP,NA,NA,angiotensin maturation
GO:0007144,female meiosis I,5/1161,13/18860,0.38461538461538464,6.247929503743458,4.847743456644619,7.435492003160044e-4,0.00831904000688282,0.00643503271799581,AURKA/TRIP13/CDC25B/CCNB2/FBXO5,5,Nominal,B_higher,GO_BP,NA,NA,female meiosis I
GO:0015851,nucleobase transport,5/1161,13/18860,0.38461538461538464,6.247929503743458,4.847743456644619,7.435492003160044e-4,0.00831904000688282,0.00643503271799581,SLC29A2/SLC23A3/AQP9/SLC43A3/SLC28A1,5,Nominal,B_higher,GO_BP,NA,NA,nucleobase transport
GO:0032494,response to peptidoglycan,5/1161,13/18860,0.38461538461538464,6.247929503743458,4.847743456644619,7.435492003160044e-4,0.00831904000688282,0.00643503271799581,MYD88/NOD2/CARD9/C5AR1/TREM2,5,Nominal,B_higher,GO_BP,NA,NA,response to peptidoglycan
GO:1903490,positive regulation of mitotic cytokinesis,5/1161,13/18860,0.38461538461538464,6.247929503743458,4.847743456644619,7.435492003160044e-4,0.00831904000688282,0.00643503271799581,ECT2/CDCA8/BIRC5/KIF20B/INCENP,5,Nominal,B_higher,GO_BP,NA,NA,positive regulation of mitotic cytokinesis
GO:0006721,terpenoid metabolic process,16/1161,106/18860,0.1509433962264151,2.45201761656347,3.839537713428291,7.467315542509326e-4,0.0083197139421073,0.00643555402757188,SDR16C5/LRP8/DHRS9/AKR1C4/LRP1/RBP4/LDLR/ADH6/ADH4/DGAT1/PLB1/UGT1A8/CYP2D6/RBP2/CYP3A4/CYP1A1,16,Nominal,B_higher,GO_BP,NA,NA,terpenoid metabolic process
GO:0019915,lipid storage,15/1161,96/18860,0.15625,2.5382213608957795,3.869838294132952,7.482764409412145e-4,0.0083197139421073,0.00643555402757188,SCARB1/PLIN3/STARD4/CIDEC/MEST/FITM2/STAT5A/SQLE/FFAR2/IKBKE/CIDEB/DGAT1/TNF/TREM2/APOB,15,Nominal,B_higher,GO_BP,NA,NA,lipid storage
GO:0045104,intermediate filament cytoskeleton organization,15/1161,96/18860,0.15625,2.5382213608957795,3.869838294132952,7.482764409412145e-4,0.0083197139421073,0.00643555402757188,KRT19/KRT15/KRT18/EPPK1/KRT80/KRT6B/FAM83H/KRT7/KRT14/KRT6C/KRT17/KRT6A/KRT16/NEFM/KRT20,15,Nominal,B_higher,GO_BP,NA,NA,intermediate filament cytoskeleton organization
GO:0061008,hepaticobiliary system development,20/1161,148/18860,0.13513513513513514,2.1952184742882417,3.7386871571625897,7.57141630871003e-4,0.00840081626949818,0.0064982891664622,CEACAM1/PCSK9/AURKA/RPS6KA1/CLDN1/ONECUT2/EZH2/OTC/ONECUT1/MDK/TBX3/ITGA2/CPS1/PCK2/E2F7/ASS1/TNF/UGT1A8/PCK1/CYP1A1,20,Nominal,B_higher,GO_BP,NA,NA,hepaticobiliary system development
GO:0048143,astrocyte activation,7/1161,26/18860,0.2692307692307692,4.37355065262042,4.4086305088304005,7.679170187095237e-4,0.00850273336658081,0.00657712516841762,LRP1/LDLR/C5AR1/FPR2/TTBK1/TNF/TREM2,7,Nominal,B_higher,GO_BP,NA,NA,astrocyte activation
GO:0044706,multi-multicellular organism process,27/1161,227/18860,0.11894273127753303,1.9321790800122935,3.6188615177671224,7.909502695311192e-4,0.0087290363864827,0.00675217749849959,CLDN4/PCSK5/TIMP1/VDR/TLE6/A1CF/SEMG1/TEAD4/CYP27B1/ADRA2A/MAFF/STAT5A/LIF/ADCY7/ACE2/ITGA2/HSD11B2/APOL2/DDO/SPP1/RGS2/IDO1/CD38/SERPINE2/FOSB/MMP9/CYP1A1,27,Nominal,B_higher,GO_BP,NA,NA,multi-multicellular organism process
GO:1903532,positive regulation of secretion by cell,34/1161,310/18860,0.10967741935483873,1.7816676391320052,3.554120089985,7.916197919678596e-4,0.0087290363864827,0.00675217749849959,ANXA2/ADORA2B/S100A10/TNFRSF11A/STX1A/NMU/PLA2G3/SEC24A/EDN3/C2CD2L/GAL/ACHE/PLA2G4A/RBP4/MCU/F2RL1/MYB/FFAR2/JAK2/PCK2/CFTR/F2RL2/MLXIPL/ADAM8/SPP1/HLA-DRB1/NR1H4/TREM2/VSNL1/CD38/IL4R/INHBA/FGR/GCG,34,Nominal,B_higher,GO_BP,NA,NA,positive regulation of secretion by cell
GO:0019058,viral life cycle,33/1161,298/18860,0.11073825503355704,1.7989005081247942,3.560323990965155,7.950170338675487e-4,0.00874845904757952,0.00676720152284917,TRIM15/CD55/SCARB1/IL32/OAS3/PCSK5/OAS1/TMPRSS4/CLDN1/EPHA2/TOP2A/KPNA2/LDLR/LAMP3/ISG15/ACE2/OAS2/SLC6A19/ITGA2/DPP4/RSAD2/ANPEP/IFIT1/NR5A2/MX1/TFRC/TRIM31/BST2/APOBEC3B/HLA-DRB1/TNF/ICAM1/CH25H,33,Nominal,B_higher,GO_BP,NA,NA,viral life cycle
GO:0010837,regulation of keratinocyte proliferation,10/1161,50/18860,0.2,3.2489233419465977,4.078179450732024,8.063792740135179e-4,0.0088371236832465,0.00683578633924315,CDH3/SFN/AREG/VDR/EPPK1/BCL11B/MDK/OVOL1/REG3G/REG3A,10,Nominal,B_higher,GO_BP,NA,NA,regulation of keratinocyte proliferation
GO:0045071,negative regulation of viral genome replication,10/1161,50/18860,0.2,3.2489233419465977,4.078179450732024,8.063792740135179e-4,0.0088371236832465,0.00683578633924315,OAS3/OAS1/ISG15/OAS2/RSAD2/IFIT1/MX1/BST2/APOBEC3B/TNF,10,Nominal,B_higher,GO_BP,NA,NA,negative regulation of viral genome replication
GO:0050871,positive regulation of B cell activation,14/1161,87/18860,0.16091954022988506,2.614076252140941,3.864718886621711,8.233426495590424e-4,0.0090045735988584,0.00696531398722857,EPHB2/CARD11/BST1/STAT5A/CDKN1A/TNFSF13B/SLC39A10/IL2RG/CLCF1/ATAD5/NOD2/TFRC/NCKAP1L/CD38,14,Nominal,B_higher,GO_BP,NA,NA,positive regulation of B cell activation
GO:0045103,intermediate filament-based process,15/1161,97/18860,0.15463917525773196,2.512054130371081,3.823870202851964,8.357772660825143e-4,0.00912191187552915,0.00705607874479974,KRT19/KRT15/KRT18/EPPK1/KRT80/KRT6B/FAM83H/KRT7/KRT14/KRT6C/KRT17/KRT6A/KRT16/NEFM/KRT20,15,Nominal,B_higher,GO_BP,NA,NA,intermediate filament-based process
GO:0071692,protein localization to extracellular region,41/1161,398/18860,0.10301507537688442,1.67344041482174,3.477782470629168,8.657183248542647e-4,0.00939031505158102,0.00726369683752182,CAMK2G/PCSK5/STX1A/NMU/RHBDF1/SEC24A/C2CD2L/GAL/IL1RN/ADRA2A/ACHE/CASP1/RBP4/MCU/F2RL1/SAA1/PDIA4/FFAR2/JAK2/ABCA12/PCK2/GZMB/CFTR/RSAD2/F2RL2/HNF4A/MLXIPL/NOS2/MTTP/ADAM8/HLA-DRB1/FAM3D/TNF/NR1H4/TREM2/VSNL1/CD38/SCG2/KRT20/GCG/PLEK,41,Nominal,B_higher,GO_BP,NA,NA,protein localization to extracellular region
GO:0016486,peptide hormone processing,9/1161,42/18860,0.21428571428571427,3.480989294942783,4.122530514863435,8.657703382729548e-4,0.00939031505158102,0.00726369683752182,PCSK5/PREP/CTSZ/ACE2/PLA2G7/MEP1A/DPP4/ANPEP/MME,9,Nominal,B_higher,GO_BP,NA,NA,peptide hormone processing
GO:0071398,cellular response to fatty acid,9/1161,42/18860,0.21428571428571427,3.480989294942783,4.122530514863435,8.657703382729548e-4,0.00939031505158102,0.00726369683752182,CLDN1/AKR1C4/CCNB1/LDLR/FFAR2/CPS1/E2F1/ASS1/NR1H4,9,Nominal,B_higher,GO_BP,NA,NA,cellular response to fatty acid
GO:0046475,glycerophospholipid catabolic process,8/1161,34/18860,0.2352941176470588,3.822262755231291,4.218508721823872,8.673926019971996e-4,0.00939031505158102,0.00726369683752182,SCARB1/GDPD3/PLA2G4A/LDLR/PLA2G4F/PLA2G7/PLB1/PLA2G4D,8,Nominal,B_higher,GO_BP,NA,NA,glycerophospholipid catabolic process
GO:0046470,phosphatidylcholine metabolic process,13/1161,78/18860,0.16666666666666666,2.707436118288831,3.8700976458642833,8.911696367794441e-4,0.00962823276261912,0.00744773348759854,SCARB1/MFSD2A/PLA2G3/LPCAT1/GDPD3/ABHD3/PLA2G4A/LDLR/LPGAT1/PLA2G2A/PLA2G7/PLB1/APOA4,13,Nominal,B_higher,GO_BP,NA,NA,phosphatidylcholine metabolic process
GO:0001960,negative regulation of cytokine-mediated signaling pathway,16/1161,108/18860,0.14814814814814814,2.4066098829234055,3.75459260588723,9.185866430407594e-4,0.00988450979272028,0.0076459716343327,ANXA4/OAS3/PYDC1/OAS1/USP18/TNFRSF11B/MMP12/IL1RN/ECM1/F2RL1/ISG15/PARP14/PADI2/NLRC5/NR1H4/TREM2,16,Nominal,B_higher,GO_BP,NA,NA,negative regulation of cytokine-mediated signaling pathway
GO:0050764,regulation of phagocytosis,16/1161,108/18860,0.14814814814814814,2.4066098829234055,3.75459260588723,9.185866430407594e-4,0.00988450979272028,0.0076459716343327,SCARB1/LYAR/F2RL1/TGM2/CYBA/IL2RG/ITGA2/C2/PYCARD/HCK/FPR2/FCGR2C/NCKAP1L/TREM2/FGR/FCN1,16,Nominal,B_higher,GO_BP,NA,NA,regulation of phagocytosis
GO:0046434,organophosphate catabolic process,29/1161,253/18860,0.11462450592885376,1.862031164356746,3.535461596163941,9.36809319190222e-4,0.01006035389363314,0.00778199244222695,UPP1/LDHA/ACOT7/SCARB1/LIPG/XDH/PLBD1/PFKP/GDA/HKDC1/ENTPD7/PFKFB4/GDPD3/GALM/FITM2/PLA2G4A/ENTPD2/LDLR/PLA2G4F/PLD1/GPD1/VNN1/PLA2G7/APOC2/ENTPD3/MLXIPL/PLB1/NT5E/PLA2G4D,29,Nominal,B_higher,GO_BP,NA,NA,organophosphate catabolic process
GO:0002698,negative regulation of immune effector process,19/1161,140/18860,0.1357142857142857,2.2046265534637626,3.6640770967135143,9.625014007329536e-4,0.01031554607438844,0.0079793914247031,CEACAM1/CD55/ANXA1/LGALS3/IL20RB/DUSP10/STAT5A/IL13RA2/CD274/ASCL2/BST2/FGL2/C4BPA/NCKAP1L/IL4I1/TNF/SLAMF8/SERPINB9/IL4R,19,Nominal,B_higher,GO_BP,NA,NA,negative regulation of immune effector process
GO:0010720,positive regulation of cell development,45/1161,451/18860,0.09977827050997784,1.620859760394644,3.417966175026,9.705211379257688e-4,0.01038069409125402,0.00802978541483846,LYN/TNFRSF1B/TNFRSF11A/IL18/AURKA/PLA2G3/ANXA1/LRP8/EPHB2/TNFRSF12A/NEDD9/ZNF488/CLCN2/DUSP10/STAT5A/LIF/ASPM/MYB/TGM2/IL2RG/MDK/CLCF1/VNN1/TNFSF9/SRF/E2F1/SEMA7A/PAX6/ADAM8/HOXA11/LILRB2/MME/NCKAP1L/TTBK1/CCR1/HLA-DRB1/IL4I1/TNF/LEF1/TREM2/PF4/IL4R/PCK1/SERPINE2/GPR65,45,Nominal,B_higher,GO_BP,NA,NA,positive regulation of cell development
GO:0030277,maintenance of gastrointestinal epithelium,7/1161,27/18860,0.25925925925925924,4.21156729511596,4.277009658694718,9.821511988586222e-4,0.01043135096168603,0.00806897005854153,MUC13/NR1I2/TFF3/RBP4/NOD2/SERPINA3/MUC2,7,Nominal,B_higher,GO_BP,NA,NA,maintenance of gastrointestinal epithelium
GO:0034377,plasma lipoprotein particle assembly,7/1161,27/18860,0.25925925925925924,4.21156729511596,4.277009658694718,9.821511988586222e-4,0.01043135096168603,0.00806897005854153,MFSD2A/CIDEB/MTTP/DGAT1/APOC3/APOA4/APOB,7,Nominal,B_higher,GO_BP,NA,NA,plasma lipoprotein particle assembly
GO:0019722,calcium-mediated signaling,28/1161,242/18860,0.11570247933884298,1.879542429225305,3.526947866623954,9.844137478495568e-4,0.01043135096168603,0.00806897005854153,GRIN2D/CCRL2/PTBP1/CALM2/HTR2B/JPH1/FHL2/GBP1/MCU/TRPM2/BST1/ERBB3/MCTP2/NMUR2/CCR6/GNA15/CXCR2/CCL20/NR5A2/CHP2/NFAM1/FPR2/FCGR3A/CCR1/TNF/TREM2/CCL3/PLEK,28,Nominal,B_higher,GO_BP,NA,NA,calcium-mediated signaling
GO:0000076,DNA replication checkpoint signaling,6/1161,20/18860,0.3,4.873385012919897,4.438807303386096,9.850097673245043e-4,0.01043135096168603,0.00806897005854153,HUS1/CDC45/ORC1/CDC6/CLSPN/CDT1,6,Nominal,B_higher,GO_BP,NA,NA,DNA replication checkpoint signaling
GO:0051923,sulfation,6/1161,20/18860,0.3,4.873385012919897,4.438807303386096,9.850097673245043e-4,0.01043135096168603,0.00806897005854153,EXT1/SULT4A1/SULT1A4/SULT2B1/CHST5/SULT1C3,6,Nominal,B_higher,GO_BP,NA,NA,sulfation
GO:0002790,peptide secretion,30/1161,266/18860,0.11278195488721804,1.8320996289172544,3.500505858520175,0.00100426853634313,0.01058635373601926,0.00818886946080299,CAMK2G/STX1A/NMU/EDN3/C2CD2L/GAL/IL1RN/ADRA2A/RBP4/MCU/F2RL1/FFAR2/JAK2/ABCA12/PCK2/CFTR/F2RL2/HNF4A/MLXIPL/NOS2/MMP7/S100A8/HLA-DRB1/FAM3D/TNF/NR1H4/SLC16A2/VSNL1/CD38/GCG,30,Nominal,B_higher,GO_BP,NA,NA,peptide secretion
GO:0032640,tumor necrosis factor production,24/1161,196/18860,0.12244897959183672,1.9891367399673048,3.5651932996403093,0.00100558483505942,0.01058635373601926,0.00818886946080299,OAS3/OAS1/EPHB2/MYD88/NOD1/LILRA2/CYBA/HSPB1/OAS2/TMEM106A/LILRA4/JAK2/ARG2/PYCARD/NOD2/CARD9/TLR1/CLEC4A/FCGR2C/FCGR3A/NR1H4/TREM2/PF4/CCL3,24,Nominal,B_higher,GO_BP,NA,NA,tumor necrosis factor production
GO:0032680,regulation of tumor necrosis factor production,24/1161,196/18860,0.12244897959183672,1.9891367399673048,3.5651932996403093,0.00100558483505942,0.01058635373601926,0.00818886946080299,OAS3/OAS1/EPHB2/MYD88/NOD1/LILRA2/CYBA/HSPB1/OAS2/TMEM106A/LILRA4/JAK2/ARG2/PYCARD/NOD2/CARD9/TLR1/CLEC4A/FCGR2C/FCGR3A/NR1H4/TREM2/PF4/CCL3,24,Nominal,B_higher,GO_BP,NA,NA,regulation of tumor necrosis factor production
GO:0072678,T cell migration,13/1161,79/18860,0.16455696202531644,2.673164775019353,3.8167523146666182,0.00100771780912987,0.01058796629317593,0.00819011682324556,CXCL16/RIPK3/ECM1/CCR6/ASCL2/CCL20/PYCARD/CXCL10/ADAM8/CCL26/ICAM1/CCL3/CXCL11,13,Nominal,B_higher,GO_BP,NA,NA,T cell migration
GO:0010389,regulation of G2/M transition of mitotic cell cycle,16/1161,109/18860,0.14678899082568808,2.384530893171815,3.7128273808842858,0.00101640220371884,0.01065827252056545,0.0082445008475027,AURKA/CDC25B/CDC25A/CHEK1/HUS1/ORC1/CCNB1/BRCA1/CDC6/CDKN1A/KIF14/CLSPN/CENPF/FBXO5/BLM/DTL,16,Nominal,B_higher,GO_BP,NA,NA,regulation of G2/M transition of mitotic cell cycle
GO:0007143,female meiotic nuclear division,9/1161,43/18860,0.20930232558139536,3.4000360555255096,4.035319043676366,0.00103597938949326,0.01074746888676238,0.00831349697377793,AURKA/TRIP13/CDC25B/SKA1/SKA3/TOP2A/CCNB2/FBXO5/EREG,9,Nominal,B_higher,GO_BP,NA,NA,female meiotic nuclear division
GO:0045066,regulatory T cell differentiation,9/1161,43/18860,0.20930232558139536,3.4000360555255096,4.035319043676366,0.00103597938949326,0.01074746888676238,0.00831349697377793,FANCD2/FANCA/DUSP10/IL2RG/MDK/IRF1/LILRB2/HLA-DRB1/IL4I1,9,Nominal,B_higher,GO_BP,NA,NA,regulatory T cell differentiation
GO:0046461,neutral lipid catabolic process,9/1161,43/18860,0.20930232558139536,3.4000360555255096,4.035319043676366,0.00103597938949326,0.01074746888676238,0.00831349697377793,LIPG/MGLL/PNPLA3/CPS1/APOC2/PLB1/APOC3/APOA4/APOB,9,Nominal,B_higher,GO_BP,NA,NA,neutral lipid catabolic process
GO:0046464,acylglycerol catabolic process,9/1161,43/18860,0.20930232558139536,3.4000360555255096,4.035319043676366,0.00103597938949326,0.01074746888676238,0.00831349697377793,LIPG/MGLL/PNPLA3/CPS1/APOC2/PLB1/APOC3/APOA4/APOB,9,Nominal,B_higher,GO_BP,NA,NA,acylglycerol catabolic process
GO:0034340,response to type I interferon,15/1161,99/18860,0.15151515151515152,2.461305562080756,3.733633790533022,0.00103696595840863,0.01074746888676238,0.00831349697377793,OAS3/OAS1/TRAF3/USP18/MYD88/MMP12/ISG15/OAS2/IKBKE/NLRC5/ZBP1/STAT1/IFIT1/MX1/CH25H,15,Nominal,B_higher,GO_BP,NA,NA,response to type I interferon
GO:0051781,positive regulation of cell division,15/1161,99/18860,0.15151515151515152,2.461305562080756,3.733633790533022,0.00103696595840863,0.01074746888676238,0.00831349697377793,HTR2B/ECT2/CDC25B/CDCA8/MACC1/BIRC5/KIF23/SVIL/KIF20B/INCENP/RACGAP1/CDC6/KIF14/MDK/EREG,15,Nominal,B_higher,GO_BP,NA,NA,positive regulation of cell division
GO:0010743,regulation of macrophage derived foam cell differentiation,8/1161,35/18860,0.22857142857142856,3.713055247938969,4.114586936914071,0.00106448123951687,0.01099004955393101,0.00850114056350606,IL18/PLA2G3/PLA2G2A/AGT/CSF2/TNF/PF4/APOB,8,Nominal,B_higher,GO_BP,NA,NA,regulation of macrophage derived foam cell differentiation
GO:0040020,regulation of meiotic nuclear division,8/1161,35/18860,0.22857142857142856,3.713055247938969,4.114586936914071,0.00106448123951687,0.01099004955393101,0.00850114056350606,RAD51AP1/TRIP13/CDC20/LIF/MSX2/ZWINT/FBXO5/MSX1,8,Nominal,B_higher,GO_BP,NA,NA,regulation of meiotic nuclear division
GO:0009064,glutamine family amino acid metabolic process,12/1161,70/18860,0.17142857142857143,2.7847914359542267,3.831547190595037,0.00107588899301658,0.01104386628532184,0.00854276945662222,AGMAT/OTC/ARHGAP11B/FOLH1B/FOLH1/CPS1/ASS1/NOS2/PFAS/RIMKLA/NAGS/NR1H4,12,Nominal,B_higher,GO_BP,NA,NA,glutamine family amino acid metabolic process
GO:0014015,positive regulation of gliogenesis,12/1161,70/18860,0.17142857142857143,2.7847914359542267,3.831547190595037,0.00107588899301658,0.01104386628532184,0.00854276945662222,LYN/TNFRSF1B/ZNF488/CLCN2/LIF/MYB/MDK/CLCF1/E2F1/TTBK1/TNF/SERPINE2,12,Nominal,B_higher,GO_BP,NA,NA,positive regulation of gliogenesis
GO:0051445,regulation of meiotic cell cycle,12/1161,70/18860,0.17142857142857143,2.7847914359542267,3.831547190595037,0.00107588899301658,0.01104386628532184,0.00854276945662222,RAD51AP1/TRIP13/CDC25B/CDC25A/CDC20/LIF/ASPM/MSX2/ZWINT/FBXO5/OVOL1/MSX1,12,Nominal,B_higher,GO_BP,NA,NA,regulation of meiotic cell cycle
GO:1902106,negative regulation of leukocyte differentiation,17/1161,120/18860,0.14166666666666666,2.301320700545507,3.662614779510324,0.00107838331389761,0.01104826429640701,0.00854617145315111,CEACAM1/LYN/ANXA1/HMGB3/TNFRSF11B/STAT5A/MDK/IRF1/LILRB3/ASCL2/FGL2/TMEM176B/TNFAIP6/CCL3/IL4R/INHBA/TMEM176A,17,Nominal,B_higher,GO_BP,NA,NA,negative regulation of leukocyte differentiation
GO:0002002,regulation of angiotensin levels in blood,5/1161,14/18860,0.35714285714285715,5.801648824904639,4.603052138093483,0.00109827192457954,0.01110313469310288,0.00858861538871282,PREP/CTSZ/ACE2/ANPEP/MME,5,Nominal,B_higher,GO_BP,NA,NA,regulation of angiotensin levels in blood
GO:0003334,keratinocyte development,5/1161,14/18860,0.35714285714285715,5.801648824904639,4.603052138093483,0.00109827192457954,0.01110313469310288,0.00858861538871282,SFN/TFAP2C/BCL11B/ABCA12/CDSN,5,Nominal,B_higher,GO_BP,NA,NA,keratinocyte development
GO:0006568,L-tryptophan metabolic process,5/1161,14/18860,0.35714285714285715,5.801648824904639,4.603052138093483,0.00109827192457954,0.01110313469310288,0.00858861538871282,KYNU/TDO2/IL4I1/IDO1/ACMSD,5,Nominal,B_higher,GO_BP,NA,NA,L-tryptophan metabolic process
GO:0030836,positive regulation of actin filament depolymerization,5/1161,14/18860,0.35714285714285715,5.801648824904639,4.603052138093483,0.00109827192457954,0.01110313469310288,0.00858861538871282,VIL1/WDR1/CFL1/F2RL1/PLEK,5,Nominal,B_higher,GO_BP,NA,NA,positive regulation of actin filament depolymerization
GO:0042362,fat-soluble vitamin biosynthetic process,5/1161,14/18860,0.35714285714285715,5.801648824904639,4.603052138093483,0.00109827192457954,0.01110313469310288,0.00858861538871282,CYP27B1/SNAI1/GFI1/TNF/CYP3A4,5,Nominal,B_higher,GO_BP,NA,NA,fat-soluble vitamin biosynthetic process
GO:0045605,negative regulation of epidermal cell differentiation,5/1161,14/18860,0.35714285714285715,5.801648824904639,4.603052138093483,0.00109827192457954,0.01110313469310288,0.00858861538871282,EZH2/MSX2/HES5/REG3G/REG3A,5,Nominal,B_higher,GO_BP,NA,NA,negative regulation of epidermal cell differentiation
GO:0045683,negative regulation of epidermis development,5/1161,14/18860,0.35714285714285715,5.801648824904639,4.603052138093483,0.00109827192457954,0.01110313469310288,0.00858861538871282,EZH2/MSX2/HES5/REG3G/REG3A,5,Nominal,B_higher,GO_BP,NA,NA,negative regulation of epidermis development
GO:0042572,retinol metabolic process,10/1161,52/18860,0.19230769230769232,3.123964751871729,3.928065711968609,0.00111064761802049,0.01118595755399922,0.00865268141306478,SDR16C5/DHRS9/RBP4/ADH6/ADH4/DGAT1/PLB1/CYP2D6/CYP3A4/CYP1A1,10,Nominal,B_higher,GO_BP,NA,NA,retinol metabolic process
GO:0089718,amino acid import across plasma membrane,10/1161,52/18860,0.19230769230769232,3.123964751871729,3.928065711968609,0.00111064761802049,0.01118595755399922,0.00865268141306478,SLC6A14/SLC43A2/SLC6A20/ARL6IP1/ACE2/SLC6A7/RGS2/TNF/TSPO2/SLC16A2,10,Nominal,B_higher,GO_BP,NA,NA,amino acid import across plasma membrane
GO:0051293,establishment of spindle localization,11/1161,61/18860,0.18032786885245905,2.929357111591195,3.8655495026222906,0.00111622463963975,0.01119994253807392,0.00866349922738072,GPSM2/CFL1/SKA1/ESPL1/MAD2L1/CENPA/SPAG5/TLE6/SKA3/NUSAP1/PAX6,11,Nominal,B_higher,GO_BP,NA,NA,establishment of spindle localization
GO:1904645,response to amyloid-beta,11/1161,61/18860,0.18032786885245905,2.929357111591195,3.8655495026222906,0.00111622463963975,0.01119994253807392,0.00866349922738072,EPHB2/MMP12/LRP1/MMP3/FPR2/LCN2/TNF/TREM2/ICAM1/APOB/MMP9,11,Nominal,B_higher,GO_BP,NA,NA,response to amyloid-beta
GO:0006939,smooth muscle contraction,16/1161,110/18860,0.14545454545454545,2.3628533395975255,3.671520054692541,0.00112290054819381,0.01124582796206089,0.00869899301084503,ADORA2B/NMU/HTR2B/EDN3/ADRA2A/HTR1D/NMUR2/TBX3/ITGA2/SRF/BDKRB2/NPNT/RGS2/TIFAB/CD38/PROK2,16,Nominal,B_higher,GO_BP,NA,NA,smooth muscle contraction
GO:0042093,T-helper cell differentiation,14/1161,90/18860,0.15555555555555556,2.526940377069576,3.718880928153946,0.00115917985039549,0.01158746512133666,0.00896325983680138,IL18/ANXA1/ENTPD7/SOCS3/STAT5A/MYB/ASCL2/BATF/JAK2/HLA-DRB1/LEF1/IL4R/GPR65/IRF4,14,Nominal,B_higher,GO_BP,NA,NA,T-helper cell differentiation
GO:0140888,interferon-mediated signaling pathway,17/1161,121/18860,0.14049586776859505,2.2823015212021556,3.62418795395529,0.0011843056301453,0.01181654199630053,0.0091404578288905,OAS3/OAS1/TRAF3/USP18/MYD88/PARP9/MMP12/ISG15/PARP14/OAS2/IRF1/JAK2/IKBKE/NLRC5/ZBP1/STAT1/HCK,17,Nominal,B_higher,GO_BP,NA,NA,interferon-mediated signaling pathway
GO:0060759,regulation of response to cytokine stimulus,25/1161,210/18860,0.11904761904761904,1.9338829416348793,3.4854892483820055,0.00119855924291153,0.01191963938268521,0.00922020682083866,IRAK2/ANXA4/OAS3/PYDC1/OAS1/EXT1/USP18/AGPAT2/TNFRSF11B/PARP9/MMP12/IL1RN/CASP1/ECM1/F2RL1/ISG15/PARP14/PADI2/IKBKE/NLRC5/ZBP1/PYCARD/GFI1/NR1H4/TREM2,25,Nominal,B_higher,GO_BP,NA,NA,regulation of response to cytokine stimulus
GO:0050708,regulation of protein secretion,31/1161,281/18860,0.1103202846975089,1.7921107402196537,3.4263282735966967,0.00119909610843018,0.01191963938268521,0.00922020682083866,STX1A/NMU/RHBDF1/SEC24A/C2CD2L/ADRA2A/ACHE/RBP4/MCU/F2RL1/SAA1/FFAR2/JAK2/ABCA12/PCK2/CFTR/RSAD2/F2RL2/HNF4A/MLXIPL/NOS2/ADAM8/HLA-DRB1/FAM3D/TNF/NR1H4/TREM2/VSNL1/CD38/KRT20/GCG,31,Nominal,B_higher,GO_BP,NA,NA,regulation of protein secretion
GO:0002761,regulation of myeloid leukocyte differentiation,18/1161,132/18860,0.13636363636363635,2.21517500587268,3.588237403913897,0.00122382921335774,0.01214292881825085,0.00939292805096363,CEACAM1/LYN/TNFRSF11A/PLA2G3/NEDD9/TNFRSF11B/STAT5A/LIF/LILRB3/CCR1/HLA-DRB1/TNF/LEF1/TREM2/PF4/TNFAIP6/CCL3/INHBA,18,Nominal,B_higher,GO_BP,NA,NA,regulation of myeloid leukocyte differentiation
GO:0034284,response to monosaccharide,26/1161,222/18860,0.11711711711711711,1.902522677716476,3.464463835869283,0.00122897320441212,0.01217138647628899,0.00941494092268939,C2CD2L/ADRA2A/RASAL2/CYBA/ITGA2/SRF/ABCA12/PCK2/KHK/SESN2/CFTR/HNF4A/MLXIPL/LCN2/CA1/NPTX1/HLA-DRB1/TNF/SLC2A5/NR1H4/TREM2/VSNL1/ICAM1/PCK1/REG3A/GCG,26,Nominal,B_higher,GO_BP,NA,NA,response to monosaccharide
GO:0046632,alpha-beta T cell differentiation,19/1161,143/18860,0.13286713286713286,2.1583756467477397,3.561233028433934,0.00124442934842575,0.01230167866059326,0.0095157259253103,IL18/ANXA1/ENTPD7/SOCS3/STAT5A/BCL11B/MYB/IL2RG/IRF1/ASCL2/BATF/JAK2/RSAD2/NCKAP1L/HLA-DRB1/LEF1/IL4R/GPR65/IRF4,19,Nominal,B_higher,GO_BP,NA,NA,alpha-beta T cell differentiation
GO:1903035,negative regulation of response to wounding,15/1161,101/18860,0.1485148514851485,2.4125668380791567,3.645574074255347,0.00127754897515671,0.01259934175334267,0.00974597746144878,F12/ANXA2/CEACAM1/CD9/TFPI/EPPK1/PLAUR/MDK/RTN4R/SIGLEC10/SPP1/TNF/PF4/SERPINE2/REG3A,15,Nominal,B_higher,GO_BP,NA,NA,negative regulation of response to wounding
GO:0043299,leukocyte degranulation,13/1161,81/18860,0.16049382716049382,2.6071607065003564,3.712501687752555,0.00127925253778329,0.01259934175334267,0.00974597746144878,ADORA2B/CEACAM1/LYN/PLA2G3/F2RL1/IL13RA2/HCK/MILR1/FCGR3A/NCKAP1L/CCL3/IL4R/FGR,13,Nominal,B_higher,GO_BP,NA,NA,leukocyte degranulation
GO:0050673,epithelial cell proliferation,48/1161,496/18860,0.0967741935483871,1.572059681587063,3.306736671699264,0.00128464803817485,0.01260209790945232,0.00974810943277322,CEACAM1/SERPINB5/SCARB1/BAK1/FGFBP1/SDR16C5/HTR2B/CDH3/RPS6KA1/CLDN1/SFN/ZNF703/F3/AREG/VDR/EPHA2/EPPK1/MMP12/TFAP2C/MARVELD3/FERMT1/HMOX1/DUSP10/ECM1/STAT5A/ERBB3/BCL11B/CDKN1A/CYBA/BRCA2/MDK/IQGAP3/STAT1/OVOL1/UHRF1/HES5/KLK8/NOD2/PAX6/C5AR1/EREG/REG3G/TNF/CCL26/DACH1/REG3A/SCG2/PROK2,48,Nominal,B_higher,GO_BP,NA,NA,epithelial cell proliferation
GO:0001892,embryonic placenta development,14/1161,91/18860,0.15384615384615383,2.499171801497383,3.6715767352342064,0.0012939279450809,0.01260209790945232,0.00974810943277322,ST14/KRT19/MDFI/CDX2/PLK4/SOCS3/LIF/PLCD3/ASCL2/SNAI1/E2F7/CSF2/LEF1/GJB5,14,Nominal,B_higher,GO_BP,NA,NA,embryonic placenta development
GO:0010332,response to gamma radiation,10/1161,53/18860,0.18867924528301888,3.0650220207043377,3.8557062125342862,0.00129466261753263,0.01260209790945232,0.00974810943277322,BAK1/CHEK2/FANCD2/APOBEC1/RAD51/CDKN1A/CYBA/BRCA2/PML/CXCL10,10,Nominal,B_higher,GO_BP,NA,NA,response to gamma radiation
GO:0002385,mucosal immune response,8/1161,36/18860,0.2222222222222222,3.609914824385109,4.014419032600818,0.00129575284657184,0.01260209790945232,0.00974810943277322,CLDN2/PIGR/GP2/FFAR2/NOS2/APOA4/DEFA3/BPIFB1,8,Nominal,B_higher,GO_BP,NA,NA,mucosal immune response
GO:0046471,phosphatidylglycerol metabolic process,8/1161,36/18860,0.2222222222222222,3.609914824385109,4.014419032600818,0.00129575284657184,0.01260209790945232,0.00974810943277322,PLA2G3/LPCAT1/PLA2G4A/PLA2G4F/LPGAT1/PLA2G2A/PLB1/PLA2G4D,8,Nominal,B_higher,GO_BP,NA,NA,phosphatidylglycerol metabolic process
GO:1902749,regulation of cell cycle G2/M phase transition,17/1161,122/18860,0.13934426229508196,2.263594131684105,3.586137801684025,0.00129891665613375,0.01260209790945232,0.00974810943277322,AURKA/CDC25B/CDC25A/CHEK1/HUS1/ORC1/CCNB1/BRCA1/CDC6/CDKN1A/KIF14/CLSPN/CENPF/FBXO5/BLM/ATAD5/DTL,17,Nominal,B_higher,GO_BP,NA,NA,regulation of cell cycle G2/M phase transition
GO:0002544,chronic inflammatory response,6/1161,21/18860,0.2857142857142857,4.641319059923711,4.276027939180655,0.00130780933802282,0.01260209790945232,0.00974810943277322,ADORA2B/VNN1/S100A9/S100A8/TNF/IDO1,6,Nominal,B_higher,GO_BP,NA,NA,chronic inflammatory response
GO:0042359,vitamin D metabolic process,6/1161,21/18860,0.2857142857142857,4.641319059923711,4.276027939180655,0.00130780933802282,0.01260209790945232,0.00974810943277322,CYP27B1/SNAI1/GFI1/TNF/CYP3A4/CYP1A1,6,Nominal,B_higher,GO_BP,NA,NA,vitamin D metabolic process
GO:0043011,myeloid dendritic cell differentiation,6/1161,21/18860,0.2857142857142857,4.641319059923711,4.276027939180655,0.00130780933802282,0.01260209790945232,0.00974810943277322,BATF/ITGB8/BATF3/UBD/CSF2/IRF4,6,Nominal,B_higher,GO_BP,NA,NA,myeloid dendritic cell differentiation
GO:0043691,reverse cholesterol transport,6/1161,21/18860,0.2857142857142857,4.641319059923711,4.276027939180655,0.00130780933802282,0.01260209790945232,0.00974810943277322,SCARB1/LIPG/LRP1/APOC2/APOC3/APOA4,6,Nominal,B_higher,GO_BP,NA,NA,reverse cholesterol transport
GO:0048245,eosinophil chemotaxis,6/1161,21/18860,0.2857142857142857,4.641319059923711,4.276027939180655,0.00130780933802282,0.01260209790945232,0.00974810943277322,LGALS3/CCL13/CCL26/CCL3/CCL25/SCG2,6,Nominal,B_higher,GO_BP,NA,NA,eosinophil chemotaxis
GO:2000193,positive regulation of fatty acid transport,6/1161,21/18860,0.2857142857142857,4.641319059923711,4.276027939180655,0.00130780933802282,0.01260209790945232,0.00974810943277322,TNFRSF11A/PLA2G3/CYP4F2/ACSL5/PLA2G4A/PLA2R1,6,Nominal,B_higher,GO_BP,NA,NA,positive regulation of fatty acid transport
GO:0006694,steroid biosynthetic process,22/1161,177/18860,0.12429378531073448,2.019104901774722,3.4888579894552953,0.00131547247825351,0.01265314175125865,0.00978759341070868,HSD17B11/STARD4/MVD/CYP27B1/CLCN2/MSMO1/ACAA2/NPC1L1/SQLE/HSD17B2/SNAI1/CFTR/NR5A2/GFI1/TNF/NR1H4/APOB/INHBA/PCK1/CYP3A4/CH25H/CYP1A1,22,Nominal,B_higher,GO_BP,NA,NA,steroid biosynthetic process
GO:0003018,vascular process in circulatory system,31/1161,283/18860,0.10954063604240284,1.7794456466491968,3.383703795185595,0.00134445239867816,0.01290867401818823,0.00998525546027629,ADORA2B/CEACAM1/SCARB1/MFSD2A/SLC29A2/HTR2B/SLC27A4/EXT1/EDN3/SLC6A20/ADRA2A/LRP1/HTR1D/F2RL1/SLC5A1/ACE2/FLVCR2/NTS/CPS1/SLCO2B1/BDKRB2/AGT/TFRC/P2RY2/ABCG2/C2CD4A/RGS2/TNF/UTS2/SLC16A2/CD38,31,Nominal,B_higher,GO_BP,NA,NA,vascular process in circulatory system
GO:0002832,negative regulation of response to biotic stimulus,19/1161,144/18860,0.13194444444444445,2.1433869269786583,3.527516270911565,0.00135282342143271,0.01296576999609709,0.01002942095119899,CEACAM1/OAS3/OAS1/SFN/USP18/MICB/MMP12/LYAR/LILRA2/DUSP10/ISG15/PARP14/CD274/NLRC5/ARG2/FGL2/IL4I1/SLAMF8/SERPINB9,19,Nominal,B_higher,GO_BP,NA,NA,negative regulation of response to biotic stimulus
GO:0032890,regulation of organic acid transport,12/1161,72/18860,0.16666666666666666,2.707436118288831,3.7176757792016817,0.00138756446122476,0.01327494586517001,0.0102685779730973,CLDN2/TNFRSF11A/PLA2G3/SLC43A2/CYP4F2/ARL6IP1/ACSL5/PLA2G4A/ACE2/RGS2/TNF/PLA2R1,12,Nominal,B_higher,GO_BP,NA,NA,regulation of organic acid transport
GO:0042098,T cell proliferation,26/1161,224/18860,0.11607142857142858,1.8855358680940075,3.4147183666656655,0.00139951577084694,0.01336537561158836,0.0103385281568205,CD55/TNFRSF1B/IL18/ANXA1/LGALS3/HHLA2/RIPK3/CARD11/IL20RB/STAT5A/TNFSF13B/PLA2G2A/IRF1/TNFSF9/CD274/JAK2/ARG2/PYCARD/NR5A2/TFRC/TNFRSF9/LILRB2/NCKAP1L/HLA-DRB1/IL4I1/IDO1,26,Nominal,B_higher,GO_BP,NA,NA,T cell proliferation
GO:0070555,response to interleukin-1,17/1161,123/18860,0.13821138211382114,2.24519092736147,3.548457029994545,0.0014227739875838,0.01356327145382925,0.01049160666329743,IRAK2/TNFRSF11A/CFL1/PYDC1/MYD88/IL1RN/GBP1/CASP1/GBP3/CYBA/CHI3L1/ZBP1/PYCARD/LCN2/CCL3/CD38/NLRP7,17,Nominal,B_higher,GO_BP,NA,NA,response to interleukin-1
GO:0016485,protein processing,28/1161,248/18860,0.1129032258064516,1.8340696285182407,3.3863566912994054,0.00143014440474121,0.01360927451344483,0.01052719144153017,F12/ANXA2/S100A10/PCSK9/PCSK5/PREP/TMPRSS4/PRSS3/F3/BMP1/CASP1/CTSS/CTSZ/PLAUR/ACE2/PLA2G7/MEP1A/DPP4/ANPEP/KLK1/PRSS12/KLK6/ADAM8/MME/HPR/SERPINE2/FCN1/NLRP7,28,Nominal,B_higher,GO_BP,NA,NA,protein processing
GO:0002294,"CD4-positive, alpha-beta T cell differentiation involved in immune response",14/1161,92/18860,0.15217391304347827,2.4720068906115418,3.6248983687450074,0.00144152696893073,0.01369322598550899,0.01059213048125228,IL18/ANXA1/ENTPD7/SOCS3/STAT5A/MYB/ASCL2/BATF/JAK2/HLA-DRB1/LEF1/IL4R/GPR65/IRF4,14,Nominal,B_higher,GO_BP,NA,NA,"CD4-positive, alpha-beta T cell differentiation involved in immune response"
GO:1905039,carboxylic acid transmembrane transport,20/1161,156/18860,0.1282051282051282,2.0826431679144854,3.4776147352116733,0.00146451846699503,0.01386483208760434,0.0107248730670167,SLC6A14/SLC16A3/TTYH3/SLC7A7/SLC6A8/SLC43A2/EMB/SLC6A20/SLC35D1/ARL6IP1/ACSL5/ACE2/SLC6A7/SLC7A9/RGS2/SLC16A4/TNF/TSPO2/SLC16A2/SLC3A1,20,Nominal,B_higher,GO_BP,NA,NA,carboxylic acid transmembrane transport
GO:0030073,insulin secretion,25/1161,213/18860,0.11737089201877934,1.9066451537245293,3.4081895167673,0.00146477751112499,0.01386483208760434,0.0107248730670167,CAMK2G/STX1A/C2CD2L/GAL/IL1RN/ADRA2A/RBP4/MCU/F2RL1/FFAR2/JAK2/ABCA12/PCK2/CFTR/F2RL2/HNF4A/MLXIPL/NOS2/HLA-DRB1/FAM3D/TNF/NR1H4/VSNL1/CD38/GCG,25,Nominal,B_higher,GO_BP,NA,NA,insulin secretion
GO:0060761,negative regulation of response to cytokine stimulus,16/1161,113/18860,0.1415929203539823,2.300122719962193,3.550248522057336,0.00150065598587651,0.01417934313156819,0.01096815701040487,ANXA4/OAS3/PYDC1/OAS1/USP18/TNFRSF11B/MMP12/IL1RN/ECM1/F2RL1/ISG15/PARP14/PADI2/NLRC5/NR1H4/TREM2,16,Nominal,B_higher,GO_BP,NA,NA,negative regulation of response to cytokine stimulus
GO:0042180,ketone metabolic process,27/1161,237/18860,0.1139240506329114,1.8506525365518591,3.3752242155386485,0.00151002257621359,0.01424268207687885,0.01101715162818051,CEACAM1/MFSD2A/PDSS1/PLA2G3/CYP4F3/STARD4/DHRS9/CYP4F2/AKR1C4/CLCN2/BRCA1/LPGAT1/KYNU/CBR3/CYP4F12/APOC2/ADH4/TDO2/HSD11B2/MLXIPL/ELOVL5/APOC3/IDO1/NR1H4/APOA4/UGT1A8/INHBA,27,Nominal,B_higher,GO_BP,NA,NA,ketone metabolic process
GO:0050796,regulation of insulin secretion,22/1161,179/18860,0.12290502793296088,1.996545070469976,3.431029688235658,0.0015228883930044,0.01432865188683877,0.01108365191419839,STX1A/C2CD2L/ADRA2A/RBP4/MCU/F2RL1/FFAR2/JAK2/ABCA12/PCK2/CFTR/F2RL2/HNF4A/MLXIPL/NOS2/HLA-DRB1/FAM3D/TNF/NR1H4/VSNL1/CD38/GCG,22,Nominal,B_higher,GO_BP,NA,NA,regulation of insulin secretion
GO:0002700,regulation of production of molecular mediator of immune response,24/1161,202/18860,0.1188118811881188,1.9300534704633256,3.4037067310504354,0.00152717493932275,0.01432865188683877,0.01108365191419839,CD55/TNFRSF1B/IL18/EPHB2/MYD88/PKP3/NOD1/RBP4/F2RL1/IL13RA2/IL2RG/FFAR2/CLCF1/SEMA7A/RSAD2/ATAD5/PYCARD/KLK7/NOD2/CARD9/TFRC/BST2/TNF/IL4R,24,Nominal,B_higher,GO_BP,NA,NA,regulation of production of molecular mediator of immune response
GO:0071466,cellular response to xenobiotic stimulus,24/1161,202/18860,0.1188118811881188,1.9300534704633256,3.4037067310504354,0.00152717493932275,0.01432865188683877,0.01108365191419839,NAT1/NR1I2/CHEK2/TPMT/CES2/NAT2/CYP4F2/CES3/SULT1A4/UGT2B7/CBR3/E2F1/SLCO2B1/CYP4F12/CYP2J2/HNF4A/NOS2/TFRC/S100A12/UGT1A8/SULT1C3/CYP2D6/CYP3A4/CYP1A1,24,Nominal,B_higher,GO_BP,NA,NA,cellular response to xenobiotic stimulus
GO:0060333,type II interferon-mediated signaling pathway,7/1161,29/18860,0.2413793103448276,3.9211143782114113,4.031920359877524,0.00154963537236401,0.01451392289212393,0.0112269647218925,PARP9/PARP14/IRF1/JAK2/NLRC5/STAT1/HCK,7,Nominal,B_higher,GO_BP,NA,NA,type II interferon-mediated signaling pathway
GO:0032755,positive regulation of interleukin-6 production,15/1161,103/18860,0.14563106796116504,2.3657208800582024,3.5595897529396523,0.00156336991616442,0.01453303735984837,0.01124175034921153,ADORA2B/MYD88/NOD1/LILRA2/F2RL1/CYBA/TMEM106A/PYCARD/NOD2/CARD9/NOS2/TLR1/EREG/LILRB2/TNF,15,Nominal,B_higher,GO_BP,NA,NA,positive regulation of interleukin-6 production
GO:0001833,inner cell mass cell proliferation,5/1161,15/18860,0.3333333333333333,5.414872236577662,4.380934641348144,0.00156442192930792,0.01453303735984837,0.01124175034921153,GINS4/GINS1/CHEK1/NCAPG2/BRCA2,5,Nominal,B_higher,GO_BP,NA,NA,inner cell mass cell proliferation
GO:1904478,regulation of intestinal absorption,5/1161,15/18860,0.3333333333333333,5.414872236577662,4.380934641348144,0.00156442192930792,0.01453303735984837,0.01124175034921153,CLDN2/ABCG5/CLDN15/ABCG8/APOA4,5,Nominal,B_higher,GO_BP,NA,NA,regulation of intestinal absorption
GO:1904666,regulation of ubiquitin protein ligase activity,5/1161,15/18860,0.3333333333333333,5.414872236577662,4.380934641348144,0.00156442192930792,0.01453303735984837,0.01124175034921153,MAD2L1/UBE2S/CDC20/FBXO5/UBE2C,5,Nominal,B_higher,GO_BP,NA,NA,regulation of ubiquitin protein ligase activity
GO:0061436,establishment of skin barrier,8/1161,37/18860,0.21621621621621623,3.512349558861187,3.9177577805452297,0.00156526356007342,0.01453303735984837,0.01124175034921153,CLDN4/IL18/CLDN1/SFN/SRF/ABCA12/GRHL3/KRT16,8,Nominal,B_higher,GO_BP,NA,NA,establishment of skin barrier
GO:0032722,positive regulation of chemokine production,12/1161,73/18860,0.1643835616438356,2.6703479522848745,3.662188857085943,0.00156933303930652,0.0145455686208168,0.01125144366409676,ADORA2B/OAS3/IL18/OAS1/MYD88/HMOX1/F2RL1/FFAR2/PYCARD/CARD9/TNF/IL4R,12,Nominal,B_higher,GO_BP,NA,NA,positive regulation of chemokine production
GO:0002287,alpha-beta T cell activation involved in immune response,14/1161,93/18860,0.15053763440860216,2.445426171357654,3.5788297321004525,0.00160290959484645,0.01480545857208784,0.01145247651621958,IL18/ANXA1/ENTPD7/SOCS3/STAT5A/MYB/ASCL2/BATF/JAK2/HLA-DRB1/LEF1/IL4R/GPR65/IRF4,14,Nominal,B_higher,GO_BP,NA,NA,alpha-beta T cell activation involved in immune response
GO:0002293,alpha-beta T cell differentiation involved in immune response,14/1161,93/18860,0.15053763440860216,2.445426171357654,3.5788297321004525,0.00160290959484645,0.01480545857208784,0.01145247651621958,IL18/ANXA1/ENTPD7/SOCS3/STAT5A/MYB/ASCL2/BATF/JAK2/HLA-DRB1/LEF1/IL4R/GPR65/IRF4,14,Nominal,B_higher,GO_BP,NA,NA,alpha-beta T cell differentiation involved in immune response
GO:0009746,response to hexose,25/1161,215/18860,0.11627906976744186,1.8889089197363935,3.3573481247235324,0.00166923688979248,0.01539151532174174,0.0119058093954346,C2CD2L/ADRA2A/RASAL2/CYBA/SRF/ABCA12/PCK2/KHK/SESN2/CFTR/HNF4A/MLXIPL/LCN2/CA1/NPTX1/HLA-DRB1/TNF/SLC2A5/NR1H4/TREM2/VSNL1/ICAM1/PCK1/REG3A/GCG,25,Nominal,B_higher,GO_BP,NA,NA,response to hexose
GO:0043370,"regulation of CD4-positive, alpha-beta T cell differentiation",11/1161,64/18860,0.171875,2.792043496985358,3.677959063078412,0.0016774435239401,0.01543296594975491,0.01193787272812991,IL18/ANXA1/STAT5A/IL2RG/ASCL2/BATF/NCKAP1L/HLA-DRB1/IL4R/GPR65/IRF4,11,Nominal,B_higher,GO_BP,NA,NA,"regulation of CD4-positive, alpha-beta T cell differentiation"
GO:0120254,olefinic compound metabolic process,21/1161,169/18860,0.1242603550295858,2.018561839670963,3.406556217645234,0.00167950377388881,0.01543296594975491,0.01193787272812991,SDR16C5/CYP4F3/DHRS9/CYP4F2/MGLL/AKR1C4/CLCN2/PLA2G4A/RBP4/CYP4F12/CYP2J2/ADH6/ADH4/HSD11B2/ELOVL5/DGAT1/PLB1/CYP2D6/INHBA/CYP3A4/CYP1A1,21,Nominal,B_higher,GO_BP,NA,NA,olefinic compound metabolic process
GO:0045582,positive regulation of T cell differentiation,17/1161,125/18860,0.136,2.2092678725236867,3.474175458389468,0.00170057736667463,0.01559980747337216,0.01206692976623875,IL18/ANXA1/DUSP10/STAT5A/IL2RG/MDK/VNN1/TNFSF9/ADAM8/LILRB2/NCKAP1L/HLA-DRB1/IL4I1/LEF1/IL4R/PCK1/GPR65,17,Nominal,B_higher,GO_BP,NA,NA,positive regulation of T cell differentiation
GO:0010001,glial cell differentiation,29/1161,263/18860,0.11026615969581748,1.791231500312763,3.309490000057318,0.0017086648575512,0.01562229214020204,0.01208432234598158,GPR37L1/LYN/TNFRSF1B/WDR1/CD9/MYD88/ZNF488/CLCN2/TUBA1A/LRP1/DUSP10/LDLR/ERBB3/LIF/MDK/CLCF1/S100A9/LAMC3/HES5/PAX6/C5AR1/FPR2/TPPP/TTBK1/S100A8/TNF/LEF1/TREM2/SERPINE2,29,Nominal,B_higher,GO_BP,NA,NA,glial cell differentiation
GO:0050714,positive regulation of protein secretion,20/1161,158/18860,0.12658227848101267,2.056280596168733,3.4147970261482987,0.00171083870609735,0.01562229214020204,0.01208432234598158,NMU/SEC24A/C2CD2L/ACHE/RBP4/MCU/F2RL1/FFAR2/JAK2/PCK2/CFTR/F2RL2/MLXIPL/ADAM8/HLA-DRB1/NR1H4/TREM2/VSNL1/CD38/GCG,20,Nominal,B_higher,GO_BP,NA,NA,positive regulation of protein secretion
GO:0006909,phagocytosis,28/1161,251/18860,0.11155378486055775,1.8121484775797756,3.3175070376088,0.00171204648217617,0.01562229214020204,0.01208432234598158,SCARB1/LYN/ANXA1/MYD88/CLCN2/LYAR/LRP1/LDLR/F2RL1/TGM2/SH3BP1/CYBA/IL2RG/ITGA2/C2/NCF2/PYCARD/HCK/P2RY6/NOS2/FPR2/FCGR2C/C4BPA/NCKAP1L/TREM2/FGR/FCN1/CEBPE,28,Nominal,B_higher,GO_BP,NA,NA,phagocytosis
GO:0043300,regulation of leukocyte degranulation,9/1161,46/18860,0.1956521739130435,3.1782945736434107,3.78840177217838,0.00171471306774469,0.01562229214020204,0.01208432234598158,ADORA2B/CEACAM1/LYN/PLA2G3/F2RL1/IL13RA2/NCKAP1L/IL4R/FGR,9,Nominal,B_higher,GO_BP,NA,NA,regulation of leukocyte degranulation
GO:0048706,embryonic skeletal system development,18/1161,136/18860,0.1323529411764706,2.150022799817602,3.4472887653545232,0.00172541494849142,0.01569305976961245,0.01213906327886016,PCSK5/MDFI/EXT1/SLC35D1/FLVCR1/RBP4/HOXB2/MTHFD1L/HOXB6/HOXB3/HOXA9/HOXB5/HOXB9/TFAP2A/HOXC6/HOXA11/HOXB7/HOXC9,18,Nominal,B_higher,GO_BP,NA,NA,embryonic skeletal system development
GO:0010543,regulation of platelet activation,10/1161,55/18860,0.18181818181818185,2.953566674496907,3.7159853186407754,0.00173717548686362,0.01574646526058756,0.0121803740648957,CEACAM1/LYN/CD9/PLA2G4A/EMILIN2/JAK2/PDPN/SELP/SERPINE2/PLEK,10,Nominal,B_higher,GO_BP,NA,NA,regulation of platelet activation
GO:0030865,cortical cytoskeleton organization,10/1161,55/18860,0.18181818181818185,2.953566674496907,3.7159853186407754,0.00173717548686362,0.01574646526058756,0.0121803740648957,VIL1/WDR1/PLS1/ECT2/ANLN/EPB41L2/RACGAP1/IQGAP3/NCKAP1L/PLEK,10,Nominal,B_higher,GO_BP,NA,NA,cortical cytoskeleton organization
GO:0042100,B cell proliferation,14/1161,94/18860,0.14893617021276595,2.419410999321934,3.533355317180805,0.00177905072940649,0.01609875347016233,0.01245287980508955,LYN/EPHB2/CARD11/BST1/CDKN1A/TNFSF13B/SLC39A10/CLCF1/ATAD5/TFRC/MNDA/NCKAP1L/LEF1/CD38,14,Nominal,B_higher,GO_BP,NA,NA,B cell proliferation
GO:0046890,regulation of lipid biosynthetic process,24/1161,205/18860,0.11707317073170732,1.9018087855297157,3.3250244355685017,0.00186534928062444,0.01685116208239785,0.01303489095457692,CEACAM1/SCARB1/MFSD2A/SAMD8/HTR2B/PLA2G3/STARD4/LPCAT1/CLCN2/LDLR/BRCA1/LPGAT1/SNAI1/APOC2/NR5A2/MLXIPL/ELOVL5/APOC3/GFI1/TNF/NR1H4/APOA4/APOB/PCK1,24,Nominal,B_higher,GO_BP,NA,NA,regulation of lipid biosynthetic process
GO:0033674,positive regulation of kinase activity,18/1161,137/18860,0.13138686131386862,2.134329202738641,3.412815050489608,0.00187490329875451,0.01690201373443114,0.01307422626782553,MAP2K3/ECT2/RIPK3/CARD14/NEDD9/EZH2/CENPE/TPX2/CDKN1A/KIF14/CLSPN/MMD/JAK2/CHI3L1/S100A12/EREG/HLA-DRB1/TNF,18,Nominal,B_higher,GO_BP,NA,NA,positive regulation of kinase activity
GO:0010984,regulation of lipoprotein particle clearance,8/1161,38/18860,0.21052631578947367,3.419919307312208,3.8243785515293465,0.00187729920685342,0.01690201373443114,0.01307422626782553,ANXA2/PCSK9/LIPG/LDLR/APOC2/APOC3/NR1H4/TREM2,8,Nominal,B_higher,GO_BP,NA,NA,regulation of lipoprotein particle clearance
GO:0034308,primary alcohol metabolic process,15/1161,105/18860,0.14285714285714285,2.3206595299618553,3.475586169836322,0.00190081966404207,0.01708501439209583,0.01321578289196879,SDR16C5/DHRS9/GDPD3/AKR1C4/CLCN2/RBP4/SULT1A4/ADH6/ADH4/HSD11B2/DGAT1/PLB1/CYP2D6/CYP3A4/CYP1A1,15,Nominal,B_higher,GO_BP,NA,NA,primary alcohol metabolic process
GO:0002763,positive regulation of myeloid leukocyte differentiation,11/1161,65/18860,0.16923076923076924,2.7490889816471213,3.6178328075990263,0.00190901133477173,0.01709995093217555,0.01322733676405344,TNFRSF11A/PLA2G3/NEDD9/STAT5A/LIF/CCR1/HLA-DRB1/TNF/LEF1/TREM2/PF4,11,Nominal,B_higher,GO_BP,NA,NA,positive regulation of myeloid leukocyte differentiation
GO:0003071,renal system process involved in regulation of systemic arterial blood pressure,7/1161,30/18860,0.23333333333333336,3.790410565604364,3.9174607198344376,0.0019152712431513,0.01709995093217555,0.01322733676405344,PCSK5/CYP4F2/F2RL1/CYBA/CYP4F12/HSD11B2/AGT,7,Nominal,B_higher,GO_BP,NA,NA,renal system process involved in regulation of systemic arterial blood pressure
GO:0010165,response to X-ray,7/1161,30/18860,0.23333333333333336,3.790410565604364,3.9174607198344376,0.0019152712431513,0.01709995093217555,0.01322733676405344,XRCC4/RAD51/BRCA2/IKBIP/CCND2/BLM/LCN2,7,Nominal,B_higher,GO_BP,NA,NA,response to X-ray
GO:0065005,protein-lipid complex assembly,7/1161,30/18860,0.23333333333333336,3.790410565604364,3.9174607198344376,0.0019152712431513,0.01709995093217555,0.01322733676405344,MFSD2A/CIDEB/MTTP/DGAT1/APOC3/APOA4/APOB,7,Nominal,B_higher,GO_BP,NA,NA,protein-lipid complex assembly
GO:0032024,positive regulation of insulin secretion,14/1161,95/18860,0.14736842105263157,2.3939435151185453,3.488460176713577,0.00197096760631841,0.01756789126431813,0.01358930296987959,C2CD2L/RBP4/MCU/FFAR2/JAK2/PCK2/CFTR/F2RL2/MLXIPL/HLA-DRB1/NR1H4/VSNL1/CD38/GCG,14,Nominal,B_higher,GO_BP,NA,NA,positive regulation of insulin secretion
GO:1903825,organic acid transmembrane transport,20/1161,160/18860,0.125,2.0305770887166235,3.3529011267579634,0.00199144493178394,0.01769493356072024,0.01368757408448422,SLC6A14/SLC16A3/TTYH3/SLC7A7/SLC6A8/SLC43A2/EMB/SLC6A20/SLC35D1/ARL6IP1/ACSL5/ACE2/SLC6A7/SLC7A9/RGS2/SLC16A4/TNF/TSPO2/SLC16A2/SLC3A1,20,Nominal,B_higher,GO_BP,NA,NA,organic acid transmembrane transport
GO:0044774,mitotic DNA integrity checkpoint signaling,12/1161,75/18860,0.16,2.5991386735572783,3.553957531763979,0.00199183807097112,0.01769493356072024,0.01368757408448422,CHEK2/FANCD2/CHEK1/HUS1/ORC1/BRCA1/CDC6/CDKN1A/CLSPN/NEK11/BLM/DTL,12,Nominal,B_higher,GO_BP,NA,NA,mitotic DNA integrity checkpoint signaling
GO:0036230,granulocyte activation,10/1161,56/18860,0.17857142857142858,2.9008244124523195,3.648479990356184,0.0020003091381097,0.01774071852505917,0.01372299015932813,IL18/ANXA1/MYD88/LILRA2/F2RL1/PLA2G2A/CXCR2/DNASE1L3/TNF/CCL3,10,Nominal,B_higher,GO_BP,NA,NA,granulocyte activation
GO:0042157,lipoprotein metabolic process,13/1161,85/18860,0.15294117647058825,2.4844707909003394,3.5131138329889837,0.00200634004030961,0.01774093609153812,0.01372315845367571,PCSK9/LIPG/APOBEC1/LDLR/NPC1L1/APOL3/APOC2/APOL1/APOL2/MTTP/APOC3/APOA4/APOB,13,Nominal,B_higher,GO_BP,NA,NA,lipoprotein metabolic process
GO:0090207,regulation of triglyceride metabolic process,9/1161,47/18860,0.1914893617021277,3.1106712848424873,3.710578112030859,0.00200696827512725,0.01774093609153812,0.01372315845367571,SCARB1/MFSD2A/CIDEC/APOBEC1/LDLR/CIDEB/APOC2/APOC3/APOA4,9,Nominal,B_higher,GO_BP,NA,NA,regulation of triglyceride metabolic process
GO:1903707,negative regulation of hemopoiesis,17/1161,127/18860,0.13385826771653545,2.174476252483944,3.401288802530679,0.00202265731319093,0.01785011767482689,0.0138076137586249,CEACAM1/LYN/ANXA1/HMGB3/TNFRSF11B/STAT5A/MDK/IRF1/LILRB3/ASCL2/FGL2/TMEM176B/TNFAIP6/CCL3/IL4R/INHBA/TMEM176A,17,Nominal,B_higher,GO_BP,NA,NA,negative regulation of hemopoiesis
GO:0042327,positive regulation of phosphorylation,28/1161,254/18860,0.11023622047244094,1.7907451491044235,3.249585452695717,0.0020405306900444,0.01797818472876029,0.01390667755462504,LYN/IL18/MAP2K3/ECT2/RIPK3/AREG/CARD14/NEDD9/EZH2/PARP9/CENPE/TPX2/LIF/CDKN1A/KIF14/CLSPN/MMD/PLAUR/PARP14/BANK1/JAK2/CHI3L1/S100A12/EREG/TNFRSF18/HLA-DRB1/TNF/MMP9,28,Nominal,B_higher,GO_BP,NA,NA,positive regulation of phosphorylation
GO:0046889,positive regulation of lipid biosynthetic process,15/1161,106/18860,0.14150943396226415,2.298766515528253,3.434299253965424,0.00209105396785379,0.01839302075671401,0.01422756595163683,SCARB1/MFSD2A/HTR2B/PLA2G3/STARD4/LDLR/LPGAT1/APOC2/NR5A2/MLXIPL/ELOVL5/TNF/NR1H4/APOA4/PCK1,15,Nominal,B_higher,GO_BP,NA,NA,positive regulation of lipid biosynthetic process
GO:0001977,renal system process involved in regulation of blood volume,5/1161,16/18860,0.3125,5.076442721791559,4.177879054823303,0.00216108808866827,0.01879268146048447,0.0145367157697327,CYP4F2/F2RL1/CYBA/CYP4F12/HSD11B2,5,Nominal,B_higher,GO_BP,NA,NA,renal system process involved in regulation of blood volume
GO:0010958,regulation of amino acid import across plasma membrane,5/1161,16/18860,0.3125,5.076442721791559,4.177879054823303,0.00216108808866827,0.01879268146048447,0.0145367157697327,SLC43A2/ARL6IP1/ACE2/RGS2/TNF,5,Nominal,B_higher,GO_BP,NA,NA,regulation of amino acid import across plasma membrane
GO:0046462,monoacylglycerol metabolic process,5/1161,16/18860,0.3125,5.076442721791559,4.177879054823303,0.00216108808866827,0.01879268146048447,0.0145367157697327,MGLL/PLA2G4A/MOGAT3/MOGAT2/DGAT1,5,Nominal,B_higher,GO_BP,NA,NA,monoacylglycerol metabolic process
GO:0060457,negative regulation of digestive system process,5/1161,16/18860,0.3125,5.076442721791559,4.177879054823303,0.00216108808866827,0.01879268146048447,0.0145367157697327,NMU/ABCG5/NPSR1/ABCG8/TIFAB,5,Nominal,B_higher,GO_BP,NA,NA,negative regulation of digestive system process
GO:1902222,erythrose 4-phosphate/phosphoenolpyruvate family amino acid catabolic process,5/1161,16/18860,0.3125,5.076442721791559,4.177879054823303,0.00216108808866827,0.01879268146048447,0.0145367157697327,KYNU/TDO2/IL4I1/IDO1/ACMSD,5,Nominal,B_higher,GO_BP,NA,NA,erythrose 4-phosphate/phosphoenolpyruvate family amino acid catabolic process
GO:1902412,regulation of mitotic cytokinesis,5/1161,16/18860,0.3125,5.076442721791559,4.177879054823303,0.00216108808866827,0.01879268146048447,0.0145367157697327,ECT2/CDCA8/BIRC5/KIF20B/INCENP,5,Nominal,B_higher,GO_BP,NA,NA,regulation of mitotic cytokinesis
GO:1903789,regulation of amino acid transmembrane transport,5/1161,16/18860,0.3125,5.076442721791559,4.177879054823303,0.00216108808866827,0.01879268146048447,0.0145367157697327,SLC43A2/ARL6IP1/ACE2/RGS2/TNF,5,Nominal,B_higher,GO_BP,NA,NA,regulation of amino acid transmembrane transport
GO:0001934,positive regulation of protein phosphorylation,26/1161,231/18860,0.11255411255411256,1.8283984175457044,3.244528211148514,0.00216667386498621,0.01881066855510758,0.01455062933936401,IL18/MAP2K3/ECT2/RIPK3/CARD14/NEDD9/EZH2/PARP9/CENPE/TPX2/LIF/CDKN1A/KIF14/CLSPN/MMD/PLAUR/PARP14/BANK1/JAK2/CHI3L1/S100A12/EREG/TNFRSF18/HLA-DRB1/TNF/MMP9,26,Nominal,B_higher,GO_BP,NA,NA,positive regulation of protein phosphorylation
GO:2000377,regulation of reactive oxygen species metabolic process,19/1161,150/18860,0.12666666666666668,2.057651449899512,3.330829331031656,0.00218622751612888,0.01890913665155351,0.01462679743349314,DHFR/NOXO1/GCH1/FAS/FOXM1/RIPK3/BST1/BRCA1/F2RL1/CDKN1A/CYBA/ACE2/ARG2/MMP3/AGT/FPR2/LCN2/TFAP2A/TNF,19,Nominal,B_higher,GO_BP,NA,NA,regulation of reactive oxygen species metabolic process
GO:0009110,vitamin biosynthetic process,6/1161,23/18860,0.2608695652173913,4.237726098191215,3.979231726616363,0.00218862295948235,0.01890913665155351,0.01462679743349314,SLC19A3/CYP27B1/SNAI1/GFI1/TNF/CYP3A4,6,Nominal,B_higher,GO_BP,NA,NA,vitamin biosynthetic process
GO:0060339,negative regulation of type I interferon-mediated signaling pathway,6/1161,23/18860,0.2608695652173913,4.237726098191215,3.979231726616363,0.00218862295948235,0.01890913665155351,0.01462679743349314,OAS3/OAS1/USP18/MMP12/ISG15/NLRC5,6,Nominal,B_higher,GO_BP,NA,NA,negative regulation of type I interferon-mediated signaling pathway
GO:0045860,positive regulation of protein kinase activity,17/1161,128/18860,0.1328125,2.1574881567614126,3.365352354498114,0.00220195193167007,0.01896302565309427,0.01466848222978792,MAP2K3/ECT2/RIPK3/CARD14/NEDD9/EZH2/CENPE/TPX2/CDKN1A/KIF14/CLSPN/MMD/JAK2/CHI3L1/S100A12/EREG/TNF,17,Nominal,B_higher,GO_BP,NA,NA,positive regulation of protein kinase activity
GO:0072329,monocarboxylic acid catabolic process,17/1161,128/18860,0.1328125,2.1574881567614126,3.365352354498114,0.00220195193167007,0.01896302565309427,0.01466848222978792,LDHA/ACOT7/MFSD2A/SLC16A3/SLC27A2/CYP4F3/SLC27A4/CYP4F2/ABHD3/ACAA2/ACOX2/CYP4F12/PCK2/SESN2/AGXT/LDHC/PCK1,17,Nominal,B_higher,GO_BP,NA,NA,monocarboxylic acid catabolic process
GO:0044837,actomyosin contractile ring organization,4/1161,10/18860,0.4,6.497846683893195,4.453874986845412,0.00222246330802648,0.01904470130715068,0.01473166085444675,ECT2/ANLN/RACGAP1/IQGAP3,4,Nominal,B_higher,GO_BP,NA,NA,actomyosin contractile ring organization
GO:0048874,host-mediated modulation of intestinal microbiota composition,4/1161,10/18860,0.4,6.497846683893195,4.453874986845412,0.00222246330802648,0.01904470130715068,0.01473166085444675,LRRC19/NOD2/CARD9/MUC2,4,Nominal,B_higher,GO_BP,NA,NA,host-mediated modulation of intestinal microbiota composition
GO:0150172,regulation of phosphatidylcholine metabolic process,4/1161,10/18860,0.4,6.497846683893195,4.453874986845412,0.00222246330802648,0.01904470130715068,0.01473166085444675,SCARB1/MFSD2A/LPCAT1/LDLR,4,Nominal,B_higher,GO_BP,NA,NA,regulation of phosphatidylcholine metabolic process
GO:0006801,superoxide metabolic process,12/1161,76/18860,0.15789473684210523,2.564939480484156,3.501155331240432,0.00223561557760265,0.01904470130715068,0.01473166085444675,DHFR/NOXO1/GCH1/BST1/F2RL1/CYBA/SH3PXD2B/NCF2/AGT/NOS2/FPR2/APOA4,12,Nominal,B_higher,GO_BP,NA,NA,superoxide metabolic process
GO:0009595,detection of biotic stimulus,8/1161,39/18860,0.20512820512820512,3.3322290686631773,3.734076711668211,0.00223636357907453,0.01904470130715068,0.01473166085444675,SCARB1/NOD1/CDHR2/NOD2/TLR1/HLA-DRB1/TREM2/DACH1,8,Nominal,B_higher,GO_BP,NA,NA,detection of biotic stimulus
GO:0032147,activation of protein kinase activity,8/1161,39/18860,0.20512820512820512,3.3322290686631773,3.734076711668211,0.00223636357907453,0.01904470130715068,0.01473166085444675,ECT2/RIPK3/CARD14/TPX2/KIF14/CLSPN/JAK2/CHI3L1,8,Nominal,B_higher,GO_BP,NA,NA,activation of protein kinase activity
GO:0046473,phosphatidic acid metabolic process,8/1161,39/18860,0.20512820512820512,3.3322290686631773,3.734076711668211,0.00223636357907453,0.01904470130715068,0.01473166085444675,PLA2G3/LPCAT1/AGPAT2/DGKG/PNPLA3/PLD1/PLA2G2A/NR1H4,8,Nominal,B_higher,GO_BP,NA,NA,phosphatidic acid metabolic process
GO:0071214,cellular response to abiotic stimulus,36/1161,355/18860,0.10140845070422536,1.6473414128179933,3.153581786200516,0.00226752056546984,0.01924873013354405,0.0148894834123584,BAK1/FAS/SLC4A11/MAP2K3/ECT2/SERPINB6/RAD51AP1/CHEK2/TIMP1/PBK/MYD88/CRIP1/RAD51/CHEK1/HUS1/CLCN2/CASP1/FIGNL1/BRCA1/CDKN1A/CYBA/BRCA2/IRF1/ITGA2/CCND2/BDKRB2/BLM/PYCARD/MMP3/LCN2/MME/TIFAB/TNF/GPR65/AQP2/MMP9,36,Nominal,B_higher,GO_BP,NA,NA,cellular response to abiotic stimulus
GO:0104004,cellular response to environmental stimulus,36/1161,355/18860,0.10140845070422536,1.6473414128179933,3.153581786200516,0.00226752056546984,0.01924873013354405,0.0148894834123584,BAK1/FAS/SLC4A11/MAP2K3/ECT2/SERPINB6/RAD51AP1/CHEK2/TIMP1/PBK/MYD88/CRIP1/RAD51/CHEK1/HUS1/CLCN2/CASP1/FIGNL1/BRCA1/CDKN1A/CYBA/BRCA2/IRF1/ITGA2/CCND2/BDKRB2/BLM/PYCARD/MMP3/LCN2/MME/TIFAB/TNF/GPR65/AQP2/MMP9,36,Nominal,B_higher,GO_BP,NA,NA,cellular response to environmental stimulus
GO:2001233,regulation of apoptotic signaling pathway,40/1161,406/18860,0.09852216748768472,1.6004548482495558,3.132558498747618,0.00227207602547874,0.01925683452339199,0.01489575240659184,BAK1/NACC2/FAS/TNFRSF12A/LGALS3/RIPK3/ACSL5/APAF1/HMOX1/FAIM2/CTSC/FIGNL1/BRCA1/ACAA2/NANOS3/PLAUR/HSPB1/HIGD1A/VNN1/INCA1/JAK2/SNAI1/BDKRB2/S100A9/ATAD5/PYCARD/PML/MSX1/AGT/HELLS/CSF2/S100A8/TIFAB/TNF/TREM2/PF4/ICAM1/INHBA/SCG2/MMP9,40,Nominal,B_higher,GO_BP,NA,NA,regulation of apoptotic signaling pathway
GO:0048146,positive regulation of fibroblast proliferation,10/1161,57/18860,0.17543859649122806,2.8499327560935064,3.582456062702349,0.00229463934778105,0.0194172962530587,0.01501987447831372,CCNA2/CCNB1/LIF/CDC6/MYB/CDKN1A/E2F1/PML/AGT/EREG,10,Nominal,B_higher,GO_BP,NA,NA,positive regulation of fibroblast proliferation
GO:0042119,neutrophil activation,9/1161,48/18860,0.1875,3.045865633074935,3.6348066687051257,0.0023376062589906,0.01974385592847122,0.01527247840784393,IL18/ANXA1/MYD88/LILRA2/F2RL1/PLA2G2A/CXCR2/DNASE1L3/TNF,9,Nominal,B_higher,GO_BP,NA,NA,neutrophil activation
GO:0042430,indole-containing compound metabolic process,7/1161,31/18860,0.2258064516129032,3.6681392570364815,3.807823304359279,0.00234430600496993,0.01974385592847122,0.01527247840784393,DDC/SULT1A4/KYNU/TDO2/IL4I1/IDO1/ACMSD,7,Nominal,B_higher,GO_BP,NA,NA,indole-containing compound metabolic process
GO:0090330,regulation of platelet aggregation,7/1161,31/18860,0.2258064516129032,3.6681392570364815,3.807823304359279,0.00234430600496993,0.01974385592847122,0.01527247840784393,CEACAM1/LYN/CD9/EMILIN2/JAK2/PDPN/SERPINE2,7,Nominal,B_higher,GO_BP,NA,NA,regulation of platelet aggregation
GO:0002444,myeloid leukocyte mediated immunity,16/1161,118/18860,0.13559322033898305,2.2026598928451513,3.3564249474364543,0.00236568888118866,0.0198926165669764,0.01538754932650026,ADORA2B/LYN/WDR1/PLA2G3/MYD88/F2RL1/IL13RA2/CARD9/MILR1/FCGR2C/DNASE1L3/FCGR3A/CCL3/SERPINB9/IL4R/FGR,16,Nominal,B_higher,GO_BP,NA,NA,myeloid leukocyte mediated immunity
GO:0002690,positive regulation of leukocyte chemotaxis,14/1161,97/18860,0.14432989690721648,2.3445838550130085,3.400350579485051,0.00240640885127478,0.02020325672938392,0.01562783902422525,S100A14/EDN3/NEDD9/MCU/F2RL1/MDK/CCR6/PLA2G7/CXCL10/C5AR1/FPR2/NCKAP1L/CCR1/CCL3,14,Nominal,B_higher,GO_BP,NA,NA,positive regulation of leukocyte chemotaxis
GO:0048872,homeostasis of number of cells,37/1161,369/18860,0.1002710027100271,1.628864006124988,3.124573875311784,0.0024129436429422,0.02022636771544658,0.01564571608111346,TRIM10/BAK1/LYN/FAS/ANXA1/EXT1/RIPK3/EZH2/CARD11/IL20RB/FLVCR1/LYAR/TUBA1A/HMOX1/NCAPG2/STAT5A/CCNB2/RACGAP1/MFHAS1/MYB/TNFSF13B/DIAPH3/ISG15/PLA2G2A/LRRC19/SRF/JAK2/STAT1/HOXB6/NOD2/TRIM58/CARD9/NCKAP1L/FAM3D/TSPO2/MUC2/INHBA,37,Nominal,B_higher,GO_BP,NA,NA,homeostasis of number of cells
GO:0042063,gliogenesis,36/1161,357/18860,0.10084033613445378,1.6381126093848393,3.117535701852935,0.0024924009723213,0.0208279217051479,0.01611103655104343,GPR37L1/LYN/TNFRSF1B/WDR1/CD9/LRP8/MYD88/AREG/ZNF488/EZH2/CLCN2/TUBA1A/LRP1/DUSP10/LDLR/ERBB3/LIF/MYB/MDK/CLCF1/E2F1/ASCL2/S100A9/LAMC3/HES5/PAX6/C5AR1/FPR2/TPPP/TTBK1/S100A8/TNF/LEF1/TREM2/CCL3/SERPINE2,36,Nominal,B_higher,GO_BP,NA,NA,gliogenesis
GO:0006631,fatty acid metabolic process,41/1161,421/18860,0.0973871733966746,1.582017304273284,3.093209521444867,0.00249249623995786,0.0208279217051479,0.01611103655104343,CEACAM1/ACOT7/MFSD2A/SLC27A2/LIPG/SCD/PLA2G3/CYP4F3/SLC27A4/CES2/CYP4F2/MGLL/ABHD3/AKR1C4/ACSL5/PLA2G4A/MSMO1/PLA2G4F/BRCA1/PNPLA3/ACAA2/LPGAT1/ACOX2/CYP4F12/PCK2/APOC2/SESN2/CYP2J2/ADH4/MLXIPL/ELOVL5/FABP2/APOC3/APOA4/UGT1A8/CYP2D6/PCK1/CYP3A4/PLA2G4D/FADS6/CYP1A1,41,Nominal,B_higher,GO_BP,NA,NA,fatty acid metabolic process
GO:0042102,positive regulation of T cell proliferation,15/1161,108/18860,0.1388888888888889,2.2561967652406927,3.3531024796368434,0.00251914283312399,0.02101774706949631,0.01625787229522508,CD55/IL18/ANXA1/HHLA2/CARD11/STAT5A/TNFSF13B/TNFSF9/CD274/JAK2/PYCARD/NR5A2/TFRC/LILRB2/NCKAP1L,15,Nominal,B_higher,GO_BP,NA,NA,positive regulation of T cell proliferation
GO:0009636,response to toxic substance,29/1161,270/18860,0.1074074074074074,1.744792165119469,3.1570274794638564,0.00253146045522352,0.02108761762388691,0.01631191931304876,DHFR/ABTB2/BAK1/SLC6A14/LYN/GCH1/CLDN1/DDC/RAD51/CCNB1/GUCY2C/FABP1/CPS1/SRF/SESN2/S100A9/KDM6B/ADH4/ASS1/AQP9/PDZK1/SLC30A10/LCN2/ABCG2/TNF/APOA4/CCL3/MUC2/CYP1A1,29,Nominal,B_higher,GO_BP,NA,NA,response to toxic substance
GO:0030072,peptide hormone secretion,28/1161,258/18860,0.10852713178294572,1.7629816584206344,3.160422946638743,0.00256151409626231,0.02130478598259853,0.01647990570239976,CAMK2G/STX1A/NMU/EDN3/C2CD2L/GAL/IL1RN/ADRA2A/RBP4/MCU/F2RL1/FFAR2/JAK2/ABCA12/PCK2/CFTR/F2RL2/HNF4A/MLXIPL/NOS2/HLA-DRB1/FAM3D/TNF/NR1H4/SLC16A2/VSNL1/CD38/GCG,28,Nominal,B_higher,GO_BP,NA,NA,peptide hormone secretion
GO:0170039,proteinogenic amino acid metabolic process,21/1161,175/18860,0.12,1.9493540051679583,3.231481959368356,0.002582163072552,0.02144318029814927,0.01658695795215656,AGMAT/OTC/KYNU/ARHGAP11B/FOLH1B/FOLH1/CPS1/TDO2/ASS1/SDS/NOS2/PFAS/DDO/RIMKLA/NAGS/IL4I1/AGXT/IDO1/NR1H4/ACMSD/ASPG,21,Nominal,B_higher,GO_BP,NA,NA,proteinogenic amino acid metabolic process
GO:0030168,platelet activation,18/1161,141/18860,0.1276595744680851,2.073780856561658,3.277818988178747,0.00258652467877426,0.02144609919703067,0.01658921581000876,CEACAM1/LYN/CD9/DGKG/ADRA2A/PLA2G4A/ENTPD2/SAA1/EMILIN2/HSPB1/SRF/JAK2/F2RL2/PDPN/PF4/SELP/SERPINE2/PLEK,18,Nominal,B_higher,GO_BP,NA,NA,platelet activation
GO:0015804,neutral amino acid transport,10/1161,58/18860,0.1724137931034483,2.8007959844367227,3.5178519791438676,0.00262276125771982,0.02171289041220687,0.01679558700152994,SLC6A14/SLC7A7/SLC43A2/SLC6A20/ACE2/SLC6A19/SLC6A7/SLC7A9/RGS2/SLC3A1,10,Nominal,B_higher,GO_BP,NA,NA,neutral amino acid transport
GO:0002251,organ or tissue specific immune response,8/1161,40/18860,0.2,3.2489233419465977,3.646665377105447,0.00264716471843964,0.02178005679110031,0.016847542256628,CLDN2/PIGR/GP2/FFAR2/NOS2/APOA4/DEFA3/BPIFB1,8,Nominal,B_higher,GO_BP,NA,NA,organ or tissue specific immune response
GO:0002691,regulation of cellular extravasation,8/1161,40/18860,0.2,3.2489233419465977,3.646665377105447,0.00264716471843964,0.02178005679110031,0.016847542256628,RIPK3/BST1/FUT4/MDK/ADAM8/SELP/ICAM1/CCL25,8,Nominal,B_higher,GO_BP,NA,NA,regulation of cellular extravasation
GO:0010742,macrophage derived foam cell differentiation,8/1161,40/18860,0.2,3.2489233419465977,3.646665377105447,0.00264716471843964,0.02178005679110031,0.016847542256628,IL18/PLA2G3/PLA2G2A/AGT/CSF2/TNF/PF4/APOB,8,Nominal,B_higher,GO_BP,NA,NA,macrophage derived foam cell differentiation
GO:0034143,regulation of toll-like receptor 4 signaling pathway,8/1161,40/18860,0.2,3.2489233419465977,3.646665377105447,0.00264716471843964,0.02178005679110031,0.016847542256628,LYN/MYD88/IFI35/LILRA2/F2RL1/MFHAS1/TREM2/BPIFB1,8,Nominal,B_higher,GO_BP,NA,NA,regulation of toll-like receptor 4 signaling pathway
GO:0048661,positive regulation of smooth muscle cell proliferation,14/1161,98/18860,0.14285714285714285,2.3206595299618553,3.35710880526367,0.00265217841553021,0.02178778827381814,0.01685352279575351,IL18/MYD88/SKP2/HMOX1/MYB/CYBA/ITGA2/JAK2/STAT1/HES5/P2RY6/EREG/TNF/MMP9,14,Nominal,B_higher,GO_BP,NA,NA,positive regulation of smooth muscle cell proliferation
GO:0061138,morphogenesis of a branching epithelium,23/1161,199/18860,0.11557788944723618,1.877518514190245,3.1872523161651425,0.00270550811687535,0.02216527629014042,0.0171455213597315,ST14/EXT1/AREG/VDR/EPHA2/TFAP2C/SOCS3/TGM2/CTSZ/MSX2/MDK/FOXD1/TBX3/HOXA13/SRF/HOXB13/PML/NPNT/AGT/HOXA11/TNF/LEF1/HOXB7,23,Nominal,B_higher,GO_BP,NA,NA,morphogenesis of a branching epithelium
GO:0002673,regulation of acute inflammatory response,9/1161,49/18860,0.1836734693877551,2.9837051099509573,3.5609861607030378,0.00271007490421875,0.02216527629014042,0.0171455213597315,F12/TNFRSF11A/IL20RB/FFAR2/CREB3L3/ADAM8/DNASE1L3/C2CD4A/TNF,9,Nominal,B_higher,GO_BP,NA,NA,regulation of acute inflammatory response
GO:0009314,response to radiation,44/1161,462/18860,0.09523809523809525,1.5471063533079037,3.049358700718966,0.00271056295694686,0.02216527629014042,0.0171455213597315,BAK1/GPSM2/NMU/MAP2K3/ECT2/RAD51AP1/CHEK2/XRCC4/TIMP1/PPP1R1B/FANCD2/RAD54L/EXT1/CDC25A/PBK/APOBEC1/CRIP1/RAD51/PITPNM1/HUS1/TUBA1A/FEN1/FIGNL1/RBP4/BRCA1/CDKN1A/CYBA/BRCA2/ABCG5/IKBIP/CCND2/BLM/BHLHE40/MEIS2/PML/CXCL10/DTL/KRT14/MMP3/REEP6/LCN2/MME/TNF/MMP9,44,Nominal,B_higher,GO_BP,NA,NA,response to radiation
GO:0035825,homologous recombination,11/1161,68/18860,0.16176470588235295,2.627805644221513,3.444066908478591,0.00276391719944723,0.02256664224534965,0.01745599024214151,RAD51AP1/FANCD2/TRIP13/RAD54L/RAD51/TEX11/TOP2A/BRCA1/MND1/BRIP1/UHRF1,11,Nominal,B_higher,GO_BP,NA,NA,homologous recombination
GO:0010988,regulation of low-density lipoprotein particle clearance,6/1161,24/18860,0.25,4.061154177433247,3.843240472242,0.00276808476307953,0.02256664224534965,0.01745599024214151,ANXA2/PCSK9/LDLR/APOC3/NR1H4/TREM2,6,Nominal,B_higher,GO_BP,NA,NA,regulation of low-density lipoprotein particle clearance
GO:0071478,cellular response to radiation,22/1161,188/18860,0.11702127659574468,1.90096578518152,3.1797492929696856,0.00283679619469262,0.02300775515762022,0.01779720461548783,BAK1/MAP2K3/ECT2/RAD51AP1/CHEK2/TIMP1/PBK/CRIP1/RAD51/HUS1/FIGNL1/BRCA1/CDKN1A/CYBA/BRCA2/CCND2/BLM/MMP3/LCN2/MME/TNF/MMP9,22,Nominal,B_higher,GO_BP,NA,NA,cellular response to radiation
GO:0001773,myeloid dendritic cell activation,7/1161,32/18860,0.21875,3.5535099052540913,3.7026402399396736,0.00284370347030422,0.02300775515762022,0.01779720461548783,BATF/ITGB8/BATF3/UBD/PYCARD/CSF2/IRF4,7,Nominal,B_higher,GO_BP,NA,NA,myeloid dendritic cell activation
GO:0090025,regulation of monocyte chemotaxis,7/1161,32/18860,0.21875,3.5535099052540913,3.7026402399396736,0.00284370347030422,0.02300775515762022,0.01779720461548783,LYN/S100A14/PLA2G7/CXCL10/FPR2/CCR1/SLAMF8,7,Nominal,B_higher,GO_BP,NA,NA,regulation of monocyte chemotaxis
GO:0090322,regulation of superoxide metabolic process,7/1161,32/18860,0.21875,3.5535099052540913,3.7026402399396736,0.00284370347030422,0.02300775515762022,0.01779720461548783,DHFR/GCH1/BST1/F2RL1/CYBA/AGT/FPR2,7,Nominal,B_higher,GO_BP,NA,NA,regulation of superoxide metabolic process
GO:1902751,positive regulation of cell cycle G2/M phase transition,7/1161,32/18860,0.21875,3.5535099052540913,3.7026402399396736,0.00284370347030422,0.02300775515762022,0.01779720461548783,CDC25B/CDC25A/CHEK1/CCNB1/FBXO5/ATAD5/DTL,7,Nominal,B_higher,GO_BP,NA,NA,positive regulation of cell cycle G2/M phase transition
GO:0002679,respiratory burst involved in defense response,5/1161,17/18860,0.29411764705882354,4.777828444039114,3.9911012388156593,0.00290783902808424,0.0233500347180098,0.018061968358418,DUSP10/S100A9/HCK/SLAMF8/TREM2,5,Nominal,B_higher,GO_BP,NA,NA,respiratory burst involved in defense response
GO:0010838,positive regulation of keratinocyte proliferation,5/1161,17/18860,0.29411764705882354,4.777828444039114,3.9911012388156593,0.00290783902808424,0.0233500347180098,0.018061968358418,CDH3/AREG/MDK/REG3G/REG3A,5,Nominal,B_higher,GO_BP,NA,NA,positive regulation of keratinocyte proliferation
GO:0032305,positive regulation of icosanoid secretion,5/1161,17/18860,0.29411764705882354,4.777828444039114,3.9911012388156593,0.00290783902808424,0.0233500347180098,0.018061968358418,TNFRSF11A/PLA2G3/CYP4F2/PLA2G4A/PLA2R1,5,Nominal,B_higher,GO_BP,NA,NA,positive regulation of icosanoid secretion
GO:0042182,ketone catabolic process,5/1161,17/18860,0.29411764705882354,4.777828444039114,3.9911012388156593,0.00290783902808424,0.0233500347180098,0.018061968358418,CYP4F3/CYP4F2/KYNU/CBR3/CYP4F12,5,Nominal,B_higher,GO_BP,NA,NA,ketone catabolic process
GO:0090399,replicative senescence,5/1161,17/18860,0.29411764705882354,4.777828444039114,3.9911012388156593,0.00290783902808424,0.0233500347180098,0.018061968358418,CHEK2/CHEK1/CDKN1A/MME/PLA2R1,5,Nominal,B_higher,GO_BP,NA,NA,replicative senescence
GO:0001942,hair follicle development,14/1161,99/18860,0.1414141414141414,2.2972185246087053,3.314391625450337,0.00291821340846788,0.02339820885830021,0.01809923253417309,CDH3/EXT1/PKP3/GAL/EDAR/TFAP2C/FERMT1/HPSE/MSX2/SNAI1/KRT17/TNF/DKK4/INHBA,14,Nominal,B_higher,GO_BP,NA,NA,hair follicle development
GO:0170033,L-amino acid metabolic process,21/1161,177/18860,0.11864406779661016,1.927327406239507,3.174662023963793,0.00296189196885263,0.0237128716308741,0.01834263384429697,AGMAT/OTC/KYNU/ARHGAP11B/FOLH1B/FOLH1/CPS1/TDO2/ASS1/SDS/NOS2/PFAS/DDO/RIMKLA/NAGS/IL4I1/AGXT/IDO1/NR1H4/ACMSD/ASPG,21,Nominal,B_higher,GO_BP,NA,NA,L-amino acid metabolic process
GO:0001676,long-chain fatty acid metabolic process,15/1161,110/18860,0.13636363636363635,2.21517500587268,3.2736753650544976,0.00301726418365815,0.02412007302571573,0.01865761661832516,ACOT7/SLC27A2/CYP4F3/SLC27A4/CYP4F2/MGLL/ACSL5/PLA2G4A/PNPLA3/CYP4F12/CYP2J2/ELOVL5/CYP2D6/CYP3A4/CYP1A1,15,Nominal,B_higher,GO_BP,NA,NA,long-chain fatty acid metabolic process
GO:0015695,organic cation transport,16/1161,121/18860,0.1322314049586777,2.1480484905432053,3.2447466069310655,0.00306002267468465,0.02442537502121425,0.0188937770801425,SLC6A14/STX1A/SLC7A7/SLC19A3/SLC43A2/SLC6A20/FLVCR1/ADRA2A/ACE2/FLVCR2/SLC6A12/SLC6A7/PDZK1/ADORA3/RGS2/TSPO2,16,Nominal,B_higher,GO_BP,NA,NA,organic cation transport
GO:0002262,myeloid cell homeostasis,23/1161,201/18860,0.11442786069651742,1.8588367379296455,3.1352020581286792,0.00307224479911975,0.02448638626779798,0.0189409711515266,TRIM10/BAK1/LYN/ANXA1/FLVCR1/LYAR/HMOX1/NCAPG2/STAT5A/RACGAP1/MFHAS1/MYB/DIAPH3/ISG15/SRF/JAK2/STAT1/HOXB6/TRIM58/NCKAP1L/FAM3D/TSPO2/INHBA,23,Nominal,B_higher,GO_BP,NA,NA,myeloid cell homeostasis
GO:0007204,positive regulation of cytosolic calcium ion concentration,20/1161,166/18860,0.12048192771084336,1.9571827361124083,3.172479740413284,0.00307703260370228,0.02448805113779738,0.01894225897955826,CD55/CCRL2/BAK1/NMU/CIB2/JPH1/F2RL1/SAA1/CCR6/JAK2/BDKRB2/CXCR2/PML/C5AR1/FPR2/BDKRB1/CCR1/FPR1/CD38/PROK2,20,Nominal,B_higher,GO_BP,NA,NA,positive regulation of cytosolic calcium ion concentration
GO:0072593,reactive oxygen species metabolic process,26/1161,237/18860,0.10970464135021098,1.782109850012902,3.103260134479024,0.0030860076534058,0.02452298503776265,0.01896928142314043,DHFR/NOXO1/GCH1/FAS/FOXM1/RIPK3/BST1/BRCA1/F2RL1/CDKN1A/CYBA/SH3PXD2B/ACE2/SESN2/ARG2/NCF2/MMP3/AGT/NOS2/FPR2/LCN2/TFAP2A/TNF/APOA4/PLA2R1/CYP1A1,26,Nominal,B_higher,GO_BP,NA,NA,reactive oxygen species metabolic process
GO:0090077,foam cell differentiation,8/1161,41/18860,0.1951219512195122,3.169681309216193,3.5619734702042813,0.00311459934499189,0.02460047999179624,0.01902922614804536,IL18/PLA2G3/PLA2G2A/AGT/CSF2/TNF/PF4/APOB,8,Nominal,B_higher,GO_BP,NA,NA,foam cell differentiation
GO:0002437,inflammatory response to antigenic stimulus,12/1161,79/18860,0.1518987341772152,2.467536715402479,3.3476823317093043,0.00311665640494131,0.02460047999179624,0.01902922614804536,LYN/EXT1/CD68/IL20RB/KDM6B/HCK/FCGR2C/FCGR3A/HLA-DRB1/TNF/TREM2/FGR,12,Nominal,B_higher,GO_BP,NA,NA,inflammatory response to antigenic stimulus
GO:0009620,response to fungus,12/1161,79/18860,0.1518987341772152,2.467536715402479,3.3476823317093043,0.00311665640494131,0.02460047999179624,0.01902922614804536,BAK1/MYD88/ZBP1/S100A9/CARD9/S100A12/CLEC4A/S100A8/DEFA3/DEFA5/DEFB4A/DEFA6,12,Nominal,B_higher,GO_BP,NA,NA,response to fungus
GO:0050766,positive regulation of phagocytosis,12/1161,79/18860,0.1518987341772152,2.467536715402479,3.3476823317093043,0.00311665640494131,0.02460047999179624,0.01902922614804536,LYAR/F2RL1/CYBA/IL2RG/ITGA2/C2/PYCARD/FPR2/FCGR2C/NCKAP1L/TREM2/FCN1,12,Nominal,B_higher,GO_BP,NA,NA,positive regulation of phagocytosis
GO:0031295,T cell costimulation,9/1161,50/18860,0.18,2.9240310077519376,3.4890223121582515,0.00312795931084918,0.02460047999179624,0.01902922614804536,LYN/HHLA2/CARD11/MAP3K8/TNFSF13B/CD274/DPP4/CD5/LILRB2,9,Nominal,B_higher,GO_BP,NA,NA,T cell costimulation
GO:0045622,regulation of T-helper cell differentiation,9/1161,50/18860,0.18,2.9240310077519376,3.4890223121582515,0.00312795931084918,0.02460047999179624,0.01902922614804536,IL18/ANXA1/STAT5A/ASCL2/BATF/HLA-DRB1/IL4R/GPR65/IRF4,9,Nominal,B_higher,GO_BP,NA,NA,regulation of T-helper cell differentiation
GO:0070269,pyroptotic inflammatory response,9/1161,50/18860,0.18,2.9240310077519376,3.4890223121582515,0.00312795931084918,0.02460047999179624,0.01902922614804536,MAP2K3/DPP9/GBP1/CASP1/GBP3/ZBP1/GZMB/PYCARD/TREM2,9,Nominal,B_higher,GO_BP,NA,NA,pyroptotic inflammatory response
GO:0045639,positive regulation of myeloid cell differentiation,15/1161,111/18860,0.13513513513513514,2.1952184742882417,3.234601679360552,0.00329516732898077,0.02577774752258683,0.0199398787079806,TNFRSF11A/PLA2G3/NEDD9/STAT5A/LIF/ISG15/STAT1/NCKAP1L/CCR1/HLA-DRB1/TNF/LEF1/TREM2/PF4/INHBA,15,Nominal,B_higher,GO_BP,NA,NA,positive regulation of myeloid cell differentiation
GO:0034101,erythrocyte homeostasis,20/1161,167/18860,0.11976047904191615,1.945463079009939,3.143144751622975,0.00329896612749061,0.02577774752258683,0.0199398787079806,TRIM10/LYN/FLVCR1/LYAR/HMOX1/NCAPG2/STAT5A/RACGAP1/MFHAS1/MYB/DIAPH3/ISG15/SRF/JAK2/STAT1/HOXB6/TRIM58/NCKAP1L/TSPO2/INHBA,20,Nominal,B_higher,GO_BP,NA,NA,erythrocyte homeostasis
GO:0002604,regulation of dendritic cell antigen processing and presentation,4/1161,11/18860,0.3636363636363637,5.907133348993814,4.16947256697175,0.00332323527593379,0.02577774752258683,0.0199398787079806,NOD1/CD68/NOD2/FGL2,4,Nominal,B_higher,GO_BP,NA,NA,regulation of dendritic cell antigen processing and presentation
GO:0033314,mitotic DNA replication checkpoint signaling,4/1161,11/18860,0.3636363636363637,5.907133348993814,4.16947256697175,0.00332323527593379,0.02577774752258683,0.0199398787079806,HUS1/ORC1/CDC6/CLSPN,4,Nominal,B_higher,GO_BP,NA,NA,mitotic DNA replication checkpoint signaling
GO:0045835,negative regulation of meiotic nuclear division,4/1161,11/18860,0.3636363636363637,5.907133348993814,4.16947256697175,0.00332323527593379,0.02577774752258683,0.0199398787079806,TRIP13/LIF/ZWINT/FBXO5,4,Nominal,B_higher,GO_BP,NA,NA,negative regulation of meiotic nuclear division
GO:0046645,positive regulation of gamma-delta T cell activation,4/1161,11/18860,0.3636363636363637,5.907133348993814,4.16947256697175,0.00332323527593379,0.02577774752258683,0.0199398787079806,STAT5A/NOD2/NCKAP1L/LEF1,4,Nominal,B_higher,GO_BP,NA,NA,positive regulation of gamma-delta T cell activation
GO:0051987,positive regulation of attachment of spindle microtubules to kinetochore,4/1161,11/18860,0.3636363636363637,5.907133348993814,4.16947256697175,0.00332323527593379,0.02577774752258683,0.0199398787079806,CDCA8/BIRC5/CCNB1/INCENP,4,Nominal,B_higher,GO_BP,NA,NA,positive regulation of attachment of spindle microtubules to kinetochore
GO:0071236,cellular response to antibiotic,4/1161,11/18860,0.3636363636363637,5.907133348993814,4.16947256697175,0.00332323527593379,0.02577774752258683,0.0199398787079806,CRIP1/EZH2/PLA2G4A/PLA2G4F,4,Nominal,B_higher,GO_BP,NA,NA,cellular response to antibiotic
GO:0071492,cellular response to UV-A,4/1161,11/18860,0.3636363636363637,5.907133348993814,4.16947256697175,0.00332323527593379,0.02577774752258683,0.0199398787079806,TIMP1/MMP3/MME/MMP9,4,Nominal,B_higher,GO_BP,NA,NA,cellular response to UV-A
GO:0018108,peptidyl-tyrosine phosphorylation,16/1161,122/18860,0.13114754098360656,2.1304415357026874,3.208244658729244,0.00332584999823951,0.02577774752258683,0.0199398787079806,LYN/IL18/EPHB2/GPRC5A/ZFYVE28/NEDD9/PARP9/LIF/PARP14/BANK1/JAK2/HCK/PKDCC/TNFRSF18/SAMSN1/FGR,16,Nominal,B_higher,GO_BP,NA,NA,peptidyl-tyrosine phosphorylation
GO:1905477,positive regulation of protein localization to membrane,13/1161,90/18860,0.14444444444444443,2.3464446358503204,3.279281465258406,0.00336233467377981,0.02602281597015116,0.02012944667218322,VIL1/LYN/PLS1/EPHB2/LGALS3/EPHA2/LRP1/ANXA13/PDZK1/DSG3/TNF/TREM2/TNFAIP6,13,Nominal,B_higher,GO_BP,NA,NA,positive regulation of protein localization to membrane
GO:0051048,negative regulation of secretion,21/1161,179/18860,0.11731843575418996,1.90579302181225,3.118577213741935,0.00338742013454056,0.02617907930566901,0.02025032115720175,CEACAM1/TNFRSF1B/NMU/ANXA1/RHBDF1/CYP4F2/ADRA2A/ERBB3/F2RL1/LIF/IL13RA2/FFAR2/NPSR1/RSAD2/NCKAP1L/TIFAB/FAM3D/TNF/PLA2R1/VSNL1/INHBA,21,Nominal,B_higher,GO_BP,NA,NA,negative regulation of secretion
GO:0035115,embryonic forelimb morphogenesis,7/1161,33/18860,0.21212121212121213,3.4458277869130582,3.601582428528667,0.00342067399226449,0.02635989122569242,0.02039018472561729,MSX2/TBX3/HOXA13/MSX1/HOXA9/TFAP2A/HOXA11,7,Nominal,B_higher,GO_BP,NA,NA,embryonic forelimb morphogenesis
GO:0090022,regulation of neutrophil chemotaxis,7/1161,33/18860,0.21212121212121213,3.4458277869130582,3.601582428528667,0.00342067399226449,0.02635989122569242,0.02039018472561729,MCU/BST1/MDK/DPP4/C5AR1/NCKAP1L/TNFAIP6,7,Nominal,B_higher,GO_BP,NA,NA,regulation of neutrophil chemotaxis
GO:0045069,regulation of viral genome replication,12/1161,80/18860,0.15,2.4366925064599485,3.2980869537373394,0.00346605337360501,0.02663283540522932,0.02060131542387735,OAS3/OAS1/TOP2A/ISG15/OAS2/RSAD2/IFIT1/NR5A2/MX1/BST2/APOBEC3B/TNF,12,Nominal,B_higher,GO_BP,NA,NA,regulation of viral genome replication
GO:1904377,positive regulation of protein localization to cell periphery,12/1161,80/18860,0.15,2.4366925064599485,3.2980869537373394,0.00346605337360501,0.02663283540522932,0.02060131542387735,VIL1/LYN/GPSM2/PLS1/EPHB2/LGALS3/EPHA2/LRP1/EPB41L2/ANXA13/TNF/TREM2,12,Nominal,B_higher,GO_BP,NA,NA,positive regulation of protein localization to cell periphery
GO:0045637,regulation of myeloid cell differentiation,25/1161,227/18860,0.11013215859030837,1.7890547037150868,3.0632308361286196,0.00348272752902739,0.02670941694416259,0.02066055359417372,CEACAM1/LYN/TNFRSF11A/PLA2G3/HMGB3/NEDD9/TNFRSF11B/STAT5A/LIF/MYB/ISG15/LILRB3/STAT1/MEIS2/HOXA9/NCKAP1L/CCR1/HLA-DRB1/TNF/LEF1/TREM2/PF4/TNFAIP6/CCL3/INHBA,25,Nominal,B_higher,GO_BP,NA,NA,regulation of myeloid cell differentiation
GO:0001701,in utero embryonic development,41/1161,429/18860,0.09557109557109555,1.5525158160817074,2.964831297309292,0.00348777379193135,0.02670941694416259,0.02066055359417372,ST14/KRT19/MDFI/CDX2/PLK4/GINS4/RRM2/GINS1/CHEK1/TEAD4/STIL/FLVCR1/TFAP2C/NEK2/CCNB1/TM4SF1/MAFF/NCAPG2/SOCS3/CCNB2/LIF/MYB/CDKN1A/DIAPH3/CCDC24/PLCD3/BRCA2/HSD17B2/TBX3/PTPRR/SRF/ASCL2/SNAI1/E2F7/MSX1/NR5A2/CSF2/LEF1/GJB5/APOB/SLC34A2,41,Nominal,B_higher,GO_BP,NA,NA,in utero embryonic development
GO:0002791,regulation of peptide secretion,24/1161,215/18860,0.11162790697674418,1.8133525629469385,3.0719769386033087,0.00349100270081706,0.02670941694416259,0.02066055359417372,STX1A/NMU/C2CD2L/ADRA2A/RBP4/MCU/F2RL1/FFAR2/JAK2/ABCA12/PCK2/CFTR/F2RL2/HNF4A/MLXIPL/NOS2/S100A8/HLA-DRB1/FAM3D/TNF/NR1H4/VSNL1/CD38/GCG,24,Nominal,B_higher,GO_BP,NA,NA,regulation of peptide secretion
GO:0031294,lymphocyte costimulation,9/1161,51/18860,0.17647058823529413,2.8666970664234688,3.418827237521168,0.00359497298469794,0.0274655936030923,0.02124547944340289,LYN/HHLA2/CARD11/MAP3K8/TNFSF13B/CD274/DPP4/CD5/LILRB2,9,Nominal,B_higher,GO_BP,NA,NA,lymphocyte costimulation
GO:0018212,peptidyl-tyrosine modification,16/1161,123/18860,0.13008130081300814,2.1131208728107955,3.1720931301104107,0.00361042211198242,0.02754427596987446,0.02130634266850502,LYN/IL18/EPHB2/GPRC5A/ZFYVE28/NEDD9/PARP9/LIF/PARP14/BANK1/JAK2/HCK/PKDCC/TNFRSF18/SAMSN1/FGR,16,Nominal,B_higher,GO_BP,NA,NA,peptidyl-tyrosine modification
GO:0050767,regulation of neurogenesis,37/1161,378/18860,0.09788359788359788,1.5900815297886788,2.9681409000733816,0.00361768635666114,0.027560379822541,0.02131879949269498,ANXA2/S100A10/GPR37L1/LYN/TNFRSF1B/LRP8/EPHB2/TNFRSF12A/ZNF488/EZH2/CLCN2/DUSP10/LDLR/LIF/ASPM/MYB/TGM2/MDK/CLCF1/RTN4R/SRF/E2F1/ASCL2/SEMA7A/BHLHE40/HES2/HES5/HOXB3/BHLHE41/PAX6/MME/SPP1/TTBK1/TNF/LEF1/TREM2/SERPINE2,37,Nominal,B_higher,GO_BP,NA,NA,regulation of neurogenesis
GO:0032892,positive regulation of organic acid transport,8/1161,42/18860,0.1904761904761905,3.0942127066158074,3.4798440304586307,0.00364373558186693,0.02764070622953808,0.02138093443335131,TNFRSF11A/PLA2G3/CYP4F2/ARL6IP1/ACSL5/PLA2G4A/ACE2/PLA2R1,8,Nominal,B_higher,GO_BP,NA,NA,positive regulation of organic acid transport
GO:0045616,regulation of keratinocyte differentiation,8/1161,42/18860,0.1904761904761905,3.0942127066158074,3.4798440304586307,0.00364373558186693,0.02764070622953808,0.02138093443335131,VDR/EZH2/CYP27B1/MSX2/ABCA12/ETV4/REG3G/REG3A,8,Nominal,B_higher,GO_BP,NA,NA,regulation of keratinocyte differentiation
GO:0097242,amyloid-beta clearance,8/1161,42/18860,0.1904761904761905,3.0942127066158074,3.4798440304586307,0.00364373558186693,0.02764070622953808,0.02138093443335131,PLA2G3/LRP1/LDLR/SRF/C5AR1/MME/TNF/TREM2,8,Nominal,B_higher,GO_BP,NA,NA,amyloid-beta clearance
GO:0032481,positive regulation of type I interferon production,13/1161,91/18860,0.14285714285714285,2.3206595299618553,3.234387680271317,0.00370706912856297,0.02808131118917109,0.02172175588974577,TRIM15/OAS3/OAS1/TRAF3/MYD88/MMP12/POLR3G/KPNA2/ISG15/OAS2/IRF1/IKBKE/STAT1,13,Nominal,B_higher,GO_BP,NA,NA,positive regulation of type I interferon production
GO:0038061,non-canonical NF-kappaB signal transduction,18/1161,146/18860,0.1232876712328767,2.002760964213656,3.1152407136347637,0.00378056668351268,0.02859755392280882,0.02212108548530463,TRIM15/IRAK2/TNFRSF11A/IL18/MYD88/RIPK3/CARD14/NOD1/EDAR/IFI35/KPNA2/LRRC19/CHI3L1/TRIM40/PYCARD/NOD2/TNF/TREM2,18,Nominal,B_higher,GO_BP,NA,NA,non-canonical NF-kappaB signal transduction
GO:0002830,positive regulation of type 2 immune response,5/1161,18/18860,0.2777777777777778,4.512393530481385,3.818361099246638,0.00382445089257035,0.02880727235699476,0.02228330912943144,IL18/RSAD2/NOD2/IDO1/IL4R,5,Nominal,B_higher,GO_BP,NA,NA,positive regulation of type 2 immune response
GO:0030299,intestinal cholesterol absorption,5/1161,18/18860,0.2777777777777778,4.512393530481385,3.818361099246638,0.00382445089257035,0.02880727235699476,0.02228330912943144,LDLR/NPC1L1/ABCG5/ABCG8/APOA4,5,Nominal,B_higher,GO_BP,NA,NA,intestinal cholesterol absorption
GO:1901978,positive regulation of cell cycle checkpoint,5/1161,18/18860,0.2777777777777778,4.512393530481385,3.818361099246638,0.00382445089257035,0.02880727235699476,0.02228330912943144,MAD2L1/CDCA8/BIRC5/INCENP/GEN1,5,Nominal,B_higher,GO_BP,NA,NA,positive regulation of cell cycle checkpoint
GO:0070231,T cell apoptotic process,10/1161,61/18860,0.16393442622950818,2.663051919628358,3.3319956591408806,0.00383736749263573,0.02886391188553575,0.02232712154276178,BAK1/FAS/CHEK2/LGALS3/RIPK3/BCL11B/CD274/ARG2/ADAM8/IDO1,10,Nominal,B_higher,GO_BP,NA,NA,T cell apoptotic process
GO:0022404,molting cycle process,14/1161,102/18860,0.13725490196078433,2.2296532738849204,3.1892647004871133,0.00385036948303155,0.02888047124158874,0.02233993071279844,CDH3/EXT1/PKP3/GAL/EDAR/TFAP2C/FERMT1/HPSE/MSX2/SNAI1/KRT17/TNF/DKK4/INHBA,14,Nominal,B_higher,GO_BP,NA,NA,molting cycle process
GO:0022405,hair cycle process,14/1161,102/18860,0.13725490196078433,2.2296532738849204,3.1892647004871133,0.00385036948303155,0.02888047124158874,0.02233993071279844,CDH3/EXT1/PKP3/GAL/EDAR/TFAP2C/FERMT1/HPSE/MSX2/SNAI1/KRT17/TNF/DKK4/INHBA,14,Nominal,B_higher,GO_BP,NA,NA,hair cycle process
GO:0002793,positive regulation of peptide secretion,16/1161,124/18860,0.12903225806451613,2.096079575449418,3.1362853131891497,0.00391471293528445,0.02932196747605221,0.02268144159762335,NMU/C2CD2L/RBP4/MCU/FFAR2/JAK2/PCK2/CFTR/F2RL2/MLXIPL/S100A8/HLA-DRB1/NR1H4/VSNL1/CD38/GCG,16,Nominal,B_higher,GO_BP,NA,NA,positive regulation of peptide secretion
GO:0090087,regulation of peptide transport,24/1161,217/18860,0.11059907834101385,1.7966396360995014,3.022977767586664,0.00392955877948022,0.02939200049323111,0.02273561428539902,STX1A/NMU/C2CD2L/ADRA2A/RBP4/MCU/F2RL1/FFAR2/JAK2/ABCA12/PCK2/CFTR/F2RL2/HNF4A/MLXIPL/NOS2/S100A8/HLA-DRB1/FAM3D/TNF/NR1H4/VSNL1/CD38/GCG,24,Nominal,B_higher,GO_BP,NA,NA,regulation of peptide transport
GO:0007200,phospholipase C-activating G protein-coupled receptor signaling pathway,18/1161,147/18860,0.12244897959183672,1.9891367399673048,3.0835029442220168,0.00406705434719058,0.03034109751385712,0.02346976995422952,PTAFR/HTR2B/PLCB3/DGKG/ADRA2A/NMUR2/TGM2/FFAR2/GNA15/CXCR2/P2RY6/AGT/P2RY2/C5AR1/FPR2/RGS2/FPR1/PLEK,18,Nominal,B_higher,GO_BP,NA,NA,phospholipase C-activating G protein-coupled receptor signaling pathway
GO:0098742,cell-cell adhesion via plasma-membrane adhesion molecules,29/1161,279/18860,0.1039426523297491,1.688508546889809,2.967412838075357,0.004067794861151,0.03034109751385712,0.02346976995422952,CLDN2/CEACAM6/CEACAM1/CLDN4/CLDN7/CDH3/CDHR5/CLDN1/CEACAM5/EMB/IL1RN/LRFN4/CLDN12/CDHR2/PCDH1/CDH17/CLDN3/CLDN23/MYPN/CLDN15/CDH16/DSG3/CELSR3/SELL/PCDHB14/SELP/ICAM1/REG3A/PCDH20,29,Nominal,B_higher,GO_BP,NA,NA,cell-cell adhesion via plasma-membrane adhesion molecules
GO:0060603,mammary gland duct morphogenesis,7/1161,34/18860,0.2058823529411765,3.3444799108273795,3.5043544169067378,0.00408263583418565,0.03040938223011824,0.02352259027759806,AREG/VDR/EPHA2/TFAP2C/MSX2/TBX3/PML,7,Nominal,B_higher,GO_BP,NA,NA,mammary gland duct morphogenesis
GO:0140353,lipid export from cell,9/1161,52/18860,0.17307692307692307,2.8115682766845556,3.350318891245148,0.00411494806144438,0.03060743008707174,0.02367578637211982,TNFRSF11A/PLA2G3/GAL/PLA2G4A/MYB/AGT/NOS2/SPP1/INHBA,9,Nominal,B_higher,GO_BP,NA,NA,lipid export from cell
GO:0021782,glial cell development,17/1161,136/18860,0.125,2.0305770887166235,3.089240335346448,0.00417211063933612,0.03098951069329113,0.02397133744530846,LYN/CD9/ZNF488/LRP1/LDLR/ERBB3/MDK/S100A9/LAMC3/HES5/C5AR1/FPR2/TPPP/TTBK1/S100A8/TNF/TREM2,17,Nominal,B_higher,GO_BP,NA,NA,glial cell development
GO:0034109,homotypic cell-cell adhesion,14/1161,103/18860,0.13592233009708737,2.2080061547209886,3.148524997032785,0.00421012222388708,0.03122847940824985,0.02415618707916819,CEACAM1/LYN/CD9/CDHR5/ZNF703/CEACAM5/CDHR2/PLAUR/EMILIN2/HSPB1/JAK2/PDPN/SERPINE2/PLEK,14,Nominal,B_higher,GO_BP,NA,NA,homotypic cell-cell adhesion
GO:0032733,positive regulation of interleukin-10 production,8/1161,43/18860,0.18604651162790695,3.0222542715782303,3.400132741534464,0.00423979414012376,0.03130435114078154,0.02421487619243229,IL20RB/F2RL1/ISG15/CD274/PYCARD/NOD2/TREM2/IRF4,8,Nominal,B_higher,GO_BP,NA,NA,positive regulation of interleukin-10 production
GO:0045687,positive regulation of glial cell differentiation,8/1161,43/18860,0.18604651162790695,3.0222542715782303,3.400132741534464,0.00423979414012376,0.03130435114078154,0.02421487619243229,TNFRSF1B/ZNF488/CLCN2/LIF/MDK/CLCF1/TTBK1/SERPINE2,8,Nominal,B_higher,GO_BP,NA,NA,positive regulation of glial cell differentiation
GO:0001933,negative regulation of protein phosphorylation,15/1161,114/18860,0.13157894736842105,2.13744956707013,3.119832978861238,0.00425743415732509,0.03130435114078154,0.02421487619243229,CEACAM1/LYN/PRR5L/NT5DC2/GPRC5A/SFN/ZFYVE28/CDKN1A/PARP14/STK38/INCA1/PYCARD/AGT/SAMSN1/INSM1,15,Nominal,B_higher,GO_BP,NA,NA,negative regulation of protein phosphorylation
GO:0030330,"DNA damage response, signal transduction by p53 class mediator",12/1161,82/18860,0.14634146341463414,2.3772609819121446,3.2011024835152053,0.00425951699876465,0.03130435114078154,0.02421487619243229,CHEK2/GTSE1/FOXM1/CDKN1A/BRCA2/BATF/SNAI1/E2F7/SESN2/PML/MSX1/PLA2R1,12,Nominal,B_higher,GO_BP,NA,NA,"DNA damage response, signal transduction by p53 class mediator"
GO:0006706,steroid catabolic process,6/1161,26/18860,0.2307692307692308,3.7487577022460745,3.592137280669459,0.00426132528617968,0.03130435114078154,0.02421487619243229,SCARB1/HSD17B11/CYP27B1/SPP1/CYP3A4/CYP1A1,6,Nominal,B_higher,GO_BP,NA,NA,steroid catabolic process
GO:0045723,positive regulation of fatty acid biosynthetic process,6/1161,26/18860,0.2307692307692308,3.7487577022460745,3.592137280669459,0.00426132528617968,0.03130435114078154,0.02421487619243229,PLA2G3/LPGAT1/APOC2/MLXIPL/ELOVL5/APOA4,6,Nominal,B_higher,GO_BP,NA,NA,positive regulation of fatty acid biosynthetic process
GO:0098581,detection of external biotic stimulus,6/1161,26/18860,0.2307692307692308,3.7487577022460745,3.592137280669459,0.00426132528617968,0.03130435114078154,0.02421487619243229,SCARB1/NOD1/NOD2/TLR1/HLA-DRB1/TREM2,6,Nominal,B_higher,GO_BP,NA,NA,detection of external biotic stimulus
GO:2000401,regulation of lymphocyte migration,11/1161,72/18860,0.1527777777777778,2.4818164417647623,3.22642413134181,0.00435718884818144,0.03196467209886741,0.02472565471569282,RIPK3/NEDD9/ECM1/CCR6/PADI2/ASCL2/CCL20/PYCARD/CXCL10/ADAM8/CCL3,11,Nominal,B_higher,GO_BP,NA,NA,regulation of lymphocyte migration
GO:0044403,biological process involved in symbiotic interaction,25/1161,231/18860,0.10822510822510822,1.758075401486254,2.969099136604987,0.0043734343421091,0.03203989981041023,0.02478384565896,TRIM15/CD55/SCARB1/TMPRSS4/CLDN1/MYD88/EPHA2/KPNA2/LDLR/F2RL1/ACE2/ITGA2/APOL1/DPP4/ANPEP/IFIT1/TFRC/KRT6A/TRIM31/BST2/HLA-DRB1/PF4/ICAM1/DEFA5/CH25H,25,Nominal,B_higher,GO_BP,NA,NA,biological process involved in symbiotic interaction
GO:0000724,double-strand break repair via homologous recombination,22/1161,195/18860,0.11282051282051282,1.8327259877647477,2.9936877649235436,0.0044270862691124,0.03238858736964858,0.02505356618563141,GINS4/RAD51AP1/TONSL/RAD54L/POLQ/RAD51/CHEK1/HUS1/RUVBL1/CDC45/FEN1/GINS2/SKP2/FIGNL1/BRCA1/MCM4/BRCA2/GEN1/BLM/UHRF1/HELLS/GFI1,22,Nominal,B_higher,GO_BP,NA,NA,double-strand break repair via homologous recombination
GO:0071357,cellular response to type I interferon,13/1161,93/18860,0.13978494623655913,2.2707528734035356,3.146344140992694,0.00448238753237976,0.03273776366650241,0.02532366476584546,OAS3/OAS1/TRAF3/USP18/MYD88/MMP12/ISG15/OAS2/IKBKE/NLRC5/ZBP1/STAT1/IFIT1,13,Nominal,B_higher,GO_BP,NA,NA,cellular response to type I interferon
GO:0016032,viral process,38/1161,396/18860,0.09595959595959597,1.558826855984479,2.8784788442433284,0.00448705698720012,0.03273776366650241,0.02532366476584546,TRIM15/CD55/SCARB1/IL32/OAS3/PTBP1/PCSK5/TRIM14/OAS1/TMPRSS4/CLDN1/EPHA2/PARP9/TOP2A/KPNA2/LDLR/LAMP3/ISG15/RCC1/ACE2/OAS2/SLC6A19/ITGA2/STAT1/DPP4/RSAD2/ANPEP/IFIT1/NR5A2/MX1/TFRC/TRIM31/BST2/APOBEC3B/HLA-DRB1/TNF/ICAM1/CH25H,38,Nominal,B_higher,GO_BP,NA,NA,viral process
GO:0042326,negative regulation of phosphorylation,16/1161,126/18860,0.12698412698412698,2.0628084710772048,3.0656748947685544,0.00458648219896364,0.03341758419626373,0.02584952680614818,CEACAM1/LYN/PRR5L/NT5DC2/GPRC5A/SFN/ZFYVE28/CDKN1A/PARP14/STK38/INCA1/PYCARD/AGT/SAMSN1/INHBA/INSM1,16,Nominal,B_higher,GO_BP,NA,NA,negative regulation of phosphorylation
GO:0002520,immune system development,23/1161,208/18860,0.11057692307692309,1.7962797323262438,2.9575745561849502,0.00470194697887054,0.0342122618272104,0.02646423433864837,LYN/TNFRSF11A/XRCC4/RIPK3/POLQ/FLVCR1/STAT5A/BCL11B/CCNB2/MYB/CDH17/ONECUT1/CLCF1/CCR6/SRF/BATF/ATAD5/NR5A2/TFRC/LILRB2/PDPN/LEF1/IDO1,23,Nominal,B_higher,GO_BP,NA,NA,immune system development
GO:0000727,double-strand break repair via break-induced replication,4/1161,12/18860,0.3333333333333333,5.414872236577662,3.9181152085461215,0.00474389044476488,0.03437713563496285,0.02659176928815573,GINS4/CDC45/GINS2/MCM4,4,Nominal,B_higher,GO_BP,NA,NA,double-strand break repair via break-induced replication
GO:0035771,interleukin-4-mediated signaling pathway,4/1161,12/18860,0.3333333333333333,5.414872236577662,3.9181152085461215,0.00474389044476488,0.03437713563496285,0.02659176928815573,STAT5A/PARP14/IL2RG/IL4R,4,Nominal,B_higher,GO_BP,NA,NA,interleukin-4-mediated signaling pathway
GO:0045628,regulation of T-helper 2 cell differentiation,4/1161,12/18860,0.3333333333333333,5.414872236577662,3.9181152085461215,0.00474389044476488,0.03437713563496285,0.02659176928815573,IL18/ANXA1/ASCL2/IL4R,4,Nominal,B_higher,GO_BP,NA,NA,regulation of T-helper 2 cell differentiation
GO:0006940,regulation of smooth muscle contraction,10/1161,63/18860,0.15873015873015872,2.578510588846506,3.2142124506389083,0.00486811499045188,0.03513451952623037,0.02717762896864254,ADORA2B/NMU/EDN3/ADRA2A/NMUR2/ITGA2/SRF/NPNT/RGS2/PROK2,10,Nominal,B_higher,GO_BP,NA,NA,regulation of smooth muscle contraction
GO:0046173,polyol biosynthetic process,10/1161,63/18860,0.15873015873015872,2.578510588846506,3.2142124506389083,0.00486811499045188,0.03513451952623037,0.02717762896864254,DHFR/PTAFR/GCH1/ACER3/CYP27B1/PCK2/P2RY6/PCK1/CYP3A4/PLEK,10,Nominal,B_higher,GO_BP,NA,NA,polyol biosynthetic process
GO:0070542,response to fatty acid,10/1161,63/18860,0.15873015873015872,2.578510588846506,3.2142124506389083,0.00486811499045188,0.03513451952623037,0.02717762896864254,SCD/CLDN1/AKR1C4/CCNB1/LDLR/FFAR2/CPS1/E2F1/ASS1/NR1H4,10,Nominal,B_higher,GO_BP,NA,NA,response to fatty acid
GO:0044058,regulation of digestive system process,8/1161,44/18860,0.18181818181818185,2.953566674496907,3.3227066424499716,0.00490812813781068,0.03525281569221449,0.02726913468299078,CLDN2/NMU/ABCG5/NPSR1/CLDN15/ABCG8/TIFAB/APOA4,8,Nominal,B_higher,GO_BP,NA,NA,regulation of digestive system process
GO:0048704,embryonic skeletal system morphogenesis,13/1161,94/18860,0.13829787234042554,2.2465959279417964,3.1031648708325035,0.00491625640199276,0.03525281569221449,0.02726913468299078,MDFI/FLVCR1/HOXB2/MTHFD1L/HOXB6/HOXB3/HOXA9/HOXB5/HOXB9/TFAP2A/HOXA11/HOXB7/HOXC9,13,Nominal,B_higher,GO_BP,NA,NA,embryonic skeletal system morphogenesis
GO:0009084,glutamine family amino acid biosynthetic process,5/1161,19/18860,0.2631578947368421,4.27489913414026,3.657832628609492,0.00493064811850718,0.03525281569221449,0.02726913468299078,OTC/FOLH1B/FOLH1/ASS1/NAGS,5,Nominal,B_higher,GO_BP,NA,NA,glutamine family amino acid biosynthetic process
GO:0032303,regulation of icosanoid secretion,5/1161,19/18860,0.2631578947368421,4.27489913414026,3.657832628609492,0.00493064811850718,0.03525281569221449,0.02726913468299078,TNFRSF11A/PLA2G3/CYP4F2/PLA2G4A/PLA2R1,5,Nominal,B_higher,GO_BP,NA,NA,regulation of icosanoid secretion
GO:0051299,centrosome separation,5/1161,19/18860,0.2631578947368421,4.27489913414026,3.657832628609492,0.00493064811850718,0.03525281569221449,0.02726913468299078,AURKA/CHEK1/NEK2/KIF11/KIF15,5,Nominal,B_higher,GO_BP,NA,NA,centrosome separation
GO:1900424,regulation of defense response to bacterium,5/1161,19/18860,0.2631578947368421,4.27489913414026,3.657832628609492,0.00493064811850718,0.03525281569221449,0.02726913468299078,F2RL1/EMILIN2/CYBA/ARG2/KLK7,5,Nominal,B_higher,GO_BP,NA,NA,regulation of defense response to bacterium
GO:1903978,regulation of microglial cell activation,5/1161,19/18860,0.2631578947368421,4.27489913414026,3.657832628609492,0.00493064811850718,0.03525281569221449,0.02726913468299078,CTSC/LDLR/TTBK1/TREM2/CCL3,5,Nominal,B_higher,GO_BP,NA,NA,regulation of microglial cell activation
GO:0007173,epidermal growth factor receptor signaling pathway,16/1161,127/18860,0.12598425196850394,2.04656588469077,3.0308597702004163,0.00495604254285882,0.03529283025194272,0.02730008717280142,VIL1/CEACAM1/AFAP1L2/RHBDF1/GPRC5A/CBLC/AREG/ZFYVE28/ADRA2A/ERBB3/PIGR/PLAUR/AGT/SLC30A10/EREG/MMP9,16,Nominal,B_higher,GO_BP,NA,NA,epidermal growth factor receptor signaling pathway
GO:0042303,molting cycle,16/1161,127/18860,0.12598425196850394,2.04656588469077,3.0308597702004163,0.00495604254285882,0.03529283025194272,0.02730008717280142,CDH3/EXT1/PKP3/GAL/EDAR/TFAP2C/FERMT1/HPSE/MSX2/SNAI1/KRT14/KRT17/KRT16/TNF/DKK4/INHBA,16,Nominal,B_higher,GO_BP,NA,NA,molting cycle
GO:0042633,hair cycle,16/1161,127/18860,0.12598425196850394,2.04656588469077,3.0308597702004163,0.00495604254285882,0.03529283025194272,0.02730008717280142,CDH3/EXT1/PKP3/GAL/EDAR/TFAP2C/FERMT1/HPSE/MSX2/SNAI1/KRT14/KRT17/KRT16/TNF/DKK4/INHBA,16,Nominal,B_higher,GO_BP,NA,NA,hair cycle
GO:0007565,female pregnancy,22/1161,197/18860,0.1116751269035533,1.814119632559014,2.9419256206349034,0.0049982920472703,0.03554636418723613,0.02749620345152895,CLDN4/PCSK5/TIMP1/VDR/TLE6/A1CF/TEAD4/CYP27B1/ADRA2A/STAT5A/LIF/ADCY7/ACE2/ITGA2/HSD11B2/APOL2/SPP1/RGS2/IDO1/CD38/FOSB/MMP9,22,Nominal,B_higher,GO_BP,NA,NA,female pregnancy
GO:0000082,G1/S transition of mitotic cell cycle,26/1161,246/18860,0.10569105691056913,1.7169107091587712,2.8987705612814003,0.00507117427688408,0.03601678623210634,0.02786008933830215,CCNF/ANXA1/CCNA2/RRM2/CDKN3/CDC25A/EZH2/STIL/CCNI2/CCNB1/SKP2/CCNB2/CDC6/MYB/CDKN1A/KIF14/RCC1/CCNE2/IQGAP3/E2F1/CCND2/E2F7/SLFN11/PIM2/INHBA/CYP1A1,26,Nominal,B_higher,GO_BP,NA,NA,G1/S transition of mitotic cell cycle
GO:0033622,integrin activation,6/1161,27/18860,0.2222222222222222,3.609914824385109,3.4757580603219425,0.00519823216827141,0.03677267941258665,0.02844479590825208,FERMT1/FBLIM1/KIF14/CDH17/SELP/PLEK,6,Nominal,B_higher,GO_BP,NA,NA,integrin activation
GO:0050995,negative regulation of lipid catabolic process,6/1161,27/18860,0.2222222222222222,3.609914824385109,3.4757580603219425,0.00519823216827141,0.03677267941258665,0.02844479590825208,MFSD2A/CIDEC/ADRA2A/PDE3B/APOC3/TNF,6,Nominal,B_higher,GO_BP,NA,NA,negative regulation of lipid catabolic process
GO:0051446,positive regulation of meiotic cell cycle,6/1161,27/18860,0.2222222222222222,3.609914824385109,3.4757580603219425,0.00519823216827141,0.03677267941258665,0.02844479590825208,RAD51AP1/CDC25B/CDC25A/MSX2/OVOL1/MSX1,6,Nominal,B_higher,GO_BP,NA,NA,positive regulation of meiotic cell cycle
GO:0015698,inorganic anion transport,20/1161,174/18860,0.11494252873563218,1.8671973229578147,2.943306272145394,0.0052566520035957,0.03713682287348722,0.02872647204912899,CLDN4/SLC6A14/TTYH3/SLC37A1/SLC4A11/VDR/CLCN2/RACGAP1/NMUR2/SLC4A7/CLDN3/SLC17A4/BEST2/APOL1/CFTR/SLC26A3/P2RY6/CLCA1/BEST4/SLC34A2,20,Nominal,B_higher,GO_BP,NA,NA,inorganic anion transport
GO:0031334,positive regulation of protein-containing complex assembly,23/1161,210/18860,0.10952380952380952,1.7791723063040894,2.9080697110770326,0.00528173409879997,0.03721569691749969,0.02878748354245046,BAIAP2L2/BAK1/RHOC/SKA1/LGALS3/MYD88/FERMT1/KCNK6/PSRC1/CDC42EP2/ISG15/CDH17/PYCARD/MMP3/HCK/TFRC/CSF2/TPPP/NCKAP1L/TTBK1/TNF/CCL26/PLEK,23,Nominal,B_higher,GO_BP,NA,NA,positive regulation of protein-containing complex assembly
GO:0050728,negative regulation of inflammatory response,23/1161,210/18860,0.10952380952380952,1.7791723063040894,2.9080697110770326,0.00528173409879997,0.03721569691749969,0.02878748354245046,LYN/TNFRSF1B/PBK/IL22RA1/IL20RB/DUSP10/LDLR/SOCS3/MFHAS1/SAA1/MDK/NR5A2/HCK/FPR2/NT5E/SIGLEC10/HLA-DRB1/NR1H4/SLAMF8/TREM2/TNFAIP6/FGR/REG3A,23,Nominal,B_higher,GO_BP,NA,NA,negative regulation of inflammatory response
GO:0044818,mitotic G2/M transition checkpoint,9/1161,54/18860,0.16666666666666666,2.707436118288831,3.2180604920298377,0.00532963922324926,0.03750382969202245,0.02901036308499946,CHEK1/HUS1/ORC1/BRCA1/CDC6/CDKN1A/CLSPN/BLM/DTL,9,Nominal,B_higher,GO_BP,NA,NA,mitotic G2/M transition checkpoint
GO:0006690,icosanoid metabolic process,16/1161,128/18860,0.125,2.0305770887166235,2.996363299049457,0.00534948405874292,0.03759400886485832,0.02908011944236767,PLA2G3/CYP4F3/CES2/CYP4F2/MGLL/AKR1C4/CASP1/PLA2G4A/PLA2G4F/CYP4F12/CYP2J2/PYCARD/DPEP2/CYP2D6/DPEP1/CYP1A1,16,Nominal,B_higher,GO_BP,NA,NA,icosanoid metabolic process
GO:0071347,cellular response to interleukin-1,13/1161,95/18860,0.1368421052631579,2.222947549752935,3.060528478558722,0.0053831924305753,0.03777844210505715,0.02922278421306039,IRAK2/CFL1/PYDC1/MYD88/IL1RN/GBP1/CASP1/GBP3/ZBP1/PYCARD/LCN2/CCL3/NLRP7,13,Nominal,B_higher,GO_BP,NA,NA,cellular response to interleukin-1
GO:0045123,cellular extravasation,11/1161,74/18860,0.14864864864864866,2.414740321717066,3.123032530168705,0.00538985626891522,0.03777844210505715,0.02922278421306039,EXT1/RIPK3/BST1/FUT4/MDK/ADAM8/SELL/TNF/SELP/ICAM1/CCL25,11,Nominal,B_higher,GO_BP,NA,NA,cellular extravasation
GO:0007229,integrin-mediated signaling pathway,15/1161,117/18860,0.1282051282051282,2.0826431679144854,3.008567733030828,0.00543712879832416,0.03805990158826918,0.02944050176000824,CEACAM1/TIMP1/ZYX/NEDD9/FERMT1/BST1/DIAPH3/ISG15/CDH17/ITGA2/SEMA7A/ITGB8/HCK/FGR/PLEK,15,Nominal,B_higher,GO_BP,NA,NA,integrin-mediated signaling pathway
GO:0031663,lipopolysaccharide-mediated signaling pathway,10/1161,64/18860,0.15625,2.5382213608957795,3.1570189031933236,0.00545898007684296,0.0381629090862172,0.02952018122049238,IRAK2/CD55/SCARB1/LYN/PTAFR/MYD88/LILRA2/JAK2/HCK/TIFAB,10,Nominal,B_higher,GO_BP,NA,NA,lipopolysaccharide-mediated signaling pathway
GO:0002449,lymphocyte mediated immunity,37/1161,388/18860,0.09536082474226804,1.5491000470621663,2.7990551743797822,0.00552544161143408,0.0385771040965398,0.02984057377069665,CEACAM1/CD55/TNFRSF1B/IL18/CFI/MYD88/RIPK3/IL20RB/CTSC/STAT5A/TUBB4B/IL13RA2/CLCF1/CCR6/C2/CD274/BATF/GZMB/RSAD2/ATAD5/CARD9/TFRC/ULBP2/FCGR2C/FCGR3A/C8G/C4BPA/NCKAP1L/HLA-DRB1/IL4I1/TNF/SH2D1B/TREM2/ICAM1/SERPINB9/IL4R/HLA-DRB3,37,Nominal,B_higher,GO_BP,NA,NA,lymphocyte mediated immunity
GO:0090276,regulation of peptide hormone secretion,23/1161,211/18860,0.10900473933649288,1.7707402100656813,2.883517196044822,0.00559312936479114,0.03899876902594917,0.03016674453253164,STX1A/NMU/C2CD2L/ADRA2A/RBP4/MCU/F2RL1/FFAR2/JAK2/ABCA12/PCK2/CFTR/F2RL2/HNF4A/MLXIPL/NOS2/HLA-DRB1/FAM3D/TNF/NR1H4/VSNL1/CD38/GCG,23,Nominal,B_higher,GO_BP,NA,NA,regulation of peptide hormone secretion
GO:0030574,collagen catabolic process,8/1161,45/18860,0.17777777777777778,2.887931859508087,3.247442996250402,0.00565420173482178,0.03932206876180349,0.03041682679878118,MMP12/CTSS/MMP25/PRSS2/MMP3/KLK6/MMP7/MMP9,8,Nominal,B_higher,GO_BP,NA,NA,collagen catabolic process
GO:0060338,regulation of type I interferon-mediated signaling pathway,8/1161,45/18860,0.17777777777777778,2.887931859508087,3.247442996250402,0.00565420173482178,0.03932206876180349,0.03041682679878118,OAS3/OAS1/USP18/MMP12/ISG15/IKBKE/NLRC5/ZBP1,8,Nominal,B_higher,GO_BP,NA,NA,regulation of type I interferon-mediated signaling pathway
GO:0070227,lymphocyte apoptotic process,12/1161,85/18860,0.1411764705882353,2.293357653138775,3.0608299537427825,0.00571599850510286,0.03970020779907811,0.03070932894744262,BAK1/LYN/FAS/CHEK2/LGALS3/RIPK3/BCL11B/SLC39A10/CD274/ARG2/ADAM8/IDO1,12,Nominal,B_higher,GO_BP,NA,NA,lymphocyte apoptotic process
GO:0006520,amino acid metabolic process,29/1161,286/18860,0.1013986013986014,1.6471814146232748,2.824602950463427,0.00575043595027506,0.03988758944496895,0.03085427440041097,AGMAT/SLC7A7/DDC/ACY1/OTC/KYNU/ARHGAP11B/FOLH1B/FOLH1/CPS1/ARG2/TDO2/ASS1/HNF4A/SDS/NOS2/PFAS/DDO/CRYM/RIMKLA/NAGS/IL4I1/AGXT/IDO1/NR1H4/SLC16A2/ACMSD/ASPG/DPEP1,29,Nominal,B_higher,GO_BP,NA,NA,amino acid metabolic process
GO:0002456,T cell mediated immunity,17/1161,141/18860,0.12056737588652482,1.9585708089748992,2.926129274862303,0.00601400058777727,0.0415745840036086,0.03215921645754081,CEACAM1/CD55/TNFRSF1B/IL18/RIPK3/IL20RB/CTSC/CD274/RSAD2/ULBP2/FCGR3A/C4BPA/NCKAP1L/HLA-DRB1/IL4I1/ICAM1/HLA-DRB3,17,Nominal,B_higher,GO_BP,NA,NA,T cell mediated immunity
GO:0045621,positive regulation of lymphocyte differentiation,17/1161,141/18860,0.12056737588652482,1.9585708089748992,2.926129274862303,0.00601400058777727,0.0415745840036086,0.03215921645754081,IL18/ANXA1/DUSP10/STAT5A/IL2RG/MDK/VNN1/TNFSF9/ADAM8/LILRB2/NCKAP1L/HLA-DRB1/IL4I1/LEF1/IL4R/PCK1/GPR65,17,Nominal,B_higher,GO_BP,NA,NA,positive regulation of lymphocyte differentiation
GO:0030857,negative regulation of epithelial cell differentiation,9/1161,55/18860,0.16363636363636364,2.658210007047216,3.154171353274909,0.00603251256297686,0.0415745840036086,0.03215921645754081,EZH2/MSX2/TBX3/STAT1/HES5/MSX1/REG3G/REG3A/MMP9,9,Nominal,B_higher,GO_BP,NA,NA,negative regulation of epithelial cell differentiation
GO:0072538,T-helper 17 type immune response,9/1161,55/18860,0.16363636363636364,2.658210007047216,3.154171353274909,0.00603251256297686,0.0415745840036086,0.03215921645754081,EPHB2/ENTPD7/SOCS3/STAT5A/ASCL2/BATF/JAK2/CARD9/IRF4,9,Nominal,B_higher,GO_BP,NA,NA,T-helper 17 type immune response
GO:1900016,negative regulation of cytokine production involved in inflammatory response,9/1161,55/18860,0.16363636363636364,2.658210007047216,3.154171353274909,0.00603251256297686,0.0415745840036086,0.03215921645754081,EPHB2/EZH2/HMOX1/ADCY7/JAK2/PYCARD/CCR1/TREM2/NLRP7,9,Nominal,B_higher,GO_BP,NA,NA,negative regulation of cytokine production involved in inflammatory response
GO:0001961,positive regulation of cytokine-mediated signaling pathway,10/1161,65/18860,0.15384615384615383,2.499171801497383,3.1009016605758997,0.00610442893903773,0.04196206422361675,0.03245894429768409,AGPAT2/PARP9/MMP12/CASP1/PARP14/IKBKE/NLRC5/ZBP1/GFI1/TREM2,10,Nominal,B_higher,GO_BP,NA,NA,positive regulation of cytokine-mediated signaling pathway
GO:0050994,regulation of lipid catabolic process,10/1161,65/18860,0.15384615384615383,2.499171801497383,3.1009016605758997,0.00610442893903773,0.04196206422361675,0.03245894429768409,SCARB1/MFSD2A/CIDEC/ADRA2A/LDLR/APOC2/PDE3B/APOC3/TNF/APOA4,10,Nominal,B_higher,GO_BP,NA,NA,regulation of lipid catabolic process
GO:0046165,alcohol biosynthetic process,18/1161,153/18860,0.1176470588235294,1.9111313776156456,2.898182441345933,0.00618601762894505,0.04246832128318122,0.03285054966793335,DHFR/PTAFR/GCH1/MVD/ACER3/CYP27B1/CLCN2/MSMO1/ACAA2/NPC1L1/SQLE/PCK2/CFTR/P2RY6/APOB/PCK1/CYP3A4/PLEK,18,Nominal,B_higher,GO_BP,NA,NA,alcohol biosynthetic process
GO:0044843,cell cycle G1/S phase transition,28/1161,275/18860,0.10181818181818182,1.653997337718268,2.7980928395542235,0.0062207051419194,0.04265170653716021,0.0329924037891272,CCNF/ANXA1/FAM83D/CCNA2/RRM2/CDKN3/CDC25A/PKP3/EZH2/STIL/CCNI2/CCNB1/SKP2/CCNB2/CDC6/MYB/CDKN1A/KIF14/RCC1/CCNE2/IQGAP3/E2F1/CCND2/E2F7/SLFN11/PIM2/INHBA/CYP1A1,28,Nominal,B_higher,GO_BP,NA,NA,cell cycle G1/S phase transition
GO:0002675,positive regulation of acute inflammatory response,6/1161,28/18860,0.21428571428571427,3.480989294942783,3.364780657388046,0.00627755443205326,0.04276733898423037,0.03308184903515832,TNFRSF11A/FFAR2/CREB3L3/ADAM8/C2CD4A/TNF,6,Nominal,B_higher,GO_BP,NA,NA,positive regulation of acute inflammatory response
GO:0031639,plasminogen activation,6/1161,28/18860,0.21428571428571427,3.480989294942783,3.364780657388046,0.00627755443205326,0.04276733898423037,0.03308184903515832,F12/ANXA2/S100A10/CTSZ/PLAUR/SERPINE2,6,Nominal,B_higher,GO_BP,NA,NA,plasminogen activation
GO:0032740,positive regulation of interleukin-17 production,6/1161,28/18860,0.21428571428571427,3.480989294942783,3.364780657388046,0.00627755443205326,0.04276733898423037,0.03308184903515832,IL18/MYD88/JAK2/NOD2/CARD9/NR1H4,6,Nominal,B_higher,GO_BP,NA,NA,positive regulation of interleukin-17 production
GO:0033598,mammary gland epithelial cell proliferation,6/1161,28/18860,0.21428571428571427,3.480989294942783,3.364780657388046,0.00627755443205326,0.04276733898423037,0.03308184903515832,ZNF703/AREG/EPHA2/TFAP2C/BRCA2/IQGAP3,6,Nominal,B_higher,GO_BP,NA,NA,mammary gland epithelial cell proliferation
GO:0051043,regulation of membrane protein ectodomain proteolysis,6/1161,28/18860,0.21428571428571427,3.480989294942783,3.364780657388046,0.00627755443205326,0.04276733898423037,0.03308184903515832,TNFRSF1B/TIMP1/ADRA2A/TIMP4/ADAM8/TNF,6,Nominal,B_higher,GO_BP,NA,NA,regulation of membrane protein ectodomain proteolysis
GO:1903038,negative regulation of leukocyte cell-cell adhesion,19/1161,165/18860,0.11515151515151516,1.8705922271813744,2.876703476747404,0.0062941602289515,0.04282591463668274,0.03312715909974475,ANXA1/LGALS3/IL20RB/STAT5A/SOCS6/MDK/PLA2G2A/IRF1/CD274/ASCL2/ARG2/ASS1/FGL2/LILRB2/HLA-DRB1/IL4I1/IDO1/CCL25/IL4R,19,Nominal,B_higher,GO_BP,NA,NA,negative regulation of leukocyte cell-cell adhesion
GO:0000725,recombinational repair,22/1161,201/18860,0.10945273631840796,1.7780177493240088,2.840170594962478,0.00632452208744433,0.04297781972509822,0.03324466234689526,GINS4/RAD51AP1/TONSL/RAD54L/POLQ/RAD51/CHEK1/HUS1/RUVBL1/CDC45/FEN1/GINS2/SKP2/FIGNL1/BRCA1/MCM4/BRCA2/GEN1/BLM/UHRF1/HELLS/GFI1,22,Nominal,B_higher,GO_BP,NA,NA,recombinational repair
GO:0032635,interleukin-6 production,20/1161,177/18860,0.11299435028248588,1.8355499107042923,2.8604660584722907,0.00634782496759205,0.0430268288044136,0.03328257237360655,ADORA2B/AFAP1L2/MYD88/NOD1/LILRA2/F2RL1/CYBA/TMEM106A/BANK1/PYCARD/NOD2/CARD9/NOS2/TLR1/EREG/LILRB2/NCKAP1L/TNF/NR1H4/TREM2,20,Nominal,B_higher,GO_BP,NA,NA,interleukin-6 production
GO:0032675,regulation of interleukin-6 production,20/1161,177/18860,0.11299435028248588,1.8355499107042923,2.8604660584722907,0.00634782496759205,0.0430268288044136,0.03328257237360655,ADORA2B/AFAP1L2/MYD88/NOD1/LILRA2/F2RL1/CYBA/TMEM106A/BANK1/PYCARD/NOD2/CARD9/NOS2/TLR1/EREG/LILRB2/NCKAP1L/TNF/NR1H4/TREM2,20,Nominal,B_higher,GO_BP,NA,NA,regulation of interleukin-6 production
GO:0051222,positive regulation of protein transport,27/1161,263/18860,0.10266159695817492,1.6676982933946414,2.792786718136756,0.00640183738253535,0.04333800800227731,0.03352327903179739,PRR5L/NMU/ECT2/SEC24A/SFN/C2CD2L/ACHE/RBP4/KIF20B/MCU/F2RL1/FFAR2/JAK2/PCK2/CFTR/ANXA13/F2RL2/MLXIPL/CHP2/ADAM8/HLA-DRB1/TNF/NR1H4/TREM2/VSNL1/CD38/GCG,27,Nominal,B_higher,GO_BP,NA,NA,positive regulation of protein transport
GO:0006521,regulation of amino acid metabolic process,4/1161,13/18860,0.3076923076923077,4.998343602994766,3.6934459628332457,0.00652181988674215,0.04343548288206358,0.03359867884236308,SLC7A7/HNF4A/NR1H4/ACMSD,4,Nominal,B_higher,GO_BP,NA,NA,regulation of amino acid metabolic process
GO:0010572,positive regulation of platelet activation,4/1161,13/18860,0.3076923076923077,4.998343602994766,3.6934459628332457,0.00652181988674215,0.04343548288206358,0.03359867884236308,PLA2G4A/JAK2/SELP/PLEK,4,Nominal,B_higher,GO_BP,NA,NA,positive regulation of platelet activation
GO:0015838,amino-acid betaine transport,4/1161,13/18860,0.3076923076923077,4.998343602994766,3.6934459628332457,0.00652181988674215,0.04343548288206358,0.03359867884236308,SLC6A14/SLC6A20/SLC6A12/PDZK1,4,Nominal,B_higher,GO_BP,NA,NA,amino-acid betaine transport
GO:0021681,cerebellar granular layer development,4/1161,13/18860,0.3076923076923077,4.998343602994766,3.6934459628332457,0.00652181988674215,0.04343548288206358,0.03359867884236308,FAIM2/KIF14/MDK/SERPINE2,4,Nominal,B_higher,GO_BP,NA,NA,cerebellar granular layer development
GO:0032490,detection of molecule of bacterial origin,4/1161,13/18860,0.3076923076923077,4.998343602994766,3.6934459628332457,0.00652181988674215,0.04343548288206358,0.03359867884236308,SCARB1/NOD2/TLR1/TREM2,4,Nominal,B_higher,GO_BP,NA,NA,detection of molecule of bacterial origin
GO:0032536,regulation of cell projection size,4/1161,13/18860,0.3076923076923077,4.998343602994766,3.6934459628332457,0.00652181988674215,0.04343548288206358,0.03359867884236308,VIL1/PLS1/CDHR5/CDHR2,4,Nominal,B_higher,GO_BP,NA,NA,regulation of cell projection size
GO:0034111,negative regulation of homotypic cell-cell adhesion,4/1161,13/18860,0.3076923076923077,4.998343602994766,3.6934459628332457,0.00652181988674215,0.04343548288206358,0.03359867884236308,CEACAM1/CD9/ZNF703/SERPINE2,4,Nominal,B_higher,GO_BP,NA,NA,negative regulation of homotypic cell-cell adhesion
GO:0042373,vitamin K metabolic process,4/1161,13/18860,0.3076923076923077,4.998343602994766,3.6934459628332457,0.00652181988674215,0.04343548288206358,0.03359867884236308,CYP4F3/CYP4F2/CBR3/CYP4F12,4,Nominal,B_higher,GO_BP,NA,NA,vitamin K metabolic process
GO:0046643,regulation of gamma-delta T cell activation,4/1161,13/18860,0.3076923076923077,4.998343602994766,3.6934459628332457,0.00652181988674215,0.04343548288206358,0.03359867884236308,STAT5A/NOD2/NCKAP1L/LEF1,4,Nominal,B_higher,GO_BP,NA,NA,regulation of gamma-delta T cell activation
GO:0048711,positive regulation of astrocyte differentiation,4/1161,13/18860,0.3076923076923077,4.998343602994766,3.6934459628332457,0.00652181988674215,0.04343548288206358,0.03359867884236308,LIF/CLCF1/TTBK1/SERPINE2,4,Nominal,B_higher,GO_BP,NA,NA,positive regulation of astrocyte differentiation
GO:0060100,"positive regulation of phagocytosis, engulfment",4/1161,13/18860,0.3076923076923077,4.998343602994766,3.6934459628332457,0.00652181988674215,0.04343548288206358,0.03359867884236308,F2RL1/ITGA2/NCKAP1L/TREM2,4,Nominal,B_higher,GO_BP,NA,NA,"positive regulation of phagocytosis, engulfment"
GO:1900426,positive regulation of defense response to bacterium,4/1161,13/18860,0.3076923076923077,4.998343602994766,3.6934459628332457,0.00652181988674215,0.04343548288206358,0.03359867884236308,F2RL1/EMILIN2/CYBA/KLK7,4,Nominal,B_higher,GO_BP,NA,NA,positive regulation of defense response to bacterium
GO:1905155,positive regulation of membrane invagination,4/1161,13/18860,0.3076923076923077,4.998343602994766,3.6934459628332457,0.00652181988674215,0.04343548288206358,0.03359867884236308,F2RL1/ITGA2/NCKAP1L/TREM2,4,Nominal,B_higher,GO_BP,NA,NA,positive regulation of membrane invagination
GO:0046635,positive regulation of alpha-beta T cell activation,11/1161,76/18860,0.14473684210526316,2.351194523777143,3.022955180989899,0.00660652181222416,0.04394487394499359,0.03399270846038358,CD55/IL18/ANXA1/CARD11/IL2RG/JAK2/NCKAP1L/HLA-DRB1/IL4R/GPR65/HLA-DRB3,11,Nominal,B_higher,GO_BP,NA,NA,positive regulation of alpha-beta T cell activation
GO:0001763,morphogenesis of a branching structure,23/1161,214/18860,0.10747663551401868,1.74591674917691,2.8106416739873232,0.00661967160042077,0.04397764437149105,0.03401805739085144,ST14/EXT1/AREG/VDR/EPHA2/TFAP2C/SOCS3/TGM2/CTSZ/MSX2/MDK/FOXD1/TBX3/HOXA13/SRF/HOXB13/PML/NPNT/AGT/HOXA11/TNF/LEF1/HOXB7,23,Nominal,B_higher,GO_BP,NA,NA,morphogenesis of a branching structure
GO:0046677,response to antibiotic,7/1161,37/18860,0.1891891891891892,3.0733058640035384,3.233113064024349,0.00665490565655515,0.04410215049722055,0.03411436669961753,CRIP1/EZH2/PLA2G4A/PLA2G4F/HPSE/JAK2/KDM6B,7,Nominal,B_higher,GO_BP,NA,NA,response to antibiotic
GO:1903725,regulation of phospholipid metabolic process,7/1161,37/18860,0.1891891891891892,3.0733058640035384,3.233113064024349,0.00665490565655515,0.04410215049722055,0.03411436669961753,SCARB1/MFSD2A/HTR2B/LPCAT1/LDLR/APOC2/NR1H4,7,Nominal,B_higher,GO_BP,NA,NA,regulation of phospholipid metabolic process
GO:0050819,negative regulation of coagulation,9/1161,56/18860,0.16071428571428573,2.6107419712070876,3.091690012542571,0.00680463662305782,0.04500339353796218,0.03481150584659122,F12/ANXA2/CEACAM1/CD9/TFPI/PLAUR/PROCR/PF4/SERPINE2,9,Nominal,B_higher,GO_BP,NA,NA,negative regulation of coagulation
GO:1901224,positive regulation of non-canonical NF-kappaB signal transduction,10/1161,66/18860,0.15151515151515152,2.461305562080756,3.045821649813565,0.00680773099704775,0.04500339353796218,0.03481150584659122,TNFRSF11A/IL18/NOD1/EDAR/IFI35/LRRC19/PYCARD/NOD2/TNF/TREM2,10,Nominal,B_higher,GO_BP,NA,NA,positive regulation of non-canonical NF-kappaB signal transduction
GO:0006275,regulation of DNA replication,15/1161,120/18860,0.125,2.0305770887166235,2.900596966586279,0.00686789086808467,0.04534503748458872,0.03507577792277165,CCNA2/ESCO2/CDC25A/RUVBL1/DSCC1/MCM4/CDC6/CDKN1A/FBXO5/E2F7/ATAD5/SLFN11/CDT1/EREG/DACH1,15,Nominal,B_higher,GO_BP,NA,NA,regulation of DNA replication
GO:0015914,phospholipid transport,14/1161,109/18860,0.12844036697247707,2.0864645315253383,2.9135176982333375,0.00698195992417266,0.04604133375397705,0.03561438445323974,SCARB1/MFSD2A/XRCC4/C2CD2L/PITPNM1/ATP11A/GLTPD2/LDLR/ABCA12/APOC2/ABCG8/MTTP/APOC3/APOA4,14,Nominal,B_higher,GO_BP,NA,NA,phospholipid transport
GO:0043410,positive regulation of MAPK cascade,43/1161,474/18860,0.09071729957805907,1.473667760587592,2.674979417066487,0.00709329295227917,0.04671789496156282,0.03613772530782622,GPR37L1/LYN/TNFRSF11A/HTR2B/MAP2K3/EDN3/MYD88/NOD1/EZH2/EDAR/ADRA2A/TNIK/ERBB3/F2RL1/MFHAS1/LIF/ARHGAP8/PLA2G2A/TMEM106A/NPSR1/BANK1/IQGAP3/SEMA7A/JAK2/CHI3L1/PYCARD/NPNT/NOD2/P2RY6/CARD9/SLC30A10/S100A12/C5AR1/FPR2/ADAM8/CCR1/HLA-DRB1/TNF/TREM2/ICAM1/CCL3/INHBA/GCG,43,Nominal,B_higher,GO_BP,NA,NA,positive regulation of MAPK cascade
GO:0051495,positive regulation of cytoskeleton organization,21/1161,191/18860,0.1099476439790576,1.7860573345779724,2.7964783128835116,0.00715083351041323,0.04703893925423123,0.0363860629195624,VIL1/BAIAP2L2/S100A10/RHOC/WDR1/GPSM2/CFL1/EPHA1/PLK4/SKA1/SPAG5/STIL/PSRC1/CDC42EP2/F2RL1/PYCARD/HCK/NCKAP1L/CCL26/GPR65/PLEK,21,Nominal,B_higher,GO_BP,NA,NA,positive regulation of cytoskeleton organization
GO:0009612,response to mechanical stimulus,24/1161,228/18860,0.10526315789473684,1.709959653656104,2.7623100920097614,0.00724830329826236,0.04762153076057388,0.03683671532674396,BAK1/TMC7/TNFRSF11A/FAS/MYD88/CHEK1/TUBA1A/CCNB1/CASP1/CYBA/MDK/IRF1/ITGA2/CHI3L1/STAT1/MEIS2/CXCL10/BDKRB1/SCEL/CNTNAP2/TIFAB/TNF/SERPINE2/FOSB,24,Nominal,B_higher,GO_BP,NA,NA,response to mechanical stimulus
GO:0019218,regulation of steroid metabolic process,15/1161,121/18860,0.12396694214876032,2.0137954598842547,2.865305259906841,0.00740674014073558,0.04854319396158565,0.03754965009428641,STARD4/GAL/CLCN2/LDLR/STAT5A/SNAI1/NR5A2/AGT/GFI1/TNF/NR1H4/UGT1A8/APOB/PCK1/CH25H,15,Nominal,B_higher,GO_BP,NA,NA,regulation of steroid metabolic process
GO:0090277,positive regulation of peptide hormone secretion,15/1161,121/18860,0.12396694214876032,2.0137954598842547,2.865305259906841,0.00740674014073558,0.04854319396158565,0.03754965009428641,NMU/C2CD2L/RBP4/MCU/FFAR2/JAK2/PCK2/CFTR/F2RL2/MLXIPL/HLA-DRB1/NR1H4/VSNL1/CD38/GCG,15,Nominal,B_higher,GO_BP,NA,NA,positive regulation of peptide hormone secretion
GO:0002706,regulation of lymphocyte mediated immunity,22/1161,204/18860,0.10784313725490197,1.7518704294810086,2.765348670461272,0.00749847692779631,0.04904569581926996,0.03793835070065168,CEACAM1/CD55/TNFRSF1B/IL18/RIPK3/IL20RB/STAT5A/CLCF1/CD274/RSAD2/ATAD5/TFRC/ULBP2/C4BPA/NCKAP1L/HLA-DRB1/IL4I1/TNF/SH2D1B/TREM2/SERPINB9/HLA-DRB3,22,Nominal,B_higher,GO_BP,NA,NA,regulation of lymphocyte mediated immunity
GO:0010971,positive regulation of G2/M transition of mitotic cell cycle,6/1161,29/18860,0.20689655172413793,3.3609551813240666,3.2587506108430446,0.00751092462153741,0.04904569581926996,0.03793835070065168,CDC25B/CDC25A/CHEK1/CCNB1/FBXO5/DTL,6,Nominal,B_higher,GO_BP,NA,NA,positive regulation of G2/M transition of mitotic cell cycle
GO:0043304,regulation of mast cell degranulation,6/1161,29/18860,0.20689655172413793,3.3609551813240666,3.2587506108430446,0.00751092462153741,0.04904569581926996,0.03793835070065168,ADORA2B/LYN/PLA2G3/IL13RA2/IL4R/FGR,6,Nominal,B_higher,GO_BP,NA,NA,regulation of mast cell degranulation
GO:0030218,erythrocyte differentiation,18/1161,156/18860,0.1153846153846154,1.8743788511230373,2.8086380323078957,0.00754139681422337,0.04918462214934953,0.03804581447997159,TRIM10/LYN/FLVCR1/LYAR/NCAPG2/STAT5A/RACGAP1/MFHAS1/MYB/DIAPH3/ISG15/SRF/JAK2/STAT1/TRIM58/NCKAP1L/TSPO2/INHBA,18,Nominal,B_higher,GO_BP,NA,NA,erythrocyte differentiation
GO:0032613,interleukin-10 production,10/1161,67/18860,0.14925373134328357,2.4245696581691027,2.9917418048579765,0.00757220756742114,0.04926540884497355,0.03810830546800497,IL20RB/F2RL1/ISG15/CD274/PYCARD/NOD2/HLA-DRB1/IDO1/TREM2/IRF4,10,Nominal,B_higher,GO_BP,NA,NA,interleukin-10 production
GO:0032653,regulation of interleukin-10 production,10/1161,67/18860,0.14925373134328357,2.4245696581691027,2.9917418048579765,0.00757220756742114,0.04926540884497355,0.03810830546800497,IL20RB/F2RL1/ISG15/CD274/PYCARD/NOD2/HLA-DRB1/IDO1/TREM2/IRF4,10,Nominal,B_higher,GO_BP,NA,NA,regulation of interleukin-10 production
GO:0000280,nuclear division,80/1146,453/18860,0.17660044150110377,2.906356306030381,10.446119485545104,3.3597241818828828e-18,1.6495315842839596e-14,1.2734744241824658e-14,KIF18A/KIF2A/AURKA/RAD51AP1/CHEK2/FANCD2/TRIP13/ZWILCH/RAD54L/CDC25B/SKA1/ESPL1/MAD2L1/CDCA8/EDN3/KIF22/KIF4A/CDCA2/ANLN/CENPK/MYBL2/SPAG5/RAD51/SPC25/CKS2/BUB1/SKA3/NCAPG/CENPI/CHEK1/NUF2/TEX11/BIRC5/NEK2/KIF23/UBE2S/FANCA/CCNB1/TOP2A/CDC20/FIGNL1/CENPE/KIF20B/PSRC1/INCENP/NCAPG2/BORA/MND1/TPX2/DLGAP5/CCNB2/BUB1B/PTTG1/RACGAP1/LIF/PRC1/ASPM/KIF11/KIF14/CENPF/MSX2/KIFC1/ZWINT/KIF15/SPC24/BRCA2/RCC1/GEN1/FBXO5/CCNE2/UBE2C/HOXA13/MKI67/BRIP1/NUSAP1/UHRF1/MSX1/CDT1/EREG/TNF,80,FDR,B_higher,GO_BP,NA,NA,nuclear division
GO:0140014,mitotic nuclear division,60/1146,281/18860,0.21352313167259787,3.5140019749958076,10.79943229357956,6.180335647373396e-18,1.6495315842839596e-14,1.2734744241824658e-14,KIF18A/KIF2A/AURKA/CHEK2/TRIP13/ZWILCH/SKA1/ESPL1/MAD2L1/CDCA8/EDN3/KIF22/KIF4A/CDCA2/ANLN/CENPK/MYBL2/SPAG5/SPC25/BUB1/SKA3/NCAPG/CENPI/CHEK1/NUF2/BIRC5/NEK2/KIF23/UBE2S/CCNB1/CDC20/CENPE/KIF20B/PSRC1/INCENP/NCAPG2/BORA/TPX2/DLGAP5/BUB1B/RACGAP1/PRC1/KIF11/KIF14/CENPF/KIFC1/ZWINT/KIF15/SPC24/RCC1/GEN1/FBXO5/UBE2C/HOXA13/MKI67/NUSAP1/UHRF1/CDT1/EREG/TNF,60,FDR,B_higher,GO_BP,NA,NA,mitotic nuclear division
GO:0000070,mitotic sister chromatid segregation,48/1146,192/18860,0.25,4.114310645724259,11.032068949247664,1.7022589290732972e-17,3.0288860544644204e-14,2.3383662130954243e-14,KIF18A/KIF2A/CHEK2/TRIP13/ZWILCH/SKA1/ESPL1/MAD2L1/CDCA8/KIF22/KIF4A/CENPK/MYBL2/SPAG5/SPC25/BUB1/SKA3/NCAPG/CENPI/NUF2/BIRC5/NEK2/KIF23/CCNB1/CDC20/CENPE/PSRC1/INCENP/NCAPG2/TPX2/DLGAP5/BUB1B/RACGAP1/PRC1/KIF11/KIF14/CENPF/KIFC1/ZWINT/KIF15/SPC24/RCC1/GEN1/FBXO5/UBE2C/NUSAP1/UHRF1/CDT1,48,FDR,B_higher,GO_BP,NA,NA,mitotic sister chromatid segregation
GO:0007059,chromosome segregation,75/1146,434/18860,0.1728110599078341,2.8439935339107776,9.88512223742246,1.3584038338184038e-16,1.8127899162306597e-13,1.3995134235260658e-13,GPSM2/KIF18A/KIF2A/AURKA/ECT2/FAM83D/CHEK2/FANCD2/TRIP13/ZWILCH/ESCO2/SKA1/ESPL1/MAD2L1/CDCA8/KIF22/KIF4A/CDCA2/CENPK/MYBL2/SPAG5/CENPW/SPC25/BUB1/SKA3/NCAPG/CENPI/NUF2/TEX11/STIL/TACC3/BIRC5/NEK2/KIF23/CCNB1/OIP5/TOP2A/CDC20/CENPO/CENPE/PSRC1/INCENP/NCAPG2/CENPM/BRCA1/MND1/TPX2/DLGAP5/CCNB2/BUB1B/CENPL/PTTG1/RACGAP1/PRC1/ASPM/CDC6/KIF11/KIF14/DIAPH3/CENPF/KIFC1/ZWINT/KIF15/SPC24/HJURP/RCC1/GEN1/FBXO5/CCNE2/UBE2C/MKI67/BRIP1/NUSAP1/UHRF1/CDT1,75,FDR,B_higher,GO_BP,NA,NA,chromosome segregation
GO:0098813,nuclear chromosome segregation,62/1146,323/18860,0.19195046439628485,3.1589753564693996,9.954570810184032,3.964827274844444e-16,4.2328495986239283e-13,3.267852374950737e-13,KIF18A/KIF2A/AURKA/ECT2/FAM83D/CHEK2/FANCD2/TRIP13/ZWILCH/SKA1/ESPL1/MAD2L1/CDCA8/KIF22/KIF4A/CENPK/MYBL2/SPAG5/SPC25/BUB1/SKA3/NCAPG/CENPI/NUF2/TEX11/TACC3/BIRC5/NEK2/KIF23/CCNB1/TOP2A/CDC20/CENPE/PSRC1/INCENP/NCAPG2/MND1/TPX2/DLGAP5/CCNB2/BUB1B/PTTG1/RACGAP1/PRC1/ASPM/CDC6/KIF11/KIF14/CENPF/KIFC1/ZWINT/KIF15/SPC24/RCC1/GEN1/FBXO5/CCNE2/UBE2C/BRIP1/NUSAP1/UHRF1/CDT1,62,FDR,B_higher,GO_BP,NA,NA,nuclear chromosome segregation
GO:0000819,sister chromatid segregation,51/1146,233/18860,0.21888412017167383,3.602229063209222,10.165888572937083,6.62673097822294e-16,5.895581660292343e-13,4.55151785609523e-13,KIF18A/KIF2A/CHEK2/TRIP13/ZWILCH/SKA1/ESPL1/MAD2L1/CDCA8/KIF22/KIF4A/CENPK/MYBL2/SPAG5/SPC25/BUB1/SKA3/NCAPG/CENPI/NUF2/TACC3/BIRC5/NEK2/KIF23/CCNB1/TOP2A/CDC20/CENPE/PSRC1/INCENP/NCAPG2/TPX2/DLGAP5/BUB1B/RACGAP1/PRC1/CDC6/KIF11/KIF14/CENPF/KIFC1/ZWINT/KIF15/SPC24/RCC1/GEN1/FBXO5/UBE2C/NUSAP1/UHRF1/CDT1,51,FDR,B_higher,GO_BP,NA,NA,sister chromatid segregation
GO:0007088,regulation of mitotic nuclear division,35/1146,119/18860,0.29411764705882354,4.840365465557951,10.689145160654189,1.8594980490755026e-15,1.4180000837092904e-12,1.0947270469369312e-12,AURKA/TRIP13/ZWILCH/SKA1/ESPL1/MAD2L1/CDCA8/EDN3/CDCA2/SPC25/BUB1/SKA3/CHEK1/NUF2/BIRC5/NEK2/CCNB1/CDC20/KIF20B/INCENP/BORA/DLGAP5/BUB1B/CENPF/ZWINT/SPC24/RCC1/GEN1/FBXO5/UBE2C/HOXA13/MKI67/NUSAP1/EREG/TNF,35,FDR,B_higher,GO_BP,NA,NA,regulation of mitotic nuclear division
GO:0051783,regulation of nuclear division,39/1146,147/18860,0.2653061224489796,4.3662072158706415,10.42128142479766,2.1350882707905586e-15,1.4246376486850005e-12,1.099851392124347e-12,AURKA/RAD51AP1/TRIP13/ZWILCH/SKA1/ESPL1/MAD2L1/CDCA8/EDN3/CDCA2/SPC25/BUB1/SKA3/CHEK1/NUF2/BIRC5/NEK2/CCNB1/CDC20/KIF20B/INCENP/BORA/DLGAP5/BUB1B/LIF/CENPF/MSX2/ZWINT/SPC24/RCC1/GEN1/FBXO5/UBE2C/HOXA13/MKI67/NUSAP1/MSX1/EREG/TNF,39,FDR,B_higher,GO_BP,NA,NA,regulation of nuclear division
GO:0090068,positive regulation of cell cycle process,53/1146,278/18860,0.1906474820143885,3.1375318593292905,9.132340282494347,7.553290638429383e-14,4.4799406031040046e-11,3.4586120291755594e-11,GPSM2/AURKA/PLK4/ECT2/RAD51AP1/ANXA1/FAM83D/CHEK2/CDC25B/SKA1/ESPL1/RRM2/MAD2L1/CDCA8/EDN3/CDC25A/PKP3/SPAG5/BUB1/SKA3/NCAPG/EZH2/CHEK1/STIL/BIRC5/KIF23/SVIL/CCNB1/FEN1/CDC20/KIF20B/POC1A/INCENP/NCAPG2/DLGAP5/RACGAP1/CDC6/KIF14/MSX2/GEN1/FBXO5/CCNE2/UBE2C/HOXA13/CCND2/NUSAP1/E2F7/ATAD5/DTL/MSX1/EREG/TNF/LEF1,53,FDR,B_higher,GO_BP,NA,NA,positive regulation of cell cycle process
GO:0050900,leukocyte migration,65/1146,397/18860,0.163727959697733,2.6945107503483805,8.679241361981473,2.082258747889202e-13,1.1115097196232556e-10,8.581097892617077e-11,CXCL16/LYN/WDR1/CD9/TNFRSF11A/ANXA1/S100A14/CKLF/EXT1/LGALS3/EDN3/MYD88/RIPK3/NEDD9/HMOX1/MCU/TRPM2/BST1/ECM1/F2RL1/CXCL3/FUT4/SAA1/GP2/FFAR2/MDK/CCR6/PADI2/ITGA2/PLA2G7/ASCL2/DPP4/S100A9/CXCR2/CCL20/PYCARD/CXCL10/HCK/S100A12/C5AR1/CXCL5/FPR2/BDKRB1/ADAM8/TNFRSF18/RIN3/NCKAP1L/CCR1/S100A8/SELL/FAM3D/CCL13/TNF/SLAMF8/CCL26/TREM2/PF4/SELP/TNFAIP6/ICAM1/CCL3/CCL25/CXCL11/SCG2/CXCL9,65,FDR,B_higher,GO_BP,NA,NA,leukocyte migration
GO:0000075,cell cycle checkpoint signaling,41/1146,187/18860,0.2192513368983957,3.6082724379613818,9.11716943136301,4.464516530408326e-13,2.1665081126654216e-10,1.6725915996697218e-10,LYN/CHEK2/FANCD2/TRIP13/ZWILCH/SKA1/MAD2L1/CDCA8/RAD51/SPC25/BUB1/SKA3/CHEK1/HUS1/NUF2/PARP9/CDC45/ORC1/BIRC5/FBXO6/CCNB1/CDC20/INCENP/BRCA1/BUB1B/CDC6/CDKN1A/CLSPN/CENPF/ZWINT/SPC24/BRCA2/STK38/NEK11/GEN1/E2F1/BRIP1/BLM/DTL/CDT1/WDR76,41,FDR,B_higher,GO_BP,NA,NA,cell cycle checkpoint signaling
GO:0045787,positive regulation of cell cycle,58/1146,349/18860,0.166189111747851,2.735014526670567,8.321358014536173,2.2337225401910748e-12,9.936342432949963e-10,7.671073460393031e-10,GPSM2/AURKA/PLK4/ECT2/RAD51AP1/ANXA1/FAM83D/CHEK2/CDC25B/SKA1/ESPL1/RRM2/MAD2L1/CDCA8/EDN3/CDC25A/PKP3/SPAG5/BUB1/SKA3/NCAPG/EZH2/CHEK1/STIL/BIRC5/KIF23/SVIL/CCNB1/FEN1/CDC20/KIF20B/POC1A/INCENP/NCAPG2/STAT5A/DLGAP5/RACGAP1/CDC6/KIF14/MSX2/BRCA2/GEN1/TBX3/FBXO5/CCNE2/UBE2C/HOXA13/CCND2/NUSAP1/E2F7/OVOL1/MEIS2/ATAD5/DTL/MSX1/EREG/TNF/LEF1,58,FDR,B_higher,GO_BP,NA,NA,positive regulation of cell cycle
GO:0050727,regulation of inflammatory response,69/1146,460/18860,0.15,2.468586387434555,8.1107837350701,2.711230977534941e-12,1.1132731506216552e-9,8.594711965222101e-10,F12/ADORA2B/CCL15/LYN/TNFRSF1B/TNFRSF11A/IL18/PLA2G3/ANXA1/FANCD2/CAMK2N1/PBK/USP18/MYD88/IL22RA1/MGLL/IL20RB/FANCA/GBP1/IFI35/MAP3K8/CASP1/PIK3AP1/CTSC/DUSP10/BST1/LDLR/GBP3/SOCS3/STAT5A/MFHAS1/SAA1/FFAR2/MDK/PLA2G2A/CREB3L3/ACE2/LRRC19/PLA2G7/SEMA7A/JAK2/ZBP1/S100A9/PYCARD/MMP3/NR5A2/HCK/NOD2/AGT/S100A12/FPR2/ADAM8/NT5E/DNASE1L3/SIGLEC10/C2CD4A/TTBK1/CCR1/S100A8/HLA-DRB1/TNF/IDO1/NR1H4/SLAMF8/TREM2/TNFAIP6/CCL3/FGR/REG3A,69,FDR,B_higher,GO_BP,NA,NA,regulation of inflammatory response
GO:0010965,regulation of mitotic sister chromatid separation,22/1146,61/18860,0.3606557377049181,5.935398964323521,9.82003708946738,3.2252773324884877e-12,1.229752171487396e-9,9.493955456159722e-10,TRIP13/ZWILCH/SKA1/ESPL1/MAD2L1/CDCA8/SPC25/BUB1/SKA3/NUF2/BIRC5/CCNB1/CDC20/INCENP/DLGAP5/BUB1B/CENPF/ZWINT/SPC24/GEN1/FBXO5/UBE2C,22,FDR,B_higher,GO_BP,NA,NA,regulation of mitotic sister chromatid separation
GO:1905818,regulation of chromosome separation,24/1146,76/18860,0.3157894736842105,5.197023973546431,9.324971758446324,9.049729961272379e-12,3.220497235551464e-9,2.486294231465359e-9,TRIP13/ZWILCH/SKA1/ESPL1/MAD2L1/CDCA8/SPC25/BUB1/SKA3/NCAPG/NUF2/BIRC5/CCNB1/CDC20/INCENP/NCAPG2/DLGAP5/BUB1B/CENPF/ZWINT/SPC24/GEN1/FBXO5/UBE2C,24,FDR,B_higher,GO_BP,NA,NA,regulation of chromosome separation
GO:0051306,mitotic sister chromatid separation,22/1146,64/18860,0.34375,5.657177137870855,9.492341289918128,9.818837474801132e-12,3.275809652530528e-9,2.5289966259109492e-09,TRIP13/ZWILCH/SKA1/ESPL1/MAD2L1/CDCA8/SPC25/BUB1/SKA3/NUF2/BIRC5/CCNB1/CDC20/INCENP/DLGAP5/BUB1B/CENPF/ZWINT/SPC24/GEN1/FBXO5/UBE2C,22,FDR,B_higher,GO_BP,NA,NA,mitotic sister chromatid separation
GO:0097530,granulocyte migration,34/1146,148/18860,0.22972972972972977,3.780717890665535,8.638155211902614,1.1205185914586777e-11,3.518428377180247e-9,2.7163035823905404e-9,WDR1/ANXA1/S100A14/CKLF/LGALS3/EDN3/MYD88/MCU/BST1/CXCL3/FUT4/SAA1/GP2/MDK/DPP4/S100A9/CXCR2/CXCL10/S100A12/C5AR1/CXCL5/ADAM8/NCKAP1L/S100A8/FAM3D/CCL13/SLAMF8/CCL26/PF4/TNFAIP6/CCL3/CCL25/SCG2/CXCL9,34,FDR,B_higher,GO_BP,NA,NA,granulocyte migration
GO:0006641,triglyceride metabolic process,29/1146,112/18860,0.25892857142857145,4.261250311642982,8.80458704563068,1.6081566732289067e-11,4.769077956497724e-9,3.6818323834451276e-9,SCARB1/MFSD2A/PCSK9/LIPG/CIDEC/APOBEC1/AGPAT2/MGLL/FITM2/APOBR/LDLR/PNPLA3/GK5/GK/LPGAT1/MOGAT3/CPS1/AGMO/CIDEB/PCK2/APOC2/MOGAT2/MTTP/DGAT1/PLB1/APOC3/APOA4/APOB/PCK1,29,FDR,B_higher,GO_BP,NA,NA,triglyceride metabolic process
GO:1990266,neutrophil migration,28/1146,106/18860,0.2641509433962264,4.347196153972801,8.789829673403046,2.1388907005062438e-11,6.009157136474911e-9,4.639200605253155e-9,WDR1/CKLF/LGALS3/EDN3/MYD88/MCU/BST1/CXCL3/FUT4/SAA1/GP2/MDK/DPP4/S100A9/CXCR2/CXCL10/S100A12/C5AR1/CXCL5/ADAM8/NCKAP1L/S100A8/FAM3D/SLAMF8/PF4/TNFAIP6/CCL3/CXCL9,28,FDR,B_higher,GO_BP,NA,NA,neutrophil migration
GO:0060326,cell chemotaxis,54/1146,330/18860,0.16363636363636364,2.693003331746787,7.891696812880997,2.3871950350730168e-11,6.087590551781876e-9,4.699752915585582e-9,CCL15/CCRL2/CXCL16/LYN/TNFRSF11A/ANXA1/S100A14/CKLF/LGALS3/EDN3/EPHA2/NEDD9/CCL18/MCU/TRPM2/BST1/F2RL1/CXCL3/SAA1/CXCL1/FFAR2/HSPB1/MDK/CCR6/PADI2/PLA2G7/DPP4/S100A9/CXCR2/CCL20/CXCL10/CXCL2/S100A12/CCL3L3/C5AR1/CXCL5/FPR2/HOXB9/ADAM8/RIN3/NCKAP1L/CCR1/S100A8/CCL13/LEF1/SLAMF8/CCL26/PF4/TNFAIP6/CCL3/CCL25/CXCL11/SCG2/CXCL9,54,FDR,B_higher,GO_BP,NA,NA,cell chemotaxis
GO:0044772,mitotic cell cycle phase transition,67/1146,461/18860,0.14533622559652928,2.391833520724731,7.695448988250776,2.3948932481719628e-11,6.087590551781876e-9,4.699752915585582e-9,MELK/CALM2/AURKA/CCNF/ANXA1/CHEK2/TRIP13/ZWILCH/CCNA2/CDC25B/SKA1/ESPL1/RRM2/MAD2L1/CDCA8/CDKN3/FOXM1/CDC25A/ANLN/SPC25/CKS2/BUB1/SKA3/EZH2/CHEK1/HUS1/NUF2/ORC1/STIL/TACC3/BIRC5/CCNI2/UBE2S/CCNB1/CDC20/SKP2/CENPE/INCENP/BRCA1/DLGAP5/CCNB2/BUB1B/CDC6/MYB/CDKN1A/KIF14/CLSPN/CENPF/ZWINT/SPC24/RCC1/NEK11/GEN1/FBXO5/CCNE2/UBE2C/IQGAP3/E2F1/CCND2/E2F7/BLM/ATAD5/UBD/DTL/SLFN11/PIM2/INHBA,67,FDR,B_higher,GO_BP,NA,NA,mitotic cell cycle phase transition
GO:0033046,negative regulation of sister chromatid segregation,19/1146,50/18860,0.38,6.2537521815008725,9.4613586744201,3.346856685312534e-11,7.146208394479323e-9,5.517029020209925e-9,TRIP13/ZWILCH/SKA1/MAD2L1/CDCA8/SPC25/BUB1/SKA3/NUF2/BIRC5/CCNB1/CDC20/INCENP/BUB1B/CENPF/ZWINT/SPC24/GEN1/FBXO5,19,FDR,B_higher,GO_BP,NA,NA,negative regulation of sister chromatid segregation
GO:0033048,negative regulation of mitotic sister chromatid segregation,19/1146,50/18860,0.38,6.2537521815008725,9.4613586744201,3.346856685312534e-11,7.146208394479323e-9,5.517029020209925e-9,TRIP13/ZWILCH/SKA1/MAD2L1/CDCA8/SPC25/BUB1/SKA3/NUF2/BIRC5/CCNB1/CDC20/INCENP/BUB1B/CENPF/ZWINT/SPC24/GEN1/FBXO5,19,FDR,B_higher,GO_BP,NA,NA,negative regulation of mitotic sister chromatid segregation
GO:0045841,negative regulation of mitotic metaphase/anaphase transition,19/1146,50/18860,0.38,6.2537521815008725,9.4613586744201,3.346856685312534e-11,7.146208394479323e-9,5.517029020209925e-9,TRIP13/ZWILCH/SKA1/MAD2L1/CDCA8/SPC25/BUB1/SKA3/NUF2/BIRC5/CCNB1/CDC20/INCENP/BUB1B/CENPF/ZWINT/SPC24/GEN1/FBXO5,19,FDR,B_higher,GO_BP,NA,NA,negative regulation of mitotic metaphase/anaphase transition
GO:2000816,negative regulation of mitotic sister chromatid separation,19/1146,50/18860,0.38,6.2537521815008725,9.4613586744201,3.346856685312534e-11,7.146208394479323e-9,5.517029020209925e-9,TRIP13/ZWILCH/SKA1/MAD2L1/CDCA8/SPC25/BUB1/SKA3/NUF2/BIRC5/CCNB1/CDC20/INCENP/BUB1B/CENPF/ZWINT/SPC24/GEN1/FBXO5,19,FDR,B_higher,GO_BP,NA,NA,negative regulation of mitotic sister chromatid separation
GO:0050892,intestinal absorption,18/1146,45/18860,0.4,6.5828970331588135,9.536896788456538,3.997657381211852e-11,8.080685720208468e-9,6.238465933350981e-9,VIL1/CLDN2/GCNT3/SCARB1/PLS1/VDR/ADRA2A/LDLR/SLC5A1/NPC1L1/ABCG5/FOLH1/CLDN15/ABCG8/MOGAT2/FABP2/SLC2A5/APOA4,18,FDR,B_higher,GO_BP,NA,NA,intestinal absorption
GO:0022600,digestive system process,29/1146,116/18860,0.25,4.114310645724259,8.557622133181216,4.0872707839196066e-11,8.080685720208468e-9,6.238465933350981e-9,VIL1/CLDN2/GCNT3/SCARB1/MUC13/PLS1/NMU/NR1I2/VDR/TFF3/ADRA2A/RBP4/LDLR/SLC5A1/NPC1L1/MDK/ABCG5/FOLH1/NPSR1/CLDN15/ABCG8/MOGAT2/NOD2/FABP2/SERPINA3/TIFAB/SLC2A5/APOA4/MUC2,29,FDR,B_higher,GO_BP,NA,NA,digestive system process
GO:0007586,digestion,33/1146,148/18860,0.22297297297297297,3.66952030564596,8.292725709034949,5.291169375416704e-11,1.0087236473562274e-8,7.787566956675338e-9,VIL1/CLDN2/GCNT3/SCARB1/MUC13/PLS1/NMU/NR1I2/PRSS3/CCK/VDR/TFF3/ADRA2A/RBP4/LDLR/SLC5A1/PRSS2/NPC1L1/MDK/ABCG5/FOLH1/NPSR1/CLDN15/ABCG8/MOGAT2/NOD2/FABP2/SERPINA3/SI/TIFAB/SLC2A5/APOA4/MUC2,33,FDR,B_higher,GO_BP,NA,NA,digestion
GO:0045839,negative regulation of mitotic nuclear division,20/1146,57/18860,0.3508771929824561,5.774471081718256,9.182108936740484,5.5931755442408664e-11,1.0295300363847498e-8,7.948196826026494e-9,TRIP13/ZWILCH/SKA1/MAD2L1/CDCA8/SPC25/BUB1/SKA3/CHEK1/NUF2/BIRC5/CCNB1/CDC20/INCENP/BUB1B/CENPF/ZWINT/SPC24/GEN1/FBXO5,20,FDR,B_higher,GO_BP,NA,NA,negative regulation of mitotic nuclear division
GO:0010876,lipid localization,68/1146,483/18860,0.14078674948240166,2.3169616886894375,7.4576623723133775,7.140410568985693e-11,1.2099946003390814e-8,9.341422690003165e-9,ANXA2/CEACAM1/STARD5/SCARB1/LYN/MFSD2A/SLC27A2/PCSK9/TNFRSF11A/LIPG/PLA2G3/ANXA1/XRCC4/PLIN3/SEC24A/STARD4/CIDEC/SLC27A4/C2CD2L/PITPNM1/GAL/CYP4F2/ATP11A/AKR1C4/GLTPD2/ACSL5/LRP1/PLA2G4A/RBP4/APOBR/LDLR/PLA2G4F/MYB/NMUR2/NPC1L1/PLA2G2A/ABCG5/APOL3/FABP1/IKBKE/SLCO2B1/ABCA12/CIDEB/BDKRB2/APOC2/APOL1/CFTR/ABCG8/APOL2/AGT/NOS2/MTTP/ABCG2/FABP2/APOC3/SPP1/SLC43A3/TNF/NR1H4/APOA4/PLA2R1/TSPO2/TREM2/FABP6/RBP2/APOB/INHBA/PLA2G12B,68,FDR,B_higher,GO_BP,NA,NA,lipid localization
GO:0051304,chromosome separation,24/1146,83/18860,0.2891566265060241,4.758720746861792,8.728896078997257,7.303533636753944e-11,1.2099946003390814e-8,9.341422690003165e-9,TRIP13/ZWILCH/SKA1/ESPL1/MAD2L1/CDCA8/SPC25/BUB1/SKA3/NCAPG/NUF2/BIRC5/CCNB1/CDC20/INCENP/NCAPG2/DLGAP5/BUB1B/CENPF/ZWINT/SPC24/GEN1/FBXO5/UBE2C,24,FDR,B_higher,GO_BP,NA,NA,chromosome separation
GO:1902100,negative regulation of metaphase/anaphase transition of cell cycle,19/1146,52/18860,0.36538461538461536,6.013223251443146,9.20747880750012,7.480296330309044e-11,1.2099946003390814e-8,9.341422690003165e-9,TRIP13/ZWILCH/SKA1/MAD2L1/CDCA8/SPC25/BUB1/SKA3/NUF2/BIRC5/CCNB1/CDC20/INCENP/BUB1B/CENPF/ZWINT/SPC24/GEN1/FBXO5,19,FDR,B_higher,GO_BP,NA,NA,negative regulation of metaphase/anaphase transition of cell cycle
GO:1905819,negative regulation of chromosome separation,19/1146,52/18860,0.36538461538461536,6.013223251443146,9.20747880750012,7.480296330309044e-11,1.2099946003390814e-8,9.341422690003165e-9,TRIP13/ZWILCH/SKA1/MAD2L1/CDCA8/SPC25/BUB1/SKA3/NUF2/BIRC5/CCNB1/CDC20/INCENP/BUB1B/CENPF/ZWINT/SPC24/GEN1/FBXO5,19,FDR,B_higher,GO_BP,NA,NA,negative regulation of chromosome separation
GO:0051784,negative regulation of nuclear division,21/1146,64/18860,0.328125,5.400032722513089,8.968224968139502,7.96433271254545e-11,1.250400235869636e-8,9.653363024648744e-9,TRIP13/ZWILCH/SKA1/MAD2L1/CDCA8/SPC25/BUB1/SKA3/CHEK1/NUF2/BIRC5/CCNB1/CDC20/INCENP/BUB1B/LIF/CENPF/ZWINT/SPC24/GEN1/FBXO5,21,FDR,B_higher,GO_BP,NA,NA,negative regulation of nuclear division
GO:0008544,epidermis development,60/1146,402/18860,0.14925373134328357,2.45630486311896,7.50699841888815,9.110681009875268e-11,1.3261727619635361e-8,1.0238343481862405e-8,CLDN4/ST14/IL18/PLS1/CDH3/ANXA1/LAMC2/EMP1/CLDN1/SFN/EXT1/PKP3/VDR/EPHA2/KRT15/GAL/AGPAT2/EZH2/EDAR/CYP27B1/TFAP2C/KRT80/KRT6B/FERMT1/MAFF/COL17A1/BCL11B/HPSE/CDKN1A/KRT7/SLC4A7/MSX2/SRF/HOXB13/ABCA12/SULT2B1/GRHL3/SNAI1/OVOL1/HES5/KRT14/KRT6C/KLK7/ETV4/PAX6/SCEL/EREG/KRT17/REG3G/KRT6A/KRT16/CDSN/HLA-DRB1/TNF/CST6/DKK4/GJB5/RBP2/INHBA/REG3A,60,FDR,B_higher,GO_BP,NA,NA,epidermis development
GO:1901988,negative regulation of cell cycle phase transition,47/1146,274/18860,0.17153284671532848,2.8229576693290537,7.73129452267512,9.184212915752252e-11,1.3261727619635361e-8,1.0238343481862405e-8,LYN/CHEK2/FANCD2/TRIP13/ZWILCH/SKA1/MAD2L1/CDCA8/RAD51/SPC25/BUB1/SKA3/EZH2/CHEK1/HUS1/NUF2/PARP9/CDC45/ORC1/BIRC5/FBXO6/CCNB1/CDC20/INCENP/BRCA1/BUB1B/CDC6/CDKN1A/CLSPN/CENPF/ZWINT/SPC24/BRCA2/STK38/NEK11/GEN1/FBXO5/E2F1/BRIP1/E2F7/BLM/OVOL1/DTL/SLFN11/CDT1/WDR76/INHBA,47,FDR,B_higher,GO_BP,NA,NA,negative regulation of cell cycle phase transition
GO:0030595,leukocyte chemotaxis,43/1146,237/18860,0.18143459915611815,2.9859132112429214,7.825334938858611,9.192280290867524e-11,1.3261727619635361e-8,1.0238343481862405e-8,CXCL16/LYN/TNFRSF11A/ANXA1/S100A14/CKLF/LGALS3/EDN3/NEDD9/MCU/TRPM2/BST1/F2RL1/CXCL3/SAA1/FFAR2/MDK/CCR6/PADI2/PLA2G7/DPP4/S100A9/CXCR2/CXCL10/S100A12/C5AR1/CXCL5/FPR2/ADAM8/RIN3/NCKAP1L/CCR1/S100A8/CCL13/SLAMF8/CCL26/PF4/TNFAIP6/CCL3/CCL25/CXCL11/SCG2/CXCL9,43,FDR,B_higher,GO_BP,NA,NA,leukocyte chemotaxis
GO:0051985,negative regulation of chromosome segregation,19/1146,53/18860,0.3584905660377358,5.899766208963087,9.085458515053014,1.1000359737737229e-10,1.545261060001088e-8,1.1929753011978188e-8,TRIP13/ZWILCH/SKA1/MAD2L1/CDCA8/SPC25/BUB1/SKA3/NUF2/BIRC5/CCNB1/CDC20/INCENP/BUB1B/CENPF/ZWINT/SPC24/GEN1/FBXO5,19,FDR,B_higher,GO_BP,NA,NA,negative regulation of chromosome segregation
GO:0007094,mitotic spindle assembly checkpoint signaling,18/1146,48/18860,0.375,6.1714659685863875,9.124522021353778,1.4303404464298063e-10,1.8622334885469043e-8,1.4376849416617956e-8,TRIP13/ZWILCH/SKA1/MAD2L1/CDCA8/SPC25/BUB1/SKA3/NUF2/BIRC5/CCNB1/CDC20/INCENP/BUB1B/CENPF/ZWINT/SPC24/GEN1,18,FDR,B_higher,GO_BP,NA,NA,mitotic spindle assembly checkpoint signaling
GO:0071173,spindle assembly checkpoint signaling,18/1146,48/18860,0.375,6.1714659685863875,9.124522021353778,1.4303404464298063e-10,1.8622334885469043e-8,1.4376849416617956e-8,TRIP13/ZWILCH/SKA1/MAD2L1/CDCA8/SPC25/BUB1/SKA3/NUF2/BIRC5/CCNB1/CDC20/INCENP/BUB1B/CENPF/ZWINT/SPC24/GEN1,18,FDR,B_higher,GO_BP,NA,NA,spindle assembly checkpoint signaling
GO:0071174,mitotic spindle checkpoint signaling,18/1146,48/18860,0.375,6.1714659685863875,9.124522021353778,1.4303404464298063e-10,1.8622334885469043e-8,1.4376849416617956e-8,TRIP13/ZWILCH/SKA1/MAD2L1/CDCA8/SPC25/BUB1/SKA3/NUF2/BIRC5/CCNB1/CDC20/INCENP/BUB1B/CENPF/ZWINT/SPC24/GEN1,18,FDR,B_higher,GO_BP,NA,NA,mitotic spindle checkpoint signaling
GO:1902850,microtubule cytoskeleton organization involved in mitosis,35/1146,170/18860,0.2058823529411765,3.3882558258905653,7.955985349673199,1.467509651252078e-10,1.8651348853294266e-8,1.4399248833713998e-8,GPSM2/KIF2A/AURKA/CHEK2/ESPL1/MAD2L1/CDCA8/CENPA/KIF4A/MYBL2/SPC25/NUF2/STIL/TACC3/BIRC5/NEK2/KIF23/CCNB1/CDC20/CENPE/POC1A/PSRC1/INCENP/BORA/TPX2/DLGAP5/RACGAP1/PRC1/KIF11/KIFC1/KIF15/RCC1/NUSAP1/UHRF1/PAX6,35,FDR,B_higher,GO_BP,NA,NA,microtubule cytoskeleton organization involved in mitosis
GO:0006869,lipid transport,65/1146,461/18860,0.14099783080260303,2.3204355051807095,7.300689285815055,1.7758502993893948e-10,2.191269273989824e-8,1.691707757226275e-8,ANXA2/CEACAM1/STARD5/SCARB1/LYN/MFSD2A/SLC27A2/PCSK9/TNFRSF11A/LIPG/PLA2G3/ANXA1/XRCC4/SEC24A/STARD4/CIDEC/SLC27A4/C2CD2L/PITPNM1/GAL/CYP4F2/ATP11A/AKR1C4/GLTPD2/ACSL5/LRP1/PLA2G4A/RBP4/APOBR/LDLR/PLA2G4F/MYB/NMUR2/NPC1L1/PLA2G2A/ABCG5/APOL3/FABP1/SLCO2B1/ABCA12/CIDEB/BDKRB2/APOC2/APOL1/CFTR/ABCG8/APOL2/AGT/NOS2/MTTP/ABCG2/FABP2/APOC3/SPP1/SLC43A3/NR1H4/APOA4/PLA2R1/TSPO2/TREM2/FABP6/RBP2/APOB/INHBA/PLA2G12B,65,FDR,B_higher,GO_BP,NA,NA,lipid transport
GO:0010948,negative regulation of cell cycle process,51/1146,318/18860,0.16037735849056603,2.6393690934834866,7.49903419117696,1.8062167114191132e-10,2.191269273989824e-8,1.691707757226275e-8,LYN/CCNF/CHEK2/FANCD2/TRIP13/ZWILCH/SKA1/ESPL1/MAD2L1/CDCA8/RAD51/SPC25/BUB1/SKA3/EZH2/CHEK1/HUS1/NUF2/PARP9/CDC45/ORC1/BIRC5/NEK2/FBXO6/CCNB1/CDC20/INCENP/BRCA1/BUB1B/LIF/CDC6/CDKN1A/CLSPN/CENPF/ZWINT/SPC24/BRCA2/STK38/NEK11/GEN1/FBXO5/E2F1/BRIP1/E2F7/BLM/OVOL1/DTL/SLFN11/CDT1/WDR76/INHBA,51,FDR,B_higher,GO_BP,NA,NA,negative regulation of cell cycle process
GO:0015718,monocarboxylic acid transport,36/1146,180/18860,0.2,3.2914485165794067,7.856900253321805,1.8953689952424895e-10,2.2483288214676463e-8,1.7357589745904906e-8,CLDN2/CEACAM1/LYN/MFSD2A/SLC16A3/SLC27A2/TNFRSF11A/PLA2G3/ANXA1/SLC6A8/SLC27A4/EMB/CYP4F2/AKR1C4/ACSL5/PLA2G4A/PLA2G4F/NMUR2/PLA2G2A/SLC6A12/FABP1/SLCO2B1/BDKRB2/NOS2/ABCG2/FABP2/SLC43A3/SLC16A4/TNF/NR1H4/PLA2R1/TSPO2/SLC16A2/FABP6/RBP2/PLA2G12B,36,FDR,B_higher,GO_BP,NA,NA,monocarboxylic acid transport
GO:0006639,acylglycerol metabolic process,31/1146,139/18860,0.22302158273381295,3.670320288272,8.03710334612839,2.0105998338155032e-10,2.3331699810667732e-8,1.8012582035212115e-08,SCARB1/MFSD2A/PCSK9/LIPG/CIDEC/APOBEC1/AGPAT2/MGLL/DGKG/FITM2/PLA2G4A/APOBR/LDLR/PNPLA3/GK5/GK/LPGAT1/MOGAT3/CPS1/AGMO/CIDEB/PCK2/APOC2/MOGAT2/MTTP/DGAT1/PLB1/APOC3/APOA4/APOB/PCK1,31,FDR,B_higher,GO_BP,NA,NA,acylglycerol metabolic process
GO:0031577,spindle checkpoint signaling,18/1146,49/18860,0.3673469387755102,6.045517683513196,8.994792515090085,2.1331407936502203e-10,2.4227033098946547e-8,1.8703798896171587e-8,TRIP13/ZWILCH/SKA1/MAD2L1/CDCA8/SPC25/BUB1/SKA3/NUF2/BIRC5/CCNB1/CDC20/INCENP/BUB1B/CENPF/ZWINT/SPC24/GEN1,18,FDR,B_higher,GO_BP,NA,NA,spindle checkpoint signaling
GO:0006638,neutral lipid metabolic process,31/1146,140/18860,0.22142857142857145,3.6441037147843423,7.986985589480931,2.434634388967907e-10,2.707516326731393e-8,2.090261761580999e-8,SCARB1/MFSD2A/PCSK9/LIPG/CIDEC/APOBEC1/AGPAT2/MGLL/DGKG/FITM2/PLA2G4A/APOBR/LDLR/PNPLA3/GK5/GK/LPGAT1/MOGAT3/CPS1/AGMO/CIDEB/PCK2/APOC2/MOGAT2/MTTP/DGAT1/PLB1/APOC3/APOA4/APOB/PCK1,31,FDR,B_higher,GO_BP,NA,NA,neutral lipid metabolic process
GO:0015711,organic anion transport,65/1146,466/18860,0.13948497854077252,2.2955381285156804,7.202750731717938,2.8112826206559587e-10,3.0625768630737775e-8,2.3643762534625306e-8,CLDN2/CEACAM1/SLC6A14/LYN/MFSD2A/SLC16A3/SLC27A2/TTYH3/TNFRSF11A/SLC7A7/SLC37A1/SLC4A11/PLA2G3/ANXA1/SLC6A8/CALHM3/SLC27A4/SLC35A2/SLC43A2/EMB/CYP4F2/SLC6A20/SLC35D1/AKR1C4/ARL6IP1/GLTPD2/SLC39A5/ACSL5/PLA2G4A/PLA2G4F/NMUR2/SLC39A10/SLC4A7/SLC2A9/PLA2G2A/ACE2/SLC6A12/FABP1/SLCO2B1/SLC17A4/BEST2/BDKRB2/CFTR/SLC6A7/SLC26A3/NOS2/MTTP/ABCG2/SLC7A9/FABP2/RGS2/SLC43A3/SLC16A4/TNF/AGXT/SLC2A5/NR1H4/BEST4/PLA2R1/TSPO2/SLC16A2/SLC3A1/FABP6/RBP2/PLA2G12B,65,FDR,B_higher,GO_BP,NA,NA,organic anion transport
GO:0007051,spindle organization,39/1146,209/18860,0.18660287081339713,3.070968711641073,7.657534083196458,2.915497559179339e-10,3.1125851941798635e-8,2.402983777723603e-8,GPSM2/CEP72/KIF2A/AURKA/CHEK2/SKA1/ESPL1/CDCA8/KIF4A/MYBL2/SPAG5/SPC25/SKA3/NUF2/STIL/TACC3/BIRC5/NEK2/KIF23/CCNB1/CDC20/CENPE/POC1A/PSRC1/INCENP/BORA/TPX2/DLGAP5/CCNB2/RACGAP1/PRC1/ASPM/KIF11/KIFC1/KIF15/RCC1/FBXO5/UHRF1/TPPP,39,FDR,B_higher,GO_BP,NA,NA,spindle organization
GO:0097529,myeloid leukocyte migration,42/1146,237/18860,0.17721518987341772,2.916473369120993,7.551712698153811,3.252405235694916e-10,3.4041841466940134e-8,2.6281045402983697e-8,LYN/WDR1/CD9/TNFRSF11A/ANXA1/S100A14/CKLF/LGALS3/EDN3/MYD88/MCU/BST1/CXCL3/FUT4/SAA1/GP2/MDK/PLA2G7/DPP4/S100A9/CXCR2/CXCL10/S100A12/C5AR1/CXCL5/FPR2/ADAM8/RIN3/NCKAP1L/CCR1/S100A8/FAM3D/CCL13/SLAMF8/CCL26/TREM2/PF4/TNFAIP6/CCL3/CCL25/SCG2/CXCL9,42,FDR,B_higher,GO_BP,NA,NA,myeloid leukocyte migration
GO:1901987,regulation of cell cycle phase transition,65/1146,468/18860,0.1388888888888889,2.2857281365134767,7.163923082796599,3.370081475316913e-10,3.459518252931093e-8,2.6708236793250437e-8,LYN/AURKA/ANXA1/FAM83D/CHEK2/FANCD2/TRIP13/ZWILCH/CDC25B/SKA1/ESPL1/RRM2/MAD2L1/CDCA8/CDC25A/ANLN/PKP3/RAD51/SPC25/BUB1/SKA3/EZH2/CHEK1/HUS1/NUF2/PARP9/CDC45/ORC1/STIL/BIRC5/FBXO6/CCNB1/CDC20/CENPE/INCENP/BRCA1/DLGAP5/BUB1B/CDC6/CDKN1A/KIF14/CLSPN/CENPF/ZWINT/SPC24/BRCA2/STK38/NEK11/GEN1/FBXO5/CCNE2/UBE2C/E2F1/CCND2/BRIP1/E2F7/BLM/OVOL1/ATAD5/UBD/DTL/SLFN11/CDT1/WDR76/INHBA,65,FDR,B_higher,GO_BP,NA,NA,regulation of cell cycle phase transition
GO:0007091,metaphase/anaphase transition of mitotic cell cycle,25/1146,96/18860,0.2604166666666667,4.28574025596277,8.20917382892296,3.5126318021110635e-10,3.537816709371482e-8,2.7312717984637172e-8,TRIP13/ZWILCH/SKA1/ESPL1/MAD2L1/CDCA8/SPC25/BUB1/SKA3/NUF2/TACC3/BIRC5/CCNB1/CDC20/CENPE/INCENP/DLGAP5/BUB1B/CDC6/CENPF/ZWINT/SPC24/GEN1/FBXO5/UBE2C,25,FDR,B_higher,GO_BP,NA,NA,metaphase/anaphase transition of mitotic cell cycle
GO:0033047,regulation of mitotic sister chromatid segregation,19/1146,57/18860,0.3333333333333333,5.485747527632344,8.626845101051767,4.663043336448203e-10,4.609504690733427e-8,3.5586383357104715e-8,TRIP13/ZWILCH/SKA1/MAD2L1/CDCA8/SPC25/BUB1/SKA3/NUF2/BIRC5/CCNB1/CDC20/INCENP/BUB1B/CENPF/ZWINT/SPC24/GEN1/FBXO5,19,FDR,B_higher,GO_BP,NA,NA,regulation of mitotic sister chromatid segregation
GO:0007093,mitotic cell cycle checkpoint signaling,30/1146,136/18860,0.22058823529411764,3.6302740991684623,7.830048736728897,5.218171957042297e-10,5.0644730739439614e-8,3.9098838682910235e-8,CHEK2/FANCD2/TRIP13/ZWILCH/SKA1/MAD2L1/CDCA8/SPC25/BUB1/SKA3/CHEK1/HUS1/NUF2/ORC1/BIRC5/CCNB1/CDC20/INCENP/BRCA1/BUB1B/CDC6/CDKN1A/CLSPN/CENPF/ZWINT/SPC24/NEK11/GEN1/BLM/DTL,30,FDR,B_higher,GO_BP,NA,NA,mitotic cell cycle checkpoint signaling
GO:0006935,chemotaxis,65/1146,474/18860,0.1371308016877637,2.256794868962673,7.048606415152417,5.758037986930764e-10,5.4886440668279337e-8,4.23735314263796e-8,CCL15/CCRL2/CXCL16/LYN/PTAFR/TNFRSF11A/ANXA1/S100A14/CKLF/LGALS3/EDN3/F3/EPHA2/NEDD9/CCL18/MCU/TRPM2/BST1/F2RL1/CXCL3/CMTM1/PLD1/PLAUR/SAA1/CXCL1/FFAR2/HSPB1/MDK/CCR6/PADI2/ITGA2/PLA2G7/SEMA7A/DPP4/S100A9/CXCR2/CCL20/CXCL10/CXCL2/CMTM2/S100A12/CCL3L3/C5AR1/CXCL5/FPR2/HOXB9/ADAM8/RIN3/NCKAP1L/CCR1/S100A8/CCL13/LEF1/SLAMF8/FPR1/CCL26/TREM2/PF4/TNFAIP6/CCL3/CCL25/CXCL11/SCG2/SEMA6A/CXCL9,65,FDR,B_higher,GO_BP,NA,NA,chemotaxis
GO:0007052,mitotic spindle organization,30/1146,137/18860,0.21897810218978103,3.6037757480796424,7.779818432637389,6.299119873475026e-10,5.8990705060718767e-8,4.5542113212658796e-8,GPSM2/KIF2A/AURKA/CHEK2/CDCA8/KIF4A/MYBL2/SPC25/NUF2/STIL/TACC3/BIRC5/NEK2/KIF23/CCNB1/CDC20/CENPE/POC1A/PSRC1/INCENP/BORA/TPX2/DLGAP5/RACGAP1/PRC1/KIF11/KIFC1/KIF15/RCC1/UHRF1,30,FDR,B_higher,GO_BP,NA,NA,mitotic spindle organization
GO:0002685,regulation of leukocyte migration,41/1146,233/18860,0.1759656652360515,2.8959096390505508,7.406575542268336,6.587840973436667e-10,6.063085364862918e-8,4.680834375862896e-8,LYN/CD9/ANXA1/S100A14/LGALS3/EDN3/MYD88/RIPK3/NEDD9/HMOX1/MCU/BST1/ECM1/F2RL1/FUT4/MDK/CCR6/PADI2/ITGA2/PLA2G7/ASCL2/DPP4/CCL20/PYCARD/CXCL10/C5AR1/FPR2/BDKRB1/ADAM8/TNFRSF18/RIN3/NCKAP1L/CCR1/TNF/SLAMF8/TREM2/SELP/TNFAIP6/ICAM1/CCL3/CCL25,41,FDR,B_higher,GO_BP,NA,NA,regulation of leukocyte migration
GO:0042330,taxis,65/1146,476/18860,0.13655462184873948,2.247312537580477,7.01054977806638,6.865088053384517e-10,6.211159326943484e-8,4.7951507099019425e-8,CCL15/CCRL2/CXCL16/LYN/PTAFR/TNFRSF11A/ANXA1/S100A14/CKLF/LGALS3/EDN3/F3/EPHA2/NEDD9/CCL18/MCU/TRPM2/BST1/F2RL1/CXCL3/CMTM1/PLD1/PLAUR/SAA1/CXCL1/FFAR2/HSPB1/MDK/CCR6/PADI2/ITGA2/PLA2G7/SEMA7A/DPP4/S100A9/CXCR2/CCL20/CXCL10/CXCL2/CMTM2/S100A12/CCL3L3/C5AR1/CXCL5/FPR2/HOXB9/ADAM8/RIN3/NCKAP1L/CCR1/S100A8/CCL13/LEF1/SLAMF8/FPR1/CCL26/TREM2/PF4/TNFAIP6/CCL3/CCL25/CXCL11/SCG2/SEMA6A/CXCL9,65,FDR,B_higher,GO_BP,NA,NA,taxis
GO:0044784,metaphase/anaphase transition of cell cycle,25/1146,99/18860,0.25252525252525254,4.155869339115413,8.007592027462517,7.127106798281262e-10,6.340749348204229e-8,4.8951970377668676e-8,TRIP13/ZWILCH/SKA1/ESPL1/MAD2L1/CDCA8/SPC25/BUB1/SKA3/NUF2/TACC3/BIRC5/CCNB1/CDC20/CENPE/INCENP/DLGAP5/BUB1B/CDC6/CENPF/ZWINT/SPC24/GEN1/FBXO5/UBE2C,25,FDR,B_higher,GO_BP,NA,NA,metaphase/anaphase transition of cell cycle
GO:0030071,regulation of mitotic metaphase/anaphase transition,24/1146,92/18860,0.2608695652173913,4.293193717277487,8.053701210286645,7.594968457141005e-10,6.646219938396506e-8,5.1310270077147616e-8,TRIP13/ZWILCH/SKA1/ESPL1/MAD2L1/CDCA8/SPC25/BUB1/SKA3/NUF2/BIRC5/CCNB1/CDC20/CENPE/INCENP/DLGAP5/BUB1B/CDC6/CENPF/ZWINT/SPC24/GEN1/FBXO5/UBE2C,24,FDR,B_higher,GO_BP,NA,NA,regulation of mitotic metaphase/anaphase transition
GO:1902099,regulation of metaphase/anaphase transition of cell cycle,24/1146,95/18860,0.25263157894736843,4.1576191788371455,7.847667398407824,1.5427039360539171e-9,1.328218324299324e-7,1.02541356700358e-7,TRIP13/ZWILCH/SKA1/ESPL1/MAD2L1/CDCA8/SPC25/BUB1/SKA3/NUF2/BIRC5/CCNB1/CDC20/CENPE/INCENP/DLGAP5/BUB1B/CDC6/CENPF/ZWINT/SPC24/GEN1/FBXO5/UBE2C,24,FDR,B_higher,GO_BP,NA,NA,regulation of metaphase/anaphase transition of cell cycle
GO:0031640,killing of cells of another organism,29/1146,135/18860,0.2148148148148148,3.535259517807511,7.51920130159749,1.9474086962043027e-9,1.5992719415905488e-7,1.2346728818849957e-7,SFN/LGALS3/MYD88/MICB/SEMG1/GBP1/CCL18/GBP3/F2RL1/CXCL3/CXCL1/PLA2G2A/NTS/C2/GZMB/APOL1/CCL20/CXCL10/CXCL2/S100A12/KRT6A/C8G/CCL13/PF4/CCL25/CXCL11/FCN1/DEFA3/CXCL9,29,FDR,B_higher,GO_BP,NA,NA,killing of cells of another organism
GO:0061844,antimicrobial humoral immune response mediated by antimicrobial peptide,29/1146,135/18860,0.2148148148148148,3.535259517807511,7.51920130159749,1.9474086962043027e-9,1.5992719415905488e-7,1.2346728818849957e-7,CCL15/LGALS4/DMBT1/LGALS3/SEMG1/CCL18/CXCL3/CXCL1/NTS/S100A9/CCL20/CXCL10/KLK7/CXCL2/S100A12/CCL3L3/CXCL5/REG3G/KRT6A/MMP7/CCL13/CCL26/PF4/CCL3/CCL25/CXCL11/REG3A/DEFA3/CXCL9,29,FDR,B_higher,GO_BP,NA,NA,antimicrobial humoral immune response mediated by antimicrobial peptide
GO:0141061,disruption of cell in another organism,29/1146,135/18860,0.2148148148148148,3.535259517807511,7.51920130159749,1.9474086962043027e-9,1.5992719415905488e-7,1.2346728818849957e-7,SFN/LGALS3/MYD88/MICB/SEMG1/GBP1/CCL18/GBP3/F2RL1/CXCL3/CXCL1/PLA2G2A/NTS/C2/GZMB/APOL1/CCL20/CXCL10/CXCL2/S100A12/KRT6A/C8G/CCL13/PF4/CCL25/CXCL11/FCN1/DEFA3/CXCL9,29,FDR,B_higher,GO_BP,NA,NA,disruption of cell in another organism
GO:0001906,cell killing,45/1146,281/18860,0.1601423487544484,2.635501481246856,7.02564583816763,2.235220708936737e-9,1.8078194158036824e-7,1.39567608859447e-7,CEACAM1/CD55/IL18/SFN/LGALS3/MYD88/RIPK3/MICB/SEMG1/GBP1/CTSC/CCL18/GBP3/STAT5A/TUBB4B/F2RL1/CXCL3/CXCL1/PLA2G2A/NTS/C2/GZMB/APOL1/CCL20/CXCL10/CXCL2/NOS2/S100A12/ULBP2/KRT6A/FCGR2C/DNASE1L3/FCGR3A/C8G/NCKAP1L/HLA-DRB1/CCL13/PF4/ICAM1/SERPINB9/CCL25/CXCL11/FCN1/DEFA3/CXCL9,45,FDR,B_higher,GO_BP,NA,NA,cell killing
GO:0071621,granulocyte chemotaxis,27/1146,121/18860,0.2231404958677686,3.672277270563801,7.500570823406938,2.9033251111204187e-9,2.313126782561313e-7,1.785784416345081e-7,ANXA1/S100A14/CKLF/LGALS3/EDN3/MCU/BST1/CXCL3/SAA1/MDK/DPP4/S100A9/CXCR2/CXCL10/S100A12/C5AR1/CXCL5/NCKAP1L/S100A8/CCL13/CCL26/PF4/TNFAIP6/CCL3/CCL25/SCG2/CXCL9,27,FDR,B_higher,GO_BP,NA,NA,granulocyte chemotaxis
GO:0002237,response to molecule of bacterial origin,54/1146,375/18860,0.144,2.3698429319371725,6.815064939807106,2.9688960230138206e-9,2.3305833780658493e-7,1.799261289489026e-7,IRAK2/CD55/SCARB1/LYN/PTAFR/GCH1/TNFRSF1B/RPS6KA3/TNFRSF11A/IL18/MAP2K3/NR1I2/S100A14/EPHB2/CLDN1/MYD88/CD68/CYP27B1/LILRA2/CASP1/DUSP10/GBP3/CPS1/C2/E2F1/CD274/JAK2/PCK2/ASS1/PYCARD/CXCL10/CXCL2/MMP3/HCK/NOD2/CARD9/NOS2/C5AR1/CXCL5/LCN2/TLR1/BDKRB1/LILRB2/CSF2/S100A8/TIFAB/GFI1/TNF/IDO1/NR1H4/TREM2/PF4/SELP/CXCL9,54,FDR,B_higher,GO_BP,NA,NA,response to molecule of bacterial origin
GO:0141060,disruption of anatomical structure in another organism,29/1146,139/18860,0.20863309352517984,3.4335254309641297,7.324400548500083,3.96995960095131e-9,3.0712528043301584e-7,2.3710742696757253e-7,SFN/LGALS3/MYD88/MICB/SEMG1/GBP1/CCL18/GBP3/F2RL1/CXCL3/CXCL1/PLA2G2A/NTS/C2/GZMB/APOL1/CCL20/CXCL10/CXCL2/S100A12/KRT6A/C8G/CCL13/PF4/CCL25/CXCL11/FCN1/DEFA3/CXCL9,29,FDR,B_higher,GO_BP,NA,NA,disruption of anatomical structure in another organism
GO:0033045,regulation of sister chromatid segregation,25/1146,107/18860,0.2336448598130841,3.8451501361908953,7.506803012766709,4.076516765173149e-9,3.108635213213467e-7,2.399934306113215e-7,TRIP13/ZWILCH/SKA1/ESPL1/MAD2L1/CDCA8/SPC25/BUB1/SKA3/NUF2/TACC3/BIRC5/CCNB1/CDC20/CENPE/INCENP/DLGAP5/BUB1B/CDC6/CENPF/ZWINT/SPC24/GEN1/FBXO5/UBE2C,25,FDR,B_higher,GO_BP,NA,NA,regulation of sister chromatid segregation
GO:0002833,positive regulation of response to biotic stimulus,62/1146,465/18860,0.13333333333333333,2.1942990110529377,6.632587253362018,4.379278879493365e-9,3.292477557568392e-7,2.541864612782287e-7,TRIM15/IRAK2/LYN/XPNPEP1/RPS6KA3/OAS3/OAS1/MAP2K3/S100A14/TRAF3/MYD88/NOD1/DPP9/PARP9/MMP12/POLR3G/IFI35/LILRA2/CASP1/CTSS/PIK3AP1/KCNK6/STAT5A/F2RL1/MFHAS1/EMILIN2/CYBA/FFAR2/LRRC19/IRF1/LILRA4/CD274/IKBKE/NLRC5/ZBP1/GZMB/S100A9/RSAD2/PYCARD/KLK7/HCK/NOD2/CARD9/DDX60/FPR2/TLR1/EREG/REG3G/ADAM8/TRIM31/MNDA/S100A8/HLA-DRB1/TIFAB/GFI1/TNF/NR1H4/SH2D1B/TREM2/FCN1/BPIFB1/HLA-DRB3,62,FDR,B_higher,GO_BP,NA,NA,positive regulation of response to biotic stimulus
GO:0050729,positive regulation of inflammatory response,33/1146,179/18860,0.18435754189944137,3.03401678902571,6.954634449711311,9.245335908933568e-9,6.854389316928803e-7,5.291738316297502e-7,ADORA2B/CCL15/TNFRSF11A/IL18/PLA2G3/CAMK2N1/GBP1/IFI35/MAP3K8/CASP1/CTSC/LDLR/GBP3/STAT5A/FFAR2/MDK/PLA2G2A/CREB3L3/PLA2G7/ZBP1/S100A9/PYCARD/AGT/S100A12/ADAM8/C2CD4A/TTBK1/CCR1/S100A8/TNF/IDO1/TREM2/CCL3,33,FDR,B_higher,GO_BP,NA,NA,positive regulation of inflammatory response
GO:0042060,wound healing,60/1146,453/18860,0.13245033112582782,2.179767229522786,6.464683126517867,1.0015070923811878e-8,7.323349122096959e-7,5.653785532332156e-7,VIL1/F12/ANXA2/CEACAM1/CLDN4/SCARB1/S100A10/LYN/RHOC/CD9/ITPK1/ANXA1/TIMP1/PRRG1/EPHB2/CLDN1/TNFRSF12A/EXT1/F3/TFPI/EPPK1/CYP4F2/MYOF/MMP12/DGKG/ADRA2A/FERMT1/CASP1/PLA2G4A/HMOX1/ENTPD2/ERBB3/HPSE/F2RL1/CDKN1A/PLAUR/MSX2/SAA1/EMILIN2/CLDN3/HSPB1/ITGA2/SRF/JAK2/GRHL3/GZMB/F2RL2/HNF4A/TFPI2/PROCR/EREG/REG3G/KRT6A/PDPN/TNF/PF4/SELP/SERPINE2/REG3A/PLEK,60,FDR,B_higher,GO_BP,NA,NA,wound healing
GO:0045786,negative regulation of cell cycle,55/1146,399/18860,0.13784461152882205,2.2685422106750295,6.514139856901234,1.0262596438986684e-8,7.402937809636609e-7,5.715229738070108e-7,LYN/CCNF/CHEK2/FANCD2/TRIP13/ZWILCH/SKA1/ESPL1/MAD2L1/CDCA8/RAD51/SPC25/BUB1/SKA3/EZH2/CHEK1/HUS1/NUF2/PARP9/CDC45/ORC1/BIRC5/NEK2/FBXO6/CCNB1/CDC20/INCENP/BRCA1/BUB1B/LIF/CDC6/CDKN1A/CLSPN/CENPF/ZWINT/SPC24/BRCA2/STK38/NEK11/GEN1/FBXO5/INCA1/E2F1/BRIP1/E2F7/BLM/OVOL1/PML/DTL/SLFN11/CDT1/WDR76/TNF/INHBA/HOXC9,55,FDR,B_higher,GO_BP,NA,NA,negative regulation of cell cycle
GO:0002697,regulation of immune effector process,57/1146,421/18860,0.13539192399049882,2.2281777368767957,6.482266850634564,1.0659272638742454e-8,7.576795100824075e-7,5.84945136552745e-7,ADORA2B/CEACAM1/CD55/LYN/TNFRSF1B/IL18/PLA2G3/ANXA1/EPHB2/LGALS3/MYD88/RIPK3/PKP3/NOD1/IL20RB/RBP4/DUSP10/STAT5A/F2RL1/IL13RA2/IL2RG/FFAR2/CLCF1/CD274/ASCL2/SEMA7A/BATF/S100A9/RSAD2/ATAD5/PYCARD/KLK7/NOD2/CARD9/DDX60/NOS2/TFRC/ULBP2/BST2/FGL2/DNASE1L3/C4BPA/NCKAP1L/HLA-DRB1/IL4I1/TNF/SLAMF8/SH2D1B/TREM2/ICAM1/SERPINB9/IL4R/PCK1/FGR/FCN1/GPR65/HLA-DRB3,57,FDR,B_higher,GO_BP,NA,NA,regulation of immune effector process
GO:0051310,metaphase chromosome alignment,24/1146,104/18860,0.2307692307692308,3.797825211437777,7.277135404358516,1.078749396145803e-8,7.576795100824075e-7,5.84945136552745e-7,KIF18A/ECT2/FAM83D/ZWILCH/SKA1/CDCA8/KIF22/SPAG5/SPC25/SKA3/NUF2/BIRC5/NEK2/CCNB1/CENPE/PSRC1/INCENP/RACGAP1/KIF14/CENPF/KIFC1/ZWINT/SPC24/CDT1,24,FDR,B_higher,GO_BP,NA,NA,metaphase chromosome alignment
GO:0097006,regulation of plasma lipoprotein particle levels,24/1146,105/18860,0.22857142857142856,3.7616554475193222,7.217701679409827,1.3188422406992776e-8,9.142831014094472e-7,7.05846530736524e-7,ANXA2/SCARB1/MFSD2A/PCSK9/PCSK5/LIPG/PLA2G3/APOBEC1/A1CF/CES3/HMOX1/LDLR/PLA2G2A/PLA2G7/CIDEB/APOC2/AGT/MTTP/DGAT1/APOC3/NR1H4/APOA4/TREM2/APOB,24,FDR,B_higher,GO_BP,NA,NA,regulation of plasma lipoprotein particle levels
GO:0043588,skin development,48/1146,329/18860,0.1458966565349544,2.401056668629354,6.520749870555716,1.4716809219909624e-8,1.0071580463574046e-6,7.775480174891523e-7,CLDN4/ST14/IL18/CDH3/ANXA1/SLC27A4/CLDN1/SFN/EXT1/MYD88/PKP3/VDR/EPHA2/GAL/EZH2/EDAR/CYP27B1/TFAP2C/KRT80/KRT6B/FERMT1/BCL11B/HPSE/CDKN1A/KRT7/TNFSF13B/MSX2/ITGA2/SRF/ABCA12/GRHL3/SNAI1/OVOL1/KRT14/KRT6C/ETV4/PAX6/SCEL/EREG/KRT17/REG3G/KRT6A/KRT16/CDSN/TNF/DKK4/INHBA/REG3A,48,FDR,B_higher,GO_BP,NA,NA,skin development
GO:0030593,neutrophil chemotaxis,21/1146,83/18860,0.25301204819277107,4.163880653504068,7.347495940964731,1.567469893959212e-8,1.0591334549309207e-6,8.176741685343527e-7,CKLF/LGALS3/EDN3/MCU/BST1/CXCL3/SAA1/MDK/DPP4/S100A9/CXCR2/CXCL10/S100A12/C5AR1/CXCL5/NCKAP1L/S100A8/PF4/TNFAIP6/CCL3/CXCL9,21,FDR,B_higher,GO_BP,NA,NA,neutrophil chemotaxis
GO:0019730,antimicrobial humoral response,33/1146,184/18860,0.1793478260869565,2.951570680628272,6.766196133671942,1.872557332445152e-8,1.2494638800740274e-6,9.646134153319434e-7,CCL15/LGALS4/PI3/DMBT1/PRSS3/LGALS3/SEMG1/CCL18/CXCL3/PRSS2/CXCL1/NTS/S100A9/CCL20/CXCL10/KLK7/CXCL2/S100A12/CCL3L3/CXCL5/REG3G/KRT6A/MMP7/CCL13/CCL26/PF4/WFDC2/CCL3/CCL25/CXCL11/REG3A/DEFA3/CXCL9,33,FDR,B_higher,GO_BP,NA,NA,antimicrobial humoral response
GO:0046942,carboxylic acid transport,50/1146,356/18860,0.1404494382022472,2.311410475125988,6.353662712518428,2.6111646358406436e-8,1.7207897316194267e-6,1.3284872708662924e-6,CLDN2/CEACAM1/SLC6A14/LYN/MFSD2A/SLC16A3/SLC27A2/TTYH3/TNFRSF11A/SLC7A7/PLA2G3/ANXA1/SLC6A8/SLC27A4/SLC43A2/EMB/CYP4F2/SLC6A20/SLC35D1/AKR1C4/ARL6IP1/ACSL5/PLA2G4A/PLA2G4F/NMUR2/PLA2G2A/ACE2/SLC6A12/FABP1/SLCO2B1/BDKRB2/SLC6A7/SLC26A3/NOS2/ABCG2/SLC7A9/FABP2/RGS2/SLC43A3/SLC16A4/TNF/AGXT/NR1H4/PLA2R1/TSPO2/SLC16A2/SLC3A1/FABP6/RBP2/PLA2G12B,50,FDR,B_higher,GO_BP,NA,NA,carboxylic acid transport
GO:0048732,gland development,59/1146,454/18860,0.1299559471365639,2.138716547116575,6.246793763903667,2.6677302012169628e-8,1.7302765342363012e-6,1.3358112897665436e-6,CEACAM1/SERPINB5/PCSK9/TNFRSF11A/XDH/AURKA/ATP2C2/RPS6KA1/CLDN1/EXT1/ZNF703/ONECUT2/RIPK3/AREG/VDR/CRIP1/EPHA2/EZH2/EDAR/OTC/TFAP2C/CLCN2/STAT5A/BCL11B/PITX1/CCNB2/MYB/TGM2/MSX2/ONECUT1/BRCA2/MDK/OAS2/TBX3/ITGA2/CPS1/HOXA13/SRF/IQGAP3/HOXB13/JAK2/PCK2/E2F7/ASS1/PML/MSX1/NR5A2/HOXB3/HOXA9/PAX6/HOXB9/HOXA11/HOXA10/TNF/LEF1/UGT1A8/PCK1/SERPINE2/INSM1,59,FDR,B_higher,GO_BP,NA,NA,gland development
GO:0045089,positive regulation of innate immune response,57/1146,432/18860,0.13194444444444445,2.171441729687803,6.264938053659063,2.6903887662347883e-8,1.7302765342363012e-6,1.3358112897665436e-6,TRIM15/IRAK2/LYN/XPNPEP1/RPS6KA3/OAS3/OAS1/MAP2K3/S100A14/TRAF3/MYD88/NOD1/DPP9/PARP9/MMP12/POLR3G/IFI35/LILRA2/CASP1/CTSS/PIK3AP1/KCNK6/STAT5A/F2RL1/MFHAS1/CYBA/FFAR2/LRRC19/IRF1/LILRA4/CD274/IKBKE/NLRC5/ZBP1/S100A9/RSAD2/PYCARD/HCK/NOD2/CARD9/DDX60/FPR2/TLR1/EREG/REG3G/ADAM8/TRIM31/MNDA/S100A8/TIFAB/GFI1/TNF/NR1H4/SH2D1B/TREM2/FCN1/BPIFB1,57,FDR,B_higher,GO_BP,NA,NA,positive regulation of innate immune response
GO:0015850,organic hydroxy compound transport,44/1146,294/18860,0.14965986394557823,2.462988685875746,6.430559760025634,2.7304154708961515e-8,1.7351140218623402e-6,1.339545935909578e-6,ANXA2/CEACAM1/RAB3B/STARD5/SCARB1/SLC16A3/PCSK9/LIPG/STX1A/SEC24A/STARD4/SLC19A3/EMB/GAL/AKR1C4/FLVCR1/ADRA2A/LRP1/RBP4/LDLR/SLC5A1/MYB/TGM2/NPC1L1/ABCG5/FLVCR2/SLCO2B1/ABCA12/APOC2/CFTR/ABCG8/AQP9/AGT/MTTP/ADORA3/APOC3/SPP1/NR1H4/APOA4/TSPO2/TREM2/APOB/AQP2/SLC5A11,44,FDR,B_higher,GO_BP,NA,NA,organic hydroxy compound transport
GO:0015849,organic acid transport,50/1146,357/18860,0.1400560224089636,2.3049359359799766,6.331338650209694,2.8621368140932912e-8,1.7765216643755798e-6,1.3715135406579234e-6,CLDN2/CEACAM1/SLC6A14/LYN/MFSD2A/SLC16A3/SLC27A2/TTYH3/TNFRSF11A/SLC7A7/PLA2G3/ANXA1/SLC6A8/SLC27A4/SLC43A2/EMB/CYP4F2/SLC6A20/SLC35D1/AKR1C4/ARL6IP1/ACSL5/PLA2G4A/PLA2G4F/NMUR2/PLA2G2A/ACE2/SLC6A12/FABP1/SLCO2B1/BDKRB2/SLC6A7/SLC26A3/NOS2/ABCG2/SLC7A9/FABP2/RGS2/SLC43A3/SLC16A4/TNF/AGXT/NR1H4/PLA2R1/TSPO2/SLC16A2/SLC3A1/FABP6/RBP2/PLA2G12B,50,FDR,B_higher,GO_BP,NA,NA,organic acid transport
GO:1901990,regulation of mitotic cell cycle phase transition,50/1146,357/18860,0.1400560224089636,2.3049359359799766,6.331338650209694,2.8621368140932912e-8,1.7765216643755798e-6,1.3715135406579234e-6,AURKA/ANXA1/TRIP13/ZWILCH/CDC25B/SKA1/ESPL1/RRM2/MAD2L1/CDCA8/CDC25A/ANLN/SPC25/BUB1/SKA3/EZH2/CHEK1/HUS1/NUF2/ORC1/STIL/BIRC5/CCNB1/CDC20/CENPE/INCENP/BRCA1/DLGAP5/BUB1B/CDC6/CDKN1A/KIF14/CLSPN/CENPF/ZWINT/SPC24/NEK11/GEN1/FBXO5/CCNE2/UBE2C/E2F1/CCND2/E2F7/BLM/ATAD5/UBD/DTL/SLFN11/INHBA,50,FDR,B_higher,GO_BP,NA,NA,regulation of mitotic cell cycle phase transition
GO:0051983,regulation of chromosome segregation,27/1146,134/18860,0.20149253731343283,3.316011565210596,6.843274049003702,2.9537458688741613e-8,1.8123098216149736e-6,1.3991427799930237e-6,TRIP13/ZWILCH/SKA1/ESPL1/MAD2L1/CDCA8/SPC25/BUB1/SKA3/NCAPG/NUF2/TACC3/BIRC5/CCNB1/CDC20/CENPE/INCENP/NCAPG2/DLGAP5/BUB1B/CDC6/CENPF/ZWINT/SPC24/GEN1/FBXO5/UBE2C,27,FDR,B_higher,GO_BP,NA,NA,regulation of chromosome segregation
GO:0032496,response to lipopolysaccharide,49/1146,350/18860,0.14,2.304013961605585,6.263345556925145,3.9860753340698654e-8,2.417917060598289e-6,1.8666848005841535e-6,IRAK2/CD55/SCARB1/LYN/PTAFR/GCH1/TNFRSF1B/RPS6KA3/TNFRSF11A/IL18/MAP2K3/S100A14/EPHB2/CLDN1/MYD88/CD68/CYP27B1/LILRA2/CASP1/DUSP10/GBP3/CPS1/C2/E2F1/CD274/JAK2/PCK2/ASS1/PYCARD/CXCL10/MMP3/HCK/NOD2/NOS2/CXCL5/LCN2/BDKRB1/LILRB2/CSF2/S100A8/TIFAB/GFI1/TNF/IDO1/NR1H4/TREM2/PF4/SELP/CXCL9,49,FDR,B_higher,GO_BP,NA,NA,response to lipopolysaccharide
GO:0016042,lipid catabolic process,49/1146,352/18860,0.13920454545454544,2.290922973187371,6.218494216867763,4.7819281166644494e-8,2.8536176239351707e-6,2.203055155233814e-6,ACOT7/SCARB1/MFSD2A/SLC27A2/HSD17B11/LIPG/CYP4F3/PLBD1/CIDEC/SLC27A4/GDPD3/PLCB3/ACER3/CYP4F2/MGLL/CYP27B1/ABHD3/ADRA2A/FITM2/PLA2G4A/LDLR/PLA2G4F/PNPLA3/ACAA2/PLD1/ACOX2/PLCD3/PLA2G2A/CPS1/PLA2G7/CYP4F12/PCK2/APOC2/SESN2/PDE3B/NEU4/PLB1/DPEP2/GBA3/APOC3/SPP1/TNF/APOA4/APOB/PCK1/CYP3A4/PLA2G4D/ASPG/PLA2G12B,49,FDR,B_higher,GO_BP,NA,NA,lipid catabolic process
GO:0051225,spindle assembly,27/1146,137/18860,0.19708029197080293,3.2433981732716783,6.703046709393577,4.81126987924626e-8,2.8536176239351707e-6,2.203055155233814e-6,GPSM2/KIF2A/AURKA/CHEK2/SKA1/CDCA8/KIF4A/MYBL2/SPAG5/SKA3/STIL/BIRC5/NEK2/KIF23/CDC20/INCENP/TPX2/CCNB2/RACGAP1/PRC1/ASPM/KIF11/KIFC1/KIF15/RCC1/FBXO5/UHRF1,27,FDR,B_higher,GO_BP,NA,NA,spindle assembly
GO:0002526,acute inflammatory response,24/1146,112/18860,0.21428571428571427,3.526551982049364,6.821079256580412,4.9959830906564776e-8,2.930610740431239e-6,2.262495523414703e-6,F12/TNFRSF11A/EXT1/F3/IL20RB/IL1RN/SAA2/SAA1/FFAR2/CREB3L3/VNN1/ASS1/APOL2/TFRC/LCN2/REG3G/ADAM8/FCGR2C/SERPINA3/DNASE1L3/FCGR3A/C2CD4A/TNF/REG3A,24,FDR,B_higher,GO_BP,NA,NA,acute inflammatory response
GO:2001251,negative regulation of chromosome organization,22/1146,97/18860,0.2268041237113402,3.732570482718915,6.862769611247072,6.120576337185126e-8,3.5512648356406743e-6,2.741654045775717e-6,TRIP13/ZWILCH/SKA1/ESPL1/MAD2L1/CDCA8/SPC25/BUB1/SKA3/NUF2/BIRC5/CCNB1/CDC20/INCENP/BUB1B/CENPF/ZWINT/SPC24/PIF1/GEN1/FBXO5/PML,22,FDR,B_higher,GO_BP,NA,NA,negative regulation of chromosome organization
GO:0050867,positive regulation of cell activation,53/1146,401/18860,0.1321695760598504,2.1751467752956177,6.049974351412585,7.828022762500065e-8,4.4931167210994995e-6,3.4687842801570745e-6,CD55/LYN/IL18/ANXA1/EPHB2/RPS6KA1/HHLA2/MYD88/CARD11/LILRA2/MAP3K8/PLA2G4A/CTSC/DUSP10/BST1/STAT5A/MYB/CDKN1A/TNFSF13B/SLC39A10/IL2RG/MDK/CLCF1/VNN1/TNFSF9/CD274/JAK2/DPP4/CD5/ATAD5/PYCARD/NR5A2/NOD2/TFRC/ADAM8/LILRB2/FCGR3A/NCKAP1L/TTBK1/HLA-DRB1/IL4I1/TNF/LEF1/TREM2/SELP/CCL3/CD38/IL4R/PCK1/HLA-DRB4/GPR65/PLEK/HLA-DRB3,53,FDR,B_higher,GO_BP,NA,NA,positive regulation of cell activation
GO:0045930,negative regulation of mitotic cell cycle,38/1146,244/18860,0.1557377049180328,2.563013189139702,6.250398249368055,8.35002272126089e-8,4.74174694532879e-6,3.660732245659169e-6,CHEK2/FANCD2/TRIP13/ZWILCH/SKA1/MAD2L1/CDCA8/SPC25/BUB1/SKA3/EZH2/CHEK1/HUS1/NUF2/ORC1/BIRC5/CCNB1/CDC20/INCENP/BRCA1/BUB1B/CDC6/CDKN1A/CLSPN/CENPF/ZWINT/SPC24/NEK11/GEN1/FBXO5/E2F7/BLM/OVOL1/PML/DTL/SLFN11/TNF/INHBA,38,FDR,B_higher,GO_BP,NA,NA,negative regulation of mitotic cell cycle
GO:0071674,mononuclear cell migration,37/1146,235/18860,0.1574468085106383,2.5911403215625115,6.242917428312175,9.257145907358089e-8,5.201541563523945e-6,4.015703737097719e-6,CXCL16/LYN/CD9/TNFRSF11A/ANXA1/S100A14/CKLF/EXT1/LGALS3/RIPK3/NEDD9/TRPM2/ECM1/FUT4/SAA1/MDK/CCR6/PADI2/PLA2G7/ASCL2/CXCR2/CCL20/PYCARD/CXCL10/S100A12/C5AR1/FPR2/ADAM8/CCR1/TNF/SLAMF8/CCL26/TREM2/PF4/ICAM1/CCL3/CXCL11,37,FDR,B_higher,GO_BP,NA,NA,mononuclear cell migration
GO:0050000,chromosome localization,25/1146,124/18860,0.20161290322580644,3.3179924562292404,6.5868495046792574,9.415631839294454e-8,5.2354836206410205e-6,4.041907746802389e-6,KIF18A/ECT2/FAM83D/ZWILCH/SKA1/CDCA8/KIF22/SPAG5/SPC25/SKA3/NUF2/BIRC5/NEK2/CCNB1/CENPE/PSRC1/INCENP/DLGAP5/RACGAP1/KIF14/CENPF/KIFC1/ZWINT/SPC24/CDT1,25,FDR,B_higher,GO_BP,NA,NA,chromosome localization
GO:0008608,attachment of spindle microtubules to kinetochore,16/1146,55/18860,0.2909090909090909,4.787561478660955,7.154803086790775,9.732918792046569e-8,5.356115516695318e-6,4.135038206279144e-6,ECT2/ZWILCH/SKA1/CDCA8/SPAG5/SPC25/SKA3/NUF2/BIRC5/NEK2/CCNB1/CENPE/INCENP/RACGAP1/SPC24/CDT1,16,FDR,B_higher,GO_BP,NA,NA,attachment of spindle microtubules to kinetochore
GO:0006959,humoral immune response,44/1146,307/18860,0.14332247557003258,2.35869274803736,6.104873815427367,9.887621831438827e-8,5.385727075124536e-6,4.15789897637841e-6,CD55/CCL15/LGALS4/CFI/PI3/DMBT1/PRSS3/LGALS3/SEMG1/CCL18/BST1/CXCL3/PRSS2/CXCL1/CCR6/NTS/C2/S100A9/CCL20/CXCL10/KLK7/CXCL2/S100A12/CCL3L3/CXCL5/REG3G/KRT6A/C8G/MMP7/C4BPA/HLA-DRB1/CCL13/TNF/CCL26/TREM2/PF4/WFDC2/CCL3/CCL25/CXCL11/FCN1/REG3A/DEFA3/CXCL9,44,FDR,B_higher,GO_BP,NA,NA,humoral immune response
GO:0034367,protein-containing complex remodeling,14/1146,43/18860,0.32558139534883723,5.358172003733919,7.27707281886076,1.283743447056911e-7,6.9218409296866575e-6,5.343812435117286e-6,SCARB1/PCSK5/LIPG/PLA2G3/DIAPH3/PLA2G2A/PLA2G7/APOC2/AGT/MTTP/APOC3/NR1H4/APOA4/APOB,14,FDR,B_higher,GO_BP,NA,NA,protein-containing complex remodeling
GO:0006260,DNA replication,42/1146,290/18860,0.14482758620689656,2.3834627189023294,6.038844217774253,1.435285483387188e-7,7.661553910320809e-6,5.9148870183798325e-6,RNASEH1/GINS4/TONSL/CCNA2/ESCO2/CDC25A/ORC6/POLQ/RAD51/GINS1/CHEK1/RUVBL1/CDC45/ORC1/ADRA2A/FEN1/CHAF1B/GINS2/BRCA1/MCM10/DSCC1/MCM4/CDC6/CDKN1A/POLA2/BRCA2/TK1/RFC3/GEN1/FBXO5/CCNE2/WDHD1/E2F7/BLM/ATAD5/FAM111B/DTL/SLFN11/SUPT16H/CDT1/EREG/DACH1,42,FDR,B_higher,GO_BP,NA,NA,DNA replication
GO:0006066,alcohol metabolic process,49/1146,368/18860,0.1331521739130435,2.1913176265270504,5.870199396466618,1.9241478092035298e-7,1.0169406936166774e-5,7.85100434917334e-6,DHFR/SCARB1/PTAFR/GCH1/INPP4A/SDR16C5/PCSK9/ITPK1/STARD4/DHRS9/GDPD3/MVD/ACER3/CYP27B1/AKR1C4/CLCN2/PLA2G4A/RBP4/APOBR/MSMO1/SULT1A4/LDLR/GK5/ACAA2/GK/NPC1L1/SQLE/MOGAT3/SULT2B1/PCK2/APOL1/CFTR/ADH6/ADH4/HSD11B2/APOL2/MOGAT2/P2RY6/AGT/DGAT1/PLB1/NR1H4/APOA4/SULT1C3/CYP2D6/APOB/PCK1/CYP3A4/PLEK,49,FDR,B_higher,GO_BP,NA,NA,alcohol metabolic process
GO:1901991,negative regulation of mitotic cell cycle phase transition,32/1146,193/18860,0.16580310880829016,2.728661982656503,6.139666630516831,2.0336288207217786e-7,1.064265749511064e-5,8.216364120872821e-6,TRIP13/ZWILCH/SKA1/MAD2L1/CDCA8/SPC25/BUB1/SKA3/EZH2/CHEK1/HUS1/NUF2/ORC1/BIRC5/CCNB1/CDC20/INCENP/BRCA1/BUB1B/CDC6/CDKN1A/CLSPN/CENPF/ZWINT/SPC24/GEN1/FBXO5/E2F7/BLM/DTL/SLFN11/INHBA,32,FDR,B_higher,GO_BP,NA,NA,negative regulation of mitotic cell cycle phase transition
GO:0071827,plasma lipoprotein particle organization,16/1146,58/18860,0.27586206896551724,4.539928988385388,6.867518556640334,2.20053905648404e-7,1.1404347071370683e-5,8.804405116131851e-6,SCARB1/MFSD2A/PCSK5/LIPG/PLA2G3/PLA2G2A/PLA2G7/CIDEB/APOC2/AGT/MTTP/DGAT1/APOC3/NR1H4/APOA4/APOB,16,FDR,B_higher,GO_BP,NA,NA,plasma lipoprotein particle organization
GO:0050670,regulation of lymphocyte proliferation,38/1146,254/18860,0.14960629921259844,2.46210715807121,5.967093901566741,2.416801566017739e-7,1.240469880711797e-5,9.576698513116847e-6,CD55/LYN/TNFRSF1B/IL18/ANXA1/EPHB2/LGALS3/HHLA2/MYD88/RIPK3/GAL/CARD11/IL20RB/BST1/STAT5A/CDKN1A/TNFSF13B/SLC39A10/PLA2G2A/CLCF1/IRF1/TNFSF9/CD274/JAK2/ARG2/ATAD5/PYCARD/NR5A2/TFRC/TNFRSF9/LILRB2/MNDA/FCGR3A/NCKAP1L/HLA-DRB1/IL4I1/IDO1/CD38,38,FDR,B_higher,GO_BP,NA,NA,regulation of lymphocyte proliferation
GO:0034612,response to tumor necrosis factor,37/1146,244/18860,0.15163934426229508,2.4955654736360255,5.980678783251398,2.457743477757039e-7,1.2494699699301971e-5,9.646181168339654e-6,CD58/CXCL16/ANXA4/GCH1/TNFRSF1B/TNFRSF11A/CFL1/PYDC1/FAS/CLDN1/EXT1/TRAF3/CARD14/KRT18/TNFRSF11B/GBP1/TUBA1A/CASP1/GBP3/BRCA1/F2RL1/TNFSF13B/GPD1/CYBA/JAK2/CHI3L1/PCK2/STAT1/UBD/ASS1/PYCARD/NPNT/LCN2/TNFRSF18/TNF/NR1H4/CCL3,37,FDR,B_higher,GO_BP,NA,NA,response to tumor necrosis factor
GO:0042742,defense response to bacterium,48/1146,361/18860,0.1329639889196676,2.1882206204406027,5.797888759135084,2.6725536842755005e-7,1.335687792284898e-5,1.0311801594911117e-5,LGALS4/OAS3/IL18/OAS1/S100A14/PI3/DMBT1/SFN/MYD88/IL22RA1/EPHA2/NOD1/SEMG1/GBP1/CASP1/GBP3/F2RL1/ISG15/ZG16/EMILIN2/CYBA/PLA2G2A/OAS2/ARG2/S100A9/CCL20/PYCARD/KLK7/HCK/NOD2/CARD9/NOS2/S100A12/C5AR1/FPR2/LCN2/REG3G/KRT6A/MMP7/S100A8/TNF/NR1H4/SLAMF8/TREM2/WFDC2/SELP/FGR/DEFA3,48,FDR,B_higher,GO_BP,NA,NA,defense response to bacterium
GO:0002274,myeloid leukocyte activation,38/1146,255/18860,0.14901960784313725,2.452451835882695,5.9395058140793635,2.6773809249622345e-7,1.335687792284898e-5,1.0311801594911117e-5,ADORA2B/LYN/IL18/PLA2G3/ANXA1/MYD88/IFI35/LILRA2/PLA2G4A/CTSC/LDLR/F2RL1/MFHAS1/IL13RA2/PTPRE/PLA2G2A/TMEM106A/BATF/JAK2/ITGB8/BATF3/CXCR2/UBD/PYCARD/MILR1/S100A12/C5AR1/FPR2/TLR1/CSF2/DNASE1L3/FCGR3A/TTBK1/TNF/TREM2/CCL3/IL4R/FGR,38,FDR,B_higher,GO_BP,NA,NA,myeloid leukocyte activation
GO:0044282,small molecule catabolic process,49/1146,373/18860,0.13136729222520108,2.1619433956084575,5.765002314504597,2.9073587015098624e-7,1.4369889582092264e-5,1.109386872944553e-5,UPP1/LDHA/ACOT7/FUT5/SCARB1/MFSD2A/SLC16A3/SLC27A2/FUT6/XDH/CYP4F3/PFKP/GDA/SLC27A4/ENTPD7/GALM/CYP4F2/RBKS/CYP27B1/ABHD3/OTC/GLB1L2/SULT1A4/GK5/ACAA2/GK/FUT4/KYNU/ACOX2/ARHGAP11B/CBR3/DHDH/CYP4F12/PCK2/SESN2/ADH4/TDO2/SDS/NOS2/DDO/DPEP2/CRYM/IL4I1/AGXT/IDO1/LDHC/ACMSD/PCK1/CYP3A4,49,FDR,B_higher,GO_BP,NA,NA,small molecule catabolic process
GO:1903046,meiotic cell cycle process,35/1146,227/18860,0.15418502202643172,2.537460310138309,5.927461866733818,3.435415301335238e-7,1.68240797050711e-5,1.298855712672859e-5,KIF18A/AURKA/RAD51AP1/FANCD2/TRIP13/RAD54L/CDC25B/SKA1/ESPL1/CDC25A/RAD51/CKS2/SKA3/HUS1/NUF2/TEX11/FANCA/TOP2A/CDC20/FIGNL1/INCENP/MND1/CCNB2/PTTG1/LIF/ASPM/MSX2/ZWINT/BRCA2/FBXO5/CCNE2/BRIP1/OVOL1/MSX1/EREG,35,FDR,B_higher,GO_BP,NA,NA,meiotic cell cycle process
GO:0032944,regulation of mononuclear cell proliferation,38/1146,258/18860,0.14728682170542637,2.4239349540701056,5.857516260404451,3.625362073010534e-7,1.75928934052093e-5,1.3582098101278702e-5,CD55/LYN/TNFRSF1B/IL18/ANXA1/EPHB2/LGALS3/HHLA2/MYD88/RIPK3/GAL/CARD11/IL20RB/BST1/STAT5A/CDKN1A/TNFSF13B/SLC39A10/PLA2G2A/CLCF1/IRF1/TNFSF9/CD274/JAK2/ARG2/ATAD5/PYCARD/NR5A2/TFRC/TNFRSF9/LILRB2/MNDA/FCGR3A/NCKAP1L/HLA-DRB1/IL4I1/IDO1/CD38,38,FDR,B_higher,GO_BP,NA,NA,regulation of mononuclear cell proliferation
GO:0051231,spindle elongation,8/1146,14/18860,0.5714285714285714,9.404138618798305,8.000938836550885,3.919640957541451e-7,1.8849588676897537e-5,1.4552294308937676e-5,CDCA8/KIF4A/BIRC5/KIF23/INCENP/RACGAP1/PRC1/KIF11,8,FDR,B_higher,GO_BP,NA,NA,spindle elongation
GO:0002687,positive regulation of leukocyte migration,27/1146,152/18860,0.17763157894736842,2.9233259851198676,6.055560276826013,4.405410614990918e-7,2.09965016632335e-5,1.6209758042941206e-5,S100A14/LGALS3/EDN3/NEDD9/MCU/F2RL1/FUT4/MDK/CCR6/ITGA2/PLA2G7/ASCL2/CCL20/PYCARD/CXCL10/C5AR1/FPR2/BDKRB1/ADAM8/TNFRSF18/NCKAP1L/CCR1/TNF/TREM2/SELP/ICAM1/CCL3,27,FDR,B_higher,GO_BP,NA,NA,positive regulation of leukocyte migration
GO:0071825,protein-lipid complex organization,16/1146,61/18860,0.26229508196721313,4.316653792235288,6.599195624935135,4.695350958495816e-7,2.2180339306593508e-5,1.7123706569642403e-5,SCARB1/MFSD2A/PCSK5/LIPG/PLA2G3/PLA2G2A/PLA2G7/CIDEB/APOC2/AGT/MTTP/DGAT1/APOC3/NR1H4/APOA4/APOB,16,FDR,B_higher,GO_BP,NA,NA,protein-lipid complex organization
GO:0090307,mitotic spindle assembly,18/1146,76/18860,0.23684210526315788,3.897767980159823,6.438277395563098,4.829418970568045e-7,2.2613542513063355e-5,1.7458148910225203e-5,KIF2A/CHEK2/CDCA8/KIF4A/MYBL2/BIRC5/NEK2/KIF23/CDC20/INCENP/TPX2/RACGAP1/PRC1/KIF11/KIFC1/KIF15/RCC1/UHRF1,18,FDR,B_higher,GO_BP,NA,NA,mitotic spindle assembly
GO:1901989,positive regulation of cell cycle phase transition,24/1146,126/18860,0.1904761904761905,3.134712872932768,6.115089286082487,5.106945449963595e-7,2.338053170464557e-5,1.8050281324305853e-5,ANXA1/FAM83D/CHEK2/CDC25B/SKA1/ESPL1/RRM2/CDC25A/PKP3/SKA3/EZH2/CHEK1/STIL/BIRC5/CCNB1/CDC20/DLGAP5/CDC6/FBXO5/CCNE2/UBE2C/CCND2/ATAD5/DTL,24,FDR,B_higher,GO_BP,NA,NA,positive regulation of cell cycle phase transition
GO:0034368,protein-lipid complex remodeling,13/1146,41/18860,0.3170731707317073,5.218150087260035,6.877158037542066,5.124620100119018e-7,2.338053170464557e-5,1.8050281324305853e-5,SCARB1/PCSK5/LIPG/PLA2G3/PLA2G2A/PLA2G7/APOC2/AGT/MTTP/APOC3/NR1H4/APOA4/APOB,13,FDR,B_higher,GO_BP,NA,NA,protein-lipid complex remodeling
GO:0034369,plasma lipoprotein particle remodeling,13/1146,41/18860,0.3170731707317073,5.218150087260035,6.877158037542066,5.124620100119018e-7,2.338053170464557e-5,1.8050281324305853e-5,SCARB1/PCSK5/LIPG/PLA2G3/PLA2G2A/PLA2G7/APOC2/AGT/MTTP/APOC3/NR1H4/APOA4/APOB,13,FDR,B_higher,GO_BP,NA,NA,plasma lipoprotein particle remodeling
GO:1901976,regulation of cell cycle checkpoint,14/1146,48/18860,0.2916666666666667,4.800029086678302,6.704762110744196,5.933510075654908e-7,2.663050576263992e-5,2.055933230674514e-5,CHEK2/SKA1/MAD2L1/CDCA8/RAD51/SKA3/BIRC5/CCNB1/INCENP/BRCA1/ZWINT/BRCA2/GEN1/WDR76,14,FDR,B_higher,GO_BP,NA,NA,regulation of cell cycle checkpoint
GO:0070663,regulation of leukocyte proliferation,40/1146,284/18860,0.14084507042253522,2.317921490548878,5.6920135799268365,5.936736953454759e-7,2.663050576263992e-5,2.055933230674514e-5,CD55/LYN/TNFRSF1B/IL18/ANXA1/EPHB2/LGALS3/HHLA2/MYD88/RIPK3/GAL/CARD11/IL20RB/BST1/STAT5A/CDKN1A/TNFSF13B/SLC39A10/PLA2G2A/CLCF1/IRF1/TNFSF9/CD274/JAK2/ARG2/ATAD5/PYCARD/NR5A2/TFRC/TNFRSF9/BST2/LILRB2/MNDA/CSF2/FCGR3A/NCKAP1L/HLA-DRB1/IL4I1/IDO1/CD38,40,FDR,B_higher,GO_BP,NA,NA,regulation of leukocyte proliferation
GO:0007159,leukocyte cell-cell adhesion,54/1146,439/18860,0.12300683371298406,2.024353301768656,5.5235558467871675,6.165415886574755e-7,2.7425825002113367e-5,2.117333613678962e-5,CD55/LYN/IL18/ANXA1/EXT1/LGALS3/HHLA2/CARD11/IL20RB/MAP3K8/DUSP10/STAT5A/TNFSF13B/FUT4/SOCS6/IL2RG/MDK/PLA2G2A/VNN1/IRF1/TNFSF9/CD274/ASCL2/JAK2/ARG2/DPP4/S100A9/CD5/ASS1/PYCARD/NR5A2/NOD2/TFRC/ADAM8/NT5E/FGL2/LILRB2/NCKAP1L/S100A8/HLA-DRB1/IL4I1/SELL/TNF/LEF1/IDO1/APOA4/SELP/ICAM1/CCL25/IL4R/PCK1/HLA-DRB4/GPR65/HLA-DRB3,54,FDR,B_higher,GO_BP,NA,NA,leukocyte cell-cell adhesion
GO:0140013,meiotic nuclear division,32/1146,203/18860,0.15763546798029557,2.594245136220222,5.808654332469785,6.553858094637343e-7,2.891280537948276e-5,2.232131747760348e-5,KIF18A/AURKA/RAD51AP1/FANCD2/TRIP13/RAD54L/CDC25B/SKA1/ESPL1/RAD51/CKS2/SKA3/NUF2/TEX11/FANCA/TOP2A/CDC20/FIGNL1/INCENP/MND1/CCNB2/PTTG1/LIF/ASPM/MSX2/ZWINT/BRCA2/FBXO5/CCNE2/BRIP1/MSX1/EREG,32,FDR,B_higher,GO_BP,NA,NA,meiotic nuclear division
GO:0015908,fatty acid transport,23/1146,119/18860,0.19327731092436976,3.180811591652368,6.069998254143425,6.705516725966893e-7,2.933938383869777e-5,2.2650645368559437e-5,LYN/MFSD2A/SLC27A2/TNFRSF11A/PLA2G3/ANXA1/SLC27A4/CYP4F2/ACSL5/PLA2G4A/PLA2G4F/NMUR2/PLA2G2A/FABP1/SLCO2B1/BDKRB2/NOS2/FABP2/SLC43A3/PLA2R1/FABP6/RBP2/PLA2G12B,23,FDR,B_higher,GO_BP,NA,NA,fatty acid transport
GO:0019432,triglyceride biosynthetic process,13/1146,42/18860,0.30952380952380953,5.093908418515748,6.755684437494278,7.010870078328157e-7,3.042603616106968e-5,2.3489564704026302e-5,SCARB1/MFSD2A/AGPAT2/LDLR/PNPLA3/GK/LPGAT1/MOGAT3/AGMO/PCK2/MOGAT2/DGAT1/PCK1,13,FDR,B_higher,GO_BP,NA,NA,triglyceride biosynthetic process
GO:0002218,activation of innate immune response,47/1146,362/18860,0.1298342541436464,2.1367138160114933,5.554389806222681,7.120942262165699e-7,3.065450789954879e-5,2.36659498780804e-5,TRIM15/IRAK2/LYN/XPNPEP1/RPS6KA3/OAS3/OAS1/MAP2K3/S100A14/TRAF3/MYD88/NOD1/DPP9/IFI35/LILRA2/CASP1/CTSS/PIK3AP1/KCNK6/F2RL1/MFHAS1/CYBA/FFAR2/LRRC19/IRF1/LILRA4/CD274/IKBKE/ZBP1/S100A9/RSAD2/PYCARD/HCK/NOD2/DDX60/TLR1/REG3G/TRIM31/MNDA/S100A8/TIFAB/GFI1/TNF/NR1H4/TREM2/FCN1/BPIFB1,47,FDR,B_higher,GO_BP,NA,NA,activation of innate immune response
GO:0002819,regulation of adaptive immune response,34/1146,224/18860,0.15178571428571427,2.4979743206182996,5.736478175037245,7.304532091825633e-7,3.119327384493218e-5,2.408188895957672e-5,CEACAM1/CD55/TNFRSF1B/IL18/ANXA1/EPHB2/RIPK3/IL20RB/PLA2G4A/DUSP10/STAT5A/TNFSF13B/ADCY7/CLCF1/IRF1/CD274/ASCL2/BATF/JAK2/RSAD2/ATAD5/PYCARD/CARD9/TFRC/ULBP2/C4BPA/NCKAP1L/HLA-DRB1/IL4I1/TNF/SAMSN1/TREM2/IL4R/HLA-DRB3,34,FDR,B_higher,GO_BP,NA,NA,regulation of adaptive immune response
GO:0051256,mitotic spindle midzone assembly,7/1146,11/18860,0.6363636363636364,10.47279073457084,7.993250943006,7.985440981570284e-7,3.358663777078164e-5,2.5929618203665903e-5,CDCA8/KIF4A/BIRC5/KIF23/INCENP/RACGAP1/PRC1,7,FDR,B_higher,GO_BP,NA,NA,mitotic spindle midzone assembly
GO:0034341,response to type II interferon,24/1146,129/18860,0.18604651162790695,3.0618125735622383,5.9766369555149375,7.990826146289376e-7,3.358663777078164e-5,2.5929618203665903e-5,CD58/CXCL16/GCH1/ZYX/CLDN1/CYP27B1/PARP9/GBP1/CASP1/GBP3/CDC42EP2/PARP14/KYNU/IRF1/JAK2/NLRC5/STAT1/UBD/ASS1/HCK/NOS2/BST2/TNF/CCL3,24,FDR,B_higher,GO_BP,NA,NA,response to type II interferon
GO:0061041,regulation of wound healing,25/1146,139/18860,0.17985611510791366,2.959935716348387,5.8989949532434665,9.169677254569712e-7,3.8240419675697744e-5,2.952243951615166e-5,VIL1/F12/ANXA2/CEACAM1/CLDN4/CD9/ANXA1/EPHB2/CLDN1/TNFRSF12A/F3/TFPI/EPPK1/ADRA2A/FERMT1/HPSE/F2RL1/PLAUR/EMILIN2/CLDN3/REG3G/TNF/PF4/SERPINE2/REG3A,25,FDR,B_higher,GO_BP,NA,NA,regulation of wound healing
GO:0009615,response to virus,54/1146,445/18860,0.12134831460674156,1.9970586505088537,5.41387430678384,9.44176338337354e-7,3.8778681985916125e-5,2.9937989780296512e-5,TRIM15/OAS3/CFL1/OAS1/DMBT1/EXT1/TRAF3/USP18/MYD88/RIPK3/MICB/PARP9/MMP12/POLR3G/GBP1/MOV10/CASP1/SKP2/TRIM7/GBP3/F2RL1/ISG15/HSPB1/IFIT3/OAS2/IRF1/JAK2/IKBKE/ITGB8/NLRC5/BATF3/ZBP1/STAT1/RSAD2/IFIT2/IFIT1/PYCARD/PML/CXCL10/SLFN11/CARD9/DDX60/MX1/LCN2/TRIM31/BST2/FGL2/APOBEC3B/PIM2/TNF/APOB/FGR/DEFA3/CXCL9,54,FDR,B_higher,GO_BP,NA,NA,response to virus
GO:0071219,cellular response to molecule of bacterial origin,36/1146,247/18860,0.145748987854251,2.398626449329122,5.627757089615958,9.444040198893024e-7,3.8778681985916125e-5,2.9937989780296512e-5,IRAK2/CD55/SCARB1/LYN/PTAFR/TNFRSF1B/IL18/MAP2K3/NR1I2/EPHB2/MYD88/CD68/LILRA2/CASP1/GBP3/CD274/JAK2/ASS1/PYCARD/CXCL10/MMP3/HCK/NOD2/NOS2/CXCL5/LCN2/TLR1/LILRB2/CSF2/TIFAB/GFI1/TNF/NR1H4/TREM2/PF4/CXCL9,36,FDR,B_higher,GO_BP,NA,NA,cellular response to molecule of bacterial origin
GO:0051797,regulation of hair follicle development,9/1146,20/18860,0.45,7.405759162303664,7.29018373390657,9.983094914529325e-7,4.067920660592178e-5,3.1405236312079e-5,CDH3/PKP3/GAL/FERMT1/HPSE/MSX2/KRT17/TNF/DKK4,9,FDR,B_higher,GO_BP,NA,NA,regulation of hair follicle development
GO:0051607,defense response to virus,44/1146,334/18860,0.1317365269461078,2.1680199809804477,5.47805003470699,1.077703140949631e-6,4.3581661866584314e-5,3.364599518993465e-5,TRIM15/OAS3/OAS1/DMBT1/TRAF3/USP18/MYD88/RIPK3/MICB/PARP9/MMP12/POLR3G/GBP1/MOV10/CASP1/SKP2/TRIM7/GBP3/F2RL1/ISG15/IFIT3/OAS2/IRF1/IKBKE/NLRC5/ZBP1/STAT1/RSAD2/IFIT2/IFIT1/PYCARD/PML/CXCL10/SLFN11/CARD9/DDX60/MX1/TRIM31/BST2/FGL2/APOBEC3B/TNF/DEFA3/CXCL9,44,FDR,B_higher,GO_BP,NA,NA,defense response to virus
GO:1903034,regulation of response to wounding,29/1146,179/18860,0.16201117318435754,2.666257178234715,5.69720448540675,1.2217844976141754e-6,4.90367341974772e-5,3.785743021891173e-5,VIL1/F12/ANXA2/CEACAM1/CLDN4/CD9/ANXA1/EPHB2/CLDN1/TNFRSF12A/F3/TFPI/EPPK1/ADRA2A/FERMT1/HPSE/F2RL1/PLAUR/EMILIN2/CLDN3/MDK/RTN4R/REG3G/SIGLEC10/SPP1/TNF/PF4/SERPINE2/REG3A,29,FDR,B_higher,GO_BP,NA,NA,regulation of response to wounding
GO:0002221,pattern recognition receptor signaling pathway,43/1146,325/18860,0.13230769230769232,2.1774197878909924,5.4459046671378415,1.2683610635470398e-6,5.0526204158314166e-5,3.9007333572558214e-5,TRIM15/IRAK2/LYN/XPNPEP1/RPS6KA3/OAS3/OAS1/MAP2K3/S100A14/TRAF3/MYD88/NOD1/DPP9/IFI35/LILRA2/CASP1/CTSS/PIK3AP1/KCNK6/F2RL1/MFHAS1/CYBA/FFAR2/LRRC19/IRF1/LILRA4/CD274/S100A9/RSAD2/PYCARD/NOD2/DDX60/TLR1/REG3G/TRIM31/S100A8/TIFAB/GFI1/TNF/NR1H4/TREM2/FCN1/BPIFB1,43,FDR,B_higher,GO_BP,NA,NA,pattern recognition receptor signaling pathway
GO:0070098,chemokine-mediated signaling pathway,19/1146,89/18860,0.21348314606741572,3.5133439221915017,6.045003243695036,1.2921891629516e-6,5.1094116680264e-5,3.944577444799621e-5,CCL15/CCRL2/LYN/CCL18/STAT5A/CCR6/PADI2/JAK2/CXCR2/CXCL10/CCL3L3/CCR1/CCL13/CCL26/TREM2/CCL3/CCL25/CXCL11/CXCL9,19,FDR,B_higher,GO_BP,NA,NA,chemokine-mediated signaling pathway
GO:0002696,positive regulation of leukocyte activation,48/1146,381/18860,0.12598425196850394,2.0733533962704924,5.383432955927573,1.3054210537364e-6,5.12377763591537e-5,3.955668285896289e-5,CD55/LYN/IL18/ANXA1/EPHB2/HHLA2/MYD88/CARD11/MAP3K8/PLA2G4A/CTSC/DUSP10/BST1/STAT5A/CDKN1A/TNFSF13B/SLC39A10/IL2RG/MDK/CLCF1/VNN1/TNFSF9/CD274/JAK2/DPP4/CD5/ATAD5/PYCARD/NR5A2/NOD2/TFRC/ADAM8/LILRB2/FCGR3A/NCKAP1L/TTBK1/HLA-DRB1/IL4I1/TNF/LEF1/TREM2/CCL3/CD38/IL4R/PCK1/HLA-DRB4/GPR65/HLA-DRB3,48,FDR,B_higher,GO_BP,NA,NA,positive regulation of leukocyte activation
GO:0046460,neutral lipid biosynthetic process,14/1146,51/18860,0.27450980392156865,4.517674434520755,6.398102541357382,1.3396184037004863e-6,5.181799303589273e-5,4.000462281073535e-5,SCARB1/MFSD2A/AGPAT2/PLA2G4A/LDLR/PNPLA3/GK/LPGAT1/MOGAT3/AGMO/PCK2/MOGAT2/DGAT1/PCK1,14,FDR,B_higher,GO_BP,NA,NA,neutral lipid biosynthetic process
GO:0046463,acylglycerol biosynthetic process,14/1146,51/18860,0.27450980392156865,4.517674434520755,6.398102541357382,1.3396184037004863e-6,5.181799303589273e-5,4.000462281073535e-5,SCARB1/MFSD2A/AGPAT2/PLA2G4A/LDLR/PNPLA3/GK/LPGAT1/MOGAT3/AGMO/PCK2/MOGAT2/DGAT1/PCK1,14,FDR,B_higher,GO_BP,NA,NA,acylglycerol biosynthetic process
GO:0051338,regulation of transferase activity,41/1146,304/18860,0.13486842105263158,2.219562322035455,5.452452957835364,1.357500920371969e-6,5.213194181975231e-5,4.024699813143703e-5,CEACAM1/LYN/MAP2K3/ECT2/GPRC5A/MAD2L1/SFN/CDKN3/CDC25A/RIPK3/CARD14/ZFYVE28/NEDD9/EZH2/UBE2S/CDC20/CENPE/TPX2/DSCC1/CDC6/CDKN1A/KIF14/CLSPN/MMD/STK38/RFC3/FBXO5/CCNE2/UBE2C/INCA1/JAK2/CHI3L1/NLRC5/BLM/PYCARD/AGT/S100A12/EREG/HLA-DRB1/TNF/FGR,41,FDR,B_higher,GO_BP,NA,NA,regulation of transferase activity
GO:0007043,cell-cell junction assembly,27/1146,162/18860,0.16666666666666666,2.742873763816172,5.666555944286098,1.609162750144432e-6,6.135507685907841e-5,4.7367459900868055e-5,CLDN2/GJB2/CLDN4/RHOC/WDR1/CD9/CLDN7/CDH3/ECT2/EPHB2/CLDN1/ZNF703/PKP3/EPHA2/MARVELD3/CDH17/CLDN3/CLDN23/ACE2/SRF/SNAI1/CLDN15/AGT/DSG3/CNTNAP2/TNF/NR1H4,27,FDR,B_higher,GO_BP,NA,NA,cell-cell junction assembly
GO:0002263,cell activation involved in immune response,43/1146,329/18860,0.13069908814589665,2.1509465989804633,5.356696166801397,1.7588999745621668e-6,6.658870967526841e-5,5.1407938786195473e-5,ADORA2B/CEACAM1/LYN/IL18/PLA2G3/ANXA1/ENTPD7/LGALS3/MYD88/IFI35/LILRA2/LRP1/SOCS3/STAT5A/F2RL1/MYB/IL13RA2/CDH17/MDK/CLCF1/CCR6/ASCL2/BATF/JAK2/ATAD5/PYCARD/MILR1/TFRC/FGL2/DNASE1L3/FCGR3A/NCKAP1L/HLA-DRB1/TNF/LEF1/SH2D1B/TREM2/ICAM1/CCL3/IL4R/PCK1/FGR/GPR65,43,FDR,B_higher,GO_BP,NA,NA,cell activation involved in immune response
GO:0000022,mitotic spindle elongation,7/1146,12/18860,0.5833333333333334,9.600058173356604,7.579711823756327,1.8155390419167153e-6,6.824892539261567e-5,5.268966159454367e-5,CDCA8/KIF4A/BIRC5/KIF23/INCENP/RACGAP1/PRC1,7,FDR,B_higher,GO_BP,NA,NA,mitotic spindle elongation
GO:0031570,DNA integrity checkpoint signaling,23/1146,126/18860,0.18253968253968253,3.0040998365605693,5.740935745590163,1.8996597166510689e-6,7.091177319918465e-5,5.474543828258325e-5,LYN/CHEK2/FANCD2/RAD51/CHEK1/HUS1/PARP9/CDC45/ORC1/FBXO6/BRCA1/CDC6/CDKN1A/CLSPN/BRCA2/STK38/NEK11/E2F1/BRIP1/BLM/DTL/CDT1/WDR76,23,FDR,B_higher,GO_BP,NA,NA,DNA integrity checkpoint signaling
GO:0002758,innate immune response-activating signaling pathway,44/1146,342/18860,0.1286549707602339,2.1173060632966942,5.303730983428828,2.047494241845514e-6,7.589947404841216e-5,5.859605231597358e-5,TRIM15/IRAK2/LYN/XPNPEP1/RPS6KA3/OAS3/OAS1/MAP2K3/S100A14/TRAF3/MYD88/NOD1/DPP9/IFI35/LILRA2/CASP1/CTSS/PIK3AP1/KCNK6/F2RL1/MFHAS1/CYBA/FFAR2/LRRC19/IRF1/LILRA4/CD274/S100A9/RSAD2/PYCARD/HCK/NOD2/DDX60/TLR1/REG3G/TRIM31/S100A8/TIFAB/GFI1/TNF/NR1H4/TREM2/FCN1/BPIFB1,44,FDR,B_higher,GO_BP,NA,NA,innate immune response-activating signaling pathway
GO:1902105,regulation of leukocyte differentiation,44/1146,343/18860,0.1282798833819242,2.111133159322068,5.28227702835008,2.214178469861878e-6,8.085312100125254e-5,6.242037599729915e-5,CEACAM1/LYN/TNFRSF11A/IL18/PLA2G3/ANXA1/FANCD2/HMGB3/NEDD9/TNFRSF11B/CARD11/FANCA/DUSP10/STAT5A/LIF/IL2RG/MDK/VNN1/IRF1/TNFSF9/LILRB3/ASCL2/BATF/NFAM1/ADAM8/FGL2/TMEM176B/LILRB2/NCKAP1L/CCR1/HLA-DRB1/IL4I1/TNF/LEF1/SLAMF8/TREM2/PF4/TNFAIP6/CCL3/IL4R/INHBA/PCK1/GPR65/TMEM176A,44,FDR,B_higher,GO_BP,NA,NA,regulation of leukocyte differentiation
GO:1905820,positive regulation of chromosome separation,11/1146,33/18860,0.3333333333333333,5.485747527632344,6.55985974590321,2.2229906293775903e-6,8.085312100125254e-5,6.242037599729915e-5,SKA1/ESPL1/CDCA8/SKA3/NCAPG/BIRC5/CDC20/INCENP/NCAPG2/DLGAP5/UBE2C,11,FDR,B_higher,GO_BP,NA,NA,positive regulation of chromosome separation
GO:0044786,cell cycle DNA replication,13/1146,46/18860,0.2826086956521739,4.650959860383944,6.30577866980822,2.226565902432395e-6,8.085312100125254e-5,6.242037599729915e-5,RAD51/GINS1/CDC45/FEN1/MCM4/BRCA2/TK1/FBXO5/E2F7/BLM/ATAD5/CDT1/DACH1,13,FDR,B_higher,GO_BP,NA,NA,cell cycle DNA replication
GO:0050777,negative regulation of immune response,33/1146,226/18860,0.14601769911504425,2.403048695732753,5.397184162342309,2.542762866158556e-6,9.109575959432464e-5,7.032791678566405e-5,CEACAM1/CD55/LYN/OAS3/OAS1/ANXA1/SFN/LGALS3/USP18/OLFM4/MMP12/IL20RB/LYAR/DUSP10/STAT5A/ISG15/PARP14/CD274/ASCL2/NLRC5/ARG2/HCK/FGL2/C4BPA/NCKAP1L/HLA-DRB1/IL4I1/SLAMF8/SAMSN1/TREM2/SERPINB9/IL4R/FGR,33,FDR,B_higher,GO_BP,NA,NA,negative regulation of immune response
GO:0071356,cellular response to tumor necrosis factor,33/1146,226/18860,0.14601769911504425,2.403048695732753,5.397184162342309,2.542762866158556e-6,9.109575959432464e-5,7.032791678566405e-5,CD58/ANXA4/TNFRSF1B/TNFRSF11A/CFL1/PYDC1/FAS/CLDN1/EXT1/TRAF3/CARD14/KRT18/TNFRSF11B/GBP1/CASP1/GBP3/BRCA1/F2RL1/TNFSF13B/GPD1/CYBA/JAK2/CHI3L1/PCK2/STAT1/ASS1/PYCARD/NPNT/LCN2/TNFRSF18/TNF/NR1H4/CCL3,33,FDR,B_higher,GO_BP,NA,NA,cellular response to tumor necrosis factor
GO:0008202,steroid metabolic process,44/1146,345/18860,0.12753623188405797,2.098894706224549,5.2395874046868185,2.586059971354181e-6,9.20292541805908e-5,7.10485950024675e-5,SCARB1/SLC27A2/PCSK9/HSD17B11/NR1I2/STARD4/DHRS9/MVD/GAL/SULT4A1/CYP27B1/AKR1C4/CLCN2/APOBR/MSMO1/SULT1A4/LDLR/STAT5A/ACAA2/NPC1L1/ACOX2/UGT2B7/SQLE/HSD17B2/SULT2B1/SNAI1/APOL1/CFTR/HSD11B2/APOL2/NR5A2/AGT/SPP1/GFI1/TNF/NR1H4/APOA4/UGT1A8/SULT1C3/CYP2D6/APOB/INHBA/PCK1/CYP3A4,44,FDR,B_higher,GO_BP,NA,NA,steroid metabolic process
GO:1901970,positive regulation of mitotic sister chromatid separation,9/1146,22/18860,0.4090909090909091,6.7325083293669685,6.842770232907332,2.646214384144389e-6,9.354630716928972e-5,7.221979305629336e-5,SKA1/ESPL1/CDCA8/SKA3/BIRC5/CDC20/INCENP/DLGAP5/UBE2C,9,FDR,B_higher,GO_BP,NA,NA,positive regulation of mitotic sister chromatid separation
GO:0034383,low-density lipoprotein particle clearance,12/1146,40/18860,0.3,4.93717277486911,6.340127306259883,2.7265601987193077e-6,9.575248908397148e-5,7.392301369796461e-5,ANXA2/SCARB1/PCSK9/APOBEC1/A1CF/CES3/HMOX1/LDLR/APOC3/NR1H4/TREM2/APOB,12,FDR,B_higher,GO_BP,NA,NA,low-density lipoprotein particle clearance
GO:0046503,glycerolipid catabolic process,16/1146,69/18860,0.2318840579710145,3.816172193135543,5.960766696580546,2.7954842397347997e-6,9.753133903074744e-5,7.5296324723507e-5,SCARB1/LIPG/GDPD3/MGLL/PLA2G4A/LDLR/PLA2G4F/PNPLA3/CPS1/PLA2G7/APOC2/PLB1/APOC3/APOA4/APOB/PLA2G4D,16,FDR,B_higher,GO_BP,NA,NA,glycerolipid catabolic process
GO:0002548,monocyte chemotaxis,14/1146,54/18860,0.25925925925925924,4.266692521491823,6.11434924057344,2.8334705386008065e-6,9.821471256526692e-5,7.582390402339138e-5,LYN/TNFRSF11A/ANXA1/S100A14/LGALS3/PLA2G7/CXCL10/S100A12/FPR2/CCR1/SLAMF8/CCL26/PF4/CCL3,14,FDR,B_higher,GO_BP,NA,NA,monocyte chemotaxis
GO:0002366,leukocyte activation involved in immune response,42/1146,325/18860,0.12923076923076923,2.126782118405155,5.211690902920526,3.0980828259782836e-6,1.06693975000465e-4,8.237007988933773e-5,ADORA2B/CEACAM1/LYN/IL18/PLA2G3/ANXA1/ENTPD7/LGALS3/MYD88/IFI35/LILRA2/SOCS3/STAT5A/F2RL1/MYB/IL13RA2/CDH17/MDK/CLCF1/CCR6/ASCL2/BATF/JAK2/ATAD5/PYCARD/MILR1/TFRC/FGL2/DNASE1L3/FCGR3A/NCKAP1L/HLA-DRB1/TNF/LEF1/SH2D1B/TREM2/ICAM1/CCL3/IL4R/PCK1/FGR/GPR65,42,FDR,B_higher,GO_BP,NA,NA,leukocyte activation involved in immune response
GO:0032102,negative regulation of response to external stimulus,53/1146,452/18860,0.1172566371681416,1.929720922330847,5.088758465387448,3.3396578329352835e-6,1.1427624046287528e-4,8.822375449353331e-5,F12/ANXA2/CEACAM1/LYN/TNFRSF1B/OAS3/CD9/OAS1/SFN/PBK/USP18/IL22RA1/MICB/TFPI/EPPK1/MMP12/IL20RB/LYAR/LILRA2/DUSP10/LDLR/SOCS3/MFHAS1/ISG15/PLAUR/PARP14/SAA1/MDK/PADI2/RTN4R/NLRC5/ARG2/DPP4/NR5A2/HCK/FPR2/NT5E/FGL2/CNTNAP2/SIGLEC10/RIN3/SPP1/HLA-DRB1/TNF/NR1H4/SLAMF8/TREM2/PF4/TNFAIP6/SERPINB9/FGR/SERPINE2/REG3A,53,FDR,B_higher,GO_BP,NA,NA,negative regulation of response to external stimulus
GO:0071222,cellular response to lipopolysaccharide,33/1146,229/18860,0.14410480349344978,2.371567708452411,5.311414916241095,3.407465928230808e-6,1.1585384155984747e-4,8.944169700988007e-5,IRAK2/CD55/SCARB1/LYN/PTAFR/TNFRSF1B/IL18/MAP2K3/EPHB2/MYD88/CD68/LILRA2/CASP1/GBP3/CD274/JAK2/ASS1/PYCARD/CXCL10/MMP3/HCK/NOD2/NOS2/CXCL5/LCN2/LILRB2/CSF2/TIFAB/GFI1/TNF/NR1H4/PF4/CXCL9,33,FDR,B_higher,GO_BP,NA,NA,cellular response to lipopolysaccharide
GO:0055090,acylglycerol homeostasis,13/1146,48/18860,0.2708333333333333,4.457169866201279,6.0998221330918,3.767368731665853e-6,1.2727983727615395e-4,9.826281535291016e-5,SCARB1/IL18/FITM2/ABCG5/APOC2/SESN2/ABCG8/HNF4A/MLXIPL/APOC3/NR1H4/APOA4/PLA2G12B,13,FDR,B_higher,GO_BP,NA,NA,acylglycerol homeostasis
GO:0009410,response to xenobiotic stimulus,52/1146,443/18860,0.11738148984198646,1.9317756530714352,5.047741385382914,3.9992125801709965e-6,1.328625622247832e-4,1.0257280099190044e-4,BAK1/LYN/NAT1/HTR2B/NR1I2/CHEK2/LRP8/RAD54L/TPMT/CES2/RAD51/GAL/AGPAT2/NAT2/CYP4F2/OTC/CCNB1/CES3/RBP4/SULT1A4/CENPF/CYBA/UGT2B7/CBR3/MDK/ABCG5/ITGA2/CPS1/E2F1/SLCO2B1/CYP4F12/STAT1/CYP2J2/HSD11B2/ABCG8/SPINK4/ASS1/HNF4A/CARD9/NOS2/TFRC/S100A12/LCN2/PFAS/MMP7/NCKAP1L/TNF/UGT1A8/SULT1C3/CD38/CYP2D6/CYP3A4,52,FDR,B_higher,GO_BP,NA,NA,response to xenobiotic stimulus
GO:0043616,keratinocyte proliferation,15/1146,63/18860,0.23809523809523808,3.91839109116596,5.901505467501596,4.007282225213581e-6,1.328625622247832e-4,1.0257280099190044e-4,SDR16C5/CDH3/SFN/AREG/VDR/EPPK1/FERMT1/BCL11B/CDKN1A/MDK/OVOL1/KLK8/EREG/REG3G/REG3A,15,FDR,B_higher,GO_BP,NA,NA,keratinocyte proliferation
GO:0051785,positive regulation of nuclear division,15/1146,63/18860,0.23809523809523808,3.91839109116596,5.901505467501596,4.007282225213581e-6,1.328625622247832e-4,1.0257280099190044e-4,AURKA/RAD51AP1/SKA1/ESPL1/EDN3/SKA3/CDC20/DLGAP5/MSX2/UBE2C/HOXA13/NUSAP1/MSX1/EREG/TNF,15,FDR,B_higher,GO_BP,NA,NA,positive regulation of nuclear division
GO:0002577,regulation of antigen processing and presentation,9/1146,23/18860,0.391304347826087,6.439790575916231,6.639472070248933,4.113090365307555e-6,1.3469740104301675e-4,1.0398933664952588e-4,NOD1/CD68/CTSS/PYCARD/NOD2/FGL2/LILRB2/FAM3D/TREM2,9,FDR,B_higher,GO_BP,NA,NA,regulation of antigen processing and presentation
GO:0051988,regulation of attachment of spindle microtubules to kinetochore,9/1146,23/18860,0.391304347826087,6.439790575916231,6.639472070248933,4.113090365307555e-6,1.3469740104301675e-4,1.0398933664952588e-4,ECT2/ZWILCH/CDCA8/SPAG5/BIRC5/NEK2/CCNB1/INCENP/RACGAP1,9,FDR,B_higher,GO_BP,NA,NA,regulation of attachment of spindle microtubules to kinetochore
GO:0030216,keratinocyte differentiation,28/1146,180/18860,0.15555555555555556,2.560015512895094,5.348968650078185,4.19503274523416e-6,1.3654319996378014e-4,1.0541433374577496e-4,ST14/CDH3/ANXA1/SFN/VDR/EPHA2/EZH2/CYP27B1/TFAP2C/KRT80/KRT6B/BCL11B/CDKN1A/KRT7/MSX2/ABCA12/KRT14/KRT6C/ETV4/PAX6/SCEL/EREG/KRT17/REG3G/KRT6A/KRT16/CDSN/REG3A,28,FDR,B_higher,GO_BP,NA,NA,keratinocyte differentiation
GO:0071216,cellular response to biotic stimulus,37/1146,274/18860,0.13503649635036497,2.222328377982446,5.183982520605772,4.263535014217637e-6,1.3793181761147724e-4,1.064863769101247e-4,IRAK2/CD55/SCARB1/LYN/PTAFR/TNFRSF1B/IL18/MAP2K3/NR1I2/EPHB2/MYD88/CD68/LILRA2/APAF1/CASP1/GBP3/CD274/JAK2/ASS1/PYCARD/CXCL10/MMP3/HCK/NOD2/NOS2/CXCL5/LCN2/TLR1/LILRB2/CSF2/TIFAB/GFI1/TNF/NR1H4/TREM2/PF4/CXCL9,37,FDR,B_higher,GO_BP,NA,NA,cellular response to biotic stimulus
GO:0006261,DNA-templated DNA replication,27/1146,171/18860,0.15789473684210523,2.5985119867732154,5.340897451756509,4.648637063873034e-6,1.4948448582502563e-4,1.154052891887313e-4,GINS4/TONSL/ORC6/POLQ/RAD51/GINS1/CDC45/ORC1/FEN1/BRCA1/MCM10/MCM4/CDC6/POLA2/BRCA2/TK1/RFC3/GEN1/FBXO5/CCNE2/WDHD1/E2F7/BLM/ATAD5/SLFN11/CDT1/DACH1,27,FDR,B_higher,GO_BP,NA,NA,DNA-templated DNA replication
GO:0044839,cell cycle G2/M phase transition,26/1146,162/18860,0.16049382716049382,2.6412858466377953,5.336266035799363,5.111435027305504e-6,1.633822765015376e-4,1.2613468724803685e-4,MELK/CALM2/AURKA/CHEK2/CCNA2/CDC25B/FOXM1/CDC25A/CHEK1/HUS1/ORC1/BIRC5/CCNB1/CDC20/SKP2/BRCA1/CCNB2/CDC6/CDKN1A/KIF14/CLSPN/CENPF/FBXO5/BLM/ATAD5/DTL,26,FDR,B_higher,GO_BP,NA,NA,cell cycle G2/M phase transition
GO:0050878,regulation of body fluid levels,47/1146,389/18860,0.12082262210796917,1.9884072015325465,5.01024330547593,5.328193653387714e-6,1.69297010248712e-4,1.307009909336648e-4,F12/ANXA2/CEACAM1/LYN/CD9/ITPK1/XDH/PRRG1/EPHB2/EXT1/F3/VDR/TFPI/CYP4F2/DGKG/ADRA2A/PLA2G4A/ENTPD2/STAT5A/HPSE/F2RL1/PLAUR/SAA1/EMILIN2/CYBA/HSPB1/OAS2/ITGA2/SRF/JAK2/CYP4F12/CFTR/HSD11B2/F2RL2/HNF4A/TFPI2/P2RY2/PROCR/PDPN/NFE2/TIFAB/PF4/SELP/MUC2/SERPINE2/AQP2/PLEK,47,FDR,B_higher,GO_BP,NA,NA,regulation of body fluid levels
GO:0051321,meiotic cell cycle,39/1146,299/18860,0.13043478260869565,2.1465968586387434,5.083220808331783,5.525529160426237e-6,1.745282524163033e-4,1.3473962418603997e-4,KIF18A/AURKA/RAD51AP1/FANCD2/TRIP13/RAD54L/CDC25B/SKA1/ESPL1/RSPH1/CDC25A/RAD51/CKS2/SKA3/HUS1/NUF2/TEX11/NEK2/FANCA/TOP2A/CDC20/FIGNL1/MNS1/INCENP/MND1/PRR19/CCNB2/PTTG1/LIF/ASPM/MSX2/ZWINT/BRCA2/FBXO5/CCNE2/BRIP1/OVOL1/MSX1/EREG,39,FDR,B_higher,GO_BP,NA,NA,meiotic cell cycle
GO:0050864,regulation of B cell activation,23/1146,134/18860,0.17164179104477612,2.8247505925868044,5.3917124438098085,5.624954932606776e-6,1.7662358488385277e-4,1.3635726663254198e-4,LYN/HMGB3/EPHB2/CARD11/BST1/STAT5A/CDKN1A/TNFSF13B/SLC39A10/IL2RG/CLCF1/BANK1/ATAD5/NOD2/TFRC/NFAM1/MNDA/NCKAP1L/IL4I1/SLAMF8/SAMSN1/CD38/INHBA,23,FDR,B_higher,GO_BP,NA,NA,regulation of B cell activation
GO:0070665,positive regulation of leukocyte proliferation,27/1146,173/18860,0.15606936416184972,2.5684713857700574,5.271366081299512,5.812596483580517e-6,1.809202932247241e-4,1.396744193517767e-4,CD55/LYN/IL18/ANXA1/EPHB2/HHLA2/MYD88/CARD11/BST1/STAT5A/CDKN1A/TNFSF13B/SLC39A10/CLCF1/TNFSF9/CD274/JAK2/ATAD5/PYCARD/NR5A2/TFRC/BST2/LILRB2/CSF2/FCGR3A/NCKAP1L/CD38,27,FDR,B_higher,GO_BP,NA,NA,positive regulation of leukocyte proliferation
GO:1990868,response to chemokine,19/1146,98/18860,0.19387755102040816,3.1906898885208532,5.530287312956671,5.86782899652301e-6,1.809202932247241e-4,1.396744193517767e-4,CCL15/CCRL2/LYN/CCL18/STAT5A/CCR6/PADI2/JAK2/CXCR2/CXCL10/CCL3L3/CCR1/CCL13/CCL26/TREM2/CCL3/CCL25/CXCL11/CXCL9,19,FDR,B_higher,GO_BP,NA,NA,response to chemokine
GO:1990869,cellular response to chemokine,19/1146,98/18860,0.19387755102040816,3.1906898885208532,5.530287312956671,5.86782899652301e-6,1.809202932247241e-4,1.396744193517767e-4,CCL15/CCRL2/LYN/CCL18/STAT5A/CCR6/PADI2/JAK2/CXCR2/CXCL10/CCL3L3/CCR1/CCL13/CCL26/TREM2/CCL3/CCL25/CXCL11/CXCL9,19,FDR,B_higher,GO_BP,NA,NA,cellular response to chemokine
GO:0070661,leukocyte proliferation,44/1146,356/18860,0.12359550561797752,2.034041218110869,5.009834262675832,5.8973643726305716e-6,1.809202932247241e-4,1.396744193517767e-4,CD55/LYN/TNFRSF1B/IL18/ANXA1/EPHB2/LGALS3/HHLA2/MYD88/RIPK3/GAL/CARD11/IL20RB/BST1/STAT5A/F2RL1/CDKN1A/TNFSF13B/SLC39A10/PLA2G2A/CLCF1/IRF1/TNFSF9/CD274/JAK2/ARG2/ATAD5/PYCARD/NR5A2/TFRC/HELLS/TNFRSF9/BST2/LILRB2/MNDA/CSF2/FCGR3A/NCKAP1L/HLA-DRB1/IL4I1/LEF1/IDO1/TREM2/CD38,44,FDR,B_higher,GO_BP,NA,NA,leukocyte proliferation
GO:0032757,positive regulation of interleukin-8 production,15/1146,65/18860,0.2307692307692308,3.797825211437777,5.747108701605218,6.0679465971426e-6,1.8508970820312688e-4,1.4289329881391448e-4,CD58/AFAP1L2/MYD88/F3/NOD1/LILRA2/F2RL1/FFAR2/CHI3L1/PYCARD/NOD2/NOS2/TLR1/TNF/FCN1,15,FDR,B_higher,GO_BP,NA,NA,positive regulation of interleukin-8 production
GO:0042445,hormone metabolic process,34/1146,246/18860,0.13821138211382114,2.27457824316463,5.118085285921965,6.203671362011009e-6,1.867261805451245e-4,1.4415669121771655e-4,SDR16C5/HSD17B11/PCSK5/PREP/DHRS9/GAL/AKR1C4/CLCN2/RBP4/SULT1A4/PAPSS2/CTSZ/UGT2B7/ACE2/HSD17B2/PLA2G7/MEP1A/DPP4/ANPEP/ADH6/ADH4/NR5A2/KLK6/DGAT1/PLB1/DDO/CRYM/MME/SPP1/SLC16A2/UGT1A8/CYP2D6/INHBA/CYP3A4,34,FDR,B_higher,GO_BP,NA,NA,hormone metabolic process
GO:0090231,regulation of spindle checkpoint,9/1146,24/18860,0.375,6.1714659685863875,6.447899652114388,6.2265380548954966e-6,1.867261805451245e-4,1.4415669121771655e-4,SKA1/MAD2L1/CDCA8/SKA3/BIRC5/CCNB1/INCENP/ZWINT/GEN1,9,FDR,B_higher,GO_BP,NA,NA,regulation of spindle checkpoint
GO:0098856,intestinal lipid absorption,9/1146,24/18860,0.375,6.1714659685863875,6.447899652114388,6.2265380548954966e-6,1.867261805451245e-4,1.4415669121771655e-4,CLDN2/SCARB1/LDLR/NPC1L1/ABCG5/CLDN15/ABCG8/FABP2/APOA4,9,FDR,B_higher,GO_BP,NA,NA,intestinal lipid absorption
GO:0046651,lymphocyte proliferation,40/1146,312/18860,0.1282051282051282,2.1099028952432093,5.028136471146443,6.4212256840767395e-6,1.9148884190838903e-4,1.478335698509876e-4,CD55/LYN/TNFRSF1B/IL18/ANXA1/EPHB2/LGALS3/HHLA2/MYD88/RIPK3/GAL/CARD11/IL20RB/BST1/STAT5A/CDKN1A/TNFSF13B/SLC39A10/PLA2G2A/CLCF1/IRF1/TNFSF9/CD274/JAK2/ARG2/ATAD5/PYCARD/NR5A2/TFRC/HELLS/TNFRSF9/LILRB2/MNDA/FCGR3A/NCKAP1L/HLA-DRB1/IL4I1/LEF1/IDO1/CD38,40,FDR,B_higher,GO_BP,NA,NA,lymphocyte proliferation
GO:0050863,regulation of T cell activation,48/1146,404/18860,0.1188118811881188,1.955315950443212,4.936989910905036,6.7207022776999385e-6,1.9930615976867928e-4,1.5386871004207753e-4,CD55/LYN/TNFRSF1B/IL18/ANXA1/FANCD2/LGALS3/HHLA2/RIPK3/CARD11/IL20RB/FANCA/MAP3K8/DUSP10/STAT5A/TNFSF13B/SOCS6/IL2RG/MDK/PLA2G2A/VNN1/IRF1/TNFSF9/CD274/ASCL2/BATF/JAK2/ARG2/DPP4/CD5/PYCARD/NR5A2/NOD2/TFRC/TNFRSF9/ADAM8/FGL2/LILRB2/NCKAP1L/HLA-DRB1/IL4I1/LEF1/IDO1/IL4R/PCK1/HLA-DRB4/GPR65/HLA-DRB3,48,FDR,B_higher,GO_BP,NA,NA,regulation of T cell activation
GO:0000086,G2/M transition of mitotic cell cycle,24/1146,145/18860,0.16551724137931034,2.723957393031233,5.300403504935914,6.789787606110754e-6,2.0024246542220555e-4,1.5459155846422564e-4,MELK/CALM2/AURKA/CHEK2/CCNA2/CDC25B/FOXM1/CDC25A/CHEK1/HUS1/ORC1/BIRC5/CCNB1/CDC20/SKP2/BRCA1/CDC6/CDKN1A/KIF14/CLSPN/CENPF/FBXO5/BLM/DTL,24,FDR,B_higher,GO_BP,NA,NA,G2/M transition of mitotic cell cycle
GO:0019627,urea metabolic process,7/1146,14/18860,0.5,8.228621291448517,6.881818524042729,7.061262430150672e-6,2.0597278061281033e-4,1.5901548699476494e-4,AGMAT/OTC/CPS1/ARG2/ASS1/NAGS/NR1H4,7,FDR,B_higher,GO_BP,NA,NA,urea metabolic process
GO:0051255,spindle midzone assembly,7/1146,14/18860,0.5,8.228621291448517,6.881818524042729,7.061262430150672e-6,2.0597278061281033e-4,1.5901548699476494e-4,CDCA8/KIF4A/BIRC5/KIF23/INCENP/RACGAP1/PRC1,7,FDR,B_higher,GO_BP,NA,NA,spindle midzone assembly
GO:0050817,coagulation,34/1146,248/18860,0.13709677419354838,2.256234870235883,5.065163651617328,7.412320294025646e-6,2.1503785722559184e-4,1.660139242054371e-4,F12/ANXA2/CEACAM1/LYN/CD9/ITPK1/PRRG1/EPHB2/F3/TFPI/SEMG1/CYP4F2/DGKG/ADRA2A/PLA2G4A/ENTPD2/HPSE/F2RL1/PLAUR/SAA1/EMILIN2/HSPB1/ITGA2/SRF/JAK2/F2RL2/HNF4A/TFPI2/PROCR/PDPN/PF4/SELP/SERPINE2/PLEK,34,FDR,B_higher,GO_BP,NA,NA,coagulation
GO:0046486,glycerolipid metabolic process,47/1146,394/18860,0.11928934010152284,1.963173607604468,4.914276496674523,7.511451699660447e-6,2.1673583336641872e-4,1.673247988857505e-4,INPP1/SCARB1/MFSD2A/INPP4A/PCSK9/LIPG/HTR2B/PLA2G3/CIDEC/LPCAT1/APOBEC1/GDPD3/PLCB3/PITPNM1/AGPAT2/MGLL/ABHD3/DGKG/FITM2/PLA2G4A/APOBR/LDLR/PLA2G4F/PNPLA3/GK5/GK/LPGAT1/PLD1/MOGAT3/PLA2G2A/CPS1/PLA2G7/AGMO/CIDEB/PCK2/APOC2/MOGAT2/MTTP/DGAT1/PLB1/APOC3/PIK3R3/NR1H4/APOA4/APOB/PCK1/PLA2G4D,47,FDR,B_higher,GO_BP,NA,NA,glycerolipid metabolic process
GO:0032309,icosanoid secretion,12/1146,44/18860,0.2727272727272727,4.4883388862446445,5.89216193677008,8.209293931979952e-6,2.355979086500483e-4,1.8188673312790897e-4,TNFRSF11A/PLA2G3/ANXA1/CYP4F2/PLA2G4A/PLA2G4F/NMUR2/PLA2G2A/BDKRB2/NOS2/PLA2R1/PLA2G12B,12,FDR,B_higher,GO_BP,NA,NA,icosanoid secretion
GO:0007599,hemostasis,34/1146,250/18860,0.136,2.2381849912739966,5.012745687752116,8.834016569160205e-6,2.52171018428755e-4,1.946815359879663e-4,F12/ANXA2/CEACAM1/LYN/CD9/ITPK1/PRRG1/EPHB2/F3/TFPI/CYP4F2/DGKG/ADRA2A/PLA2G4A/ENTPD2/HPSE/F2RL1/PLAUR/SAA1/EMILIN2/HSPB1/ITGA2/SRF/JAK2/F2RL2/HNF4A/TFPI2/PROCR/PDPN/NFE2/PF4/SELP/SERPINE2/PLEK,34,FDR,B_higher,GO_BP,NA,NA,hemostasis
GO:0034508,centromere complex assembly,10/1146,31/18860,0.3225806451612903,5.308787929966785,6.106827569956285,9.033241494417337e-6,2.564863994531901e-4,1.9801310442689736e-4,CENPA/CENPK/CENPW/CENPI/OIP5/CENPO/CENPE/DLGAP5/CENPF/HJURP,10,FDR,B_higher,GO_BP,NA,NA,centromere complex assembly
GO:0045931,positive regulation of mitotic cell cycle,23/1146,138/18860,0.16666666666666666,2.742873763816172,5.2266410368372105,9.323149326394342e-6,2.6331730743012167e-4,2.032867146356661e-4,AURKA/ANXA1/CDC25B/SKA1/ESPL1/RRM2/CDC25A/SKA3/CHEK1/STIL/BIRC5/CCNB1/CDC20/STAT5A/DLGAP5/CDC6/BRCA2/FBXO5/CCNE2/UBE2C/CCND2/MEIS2/DTL,23,FDR,B_higher,GO_BP,NA,NA,positive regulation of mitotic cell cycle
GO:0043085,positive regulation of catalytic activity,40/1146,318/18860,0.12578616352201258,2.0700934066537147,4.8949727527177345,1.0171100442800718e-5,2.857543903351065e-4,2.2060863287293528e-4,ADORA2B/S100A10/RHOC/GCH1/CDH3/MAP2K3/ECT2/XRCC4/RIPK3/CARD14/EPHA2/NEDD9/SEMG1/EZH2/UBE2S/CDC20/CENPE/TPX2/F2RL1/DSCC1/CDKN1A/KIF14/CLSPN/MMD/TGM2/SH3BP1/RFC3/RTN4R/UBE2C/JAK2/CHI3L1/ARHGAP11A/CHP2/S100A12/EREG/ADORA3/GBA3/HLA-DRB1/TNF/RGS1,40,FDR,B_higher,GO_BP,NA,NA,positive regulation of catalytic activity
GO:0001932,regulation of protein phosphorylation,46/1146,387/18860,0.11886304909560724,1.956158033109208,4.834034709067672,1.028122320843069e-5,2.8733596589844516e-4,2.2182964376415623e-4,CEACAM1/LYN/IL18/PRR5L/MAP2K3/ECT2/NT5DC2/GPRC5A/SFN/CDKN3/CDC25A/RIPK3/CARD14/ZFYVE28/NEDD9/EZH2/PARP9/CENPE/TPX2/LIF/CDC6/CDKN1A/KIF14/CLSPN/MMD/PLAUR/PARP14/STK38/HSPB1/CCNE2/BANK1/INCA1/JAK2/CHI3L1/BLM/SESN2/PYCARD/AGT/S100A12/EREG/TNFRSF18/HLA-DRB1/TNF/SAMSN1/FGR/INSM1,46,FDR,B_higher,GO_BP,NA,NA,regulation of protein phosphorylation
GO:0032943,mononuclear cell proliferation,40/1146,319/18860,0.12539184952978055,2.0636040856297218,4.8730636095938955,1.0964035134395754e-5,3.0482301847606526e-4,2.3533003043398783e-4,CD55/LYN/TNFRSF1B/IL18/ANXA1/EPHB2/LGALS3/HHLA2/MYD88/RIPK3/GAL/CARD11/IL20RB/BST1/STAT5A/CDKN1A/TNFSF13B/SLC39A10/PLA2G2A/CLCF1/IRF1/TNFSF9/CD274/JAK2/ARG2/ATAD5/PYCARD/NR5A2/TFRC/HELLS/TNFRSF9/LILRB2/MNDA/FCGR3A/NCKAP1L/HLA-DRB1/IL4I1/LEF1/IDO1/CD38,40,FDR,B_higher,GO_BP,NA,NA,mononuclear cell proliferation
GO:0042770,signal transduction in response to DNA damage,29/1146,200/18860,0.145,2.38630017452007,5.013139328004727,1.1608594649869852e-5,3.2107087171505324e-4,2.4787372813875363e-4,LYN/CHEK2/FANCD2/GTSE1/FOXM1/RAD51/CHEK1/HUS1/PARP9/FBXO6/BRCA1/CDKN1A/CLSPN/BRCA2/STK38/NEK11/E2F1/BATF/BRIP1/SNAI1/E2F7/BLM/SESN2/ATAD5/PML/DTL/MSX1/WDR76/PLA2R1,29,FDR,B_higher,GO_BP,NA,NA,signal transduction in response to DNA damage
GO:1903037,regulation of leukocyte cell-cell adhesion,47/1146,401/18860,0.1172069825436409,1.9289037441300765,4.782248434885388,1.1976299313381396e-5,3.2696227019476617e-4,2.52422016488042e-4,CD55/LYN/IL18/ANXA1/LGALS3/HHLA2/CARD11/IL20RB/MAP3K8/DUSP10/STAT5A/TNFSF13B/FUT4/SOCS6/IL2RG/MDK/PLA2G2A/VNN1/IRF1/TNFSF9/CD274/ASCL2/JAK2/ARG2/DPP4/CD5/ASS1/PYCARD/NR5A2/NOD2/TFRC/ADAM8/FGL2/LILRB2/NCKAP1L/HLA-DRB1/IL4I1/TNF/LEF1/IDO1/SELP/CCL25/IL4R/PCK1/HLA-DRB4/GPR65/HLA-DRB3,47,FDR,B_higher,GO_BP,NA,NA,regulation of leukocyte cell-cell adhesion
GO:0022409,positive regulation of cell-cell adhesion,42/1146,343/18860,0.12244897959183672,2.015172561171066,4.826084663837222,1.2003397556779074e-5,3.2696227019476617e-4,2.52422016488042e-4,CEACAM6/CD55/FUT3/LYN/IL18/ANXA1/HHLA2/PKP3/CARD11/MAP3K8/DUSP10/STAT5A/TNFSF13B/FUT4/PLAUR/EMILIN2/IL2RG/MDK/VNN1/TNFSF9/CD274/JAK2/DPP4/CD5/PYCARD/NR5A2/NOD2/TFRC/ADAM8/LILRB2/PDPN/NCKAP1L/HLA-DRB1/IL4I1/TNF/LEF1/SELP/IL4R/PCK1/HLA-DRB4/GPR65/HLA-DRB3,42,FDR,B_higher,GO_BP,NA,NA,positive regulation of cell-cell adhesion
GO:0051302,regulation of cell division,28/1146,190/18860,0.14736842105263157,2.4252778543216675,5.022240403811787,1.2005358740759491e-5,3.2696227019476617e-4,2.52422016488042e-4,CALM2/HTR2B/AURKA/ECT2/CDC25B/SFN/CDCA8/MACC1/TLE6/BIRC5/KIF23/SVIL/KIF20A/KIF20B/INCENP/RACGAP1/PRC1/ASPM/CDC6/KIF14/BRCA2/MDK/E2F7/BLM/KIF13A/PAX6/EREG/INSC,28,FDR,B_higher,GO_BP,NA,NA,regulation of cell division
GO:0007596,blood coagulation,33/1146,243/18860,0.13580246913580246,2.2349341779242886,4.928167003850554,1.228337150797068e-5,3.3177356277337255e-4,2.561364394821151e-4,F12/ANXA2/CEACAM1/LYN/CD9/ITPK1/PRRG1/EPHB2/F3/TFPI/CYP4F2/DGKG/ADRA2A/PLA2G4A/ENTPD2/HPSE/F2RL1/PLAUR/SAA1/EMILIN2/HSPB1/ITGA2/SRF/JAK2/F2RL2/HNF4A/TFPI2/PROCR/PDPN/PF4/SELP/SERPINE2/PLEK,33,FDR,B_higher,GO_BP,NA,NA,blood coagulation
GO:0003073,regulation of systemic arterial blood pressure,20/1146,112/18860,0.17857142857142858,2.9387933183744703,5.234273025340199,1.2306325483163688e-5,3.3177356277337255e-4,2.561364394821151e-4,GPR37L1/PCSK5/NMU/PREP/EDN3/PLCB3/CYP4F2/KCNK6/F2RL1/CTSZ/CYBA/ACE2/CYP4F12/ANPEP/KLK1/HSD11B2/AGT/MME/TNF/SLC2A5,20,FDR,B_higher,GO_BP,NA,NA,regulation of systemic arterial blood pressure
GO:0009913,epidermal cell differentiation,34/1146,255/18860,0.13333333333333333,2.1942990110529377,4.883842441210598,1.3551085444593229e-5,3.634959502675309e-4,2.8062681573965884e-4,ST14/PLS1/CDH3/ANXA1/SFN/VDR/EPHA2/EZH2/CYP27B1/TFAP2C/KRT80/KRT6B/MAFF/BCL11B/CDKN1A/KRT7/SLC4A7/MSX2/ABCA12/SULT2B1/OVOL1/HES5/KRT14/KRT6C/ETV4/PAX6/SCEL/EREG/KRT17/REG3G/KRT6A/KRT16/CDSN/REG3A,34,FDR,B_higher,GO_BP,NA,NA,epidermal cell differentiation
GO:0045859,regulation of protein kinase activity,32/1146,234/18860,0.13675213675213677,2.2505630882594234,4.8960636392439225,1.4341674645001692e-5,3.82190048862805e-4,2.950590683082333e-4,CEACAM1/LYN/MAP2K3/ECT2/GPRC5A/SFN/CDKN3/CDC25A/RIPK3/CARD14/ZFYVE28/NEDD9/EZH2/CENPE/TPX2/CDC6/CDKN1A/KIF14/CLSPN/MMD/STK38/CCNE2/INCA1/JAK2/CHI3L1/BLM/PYCARD/AGT/S100A12/EREG/TNF/FGR,32,FDR,B_higher,GO_BP,NA,NA,regulation of protein kinase activity
GO:1905954,positive regulation of lipid localization,19/1146,104/18860,0.18269230769230768,3.006611625721573,5.219191121961414,1.4391195170742564e-5,3.82190048862805e-4,2.950590683082333e-4,ANXA2/SCARB1/TNFRSF11A/LIPG/PLA2G3/XRCC4/PLIN3/GAL/CYP4F2/ACSL5/LRP1/PLA2G4A/MYB/IKBKE/ABCA12/SPP1/PLA2R1/TREM2/APOB,19,FDR,B_higher,GO_BP,NA,NA,positive regulation of lipid localization
GO:0043549,regulation of kinase activity,34/1146,256/18860,0.1328125,2.1857275305410124,4.858419818406095,1.4735024976919311e-5,3.893839768653232e-4,3.006129379084894e-4,CEACAM1/LYN/MAP2K3/ECT2/GPRC5A/SFN/CDKN3/CDC25A/RIPK3/CARD14/ZFYVE28/NEDD9/EZH2/CENPE/TPX2/CDC6/CDKN1A/KIF14/CLSPN/MMD/STK38/CCNE2/INCA1/JAK2/CHI3L1/NLRC5/BLM/PYCARD/AGT/S100A12/EREG/HLA-DRB1/TNF/FGR,34,FDR,B_higher,GO_BP,NA,NA,regulation of kinase activity
GO:0051251,positive regulation of lymphocyte activation,42/1146,346/18860,0.1213872832369942,1.9976999667100444,4.764103591931972,1.484713301369871e-5,3.904137735326291e-4,3.014079634359888e-4,CD55/LYN/IL18/ANXA1/EPHB2/HHLA2/MYD88/CARD11/MAP3K8/DUSP10/BST1/STAT5A/CDKN1A/TNFSF13B/SLC39A10/IL2RG/MDK/CLCF1/VNN1/TNFSF9/CD274/JAK2/DPP4/CD5/ATAD5/PYCARD/NR5A2/NOD2/TFRC/ADAM8/LILRB2/FCGR3A/NCKAP1L/HLA-DRB1/IL4I1/LEF1/CD38/IL4R/PCK1/HLA-DRB4/GPR65/HLA-DRB3,42,FDR,B_higher,GO_BP,NA,NA,positive regulation of lymphocyte activation
GO:1901992,positive regulation of mitotic cell cycle phase transition,19/1146,105/18860,0.18095238095238095,2.9779772292861297,5.169525974891918,1.6584342670888063e-5,4.3243638623664414e-4,3.338503386082826e-4,ANXA1/CDC25B/SKA1/ESPL1/RRM2/CDC25A/SKA3/CHEK1/STIL/BIRC5/CCNB1/CDC20/DLGAP5/CDC6/FBXO5/CCNE2/UBE2C/CCND2/DTL,19,FDR,B_higher,GO_BP,NA,NA,positive regulation of mitotic cell cycle phase transition
GO:0032465,regulation of cytokinesis,18/1146,96/18860,0.1875,3.0857329842931938,5.211046307665009,1.660724225899439e-5,4.3243638623664414e-4,3.338503386082826e-4,CALM2/AURKA/ECT2/CDC25B/CDCA8/BIRC5/KIF23/SVIL/KIF20A/KIF20B/INCENP/RACGAP1/PRC1/CDC6/KIF14/BRCA2/E2F7/KIF13A,18,FDR,B_higher,GO_BP,NA,NA,regulation of cytokinesis
GO:0006953,acute-phase response,12/1146,47/18860,0.2553191489361702,4.20184917010137,5.590029371913295,1.7168951834928915e-5,4.406147350713969e-4,3.401642025999327e-4,TNFRSF11A/IL1RN/SAA2/SAA1/ASS1/APOL2/TFRC/LCN2/REG3G/SERPINA3/TNF/REG3A,12,FDR,B_higher,GO_BP,NA,NA,acute-phase response
GO:0045840,positive regulation of mitotic nuclear division,12/1146,47/18860,0.2553191489361702,4.20184917010137,5.590029371913295,1.7168951834928915e-5,4.406147350713969e-4,3.401642025999327e-4,AURKA/SKA1/ESPL1/EDN3/SKA3/CDC20/DLGAP5/UBE2C/HOXA13/NUSAP1/EREG/TNF,12,FDR,B_higher,GO_BP,NA,NA,positive regulation of mitotic nuclear division
GO:0070328,triglyceride homeostasis,12/1146,47/18860,0.2553191489361702,4.20184917010137,5.590029371913295,1.7168951834928915e-5,4.406147350713969e-4,3.401642025999327e-4,SCARB1/IL18/FITM2/ABCG5/APOC2/SESN2/ABCG8/HNF4A/MLXIPL/APOC3/NR1H4/PLA2G12B,12,FDR,B_higher,GO_BP,NA,NA,triglyceride homeostasis
GO:0050671,positive regulation of lymphocyte proliferation,24/1146,153/18860,0.1568627450980392,2.581528248297574,4.99590204580351,1.7281494070185252e-5,4.413809346729611e-4,3.4075572543326753e-4,CD55/IL18/ANXA1/EPHB2/HHLA2/MYD88/CARD11/BST1/STAT5A/CDKN1A/TNFSF13B/SLC39A10/CLCF1/TNFSF9/CD274/JAK2/ATAD5/PYCARD/NR5A2/TFRC/LILRB2/FCGR3A/NCKAP1L/CD38,24,FDR,B_higher,GO_BP,NA,NA,positive regulation of lymphocyte proliferation
GO:0055088,lipid homeostasis,28/1146,194/18860,0.14432989690721648,2.375272125366582,4.897305466522462,1.7817181409739355e-5,4.518184121277149e-4,3.48813686079944e-4,MALL/SCARB1/TM6SF2/PCSK9/LIPG/IL18/SEC24A/FITM2/LDLR/PNPLA3/NPC1L1/RAB30/ABCG5/ABCA12/APOC2/SESN2/ABCG8/HNF4A/NR5A2/MLXIPL/MTTP/DGAT1/APOC3/NR1H4/APOA4/TREM2/APOB/PLA2G12B,28,FDR,B_higher,GO_BP,NA,NA,lipid homeostasis
GO:0042325,regulation of phosphorylation,49/1146,431/18860,0.1136890951276102,1.8710090175451384,4.6526857464954485,1.7859438920747068e-5,4.518184121277149e-4,3.48813686079944e-4,CEACAM1/LYN/IL18/PRR5L/MAP2K3/ECT2/NT5DC2/GPRC5A/SFN/CDKN3/CDC25A/RIPK3/AREG/CARD14/ZFYVE28/NEDD9/EZH2/PARP9/CENPE/TPX2/LIF/CDC6/CDKN1A/KIF14/CLSPN/MMD/PLAUR/PARP14/STK38/HSPB1/CCNE2/BANK1/INCA1/JAK2/CHI3L1/NLRC5/BLM/SESN2/PYCARD/AGT/S100A12/EREG/TNFRSF18/HLA-DRB1/TNF/SAMSN1/INHBA/FGR/INSM1,49,FDR,B_higher,GO_BP,NA,NA,regulation of phosphorylation
GO:0010744,positive regulation of macrophage derived foam cell differentiation,8/1146,21/18860,0.380952380952381,6.2694257458655365,6.145218541328259,1.8098448617413504e-5,4.557052769799683e-4,3.5181443067117113e-4,IL18/PLA2G3/PLA2G2A/AGT/CSF2/TNF/PF4/APOB,8,FDR,B_higher,GO_BP,NA,NA,positive regulation of macrophage derived foam cell differentiation
GO:0045216,cell-cell junction organization,31/1146,226/18860,0.13716814159292037,2.2574093808398583,4.836945443511673,1.8266780242557552e-5,4.577843799754563e-4,3.534195436106391e-4,CLDN2/GJB2/CLDN4/RHOC/WDR1/CD9/CLDN7/CDH3/ECT2/EPHB2/CLDN1/EXT1/PLEKHA7/ZNF703/PKP3/VDR/EPHA2/MARVELD3/F2RL1/CDH17/CLDN3/CLDN23/ACE2/SRF/SNAI1/CLDN15/AGT/DSG3/CNTNAP2/TNF/NR1H4,31,FDR,B_higher,GO_BP,NA,NA,cell-cell junction organization
GO:0007080,mitotic metaphase chromosome alignment,14/1146,63/18860,0.2222222222222222,3.657165018421563,5.3732599211039345,1.9539695924335368e-5,4.871944677290973e-4,3.761247739463659e-4,KIF18A/SKA1/CDCA8/KIF22/SKA3/NUF2/BIRC5/CCNB1/CENPE/PSRC1/INCENP/KIF14/KIFC1/CDT1,14,FDR,B_higher,GO_BP,NA,NA,mitotic metaphase chromosome alignment
GO:0000910,cytokinesis,28/1146,195/18860,0.14358974358974358,2.3630912426723945,4.866554093582891,1.9622856980471324e-5,4.871944677290973e-4,3.761247739463659e-4,RHOC/CFL1/CALM2/AURKA/ECT2/CDC25B/ESPL1/CDCA8/CENPA/KIF4A/ANLN/CEP55/LUZP1/BIRC5/KIF23/SVIL/KIF20A/KIF20B/INCENP/RACGAP1/PRC1/CDC6/KIF14/BRCA2/IQGAP3/NUSAP1/E2F7/KIF13A,28,FDR,B_higher,GO_BP,NA,NA,cytokinesis
GO:0002468,dendritic cell antigen processing and presentation,7/1146,16/18860,0.4375,7.200043630017452,6.310467118140088,2.1130133325463706e-5,5.197818050291486e-4,4.012829103526093e-4,NOD1/CD68/NOD2/CLEC4A/FGL2/HLA-DRB1/HLA-DRB3,7,FDR,B_higher,GO_BP,NA,NA,dendritic cell antigen processing and presentation
GO:0071941,nitrogen cycle metabolic process,7/1146,16/18860,0.4375,7.200043630017452,6.310467118140088,2.1130133325463706e-5,5.197818050291486e-4,4.012829103526093e-4,AGMAT/OTC/CPS1/ARG2/ASS1/NAGS/NR1H4,7,FDR,B_higher,GO_BP,NA,NA,nitrogen cycle metabolic process
GO:0010212,response to ionizing radiation,23/1146,145/18860,0.15862068965517245,2.6104591683215985,4.9514468599012105,2.1381823060600863e-5,5.221369056997077e-4,4.031010995275887e-4,BAK1/ECT2/RAD51AP1/CHEK2/XRCC4/FANCD2/RAD54L/APOBEC1/RAD51/HUS1/FIGNL1/BRCA1/CDKN1A/CYBA/BRCA2/ABCG5/IKBIP/CCND2/BLM/PML/CXCL10/LCN2/TNF,23,FDR,B_higher,GO_BP,NA,NA,response to ionizing radiation
GO:0140694,membraneless organelle assembly,50/1146,446/18860,0.11210762331838564,1.844982352342717,4.593400544548278,2.1421502875278376e-5,5.221369056997077e-4,4.031010995275887e-4,VIL1/KRT19/WDR1/GPSM2/CEP72/PLS1/KIF2A/AURKA/PLK4/CHEK2/SKA1/CDCA8/CENPA/KIF4A/ANLN/CENPK/MYBL2/SPAG5/CENPW/SKA3/STIL/BIRC5/NEK2/KIF23/FITM2/CDC20/CENPE/INCENP/BRCA1/TPX2/DLGAP5/CCNB2/RACGAP1/PRC1/ASPM/KIF11/DIAPH3/CENPF/KIFC1/KIF15/SQLE/RCC1/SH3PXD2B/FBXO5/MYPN/SRF/UHRF1/HCK/CSF2/TNF,50,FDR,B_higher,GO_BP,NA,NA,membraneless organelle assembly
GO:0032946,positive regulation of mononuclear cell proliferation,24/1146,155/18860,0.15483870967741936,2.548218206384057,4.9228032878959755,2.155992977505295e-5,5.231222960874212e-4,4.038618424369967e-4,CD55/IL18/ANXA1/EPHB2/HHLA2/MYD88/CARD11/BST1/STAT5A/CDKN1A/TNFSF13B/SLC39A10/CLCF1/TNFSF9/CD274/JAK2/ATAD5/PYCARD/NR5A2/TFRC/LILRB2/FCGR3A/NCKAP1L/CD38,24,FDR,B_higher,GO_BP,NA,NA,positive regulation of mononuclear cell proliferation
GO:0002752,cell surface pattern recognition receptor signaling pathway,17/1146,89/18860,0.19101123595505615,3.1435182461713436,5.155512000015881,2.199888029507544e-5,5.313575702041298e-4,4.102196539900946e-4,IRAK2/LYN/OAS1/S100A14/TRAF3/MYD88/IFI35/LILRA2/PIK3AP1/F2RL1/MFHAS1/CYBA/FFAR2/TLR1/TREM2/FCN1/BPIFB1,17,FDR,B_higher,GO_BP,NA,NA,cell surface pattern recognition receptor signaling pathway
GO:0002688,regulation of leukocyte chemotaxis,21/1146,126/18860,0.16666666666666666,2.742873763816172,4.992628664605517,2.2497493840323627e-5,5.409532527912051e-4,4.176277306062921e-4,LYN/S100A14/EDN3/NEDD9/MCU/BST1/F2RL1/MDK/CCR6/PADI2/PLA2G7/DPP4/CXCL10/C5AR1/FPR2/RIN3/NCKAP1L/CCR1/SLAMF8/TNFAIP6/CCL3,21,FDR,B_higher,GO_BP,NA,NA,regulation of leukocyte chemotaxis
GO:0033260,nuclear DNA replication,11/1146,41/18860,0.2682926829268293,4.4153577661431065,5.568307107765753,2.3152498870867533e-5,5.542064527923358e-4,4.2785949058034647e-4,RAD51/GINS1/CDC45/FEN1/MCM4/BRCA2/TK1/BLM/ATAD5/CDT1/DACH1,11,FDR,B_higher,GO_BP,NA,NA,nuclear DNA replication
GO:0034381,plasma lipoprotein particle clearance,14/1146,64/18860,0.21875,3.600021815008726,5.299410715689122,2.3626860080243e-5,5.63036513876505e-4,4.346764906680044e-4,ANXA2/SCARB1/PCSK9/LIPG/APOBEC1/A1CF/CES3/HMOX1/LDLR/APOC2/APOC3/NR1H4/TREM2/APOB,14,FDR,B_higher,GO_BP,NA,NA,plasma lipoprotein particle clearance
GO:1903557,positive regulation of tumor necrosis factor superfamily cytokine production,20/1146,117/18860,0.17094017094017094,2.813203860324279,5.003954270742715,2.3955349609878357e-5,5.68327360966803e-4,4.387611402230352e-4,OAS3/OAS1/EPHB2/MYD88/NOD1/LILRA2/CYBA/HSPB1/OAS2/TMEM106A/JAK2/PYCARD/NOD2/CARD9/TLR1/ADAM8/FCGR2C/FCGR3A/PF4/CCL3,20,FDR,B_higher,GO_BP,NA,NA,positive regulation of tumor necrosis factor superfamily cytokine production
GO:0070371,ERK1 and ERK2 cascade,40/1146,331/18860,0.12084592145015106,1.988790644458856,4.616211236301684,2.6090650604512372e-5,6.162473138357833e-4,4.757563908554539e-4,CEACAM1/LYN/TNFRSF11A/HTR2B/FAM83D/EPHB2/EPHA2/NOD1/GBP1/DUSP10/F2RL1/MFHAS1/LIF/ARHGAP8/PLA2G2A/ACE2/NPSR1/PTPRR/IQGAP3/SEMA7A/CHI3L1/DUSP5/PYCARD/NPNT/NOD2/P2RY6/CARD9/SLC30A10/C5AR1/FPR2/NEURL3/CCR1/HLA-DRB1/TNF/TREM2/ICAM1/CCL3/INHBA/SEMA6A/GCG,40,FDR,B_higher,GO_BP,NA,NA,ERK1 and ERK2 cascade
GO:0098773,skin epidermis development,22/1146,137/18860,0.1605839416058394,2.642768881925071,4.908427170653892,2.6362364488996713e-5,6.199220336663632e-4,4.7859335485472826e-4,CLDN4/IL18/CDH3/CLDN1/SFN/EXT1/PKP3/GAL/EDAR/TFAP2C/FERMT1/HPSE/MSX2/SRF/ABCA12/GRHL3/SNAI1/KRT17/KRT16/TNF/DKK4/INHBA,22,FDR,B_higher,GO_BP,NA,NA,skin epidermis development
GO:0097028,dendritic cell differentiation,12/1146,49/18860,0.24489795918367344,4.030345122342131,5.402285223109843,2.7082082059600044e-5,6.340533071673029e-4,4.895030067559288e-4,LYN/TRPM2/F2RL1/BATF/ITGB8/BATF3/UBD/TMEM176B/LILRB2/CSF2/TREM2/TMEM176A,12,FDR,B_higher,GO_BP,NA,NA,dendritic cell differentiation
GO:0002703,regulation of leukocyte mediated immunity,34/1146,264/18860,0.12878787878787878,2.1194933629488606,4.659153691278388,2.8202976534605287e-5,6.57412614592677e-4,5.075369024729015e-4,ADORA2B/CEACAM1/CD55/LYN/TNFRSF1B/IL18/PLA2G3/RIPK3/IL20RB/STAT5A/F2RL1/IL13RA2/CLCF1/CD274/RSAD2/ATAD5/NOD2/NOS2/TFRC/ULBP2/BST2/DNASE1L3/C4BPA/NCKAP1L/HLA-DRB1/IL4I1/TNF/SH2D1B/TREM2/ICAM1/SERPINB9/IL4R/FGR/HLA-DRB3,34,FDR,B_higher,GO_BP,NA,NA,regulation of leukocyte mediated immunity
GO:0015909,long-chain fatty acid transport,14/1146,65/18860,0.2153846153846154,3.544636864008592,5.227025835561005,2.8446953977564775e-5,6.60216697096699e-4,5.097017154332544e-4,MFSD2A/SLC27A2/PLA2G3/ANXA1/SLC27A4/ACSL5/PLA2G4A/PLA2G4F/NMUR2/PLA2G2A/BDKRB2/FABP2/PLA2R1/PLA2G12B,14,FDR,B_higher,GO_BP,NA,NA,long-chain fatty acid transport
GO:0002822,regulation of adaptive immune response based on somatic recombination of immune receptors built from immunoglobulin superfamily domains,29/1146,210/18860,0.1380952380952381,2.272666832876258,4.71713466031118,2.9609782876942477e-5,6.842295281260561e-4,5.28240145651537e-4,CEACAM1/CD55/TNFRSF1B/IL18/ANXA1/EPHB2/RIPK3/IL20RB/PLA2G4A/STAT5A/TNFSF13B/CLCF1/CD274/ASCL2/BATF/JAK2/RSAD2/ATAD5/CARD9/TFRC/ULBP2/C4BPA/NCKAP1L/HLA-DRB1/IL4I1/TNF/TREM2/IL4R/HLA-DRB3,29,FDR,B_higher,GO_BP,NA,NA,regulation of adaptive immune response based on somatic recombination of immune receptors built from immunoglobulin superfamily domains
GO:0002699,positive regulation of immune effector process,35/1146,276/18860,0.12681159420289856,2.086969168121001,4.626957251159586,3.0065605440607385e-5,6.917681113877682e-4,5.340600966423681e-4,ADORA2B/CD55/IL18/PLA2G3/ANXA1/EPHB2/MYD88/NOD1/RBP4/STAT5A/F2RL1/IL2RG/FFAR2/CLCF1/SEMA7A/RSAD2/ATAD5/PYCARD/KLK7/NOD2/CARD9/DDX60/NOS2/TFRC/ULBP2/HLA-DRB1/TNF/SH2D1B/TREM2/IL4R/PCK1/FGR/FCN1/GPR65/HLA-DRB3,35,FDR,B_higher,GO_BP,NA,NA,positive regulation of immune effector process
GO:0014013,regulation of gliogenesis,19/1146,110/18860,0.17272727272727273,2.842614627954942,4.929734611784336,3.270287288114539e-5,7.492186070367128e-4,5.784131345366353e-4,GPR37L1/LYN/TNFRSF1B/ZNF488/EZH2/CLCN2/DUSP10/LDLR/LIF/MYB/MDK/CLCF1/E2F1/ASCL2/HES5/TTBK1/TNF/TREM2/SERPINE2,19,FDR,B_higher,GO_BP,NA,NA,regulation of gliogenesis
GO:0000050,urea cycle,6/1146,12/18860,0.5,8.228621291448517,6.370987866337208,3.3411966163040064e-5,7.542576770653548e-4,5.823034066989143e-4,AGMAT/OTC/CPS1/ARG2/ASS1/NAGS,6,FDR,B_higher,GO_BP,NA,NA,urea cycle
GO:0034135,regulation of toll-like receptor 2 signaling pathway,6/1146,12/18860,0.5,8.228621291448517,6.370987866337208,3.3411966163040064e-5,7.542576770653548e-4,5.823034066989143e-4,LYN/F2RL1/MFHAS1/CYBA/TLR1/TREM2,6,FDR,B_higher,GO_BP,NA,NA,regulation of toll-like receptor 2 signaling pathway
GO:0034379,very-low-density lipoprotein particle assembly,6/1146,12/18860,0.5,8.228621291448517,6.370987866337208,3.3411966163040064e-5,7.542576770653548e-4,5.823034066989143e-4,MFSD2A/CIDEB/MTTP/DGAT1/APOC3/APOB,6,FDR,B_higher,GO_BP,NA,NA,very-low-density lipoprotein particle assembly
GO:0033044,regulation of chromosome organization,32/1146,244/18860,0.13114754098360656,2.158326896117644,4.632081452668115,3.348802350402568e-5,7.542576770653548e-4,5.823034066989143e-4,TRIP13/ZWILCH/SKA1/ESPL1/MAD2L1/CDCA8/SPC25/BUB1/SKA3/NCAPG/NUF2/RUVBL1/TACC3/BIRC5/NEK2/CCNB1/FEN1/CDC20/CENPE/INCENP/NCAPG2/DLGAP5/BUB1B/CDC6/CENPF/ZWINT/SPC24/PIF1/GEN1/FBXO5/UBE2C/PML,32,FDR,B_higher,GO_BP,NA,NA,regulation of chromosome organization
GO:0043297,apical junction assembly,16/1146,83/18860,0.1927710843373494,3.1724804979078622,5.045162377577188,3.383593893953784e-5,7.588917733582057e-4,5.858810302887688e-4,CLDN2/CLDN4/RHOC/WDR1/CLDN7/ECT2/CLDN1/EPHA2/MARVELD3/CLDN3/CLDN23/SRF/SNAI1/CLDN15/DSG3/TNF,16,FDR,B_higher,GO_BP,NA,NA,apical junction assembly
GO:0034134,toll-like receptor 2 signaling pathway,7/1146,17/18860,0.4117647058823529,6.776511651781131,6.0604993532635465,3.403726927201625e-5,7.602131521925638e-4,5.869011636200997e-4,LYN/PIK3AP1/F2RL1/MFHAS1/CYBA/TLR1/TREM2,7,FDR,B_higher,GO_BP,NA,NA,toll-like receptor 2 signaling pathway
GO:1903039,positive regulation of leukocyte cell-cell adhesion,36/1146,289/18860,0.1245674740484429,2.0500371383539555,4.575401971877711,3.421187130929519e-5,7.609290377042405e-4,5.874538428767136e-4,CD55/LYN/IL18/ANXA1/HHLA2/CARD11/MAP3K8/DUSP10/STAT5A/TNFSF13B/FUT4/IL2RG/MDK/VNN1/TNFSF9/CD274/JAK2/DPP4/CD5/PYCARD/NR5A2/NOD2/TFRC/ADAM8/LILRB2/NCKAP1L/HLA-DRB1/IL4I1/TNF/LEF1/SELP/IL4R/PCK1/HLA-DRB4/GPR65/HLA-DRB3,36,FDR,B_higher,GO_BP,NA,NA,positive regulation of leukocyte cell-cell adhesion
GO:0019882,antigen processing and presentation,20/1146,120/18860,0.16666666666666666,2.742873763816172,4.871526630490852,3.497883374257328e-5,7.747593963396522e-4,5.981311819269466e-4,RAB3B/EXT1/NOD1/CD68/PSMB8/CTSS/TAP1/RAB32/PYCARD/NOD2/CLEC4A/ULBP2/FGL2/LILRB2/HLA-DRB1/FAM3D/TREM2/ICAM1/HLA-DRB4/HLA-DRB3,20,FDR,B_higher,GO_BP,NA,NA,antigen processing and presentation
GO:0007249,canonical NF-kappaB signal transduction,42/1146,359/18860,0.116991643454039,1.9253598564949173,4.5024987076919505,3.5832013458077614e-5,7.88295755894832e-4,6.085815472635656e-4,TRIM15/IRAK2/ANXA4/RHOC/TNFRSF11A/PYDC1/HTR2B/ECT2/TRAF3/MYD88/CARD14/NOD1/CANT1/CARD11/OLFM4/EDAR/CASP1/HMOX1/ECM1/F2RL1/TRIM59/HSPB1/LRRC19/TMEM106A/APOL3/IKBKE/STAT1/UBD/PYCARD/NOD2/CARD9/TFRC/S100A12/ADAM8/BST2/PIM2/CCR1/HLA-DRB1/TIFAB/TNF/NR1H4/TREM2,42,FDR,B_higher,GO_BP,NA,NA,canonical NF-kappaB signal transduction
GO:0042634,regulation of hair cycle,9/1146,29/18860,0.3103448275862069,5.107420111933562,5.630212043763801,3.618067819299997e-5,7.88295755894832e-4,6.085815472635656e-4,CDH3/PKP3/GAL/FERMT1/HPSE/MSX2/KRT17/TNF/DKK4,9,FDR,B_higher,GO_BP,NA,NA,regulation of hair cycle
GO:0050482,arachidonate secretion,9/1146,29/18860,0.3103448275862069,5.107420111933562,5.630212043763801,3.618067819299997e-5,7.88295755894832e-4,6.085815472635656e-4,PLA2G3/ANXA1/PLA2G4A/PLA2G4F/NMUR2/PLA2G2A/BDKRB2/PLA2R1/PLA2G12B,9,FDR,B_higher,GO_BP,NA,NA,arachidonate secretion
GO:1903963,arachidonate transport,9/1146,29/18860,0.3103448275862069,5.107420111933562,5.630212043763801,3.618067819299997e-5,7.88295755894832e-4,6.085815472635656e-4,PLA2G3/ANXA1/PLA2G4A/PLA2G4F/NMUR2/PLA2G2A/BDKRB2/PLA2R1/PLA2G12B,9,FDR,B_higher,GO_BP,NA,NA,arachidonate transport
GO:1903706,regulation of hemopoiesis,49/1146,443/18860,0.11060948081264108,1.8203270577019293,4.443986945851192,3.65888023272587e-5,7.939472635077518e-4,6.129446346222414e-4,CEACAM1/LYN/TNFRSF11A/IL18/PLA2G3/ANXA1/FANCD2/HMGB3/NEDD9/TNFRSF11B/CARD11/FANCA/DUSP10/STAT5A/LIF/MYB/ISG15/IL2RG/MDK/VNN1/IRF1/TNFSF9/LILRB3/ASCL2/BATF/STAT1/MEIS2/HOXA9/NFAM1/ADAM8/FGL2/TMEM176B/LILRB2/NCKAP1L/CCR1/HLA-DRB1/IL4I1/TNF/LEF1/SLAMF8/TREM2/PF4/TNFAIP6/CCL3/IL4R/INHBA/PCK1/GPR65/TMEM176A,49,FDR,B_higher,GO_BP,NA,NA,regulation of hemopoiesis
GO:0071675,regulation of mononuclear cell migration,23/1146,150/18860,0.15333333333333332,2.523443862710878,4.764622642194501,3.720889032350749e-5,8.016596759410313e-4,6.188987855315686e-4,LYN/CD9/S100A14/LGALS3/RIPK3/NEDD9/ECM1/MDK/CCR6/PADI2/PLA2G7/ASCL2/CCL20/PYCARD/CXCL10/C5AR1/FPR2/ADAM8/CCR1/TNF/SLAMF8/TREM2/CCL3,23,FDR,B_higher,GO_BP,NA,NA,regulation of mononuclear cell migration
GO:0008630,intrinsic apoptotic signaling pathway in response to DNA damage,19/1146,111/18860,0.17117117117117117,2.817005487162555,4.883396556112067,3.72445859185792e-5,8.016596759410313e-4,6.188987855315686e-4,BAK1/NACC2/TNFRSF1B/CHEK2/SFN/CRIP1/EPHA2/BRCA1/CDKN1A/BRCA2/E2F1/IKBKE/CIDEB/SNAI1/ATAD5/PYCARD/PML/BCL2A1/TNF,19,FDR,B_higher,GO_BP,NA,NA,intrinsic apoptotic signaling pathway in response to DNA damage
GO:0016338,calcium-independent cell-cell adhesion via plasma membrane cell-adhesion molecules,8/1146,23/18860,0.34782608695652173,5.724258289703316,5.7661375983843,3.90964068229248e-5,8.31460635939333e-4,6.419057777804597e-4,CLDN2/CLDN4/CLDN7/CLDN1/CLDN12/CLDN3/CLDN23/CLDN15,8,FDR,B_higher,GO_BP,NA,NA,calcium-independent cell-cell adhesion via plasma membrane cell-adhesion molecules
GO:0090266,regulation of mitotic cell cycle spindle assembly checkpoint,8/1146,23/18860,0.34782608695652173,5.724258289703316,5.7661375983843,3.90964068229248e-5,8.31460635939333e-4,6.419057777804597e-4,SKA1/MAD2L1/CDCA8/SKA3/BIRC5/CCNB1/INCENP/GEN1,8,FDR,B_higher,GO_BP,NA,NA,regulation of mitotic cell cycle spindle assembly checkpoint
GO:1903504,regulation of mitotic spindle checkpoint,8/1146,23/18860,0.34782608695652173,5.724258289703316,5.7661375983843,3.90964068229248e-5,8.31460635939333e-4,6.419057777804597e-4,SKA1/MAD2L1/CDCA8/SKA3/BIRC5/CCNB1/INCENP/GEN1,8,FDR,B_higher,GO_BP,NA,NA,regulation of mitotic spindle checkpoint
GO:0050866,negative regulation of cell activation,31/1146,235/18860,0.13191489361702127,2.1709554045523745,4.59430120888251,3.944274521164495e-5,8.354975156339712e-4,6.450223371077276e-4,CEACAM1/LYN/CD9/ANXA1/HMGB3/LGALS3/GAL/IL20RB/LDLR/STAT5A/SOCS6/MDK/PLA2G2A/IRF1/BANK1/CD274/ASCL2/ARG2/MILR1/FGL2/LILRB2/MNDA/HLA-DRB1/IL4I1/IDO1/SAMSN1/TREM2/IL4R/INHBA/FGR/SERPINE2,31,FDR,B_higher,GO_BP,NA,NA,negative regulation of cell activation
GO:0070372,regulation of ERK1 and ERK2 cascade,37/1146,303/18860,0.12211221122112212,2.009630282399968,4.506331300460679,4.1301089514266045e-5,8.714040151270836e-4,6.727429392483944e-4,CEACAM1/LYN/TNFRSF11A/HTR2B/FAM83D/EPHB2/EPHA2/NOD1/GBP1/DUSP10/F2RL1/MFHAS1/LIF/ARHGAP8/PLA2G2A/ACE2/NPSR1/PTPRR/SEMA7A/CHI3L1/PYCARD/NPNT/NOD2/P2RY6/CARD9/SLC30A10/C5AR1/FPR2/CCR1/HLA-DRB1/TNF/TREM2/ICAM1/CCL3/INHBA/SEMA6A/GCG,37,FDR,B_higher,GO_BP,NA,NA,regulation of ERK1 and ERK2 cascade
GO:0002768,immune response-regulating cell surface receptor signaling pathway,44/1146,385/18860,0.11428571428571428,1.8808277237596611,4.441426050999384,4.157875057907099e-5,8.73808545634177e-4,6.745992893371858e-4,IRAK2/CEACAM1/LYN/OAS1/S100A14/LGALS3/TRAF3/HHLA2/MYD88/MICB/CARD11/GBP1/IFI35/LILRA2/PIK3AP1/F2RL1/MFHAS1/PIGR/SLC39A10/CYBA/FFAR2/LILRA4/BANK1/HCK/NOS2/NFAM1/C5AR1/FPR2/TLR1/BTNL8/FCGR2C/LILRB2/MNDA/FCGR3A/NCKAP1L/BTNL3/HLA-DRB1/FPR1/TREM2/CD38/FGR/FCN1/BPIFB1/HLA-DRB3,44,FDR,B_higher,GO_BP,NA,NA,immune response-regulating cell surface receptor signaling pathway
GO:0042632,cholesterol homeostasis,19/1146,112/18860,0.16964285714285715,2.791853652455747,4.837571467530146,4.2339499340868664e-5,8.863068528688507e-4,6.842482556016547e-4,MALL/SCARB1/PCSK9/LIPG/IL18/SEC24A/LDLR/NPC1L1/ABCG5/APOC2/ABCG8/HNF4A/NR5A2/MTTP/APOC3/NR1H4/APOA4/APOB/PLA2G12B,19,FDR,B_higher,GO_BP,NA,NA,cholesterol homeostasis
GO:0048525,negative regulation of viral process,15/1146,76/18860,0.1973684210526316,3.24813998346652,4.994930214121485,4.4328456872768336e-5,9.243175890110836e-4,7.135933744115463e-4,TRIM15/IL32/OAS3/TRIM14/OAS1/ISG15/OAS2/STAT1/RSAD2/IFIT1/MX1/TRIM31/BST2/APOBEC3B/TNF,15,FDR,B_higher,GO_BP,NA,NA,negative regulation of viral process
GO:0071346,cellular response to type II interferon,18/1146,103/18860,0.17475728155339806,2.876022975651909,4.8558850219374845,4.4546524617811104e-5,9.252503829178042e-4,7.143135116884313e-4,CD58/ZYX/CLDN1/PARP9/GBP1/CASP1/GBP3/CDC42EP2/PARP14/IRF1/JAK2/NLRC5/STAT1/ASS1/HCK/NOS2/TNF/CCL3,18,FDR,B_higher,GO_BP,NA,NA,cellular response to type II interferon
GO:0046394,carboxylic acid biosynthetic process,40/1146,339/18860,0.11799410029498524,1.941857531905255,4.4508828881396045,4.498684583001176e-5,9.307743528705532e-4,7.185781371868464e-4,CEACAM1/ACOT7/SLC27A2/LIPG/SCD/PLA2G3/STARD4/DHRS9/MGLL/ABHD3/OTC/AKR1C4/CASP1/PLA2G4A/PLA2G4F/BRCA1/LPGAT1/KYNU/ACOX2/MTHFD1L/FOLH1B/FOLH1/CPS1/APOC2/ASS1/PYCARD/SDS/MLXIPL/ELOVL5/APOC3/NAGS/AGXT/IDO1/NR1H4/APOA4/LDHC/CYP2D6/ACMSD/CYP3A4/FADS6,40,FDR,B_higher,GO_BP,NA,NA,carboxylic acid biosynthetic process
GO:1905952,regulation of lipid localization,26/1146,183/18860,0.14207650273224043,2.338187470794114,4.626816372543092,4.60967245793276e-5,9.500552733762576e-4,7.334634290919226e-4,ANXA2/SCARB1/PCSK9/TNFRSF11A/LIPG/PLA2G3/XRCC4/PLIN3/SEC24A/GAL/CYP4F2/ACSL5/LRP1/PLA2G4A/MYB/IKBKE/ABCA12/APOC2/AGT/APOC3/SPP1/TNF/APOA4/PLA2R1/TREM2/APOB,26,FDR,B_higher,GO_BP,NA,NA,regulation of lipid localization
GO:0002286,T cell activation involved in immune response,22/1146,142/18860,0.15492957746478872,2.5497136396037656,4.714756034698778,4.637552837388665e-5,9.521252709992576e-4,7.350615124848836e-4,CEACAM1/IL18/ANXA1/ENTPD7/LGALS3/SOCS3/STAT5A/F2RL1/MYB/MDK/ASCL2/BATF/JAK2/FGL2/NCKAP1L/HLA-DRB1/LEF1/TREM2/ICAM1/IL4R/PCK1/GPR65,22,FDR,B_higher,GO_BP,NA,NA,T cell activation involved in immune response
GO:0032760,positive regulation of tumor necrosis factor production,19/1146,113/18860,0.168141592920354,2.767146982964988,4.792248438293522,4.804511592543795e-5,9.788733924045337e-4,7.557116466375635e-4,OAS3/OAS1/EPHB2/MYD88/NOD1/LILRA2/CYBA/HSPB1/OAS2/TMEM106A/JAK2/PYCARD/NOD2/CARD9/TLR1/FCGR2C/FCGR3A/PF4/CCL3,19,FDR,B_higher,GO_BP,NA,NA,positive regulation of tumor necrosis factor production
GO:0055092,sterol homeostasis,19/1146,113/18860,0.168141592920354,2.767146982964988,4.792248438293522,4.804511592543795e-5,9.788733924045337e-4,7.557116466375635e-4,MALL/SCARB1/PCSK9/LIPG/IL18/SEC24A/LDLR/NPC1L1/ABCG5/APOC2/ABCG8/HNF4A/NR5A2/MTTP/APOC3/NR1H4/APOA4/APOB/PLA2G12B,19,FDR,B_higher,GO_BP,NA,NA,sterol homeostasis
GO:0051984,positive regulation of chromosome segregation,9/1146,30/18860,0.3,4.93717277486911,5.489253147812086,4.891364646851432e-5,9.927796382088571e-4,7.664475722402785e-4,SKA1/CDCA8/SKA3/NCAPG/BIRC5/CCNB1/INCENP/NCAPG2/CDC6,9,FDR,B_higher,GO_BP,NA,NA,positive regulation of chromosome segregation
GO:0032530,regulation of microvillus organization,7/1146,18/18860,0.3888888888888889,6.400038782237735,5.829924769759923,5.2778904176523856e-5,0.00106717344884198,8.238812195019572e-4,VIL1/PLS1/CDHR5/RAP2A/TNIK/CDHR2/PLD1,7,FDR,B_higher,GO_BP,NA,NA,regulation of microvillus organization
GO:0072676,lymphocyte migration,19/1146,114/18860,0.16666666666666666,2.742873763816172,4.747416890056027,5.442380666718356e-5,0.00109628030184689,8.463523459861913e-4,CXCL16/CKLF/EXT1/RIPK3/NEDD9/ECM1/FUT4/SAA1/CCR6/PADI2/ASCL2/CCL20/PYCARD/CXCL10/ADAM8/CCL26/ICAM1/CCL3/CXCL11,19,FDR,B_higher,GO_BP,NA,NA,lymphocyte migration
GO:0016053,organic acid biosynthetic process,40/1146,342/18860,0.11695906432748536,1.9248236939060857,4.390038003647982,5.482576511319769e-5,0.00110022531644454,8.493979834514007e-4,CEACAM1/ACOT7/SLC27A2/LIPG/SCD/PLA2G3/STARD4/DHRS9/MGLL/ABHD3/OTC/AKR1C4/CASP1/PLA2G4A/PLA2G4F/BRCA1/LPGAT1/KYNU/ACOX2/MTHFD1L/FOLH1B/FOLH1/CPS1/APOC2/ASS1/PYCARD/SDS/MLXIPL/ELOVL5/APOC3/NAGS/AGXT/IDO1/NR1H4/APOA4/LDHC/CYP2D6/ACMSD/CYP3A4/FADS6,40,FDR,B_higher,GO_BP,NA,NA,organic acid biosynthetic process
GO:0051047,positive regulation of secretion,39/1146,331/18860,0.11782477341389729,1.939070878347385,4.384092390642828,5.7525724931361504e-5,0.00115008359432062,8.878896633403522e-4,ANXA2/ADORA2B/S100A10/TNFRSF11A/STX1A/NMU/PLA2G3/SEC24A/EDN3/C2CD2L/GAL/CYP4F2/ACHE/PLA2G4A/RBP4/MCU/F2RL1/MYB/CYBA/FFAR2/JAK2/PCK2/CFTR/F2RL2/MLXIPL/P2RY2/ADAM8/SPP1/S100A8/HLA-DRB1/NR1H4/PLA2R1/TREM2/VSNL1/CD38/IL4R/INHBA/FGR/GCG,39,FDR,B_higher,GO_BP,NA,NA,positive regulation of secretion
GO:0009914,hormone transport,40/1146,343/18860,0.11661807580174928,1.919211963020062,4.369892299324364,5.851724976295268e-5,0.00116554134042776,8.998233810760399e-4,LYN/CAMK2G/STX1A/NMU/PLA2G3/ANXA1/EDN3/C2CD2L/GAL/IL1RN/ADRA2A/RBP4/MCU/F2RL1/LIF/MYB/FFAR2/FOXD1/TBX3/JAK2/SLC17A4/ABCA12/PCK2/CFTR/F2RL2/HNF4A/AGT/MLXIPL/NOS2/CRYM/SPP1/HLA-DRB1/FAM3D/TNF/NR1H4/SLC16A2/VSNL1/CD38/INHBA/GCG,40,FDR,B_higher,GO_BP,NA,NA,hormone transport
GO:0042092,type 2 immune response,11/1146,45/18860,0.24444444444444444,4.022881520263719,5.163790213443402,5.945132943027862e-5,0.0011753748018475,9.07415028146358e-4,IL18/ANXA1/ECM1/MYB/ASCL2/BATF/ARG2/RSAD2/NOD2/IDO1/IL4R,11,FDR,B_higher,GO_BP,NA,NA,type 2 immune response
GO:1902622,regulation of neutrophil migration,11/1146,45/18860,0.24444444444444444,4.022881520263719,5.163790213443402,5.945132943027862e-5,0.0011753748018475,9.07415028146358e-4,MYD88/MCU/BST1/FUT4/MDK/DPP4/C5AR1/ADAM8/NCKAP1L/SLAMF8/TNFAIP6,11,FDR,B_higher,GO_BP,NA,NA,regulation of neutrophil migration
GO:0071715,icosanoid transport,13/1146,61/18860,0.21311475409836064,3.5072812061911707,4.98877489266901,6.134784123709324e-5,0.00120615121740544,9.311750934003092e-4,TNFRSF11A/PLA2G3/ANXA1/CYP4F2/PLA2G4A/PLA2G4F/NMUR2/PLA2G2A/SLCO2B1/BDKRB2/NOS2/PLA2R1/PLA2G12B,13,FDR,B_higher,GO_BP,NA,NA,icosanoid transport
GO:0043122,regulation of canonical NF-kappaB signal transduction,39/1146,332/18860,0.11746987951807228,1.9332303034126035,4.363519511775735,6.145993464486333e-5,0.00120615121740544,9.311750934003092e-4,IRAK2/ANXA4/RHOC/TNFRSF11A/PYDC1/HTR2B/ECT2/TRAF3/MYD88/CARD14/NOD1/CANT1/CARD11/OLFM4/EDAR/CASP1/HMOX1/ECM1/F2RL1/TRIM59/HSPB1/LRRC19/TMEM106A/APOL3/IKBKE/STAT1/UBD/PYCARD/NOD2/CARD9/TFRC/S100A12/BST2/PIM2/HLA-DRB1/TIFAB/TNF/NR1H4/TREM2,39,FDR,B_higher,GO_BP,NA,NA,regulation of canonical NF-kappaB signal transduction
GO:0120193,tight junction organization,16/1146,88/18860,0.18181818181818185,2.992225924163097,4.764506999820143,7.116447209678076e-5,0.00139059607464267,0.00107357055317901,CLDN2/CLDN4/CLDN7/ECT2/EPHB2/CLDN1/EXT1/EPHA2/MARVELD3/CLDN3/CLDN23/SRF/SNAI1/CLDN15/DSG3/TNF,16,FDR,B_higher,GO_BP,NA,NA,tight junction organization
GO:0015918,sterol transport,21/1146,136/18860,0.15441176470588236,2.5411918694179243,4.587965738630711,7.190043398302352e-5,0.00139059607464267,0.00107357055317901,ANXA2/STARD5/SCARB1/PCSK9/LIPG/SEC24A/STARD4/LRP1/LDLR/NPC1L1/ABCG5/ABCA12/APOC2/CFTR/ABCG8/MTTP/APOC3/APOA4/TSPO2/TREM2/APOB,21,FDR,B_higher,GO_BP,NA,NA,sterol transport
GO:0032612,interleukin-1 production,21/1146,136/18860,0.15441176470588236,2.5411918694179243,4.587965738630711,7.190043398302352e-5,0.00139059607464267,0.00107357055317901,CEACAM1/PYDC1/ANXA1/MYD88/NOD1/GLTPD2/LILRA2/CASP1/F2RL1/SAA1/HSPB1/TMEM106A/JAK2/ARG2/PYCARD/PML/NOD2/TNF/NR1H4/TREM2/CCL3,21,FDR,B_higher,GO_BP,NA,NA,interleukin-1 production
GO:0032652,regulation of interleukin-1 production,21/1146,136/18860,0.15441176470588236,2.5411918694179243,4.587965738630711,7.190043398302352e-5,0.00139059607464267,0.00107357055317901,CEACAM1/PYDC1/ANXA1/MYD88/NOD1/GLTPD2/LILRA2/CASP1/F2RL1/SAA1/HSPB1/TMEM106A/JAK2/ARG2/PYCARD/PML/NOD2/TNF/NR1H4/TREM2/CCL3,21,FDR,B_higher,GO_BP,NA,NA,regulation of interleukin-1 production
GO:0043123,positive regulation of canonical NF-kappaB signal transduction,30/1146,232/18860,0.12931034482758622,2.128091713305651,4.397426666819414,7.570719394019332e-5,0.00145876634233782,0.00112619948931249,IRAK2/RHOC/TNFRSF11A/HTR2B/ECT2/MYD88/CARD14/NOD1/CANT1/CARD11/EDAR/CASP1/HMOX1/ECM1/F2RL1/LRRC19/TMEM106A/APOL3/IKBKE/UBD/PYCARD/NOD2/CARD9/TFRC/S100A12/BST2/PIM2/HLA-DRB1/TIFAB/TNF,30,FDR,B_higher,GO_BP,NA,NA,positive regulation of canonical NF-kappaB signal transduction
GO:0003044,regulation of systemic arterial blood pressure mediated by a chemical signal,12/1146,54/18860,0.2222222222222222,3.657165018421563,4.973481527745574,7.597172033906263e-5,0.00145876634233782,0.00112619948931249,PCSK5/PREP/EDN3/F2RL1/CTSZ/CYBA/ACE2/ANPEP/HSD11B2/AGT/MME/SLC2A5,12,FDR,B_higher,GO_BP,NA,NA,regulation of systemic arterial blood pressure mediated by a chemical signal
GO:0032528,microvillus organization,8/1146,25/18860,0.32,5.266317626527051,5.429173197552859,7.73318085519452e-5,0.00147955983530567,0.001142252520207,VIL1/PLS1/CDHR5/RAP2A/TNIK/CDHR2/PLD1/MYO1A,8,FDR,B_higher,GO_BP,NA,NA,microvillus organization
GO:0000077,DNA damage checkpoint signaling,19/1146,117/18860,0.1623931623931624,2.672543667308066,4.615770024630919,7.830151773380806e-5,0.00149276250593952,0.00115244527040548,LYN/CHEK2/FANCD2/RAD51/CHEK1/HUS1/PARP9/FBXO6/BRCA1/CDKN1A/CLSPN/BRCA2/STK38/NEK11/E2F1/BRIP1/BLM/DTL/WDR76,19,FDR,B_higher,GO_BP,NA,NA,DNA damage checkpoint signaling
GO:0000281,mitotic cytokinesis,17/1146,98/18860,0.17346938775510204,2.8548277949923424,4.682420216624789,7.915601959461513e-5,0.00149373380654156,0.00115319513569249,RHOC/CFL1/ECT2/ESPL1/CDCA8/CENPA/KIF4A/ANLN/CEP55/BIRC5/KIF23/KIF20A/KIF20B/INCENP/RACGAP1/IQGAP3/NUSAP1,17,FDR,B_higher,GO_BP,NA,NA,mitotic cytokinesis
GO:0071677,positive regulation of mononuclear cell migration,17/1146,98/18860,0.17346938775510204,2.8548277949923424,4.682420216624789,7.915601959461513e-5,0.00149373380654156,0.00115319513569249,S100A14/LGALS3/NEDD9/MDK/CCR6/PLA2G7/ASCL2/CCL20/PYCARD/CXCL10/C5AR1/FPR2/ADAM8/CCR1/TNF/TREM2/CCL3,17,FDR,B_higher,GO_BP,NA,NA,positive regulation of mononuclear cell migration
GO:0006071,glycerol metabolic process,7/1146,19/18860,0.3684210526315789,6.0631946358041695,5.616202611862831,7.919195714710804e-5,0.00149373380654156,0.00115319513569249,PLA2G4A/GK5/GK/MOGAT3/PCK2/MOGAT2/PCK1,7,FDR,B_higher,GO_BP,NA,NA,glycerol metabolic process
GO:0030301,cholesterol transport,20/1146,127/18860,0.15748031496062992,2.5916917453381156,4.577733193012472,7.999422383969307e-5,0.00150355340442352,0.00116077607980874,ANXA2/STARD5/SCARB1/PCSK9/LIPG/SEC24A/STARD4/LRP1/LDLR/NPC1L1/ABCG5/ABCA12/APOC2/CFTR/ABCG8/APOC3/APOA4/TSPO2/TREM2/APOB,20,FDR,B_higher,GO_BP,NA,NA,cholesterol transport
GO:0031348,negative regulation of defense response,37/1146,313/18860,0.1182108626198083,1.9454248420677,4.289983890676646,8.235662929756425e-5,0.00153321574183859,0.00118367605239457,CEACAM1/LYN/TNFRSF1B/OAS3/OAS1/SFN/PBK/USP18/IL22RA1/MICB/MMP12/IL20RB/LYAR/DUSP10/LDLR/SOCS3/MFHAS1/ISG15/PARP14/SAA1/MDK/NLRC5/ARG2/NR5A2/HCK/FPR2/NT5E/FGL2/SIGLEC10/HLA-DRB1/NR1H4/SLAMF8/TREM2/TNFAIP6/SERPINB9/FGR/REG3A,37,FDR,B_higher,GO_BP,NA,NA,negative regulation of defense response
GO:0120192,tight junction assembly,15/1146,80/18860,0.1875,3.0857329842931938,4.754985836578821,8.243404232065907e-5,0.00153321574183859,0.00118367605239457,CLDN2/CLDN4/CLDN7/ECT2/EPHB2/CLDN1/EPHA2/MARVELD3/CLDN3/CLDN23/SRF/SNAI1/CLDN15/DSG3/TNF,15,FDR,B_higher,GO_BP,NA,NA,tight junction assembly
GO:0140895,cell surface toll-like receptor signaling pathway,15/1146,80/18860,0.1875,3.0857329842931938,4.754985836578821,8.243404232065907e-5,0.00153321574183859,0.00118367605239457,IRAK2/LYN/OAS1/S100A14/TRAF3/MYD88/IFI35/LILRA2/PIK3AP1/F2RL1/MFHAS1/CYBA/TLR1/TREM2/BPIFB1,15,FDR,B_higher,GO_BP,NA,NA,cell surface toll-like receptor signaling pathway
GO:0050870,positive regulation of T cell activation,33/1146,267/18860,0.12359550561797752,2.034041218110869,4.328247287529915,8.329397380659899e-5,0.00154383066729036,0.00119187100677205,CD55/LYN/IL18/ANXA1/HHLA2/CARD11/MAP3K8/DUSP10/STAT5A/TNFSF13B/IL2RG/MDK/VNN1/TNFSF9/CD274/JAK2/DPP4/CD5/PYCARD/NR5A2/NOD2/TFRC/ADAM8/LILRB2/NCKAP1L/HLA-DRB1/IL4I1/LEF1/IL4R/PCK1/HLA-DRB4/GPR65/HLA-DRB3,33,FDR,B_higher,GO_BP,NA,NA,positive regulation of T cell activation
GO:0019433,triglyceride catabolic process,9/1146,32/18860,0.28125,4.62859947643979,5.225228016994739,8.588990868533461e-5,0.00158643713689382,0.00122476413222759,LIPG/MGLL/PNPLA3/CPS1/APOC2/PLB1/APOC3/APOA4/APOB,9,FDR,B_higher,GO_BP,NA,NA,triglyceride catabolic process
GO:0035710,"CD4-positive, alpha-beta T cell activation",21/1146,138/18860,0.15217391304347827,2.5043630017452005,4.511379746749341,8.921755344043706e-5,0.00164157529095089,0.00126733199188987,CD55/IL18/ANXA1/ENTPD7/CARD11/SOCS3/STAT5A/MYB/IL2RG/CD274/ASCL2/BATF/JAK2/ARG2/RSAD2/NCKAP1L/HLA-DRB1/LEF1/IL4R/GPR65/HLA-DRB3,21,FDR,B_higher,GO_BP,NA,NA,"CD4-positive, alpha-beta T cell activation"
GO:0002532,production of molecular mediator involved in inflammatory response,20/1146,128/18860,0.15625,2.5714441535776613,4.53738029567174,8.949014793306684e-5,0.00164157529095089,0.00126733199188987,LYN/PLA2G3/EPHB2/MYD88/EZH2/HMOX1/DUSP10/ADCY7/JAK2/S100A9/PYCARD/NOD2/CARD9/NOS2/CCR1/TNF/SLAMF8/TREM2/IL4R/REG3A,20,FDR,B_higher,GO_BP,NA,NA,production of molecular mediator involved in inflammatory response
GO:0001990,regulation of systemic arterial blood pressure by hormone,11/1146,47/18860,0.23404255319148937,3.851695072592923,4.97870398280821,9.121417442573328e-5,0.00166177905489612,0.00128292973909375,PCSK5/PREP/EDN3/F2RL1/CTSZ/CYBA/ACE2/ANPEP/HSD11B2/AGT/MME,11,FDR,B_higher,GO_BP,NA,NA,regulation of systemic arterial blood pressure by hormone
GO:0030890,positive regulation of B cell proliferation,11/1146,47/18860,0.23404255319148937,3.851695072592923,4.97870398280821,9.121417442573328e-5,0.00166177905489612,0.00128292973909375,EPHB2/CARD11/BST1/CDKN1A/TNFSF13B/SLC39A10/CLCF1/ATAD5/TFRC/NCKAP1L/CD38,11,FDR,B_higher,GO_BP,NA,NA,positive regulation of B cell proliferation
GO:0009395,phospholipid catabolic process,12/1146,55/18860,0.21818181818181817,3.5906711089957164,4.8938457506055615,9.185827817183949e-5,0.00166782139075265,0.00128759455439581,SCARB1/LIPG/PLBD1/GDPD3/PLA2G4A/LDLR/PLA2G4F/PLD1/PLA2G7/APOC2/PLB1/PLA2G4D,12,FDR,B_higher,GO_BP,NA,NA,phospholipid catabolic process
GO:0048708,astrocyte differentiation,16/1146,90/18860,0.17777777777777778,2.9257320147372505,4.657772664749038,9.412063756470336e-5,0.00170310496040809,0.00131483424109121,GPR37L1/LRP1/LDLR/LIF/CLCF1/S100A9/LAMC3/HES5/PAX6/C5AR1/FPR2/TTBK1/S100A8/TNF/TREM2/SERPINE2,16,FDR,B_higher,GO_BP,NA,NA,astrocyte differentiation
GO:0042363,fat-soluble vitamin catabolic process,6/1146,14/18860,0.42857142857142855,7.053103964098728,5.762698211534573,9.770302331283853e-5,0.0017560226883634,0.00135568788328819,CYP4F3/CYP4F2/CYP27B1/CBR3/CYP4F12/CYP3A4,6,FDR,B_higher,GO_BP,NA,NA,fat-soluble vitamin catabolic process
GO:0060707,trophoblast giant cell differentiation,6/1146,14/18860,0.42857142857142855,7.053103964098728,5.762698211534573,9.770302331283853e-5,0.0017560226883634,0.00135568788328819,MDFI/PLK4/LIF/SNAI1/E2F7/GJB5,6,FDR,B_higher,GO_BP,NA,NA,trophoblast giant cell differentiation
GO:0001890,placenta development,23/1146,160/18860,0.14375,2.3657286212914483,4.4126239504515175,1.0327186586995444e-4,0.00184964653511379,0.00142796753859527,ST14/PHLDA2/KRT19/MDFI/CDX2/PLK4/CCNF/VDR/CYP27B1/SOCS3/LIF/PLCD3/HSD17B2/ASCL2/ITGB8/SNAI1/E2F7/GJB3/CSF2/MME/SPP1/LEF1/GJB5,23,FDR,B_higher,GO_BP,NA,NA,placenta development
GO:0002440,production of molecular mediator of immune response,30/1146,236/18860,0.1271186440677966,2.0920223622326737,4.293825301508924,1.0360515436474784e-4,0.00184964653511379,0.00142796753859527,CD55/TNFRSF1B/LGALS4/IL18/XRCC4/EPHB2/MYD88/PKP3/POLQ/NOD1/RBP4/F2RL1/IL13RA2/IL2RG/FFAR2/CLCF1/CCR6/SEMA7A/BATF/RSAD2/ATAD5/PYCARD/KLK7/NOD2/CARD9/TFRC/BST2/MMP7/TNF/IL4R,30,FDR,B_higher,GO_BP,NA,NA,production of molecular mediator of immune response
GO:0042129,regulation of T cell proliferation,26/1146,192/18860,0.13541666666666666,2.2285849331006395,4.352113592323104,1.0420146382913864e-4,0.00185409137973314,0.00143139905575816,CD55/TNFRSF1B/IL18/ANXA1/LGALS3/HHLA2/RIPK3/CARD11/IL20RB/STAT5A/TNFSF13B/PLA2G2A/IRF1/TNFSF9/CD274/JAK2/ARG2/PYCARD/NR5A2/TFRC/TNFRSF9/LILRB2/NCKAP1L/HLA-DRB1/IL4I1/IDO1,26,FDR,B_higher,GO_BP,NA,NA,regulation of T cell proliferation
GO:0006766,vitamin metabolic process,10/1146,40/18860,0.25,4.114310645724259,5.0150519406120395,1.0463473383933324e-4,0.00185561531307096,0.00143257556559185,CYP4F3/SLC19A3/CYP4F2/CYP27B1/CBR3/CYP4F12/SNAI1/GFI1/TNF/CYP3A4,10,FDR,B_higher,GO_BP,NA,NA,vitamin metabolic process
GO:0051315,attachment of mitotic spindle microtubules to kinetochore,8/1146,26/18860,0.3076923076923077,5.063766948583703,5.273968161255895,1.0578083006955184e-4,0.00186355798980616,0.00143870748557337,SKA1/CDCA8/SKA3/NUF2/BIRC5/CENPE/INCENP/CDT1,8,FDR,B_higher,GO_BP,NA,NA,attachment of mitotic spindle microtubules to kinetochore
GO:0060706,cell differentiation involved in embryonic placenta development,8/1146,26/18860,0.3076923076923077,5.063766948583703,5.273968161255895,1.0578083006955184e-4,0.00186355798980616,0.00143870748557337,ST14/KRT19/MDFI/PLK4/LIF/SNAI1/E2F7/GJB5,8,FDR,B_higher,GO_BP,NA,NA,cell differentiation involved in embryonic placenta development
GO:0150076,neuroinflammatory response,16/1146,91/18860,0.17582417582417584,2.893581113476402,4.605506093029997,1.078568824610971e-4,0.0018938817058465,0.00146211805690857,LYN/TNFRSF1B/IL18/LRP1/CTSC/LDLR/JAK2/MMP3/C5AR1/FPR2/TLR1/TTBK1/CCR1/TNF/TREM2/CCL3,16,FDR,B_higher,GO_BP,NA,NA,neuroinflammatory response
GO:0003081,regulation of systemic arterial blood pressure by renin-angiotensin,9/1146,33/18860,0.2727272727272727,4.4883388862446445,5.101271014247906,1.1177500891561731e-4,0.00195179115700883,0.00150682541848703,PCSK5/PREP/F2RL1/CTSZ/CYBA/ACE2/ANPEP/AGT/MME,9,FDR,B_higher,GO_BP,NA,NA,regulation of systemic arterial blood pressure by renin-angiotensin
GO:0072330,monocarboxylic acid biosynthetic process,30/1146,237/18860,0.12658227848101267,2.0831952636578523,4.268245809696216,1.118861172807614e-4,0.00195179115700883,0.00150682541848703,CEACAM1/ACOT7/SLC27A2/LIPG/SCD/PLA2G3/STARD4/DHRS9/MGLL/ABHD3/AKR1C4/PLA2G4A/PLA2G4F/BRCA1/LPGAT1/ACOX2/MTHFD1L/APOC2/SDS/MLXIPL/ELOVL5/APOC3/IDO1/NR1H4/APOA4/LDHC/CYP2D6/ACMSD/CYP3A4/FADS6,30,FDR,B_higher,GO_BP,NA,NA,monocarboxylic acid biosynthetic process
GO:0051347,positive regulation of transferase activity,23/1146,161/18860,0.14285714285714285,2.351034654699576,4.378885155396744,1.1369542814360424e-4,0.00197689314472494,0.0015262047014648,MAP2K3/ECT2/RIPK3/CARD14/NEDD9/EZH2/UBE2S/CDC20/CENPE/TPX2/DSCC1/CDKN1A/KIF14/CLSPN/MMD/RFC3/UBE2C/JAK2/CHI3L1/S100A12/EREG/HLA-DRB1/TNF,23,FDR,B_higher,GO_BP,NA,NA,positive regulation of transferase activity
GO:0002523,leukocyte migration involved in inflammatory response,7/1146,20/18860,0.35,5.760034904013962,5.4172391048168285,1.1546193060932132e-4,0.00200109021296284,0.00154488536683353,FFAR2/MDK/CCR6/S100A9/ADAM8/S100A8/SLAMF8,7,FDR,B_higher,GO_BP,NA,NA,leukocyte migration involved in inflammatory response
GO:0051250,negative regulation of lymphocyte activation,25/1146,183/18860,0.1366120218579235,2.248257183455879,4.315880173449005,1.2183598214820192e-4,0.00210329547704902,0.00162379006382184,LYN/ANXA1/HMGB3/LGALS3/GAL/IL20RB/STAT5A/SOCS6/MDK/PLA2G2A/IRF1/BANK1/CD274/ASCL2/ARG2/FGL2/LILRB2/MNDA/HLA-DRB1/IL4I1/IDO1/SAMSN1/IL4R/INHBA/FGR,25,FDR,B_higher,GO_BP,NA,NA,negative regulation of lymphocyte activation
GO:0050792,regulation of viral process,21/1146,141/18860,0.14893617021276595,2.4510786825591326,4.398985344750592,1.2214717082899932e-4,0.00210329547704902,0.00162379006382184,TRIM15/IL32/OAS3/TRIM14/OAS1/TMPRSS4/TOP2A/KPNA2/LAMP3/ISG15/OAS2/STAT1/RSAD2/IFIT1/NR5A2/MX1/TRIM31/BST2/APOBEC3B/HLA-DRB1/TNF,21,FDR,B_higher,GO_BP,NA,NA,regulation of viral process
GO:0046879,hormone secretion,38/1146,331/18860,0.1148036253776435,1.889351112235913,4.151973544983972,1.2331721570886569e-4,0.00211661510435345,0.00163407310712543,LYN/CAMK2G/STX1A/NMU/PLA2G3/ANXA1/EDN3/C2CD2L/GAL/IL1RN/ADRA2A/RBP4/MCU/F2RL1/LIF/MYB/FFAR2/FOXD1/TBX3/JAK2/ABCA12/PCK2/CFTR/F2RL2/HNF4A/AGT/MLXIPL/NOS2/SPP1/HLA-DRB1/FAM3D/TNF/NR1H4/SLC16A2/VSNL1/CD38/INHBA/GCG,38,FDR,B_higher,GO_BP,NA,NA,hormone secretion
GO:0061180,mammary gland epithelium development,14/1146,74/18860,0.1891891891891892,3.1135323805480875,4.6334120695796335,1.275535252045575e-4,0.002175337755725,0.00167940827703326,ATP2C2/ZNF703/AREG/VDR/EPHA2/TFAP2C/STAT5A/MSX2/BRCA2/TBX3/IQGAP3/JAK2/PML/MSX1,14,FDR,B_higher,GO_BP,NA,NA,mammary gland epithelium development
GO:0070830,bicellular tight junction assembly,14/1146,74/18860,0.1891891891891892,3.1135323805480875,4.6334120695796335,1.275535252045575e-4,0.002175337755725,0.00167940827703326,CLDN2/CLDN4/CLDN7/ECT2/CLDN1/EPHA2/MARVELD3/CLDN3/CLDN23/SRF/SNAI1/CLDN15/DSG3/TNF,14,FDR,B_higher,GO_BP,NA,NA,bicellular tight junction assembly
GO:0030879,mammary gland development,21/1146,142/18860,0.14788732394366197,2.4338175650763216,4.362160753343523,1.3529762117244965e-4,0.0022927577835509,0.00177005910406061,TNFRSF11A/XDH/ATP2C2/ZNF703/AREG/VDR/EPHA2/TFAP2C/STAT5A/MSX2/BRCA2/OAS2/TBX3/ITGA2/IQGAP3/JAK2/PML/MSX1/HOXA9/HOXB9/LEF1,21,FDR,B_higher,GO_BP,NA,NA,mammary gland development
GO:0061982,meiosis I cell cycle process,21/1146,142/18860,0.14788732394366197,2.4338175650763216,4.362160753343523,1.3529762117244965e-4,0.0022927577835509,0.00177005910406061,AURKA/RAD51AP1/FANCD2/TRIP13/RAD54L/CDC25B/ESPL1/CDC25A/RAD51/CKS2/TEX11/TOP2A/CDC20/MND1/CCNB2/PTTG1/ZWINT/BRCA2/FBXO5/CCNE2/BRIP1,21,FDR,B_higher,GO_BP,NA,NA,meiosis I cell cycle process
GO:0002828,regulation of type 2 immune response,9/1146,34/18860,0.2647058823529412,4.356328919002156,4.98216682089531,1.4387984762902244e-4,0.00242527725072454,0.00187236702817664,IL18/ANXA1/ECM1/ASCL2/ARG2/RSAD2/NOD2/IDO1/IL4R,9,FDR,B_higher,GO_BP,NA,NA,regulation of type 2 immune response
GO:0032731,positive regulation of interleukin-1 beta production,13/1146,66/18860,0.19696969696969696,3.2415780845100213,4.639909900647668,1.4402639349563138e-4,0.00242527725072454,0.00187236702817664,PYDC1/MYD88/NOD1/LILRA2/CASP1/F2RL1/HSPB1/TMEM106A/JAK2/PYCARD/NOD2/TNF/CCL3,13,FDR,B_higher,GO_BP,NA,NA,positive regulation of interleukin-1 beta production
GO:0030099,myeloid cell differentiation,50/1146,481/18860,0.10395010395010396,1.7107320772242238,4.016158414893744,1.4720287240208236e-4,0.0024709714870513,0.00190764397700811,TRIM10/ANXA2/CEACAM1/LYN/WDR1/TNFRSF11A/PLA2G3/HMGB3/MYD88/EPHA2/NEDD9/TNFRSF11B/FLVCR1/LYAR/NCAPG2/STAT5A/F2RL1/RACGAP1/MFHAS1/LIF/MYB/DIAPH3/ISG15/LILRB3/SRF/BATF/JAK2/ITGB8/BATF3/STAT1/MEIS2/UBD/PML/HOXA9/TRIM58/TFRC/CSF2/NCKAP1L/CCR1/HLA-DRB1/TIFAB/TNF/LEF1/TSPO2/TREM2/PF4/TNFAIP6/CCL3/HOXB7/INHBA,50,FDR,B_higher,GO_BP,NA,NA,myeloid cell differentiation
GO:0071479,cellular response to ionizing radiation,14/1146,75/18860,0.18666666666666668,3.072018615474113,4.573113747729022,1.481828090498311e-4,0.00247395982451999,0.00190995103882703,ECT2/RAD51AP1/CHEK2/RAD51/HUS1/FIGNL1/BRCA1/CDKN1A/CYBA/BRCA2/CCND2/BLM/LCN2/TNF,14,FDR,B_higher,GO_BP,NA,NA,cellular response to ionizing radiation
GO:0006310,DNA recombination,40/1146,358/18860,0.111731843575419,1.838798053954976,4.075518868383739,1.4877128206648897e-4,0.00247395982451999,0.00190995103882703,GINS4/RAD51AP1/XRCC4/FANCD2/TONSL/TRIP13/HMGB3/RAD54L/POLQ/RAD51/CHEK1/HUS1/RUVBL1/TEX11/CDC45/FEN1/TOP2A/GINS2/SKP2/FIGNL1/KPNA2/BRCA1/BCL11B/MND1/MCM4/TEP1/BRCA2/PIF1/CLCF1/CCR6/GEN1/BATF/BRIP1/BLM/UHRF1/ATAD5/TFRC/HELLS/GFI1/LEF1,40,FDR,B_higher,GO_BP,NA,NA,DNA recombination
GO:0019216,regulation of lipid metabolic process,40/1146,358/18860,0.111731843575419,1.838798053954976,4.075518868383739,1.4877128206648897e-4,0.00247395982451999,0.00190995103882703,CEACAM1/LACTB/SCARB1/MFSD2A/SAMD8/TM6SF2/HTR2B/PLA2G3/STARD4/CIDEC/LPCAT1/APOBEC1/GAL/CLCN2/ADRA2A/LDLR/BRCA1/STAT5A/BCL11B/LPGAT1/CIDEB/SNAI1/APOC2/GOLM1/HNF4A/NR5A2/PDE3B/AGT/MLXIPL/ELOVL5/SERPINA3/APOC3/GFI1/TNF/NR1H4/APOA4/TREM2/UGT1A8/APOB/PCK1,40,FDR,B_higher,GO_BP,NA,NA,regulation of lipid metabolic process
GO:0090306,meiotic spindle assembly,6/1146,15/18860,0.4,6.5828970331588135,5.501745484146302,1.5447556631714967e-4,0.00256084028882281,0.00197702465554639,AURKA/SKA1/SKA3/CCNB2/ASPM/FBXO5,6,FDR,B_higher,GO_BP,NA,NA,meiotic spindle assembly
GO:0002579,positive regulation of antigen processing and presentation,5/1146,10/18860,0.5,8.228621291448517,5.815581069865267,1.5996760205018437e-4,0.00263551561649347,0.00203467564011199,NOD1/PYCARD/NOD2/FAM3D/TREM2,5,FDR,B_higher,GO_BP,NA,NA,positive regulation of antigen processing and presentation
GO:0009750,response to fructose,5/1146,10/18860,0.5,8.228621291448517,5.815581069865267,1.5996760205018437e-4,0.00263551561649347,0.00203467564011199,KHK/LCN2/CA1/TNF/SLC2A5,5,FDR,B_higher,GO_BP,NA,NA,response to fructose
GO:0051383,kinetochore organization,7/1146,21/18860,0.3333333333333333,5.485747527632344,5.231290885947536,1.641436716052759e-4,0.00269599667393527,0.002081368337926,CENPA/CENPK/CENPW/NUF2/CENPE/DLGAP5/CENPF,7,FDR,B_higher,GO_BP,NA,NA,kinetochore organization
GO:0032370,positive regulation of lipid transport,15/1146,85/18860,0.17647058823529413,2.9042192793347708,4.475378454968027,1.6806297941275648e-4,0.00275190240523096,0.00212452878398754,ANXA2/TNFRSF11A/LIPG/PLA2G3/XRCC4/GAL/CYP4F2/ACSL5/LRP1/PLA2G4A/MYB/ABCA12/SPP1/PLA2R1/TREM2,15,FDR,B_higher,GO_BP,NA,NA,positive regulation of lipid transport
GO:0022408,negative regulation of cell-cell adhesion,28/1146,220/18860,0.12727272727272726,2.0945581469141676,4.1535605231710235,1.7013369510881292e-4,0.00277728949385579,0.00214412817109609,CEACAM1/CD9/EPCAM/ANXA1/LGALS3/ZNF703/IL20RB/IL1RN/STAT5A/SOCS6/MDK/PLA2G2A/IRF1/CD274/ASCL2/JAK2/ABCA12/ARG2/ASS1/FGL2/LILRB2/CDSN/HLA-DRB1/IL4I1/IDO1/CCL25/IL4R/SERPINE2,28,FDR,B_higher,GO_BP,NA,NA,negative regulation of cell-cell adhesion
GO:0050818,regulation of coagulation,14/1146,76/18860,0.18421052631578944,3.0315973179020848,4.51381448697428,1.716337917994907e-4,0.00279323530678561,0.00215643868708281,F12/ANXA2/CEACAM1/CD9/EPHB2/F3/TFPI/HPSE/F2RL1/PLAUR/EMILIN2/PROCR/PF4/SERPINE2,14,FDR,B_higher,GO_BP,NA,NA,regulation of coagulation
GO:0032637,interleukin-8 production,17/1146,105/18860,0.1619047619047619,2.664505941992853,4.350255693084754,1.900502345945464e-4,0.00307420652201723,0.00237335460426682,CD58/ANXA4/AFAP1L2/ANXA1/MYD88/F3/NOD1/LILRA2/F2RL1/FFAR2/CHI3L1/PYCARD/NOD2/NOS2/TLR1/TNF/FCN1,17,FDR,B_higher,GO_BP,NA,NA,interleukin-8 production
GO:0032677,regulation of interleukin-8 production,17/1146,105/18860,0.1619047619047619,2.664505941992853,4.350255693084754,1.900502345945464e-4,0.00307420652201723,0.00237335460426682,CD58/ANXA4/AFAP1L2/ANXA1/MYD88/F3/NOD1/LILRA2/F2RL1/FFAR2/CHI3L1/PYCARD/NOD2/NOS2/TLR1/TNF/FCN1,17,FDR,B_higher,GO_BP,NA,NA,regulation of interleukin-8 production
GO:2000514,"regulation of CD4-positive, alpha-beta T cell activation",15/1146,86/18860,0.1744186046511628,2.870449287714599,4.421911798651587,1.9231359769557096e-4,0.00310141989274609,0.00239436392106268,CD55/IL18/ANXA1/CARD11/STAT5A/IL2RG/CD274/ASCL2/BATF/ARG2/NCKAP1L/HLA-DRB1/IL4R/GPR65/HLA-DRB3,15,FDR,B_higher,GO_BP,NA,NA,"regulation of CD4-positive, alpha-beta T cell activation"
GO:1903900,regulation of viral life cycle,18/1146,115/18860,0.1565217391304348,2.5759162303664924,4.311542238236514,1.933722554194935e-4,0.00310909969707607,0.00240029289780379,TRIM15/IL32/OAS3/OAS1/TMPRSS4/TOP2A/KPNA2/LAMP3/ISG15/OAS2/RSAD2/IFIT1/NR5A2/MX1/BST2/APOBEC3B/HLA-DRB1/TNF,18,FDR,B_higher,GO_BP,NA,NA,regulation of viral life cycle
GO:0042113,B cell activation,34/1146,291/18860,0.1168384879725086,1.9228393395824712,4.035261231738429,1.966784780767404e-4,0.00314908624218695,0.00243116338430753,BAK1/LYN/HMGB3/EPHB2/EZH2/CARD11/BST1/STAT5A/MYB/CDKN1A/TNFSF13B/SLC39A10/CDH17/IL2RG/ONECUT1/CLCF1/CCR6/BANK1/BATF/ATAD5/NOD2/TFRC/NFAM1/BST2/MNDA/PIK3R3/NCKAP1L/IL4I1/LEF1/SLAMF8/SAMSN1/FCRL5/CD38/INHBA,34,FDR,B_higher,GO_BP,NA,NA,B cell activation
GO:0030888,regulation of B cell proliferation,13/1146,68/18860,0.19117647058823528,3.146237552612668,4.509610809329719,1.9735815321577608e-4,0.00314908624218695,0.00243116338430753,LYN/EPHB2/CARD11/BST1/CDKN1A/TNFSF13B/SLC39A10/CLCF1/ATAD5/TFRC/MNDA/NCKAP1L/CD38,13,FDR,B_higher,GO_BP,NA,NA,regulation of B cell proliferation
GO:0032732,positive regulation of interleukin-1 production,14/1146,77/18860,0.18181818181818185,2.992225924163097,4.455482983738866,1.9821899164009315e-4,0.00314908624218695,0.00243116338430753,PYDC1/MYD88/NOD1/LILRA2/CASP1/F2RL1/SAA1/HSPB1/TMEM106A/JAK2/PYCARD/NOD2/TNF/CCL3,14,FDR,B_higher,GO_BP,NA,NA,positive regulation of interleukin-1 production
GO:0045685,regulation of glial cell differentiation,14/1146,77/18860,0.18181818181818185,2.992225924163097,4.455482983738866,1.9821899164009315e-4,0.00314908624218695,0.00243116338430753,GPR37L1/TNFRSF1B/WDR1/ZNF488/CLCN2/DUSP10/LDLR/LIF/MDK/CLCF1/HES5/TTBK1/TREM2/SERPINE2,14,FDR,B_higher,GO_BP,NA,NA,regulation of glial cell differentiation
GO:0002269,leukocyte activation involved in inflammatory response,11/1146,51/18860,0.21568627450980393,3.549601341409164,4.6373281909872315,1.994855707155091e-4,0.00315045555171416,0.00243222052118099,MYD88/CTSC/LDLR/JAK2/C5AR1/FPR2/TLR1/TTBK1/TNF/TREM2/CCL3,11,FDR,B_higher,GO_BP,NA,NA,leukocyte activation involved in inflammatory response
GO:0032467,positive regulation of cytokinesis,11/1146,51/18860,0.21568627450980393,3.549601341409164,4.6373281909872315,1.994855707155091e-4,0.00315045555171416,0.00243222052118099,ECT2/CDC25B/CDCA8/BIRC5/KIF23/SVIL/KIF20B/INCENP/RACGAP1/CDC6/KIF14,11,FDR,B_higher,GO_BP,NA,NA,positive regulation of cytokinesis
GO:0014002,astrocyte development,10/1146,43/18860,0.23255813953488372,3.827265716952798,4.720836736803153,2.004067499050295e-4,0.00315566734806208,0.00243624414183571,LRP1/LDLR/S100A9/LAMC3/C5AR1/FPR2/TTBK1/S100A8/TNF/TREM2,10,FDR,B_higher,GO_BP,NA,NA,astrocyte development
GO:0002695,negative regulation of leukocyte activation,27/1146,212/18860,0.12735849056603774,2.0959695742368862,4.081723828190888,2.1809530162829777e-4,0.00342409623556427,0.00264347710797147,LYN/ANXA1/HMGB3/LGALS3/GAL/IL20RB/LDLR/STAT5A/SOCS6/MDK/PLA2G2A/IRF1/BANK1/CD274/ASCL2/ARG2/MILR1/FGL2/LILRB2/MNDA/HLA-DRB1/IL4I1/IDO1/SAMSN1/IL4R/INHBA/FGR,27,FDR,B_higher,GO_BP,NA,NA,negative regulation of leukocyte activation
GO:0001523,retinoid metabolic process,15/1146,87/18860,0.1724137931034483,2.837455617740868,4.369210442790911,2.1953461747120477e-4,0.00342461561828243,0.00264387808277804,SDR16C5/LRP8/DHRS9/AKR1C4/LRP1/RBP4/LDLR/ADH6/ADH4/DGAT1/PLB1/UGT1A8/CYP2D6/RBP2/CYP3A4,15,FDR,B_higher,GO_BP,NA,NA,retinoid metabolic process
GO:0070374,positive regulation of ERK1 and ERK2 cascade,26/1146,201/18860,0.12935323383084577,2.1287975480364323,4.09226003775093,2.2069459960456287e-4,0.00342461561828243,0.00264387808277804,TNFRSF11A/HTR2B/NOD1/F2RL1/MFHAS1/ARHGAP8/PLA2G2A/NPSR1/SEMA7A/CHI3L1/PYCARD/NPNT/NOD2/P2RY6/CARD9/SLC30A10/C5AR1/FPR2/CCR1/HLA-DRB1/TNF/TREM2/ICAM1/CCL3/INHBA/GCG,26,FDR,B_higher,GO_BP,NA,NA,positive regulation of ERK1 and ERK2 cascade
GO:0071706,tumor necrosis factor superfamily cytokine production,26/1146,201/18860,0.12935323383084577,2.1287975480364323,4.09226003775093,2.2069459960456287e-4,0.00342461561828243,0.00264387808277804,OAS3/OAS1/EPHB2/MYD88/NOD1/LILRA2/CYBA/HSPB1/OAS2/TMEM106A/LILRA4/CD274/JAK2/ARG2/PYCARD/NOD2/CARD9/TLR1/CLEC4A/ADAM8/FCGR2C/FCGR3A/NR1H4/TREM2/PF4/CCL3,26,FDR,B_higher,GO_BP,NA,NA,tumor necrosis factor superfamily cytokine production
GO:1903555,regulation of tumor necrosis factor superfamily cytokine production,26/1146,201/18860,0.12935323383084577,2.1287975480364323,4.09226003775093,2.2069459960456287e-4,0.00342461561828243,0.00264387808277804,OAS3/OAS1/EPHB2/MYD88/NOD1/LILRA2/CYBA/HSPB1/OAS2/TMEM106A/LILRA4/CD274/JAK2/ARG2/PYCARD/NOD2/CARD9/TLR1/CLEC4A/ADAM8/FCGR2C/FCGR3A/NR1H4/TREM2/PF4/CCL3,26,FDR,B_higher,GO_BP,NA,NA,regulation of tumor necrosis factor superfamily cytokine production
GO:0002429,immune response-activating cell surface receptor signaling pathway,39/1146,353/18860,0.11048158640226628,1.8182222683653944,3.947152937312158,2.2586241365954993e-4,0.0034946480119266,0.00269794462083032,IRAK2/CEACAM1/LYN/OAS1/S100A14/LGALS3/TRAF3/HHLA2/MYD88/MICB/CARD11/GBP1/IFI35/LILRA2/PIK3AP1/F2RL1/MFHAS1/SLC39A10/CYBA/FFAR2/BANK1/HCK/NOS2/NFAM1/C5AR1/FPR2/TLR1/BTNL8/MNDA/NCKAP1L/BTNL3/HLA-DRB1/FPR1/TREM2/CD38/FGR/FCN1/BPIFB1/HLA-DRB3,39,FDR,B_higher,GO_BP,NA,NA,immune response-activating cell surface receptor signaling pathway
GO:0150078,positive regulation of neuroinflammatory response,7/1146,22/18860,0.3181818181818182,5.23639536728542,5.056892803030322,2.2817751320407335e-4,0.00352026464012527,0.00271772121750516,IL18/CTSC/TTBK1/CCR1/TNF/TREM2/CCL3,7,FDR,B_higher,GO_BP,NA,NA,positive regulation of neuroinflammatory response
GO:0008203,cholesterol metabolic process,22/1146,158/18860,0.13924050632911392,2.2915147900236374,4.146457515685132,2.308250272650557e-4,0.00353578905589467,0.0027297064056768,SCARB1/PCSK9/STARD4/MVD/APOBR/MSMO1/LDLR/ACAA2/NPC1L1/SQLE/SULT2B1/APOL1/CFTR/APOL2/AGT/NR1H4/APOA4/SULT1C3/CYP2D6/APOB/PCK1/CYP3A4,22,FDR,B_higher,GO_BP,NA,NA,cholesterol metabolic process
GO:0045577,regulation of B cell differentiation,9/1146,36/18860,0.25,4.114310645724259,4.757190495493716,2.3137484761860685e-4,0.00353578905589467,0.0027297064056768,HMGB3/CARD11/STAT5A/IL2RG/NFAM1/NCKAP1L/IL4I1/SLAMF8/INHBA,9,FDR,B_higher,GO_BP,NA,NA,regulation of B cell differentiation
GO:0045132,meiotic chromosome segregation,16/1146,97/18860,0.16494845360824742,2.7145967147046655,4.306158726237562,2.331672052730509e-4,0.00353578905589467,0.0027297064056768,AURKA/FANCD2/TRIP13/SKA1/ESPL1/SKA3/NUF2/TEX11/MND1/CCNB2/PTTG1/ASPM/ZWINT/FBXO5/CCNE2/BRIP1,16,FDR,B_higher,GO_BP,NA,NA,meiotic chromosome segregation
GO:0009743,response to carbohydrate,30/1146,247/18860,0.1214574898785425,1.9988553744409352,4.019168533318776,2.337340111705995e-4,0.00353578905589467,0.0027297064056768,LYN/MAP2K3/C2CD2L/ADRA2A/RASAL2/PNPLA3/CYBA/ITGA2/SRF/ABCA12/PCK2/KHK/SESN2/CFTR/HNF4A/MLXIPL/CDT1/LCN2/CA1/NPTX1/HLA-DRB1/TNF/SLC2A5/NR1H4/TREM2/VSNL1/ICAM1/PCK1/REG3A/GCG,30,FDR,B_higher,GO_BP,NA,NA,response to carbohydrate
GO:0009111,vitamin catabolic process,6/1146,16/18860,0.375,6.1714659685863875,5.263570370593185,2.34482826112161e-4,0.00353578905589467,0.0027297064056768,CYP4F3/CYP4F2/CYP27B1/CBR3/CYP4F12/CYP3A4,6,FDR,B_higher,GO_BP,NA,NA,vitamin catabolic process
GO:0034374,low-density lipoprotein particle remodeling,6/1146,16/18860,0.375,6.1714659685863875,5.263570370593185,2.34482826112161e-4,0.00353578905589467,0.0027297064056768,PLA2G3/PLA2G2A/PLA2G7/AGT/MTTP/APOB,6,FDR,B_higher,GO_BP,NA,NA,low-density lipoprotein particle remodeling
GO:0034638,phosphatidylcholine catabolic process,6/1146,16/18860,0.375,6.1714659685863875,5.263570370593185,2.34482826112161e-4,0.00353578905589467,0.0027297064056768,SCARB1/GDPD3/PLA2G4A/LDLR/PLA2G7/PLB1,6,FDR,B_higher,GO_BP,NA,NA,phosphatidylcholine catabolic process
GO:0043650,dicarboxylic acid biosynthetic process,6/1146,16/18860,0.375,6.1714659685863875,5.263570370593185,2.34482826112161e-4,0.00353578905589467,0.0027297064056768,KYNU/MTHFD1L/FOLH1B/FOLH1/IDO1/ACMSD,6,FDR,B_higher,GO_BP,NA,NA,dicarboxylic acid biosynthetic process
GO:1902652,secondary alcohol metabolic process,23/1146,169/18860,0.13609467455621302,2.239743073412022,4.117675259371642,2.3680818107099403e-4,0.0035607945649492,0.00274901120501984,SCARB1/PCSK9/STARD4/MVD/CYP27B1/APOBR/MSMO1/LDLR/ACAA2/NPC1L1/SQLE/SULT2B1/APOL1/CFTR/APOL2/AGT/NR1H4/APOA4/SULT1C3/CYP2D6/APOB/PCK1/CYP3A4,23,FDR,B_higher,GO_BP,NA,NA,secondary alcohol metabolic process
GO:0030098,lymphocyte differentiation,46/1146,441/18860,0.10430839002267574,1.716628478034611,3.8732332573968447,2.4694887650275653e-4,0.00370284579430256,0.00285867785780098,BAK1/IL18/ANXA1/FANCD2/HMGB3/ENTPD7/RIPK3/EZH2/CARD11/FANCA/DUSP10/SOCS3/STAT5A/BCL11B/MYB/TNFSF13B/CDH17/IL2RG/ONECUT1/MDK/CLCF1/CCR6/VNN1/IRF1/TNFSF9/SRF/ASCL2/BATF/JAK2/RSAD2/NFAM1/TNFRSF9/ADAM8/FGL2/LILRB2/LY6D/PIK3R3/NCKAP1L/HLA-DRB1/IL4I1/LEF1/SLAMF8/IL4R/INHBA/PCK1/GPR65,46,FDR,B_higher,GO_BP,NA,NA,lymphocyte differentiation
GO:0002224,toll-like receptor signaling pathway,15/1146,88/18860,0.17045454545454544,2.8052118039029033,4.317253465851999,2.500216336440327e-4,0.0037384187125822,0.00288614092795632,IRAK2/RPS6KA3/TRAF3/MYD88/CTSS/MFHAS1/LRRC19/IRF1/CD274/S100A9/TLR1/REG3G/S100A8/TIFAB/GFI1,15,FDR,B_higher,GO_BP,NA,NA,toll-like receptor signaling pathway
GO:0050920,regulation of chemotaxis,27/1146,214/18860,0.1261682242990654,2.076381073543083,4.027851202561942,2.5440686011441994e-4,0.00379336262371724,0.00292855882783873,LYN/S100A14/EDN3/F3/NEDD9/MCU/BST1/F2RL1/HSPB1/MDK/CCR6/PADI2/ITGA2/PLA2G7/DPP4/CXCL10/C5AR1/FPR2/RIN3/NCKAP1L/CCR1/SLAMF8/CCL26/TREM2/TNFAIP6/CCL3/SCG2,27,FDR,B_higher,GO_BP,NA,NA,regulation of chemotaxis
GO:0008217,regulation of blood pressure,26/1146,203/18860,0.12807881773399016,2.1078241731789307,4.036372786688967,2.586161406437076e-4,0.00384538428622872,0.00296872068793465,GPR37L1/GCH1/PCSK5/NMU/PREP/EXT1/EDN3/PLCB3/CYP4F2/KCNK6/F2RL1/CTSZ/EMILIN2/CYBA/ACE2/CYP4F12/ANPEP/KLK1/HSD11B2/AGT/NOS2/BDKRB1/MME/TNF/SLC2A5/UTS2,26,FDR,B_higher,GO_BP,NA,NA,regulation of blood pressure
GO:0140374,antiviral innate immune response,14/1146,79/18860,0.17721518987341772,2.916473369120993,4.341604882551804,2.621719171767006e-4,0.00388742692747007,0.00300117852557538,OAS3/OAS1/TRAF3/USP18/TRIM7/IFIT3/OAS2/ZBP1/IFIT2/IFIT1/CXCL10/MX1/TRIM31/TNF,14,FDR,B_higher,GO_BP,NA,NA,antiviral innate immune response
GO:0046883,regulation of hormone secretion,32/1146,272/18860,0.1176470588235294,1.9361461862231808,3.95553390446721,2.6410631066722703e-4,0.00390526173501844,0.00301494738668083,STX1A/NMU/PLA2G3/ANXA1/EDN3/C2CD2L/GAL/ADRA2A/RBP4/MCU/F2RL1/LIF/MYB/FFAR2/JAK2/ABCA12/PCK2/CFTR/F2RL2/HNF4A/AGT/MLXIPL/NOS2/SPP1/HLA-DRB1/FAM3D/TNF/NR1H4/VSNL1/CD38/INHBA/GCG,32,FDR,B_higher,GO_BP,NA,NA,regulation of hormone secretion
GO:0030193,regulation of blood coagulation,13/1146,70/18860,0.18571428571428572,3.0563450511094494,4.384044352322519,2.6678794257613167e-4,0.00393401667809776,0.00303714683101353,F12/ANXA2/CEACAM1/CD9/EPHB2/F3/TFPI/HPSE/F2RL1/PLAUR/EMILIN2/PF4/SERPINE2,13,FDR,B_higher,GO_BP,NA,NA,regulation of blood coagulation
GO:0002220,innate immune response activating cell surface receptor signaling pathway,17/1146,108/18860,0.1574074074074074,2.590491888048607,4.216118976292828,2.6901755100657986e-4,0.00395596608064221,0.00305409224935699,IRAK2/LYN/OAS1/S100A14/TRAF3/MYD88/IFI35/LILRA2/PIK3AP1/F2RL1/MFHAS1/CYBA/FFAR2/TLR1/TREM2/FCN1/BPIFB1,17,FDR,B_higher,GO_BP,NA,NA,innate immune response activating cell surface receptor signaling pathway
GO:0031055,chromatin remodeling at centromere,5/1146,11/18860,0.4545454545454546,7.480564810407742,5.4683759235762315,2.785958099232734e-4,0.00404115335155009,0.00311985868378036,CENPA/CENPW/CENPI/OIP5/HJURP,5,FDR,B_higher,GO_BP,NA,NA,chromatin remodeling at centromere
GO:0034080,CENP-A containing chromatin assembly,5/1146,11/18860,0.4545454545454546,7.480564810407742,5.4683759235762315,2.785958099232734e-4,0.00404115335155009,0.00311985868378036,CENPA/CENPW/CENPI/OIP5/HJURP,5,FDR,B_higher,GO_BP,NA,NA,CENP-A containing chromatin assembly
GO:0042368,vitamin D biosynthetic process,5/1146,11/18860,0.4545454545454546,7.480564810407742,5.4683759235762315,2.785958099232734e-4,0.00404115335155009,0.00311985868378036,CYP27B1/SNAI1/GFI1/TNF/CYP3A4,5,FDR,B_higher,GO_BP,NA,NA,vitamin D biosynthetic process
GO:0070508,cholesterol import,5/1146,11/18860,0.4545454545454546,7.480564810407742,5.4683759235762315,2.785958099232734e-4,0.00404115335155009,0.00311985868378036,STARD5/SCARB1/STARD4/LDLR/APOC3,5,FDR,B_higher,GO_BP,NA,NA,cholesterol import
GO:0090267,positive regulation of mitotic cell cycle spindle assembly checkpoint,5/1146,11/18860,0.4545454545454546,7.480564810407742,5.4683759235762315,2.785958099232734e-4,0.00404115335155009,0.00311985868378036,MAD2L1/CDCA8/BIRC5/INCENP/GEN1,5,FDR,B_higher,GO_BP,NA,NA,positive regulation of mitotic cell cycle spindle assembly checkpoint
GO:0045619,regulation of lymphocyte differentiation,28/1146,227/18860,0.12334801762114538,2.0299682481106474,3.970897638374343,2.881507534566631e-4,0.00416842472073622,0.00321811496158275,IL18/ANXA1/FANCD2/HMGB3/CARD11/FANCA/DUSP10/STAT5A/IL2RG/MDK/VNN1/IRF1/TNFSF9/ASCL2/BATF/NFAM1/ADAM8/FGL2/LILRB2/NCKAP1L/HLA-DRB1/IL4I1/LEF1/SLAMF8/IL4R/INHBA/PCK1/GPR65,28,FDR,B_higher,GO_BP,NA,NA,regulation of lymphocyte differentiation
GO:0006270,DNA replication initiation,9/1146,37/18860,0.24324324324324328,4.003113060704684,4.650733378238092,2.894186754299648e-4,0.00417545105255446,0.00322353944326689,ORC6/CDC45/ORC1/MCM10/MCM4/CDC6/POLA2/CCNE2/CDT1,9,FDR,B_higher,GO_BP,NA,NA,DNA replication initiation
GO:0022612,gland morphogenesis,19/1146,129/18860,0.14728682170542637,2.4239349540701056,4.127602274750587,2.919732991402378e-4,0.00420095275151102,0.00324322731205569,CEACAM1/SERPINB5/RPS6KA1/AREG/VDR/CRIP1/EPHA2/EDAR/TFAP2C/STAT5A/TGM2/MSX2/MDK/TBX3/HOXA13/HOXB13/PML/PAX6/TNF,19,FDR,B_higher,GO_BP,NA,NA,gland morphogenesis
GO:0045682,regulation of epidermis development,13/1146,71/18860,0.18309859154929575,3.0132979377135416,4.32293503213302,3.08692192663517e-4,0.00442556494479523,0.00341663283289095,SFN/VDR/EZH2/CYP27B1/TFAP2C/MAFF/MSX2/ABCA12/SULT2B1/HES5/ETV4/REG3G/REG3A,13,FDR,B_higher,GO_BP,NA,NA,regulation of epidermis development
GO:0000212,meiotic spindle organization,7/1146,23/18860,0.30434782608695654,5.008726003490401,4.8928031265196665,3.1090049724582445e-4,0.00442556494479523,0.00341663283289095,AURKA/SKA1/ESPL1/SKA3/CCNB2/ASPM/FBXO5,7,FDR,B_higher,GO_BP,NA,NA,meiotic spindle organization
GO:0001991,regulation of systemic arterial blood pressure by circulatory renin-angiotensin,7/1146,23/18860,0.30434782608695654,5.008726003490401,4.8928031265196665,3.1090049724582445e-4,0.00442556494479523,0.00341663283289095,PCSK5/PREP/F2RL1/CTSZ/ACE2/ANPEP/MME,7,FDR,B_higher,GO_BP,NA,NA,regulation of systemic arterial blood pressure by circulatory renin-angiotensin
GO:0006525,arginine metabolic process,7/1146,23/18860,0.30434782608695654,5.008726003490401,4.8928031265196665,3.1090049724582445e-4,0.00442556494479523,0.00341663283289095,AGMAT/SLC7A7/OTC/ARG2/ASS1/NOS2/NAGS,7,FDR,B_higher,GO_BP,NA,NA,arginine metabolic process
GO:0008209,androgen metabolic process,8/1146,30/18860,0.26666666666666666,4.388598022105875,4.724423697695833,3.1886620402404365e-4,0.00452688243904347,0.00349485215216722,HSD17B11/DHRS9/AKR1C4/UGT2B7/HSD17B2/SPP1/INHBA/CYP3A4,8,FDR,B_higher,GO_BP,NA,NA,androgen metabolic process
GO:1903829,positive regulation of protein localization,47/1146,459/18860,0.10239651416122005,1.6851642731942498,3.779842103420111,3.2375769395655323e-4,0.0045841341388331,0.00353905171531455,VIL1/LYN/GPSM2/CFL1/PRR5L/PLS1/NMU/ECT2/SEC24A/EPHB2/SFN/LGALS3/PKP3/C2CD2L/EPHA2/NEDD9/PARP9/ACHE/LRP1/RBP4/KIF20B/MCU/EPB41L2/F2RL1/FFAR2/JAK2/ABCA12/PCK2/SESN2/CFTR/ANXA13/PML/F2RL2/PDZK1/MLXIPL/CHP2/TFRC/DSG3/ADAM8/HLA-DRB1/TNF/NR1H4/TREM2/VSNL1/TNFAIP6/CD38/GCG,47,FDR,B_higher,GO_BP,NA,NA,positive regulation of protein localization
GO:0019751,polyol metabolic process,17/1146,110/18860,0.15454545454545454,2.5433920355386324,4.129193930035993,3.362638909766897e-4,0.00474861547627928,0.00366603490162556,DHFR/PTAFR/GCH1/INPP4A/ITPK1/ACER3/CYP27B1/PLA2G4A/GK5/GK/MOGAT3/PCK2/MOGAT2/P2RY6/PCK1/CYP3A4/PLEK,17,FDR,B_higher,GO_BP,NA,NA,polyol metabolic process
GO:0033623,regulation of integrin activation,6/1146,17/18860,0.35294117647058826,5.8084385586695415,5.0448333755266885,3.438167662067858e-4,0.00480443428798906,0.00370912824386763,FERMT1/FBLIM1/KIF14/CDH17/SELP/PLEK,6,FDR,B_higher,GO_BP,NA,NA,regulation of integrin activation
GO:0044771,meiotic cell cycle phase transition,6/1146,17/18860,0.35294117647058826,5.8084385586695415,5.0448333755266885,3.438167662067858e-4,0.00480443428798906,0.00370912824386763,CDC25B/CDC25A/CDC20/CCNB2/ZWINT/OVOL1,6,FDR,B_higher,GO_BP,NA,NA,meiotic cell cycle phase transition
GO:0051382,kinetochore assembly,6/1146,17/18860,0.35294117647058826,5.8084385586695415,5.0448333755266885,3.438167662067858e-4,0.00480443428798906,0.00370912824386763,CENPA/CENPK/CENPW/CENPE/DLGAP5/CENPF,6,FDR,B_higher,GO_BP,NA,NA,kinetochore assembly
GO:1902969,mitotic DNA replication,6/1146,17/18860,0.35294117647058826,5.8084385586695415,5.0448333755266885,3.438167662067858e-4,0.00480443428798906,0.00370912824386763,RAD51/GINS1/CDC45/MCM4/BRCA2/TK1,6,FDR,B_higher,GO_BP,NA,NA,mitotic DNA replication
GO:0034142,toll-like receptor 4 signaling pathway,13/1146,72/18860,0.18055555555555555,2.97144657746752,4.262891748561778,3.560785214905531e-4,0.00493117322102104,0.00380697346932567,IRAK2/LYN/OAS1/S100A14/TRAF3/MYD88/IFI35/LILRA2/PIK3AP1/F2RL1/MFHAS1/TREM2/BPIFB1,13,FDR,B_higher,GO_BP,NA,NA,toll-like receptor 4 signaling pathway
GO:1900046,regulation of hemostasis,13/1146,72/18860,0.18055555555555555,2.97144657746752,4.262891748561778,3.560785214905531e-4,0.00493117322102104,0.00380697346932567,F12/ANXA2/CEACAM1/CD9/EPHB2/F3/TFPI/HPSE/F2RL1/PLAUR/EMILIN2/PF4/SERPINE2,13,FDR,B_higher,GO_BP,NA,NA,regulation of hemostasis
GO:0033209,tumor necrosis factor-mediated signaling pathway,19/1146,131/18860,0.1450381679389313,2.386928313549951,4.051591824186986,3.5655583458740373e-4,0.00493117322102104,0.00380697346932567,ANXA4/TNFRSF1B/TNFRSF11A/PYDC1/FAS/EXT1/TRAF3/CARD14/KRT18/TNFRSF11B/CASP1/F2RL1/TNFSF13B/JAK2/STAT1/PYCARD/TNFRSF18/TNF/NR1H4,19,FDR,B_higher,GO_BP,NA,NA,tumor necrosis factor-mediated signaling pathway
GO:0045604,regulation of epidermal cell differentiation,12/1146,63/18860,0.1904761904761905,3.134712872932768,4.316768828308612,3.56581652925089e-4,0.00493117322102104,0.00380697346932567,SFN/VDR/EZH2/CYP27B1/MAFF/MSX2/ABCA12/SULT2B1/HES5/ETV4/REG3G/REG3A,12,FDR,B_higher,GO_BP,NA,NA,regulation of epidermal cell differentiation
GO:0140448,signaling receptor ligand precursor processing,10/1146,46/18860,0.21739130434782608,3.5776614310645725,4.4520244241428015,3.6089288836345016e-4,0.00496506762392808,0.00383314068893897,PCSK5/PREP/CASP1/CTSZ/ACE2/PLA2G7/MEP1A/DPP4/ANPEP/MME,10,FDR,B_higher,GO_BP,NA,NA,signaling receptor ligand precursor processing
GO:0150077,regulation of neuroinflammatory response,10/1146,46/18860,0.21739130434782608,3.5776614310645725,4.4520244241428015,3.6089288836345016e-4,0.00496506762392808,0.00383314068893897,TNFRSF1B/IL18/CTSC/LDLR/MMP3/TTBK1/CCR1/TNF/TREM2/CCL3,10,FDR,B_higher,GO_BP,NA,NA,regulation of neuroinflammatory response
GO:0016101,diterpenoid metabolic process,15/1146,91/18860,0.16483516483516483,2.7127322938841263,4.165651505010583,3.643685833220243e-4,0.00499999870892793,0.00386010824977871,SDR16C5/LRP8/DHRS9/AKR1C4/LRP1/RBP4/LDLR/ADH6/ADH4/DGAT1/PLB1/UGT1A8/CYP2D6/RBP2/CYP3A4,15,FDR,B_higher,GO_BP,NA,NA,diterpenoid metabolic process
GO:0170062,nutrient storage,16/1146,101/18860,0.15841584158415842,2.6070879339242823,4.118971665998091,3.743277923342488e-4,0.00511992702497957,0.00395269553012069,SCARB1/PLIN3/STARD4/CIDEC/TLE6/MEST/FITM2/STAT5A/SQLE/FFAR2/IKBKE/CIDEB/DGAT1/TNF/TREM2/APOB,16,FDR,B_higher,GO_BP,NA,NA,nutrient storage
GO:0003333,amino acid transmembrane transport,17/1146,111/18860,0.15315315315315314,2.520478593777023,4.0864488197489734,3.750265018297142e-4,0.00511992702497957,0.00395269553012069,SLC6A14/TTYH3/SLC7A7/SLC43A2/SLC6A20/ARL6IP1/SLC7A4/ACE2/SLC6A19/SLC6A12/SLC6A7/SLC7A9/RGS2/TNF/TSPO2/SLC16A2/SLC3A1,17,FDR,B_higher,GO_BP,NA,NA,amino acid transmembrane transport
GO:0002443,leukocyte mediated immunity,49/1146,488/18860,0.10040983606557376,1.652469029840071,3.7143678684638144,3.8379542879310777e-4,0.00522627550739186,0.00403479888218318,ADORA2B/CEACAM1/CD55/LYN/TNFRSF1B/WDR1/IL18/CFI/PLA2G3/MYD88/RIPK3/IL20RB/CTSC/STAT5A/TUBB4B/F2RL1/IL13RA2/CLCF1/CCR6/C2/CD274/BATF/GZMB/RSAD2/ATAD5/NOD2/CARD9/MILR1/NOS2/TFRC/ULBP2/FCGR2C/BST2/DNASE1L3/FCGR3A/C8G/C4BPA/NCKAP1L/HLA-DRB1/IL4I1/TNF/SH2D1B/TREM2/ICAM1/CCL3/SERPINB9/IL4R/FGR/HLA-DRB3,49,FDR,B_higher,GO_BP,NA,NA,leukocyte mediated immunity
GO:0042886,amide transport,37/1146,338/18860,0.10946745562130178,1.8015324720922787,3.782063798139275,3.8664885997535006e-4,0.00525173438816391,0.004054453694398,CAMK2G/STX1A/NMU/EDN3/C2CD2L/GAL/GLTPD2/IL1RN/ADRA2A/RBP4/MCU/TAP1/F2RL1/CDH17/FFAR2/JAK2/ABCA12/PCK2/CFTR/AQP9/F2RL2/HNF4A/MLXIPL/NOS2/MTTP/ABCG2/MMP7/SLC15A1/S100A8/HLA-DRB1/FAM3D/TNF/NR1H4/SLC16A2/VSNL1/CD38/GCG,37,FDR,B_higher,GO_BP,NA,NA,amide transport
GO:0007162,negative regulation of cell adhesion,36/1146,326/18860,0.11042944785276074,1.8173642116082616,3.786458120525372,3.903053384834264e-4,0.00528794390056987,0.00408240822912801,CEACAM1/CD9/CFL1/EPCAM/ANXA1/EPHB2/LGALS3/ZNF703/MMP12/IL20RB/IL1RN/GBP1/STAT5A/ERBB3/SOCS6/MDK/PLA2G2A/IRF1/CD274/ASCL2/JAK2/ABCA12/ARG2/ASS1/ADAMDEC1/PDE3B/FGL2/LILRB2/CDSN/HLA-DRB1/IL4I1/IDO1/CCL25/IL4R/SERPINE2/SEMA6A,36,FDR,B_higher,GO_BP,NA,NA,negative regulation of cell adhesion
GO:0007127,meiosis I,19/1146,132/18860,0.14393939393939395,2.3688455232957852,4.014107732787222,3.9326731783743333e-4,0.00531458466485118,0.00410297548123531,AURKA/RAD51AP1/FANCD2/TRIP13/RAD54L/CDC25B/ESPL1/RAD51/CKS2/TEX11/TOP2A/MND1/CCNB2/PTTG1/ZWINT/BRCA2/FBXO5/CCNE2/BRIP1,19,FDR,B_higher,GO_BP,NA,NA,meiosis I
GO:0009306,protein secretion,41/1146,388/18860,0.1056701030927835,1.739038520357676,3.7412721161004336,4.0256175008143393e-4,0.00542645106549165,0.00418933878673262,CAMK2G/PCSK5/STX1A/NMU/RHBDF1/SEC24A/C2CD2L/GAL/IL1RN/ADRA2A/ACHE/CASP1/RBP4/MCU/F2RL1/SAA1/PDIA4/FFAR2/JAK2/ABCA12/PCK2/GZMB/CFTR/RSAD2/F2RL2/HNF4A/MLXIPL/NOS2/MTTP/ADAM8/HLA-DRB1/FAM3D/TNF/NR1H4/TREM2/VSNL1/CD38/SCG2/KRT20/GCG/PLEK,41,FDR,B_higher,GO_BP,NA,NA,protein secretion
GO:0001959,regulation of cytokine-mediated signaling pathway,25/1146,198/18860,0.12626262626262627,2.0779346695577066,3.878280903835454,4.187049451137034e-4,0.00562493225965861,0.00434257060530525,IRAK2/ANXA4/OAS3/PYDC1/OAS1/EXT1/USP18/AGPAT2/TNFRSF11B/PARP9/MMP12/IL1RN/CASP1/ECM1/F2RL1/ISG15/PARP14/PADI2/IKBKE/NLRC5/ZBP1/PYCARD/GFI1/NR1H4/TREM2,25,FDR,B_higher,GO_BP,NA,NA,regulation of cytokine-mediated signaling pathway
GO:0002275,myeloid cell activation involved in immune response,16/1146,102/18860,0.1568627450980392,2.581528248297574,4.0735879044875984,4.193936004766071e-4,0.00562493225965861,0.00434257060530525,ADORA2B/LYN/PLA2G3/MYD88/IFI35/LILRA2/F2RL1/IL13RA2/PYCARD/MILR1/DNASE1L3/TNF/TREM2/CCL3/IL4R/FGR,16,FDR,B_higher,GO_BP,NA,NA,myeloid cell activation involved in immune response
GO:0002460,adaptive immune response based on somatic recombination of immune receptors built from immunoglobulin superfamily domains,42/1146,402/18860,0.1044776119402985,1.719413404183272,3.708451042430947,4.358986892112989e-4,0.00583164712533812,0.00450215899818555,CEACAM1/CD55/TNFRSF1B/IL18/CFI/ANXA1/EPHB2/ENTPD7/MYD88/RIPK3/IL20RB/PLA2G4A/CTSC/SOCS3/STAT5A/IL13RA2/TNFSF13B/CLCF1/CCR6/C2/CD274/ASCL2/BATF/JAK2/RSAD2/ATAD5/CARD9/TFRC/ULBP2/FCGR2C/FCGR3A/C8G/C4BPA/NCKAP1L/HLA-DRB1/IL4I1/TNF/LEF1/TREM2/ICAM1/IL4R/HLA-DRB3,42,FDR,B_higher,GO_BP,NA,NA,adaptive immune response based on somatic recombination of immune receptors built from immunoglobulin superfamily domains
GO:0030866,cortical actin cytoskeleton organization,9/1146,39/18860,0.2307692307692308,3.797825211437777,4.448615332907158,4.418149585769146e-4,0.0058813173288867,0.00454050548058438,VIL1/PLS1/ECT2/ANLN/EPB41L2/RACGAP1/IQGAP3/NCKAP1L/PLEK,9,FDR,B_higher,GO_BP,NA,NA,cortical actin cytoskeleton organization
GO:0045589,regulation of regulatory T cell differentiation,9/1146,39/18860,0.2307692307692308,3.797825211437777,4.448615332907158,4.418149585769146e-4,0.0058813173288867,0.00454050548058438,FANCD2/FANCA/DUSP10/IL2RG/MDK/IRF1/LILRB2/HLA-DRB1/IL4I1,9,FDR,B_higher,GO_BP,NA,NA,regulation of regulatory T cell differentiation
GO:0015833,peptide transport,33/1146,292/18860,0.11301369863013698,1.8598938535465823,3.766578521500904,4.443346105869628e-4,0.00590014465500797,0.00455504058771395,CAMK2G/STX1A/NMU/EDN3/C2CD2L/GAL/IL1RN/ADRA2A/RBP4/MCU/TAP1/F2RL1/CDH17/FFAR2/JAK2/ABCA12/PCK2/CFTR/F2RL2/HNF4A/MLXIPL/NOS2/MMP7/SLC15A1/S100A8/HLA-DRB1/FAM3D/TNF/NR1H4/SLC16A2/VSNL1/CD38/GCG,33,FDR,B_higher,GO_BP,NA,NA,peptide transport
GO:1902107,positive regulation of leukocyte differentiation,25/1146,199/18860,0.12562814070351758,2.0674927867961097,3.850501968781382,4.51882803865922e-4,0.00592174915248119,0.00457171973180648,TNFRSF11A/IL18/PLA2G3/ANXA1/NEDD9/DUSP10/STAT5A/LIF/IL2RG/MDK/VNN1/TNFSF9/ADAM8/LILRB2/NCKAP1L/CCR1/HLA-DRB1/IL4I1/TNF/LEF1/TREM2/PF4/IL4R/PCK1/GPR65,25,FDR,B_higher,GO_BP,NA,NA,positive regulation of leukocyte differentiation
GO:1903708,positive regulation of hemopoiesis,25/1146,199/18860,0.12562814070351758,2.0674927867961097,3.850501968781382,4.51882803865922e-4,0.00592174915248119,0.00457171973180648,TNFRSF11A/IL18/PLA2G3/ANXA1/NEDD9/DUSP10/STAT5A/LIF/IL2RG/MDK/VNN1/TNFSF9/ADAM8/LILRB2/NCKAP1L/CCR1/HLA-DRB1/IL4I1/TNF/LEF1/TREM2/PF4/IL4R/PCK1/GPR65,25,FDR,B_higher,GO_BP,NA,NA,positive regulation of hemopoiesis
GO:0006863,purine nucleobase transport,5/1146,12/18860,0.4166666666666667,6.857184409540431,5.1622639089180895,4.537271268948684e-4,0.00592174915248119,0.00457171973180648,SLC29A2/SLC23A3/AQP9/SLC43A3/SLC28A1,5,FDR,B_higher,GO_BP,NA,NA,purine nucleobase transport
GO:0007056,spindle assembly involved in female meiosis,5/1146,12/18860,0.4166666666666667,6.857184409540431,5.1622639089180895,4.537271268948684e-4,0.00592174915248119,0.00457171973180648,AURKA/SKA1/SKA3/CCNB2/FBXO5,5,FDR,B_higher,GO_BP,NA,NA,spindle assembly involved in female meiosis
GO:0051798,positive regulation of hair follicle development,5/1146,12/18860,0.4166666666666667,6.857184409540431,5.1622639089180895,4.537271268948684e-4,0.00592174915248119,0.00457171973180648,GAL/HPSE/MSX2/KRT17/TNF,5,FDR,B_higher,GO_BP,NA,NA,positive regulation of hair follicle development
GO:0090232,positive regulation of spindle checkpoint,5/1146,12/18860,0.4166666666666667,6.857184409540431,5.1622639089180895,4.537271268948684e-4,0.00592174915248119,0.00457171973180648,MAD2L1/CDCA8/BIRC5/INCENP/GEN1,5,FDR,B_higher,GO_BP,NA,NA,positive regulation of spindle checkpoint
GO:1904729,regulation of intestinal lipid absorption,5/1146,12/18860,0.4166666666666667,6.857184409540431,5.1622639089180895,4.537271268948684e-4,0.00592174915248119,0.00457171973180648,CLDN2/ABCG5/CLDN15/ABCG8/APOA4,5,FDR,B_higher,GO_BP,NA,NA,regulation of intestinal lipid absorption
GO:0032368,regulation of lipid transport,21/1146,155/18860,0.13548387096774195,2.2296909305860497,3.909995717156169,4.611460452792567e-4,0.00600389656024554,0.00463513932546416,ANXA2/PCSK9/TNFRSF11A/LIPG/PLA2G3/XRCC4/SEC24A/GAL/CYP4F2/ACSL5/LRP1/PLA2G4A/MYB/ABCA12/APOC2/AGT/APOC3/SPP1/APOA4/PLA2R1/TREM2,21,FDR,B_higher,GO_BP,NA,NA,regulation of lipid transport
GO:0030856,regulation of epithelial cell differentiation,23/1146,177/18860,0.12994350282485875,2.138511748060066,3.8707414356372,4.651227426746257e-4,0.00604093722724367,0.00466373552969947,CEACAM1/XDH/SFN/VDR/EZH2/CYP27B1/MAFF/STAT5A/LIF/PROM1/MSX2/TBX3/ABCA12/SULT2B1/STAT1/HES5/ETV4/MSX1/PAX6/REG3G/TNF/LEF1/REG3A,23,FDR,B_higher,GO_BP,NA,NA,regulation of epithelial cell differentiation
GO:0035592,establishment of protein localization to extracellular region,41/1146,391/18860,0.10485933503836316,1.725695513807617,3.6881998451125866,4.710135133077855e-4,0.00610119859056659,0.00471025861885355,CAMK2G/PCSK5/STX1A/NMU/RHBDF1/SEC24A/C2CD2L/GAL/IL1RN/ADRA2A/ACHE/CASP1/RBP4/MCU/F2RL1/SAA1/PDIA4/FFAR2/JAK2/ABCA12/PCK2/GZMB/CFTR/RSAD2/F2RL2/HNF4A/MLXIPL/NOS2/MTTP/ADAM8/HLA-DRB1/FAM3D/TNF/NR1H4/TREM2/VSNL1/CD38/SCG2/KRT20/GCG/PLEK,41,FDR,B_higher,GO_BP,NA,NA,establishment of protein localization to extracellular region
GO:0061900,glial cell activation,11/1146,56/18860,0.19642857142857145,3.232672650211917,4.255859318817935,4.720485233990269e-4,0.00610119859056659,0.00471025861885355,LRP1/CTSC/LDLR/JAK2/C5AR1/FPR2/TLR1/TTBK1/TNF/TREM2/CCL3,11,FDR,B_higher,GO_BP,NA,NA,glial cell activation
GO:0090303,positive regulation of wound healing,12/1146,65/18860,0.18461538461538465,3.038260169150222,4.186860103472579,4.8121068954937743e-4,0.00620459579906902,0.00479008352297435,F12/CLDN4/ANXA1/CLDN1/F3/ADRA2A/FERMT1/HPSE/EMILIN2/CLDN3/REG3G/REG3A,12,FDR,B_higher,GO_BP,NA,NA,positive regulation of wound healing
GO:0010755,regulation of plasminogen activation,6/1146,18/18860,0.3333333333333333,5.485747527632344,4.8428486677268126,4.893356972219159e-4,0.00624898074586264,0.00482434967167917,F12/ANXA2/S100A10/CTSZ/PLAUR/SERPINE2,6,FDR,B_higher,GO_BP,NA,NA,regulation of plasminogen activation
GO:0034384,high-density lipoprotein particle clearance,6/1146,18/18860,0.3333333333333333,5.485747527632344,4.8428486677268126,4.893356972219159e-4,0.00624898074586264,0.00482434967167917,SCARB1/LIPG/LDLR/APOC2/APOC3/TREM2,6,FDR,B_higher,GO_BP,NA,NA,high-density lipoprotein particle clearance
GO:0045064,T-helper 2 cell differentiation,6/1146,18/18860,0.3333333333333333,5.485747527632344,4.8428486677268126,4.893356972219159e-4,0.00624898074586264,0.00482434967167917,IL18/ANXA1/MYB/ASCL2/BATF/IL4R,6,FDR,B_higher,GO_BP,NA,NA,T-helper 2 cell differentiation
GO:0045842,positive regulation of mitotic metaphase/anaphase transition,6/1146,18/18860,0.3333333333333333,5.485747527632344,4.8428486677268126,4.893356972219159e-4,0.00624898074586264,0.00482434967167917,SKA1/ESPL1/SKA3/CDC20/DLGAP5/UBE2C,6,FDR,B_higher,GO_BP,NA,NA,positive regulation of mitotic metaphase/anaphase transition
GO:0010639,negative regulation of organelle organization,39/1146,367/18860,0.10626702997275204,1.7488622908255704,3.6848908512082934,4.934199209050741e-4,0.00627206188510755,0.00484216881548304,VIL1/BAK1/CFL1/CCNF/TRIP13/ZWILCH/SKA1/ESPL1/MAD2L1/CDCA8/TRIM54/SPC25/BUB1/SKA3/CHEK1/NUF2/LUZP1/BIRC5/SVIL/CCNB1/CDC20/INCENP/BRCA1/TPX2/BUB1B/ACAA2/LIF/DIAPH3/CENPF/ZWINT/SPC24/PIF1/HIGD1A/GEN1/FBXO5/RHPN2/PML/TFRC/LILRB2,39,FDR,B_higher,GO_BP,NA,NA,negative regulation of organelle organization
GO:0050921,positive regulation of chemotaxis,20/1146,145/18860,0.13793103448275862,2.269964494192694,3.904576924797102,4.934930670185786e-4,0.00627206188510755,0.00484216881548304,S100A14/EDN3/F3/NEDD9/MCU/F2RL1/HSPB1/MDK/CCR6/ITGA2/PLA2G7/CXCL10/C5AR1/FPR2/NCKAP1L/CCR1/CCL26/TREM2/CCL3/SCG2,20,FDR,B_higher,GO_BP,NA,NA,positive regulation of chemotaxis
GO:0046634,regulation of alpha-beta T cell activation,18/1146,124/18860,0.14516129032258066,2.3889545684850533,3.9468785529744537,4.988726392232743e-4,0.00632537327357206,0.00488332637219432,CD55/IL18/ANXA1/LGALS3/CARD11/STAT5A/IL2RG/IRF1/CD274/ASCL2/BATF/JAK2/ARG2/NCKAP1L/HLA-DRB1/IL4R/GPR65/HLA-DRB3,18,FDR,B_higher,GO_BP,NA,NA,regulation of alpha-beta T cell activation
GO:0002285,lymphocyte activation involved in immune response,28/1146,235/18860,0.11914893617021276,1.9608629460473064,3.769993099167678,5.073541561406682e-4,0.0064176693968694,0.00495458099598582,CEACAM1/IL18/ANXA1/ENTPD7/LGALS3/SOCS3/STAT5A/F2RL1/MYB/CDH17/MDK/CLCF1/CCR6/ASCL2/BATF/JAK2/ATAD5/TFRC/FGL2/FCGR3A/NCKAP1L/HLA-DRB1/LEF1/TREM2/ICAM1/IL4R/PCK1/GPR65,28,FDR,B_higher,GO_BP,NA,NA,lymphocyte activation involved in immune response
GO:0001774,microglial cell activation,10/1146,48/18860,0.20833333333333337,3.4285922047702155,4.285002200134613,5.184841570281192e-4,0.00652751988258514,0.00503938797111491,CTSC/LDLR/JAK2/C5AR1/FPR2/TLR1/TTBK1/TNF/TREM2/CCL3,10,FDR,B_higher,GO_BP,NA,NA,microglial cell activation
GO:0048247,lymphocyte chemotaxis,10/1146,48/18860,0.20833333333333337,3.4285922047702155,4.285002200134613,5.184841570281192e-4,0.00652751988258514,0.00503938797111491,CXCL16/CKLF/NEDD9/SAA1/PADI2/CXCL10/ADAM8/CCL26/CCL3/CXCL11,10,FDR,B_higher,GO_BP,NA,NA,lymphocyte chemotaxis
GO:0032602,chemokine production,16/1146,104/18860,0.15384615384615383,2.5318834742918517,3.9844245525231528,5.236617784099589e-4,0.00654788264580134,0.00505510846923,ADORA2B/OAS3/IL18/OAS1/MYD88/EPHA2/HMOX1/F2RL1/FFAR2/ARG2/PYCARD/CARD9/TNF/NR1H4/TREM2/IL4R,16,FDR,B_higher,GO_BP,NA,NA,chemokine production
GO:0032642,regulation of chemokine production,16/1146,104/18860,0.15384615384615383,2.5318834742918517,3.9844245525231528,5.236617784099589e-4,0.00654788264580134,0.00505510846923,ADORA2B/OAS3/IL18/OAS1/MYD88/EPHA2/HMOX1/F2RL1/FFAR2/ARG2/PYCARD/CARD9/TNF/NR1H4/TREM2/IL4R,16,FDR,B_higher,GO_BP,NA,NA,regulation of chemokine production
GO:0006805,xenobiotic metabolic process,19/1146,135/18860,0.14074074074074075,2.31620451166699,3.903666116932149,5.237815454771777e-4,0.00654788264580134,0.00505510846923,NAT1/NR1I2/TPMT/CES2/NAT2/CYP4F2/CES3/SULT1A4/UGT2B7/CBR3/SLCO2B1/CYP4F12/CYP2J2/HNF4A/S100A12/UGT1A8/SULT1C3/CYP2D6/CYP3A4,19,FDR,B_higher,GO_BP,NA,NA,xenobiotic metabolic process
GO:0009952,anterior/posterior pattern specification,27/1146,224/18860,0.12053571428571427,1.9836854899027676,3.76701407110831,5.285885769848182e-4,0.00659253697183401,0.00508958258459312,ETS2/PCSK5/CDX2/AURKA/HOXB2/MSX2/TBX3/SRF/CDX1/BHLHE40/HOXB6/HES2/HES5/MSX1/HOXB3/HOXA9/BHLHE41/HOXB5/PAX6/HOXB9/HOXC6/HOXA11/HOXA10/TIFAB/LEF1/HOXB7/HOXC9,27,FDR,B_higher,GO_BP,NA,NA,anterior/posterior pattern specification
GO:0045109,intermediate filament organization,13/1146,75/18860,0.17333333333333334,2.852588714368819,4.088814094283183,5.369972053008039e-4,0.00667098864631352,0.0051501489914057,KRT19/KRT15/EPPK1/KRT80/KRT6B/KRT7/KRT14/KRT6C/KRT17/KRT6A/KRT16/NEFM/KRT20,13,FDR,B_higher,GO_BP,NA,NA,intermediate filament organization
GO:0034110,regulation of homotypic cell-cell adhesion,9/1146,40/18860,0.225,3.702879581151832,4.352514257788118,5.397059915652455e-4,0.00667098864631352,0.0051501489914057,CEACAM1/LYN/CD9/ZNF703/PLAUR/EMILIN2/JAK2/PDPN/SERPINE2,9,FDR,B_higher,GO_BP,NA,NA,regulation of homotypic cell-cell adhesion
GO:0045730,respiratory burst,9/1146,40/18860,0.225,3.702879581151832,4.352514257788118,5.397059915652455e-4,0.00667098864631352,0.0051501489914057,CD55/NOXO1/DUSP10/CYBA/S100A9/NCF2/HCK/SLAMF8/TREM2,9,FDR,B_higher,GO_BP,NA,NA,respiratory burst
GO:0002702,positive regulation of production of molecular mediator of immune response,20/1146,146/18860,0.136986301369863,2.254416792177676,3.870154415108977,5.398776873749425e-4,0.00667098864631352,0.0051501489914057,CD55/IL18/EPHB2/MYD88/NOD1/RBP4/F2RL1/IL2RG/FFAR2/CLCF1/SEMA7A/RSAD2/ATAD5/PYCARD/KLK7/NOD2/CARD9/TFRC/TNF/IL4R,20,FDR,B_higher,GO_BP,NA,NA,positive regulation of production of molecular mediator of immune response
GO:0060444,branching involved in mammary gland duct morphogenesis,7/1146,25/18860,0.28,4.60802792321117,4.591455726344097,5.477772170542458e-4,0.00672730919247359,0.00519362968360594,AREG/VDR/EPHA2/TFAP2C/MSX2/TBX3/PML,7,FDR,B_higher,GO_BP,NA,NA,branching involved in mammary gland duct morphogenesis
GO:0072677,eosinophil migration,7/1146,25/18860,0.28,4.60802792321117,4.591455726344097,5.477772170542458e-4,0.00672730919247359,0.00519362968360594,LGALS3/ADAM8/CCL13/CCL26/CCL3/CCL25/SCG2,7,FDR,B_higher,GO_BP,NA,NA,eosinophil migration
GO:0046887,positive regulation of hormone secretion,21/1146,157/18860,0.1337579617834395,2.2012872244639343,3.8444513248279617,5.4821646660285e-4,0.00672730919247359,0.00519362968360594,NMU/PLA2G3/EDN3/C2CD2L/GAL/RBP4/MCU/MYB/FFAR2/JAK2/PCK2/CFTR/F2RL2/MLXIPL/SPP1/HLA-DRB1/NR1H4/VSNL1/CD38/INHBA/GCG,21,FDR,B_higher,GO_BP,NA,NA,positive regulation of hormone secretion
GO:0031638,zymogen activation,11/1146,57/18860,0.19298245614035087,3.175959094945042,4.184734415542035,5.532830012153492e-4,0.00674217864243529,0.00520510922386349,F12/ANXA2/S100A10/PRSS3/CTSZ/PLAUR/KLK1/PRSS12/HPR/SERPINE2/FCN1,11,FDR,B_higher,GO_BP,NA,NA,zymogen activation
GO:0016054,organic acid catabolic process,29/1146,248/18860,0.11693548387096774,1.9244356246129597,3.727342581384088,5.539230284799863e-4,0.00674217864243529,0.00520510922386349,LDHA/ACOT7/MFSD2A/SLC16A3/SLC27A2/CYP4F3/SLC27A4/CYP4F2/ABHD3/OTC/ACAA2/KYNU/ACOX2/ARHGAP11B/CYP4F12/PCK2/SESN2/TDO2/SDS/NOS2/DDO/DPEP2/CRYM/IL4I1/AGXT/IDO1/LDHC/ACMSD/PCK1,29,FDR,B_higher,GO_BP,NA,NA,organic acid catabolic process
GO:0046395,carboxylic acid catabolic process,29/1146,248/18860,0.11693548387096774,1.9244356246129597,3.727342581384088,5.539230284799863e-4,0.00674217864243529,0.00520510922386349,LDHA/ACOT7/MFSD2A/SLC16A3/SLC27A2/CYP4F3/SLC27A4/CYP4F2/ABHD3/OTC/ACAA2/KYNU/ACOX2/ARHGAP11B/CYP4F12/PCK2/SESN2/TDO2/SDS/NOS2/DDO/DPEP2/CRYM/IL4I1/AGXT/IDO1/LDHC/ACMSD/PCK1,29,FDR,B_higher,GO_BP,NA,NA,carboxylic acid catabolic process
GO:0051653,spindle localization,12/1146,66/18860,0.18181818181818185,2.992225924163097,4.123768363782812,5.561405331168754e-4,0.00674217864243529,0.00520510922386349,GPSM2/CFL1/SKA1/ESPL1/MAD2L1/CENPA/SPAG5/TLE6/SKA3/ASPM/NUSAP1/PAX6,12,FDR,B_higher,GO_BP,NA,NA,spindle localization
GO:0010562,positive regulation of phosphorus metabolic process,35/1146,320/18860,0.109375,1.800010907504363,3.6712110463656833,5.570065157950476e-4,0.00674217864243529,0.00520510922386349,LYN/IL18/HTR2B/MAP2K3/ECT2/RIPK3/AREG/CARD14/NEDD9/EZH2/PARP9/CENPE/TPX2/LIF/CDKN1A/KIF14/CLSPN/MMD/GPD1/PLAUR/PARP14/BANK1/JAK2/CHI3L1/APOC2/P2RY6/MLXIPL/CHP2/S100A12/EREG/TNFRSF18/HLA-DRB1/TNF/NR1H4/TREM2,35,FDR,B_higher,GO_BP,NA,NA,positive regulation of phosphorus metabolic process
GO:0045937,positive regulation of phosphate metabolic process,35/1146,320/18860,0.109375,1.800010907504363,3.6712110463656833,5.570065157950476e-4,0.00674217864243529,0.00520510922386349,LYN/IL18/HTR2B/MAP2K3/ECT2/RIPK3/AREG/CARD14/NEDD9/EZH2/PARP9/CENPE/TPX2/LIF/CDKN1A/KIF14/CLSPN/MMD/GPD1/PLAUR/PARP14/BANK1/JAK2/CHI3L1/APOC2/P2RY6/MLXIPL/CHP2/S100A12/EREG/TNFRSF18/HLA-DRB1/TNF/NR1H4/TREM2,35,FDR,B_higher,GO_BP,NA,NA,positive regulation of phosphate metabolic process
GO:0042116,macrophage activation,17/1146,115/18860,0.14782608695652175,2.432809773123909,3.9200179153844714,5.712017539193037e-4,0.00689835964348697,0.00532568436912139,PLA2G3/IFI35/PLA2G4A/CTSC/LDLR/MFHAS1/TMEM106A/JAK2/C5AR1/FPR2/TLR1/FCGR3A/TTBK1/TNF/TREM2/CCL3/IL4R,17,FDR,B_higher,GO_BP,NA,NA,macrophage activation
GO:0050886,endocrine process,16/1146,105/18860,0.1523809523809524,2.507770298346215,3.940620552181171,5.836368874104842e-4,0.00703262687358276,0.00542934160440072,PCSK5/PREP/EDN3/GAL/F2RL1/CTSZ/CYBA/FOXD1/ACE2/TBX3/ANPEP/HSD11B2/AGT/MME/SPP1/INHBA,16,FDR,B_higher,GO_BP,NA,NA,endocrine process
GO:0016125,sterol metabolic process,22/1146,169/18860,0.1301775147928994,2.142362939785413,3.7942374635991527,5.967511794615994e-4,0.00717445449541896,0.00553883562729294,SCARB1/PCSK9/STARD4/MVD/APOBR/MSMO1/LDLR/ACAA2/NPC1L1/SQLE/SULT2B1/APOL1/CFTR/APOL2/AGT/NR1H4/APOA4/SULT1C3/CYP2D6/APOB/PCK1/CYP3A4,22,FDR,B_higher,GO_BP,NA,NA,sterol metabolic process
GO:0061640,cytoskeleton-dependent cytokinesis,18/1146,126/18860,0.14285714285714285,2.351034654699576,3.870168043128547,6.064073465011422e-4,0.00727416273173729,0.00561581256428615,RHOC/CFL1/ECT2/ESPL1/CDCA8/CENPA/KIF4A/ANLN/CEP55/LUZP1/BIRC5/KIF23/KIF20A/KIF20B/INCENP/RACGAP1/IQGAP3/NUSAP1,18,FDR,B_higher,GO_BP,NA,NA,cytoskeleton-dependent cytokinesis
GO:0033627,cell adhesion mediated by integrin,13/1146,76/18860,0.17105263157894737,2.8150546523376505,4.032698759827076,6.123896557058388e-4,0.00731305588849612,0.00564583893109233,LYN/EXT1/EPHA2/FERMT1/LIF/EMILIN2/ITGA2/ITGB8/DPP4/NPNT/PDE3B/NCKAP1L/ICAM1,13,FDR,B_higher,GO_BP,NA,NA,cell adhesion mediated by integrin
GO:1903036,positive regulation of response to wounding,13/1146,76/18860,0.17105263157894737,2.8150546523376505,4.032698759827076,6.123896557058388e-4,0.00731305588849612,0.00564583893109233,F12/CLDN4/ANXA1/CLDN1/F3/ADRA2A/FERMT1/HPSE/EMILIN2/CLDN3/MDK/REG3G/REG3A,13,FDR,B_higher,GO_BP,NA,NA,positive regulation of response to wounding
GO:2000516,"positive regulation of CD4-positive, alpha-beta T cell activation",10/1146,49/18860,0.20408163265306123,3.358620935285109,4.2047827924497625,6.164411320315309e-4,0.00734500616692926,0.00567050524413403,CD55/IL18/ANXA1/CARD11/IL2RG/NCKAP1L/HLA-DRB1/IL4R/GPR65/HLA-DRB3,10,FDR,B_higher,GO_BP,NA,NA,"positive regulation of CD4-positive, alpha-beta T cell activation"
GO:1903532,positive regulation of secretion by cell,34/1146,310/18860,0.10967741935483873,1.804987896188707,3.634892398242816,6.314360416823712e-4,0.0074823597588304204,0.00577654521816196,ANXA2/ADORA2B/S100A10/TNFRSF11A/STX1A/NMU/PLA2G3/SEC24A/EDN3/C2CD2L/GAL/ACHE/PLA2G4A/RBP4/MCU/F2RL1/MYB/FFAR2/JAK2/PCK2/CFTR/F2RL2/MLXIPL/ADAM8/SPP1/HLA-DRB1/NR1H4/TREM2/VSNL1/CD38/IL4R/INHBA/FGR/GCG,34,FDR,B_higher,GO_BP,NA,NA,positive regulation of secretion by cell
GO:0032611,interleukin-1 beta production,17/1146,116/18860,0.14655172413793102,2.4118372750797374,3.879500566284343,6.321738949480183e-4,0.0074823597588304204,0.00577654521816196,PYDC1/MYD88/NOD1/GLTPD2/LILRA2/CASP1/F2RL1/HSPB1/TMEM106A/JAK2/ARG2/PYCARD/PML/NOD2/TNF/TREM2/CCL3,17,FDR,B_higher,GO_BP,NA,NA,interleukin-1 beta production
GO:0032651,regulation of interleukin-1 beta production,17/1146,116/18860,0.14655172413793102,2.4118372750797374,3.879500566284343,6.321738949480183e-4,0.0074823597588304204,0.00577654521816196,PYDC1/MYD88/NOD1/GLTPD2/LILRA2/CASP1/F2RL1/HSPB1/TMEM106A/JAK2/ARG2/PYCARD/PML/NOD2/TNF/TREM2/CCL3,17,FDR,B_higher,GO_BP,NA,NA,regulation of interleukin-1 beta production
GO:0015701,bicarbonate transport,8/1146,33/18860,0.24242424242424243,3.989634565550796,4.371976648420254,6.429154293525989e-4,0.00757589969510855,0.00584876009275107,SLC4A11/SLC39A5/SLC39A10/SLC4A7/BEST2/CFTR/SLC26A3/BEST4,8,FDR,B_higher,GO_BP,NA,NA,bicarbonate transport
GO:0048710,regulation of astrocyte differentiation,8/1146,33/18860,0.24242424242424243,3.989634565550796,4.371976648420254,6.429154293525989e-4,0.00757589969510855,0.00584876009275107,GPR37L1/LDLR/LIF/CLCF1/HES5/TTBK1/TREM2/SERPINE2,8,FDR,B_higher,GO_BP,NA,NA,regulation of astrocyte differentiation
GO:0097193,intrinsic apoptotic signaling pathway,36/1146,335/18860,0.10746268656716418,1.7685395014456513,3.6099634799082536,6.495320750878351e-4,0.00763700928814727,0.00589593803377898,BAK1/NACC2/TNFRSF1B/MELK/CHEK2/SFN/E2F2/RIPK3/CRIP1/EPHA2/APAF1/FIGNL1/BRCA1/CDKN1A/PLAUR/BRCA2/RNF186/HSPB1/VNN1/E2F1/JAK2/IKBKE/CIDEB/SNAI1/BDKRB2/S100A9/ATAD5/PYCARD/PML/MSX1/HELLS/BCL2A1/S100A8/TIFAB/TNF/TREM2,36,FDR,B_higher,GO_BP,NA,NA,intrinsic apoptotic signaling pathway
GO:0019915,lipid storage,15/1146,96/18860,0.15625,2.5714441535776613,3.926134512840173,6.54611507187715e-4,0.00764697399163028,0.00590363100258968,SCARB1/PLIN3/STARD4/CIDEC/MEST/FITM2/STAT5A/SQLE/FFAR2/IKBKE/CIDEB/DGAT1/TNF/TREM2/APOB,15,FDR,B_higher,GO_BP,NA,NA,lipid storage
GO:0045104,intermediate filament cytoskeleton organization,15/1146,96/18860,0.15625,2.5714441535776613,3.926134512840173,6.54611507187715e-4,0.00764697399163028,0.00590363100258968,KRT19/KRT15/KRT18/EPPK1/KRT80/KRT6B/FAM83H/KRT7/KRT14/KRT6C/KRT17/KRT6A/KRT16/NEFM/KRT20,15,FDR,B_higher,GO_BP,NA,NA,intermediate filament cytoskeleton organization
GO:0010669,epithelial structure maintenance,9/1146,41/18860,0.2195121951219512,3.612565445026178,4.259456177989438,6.546772413216634e-4,0.00764697399163028,0.00590363100258968,MUC13/NR1I2/PKP3/TFF3/RBP4/SRF/NOD2/SERPINA3/MUC2,9,FDR,B_higher,GO_BP,NA,NA,epithelial structure maintenance
GO:0071692,protein localization to extracellular region,41/1146,398/18860,0.10301507537688442,1.69534408517281,3.566114196853133,6.725508351588532e-4,0.00783859466829248,0.00605156635175111,CAMK2G/PCSK5/STX1A/NMU/RHBDF1/SEC24A/C2CD2L/GAL/IL1RN/ADRA2A/ACHE/CASP1/RBP4/MCU/F2RL1/SAA1/PDIA4/FFAR2/JAK2/ABCA12/PCK2/GZMB/CFTR/RSAD2/F2RL2/HNF4A/MLXIPL/NOS2/MTTP/ADAM8/HLA-DRB1/FAM3D/TNF/NR1H4/TREM2/VSNL1/CD38/SCG2/KRT20/GCG/PLEK,41,FDR,B_higher,GO_BP,NA,NA,protein localization to extracellular region
GO:1901569,fatty acid derivative catabolic process,6/1146,19/18860,0.3157894736842105,5.197023973546431,4.6554277877446495,6.786328080256734e-4,0.007875091150524,0.00607974243345654,ACOT7/CYP4F3/CYP4F2/FITM2/CYP4F12/DPEP2,6,FDR,B_higher,GO_BP,NA,NA,fatty acid derivative catabolic process
GO:1902101,positive regulation of metaphase/anaphase transition of cell cycle,6/1146,19/18860,0.3157894736842105,5.197023973546431,4.6554277877446495,6.786328080256734e-4,0.007875091150524,0.00607974243345654,SKA1/ESPL1/SKA3/CDC20/DLGAP5/UBE2C,6,FDR,B_higher,GO_BP,NA,NA,positive regulation of metaphase/anaphase transition of cell cycle
GO:0002003,angiotensin maturation,5/1146,13/18860,0.38461538461538464,6.329708685729629,4.889307495665292,7.00521234727215e-4,0.00804168247521263,0.00620835457602048,PREP/CTSZ/ACE2/ANPEP/MME,5,FDR,B_higher,GO_BP,NA,NA,angiotensin maturation
GO:0007144,female meiosis I,5/1146,13/18860,0.38461538461538464,6.329708685729629,4.889307495665292,7.00521234727215e-4,0.00804168247521263,0.00620835457602048,AURKA/TRIP13/CDC25B/CCNB2/FBXO5,5,FDR,B_higher,GO_BP,NA,NA,female meiosis I
GO:0015851,nucleobase transport,5/1146,13/18860,0.38461538461538464,6.329708685729629,4.889307495665292,7.00521234727215e-4,0.00804168247521263,0.00620835457602048,SLC29A2/SLC23A3/AQP9/SLC43A3/SLC28A1,5,FDR,B_higher,GO_BP,NA,NA,nucleobase transport
GO:0032494,response to peptidoglycan,5/1146,13/18860,0.38461538461538464,6.329708685729629,4.889307495665292,7.00521234727215e-4,0.00804168247521263,0.00620835457602048,MYD88/NOD2/CARD9/C5AR1/TREM2,5,FDR,B_higher,GO_BP,NA,NA,response to peptidoglycan
GO:1903490,positive regulation of mitotic cytokinesis,5/1146,13/18860,0.38461538461538464,6.329708685729629,4.889307495665292,7.00521234727215e-4,0.00804168247521263,0.00620835457602048,ECT2/CDCA8/BIRC5/KIF20B/INCENP,5,FDR,B_higher,GO_BP,NA,NA,positive regulation of mitotic cytokinesis
GO:0048143,astrocyte activation,7/1146,26/18860,0.2692307692307692,4.430796080010739,4.4524967899658305,7.106179912065013e-4,0.00814008334133112,0.00628432219465428,LRP1/LDLR/C5AR1/FPR2/TTBK1/TNF/TREM2,7,FDR,B_higher,GO_BP,NA,NA,astrocyte activation
GO:0050871,positive regulation of B cell activation,14/1146,87/18860,0.16091954022988506,2.6482919098914763,3.9194058109115426,7.251289236659797e-4,0.00828175669710132,0.00639369712077294,EPHB2/CARD11/BST1/STAT5A/CDKN1A/TNFSF13B/SLC39A10/IL2RG/CLCF1/ATAD5/NOD2/TFRC/NCKAP1L/CD38,14,FDR,B_higher,GO_BP,NA,NA,positive regulation of B cell activation
GO:0045580,regulation of T cell differentiation,24/1146,194/18860,0.12371134020618556,2.035947536028499,3.688980120840106,7.263655366045875e-4,0.00828175669710132,0.00639369712077294,IL18/ANXA1/FANCD2/CARD11/FANCA/DUSP10/STAT5A/IL2RG/MDK/VNN1/IRF1/TNFSF9/ASCL2/BATF/ADAM8/FGL2/LILRB2/NCKAP1L/HLA-DRB1/IL4I1/LEF1/IL4R/PCK1/GPR65,24,FDR,B_higher,GO_BP,NA,NA,regulation of T cell differentiation
GO:0010837,regulation of keratinocyte proliferation,10/1146,50/18860,0.2,3.2914485165794067,4.126615712036138,7.291917661366845e-4,0.00828175669710132,0.00639369712077294,CDH3/SFN/AREG/VDR/EPPK1/BCL11B/MDK/OVOL1/REG3G/REG3A,10,FDR,B_higher,GO_BP,NA,NA,regulation of keratinocyte proliferation
GO:0045071,negative regulation of viral genome replication,10/1146,50/18860,0.2,3.2914485165794067,4.126615712036138,7.291917661366845e-4,0.00828175669710132,0.00639369712077294,OAS3/OAS1/ISG15/OAS2/RSAD2/IFIT1/MX1/BST2/APOBEC3B/TNF,10,FDR,B_higher,GO_BP,NA,NA,negative regulation of viral genome replication
GO:0045103,intermediate filament-based process,15/1146,97/18860,0.15463917525773196,2.5449344200356236,3.88005691206931,7.31704977050149e-4,0.00829265640656835,0.00640211193463254,KRT19/KRT15/KRT18/EPPK1/KRT80/KRT6B/FAM83H/KRT7/KRT14/KRT6C/KRT17/KRT6A/KRT16/NEFM/KRT20,15,FDR,B_higher,GO_BP,NA,NA,intermediate filament-based process
GO:0010720,positive regulation of cell development,45/1146,451/18860,0.09977827050997784,1.6420752022846263,3.510365908918748,7.442986292085927e-4,0.00841751288710904,0.00649850386563702,LYN/TNFRSF1B/TNFRSF11A/IL18/AURKA/PLA2G3/ANXA1/LRP8/EPHB2/TNFRSF12A/NEDD9/ZNF488/CLCN2/DUSP10/STAT5A/LIF/ASPM/MYB/TGM2/IL2RG/MDK/CLCF1/VNN1/TNFSF9/SRF/E2F1/SEMA7A/PAX6/ADAM8/HOXA11/LILRB2/MME/NCKAP1L/TTBK1/CCR1/HLA-DRB1/IL4I1/TNF/LEF1/TREM2/PF4/IL4R/PCK1/SERPINE2/GPR65,45,FDR,B_higher,GO_BP,NA,NA,positive regulation of cell development
GO:0046631,alpha-beta T cell activation,25/1146,206/18860,0.12135922330097088,1.9972381775360477,3.660495179210007,7.558264267775097e-4,0.0085298128248168,0.00658520187122276,CD55/IL18/ANXA1/ENTPD7/LGALS3/CARD11/SOCS3/STAT5A/BCL11B/MYB/IL2RG/IRF1/CD274/ASCL2/BATF/JAK2/ARG2/RSAD2/CLEC4A/NCKAP1L/HLA-DRB1/LEF1/IL4R/GPR65/HLA-DRB3,25,FDR,B_higher,GO_BP,NA,NA,alpha-beta T cell activation
GO:0046434,organophosphate catabolic process,29/1146,253/18860,0.11462450592885376,1.8864033000158655,3.610328875799219,7.650077380944155e-4,0.00861521372562867,0.00665113323259968,UPP1/LDHA/ACOT7/SCARB1/LIPG/XDH/PLBD1/PFKP/GDA/HKDC1/ENTPD7/PFKFB4/GDPD3/GALM/FITM2/PLA2G4A/ENTPD2/LDLR/PLA2G4F/PLD1/GPD1/VNN1/PLA2G7/APOC2/ENTPD3/MLXIPL/PLB1/NT5E/PLA2G4D,29,FDR,B_higher,GO_BP,NA,NA,organophosphate catabolic process
GO:0016486,peptide hormone processing,9/1146,42/18860,0.21428571428571427,3.526551982049364,4.169264712530977,7.888900648638182e-4,0.00884257445989843,0.00682666068712949,PCSK5/PREP/CTSZ/ACE2/PLA2G7/MEP1A/DPP4/ANPEP/MME,9,FDR,B_higher,GO_BP,NA,NA,peptide hormone processing
GO:0071398,cellular response to fatty acid,9/1146,42/18860,0.21428571428571427,3.526551982049364,4.169264712530977,7.888900648638182e-4,0.00884257445989843,0.00682666068712949,CLDN1/AKR1C4/CCNB1/LDLR/FFAR2/CPS1/E2F1/ASS1/NR1H4,9,FDR,B_higher,GO_BP,NA,NA,cellular response to fatty acid
GO:0046470,phosphatidylcholine metabolic process,13/1146,78/18860,0.16666666666666666,2.742873763816172,3.9231565127688848,7.901663576941839e-4,0.00884257445989843,0.00682666068712949,SCARB1/MFSD2A/PLA2G3/LPCAT1/GDPD3/ABHD3/PLA2G4A/LDLR/LPGAT1/PLA2G2A/PLA2G7/PLB1/APOA4,13,FDR,B_higher,GO_BP,NA,NA,phosphatidylcholine metabolic process
GO:0046475,glycerophospholipid catabolic process,8/1146,34/18860,0.2352941176470588,3.872292372446361,4.263658331248238,7.964648391137016e-4,0.00889441278491409,0.00686668100667285,SCARB1/GDPD3/PLA2G4A/LDLR/PLA2G4F/PLA2G7/PLB1/PLA2G4D,8,FDR,B_higher,GO_BP,NA,NA,glycerophospholipid catabolic process
GO:0001960,negative regulation of cytokine-mediated signaling pathway,16/1146,108/18860,0.14814814814814814,2.438110012281042,3.812180972651093,8.000410608968329e-4,0.00889712329805686,0.00686877358204188,ANXA4/OAS3/PYDC1/OAS1/USP18/TNFRSF11B/MMP12/IL1RN/ECM1/F2RL1/ISG15/PARP14/PADI2/NLRC5/NR1H4/TREM2,16,FDR,B_higher,GO_BP,NA,NA,negative regulation of cytokine-mediated signaling pathway
GO:0050764,regulation of phagocytosis,16/1146,108/18860,0.14814814814814814,2.438110012281042,3.812180972651093,8.000410608968329e-4,0.00889712329805686,0.00686877358204188,SCARB1/LYAR/F2RL1/TGM2/CYBA/IL2RG/ITGA2/C2/PYCARD/HCK/FPR2/FCGR2C/NCKAP1L/TREM2/FGR/FCN1,16,FDR,B_higher,GO_BP,NA,NA,regulation of phagocytosis
GO:0019722,calcium-mediated signaling,28/1146,242/18860,0.11570247933884298,1.904143769921971,3.6005760056697333,8.079252702452055e-4,0.00896612285357361,0.006922042746493,GRIN2D/CCRL2/PTBP1/CALM2/HTR2B/JPH1/FHL2/GBP1/MCU/TRPM2/BST1/ERBB3/MCTP2/NMUR2/CCR6/GNA15/CXCR2/CCL20/NR5A2/CHP2/NFAM1/FPR2/FCGR3A/CCR1/TNF/TREM2/CCL3/PLEK,28,FDR,B_higher,GO_BP,NA,NA,calcium-mediated signaling
GO:1901605,alpha-amino acid metabolic process,25/1146,207/18860,0.12077294685990338,1.9875896839247624,3.6339645911263783,8.11279089669903e-4,0.00898466344534842,0.00693635648844217,AGMAT/SLC7A7/OTC/KYNU/ARHGAP11B/FOLH1B/FOLH1/CPS1/ARG2/TDO2/ASS1/HNF4A/SDS/NOS2/PFAS/DDO/CRYM/RIMKLA/NAGS/IL4I1/AGXT/IDO1/NR1H4/ACMSD/ASPG,25,FDR,B_higher,GO_BP,NA,NA,alpha-amino acid metabolic process
GO:0002534,cytokine production involved in inflammatory response,15/1146,98/18860,0.15306122448979592,2.518965701463832,3.834553120292907,8.163712677822983e-4,0.00899481854733149,0.006944196449055,PLA2G3/EPHB2/MYD88/EZH2/HMOX1/ADCY7/JAK2/PYCARD/NOD2/CARD9/NOS2/CCR1/TNF/TREM2/REG3A,15,FDR,B_higher,GO_BP,NA,NA,cytokine production involved in inflammatory response
GO:1900015,regulation of cytokine production involved in inflammatory response,15/1146,98/18860,0.15306122448979592,2.518965701463832,3.834553120292907,8.163712677822983e-4,0.00899481854733149,0.006944196449055,PLA2G3/EPHB2/MYD88/EZH2/HMOX1/ADCY7/JAK2/PYCARD/NOD2/CARD9/NOS2/CCR1/TNF/TREM2/REG3A,15,FDR,B_higher,GO_BP,NA,NA,regulation of cytokine production involved in inflammatory response
GO:0002790,peptide secretion,30/1146,266/18860,0.11278195488721804,1.8560799905522969,3.576531629725941,8.17251216833229e-4,0.00899481854733149,0.006944196449055,CAMK2G/STX1A/NMU/EDN3/C2CD2L/GAL/IL1RN/ADRA2A/RBP4/MCU/F2RL1/FFAR2/JAK2/ABCA12/PCK2/CFTR/F2RL2/HNF4A/MLXIPL/NOS2/MMP7/S100A8/HLA-DRB1/FAM3D/TNF/NR1H4/SLC16A2/VSNL1/CD38/GCG,30,FDR,B_higher,GO_BP,NA,NA,peptide secretion
GO:0002698,negative regulation of immune effector process,19/1146,140/18860,0.1357142857142857,2.233482921964597,3.725954571114696,8.24838639881275e-4,0.00905964744791408,0.00699424577677104,CEACAM1/CD55/ANXA1/LGALS3/IL20RB/DUSP10/STAT5A/IL13RA2/CD274/ASCL2/BST2/FGL2/C4BPA/NCKAP1L/IL4I1/TNF/SLAMF8/SERPINB9/IL4R,19,FDR,B_higher,GO_BP,NA,NA,negative regulation of immune effector process
GO:0032640,tumor necrosis factor production,24/1146,196/18860,0.12244897959183672,2.015172561171066,3.6337819430991782,8.407964653866375e-4,0.00919707281195465,0.00710034116045877,OAS3/OAS1/EPHB2/MYD88/NOD1/LILRA2/CYBA/HSPB1/OAS2/TMEM106A/LILRA4/JAK2/ARG2/PYCARD/NOD2/CARD9/TLR1/CLEC4A/FCGR2C/FCGR3A/NR1H4/TREM2/PF4/CCL3,24,FDR,B_higher,GO_BP,NA,NA,tumor necrosis factor production
GO:0032680,regulation of tumor necrosis factor production,24/1146,196/18860,0.12244897959183672,2.015172561171066,3.6337819430991782,8.407964653866375e-4,0.00919707281195465,0.00710034116045877,OAS3/OAS1/EPHB2/MYD88/NOD1/LILRA2/CYBA/HSPB1/OAS2/TMEM106A/LILRA4/JAK2/ARG2/PYCARD/NOD2/CARD9/TLR1/CLEC4A/FCGR2C/FCGR3A/NR1H4/TREM2/PF4/CCL3,24,FDR,B_higher,GO_BP,NA,NA,regulation of tumor necrosis factor production
GO:0010389,regulation of G2/M transition of mitotic cell cycle,16/1146,109/18860,0.14678899082568808,2.415742030516996,3.7703222980493023,8.858946361774519e-4,0.00967056353356899,0.00746588634298724,AURKA/CDC25B/CDC25A/CHEK1/HUS1/ORC1/CCNB1/BRCA1/CDC6/CDKN1A/KIF14/CLSPN/CENPF/FBXO5/BLM/DTL,16,FDR,B_higher,GO_BP,NA,NA,regulation of G2/M transition of mitotic cell cycle
GO:0072678,T cell migration,13/1146,79/18860,0.16455696202531644,2.708153842755208,3.869674989147962,8.941652626445985e-4,0.00974092688162625,0.00752020838507755,CXCL16/RIPK3/ECM1/CCR6/ASCL2/CCL20/PYCARD/CXCL10/ADAM8/CCL26/ICAM1/CCL3/CXCL11,13,FDR,B_higher,GO_BP,NA,NA,T cell migration
GO:0051781,positive regulation of cell division,15/1146,99/18860,0.15151515151515152,2.4935216034692473,3.789609264411315,9.09194168710503e-4,0.00984778393496488,0.0076027043650071,HTR2B/ECT2/CDC25B/CDCA8/MACC1/BIRC5/KIF23/SVIL/KIF20B/INCENP/RACGAP1/CDC6/KIF14/MDK/EREG,15,FDR,B_higher,GO_BP,NA,NA,positive regulation of cell division
GO:0030277,maintenance of gastrointestinal epithelium,7/1146,27/18860,0.25925925925925924,4.266692521491823,4.320397499659347,9.09508707369368e-4,0.00984778393496488,0.0076027043650071,MUC13/NR1I2/TFF3/RBP4/NOD2/SERPINA3/MUC2,7,FDR,B_higher,GO_BP,NA,NA,maintenance of gastrointestinal epithelium
GO:0034377,plasma lipoprotein particle assembly,7/1146,27/18860,0.25925925925925924,4.266692521491823,4.320397499659347,9.09508707369368e-4,0.00984778393496488,0.0076027043650071,MFSD2A/CIDEB/MTTP/DGAT1/APOC3/APOA4/APOB,7,FDR,B_higher,GO_BP,NA,NA,plasma lipoprotein particle assembly
GO:0000076,DNA replication checkpoint signaling,6/1146,20/18860,0.3,4.93717277486911,4.480766790271958,9.199917554898248e-4,0.00992104240566603,0.0076592615050349,HUS1/CDC45/ORC1/CDC6/CLSPN/CDT1,6,FDR,B_higher,GO_BP,NA,NA,DNA replication checkpoint signaling
GO:0051923,sulfation,6/1146,20/18860,0.3,4.93717277486911,4.480766790271958,9.199917554898248e-4,0.00992104240566603,0.0076592615050349,EXT1/SULT4A1/SULT1A4/SULT2B1/CHST5/SULT1C3,6,FDR,B_higher,GO_BP,NA,NA,sulfation
GO:1902106,negative regulation of leukocyte differentiation,17/1146,120/18860,0.14166666666666666,2.3314426992437465,3.721530899711594,9.350793778093114e-4,0.0100634147555365,0.0077691760698715,CEACAM1/LYN/ANXA1/HMGB3/TNFRSF11B/STAT5A/MDK/IRF1/LILRB3/ASCL2/FGL2/TMEM176B/TNFAIP6/CCL3/IL4R/INHBA/TMEM176A,17,FDR,B_higher,GO_BP,NA,NA,negative regulation of leukocyte differentiation
GO:0007143,female meiotic nuclear division,9/1146,43/18860,0.20930232558139536,3.4445391452575187,4.081777716288752,9.446650599999664e-4,0.01008524418055964,0.00778602886294709,AURKA/TRIP13/CDC25B/SKA1/SKA3/TOP2A/CCNB2/FBXO5/EREG,9,FDR,B_higher,GO_BP,NA,NA,female meiotic nuclear division
GO:0045066,regulatory T cell differentiation,9/1146,43/18860,0.20930232558139536,3.4445391452575187,4.081777716288752,9.446650599999664e-4,0.01008524418055964,0.00778602886294709,FANCD2/FANCA/DUSP10/IL2RG/MDK/IRF1/LILRB2/HLA-DRB1/IL4I1,9,FDR,B_higher,GO_BP,NA,NA,regulatory T cell differentiation
GO:0046461,neutral lipid catabolic process,9/1146,43/18860,0.20930232558139536,3.4445391452575187,4.081777716288752,9.446650599999664e-4,0.01008524418055964,0.00778602886294709,LIPG/MGLL/PNPLA3/CPS1/APOC2/PLB1/APOC3/APOA4/APOB,9,FDR,B_higher,GO_BP,NA,NA,neutral lipid catabolic process
GO:0046464,acylglycerol catabolic process,9/1146,43/18860,0.20930232558139536,3.4445391452575187,4.081777716288752,9.446650599999664e-4,0.01008524418055964,0.00778602886294709,LIPG/MGLL/PNPLA3/CPS1/APOC2/PLB1/APOC3/APOA4/APOB,9,FDR,B_higher,GO_BP,NA,NA,acylglycerol catabolic process
GO:0009064,glutamine family amino acid metabolic process,12/1146,70/18860,0.17142857142857143,2.8212415856394917,3.882813287307954,9.611273245355044e-4,0.01019979653751595,0.0078744657854065,AGMAT/OTC/ARHGAP11B/FOLH1B/FOLH1/CPS1/ASS1/NOS2/PFAS/RIMKLA/NAGS/NR1H4,12,FDR,B_higher,GO_BP,NA,NA,glutamine family amino acid metabolic process
GO:0014015,positive regulation of gliogenesis,12/1146,70/18860,0.17142857142857143,2.8212415856394917,3.882813287307954,9.611273245355044e-4,0.01019979653751595,0.0078744657854065,LYN/TNFRSF1B/ZNF488/CLCN2/LIF/MYB/MDK/CLCF1/E2F1/TTBK1/TNF/SERPINE2,12,FDR,B_higher,GO_BP,NA,NA,positive regulation of gliogenesis
GO:0051445,regulation of meiotic cell cycle,12/1146,70/18860,0.17142857142857143,2.8212415856394917,3.882813287307954,9.611273245355044e-4,0.01019979653751595,0.0078744657854065,RAD51AP1/TRIP13/CDC25B/CDC25A/CDC20/LIF/ASPM/MSX2/ZWINT/FBXO5/OVOL1/MSX1,12,FDR,B_higher,GO_BP,NA,NA,regulation of meiotic cell cycle
GO:0030217,T cell differentiation,35/1146,330/18860,0.10606060606060606,1.7454651224284732,3.4748807757589266,9.682060283654052e-4,0.01025453130836216,0.00791672222441637,IL18/ANXA1/FANCD2/ENTPD7/RIPK3/CARD11/FANCA/DUSP10/SOCS3/STAT5A/BCL11B/MYB/IL2RG/MDK/CCR6/VNN1/IRF1/TNFSF9/SRF/ASCL2/BATF/JAK2/RSAD2/TNFRSF9/ADAM8/FGL2/LILRB2/PIK3R3/NCKAP1L/HLA-DRB1/IL4I1/LEF1/IL4R/PCK1/GPR65,35,FDR,B_higher,GO_BP,NA,NA,T cell differentiation
GO:0050708,regulation of protein secretion,31/1146,281/18860,0.1103202846975089,1.8155676870811672,3.5034451464498293,9.73917599148922e-4,0.0102945983054593,0.00794765482161131,STX1A/NMU/RHBDF1/SEC24A/C2CD2L/ADRA2A/ACHE/RBP4/MCU/F2RL1/SAA1/FFAR2/JAK2/ABCA12/PCK2/CFTR/RSAD2/F2RL2/HNF4A/MLXIPL/NOS2/ADAM8/HLA-DRB1/FAM3D/TNF/NR1H4/TREM2/VSNL1/CD38/KRT20/GCG,31,FDR,B_higher,GO_BP,NA,NA,regulation of protein secretion
GO:0010743,regulation of macrophage derived foam cell differentiation,8/1146,35/18860,0.22857142857142856,3.7616554475193222,4.159387117379097,9.781351584023277e-4,0.01029839344290261,0.00795058475063866,IL18/PLA2G3/PLA2G2A/AGT/CSF2/TNF/PF4/APOB,8,FDR,B_higher,GO_BP,NA,NA,regulation of macrophage derived foam cell differentiation
GO:0040020,regulation of meiotic nuclear division,8/1146,35/18860,0.22857142857142856,3.7616554475193222,4.159387117379097,9.781351584023277e-4,0.01029839344290261,0.00795058475063866,RAD51AP1/TRIP13/CDC20/LIF/MSX2/ZWINT/FBXO5/MSX1,8,FDR,B_higher,GO_BP,NA,NA,regulation of meiotic nuclear division
GO:0002573,myeloid leukocyte differentiation,29/1146,257/18860,0.11284046692607004,1.857042937369704,3.518608665384634,9.81541549757037e-4,0.01031391494606902,0.00796256769021715,ANXA2/CEACAM1/LYN/TNFRSF11A/PLA2G3/MYD88/EPHA2/NEDD9/TNFRSF11B/STAT5A/F2RL1/LIF/DIAPH3/LILRB3/BATF/ITGB8/BATF3/UBD/TFRC/CSF2/CCR1/HLA-DRB1/TNF/LEF1/TREM2/PF4/TNFAIP6/CCL3/INHBA,29,FDR,B_higher,GO_BP,NA,NA,myeloid leukocyte differentiation
GO:0060759,regulation of response to cytokine stimulus,25/1146,210/18860,0.11904761904761904,1.95919554558298,3.555254554610921,9.993873826385378e-4,0.01048080520338804,0.00809141061530322,IRAK2/ANXA4/OAS3/PYDC1/OAS1/EXT1/USP18/AGPAT2/TNFRSF11B/PARP9/MMP12/IL1RN/CASP1/ECM1/F2RL1/ISG15/PARP14/PADI2/IKBKE/NLRC5/ZBP1/PYCARD/GFI1/NR1H4/TREM2,25,FDR,B_higher,GO_BP,NA,NA,regulation of response to cytokine stimulus
GO:0051293,establishment of spindle localization,11/1146,61/18860,0.18032786885245905,2.9676994821617604,3.9151610711582614,0.00100395734309568,0.01050671859938498,0.0081114163232025,GPSM2/CFL1/SKA1/ESPL1/MAD2L1/CENPA/SPAG5/TLE6/SKA3/NUSAP1/PAX6,11,FDR,B_higher,GO_BP,NA,NA,establishment of spindle localization
GO:0089718,amino acid import across plasma membrane,10/1146,52/18860,0.19230769230769232,3.1648543428648144,3.976054822117556,0.00100579490526146,0.01050671859938498,0.0081114163232025,SLC6A14/SLC43A2/SLC6A20/ARL6IP1/ACE2/SLC6A7/RGS2/TNF/TSPO2/SLC16A2,10,FDR,B_higher,GO_BP,NA,NA,amino acid import across plasma membrane
GO:0034284,response to monosaccharide,26/1146,222/18860,0.11711711711711711,1.9274248070059583,3.535483874654768,0.00102038185107846,0.01060858588641811,0.00819006009452128,C2CD2L/ADRA2A/RASAL2/CYBA/ITGA2/SRF/ABCA12/PCK2/KHK/SESN2/CFTR/HNF4A/MLXIPL/LCN2/CA1/NPTX1/HLA-DRB1/TNF/SLC2A5/NR1H4/TREM2/VSNL1/ICAM1/PCK1/REG3A/GCG,26,FDR,B_higher,GO_BP,NA,NA,response to monosaccharide
GO:0006720,isoprenoid metabolic process,17/1146,121/18860,0.14049586776859505,2.312174577762393,3.6830228889775474,0.0010276941810923,0.01060858588641811,0.00819006009452128,PDSS1/SDR16C5/LRP8/DHRS9/MVD/AKR1C4/LRP1/RBP4/LDLR/ADH6/ADH4/DGAT1/PLB1/UGT1A8/CYP2D6/RBP2/CYP3A4,17,FDR,B_higher,GO_BP,NA,NA,isoprenoid metabolic process
GO:0140888,interferon-mediated signaling pathway,17/1146,121/18860,0.14049586776859505,2.312174577762393,3.6830228889775474,0.0010276941810923,0.01060858588641811,0.00819006009452128,OAS3/OAS1/TRAF3/USP18/MYD88/PARP9/MMP12/ISG15/PARP14/OAS2/IRF1/JAK2/IKBKE/NLRC5/ZBP1/STAT1/HCK,17,FDR,B_higher,GO_BP,NA,NA,interferon-mediated signaling pathway
GO:0002002,regulation of angiotensin levels in blood,5/1146,14/18860,0.35714285714285715,5.877586636748941,4.643577899026417,0.00103542024106853,0.01060858588641811,0.00819006009452128,PREP/CTSZ/ACE2/ANPEP/MME,5,FDR,B_higher,GO_BP,NA,NA,regulation of angiotensin levels in blood
GO:0003334,keratinocyte development,5/1146,14/18860,0.35714285714285715,5.877586636748941,4.643577899026417,0.00103542024106853,0.01060858588641811,0.00819006009452128,SFN/TFAP2C/BCL11B/ABCA12/CDSN,5,FDR,B_higher,GO_BP,NA,NA,keratinocyte development
GO:0006568,L-tryptophan metabolic process,5/1146,14/18860,0.35714285714285715,5.877586636748941,4.643577899026417,0.00103542024106853,0.01060858588641811,0.00819006009452128,KYNU/TDO2/IL4I1/IDO1/ACMSD,5,FDR,B_higher,GO_BP,NA,NA,L-tryptophan metabolic process
GO:0030836,positive regulation of actin filament depolymerization,5/1146,14/18860,0.35714285714285715,5.877586636748941,4.643577899026417,0.00103542024106853,0.01060858588641811,0.00819006009452128,VIL1/WDR1/CFL1/F2RL1/PLEK,5,FDR,B_higher,GO_BP,NA,NA,positive regulation of actin filament depolymerization
GO:0042362,fat-soluble vitamin biosynthetic process,5/1146,14/18860,0.35714285714285715,5.877586636748941,4.643577899026417,0.00103542024106853,0.01060858588641811,0.00819006009452128,CYP27B1/SNAI1/GFI1/TNF/CYP3A4,5,FDR,B_higher,GO_BP,NA,NA,fat-soluble vitamin biosynthetic process
GO:0045605,negative regulation of epidermal cell differentiation,5/1146,14/18860,0.35714285714285715,5.877586636748941,4.643577899026417,0.00103542024106853,0.01060858588641811,0.00819006009452128,EZH2/MSX2/HES5/REG3G/REG3A,5,FDR,B_higher,GO_BP,NA,NA,negative regulation of epidermal cell differentiation
GO:0045683,negative regulation of epidermis development,5/1146,14/18860,0.35714285714285715,5.877586636748941,4.643577899026417,0.00103542024106853,0.01060858588641811,0.00819006009452128,EZH2/MSX2/HES5/REG3G/REG3A,5,FDR,B_higher,GO_BP,NA,NA,negative regulation of epidermis development
GO:0002761,regulation of myeloid leukocyte differentiation,18/1146,132/18860,0.13636363636363635,2.2441694431223222,3.648498020806776,0.00105655091092455,0.01080434628834346,0.00834119140203598,CEACAM1/LYN/TNFRSF11A/PLA2G3/NEDD9/TNFRSF11B/STAT5A/LIF/LILRB3/CCR1/HLA-DRB1/TNF/LEF1/TREM2/PF4/TNFAIP6/CCL3/INHBA,18,FDR,B_higher,GO_BP,NA,NA,regulation of myeloid leukocyte differentiation
GO:0043367,"CD4-positive, alpha-beta T cell differentiation",16/1146,111/18860,0.14414414414414414,2.372215147084257,3.6879749515674263,0.00108124624620383,0.01103574084557561,0.00851983305602897,IL18/ANXA1/ENTPD7/SOCS3/STAT5A/MYB/IL2RG/ASCL2/BATF/JAK2/RSAD2/NCKAP1L/HLA-DRB1/LEF1/IL4R/GPR65,16,FDR,B_higher,GO_BP,NA,NA,"CD4-positive, alpha-beta T cell differentiation"
GO:0003018,vascular process in circulatory system,31/1146,283/18860,0.10954063604240284,1.8027368200346576,3.460763564725695,0.00109365658680304,0.01114110469533335,0.00860117625016861,ADORA2B/CEACAM1/SCARB1/MFSD2A/SLC29A2/HTR2B/SLC27A4/EXT1/EDN3/SLC6A20/ADRA2A/LRP1/HTR1D/F2RL1/SLC5A1/ACE2/FLVCR2/NTS/CPS1/SLCO2B1/BDKRB2/AGT/TFRC/P2RY2/ABCG2/C2CD4A/RGS2/TNF/UTS2/SLC16A2/CD38,31,FDR,B_higher,GO_BP,NA,NA,vascular process in circulatory system
GO:0002292,T cell differentiation involved in immune response,15/1146,101/18860,0.1485148514851485,2.4441449380540146,3.701348231091449,0.00112179861014369,0.01138433646567875,0.00878895649131989,IL18/ANXA1/ENTPD7/SOCS3/STAT5A/MYB/ASCL2/BATF/JAK2/FGL2/HLA-DRB1/LEF1/IL4R/PCK1/GPR65,15,FDR,B_higher,GO_BP,NA,NA,T cell differentiation involved in immune response
GO:1903035,negative regulation of response to wounding,15/1146,101/18860,0.1485148514851485,2.4441449380540146,3.701348231091449,0.00112179861014369,0.01138433646567875,0.00878895649131989,F12/ANXA2/CEACAM1/CD9/TFPI/EPPK1/PLAUR/MDK/RTN4R/SIGLEC10/SPP1/TNF/PF4/SERPINE2/REG3A,15,FDR,B_higher,GO_BP,NA,NA,negative regulation of response to wounding
GO:1902749,regulation of cell cycle G2/M phase transition,17/1146,122/18860,0.13934426229508196,2.293222327124996,3.644893228943976,0.00112799152327065,0.01142546252603182,0.00882070670848821,AURKA/CDC25B/CDC25A/CHEK1/HUS1/ORC1/CCNB1/BRCA1/CDC6/CDKN1A/KIF14/CLSPN/CENPF/FBXO5/BLM/ATAD5/DTL,17,FDR,B_higher,GO_BP,NA,NA,regulation of cell cycle G2/M phase transition
GO:0043299,leukocyte degranulation,13/1146,81/18860,0.16049382716049382,2.6412858466377953,3.765163342963598,0.00113677701587942,0.01149264339159921,0.00887257180456132,ADORA2B/CEACAM1/LYN/PLA2G3/F2RL1/IL13RA2/HCK/MILR1/FCGR3A/NCKAP1L/CCL3/IL4R/FGR,13,FDR,B_higher,GO_BP,NA,NA,leukocyte degranulation
GO:0001892,embryonic placenta development,14/1146,91/18860,0.15384615384615383,2.5318834742918517,3.725796916991169,0.00114296181787729,0.01153332737963893,0.00890398073224476,ST14/KRT19/MDFI/CDX2/PLK4/SOCS3/LIF/PLCD3/ASCL2/SNAI1/E2F7/CSF2/LEF1/GJB5,14,FDR,B_higher,GO_BP,NA,NA,embryonic placenta development
GO:0002832,negative regulation of response to biotic stimulus,19/1146,144/18860,0.13194444444444445,2.171441729687803,3.589126267369765,0.00116282641717695,0.011698869500356,0.00903178286641828,CEACAM1/OAS3/OAS1/SFN/USP18/MICB/MMP12/LYAR/LILRA2/DUSP10/ISG15/PARP14/CD274/NLRC5/ARG2/FGL2/IL4I1/SLAMF8/SERPINB9,19,FDR,B_higher,GO_BP,NA,NA,negative regulation of response to biotic stimulus
GO:0042098,T cell proliferation,26/1146,224/18860,0.11607142857142858,1.910215656943406,3.485662056261319,0.0011637504130178,0.011698869500356,0.00903178286641828,CD55/TNFRSF1B/IL18/ANXA1/LGALS3/HHLA2/RIPK3/CARD11/IL20RB/STAT5A/TNFSF13B/PLA2G2A/IRF1/TNFSF9/CD274/JAK2/ARG2/PYCARD/NR5A2/TFRC/TNFRSF9/LILRB2/NCKAP1L/HLA-DRB1/IL4I1/IDO1,26,FDR,B_higher,GO_BP,NA,NA,T cell proliferation
GO:0010332,response to gamma radiation,10/1146,53/18860,0.18867924528301888,3.1051401099805727,3.9034848443616257,0.00117328712076745,0.01177256889221181,0.00908868040721131,BAK1/CHEK2/FANCD2/APOBEC1/RAD51/CDKN1A/CYBA/BRCA2/PML/CXCL10,10,FDR,B_higher,GO_BP,NA,NA,response to gamma radiation
GO:0002385,mucosal immune response,8/1146,36/18860,0.2222222222222222,3.657165018421563,4.05888866223034,0.00119149524719767,0.01191048994296101,0.0091951584718685,CLDN2/PIGR/GP2/FFAR2/NOS2/APOA4/DEFA3/BPIFB1,8,FDR,B_higher,GO_BP,NA,NA,mucosal immune response
GO:0046471,phosphatidylglycerol metabolic process,8/1146,36/18860,0.2222222222222222,3.657165018421563,4.05888866223034,0.00119149524719767,0.01191048994296101,0.0091951584718685,PLA2G3/LPCAT1/PLA2G4A/PLA2G4F/LPGAT1/PLA2G2A/PLB1/PLA2G4D,8,FDR,B_higher,GO_BP,NA,NA,phosphatidylglycerol metabolic process
GO:0002544,chronic inflammatory response,6/1146,21/18860,0.2857142857142857,4.702069309399152,4.317363230566814,0.00122233098904364,0.0121234585760709,0.00935957490984551,ADORA2B/VNN1/S100A9/S100A8/TNF/IDO1,6,FDR,B_higher,GO_BP,NA,NA,chronic inflammatory response
GO:0043691,reverse cholesterol transport,6/1146,21/18860,0.2857142857142857,4.702069309399152,4.317363230566814,0.00122233098904364,0.0121234585760709,0.00935957490984551,SCARB1/LIPG/LRP1/APOC2/APOC3/APOA4,6,FDR,B_higher,GO_BP,NA,NA,reverse cholesterol transport
GO:0048245,eosinophil chemotaxis,6/1146,21/18860,0.2857142857142857,4.702069309399152,4.317363230566814,0.00122233098904364,0.0121234585760709,0.00935957490984551,LGALS3/CCL13/CCL26/CCL3/CCL25/SCG2,6,FDR,B_higher,GO_BP,NA,NA,eosinophil chemotaxis
GO:2000193,positive regulation of fatty acid transport,6/1146,21/18860,0.2857142857142857,4.702069309399152,4.317363230566814,0.00122233098904364,0.0121234585760709,0.00935957490984551,TNFRSF11A/PLA2G3/CYP4F2/ACSL5/PLA2G4A/PLA2R1,6,FDR,B_higher,GO_BP,NA,NA,positive regulation of fatty acid transport
GO:0030073,insulin secretion,25/1146,213/18860,0.11737089201877934,1.9316012421240651,3.477832760460425,0.00122415589593522,0.0121234585760709,0.00935957490984551,CAMK2G/STX1A/C2CD2L/GAL/IL1RN/ADRA2A/RBP4/MCU/F2RL1/FFAR2/JAK2/ABCA12/PCK2/CFTR/F2RL2/HNF4A/MLXIPL/NOS2/HLA-DRB1/FAM3D/TNF/NR1H4/VSNL1/CD38/GCG,25,FDR,B_higher,GO_BP,NA,NA,insulin secretion
GO:0007584,response to nutrient,21/1146,167/18860,0.12574850299401197,2.0694736182086086,3.530873247122706,0.00123110468591124,0.01216969780258186,0.00939527260300684,LIPG/SLC27A4/VDR/CYP27B1/OTC/APAF1/PLD1/KYNU/ABCG5/SLC6A19/ITGA2/C2/SRF/STAT1/ABCG8/ASS1/CXCL10/NOD2/MLXIPL/TFRC/SPP1,21,FDR,B_higher,GO_BP,NA,NA,response to nutrient
GO:0022617,extracellular matrix disassembly,12/1146,72/18860,0.16666666666666666,2.742873763816172,3.7686449490813927,0.00124137549021155,0.01222594532610569,0.00943869692013642,NOXO1/MMP12/CTSS/LRP1/PRSS2/SH3PXD2B/DPP4/KLK7/MMP3/ADAM8/PDPN/MMP7,12,FDR,B_higher,GO_BP,NA,NA,extracellular matrix disassembly
GO:0032890,regulation of organic acid transport,12/1146,72/18860,0.16666666666666666,2.742873763816172,3.7686449490813927,0.00124137549021155,0.01222594532610569,0.00943869692013642,CLDN2/TNFRSF11A/PLA2G3/SLC43A2/CYP4F2/ARL6IP1/ACSL5/PLA2G4A/ACE2/RGS2/TNF/PLA2R1,12,FDR,B_higher,GO_BP,NA,NA,regulation of organic acid transport
GO:0042180,ketone metabolic process,27/1146,237/18860,0.1139240506329114,1.8748757372920668,3.4473790875818175,0.00125125983339953,0.01229875762031602,0.00949490960216466,CEACAM1/MFSD2A/PDSS1/PLA2G3/CYP4F3/STARD4/DHRS9/CYP4F2/AKR1C4/CLCN2/BRCA1/LPGAT1/KYNU/CBR3/CYP4F12/APOC2/ADH4/TDO2/HSD11B2/MLXIPL/ELOVL5/APOC3/IDO1/NR1H4/APOA4/UGT1A8/INHBA,27,FDR,B_higher,GO_BP,NA,NA,ketone metabolic process
GO:1905039,carboxylic acid transmembrane transport,20/1146,156/18860,0.1282051282051282,2.1099028952432093,3.540571388184204,0.00125337657277105,0.01229875762031602,0.00949490960216466,SLC6A14/SLC16A3/TTYH3/SLC7A7/SLC6A8/SLC43A2/EMB/SLC6A20/SLC35D1/ARL6IP1/ACSL5/ACE2/SLC6A7/SLC7A9/RGS2/SLC16A4/TNF/TSPO2/SLC16A2/SLC3A1,20,FDR,B_higher,GO_BP,NA,NA,carboxylic acid transmembrane transport
GO:0001889,liver development,19/1146,145/18860,0.1310344827586207,2.15646626948306,3.5556202797623992,0.00126375763664528,0.01237786837506881,0.00955598483334866,CEACAM1/PCSK9/AURKA/RPS6KA1/CLDN1/ONECUT2/EZH2/OTC/ONECUT1/MDK/TBX3/ITGA2/CPS1/PCK2/E2F7/ASS1/TNF/UGT1A8/PCK1,19,FDR,B_higher,GO_BP,NA,NA,liver development
GO:0019058,viral life cycle,32/1146,298/18860,0.10738255033557048,1.7672206800426344,3.3955440373844294,0.00127651068165924,0.0124798791551228,0.00963473938441477,TRIM15/CD55/SCARB1/IL32/OAS3/PCSK5/OAS1/TMPRSS4/CLDN1/EPHA2/TOP2A/KPNA2/LDLR/LAMP3/ISG15/ACE2/OAS2/SLC6A19/ITGA2/DPP4/RSAD2/ANPEP/IFIT1/NR5A2/MX1/TFRC/TRIM31/BST2/APOBEC3B/HLA-DRB1/TNF/ICAM1,32,FDR,B_higher,GO_BP,NA,NA,viral life cycle
GO:0002700,regulation of production of molecular mediator of immune response,24/1146,202/18860,0.1188118811881188,1.955315950443212,3.47203015373902,0.0012827441509974,0.01251789447536411,0.00966408804224931,CD55/TNFRSF1B/IL18/EPHB2/MYD88/PKP3/NOD1/RBP4/F2RL1/IL13RA2/IL2RG/FFAR2/CLCF1/SEMA7A/RSAD2/ATAD5/PYCARD/KLK7/NOD2/CARD9/TFRC/BST2/TNF/IL4R,24,FDR,B_higher,GO_BP,NA,NA,regulation of production of molecular mediator of immune response
GO:0050796,regulation of insulin secretion,22/1146,179/18860,0.12290502793296088,2.0226778593504733,3.496702047873766,0.00129114707351903,0.01257690342781863,0.00970964424284868,STX1A/C2CD2L/ADRA2A/RBP4/MCU/F2RL1/FFAR2/JAK2/ABCA12/PCK2/CFTR/F2RL2/HNF4A/MLXIPL/NOS2/HLA-DRB1/FAM3D/TNF/NR1H4/VSNL1/CD38/GCG,22,FDR,B_higher,GO_BP,NA,NA,regulation of insulin secretion
GO:0060761,negative regulation of response to cytokine stimulus,16/1146,113/18860,0.1415929203539823,2.330229038286306,3.607389816892523,0.00131187172628824,0.0127555032330176,0.00984752719474353,ANXA4/OAS3/PYDC1/OAS1/USP18/TNFRSF11B/MMP12/IL1RN/ECM1/F2RL1/ISG15/PARP14/PADI2/NLRC5/NR1H4/TREM2,16,FDR,B_higher,GO_BP,NA,NA,negative regulation of response to cytokine stimulus
GO:0032755,positive regulation of interleukin-6 production,15/1146,103/18860,0.14563106796116504,2.3966858130432573,3.615171993057584,0.00137481026726283,0.01334315855754361,0.0103012099451368,ADORA2B/MYD88/NOD1/LILRA2/F2RL1/CYBA/TMEM106A/PYCARD/NOD2/CARD9/NOS2/TLR1/EREG/LILRB2/TNF,15,FDR,B_higher,GO_BP,NA,NA,positive regulation of interleukin-6 production
GO:0009746,response to hexose,25/1146,215/18860,0.11627906976744186,1.913632858476399,3.426912892865479,0.00139714755583883,0.01353534238306299,0.01044958005752038,C2CD2L/ADRA2A/RASAL2/CYBA/SRF/ABCA12/PCK2/KHK/SESN2/CFTR/HNF4A/MLXIPL/LCN2/CA1/NPTX1/HLA-DRB1/TNF/SLC2A5/NR1H4/TREM2/VSNL1/ICAM1/PCK1/REG3A/GCG,25,FDR,B_higher,GO_BP,NA,NA,response to hexose
GO:0032722,positive regulation of chemokine production,12/1146,73/18860,0.1643835616438356,2.7053001506132106,3.713016350646411,0.00140502057255362,0.01357223064068016,0.01047805859838355,ADORA2B/OAS3/IL18/OAS1/MYD88/HMOX1/F2RL1/FFAR2/PYCARD/CARD9/TNF/IL4R,12,FDR,B_higher,GO_BP,NA,NA,positive regulation of chemokine production
GO:0010001,glial cell differentiation,29/1146,263/18860,0.11026615969581748,1.814676938798532,3.384037526839984,0.0014060403792237,0.01357223064068016,0.01047805859838355,GPR37L1/LYN/TNFRSF1B/WDR1/CD9/MYD88/ZNF488/CLCN2/TUBA1A/LRP1/DUSP10/LDLR/ERBB3/LIF/MDK/CLCF1/S100A9/LAMC3/HES5/PAX6/C5AR1/FPR2/TPPP/TTBK1/S100A8/TNF/LEF1/TREM2/SERPINE2,29,FDR,B_higher,GO_BP,NA,NA,glial cell differentiation
GO:0060333,type II interferon-mediated signaling pathway,7/1146,29/18860,0.2413793103448276,3.972437864837215,4.074444544234326,0.0014370401924987,0.01384642698115182,0.010689744164226571,PARP9/PARP14/IRF1/JAK2/NLRC5/STAT1/HCK,7,FDR,B_higher,GO_BP,NA,NA,type II interferon-mediated signaling pathway
GO:0061436,establishment of skin barrier,8/1146,37/18860,0.21621621621621623,3.5583227206263857,3.961914396366456,0.00144034395665083,0.01385325412721114,0.01069501487015275,CLDN4/IL18/CLDN1/SFN/SRF/ABCA12/GRHL3/KRT16,8,FDR,B_higher,GO_BP,NA,NA,establishment of skin barrier
GO:0050714,positive regulation of protein secretion,20/1146,158/18860,0.12658227848101267,2.0831952636578523,3.47763972711953,0.00146638515321485,0.01406841889952727,0.01086112677558109,NMU/SEC24A/C2CD2L/ACHE/RBP4/MCU/F2RL1/FFAR2/JAK2/PCK2/CFTR/F2RL2/MLXIPL/ADAM8/HLA-DRB1/NR1H4/TREM2/VSNL1/CD38/GCG,20,FDR,B_higher,GO_BP,NA,NA,positive regulation of protein secretion
GO:0001833,inner cell mass cell proliferation,5/1146,15/18860,0.3333333333333333,5.485747527632344,4.420543860399306,0.00147589257844422,0.01406841889952727,0.01086112677558109,GINS4/GINS1/CHEK1/NCAPG2/BRCA2,5,FDR,B_higher,GO_BP,NA,NA,inner cell mass cell proliferation
GO:0070365,hepatocyte differentiation,5/1146,15/18860,0.3333333333333333,5.485747527632344,4.420543860399306,0.00147589257844422,0.01406841889952727,0.01086112677558109,ITGA2/CPS1/PCK2/E2F7/PCK1,5,FDR,B_higher,GO_BP,NA,NA,hepatocyte differentiation
GO:1904478,regulation of intestinal absorption,5/1146,15/18860,0.3333333333333333,5.485747527632344,4.420543860399306,0.00147589257844422,0.01406841889952727,0.01086112677558109,CLDN2/ABCG5/CLDN15/ABCG8/APOA4,5,FDR,B_higher,GO_BP,NA,NA,regulation of intestinal absorption
GO:1904666,regulation of ubiquitin protein ligase activity,5/1146,15/18860,0.3333333333333333,5.485747527632344,4.420543860399306,0.00147589257844422,0.01406841889952727,0.01086112677558109,MAD2L1/UBE2S/CDC20/FBXO5/UBE2C,5,FDR,B_higher,GO_BP,NA,NA,regulation of ubiquitin protein ligase activity
GO:0045582,positive regulation of T cell differentiation,17/1146,125/18860,0.136,2.2381849912739966,3.532702064044614,0.001480103981968,0.0140834136466047,0.01087270304794963,IL18/ANXA1/DUSP10/STAT5A/IL2RG/MDK/VNN1/TNFSF9/ADAM8/LILRB2/NCKAP1L/HLA-DRB1/IL4I1/LEF1/IL4R/PCK1/GPR65,17,FDR,B_higher,GO_BP,NA,NA,positive regulation of T cell differentiation
GO:0048706,embryonic skeletal system development,18/1146,136/18860,0.1323529411764706,2.178164459501078,3.507271405931315,0.00149404017546269,0.01419072323241967,0.01095554839283844,PCSK5/MDFI/EXT1/SLC35D1/FLVCR1/RBP4/HOXB2/MTHFD1L/HOXB6/HOXB3/HOXA9/HOXB5/HOXB9/TFAP2A/HOXC6/HOXA11/HOXB7/HOXC9,18,FDR,B_higher,GO_BP,NA,NA,embryonic skeletal system development
GO:0043300,regulation of leukocyte degranulation,9/1146,46/18860,0.1956521739130435,3.2198952879581153,3.8341063422543287,0.0015669437391144,0.01484274869397869,0.01145892629546382,ADORA2B/CEACAM1/LYN/PLA2G3/F2RL1/IL13RA2/NCKAP1L/IL4R/FGR,9,FDR,B_higher,GO_BP,NA,NA,regulation of leukocyte degranulation
GO:0046890,regulation of lipid biosynthetic process,24/1146,205/18860,0.11707317073170732,1.9267015706806283,3.3932239358057585,0.00157035381023909,0.01484274869397869,0.01145892629546382,CEACAM1/SCARB1/MFSD2A/SAMD8/HTR2B/PLA2G3/STARD4/LPCAT1/CLCN2/LDLR/BRCA1/LPGAT1/SNAI1/APOC2/NR5A2/MLXIPL/ELOVL5/APOC3/GFI1/TNF/NR1H4/APOA4/APOB/PCK1,24,FDR,B_higher,GO_BP,NA,NA,regulation of lipid biosynthetic process
GO:0042100,B cell proliferation,14/1146,94/18860,0.14893617021276595,2.4510786825591326,3.587255843780578,0.00157496527164722,0.01484274869397869,0.01145892629546382,LYN/EPHB2/CARD11/BST1/CDKN1A/TNFSF13B/SLC39A10/CLCF1/ATAD5/TFRC/MNDA/NCKAP1L/LEF1/CD38,14,FDR,B_higher,GO_BP,NA,NA,B cell proliferation
GO:0010543,regulation of platelet activation,10/1146,55/18860,0.18181818181818185,2.992225924163097,3.7633670825129544,0.00157659020410002,0.01484274869397869,0.01145892629546382,CEACAM1/LYN/CD9/PLA2G4A/EMILIN2/JAK2/PDPN/SELP/SERPINE2/PLEK,10,FDR,B_higher,GO_BP,NA,NA,regulation of platelet activation
GO:0030865,cortical cytoskeleton organization,10/1146,55/18860,0.18181818181818185,2.992225924163097,3.7633670825129544,0.00157659020410002,0.01484274869397869,0.01145892629546382,VIL1/WDR1/PLS1/ECT2/ANLN/EPB41L2/RACGAP1/IQGAP3/NCKAP1L/PLEK,10,FDR,B_higher,GO_BP,NA,NA,cortical cytoskeleton organization
GO:0061008,hepaticobiliary system development,19/1146,148/18860,0.12837837837837837,2.1127541153719163,3.4567126688876164,0.00161246035815288,0.01515372076024667,0.01169900352514557,CEACAM1/PCSK9/AURKA/RPS6KA1/CLDN1/ONECUT2/EZH2/OTC/ONECUT1/MDK/TBX3/ITGA2/CPS1/PCK2/E2F7/ASS1/TNF/UGT1A8/PCK1,19,FDR,B_higher,GO_BP,NA,NA,hepaticobiliary system development
GO:0033674,positive regulation of kinase activity,18/1146,137/18860,0.13138686131386862,2.1622654488477857,3.4727315396621443,0.00162469386755609,0.01524185565028899,0.01176704558594416,MAP2K3/ECT2/RIPK3/CARD14/NEDD9/EZH2/CENPE/TPX2/CDKN1A/KIF14/CLSPN/MMD/JAK2/CHI3L1/S100A12/EREG/HLA-DRB1/TNF,18,FDR,B_higher,GO_BP,NA,NA,positive regulation of kinase activity
GO:0050673,epithelial cell proliferation,47/1146,496/18860,0.09475806451612905,1.559456454427743,3.211565646848991,0.00169470808939025,0.01587079259853543,0.0122525986518243,CEACAM1/SERPINB5/SCARB1/BAK1/FGFBP1/SDR16C5/HTR2B/CDH3/RPS6KA1/CLDN1/SFN/ZNF703/F3/AREG/VDR/EPHA2/EPPK1/MMP12/TFAP2C/MARVELD3/FERMT1/HMOX1/DUSP10/ECM1/STAT5A/ERBB3/BCL11B/CDKN1A/CYBA/BRCA2/MDK/IQGAP3/STAT1/OVOL1/UHRF1/HES5/KLK8/NOD2/PAX6/C5AR1/EREG/REG3G/TNF/CCL26/DACH1/REG3A/SCG2,47,FDR,B_higher,GO_BP,NA,NA,epithelial cell proliferation
GO:1903825,organic acid transmembrane transport,20/1146,160/18860,0.125,2.0571553228621293,3.415633841368589,0.00170945760679727,0.01598088389681935,0.01233759153951761,SLC6A14/SLC16A3/TTYH3/SLC7A7/SLC6A8/SLC43A2/EMB/SLC6A20/SLC35D1/ARL6IP1/ACSL5/ACE2/SLC6A7/SLC7A9/RGS2/SLC16A4/TNF/TSPO2/SLC16A2/SLC3A1,20,FDR,B_higher,GO_BP,NA,NA,organic acid transmembrane transport
GO:0002763,positive regulation of myeloid leukocyte differentiation,11/1146,65/18860,0.16923076923076924,2.785071821721037,3.6667772374283665,0.00172200928853717,0.01607007968918081,0.01240645264008654,TNFRSF11A/PLA2G3/NEDD9/STAT5A/LIF/CCR1/HLA-DRB1/TNF/LEF1/TREM2/PF4,11,FDR,B_higher,GO_BP,NA,NA,positive regulation of myeloid leukocyte differentiation
GO:0010984,regulation of lipoprotein particle clearance,8/1146,38/18860,0.21052631578947367,3.464682649030954,3.868238476093864,0.00172870200936494,0.01610438276787101,0.01243293536633373,ANXA2/PCSK9/LIPG/LDLR/APOC2/APOC3/NR1H4/TREM2,8,FDR,B_higher,GO_BP,NA,NA,regulation of lipoprotein particle clearance
GO:0032024,positive regulation of insulin secretion,14/1146,95/18860,0.14736842105263157,2.4252778543216675,3.542259505515147,0.00174615038764358,0.01623859019031611,0.01253654642879998,C2CD2L/RBP4/MCU/FFAR2/JAK2/PCK2/CFTR/F2RL2/MLXIPL/HLA-DRB1/NR1H4/VSNL1/CD38/GCG,14,FDR,B_higher,GO_BP,NA,NA,positive regulation of insulin secretion
GO:1903707,negative regulation of hemopoiesis,17/1146,127/18860,0.13385826771653545,2.2029379835373986,3.4596706004810436,0.00176304709489663,0.01636720937836216,0.01263584325221113,CEACAM1/LYN/ANXA1/HMGB3/TNFRSF11B/STAT5A/MDK/IRF1/LILRB3/ASCL2/FGL2/TMEM176B/TNFAIP6/CCL3/IL4R/INHBA/TMEM176A,17,FDR,B_higher,GO_BP,NA,NA,negative regulation of hemopoiesis
GO:0003071,renal system process involved in regulation of systemic arterial blood pressure,7/1146,30/18860,0.23333333333333336,3.8400232693426415,3.959594247579581,0.00177735401507795,0.01641438708042581,0.01267226546900417,PCSK5/CYP4F2/F2RL1/CYBA/CYP4F12/HSD11B2/AGT,7,FDR,B_higher,GO_BP,NA,NA,renal system process involved in regulation of systemic arterial blood pressure
GO:0010165,response to X-ray,7/1146,30/18860,0.23333333333333336,3.8400232693426415,3.959594247579581,0.00177735401507795,0.01641438708042581,0.01267226546900417,XRCC4/RAD51/BRCA2/IKBIP/CCND2/BLM/LCN2,7,FDR,B_higher,GO_BP,NA,NA,response to X-ray
GO:0065005,protein-lipid complex assembly,7/1146,30/18860,0.23333333333333336,3.8400232693426415,3.959594247579581,0.00177735401507795,0.01641438708042581,0.01267226546900417,MFSD2A/CIDEB/MTTP/DGAT1/APOC3/APOA4/APOB,7,FDR,B_higher,GO_BP,NA,NA,protein-lipid complex assembly
GO:0044774,mitotic DNA integrity checkpoint signaling,12/1146,75/18860,0.16,2.6331588132635253,3.604514440837345,0.00178589242651644,0.01645694235298723,0.01270511906922462,CHEK2/FANCD2/CHEK1/HUS1/ORC1/BRCA1/CDC6/CDKN1A/CLSPN/NEK11/BLM/DTL,12,FDR,B_higher,GO_BP,NA,NA,mitotic DNA integrity checkpoint signaling
GO:0042157,lipoprotein metabolic process,13/1146,85/18860,0.15294117647058825,2.5169900420901343,3.5652955646699303,0.00178812786900198,0.01645694235298723,0.01270511906922462,PCSK9/LIPG/APOBEC1/LDLR/NPC1L1/APOL3/APOC2/APOL1/APOL2/MTTP/APOC3/APOA4/APOB,13,FDR,B_higher,GO_BP,NA,NA,lipoprotein metabolic process
GO:0036230,granulocyte activation,10/1146,56/18860,0.17857142857142858,2.9387933183744703,3.6956746034770296,0.00181670796077415,0.01669119981861002,0.01288597095104774,IL18/ANXA1/MYD88/LILRA2/F2RL1/PLA2G2A/CXCR2/DNASE1L3/TNF/CCL3,10,FDR,B_higher,GO_BP,NA,NA,granulocyte activation
GO:0090207,regulation of triglyceride metabolic process,9/1146,47/18860,0.1914893617021277,3.151386877576027,3.75605320459804,0.00183532485507861,0.01683327160895127,0.01299565347736077,SCARB1/MFSD2A/CIDEC/APOBEC1/LDLR/CIDEB/APOC2/APOC3/APOA4,9,FDR,B_higher,GO_BP,NA,NA,regulation of triglyceride metabolic process
GO:0006721,terpenoid metabolic process,15/1146,106/18860,0.14150943396226415,2.3288550824854295,3.489610198619328,0.00184293003970639,0.01684513793142587,0.01300481453758204,SDR16C5/LRP8/DHRS9/AKR1C4/LRP1/RBP4/LDLR/ADH6/ADH4/DGAT1/PLB1/UGT1A8/CYP2D6/RBP2/CYP3A4,15,FDR,B_higher,GO_BP,NA,NA,terpenoid metabolic process
GO:0046889,positive regulation of lipid biosynthetic process,15/1146,106/18860,0.14150943396226415,2.3288550824854295,3.489610198619328,0.00184293003970639,0.01684513793142587,0.01300481453758204,SCARB1/MFSD2A/HTR2B/PLA2G3/STARD4/LDLR/LPGAT1/APOC2/NR5A2/MLXIPL/ELOVL5/TNF/NR1H4/APOA4/PCK1,15,FDR,B_higher,GO_BP,NA,NA,positive regulation of lipid biosynthetic process
GO:2000377,regulation of reactive oxygen species metabolic process,19/1146,150/18860,0.12666666666666668,2.084584060500291,3.392073642167187,0.00188763918594509,0.01722430423004263,0.01329753920463349,DHFR/NOXO1/GCH1/FAS/FOXM1/RIPK3/BST1/BRCA1/F2RL1/CDKN1A/CYBA/ACE2/ARG2/MMP3/AGT/FPR2/LCN2/TFAP2A/TNF,19,FDR,B_higher,GO_BP,NA,NA,regulation of reactive oxygen species metabolic process
GO:0045860,positive regulation of protein kinase activity,17/1146,128/18860,0.1328125,2.1857275305410124,3.423663972317177,0.00192075418885131,0.01746675615006527,0.01348471738429641,MAP2K3/ECT2/RIPK3/CARD14/NEDD9/EZH2/CENPE/TPX2/CDKN1A/KIF14/CLSPN/MMD/JAK2/CHI3L1/S100A12/EREG/TNF,17,FDR,B_higher,GO_BP,NA,NA,positive regulation of protein kinase activity
GO:0072329,monocarboxylic acid catabolic process,17/1146,128/18860,0.1328125,2.1857275305410124,3.423663972317177,0.00192075418885131,0.01746675615006527,0.01348471738429641,LDHA/ACOT7/MFSD2A/SLC16A3/SLC27A2/CYP4F3/SLC27A4/CYP4F2/ABHD3/ACAA2/ACOX2/CYP4F12/PCK2/SESN2/AGXT/LDHC/PCK1,17,FDR,B_higher,GO_BP,NA,NA,monocarboxylic acid catabolic process
GO:0048872,homeostasis of number of cells,37/1146,369/18860,0.1002710027100271,1.650184215629242,3.2082095310636776,0.00193459201052938,0.01756267372824126,0.0135587678503805,TRIM10/BAK1/LYN/FAS/ANXA1/EXT1/RIPK3/EZH2/CARD11/IL20RB/FLVCR1/LYAR/TUBA1A/HMOX1/NCAPG2/STAT5A/CCNB2/RACGAP1/MFHAS1/MYB/TNFSF13B/DIAPH3/ISG15/PLA2G2A/LRRC19/SRF/JAK2/STAT1/HOXB6/NOD2/TRIM58/CARD9/NCKAP1L/FAM3D/TSPO2/MUC2/INHBA,37,FDR,B_higher,GO_BP,NA,NA,homeostasis of number of cells
GO:0006801,superoxide metabolic process,12/1146,76/18860,0.15789473684210523,2.5985119867732154,3.551583032679872,0.00200592419604344,0.01815544792183819,0.01401640247954024,DHFR/NOXO1/GCH1/BST1/F2RL1/CYBA/SH3PXD2B/NCF2/AGT/NOS2/FPR2/APOA4,12,FDR,B_higher,GO_BP,NA,NA,superoxide metabolic process
GO:0042063,gliogenesis,36/1146,357/18860,0.10084033613445378,1.6595538739055833,3.200048997514944,0.00200669057210276,0.01815544792183819,0.01401640247954024,GPR37L1/LYN/TNFRSF1B/WDR1/CD9/LRP8/MYD88/AREG/ZNF488/EZH2/CLCN2/TUBA1A/LRP1/DUSP10/LDLR/ERBB3/LIF/MYB/MDK/CLCF1/E2F1/ASCL2/S100A9/LAMC3/HES5/PAX6/C5AR1/FPR2/TPPP/TTBK1/S100A8/TNF/LEF1/TREM2/CCL3/SERPINE2,36,FDR,B_higher,GO_BP,NA,NA,gliogenesis
GO:0001977,renal system process involved in regulation of blood volume,5/1146,16/18860,0.3125,5.142888307155323,4.216673623046283,0.00204016973859516,0.01824191970623279,0.01408316058644108,CYP4F2/F2RL1/CYBA/CYP4F12/HSD11B2,5,FDR,B_higher,GO_BP,NA,NA,renal system process involved in regulation of blood volume
GO:0010958,regulation of amino acid import across plasma membrane,5/1146,16/18860,0.3125,5.142888307155323,4.216673623046283,0.00204016973859516,0.01824191970623279,0.01408316058644108,SLC43A2/ARL6IP1/ACE2/RGS2/TNF,5,FDR,B_higher,GO_BP,NA,NA,regulation of amino acid import across plasma membrane
GO:0046462,monoacylglycerol metabolic process,5/1146,16/18860,0.3125,5.142888307155323,4.216673623046283,0.00204016973859516,0.01824191970623279,0.01408316058644108,MGLL/PLA2G4A/MOGAT3/MOGAT2/DGAT1,5,FDR,B_higher,GO_BP,NA,NA,monoacylglycerol metabolic process
GO:0060457,negative regulation of digestive system process,5/1146,16/18860,0.3125,5.142888307155323,4.216673623046283,0.00204016973859516,0.01824191970623279,0.01408316058644108,NMU/ABCG5/NPSR1/ABCG8/TIFAB,5,FDR,B_higher,GO_BP,NA,NA,negative regulation of digestive system process
GO:1902222,erythrose 4-phosphate/phosphoenolpyruvate family amino acid catabolic process,5/1146,16/18860,0.3125,5.142888307155323,4.216673623046283,0.00204016973859516,0.01824191970623279,0.01408316058644108,KYNU/TDO2/IL4I1/IDO1/ACMSD,5,FDR,B_higher,GO_BP,NA,NA,erythrose 4-phosphate/phosphoenolpyruvate family amino acid catabolic process
GO:1902412,regulation of mitotic cytokinesis,5/1146,16/18860,0.3125,5.142888307155323,4.216673623046283,0.00204016973859516,0.01824191970623279,0.01408316058644108,ECT2/CDCA8/BIRC5/KIF20B/INCENP,5,FDR,B_higher,GO_BP,NA,NA,regulation of mitotic cytokinesis
GO:1903789,regulation of amino acid transmembrane transport,5/1146,16/18860,0.3125,5.142888307155323,4.216673623046283,0.00204016973859516,0.01824191970623279,0.01408316058644108,SLC43A2/ARL6IP1/ACE2/RGS2/TNF,5,FDR,B_higher,GO_BP,NA,NA,regulation of amino acid transmembrane transport
GO:0009110,vitamin biosynthetic process,6/1146,23/18860,0.2608695652173913,4.293193717277487,4.019468654655033,0.00204839902903795,0.01825434727379729,0.01409275494013456,SLC19A3/CYP27B1/SNAI1/GFI1/TNF/CYP3A4,6,FDR,B_higher,GO_BP,NA,NA,vitamin biosynthetic process
GO:0060339,negative regulation of type I interferon-mediated signaling pathway,6/1146,23/18860,0.2608695652173913,4.293193717277487,4.019468654655033,0.00204839902903795,0.01825434727379729,0.01409275494013456,OAS3/OAS1/USP18/MMP12/ISG15/NLRC5,6,FDR,B_higher,GO_BP,NA,NA,negative regulation of type I interferon-mediated signaling pathway
GO:0009595,detection of biotic stimulus,8/1146,39/18860,0.20512820512820512,3.375844632389135,3.7776551648199823,0.00206080189343927,0.01827335632421736,0.01410743034239336,SCARB1/NOD1/CDHR2/NOD2/TLR1/HLA-DRB1/TREM2/DACH1,8,FDR,B_higher,GO_BP,NA,NA,detection of biotic stimulus
GO:0032147,activation of protein kinase activity,8/1146,39/18860,0.20512820512820512,3.375844632389135,3.7776551648199823,0.00206080189343927,0.01827335632421736,0.01410743034239336,ECT2/RIPK3/CARD14/TPX2/KIF14/CLSPN/JAK2/CHI3L1,8,FDR,B_higher,GO_BP,NA,NA,activation of protein kinase activity
GO:0046473,phosphatidic acid metabolic process,8/1146,39/18860,0.20512820512820512,3.375844632389135,3.7776551648199823,0.00206080189343927,0.01827335632421736,0.01410743034239336,PLA2G3/LPCAT1/AGPAT2/DGKG/PNPLA3/PLD1/PLA2G2A/NR1H4,8,FDR,B_higher,GO_BP,NA,NA,phosphatidic acid metabolic process
GO:0002444,myeloid leukocyte mediated immunity,16/1146,118/18860,0.13559322033898305,2.231490519714852,3.413166140566362,0.00207575839025143,0.01837545321254091,0.01418625137092497,ADORA2B/LYN/WDR1/PLA2G3/MYD88/F2RL1/IL13RA2/CARD9/MILR1/FCGR2C/DNASE1L3/FCGR3A/CCL3/SERPINB9/IL4R/FGR,16,FDR,B_higher,GO_BP,NA,NA,myeloid leukocyte mediated immunity
GO:0048146,positive regulation of fibroblast proliferation,10/1146,57/18860,0.17543859649122806,2.887235540859128,3.6294705798533182,0.00208552178195687,0.01843131667563876,0.01422937918501425,CCNA2/CCNB1/LIF/CDC6/MYB/CDKN1A/E2F1/PML/AGT/EREG,10,FDR,B_higher,GO_BP,NA,NA,positive regulation of fibroblast proliferation
GO:0044837,actomyosin contractile ring organization,4/1146,10/18860,0.4,6.5828970331588135,4.491560560719216,0.00211806017508671,0.01859573226087645,0.01435631160918366,ECT2/ANLN/RACGAP1/IQGAP3,4,FDR,B_higher,GO_BP,NA,NA,actomyosin contractile ring organization
GO:0048874,host-mediated modulation of intestinal microbiota composition,4/1146,10/18860,0.4,6.5828970331588135,4.491560560719216,0.00211806017508671,0.01859573226087645,0.01435631160918366,LRRC19/NOD2/CARD9/MUC2,4,FDR,B_higher,GO_BP,NA,NA,host-mediated modulation of intestinal microbiota composition
GO:0150172,regulation of phosphatidylcholine metabolic process,4/1146,10/18860,0.4,6.5828970331588135,4.491560560719216,0.00211806017508671,0.01859573226087645,0.01435631160918366,SCARB1/MFSD2A/LPCAT1/LDLR,4,FDR,B_higher,GO_BP,NA,NA,regulation of phosphatidylcholine metabolic process
GO:1901523,icosanoid catabolic process,4/1146,10/18860,0.4,6.5828970331588135,4.491560560719216,0.00211806017508671,0.01859573226087645,0.01435631160918366,CYP4F3/CYP4F2/CYP4F12/DPEP2,4,FDR,B_higher,GO_BP,NA,NA,icosanoid catabolic process
GO:0030072,peptide hormone secretion,28/1146,258/18860,0.10852713178294572,1.7860573345779729,3.233535075278423,0.00212808776991898,0.01865309115899428,0.01440059393178258,CAMK2G/STX1A/NMU/EDN3/C2CD2L/GAL/IL1RN/ADRA2A/RBP4/MCU/F2RL1/FFAR2/JAK2/ABCA12/PCK2/CFTR/F2RL2/HNF4A/MLXIPL/NOS2/HLA-DRB1/FAM3D/TNF/NR1H4/SLC16A2/VSNL1/CD38/GCG,28,FDR,B_higher,GO_BP,NA,NA,peptide hormone secretion
GO:0002690,positive regulation of leukocyte chemotaxis,14/1146,97/18860,0.14432989690721648,2.375272125366582,3.4539550979010585,0.00213505622528983,0.01868349201737232,0.01442406405868799,S100A14/EDN3/NEDD9/MCU/F2RL1/MDK/CCR6/PLA2G7/CXCL10/C5AR1/FPR2/NCKAP1L/CCR1/CCL3,14,FDR,B_higher,GO_BP,NA,NA,positive regulation of leukocyte chemotaxis
GO:0042119,neutrophil activation,9/1146,48/18860,0.1875,3.0857329842931938,3.6800622224822184,0.00213921117001335,0.01868921313507572,0.01442848088655744,IL18/ANXA1/MYD88/LILRA2/F2RL1/PLA2G2A/CXCR2/DNASE1L3/TNF,9,FDR,B_higher,GO_BP,NA,NA,neutrophil activation
GO:0042430,indole-containing compound metabolic process,7/1146,31/18860,0.2258064516129032,3.7161515509767495,3.84959052180881,0.00217701491757725,0.01895743169661889,0.01463555147645737,DDC/SULT1A4/KYNU/TDO2/IL4I1/IDO1/ACMSD,7,FDR,B_higher,GO_BP,NA,NA,indole-containing compound metabolic process
GO:0090330,regulation of platelet aggregation,7/1146,31/18860,0.2258064516129032,3.7161515509767495,3.84959052180881,0.00217701491757725,0.01895743169661889,0.01463555147645737,CEACAM1/LYN/CD9/EMILIN2/JAK2/PDPN/SERPINE2,7,FDR,B_higher,GO_BP,NA,NA,regulation of platelet aggregation
GO:0170039,proteinogenic amino acid metabolic process,21/1146,175/18860,0.12,1.974869109947644,3.295430080106467,0.00221193628314618,0.01923015615543049,0.01484610071749924,AGMAT/OTC/KYNU/ARHGAP11B/FOLH1B/FOLH1/CPS1/TDO2/ASS1/SDS/NOS2/PFAS/DDO/RIMKLA/NAGS/IL4I1/AGXT/IDO1/NR1H4/ACMSD/ASPG,21,FDR,B_higher,GO_BP,NA,NA,proteinogenic amino acid metabolic process
GO:0042102,positive regulation of T cell proliferation,15/1146,108/18860,0.1388888888888889,2.2857281365134767,3.4082429690093585,0.00222349485723822,0.01929921227306936,0.01489941354914447,CD55/IL18/ANXA1/HHLA2/CARD11/STAT5A/TNFSF13B/TNFSF9/CD274/JAK2/PYCARD/NR5A2/TFRC/LILRB2/NCKAP1L,15,FDR,B_higher,GO_BP,NA,NA,positive regulation of T cell proliferation
GO:0030168,platelet activation,18/1146,141/18860,0.1276595744680851,2.100924585050685,3.337483469037343,0.00224802778735556,0.01948047455990909,0.01503935199503936,CEACAM1/LYN/CD9/DGKG/ADRA2A/PLA2G4A/ENTPD2/SAA1/EMILIN2/HSPB1/SRF/JAK2/F2RL2/PDPN/PF4/SELP/SERPINE2/PLEK,18,FDR,B_higher,GO_BP,NA,NA,platelet activation
GO:0061138,morphogenesis of a branching epithelium,23/1146,199/18860,0.11557788944723618,1.902093363852421,3.2538976529888295,0.00229777516348851,0.01987929306758781,0.01534724859687371,ST14/EXT1/AREG/VDR/EPHA2/TFAP2C/SOCS3/TGM2/CTSZ/MSX2/MDK/FOXD1/TBX3/HOXA13/SRF/HOXB13/PML/NPNT/AGT/HOXA11/TNF/LEF1/HOXB7,23,FDR,B_higher,GO_BP,NA,NA,morphogenesis of a branching epithelium
GO:0015804,neutral amino acid transport,10/1146,58/18860,0.1724137931034483,2.837455617740868,3.5646931317664747,0.00238545245059309,0.0206044420408834,0.01590707944825748,SLC6A14/SLC7A7/SLC43A2/SLC6A20/ACE2/SLC6A19/SLC6A7/SLC7A9/RGS2/SLC3A1,10,FDR,B_higher,GO_BP,NA,NA,neutral amino acid transport
GO:0016485,protein processing,27/1146,248/18860,0.10887096774193548,1.79171592636379,3.1922141532907924,0.00241754151589519,0.02084787820977148,0.01609501748954967,F12/ANXA2/S100A10/PCSK9/PCSK5/PREP/TMPRSS4/PRSS3/F3/BMP1/CASP1/CTSS/CTSZ/PLAUR/ACE2/PLA2G7/MEP1A/DPP4/ANPEP/KLK1/PRSS12/KLK6/ADAM8/MME/HPR/SERPINE2/FCN1,27,FDR,B_higher,GO_BP,NA,NA,protein processing
GO:0002251,organ or tissue specific immune response,8/1146,40/18860,0.2,3.2914485165794067,3.689976574964197,0.00244107586890778,0.02091567092813761,0.01614735494935196,CLDN2/PIGR/GP2/FFAR2/NOS2/APOA4/DEFA3/BPIFB1,8,FDR,B_higher,GO_BP,NA,NA,organ or tissue specific immune response
GO:0002691,regulation of cellular extravasation,8/1146,40/18860,0.2,3.2914485165794067,3.689976574964197,0.00244107586890778,0.02091567092813761,0.01614735494935196,RIPK3/BST1/FUT4/MDK/ADAM8/SELP/ICAM1/CCL25,8,FDR,B_higher,GO_BP,NA,NA,regulation of cellular extravasation
GO:0010742,macrophage derived foam cell differentiation,8/1146,40/18860,0.2,3.2914485165794067,3.689976574964197,0.00244107586890778,0.02091567092813761,0.01614735494935196,IL18/PLA2G3/PLA2G2A/AGT/CSF2/TNF/PF4/APOB,8,FDR,B_higher,GO_BP,NA,NA,macrophage derived foam cell differentiation
GO:0034143,regulation of toll-like receptor 4 signaling pathway,8/1146,40/18860,0.2,3.2914485165794067,3.689976574964197,0.00244107586890778,0.02091567092813761,0.01614735494935196,LYN/MYD88/IFI35/LILRA2/F2RL1/MFHAS1/TREM2/BPIFB1,8,FDR,B_higher,GO_BP,NA,NA,regulation of toll-like receptor 4 signaling pathway
GO:0002673,regulation of acute inflammatory response,9/1146,49/18860,0.1836734693877551,3.022758841756598,3.606031577119722,0.00248183442855925,0.02123082080072003,0.01639065753679062,F12/TNFRSF11A/IL20RB/FFAR2/CREB3L3/ADAM8/DNASE1L3/C2CD4A/TNF,9,FDR,B_higher,GO_BP,NA,NA,regulation of acute inflammatory response
GO:0035825,homologous recombination,11/1146,68/18860,0.16176470588235295,2.6622010060568733,3.492567546899871,0.00249858435954898,0.02133990929803598,0.01647487624022615,RAD51AP1/FANCD2/TRIP13/RAD54L/RAD51/TEX11/TOP2A/BRCA1/MND1/BRIP1/UHRF1,11,FDR,B_higher,GO_BP,NA,NA,homologous recombination
GO:0170033,L-amino acid metabolic process,21/1146,177/18860,0.11864406779661016,1.9525542047504951,3.2385182114288185,0.00254101521834495,0.02166763456154214,0.01672788730422147,AGMAT/OTC/KYNU/ARHGAP11B/FOLH1B/FOLH1/CPS1/TDO2/ASS1/SDS/NOS2/PFAS/DDO/RIMKLA/NAGS/IL4I1/AGXT/IDO1/NR1H4/ACMSD/ASPG,21,FDR,B_higher,GO_BP,NA,NA,L-amino acid metabolic process
GO:0010988,regulation of low-density lipoprotein particle clearance,6/1146,24/18860,0.25,4.114310645724259,3.882992298725428,0.00259251453782607,0.02200497520462795,0.01698832165134161,ANXA2/PCSK9/LDLR/APOC3/NR1H4/TREM2,6,FDR,B_higher,GO_BP,NA,NA,regulation of low-density lipoprotein particle clearance
GO:0001942,hair follicle development,14/1146,99/18860,0.1414141414141414,2.327286829904631,3.367810988106195,0.00259294293812495,0.02200497520462795,0.01698832165134161,CDH3/EXT1/PKP3/GAL/EDAR/TFAP2C/FERMT1/HPSE/MSX2/SNAI1/KRT17/TNF/DKK4/INHBA,14,FDR,B_higher,GO_BP,NA,NA,hair follicle development
GO:0034340,response to type I interferon,14/1146,99/18860,0.1414141414141414,2.327286829904631,3.367810988106195,0.00259294293812495,0.02200497520462795,0.01698832165134161,OAS3/OAS1/TRAF3/USP18/MYD88/MMP12/ISG15/OAS2/IKBKE/NLRC5/ZBP1/STAT1/IFIT1/MX1,14,FDR,B_higher,GO_BP,NA,NA,response to type I interferon
GO:0002262,myeloid cell homeostasis,23/1146,201/18860,0.11442786069651742,1.883167061724536,3.201769245193807,0.00261316037219715,0.02214134931236253,0.01709360544219189,TRIM10/BAK1/LYN/ANXA1/FLVCR1/LYAR/HMOX1/NCAPG2/STAT5A/RACGAP1/MFHAS1/MYB/DIAPH3/ISG15/SRF/JAK2/STAT1/HOXB6/TRIM58/NCKAP1L/FAM3D/TSPO2/INHBA,23,FDR,B_higher,GO_BP,NA,NA,myeloid cell homeostasis
GO:0046632,alpha-beta T cell differentiation,18/1146,143/18860,0.1258741258741259,2.071541024420606,3.2715383854771627,0.00262816339911228,0.02223317943654734,0.01716450030448677,IL18/ANXA1/ENTPD7/SOCS3/STAT5A/BCL11B/MYB/IL2RG/IRF1/ASCL2/BATF/JAK2/RSAD2/NCKAP1L/HLA-DRB1/LEF1/IL4R/GPR65,18,FDR,B_higher,GO_BP,NA,NA,alpha-beta T cell differentiation
GO:0090025,regulation of monocyte chemotaxis,7/1146,32/18860,0.21875,3.600021815008726,3.744063493585343,0.00264261594221284,0.0222496591475271,0.01717722300143333,LYN/S100A14/PLA2G7/CXCL10/FPR2/CCR1/SLAMF8,7,FDR,B_higher,GO_BP,NA,NA,regulation of monocyte chemotaxis
GO:0090322,regulation of superoxide metabolic process,7/1146,32/18860,0.21875,3.600021815008726,3.744063493585343,0.00264261594221284,0.0222496591475271,0.01717722300143333,DHFR/GCH1/BST1/F2RL1/CYBA/AGT/FPR2,7,FDR,B_higher,GO_BP,NA,NA,regulation of superoxide metabolic process
GO:1902751,positive regulation of cell cycle G2/M phase transition,7/1146,32/18860,0.21875,3.600021815008726,3.744063493585343,0.00264261594221284,0.0222496591475271,0.01717722300143333,CDC25B/CDC25A/CHEK1/CCNB1/FBXO5/ATAD5/DTL,7,FDR,B_higher,GO_BP,NA,NA,positive regulation of cell cycle G2/M phase transition
GO:0006939,smooth muscle contraction,15/1146,110/18860,0.13636363636363635,2.2441694431223222,3.3286532482876496,0.00266707215820102,0.02242020658342843,0.01730888934829176,ADORA2B/NMU/HTR2B/EDN3/ADRA2A/HTR1D/NMUR2/TBX3/ITGA2/SRF/BDKRB2/NPNT/RGS2/TIFAB/CD38,15,FDR,B_higher,GO_BP,NA,NA,smooth muscle contraction
GO:0050830,defense response to Gram-positive bacterium,17/1146,132/18860,0.12878787878787878,2.1194933629488606,3.28288830882633,0.00267497616058759,0.02245129362455437,0.01733288922327115,IL18/DMBT1/MYD88/EPHA2/NOD1/ZG16/PLA2G2A/PYCARD/HCK/CARD9/C5AR1/REG3G/KRT6A/MMP7/TNF/FGR/DEFA3,17,FDR,B_higher,GO_BP,NA,NA,defense response to Gram-positive bacterium
GO:0015695,organic cation transport,16/1146,121/18860,0.1322314049586777,2.176164308482252,3.301268095534608,0.00269094364576509,0.02254985428743184,0.01740898020849434,SLC6A14/STX1A/SLC7A7/SLC19A3/SLC43A2/SLC6A20/FLVCR1/ADRA2A/ACE2/FLVCR2/SLC6A12/SLC6A7/PDZK1/ADORA3/RGS2/TSPO2,16,FDR,B_higher,GO_BP,NA,NA,organic cation transport
GO:0002679,respiratory burst involved in defense response,5/1146,17/18860,0.29411764705882354,4.840365465557951,4.029167397789831,0.00274698347709032,0.02284018349019958,0.01763312069652173,DUSP10/S100A9/HCK/SLAMF8/TREM2,5,FDR,B_higher,GO_BP,NA,NA,respiratory burst involved in defense response
GO:0010838,positive regulation of keratinocyte proliferation,5/1146,17/18860,0.29411764705882354,4.840365465557951,4.029167397789831,0.00274698347709032,0.02284018349019958,0.01763312069652173,CDH3/AREG/MDK/REG3G/REG3A,5,FDR,B_higher,GO_BP,NA,NA,positive regulation of keratinocyte proliferation
GO:0032305,positive regulation of icosanoid secretion,5/1146,17/18860,0.29411764705882354,4.840365465557951,4.029167397789831,0.00274698347709032,0.02284018349019958,0.01763312069652173,TNFRSF11A/PLA2G3/CYP4F2/PLA2G4A/PLA2R1,5,FDR,B_higher,GO_BP,NA,NA,positive regulation of icosanoid secretion
GO:0042182,ketone catabolic process,5/1146,17/18860,0.29411764705882354,4.840365465557951,4.029167397789831,0.00274698347709032,0.02284018349019958,0.01763312069652173,CYP4F3/CYP4F2/KYNU/CBR3/CYP4F12,5,FDR,B_higher,GO_BP,NA,NA,ketone catabolic process
GO:0090399,replicative senescence,5/1146,17/18860,0.29411764705882354,4.840365465557951,4.029167397789831,0.00274698347709032,0.02284018349019958,0.01763312069652173,CHEK2/CHEK1/CDKN1A/MME/PLA2R1,5,FDR,B_higher,GO_BP,NA,NA,replicative senescence
GO:0001701,in utero embryonic development,41/1146,429/18860,0.09557109557109555,1.572836703726756,3.052659412552758,0.00277547741581211,0.02304121064635317,0.01778831805337553,ST14/KRT19/MDFI/CDX2/PLK4/GINS4/RRM2/GINS1/CHEK1/TEAD4/STIL/FLVCR1/TFAP2C/NEK2/CCNB1/TM4SF1/MAFF/NCAPG2/SOCS3/CCNB2/LIF/MYB/CDKN1A/DIAPH3/CCDC24/PLCD3/BRCA2/HSD17B2/TBX3/PTPRR/SRF/ASCL2/SNAI1/E2F7/MSX1/NR5A2/CSF2/LEF1/GJB5/APOB/SLC34A2,41,FDR,B_higher,GO_BP,NA,NA,in utero embryonic development
GO:0071466,cellular response to xenobiotic stimulus,23/1146,202/18860,0.11386138613861388,1.8738444525080784,3.175927594821381,0.00278410770788203,0.02307696730539491,0.01781592297541383,NAT1/NR1I2/CHEK2/TPMT/CES2/NAT2/CYP4F2/CES3/SULT1A4/UGT2B7/CBR3/E2F1/SLCO2B1/CYP4F12/CYP2J2/HNF4A/NOS2/TFRC/S100A12/UGT1A8/SULT1C3/CYP2D6/CYP3A4,23,FDR,B_higher,GO_BP,NA,NA,cellular response to xenobiotic stimulus
GO:0002437,inflammatory response to antigenic stimulus,12/1146,79/18860,0.1518987341772152,2.4998343163894226,3.39774509574412,0.00280253928263232,0.02315782459859339,0.01787834657243855,LYN/EXT1/CD68/IL20RB/KDM6B/HCK/FCGR2C/FCGR3A/HLA-DRB1/TNF/TREM2/FGR,12,FDR,B_higher,GO_BP,NA,NA,inflammatory response to antigenic stimulus
GO:0050766,positive regulation of phagocytosis,12/1146,79/18860,0.1518987341772152,2.4998343163894226,3.39774509574412,0.00280253928263232,0.02315782459859339,0.01787834657243855,LYAR/F2RL1/CYBA/IL2RG/ITGA2/C2/PYCARD/FPR2/FCGR2C/NCKAP1L/TREM2/FCN1,12,FDR,B_higher,GO_BP,NA,NA,positive regulation of phagocytosis
GO:0034101,erythrocyte homeostasis,20/1146,167/18860,0.11976047904191615,1.9709272554367707,3.2055218686612483,0.0028466665192179,0.02348609873197089,0.01813178137596696,TRIM10/LYN/FLVCR1/LYAR/HMOX1/NCAPG2/STAT5A/RACGAP1/MFHAS1/MYB/DIAPH3/ISG15/SRF/JAK2/STAT1/HOXB6/TRIM58/NCKAP1L/TSPO2/INHBA,20,FDR,B_higher,GO_BP,NA,NA,erythrocyte homeostasis
GO:0006909,phagocytosis,27/1146,251/18860,0.10756972111553784,1.7703009949729878,3.1248496077161154,0.00286349852992782,0.02354107985567454,0.0181742280047654,SCARB1/LYN/ANXA1/MYD88/CLCN2/LYAR/LRP1/LDLR/F2RL1/TGM2/SH3BP1/CYBA/IL2RG/ITGA2/C2/NCF2/PYCARD/HCK/P2RY6/NOS2/FPR2/FCGR2C/C4BPA/NCKAP1L/TREM2/FGR/FCN1,27,FDR,B_higher,GO_BP,NA,NA,phagocytosis
GO:0031295,T cell costimulation,9/1146,50/18860,0.18,2.962303664921466,3.533866493993475,0.00286656086665201,0.02354107985567454,0.0181742280047654,LYN/HHLA2/CARD11/MAP3K8/TNFSF13B/CD274/DPP4/CD5/LILRB2,9,FDR,B_higher,GO_BP,NA,NA,T cell costimulation
GO:0070269,pyroptotic inflammatory response,9/1146,50/18860,0.18,2.962303664921466,3.533866493993475,0.00286656086665201,0.02354107985567454,0.0181742280047654,MAP2K3/DPP9/GBP1/CASP1/GBP3/ZBP1/GZMB/PYCARD/TREM2,9,FDR,B_higher,GO_BP,NA,NA,pyroptotic inflammatory response
GO:0090077,foam cell differentiation,8/1146,41/18860,0.1951219512195122,3.2111692844677138,3.6050307131012818,0.00287414220286805,0.0235670830705218,0.0181943030547796,IL18/PLA2G3/PLA2G2A/AGT/CSF2/TNF/PF4/APOB,8,FDR,B_higher,GO_BP,NA,NA,foam cell differentiation
GO:0051048,negative regulation of secretion,21/1146,179/18860,0.11731843575418996,1.9307379566527243,3.1823445567976245,0.00291041529126253,0.02382773216723155,0.01839552985244059,CEACAM1/TNFRSF1B/NMU/ANXA1/RHBDF1/CYP4F2/ADRA2A/ERBB3/F2RL1/LIF/IL13RA2/FFAR2/NPSR1/RSAD2/NCKAP1L/TIFAB/FAM3D/TNF/PLA2R1/VSNL1/INHBA,21,FDR,B_higher,GO_BP,NA,NA,negative regulation of secretion
GO:0045639,positive regulation of myeloid cell differentiation,15/1146,111/18860,0.13513513513513514,2.223951700391491,3.2895010833858804,0.00291485745695058,0.02382773216723155,0.01839552985244059,TNFRSF11A/PLA2G3/NEDD9/STAT5A/LIF/ISG15/STAT1/NCKAP1L/CCR1/HLA-DRB1/TNF/LEF1/TREM2/PF4/INHBA,15,FDR,B_higher,GO_BP,NA,NA,positive regulation of myeloid cell differentiation
GO:0050767,regulation of neurogenesis,37/1146,378/18860,0.09788359788359788,1.610894115257117,3.051621580322648,0.00292059150819602,0.02383810010818097,0.01840353412938583,ANXA2/S100A10/GPR37L1/LYN/TNFRSF1B/LRP8/EPHB2/TNFRSF12A/ZNF488/EZH2/CLCN2/DUSP10/LDLR/LIF/ASPM/MYB/TGM2/MDK/CLCF1/RTN4R/SRF/E2F1/ASCL2/SEMA7A/BHLHE40/HES2/HES5/HOXB3/BHLHE41/PAX6/MME/SPP1/TTBK1/TNF/LEF1/TREM2/SERPINE2,37,FDR,B_higher,GO_BP,NA,NA,regulation of neurogenesis
GO:0018108,peptidyl-tyrosine phosphorylation,16/1146,122/18860,0.13114754098360656,2.158326896117644,3.264696078940197,0.00292686094727368,0.02385279959778154,0.01841488245653108,LYN/IL18/EPHB2/GPRC5A/ZFYVE28/NEDD9/PARP9/LIF/PARP14/BANK1/JAK2/HCK/PKDCC/TNFRSF18/SAMSN1/FGR,16,FDR,B_higher,GO_BP,NA,NA,peptidyl-tyrosine phosphorylation
GO:0045637,regulation of myeloid cell differentiation,25/1146,227/18860,0.11013215859030837,1.812471650098792,3.1323701119345686,0.00294155797508806,0.02393603120582328,0.01847913907649192,CEACAM1/LYN/TNFRSF11A/PLA2G3/HMGB3/NEDD9/TNFRSF11B/STAT5A/LIF/MYB/ISG15/LILRB3/STAT1/MEIS2/HOXA9/NCKAP1L/CCR1/HLA-DRB1/TNF/LEF1/TREM2/PF4/TNFAIP6/CCL3/INHBA,25,FDR,B_higher,GO_BP,NA,NA,regulation of myeloid cell differentiation
GO:0002791,regulation of peptide secretion,24/1146,215/18860,0.11162790697674418,1.837087544137343,3.139801804244614,0.00296112639654283,0.02405858859169812,0.01857375605618074,STX1A/NMU/C2CD2L/ADRA2A/RBP4/MCU/F2RL1/FFAR2/JAK2/ABCA12/PCK2/CFTR/F2RL2/HNF4A/MLXIPL/NOS2/S100A8/HLA-DRB1/FAM3D/TNF/NR1H4/VSNL1/CD38/GCG,24,FDR,B_higher,GO_BP,NA,NA,regulation of peptide secretion
GO:0042093,T-helper cell differentiation,13/1146,90/18860,0.14444444444444443,2.377157261974016,3.3309335882637865,0.0030075892709089,0.02436192948120142,0.01880794185066426,IL18/ANXA1/ENTPD7/SOCS3/STAT5A/MYB/ASCL2/BATF/JAK2/HLA-DRB1/LEF1/IL4R/GPR65,13,FDR,B_higher,GO_BP,NA,NA,T-helper cell differentiation
GO:1905477,positive regulation of protein localization to membrane,13/1146,90/18860,0.14444444444444443,2.377157261974016,3.3309335882637865,0.0030075892709089,0.02436192948120142,0.01880794185066426,VIL1/LYN/PLS1/EPHB2/LGALS3/EPHA2/LRP1/ANXA13/PDZK1/DSG3/TNF/TREM2/TNFAIP6,13,FDR,B_higher,GO_BP,NA,NA,positive regulation of protein localization to membrane
GO:0045069,regulation of viral genome replication,12/1146,80/18860,0.15,2.468586387434555,3.3480352109453637,0.00311897682430355,0.02518774324982205,0.01944548812349457,OAS3/OAS1/TOP2A/ISG15/OAS2/RSAD2/IFIT1/NR5A2/MX1/BST2/APOBEC3B/TNF,12,FDR,B_higher,GO_BP,NA,NA,regulation of viral genome replication
GO:1904377,positive regulation of protein localization to cell periphery,12/1146,80/18860,0.15,2.468586387434555,3.3480352109453637,0.00311897682430355,0.02518774324982205,0.01944548812349457,VIL1/LYN/GPSM2/PLS1/EPHB2/LGALS3/EPHA2/LRP1/EPB41L2/ANXA13/TNF/TREM2,12,FDR,B_higher,GO_BP,NA,NA,positive regulation of protein localization to cell periphery
GO:0002604,regulation of dendritic cell antigen processing and presentation,4/1146,11/18860,0.3636363636363637,5.984451848326194,4.205938413861348,0.00316918266946582,0.0252680969981326,0.01950752297286371,NOD1/CD68/NOD2/FGL2,4,FDR,B_higher,GO_BP,NA,NA,regulation of dendritic cell antigen processing and presentation
GO:0033314,mitotic DNA replication checkpoint signaling,4/1146,11/18860,0.3636363636363637,5.984451848326194,4.205938413861348,0.00316918266946582,0.0252680969981326,0.01950752297286371,HUS1/ORC1/CDC6/CLSPN,4,FDR,B_higher,GO_BP,NA,NA,mitotic DNA replication checkpoint signaling
GO:0045835,negative regulation of meiotic nuclear division,4/1146,11/18860,0.3636363636363637,5.984451848326194,4.205938413861348,0.00316918266946582,0.0252680969981326,0.01950752297286371,TRIP13/LIF/ZWINT/FBXO5,4,FDR,B_higher,GO_BP,NA,NA,negative regulation of meiotic nuclear division
GO:0046645,positive regulation of gamma-delta T cell activation,4/1146,11/18860,0.3636363636363637,5.984451848326194,4.205938413861348,0.00316918266946582,0.0252680969981326,0.01950752297286371,STAT5A/NOD2/NCKAP1L/LEF1,4,FDR,B_higher,GO_BP,NA,NA,positive regulation of gamma-delta T cell activation
GO:0051987,positive regulation of attachment of spindle microtubules to kinetochore,4/1146,11/18860,0.3636363636363637,5.984451848326194,4.205938413861348,0.00316918266946582,0.0252680969981326,0.01950752297286371,CDCA8/BIRC5/CCNB1/INCENP,4,FDR,B_higher,GO_BP,NA,NA,positive regulation of attachment of spindle microtubules to kinetochore
GO:0071236,cellular response to antibiotic,4/1146,11/18860,0.3636363636363637,5.984451848326194,4.205938413861348,0.00316918266946582,0.0252680969981326,0.01950752297286371,CRIP1/EZH2/PLA2G4A/PLA2G4F,4,FDR,B_higher,GO_BP,NA,NA,cellular response to antibiotic
GO:2001233,regulation of apoptotic signaling pathway,39/1146,406/18860,0.0960591133004926,1.5808681298841978,3.009460354923587,0.00317841158850276,0.0252680969981326,0.01950752297286371,BAK1/NACC2/FAS/TNFRSF12A/LGALS3/RIPK3/ACSL5/APAF1/HMOX1/FAIM2/CTSC/FIGNL1/BRCA1/ACAA2/NANOS3/PLAUR/HSPB1/HIGD1A/VNN1/INCA1/JAK2/SNAI1/BDKRB2/S100A9/ATAD5/PYCARD/PML/MSX1/AGT/HELLS/CSF2/S100A8/TIFAB/TNF/TREM2/PF4/ICAM1/INHBA/SCG2,39,FDR,B_higher,GO_BP,NA,NA,regulation of apoptotic signaling pathway
GO:0018212,peptidyl-tyrosine modification,16/1146,123/18860,0.13008130081300814,2.140779522978476,3.2284760069258542,0.00317962926608084,0.0252680969981326,0.01950752297286371,LYN/IL18/EPHB2/GPRC5A/ZFYVE28/NEDD9/PARP9/LIF/PARP14/BANK1/JAK2/HCK/PKDCC/TNFRSF18/SAMSN1/FGR,16,FDR,B_higher,GO_BP,NA,NA,peptidyl-tyrosine modification
GO:0070555,response to interleukin-1,16/1146,123/18860,0.13008130081300814,2.140779522978476,3.2284760069258542,0.00317962926608084,0.0252680969981326,0.01950752297286371,IRAK2/TNFRSF11A/CFL1/PYDC1/MYD88/IL1RN/GBP1/CASP1/GBP3/CYBA/CHI3L1/ZBP1/PYCARD/LCN2/CCL3/CD38,16,FDR,B_higher,GO_BP,NA,NA,response to interleukin-1
GO:0035115,embryonic forelimb morphogenesis,7/1146,33/18860,0.21212121212121213,3.4909302448569464,3.642682282592602,0.00318099684952137,0.0252680969981326,0.01950752297286371,MSX2/TBX3/HOXA13/MSX1/HOXA9/TFAP2A/HOXA11,7,FDR,B_higher,GO_BP,NA,NA,embryonic forelimb morphogenesis
GO:0090022,regulation of neutrophil chemotaxis,7/1146,33/18860,0.21212121212121213,3.4909302448569464,3.642682282592602,0.00318099684952137,0.0252680969981326,0.01950752297286371,MCU/BST1/MDK/DPP4/C5AR1/NCKAP1L/TNFAIP6,7,FDR,B_higher,GO_BP,NA,NA,regulation of neutrophil chemotaxis
GO:0120254,olefinic compound metabolic process,20/1146,169/18860,0.11834319526627218,1.947602672532193,3.1473618720541756,0.00326923042862038,0.02593038934320301,0.02001882713388413,SDR16C5/CYP4F3/DHRS9/CYP4F2/MGLL/AKR1C4/CLCN2/PLA2G4A/RBP4/CYP4F12/CYP2J2/ADH6/ADH4/HSD11B2/ELOVL5/DGAT1/PLB1/CYP2D6/INHBA/CYP3A4,20,FDR,B_higher,GO_BP,NA,NA,olefinic compound metabolic process
GO:0031294,lymphocyte costimulation,9/1146,51/18860,0.17647058823529413,2.9042192793347708,3.463478624073798,0.00329688353825611,0.02608100297362827,0.02013510414737526,LYN/HHLA2/CARD11/MAP3K8/TNFSF13B/CD274/DPP4/CD5/LILRB2,9,FDR,B_higher,GO_BP,NA,NA,lymphocyte costimulation
GO:0038061,non-canonical NF-kappaB signal transduction,18/1146,146/18860,0.1232876712328767,2.028975112959908,3.1746167631778595,0.00329799119655284,0.02608100297362827,0.02013510414737526,TRIM15/IRAK2/TNFRSF11A/IL18/MYD88/RIPK3/CARD14/NOD1/EDAR/IFI35/KPNA2/LRRC19/CHI3L1/TRIM40/PYCARD/NOD2/TNF/TREM2,18,FDR,B_higher,GO_BP,NA,NA,non-canonical NF-kappaB signal transduction
GO:0032481,positive regulation of type I interferon production,13/1146,91/18860,0.14285714285714285,2.351034654699576,3.2859423289717555,0.00331836051308084,0.02615587311553861,0.02019290553279045,TRIM15/OAS3/OAS1/TRAF3/MYD88/MMP12/POLR3G/KPNA2/ISG15/OAS2/IRF1/IKBKE/STAT1,13,FDR,B_higher,GO_BP,NA,NA,positive regulation of type I interferon production
GO:0071214,cellular response to abiotic stimulus,35/1146,355/18860,0.09859154929577464,1.6225450433842143,3.011852715860766,0.00332215848114184,0.02615587311553861,0.02019290553279045,BAK1/FAS/SLC4A11/MAP2K3/ECT2/SERPINB6/RAD51AP1/CHEK2/TIMP1/PBK/MYD88/CRIP1/RAD51/CHEK1/HUS1/CLCN2/CASP1/FIGNL1/BRCA1/CDKN1A/CYBA/BRCA2/IRF1/ITGA2/CCND2/BDKRB2/BLM/PYCARD/MMP3/LCN2/MME/TIFAB/TNF/GPR65/AQP2,35,FDR,B_higher,GO_BP,NA,NA,cellular response to abiotic stimulus
GO:0104004,cellular response to environmental stimulus,35/1146,355/18860,0.09859154929577464,1.6225450433842143,3.011852715860766,0.00332215848114184,0.02615587311553861,0.02019290553279045,BAK1/FAS/SLC4A11/MAP2K3/ECT2/SERPINB6/RAD51AP1/CHEK2/TIMP1/PBK/MYD88/CRIP1/RAD51/CHEK1/HUS1/CLCN2/CASP1/FIGNL1/BRCA1/CDKN1A/CYBA/BRCA2/IRF1/ITGA2/CCND2/BDKRB2/BLM/PYCARD/MMP3/LCN2/MME/TIFAB/TNF/GPR65/AQP2,35,FDR,B_higher,GO_BP,NA,NA,cellular response to environmental stimulus
GO:0044703,multi-organism reproductive process,24/1146,217/18860,0.11059907834101385,1.820155861702898,3.0907343524623325,0.00333811308275254,0.026204187699607438,0.02023020544733158,CLDN4/PCSK5/TIMP1/VDR/TLE6/A1CF/SEMG1/TEAD4/CYP27B1/ADRA2A/MAFF/STAT5A/LIF/ADCY7/ACE2/ITGA2/HSD11B2/APOL2/DDO/SPP1/RGS2/IDO1/CD38/SERPINE2,24,FDR,B_higher,GO_BP,NA,NA,multi-organism reproductive process
GO:0090087,regulation of peptide transport,24/1146,217/18860,0.11059907834101385,1.820155861702898,3.0907343524623325,0.00333811308275254,0.026204187699607438,0.02023020544733158,STX1A/NMU/C2CD2L/ADRA2A/RBP4/MCU/F2RL1/FFAR2/JAK2/ABCA12/PCK2/CFTR/F2RL2/HNF4A/MLXIPL/NOS2/S100A8/HLA-DRB1/FAM3D/TNF/NR1H4/VSNL1/CD38/GCG,24,FDR,B_higher,GO_BP,NA,NA,regulation of peptide transport
GO:0032892,positive regulation of organic acid transport,8/1146,42/18860,0.1904761904761905,3.134712872932768,3.522659781290153,0.0033647897647514,0.02629758091397215,0.02030230704939776,TNFRSF11A/PLA2G3/CYP4F2/ARL6IP1/ACSL5/PLA2G4A/ACE2/PLA2R1,8,FDR,B_higher,GO_BP,NA,NA,positive regulation of organic acid transport
GO:0045616,regulation of keratinocyte differentiation,8/1146,42/18860,0.1904761904761905,3.134712872932768,3.522659781290153,0.0033647897647514,0.02629758091397215,0.02030230704939776,VDR/EZH2/CYP27B1/MSX2/ABCA12/ETV4/REG3G/REG3A,8,FDR,B_higher,GO_BP,NA,NA,regulation of keratinocyte differentiation
GO:0097242,amyloid-beta clearance,8/1146,42/18860,0.1904761904761905,3.134712872932768,3.522659781290153,0.0033647897647514,0.02629758091397215,0.02030230704939776,PLA2G3/LRP1/LDLR/SRF/C5AR1/MME/TNF/TREM2,8,FDR,B_higher,GO_BP,NA,NA,amyloid-beta clearance
GO:0042327,positive regulation of phosphorylation,27/1146,254/18860,0.1062992125984252,1.749391928103228,3.0583886956460176,0.00337748446606733,0.02635820479512783,0.02034911001023948,LYN/IL18/MAP2K3/ECT2/RIPK3/AREG/CARD14/NEDD9/EZH2/PARP9/CENPE/TPX2/LIF/CDKN1A/KIF14/CLSPN/MMD/PLAUR/PARP14/BANK1/JAK2/CHI3L1/S100A12/EREG/TNFRSF18/HLA-DRB1/TNF,27,FDR,B_higher,GO_BP,NA,NA,positive regulation of phosphorylation
GO:0098742,cell-cell adhesion via plasma-membrane adhesion molecules,29/1146,279/18860,0.1039426523297491,1.7106094441004085,3.041528245201971,0.00338824362033685,0.02640356853336956,0.02038413180732816,CLDN2/CEACAM6/CEACAM1/CLDN4/CLDN7/CDH3/CDHR5/CLDN1/CEACAM5/EMB/IL1RN/LRFN4/CLDN12/CDHR2/PCDH1/CDH17/CLDN3/CLDN23/MYPN/CLDN15/CDH16/DSG3/CELSR3/SELL/PCDHB14/SELP/ICAM1/REG3A/PCDH20,29,FDR,B_higher,GO_BP,NA,NA,cell-cell adhesion via plasma-membrane adhesion molecules
GO:0022404,molting cycle process,14/1146,102/18860,0.13725490196078433,2.2588372172603775,3.2424233126854896,0.00342869619028933,0.02664101930678964,0.02056744899254234,CDH3/EXT1/PKP3/GAL/EDAR/TFAP2C/FERMT1/HPSE/MSX2/SNAI1/KRT17/TNF/DKK4/INHBA,14,FDR,B_higher,GO_BP,NA,NA,molting cycle process
GO:0022405,hair cycle process,14/1146,102/18860,0.13725490196078433,2.2588372172603775,3.2424233126854896,0.00342869619028933,0.02664101930678964,0.02056744899254234,CDH3/EXT1/PKP3/GAL/EDAR/TFAP2C/FERMT1/HPSE/MSX2/SNAI1/KRT17/TNF/DKK4/INHBA,14,FDR,B_higher,GO_BP,NA,NA,hair cycle process
GO:0006631,fatty acid metabolic process,40/1146,421/18860,0.09501187648456055,1.5636334995626635,2.974832257921572,0.00343690538065278,0.02666598971209967,0.02058672669102763,CEACAM1/ACOT7/MFSD2A/SLC27A2/LIPG/SCD/PLA2G3/CYP4F3/SLC27A4/CES2/CYP4F2/MGLL/ABHD3/AKR1C4/ACSL5/PLA2G4A/MSMO1/PLA2G4F/BRCA1/PNPLA3/ACAA2/LPGAT1/ACOX2/CYP4F12/PCK2/APOC2/SESN2/CYP2J2/ADH4/MLXIPL/ELOVL5/FABP2/APOC3/APOA4/UGT1A8/CYP2D6/PCK1/CYP3A4/PLA2G4D/FADS6,40,FDR,B_higher,GO_BP,NA,NA,fatty acid metabolic process
GO:0002793,positive regulation of peptide secretion,16/1146,124/18860,0.12903225806451613,2.123515171986714,3.1926011382016526,0.00345014299020178,0.02672984511131658,0.02063602445441904,NMU/C2CD2L/RBP4/MCU/FFAR2/JAK2/PCK2/CFTR/F2RL2/MLXIPL/S100A8/HLA-DRB1/NR1H4/VSNL1/CD38/GCG,16,FDR,B_higher,GO_BP,NA,NA,positive regulation of peptide secretion
GO:0070231,T cell apoptotic process,10/1146,61/18860,0.16393442622950818,2.697908620147054,3.3783541604028864,0.00349765491674138,0.02701951077505861,0.02085965267582072,BAK1/FAS/CHEK2/LGALS3/RIPK3/BCL11B/CD274/ARG2/ADAM8/IDO1,10,FDR,B_higher,GO_BP,NA,NA,T cell apoptotic process
GO:1904645,response to amyloid-beta,10/1146,61/18860,0.16393442622950818,2.697908620147054,3.3783541604028864,0.00349765491674138,0.02701951077505861,0.02085965267582072,EPHB2/MMP12/LRP1/MMP3/FPR2/LCN2/TNF/TREM2/ICAM1/APOB,10,FDR,B_higher,GO_BP,NA,NA,response to amyloid-beta
GO:0007200,phospholipase C-activating G protein-coupled receptor signaling pathway,18/1146,147/18860,0.12244897959183672,2.015172561171066,3.1428246320718607,0.00355052831218718,0.02738832388794106,0.02114438445727539,PTAFR/HTR2B/PLCB3/DGKG/ADRA2A/NMUR2/TGM2/FFAR2/GNA15/CXCR2/P2RY6/AGT/P2RY2/C5AR1/FPR2/RGS2/FPR1/PLEK,18,FDR,B_higher,GO_BP,NA,NA,phospholipase C-activating G protein-coupled receptor signaling pathway
GO:0002830,positive regulation of type 2 immune response,5/1146,18/18860,0.2777777777777778,4.5714562730269535,3.8557725656937034,0.00361530954627047,0.02773562555737246,0.02141250893437582,IL18/RSAD2/NOD2/IDO1/IL4R,5,FDR,B_higher,GO_BP,NA,NA,positive regulation of type 2 immune response
GO:0030299,intestinal cholesterol absorption,5/1146,18/18860,0.2777777777777778,4.5714562730269535,3.8557725656937034,0.00361530954627047,0.02773562555737246,0.02141250893437582,LDLR/NPC1L1/ABCG5/ABCG8/APOA4,5,FDR,B_higher,GO_BP,NA,NA,intestinal cholesterol absorption
GO:1901978,positive regulation of cell cycle checkpoint,5/1146,18/18860,0.2777777777777778,4.5714562730269535,3.8557725656937034,0.00361530954627047,0.02773562555737246,0.02141250893437582,MAD2L1/CDCA8/BIRC5/INCENP/GEN1,5,FDR,B_higher,GO_BP,NA,NA,positive regulation of cell cycle checkpoint
GO:0009314,response to radiation,43/1146,462/18860,0.09307359307359309,1.5317346992739662,2.9432286428375942,0.00361633484225013,0.02773562555737246,0.02141250893437582,BAK1/GPSM2/NMU/MAP2K3/ECT2/RAD51AP1/CHEK2/XRCC4/TIMP1/PPP1R1B/FANCD2/RAD54L/EXT1/CDC25A/PBK/APOBEC1/CRIP1/RAD51/PITPNM1/HUS1/TUBA1A/FEN1/FIGNL1/RBP4/BRCA1/CDKN1A/CYBA/BRCA2/ABCG5/IKBIP/CCND2/BLM/BHLHE40/MEIS2/PML/CXCL10/DTL/KRT14/MMP3/REEP6/LCN2/MME/TNF,43,FDR,B_higher,GO_BP,NA,NA,response to radiation
GO:0002294,"CD4-positive, alpha-beta T cell differentiation involved in immune response",13/1146,92/18860,0.14130434782608697,2.325479930191972,3.2415400472775344,0.00365472805426066,0.02798986851311824,0.02160879005124291,IL18/ANXA1/ENTPD7/SOCS3/STAT5A/MYB/ASCL2/BATF/JAK2/HLA-DRB1/LEF1/IL4R/GPR65,13,FDR,B_higher,GO_BP,NA,NA,"CD4-positive, alpha-beta T cell differentiation involved in immune response"
GO:0021782,glial cell development,17/1146,136/18860,0.125,2.0571553228621293,3.1470399616981832,0.00366087784663795,0.02799679934864384,0.0216141408077026,LYN/CD9/ZNF488/LRP1/LDLR/ERBB3/MDK/S100A9/LAMC3/HES5/C5AR1/FPR2/TPPP/TTBK1/S100A8/TNF/TREM2,17,FDR,B_higher,GO_BP,NA,NA,glial cell development
GO:0001934,positive regulation of protein phosphorylation,25/1146,231/18860,0.10822510822510822,1.781086859620891,3.038112622960893,0.0037049553785114,0.02829335022960498,0.02184308456723462,IL18/MAP2K3/ECT2/RIPK3/CARD14/NEDD9/EZH2/PARP9/CENPE/TPX2/LIF/CDKN1A/KIF14/CLSPN/MMD/PLAUR/PARP14/BANK1/JAK2/CHI3L1/S100A12/EREG/TNFRSF18/HLA-DRB1/TNF,25,FDR,B_higher,GO_BP,NA,NA,positive regulation of protein phosphorylation
GO:0034109,homotypic cell-cell adhesion,14/1146,103/18860,0.13592233009708737,2.2369067588403735,3.2016009834309513,0.00375177936919238,0.02860999753249848,0.02208754320359125,CEACAM1/LYN/CD9/CDHR5/ZNF703/CEACAM5/CDHR2/PLAUR/EMILIN2/HSPB1/JAK2/PDPN/SERPINE2/PLEK,14,FDR,B_higher,GO_BP,NA,NA,homotypic cell-cell adhesion
GO:0001933,negative regulation of protein phosphorylation,15/1146,114/18860,0.13157894736842105,2.1654266556443464,3.17450770330779,0.00377433544351992,0.0286749593495123,0.02213769514569633,CEACAM1/LYN/PRR5L/NT5DC2/GPRC5A/SFN/ZFYVE28/CDKN1A/PARP14/STK38/INCA1/PYCARD/AGT/SAMSN1/INSM1,15,FDR,B_higher,GO_BP,NA,NA,negative regulation of protein phosphorylation
GO:0042572,retinol metabolic process,9/1146,52/18860,0.17307692307692307,2.8483689085783324,3.3947854904083816,0.00377641371725499,0.0286749593495123,0.02213769514569633,SDR16C5/DHRS9/RBP4/ADH6/ADH4/DGAT1/PLB1/CYP2D6/CYP3A4,9,FDR,B_higher,GO_BP,NA,NA,retinol metabolic process
GO:0140353,lipid export from cell,9/1146,52/18860,0.17307692307692307,2.8483689085783324,3.3947854904083816,0.00377641371725499,0.0286749593495123,0.02213769514569633,TNFRSF11A/PLA2G3/GAL/PLA2G4A/MYB/AGT/NOS2/SPP1/INHBA,9,FDR,B_higher,GO_BP,NA,NA,lipid export from cell
GO:0000724,double-strand break repair via homologous recombination,22/1146,195/18860,0.11282051282051282,1.8567145478140248,3.0586710259559577,0.00379867897890105,0.0287662083023384,0.02220814133100409,GINS4/RAD51AP1/TONSL/RAD54L/POLQ/RAD51/CHEK1/HUS1/RUVBL1/CDC45/FEN1/GINS2/SKP2/FIGNL1/BRCA1/MCM4/BRCA2/GEN1/BLM/UHRF1/HELLS/GFI1,22,FDR,B_higher,GO_BP,NA,NA,double-strand break repair via homologous recombination
GO:0060603,mammary gland duct morphogenesis,7/1146,34/18860,0.2058823529411765,3.3882558258905653,3.545149841601165,0.00379920885221966,0.0287662083023384,0.02220814133100409,AREG/VDR/EPHA2/TFAP2C/MSX2/TBX3/PML,7,FDR,B_higher,GO_BP,NA,NA,mammary gland duct morphogenesis
GO:0030330,"DNA damage response, signal transduction by p53 class mediator",12/1146,82/18860,0.14634146341463414,2.4083769633507854,3.250831733131452,0.00383852119170469,0.02902269988855478,0.02240615843972549,CHEK2/GTSE1/FOXM1/CDKN1A/BRCA2/BATF/SNAI1/E2F7/SESN2/PML/MSX1/PLA2R1,12,FDR,B_higher,GO_BP,NA,NA,"DNA damage response, signal transduction by p53 class mediator"
GO:0045687,positive regulation of glial cell differentiation,8/1146,43/18860,0.18604651162790695,3.0618125735622383,3.44271869577435,0.00391796112583743,0.02958143775066511,0.02283751627730747,TNFRSF1B/ZNF488/CLCN2/LIF/MDK/CLCF1/TTBK1/SERPINE2,8,FDR,B_higher,GO_BP,NA,NA,positive regulation of glial cell differentiation
GO:2000401,regulation of lymphocyte migration,11/1146,72/18860,0.1527777777777778,2.514300950164825,3.2743981496010086,0.00395024228055758,0.02978304137516439,0.02299315868031957,RIPK3/NEDD9/ECM1/CCR6/PADI2/ASCL2/CCL20/PYCARD/CXCL10/ADAM8/CCL3,11,FDR,B_higher,GO_BP,NA,NA,regulation of lymphocyte migration
GO:0045723,positive regulation of fatty acid biosynthetic process,6/1146,26/18860,0.2307692307692308,3.797825211437777,3.631025418675766,0.00399650198086563,0.03004694024487434,0.023196894373742,PLA2G3/LPGAT1/APOC2/MLXIPL/ELOVL5/APOA4,6,FDR,B_higher,GO_BP,NA,NA,positive regulation of fatty acid biosynthetic process
GO:0098581,detection of external biotic stimulus,6/1146,26/18860,0.2307692307692308,3.797825211437777,3.631025418675766,0.00399650198086563,0.03004694024487434,0.023196894373742,SCARB1/NOD1/NOD2/TLR1/HLA-DRB1/TREM2,6,FDR,B_higher,GO_BP,NA,NA,detection of external biotic stimulus
GO:0002287,alpha-beta T cell activation involved in immune response,13/1146,93/18860,0.13978494623655913,2.300474769652274,3.1977116347854846,0.00401819873984315,0.03005656818814389,0.02320432735630994,IL18/ANXA1/ENTPD7/SOCS3/STAT5A/MYB/ASCL2/BATF/JAK2/HLA-DRB1/LEF1/IL4R/GPR65,13,FDR,B_higher,GO_BP,NA,NA,alpha-beta T cell activation involved in immune response
GO:0002293,alpha-beta T cell differentiation involved in immune response,13/1146,93/18860,0.13978494623655913,2.300474769652274,3.1977116347854846,0.00401819873984315,0.03005656818814389,0.02320432735630994,IL18/ANXA1/ENTPD7/SOCS3/STAT5A/MYB/ASCL2/BATF/JAK2/HLA-DRB1/LEF1/IL4R/GPR65,13,FDR,B_higher,GO_BP,NA,NA,alpha-beta T cell differentiation involved in immune response
GO:0071357,cellular response to type I interferon,13/1146,93/18860,0.13978494623655913,2.300474769652274,3.1977116347854846,0.00401819873984315,0.03005656818814389,0.02320432735630994,OAS3/OAS1/TRAF3/USP18/MYD88/MMP12/ISG15/OAS2/IKBKE/NLRC5/ZBP1/STAT1/IFIT1,13,FDR,B_higher,GO_BP,NA,NA,cellular response to type I interferon
GO:0002520,immune system development,23/1146,208/18860,0.11057692307692309,1.819791247147268,3.023887014869779,0.00402030529905109,0.03005656818814389,0.02320432735630994,LYN/TNFRSF11A/XRCC4/RIPK3/POLQ/FLVCR1/STAT5A/BCL11B/CCNB2/MYB/CDH17/ONECUT1/CLCF1/CCR6/SRF/BATF/ATAD5/NR5A2/TFRC/LILRB2/PDPN/LEF1/IDO1,23,FDR,B_higher,GO_BP,NA,NA,immune system development
GO:0042326,negative regulation of phosphorylation,16/1146,126/18860,0.12698412698412698,2.089808581955179,3.1218609621439004,0.00404811640021948,0.03022216132079945,0.02333216887281455,CEACAM1/LYN/PRR5L/NT5DC2/GPRC5A/SFN/ZFYVE28/CDKN1A/PARP14/STK38/INCA1/PYCARD/AGT/SAMSN1/INHBA/INSM1,16,FDR,B_higher,GO_BP,NA,NA,negative regulation of phosphorylation
GO:0009636,response to toxic substance,28/1146,270/18860,0.1037037037037037,1.706677008596729,2.9747910628771503,0.00406865277916695,0.03033305661339834,0.02341778246168573,DHFR/ABTB2/BAK1/SLC6A14/LYN/GCH1/CLDN1/DDC/RAD51/CCNB1/GUCY2C/FABP1/CPS1/SRF/SESN2/S100A9/KDM6B/ADH4/ASS1/AQP9/PDZK1/SLC30A10/LCN2/ABCG2/TNF/APOA4/CCL3/MUC2,28,FDR,B_higher,GO_BP,NA,NA,response to toxic substance
GO:0042303,molting cycle,16/1146,127/18860,0.12598425196850394,2.0733533962704924,3.0869830696372342,0.00437749575954527,0.03254466903127117,0.0251251955704732,CDH3/EXT1/PKP3/GAL/EDAR/TFAP2C/FERMT1/HPSE/MSX2/SNAI1/KRT14/KRT17/KRT16/TNF/DKK4/INHBA,16,FDR,B_higher,GO_BP,NA,NA,molting cycle
GO:0042633,hair cycle,16/1146,127/18860,0.12598425196850394,2.0733533962704924,3.0869830696372342,0.00437749575954527,0.03254466903127117,0.0251251955704732,CDH3/EXT1/PKP3/GAL/EDAR/TFAP2C/FERMT1/HPSE/MSX2/SNAI1/KRT14/KRT17/KRT16/TNF/DKK4/INHBA,16,FDR,B_higher,GO_BP,NA,NA,hair cycle
GO:0048704,embryonic skeletal system morphogenesis,13/1146,94/18860,0.13829787234042554,2.276001633804909,3.15444253475462,0.00441032262980052,0.03274311849495855,0.0252784028924223,MDFI/FLVCR1/HOXB2/MTHFD1L/HOXB6/HOXB3/HOXA9/HOXB5/HOXB9/TFAP2A/HOXA11/HOXB7/HOXC9,13,FDR,B_higher,GO_BP,NA,NA,embryonic skeletal system morphogenesis
GO:0046173,polyol biosynthetic process,10/1146,63/18860,0.15873015873015872,2.612260727443973,3.2602777355132875,0.00444347139037821,0.0328977119026892,0.02539775238094856,DHFR/PTAFR/GCH1/ACER3/CYP27B1/PCK2/P2RY6/PCK1/CYP3A4/PLEK,10,FDR,B_higher,GO_BP,NA,NA,polyol biosynthetic process
GO:0070542,response to fatty acid,10/1146,63/18860,0.15873015873015872,2.612260727443973,3.2602777355132875,0.00444347139037821,0.0328977119026892,0.02539775238094856,SCD/CLDN1/AKR1C4/CCNB1/LDLR/FFAR2/CPS1/E2F1/ASS1/NR1H4,10,FDR,B_higher,GO_BP,NA,NA,response to fatty acid
GO:0034308,primary alcohol metabolic process,14/1146,105/18860,0.13333333333333333,2.1942990110529377,3.1213502703740073,0.00447232031919714,0.03306543748459049,0.02552724019486339,SDR16C5/DHRS9/GDPD3/AKR1C4/CLCN2/RBP4/SULT1A4/ADH6/ADH4/HSD11B2/DGAT1/PLB1/CYP2D6/CYP3A4,14,FDR,B_higher,GO_BP,NA,NA,primary alcohol metabolic process
GO:0002449,lymphocyte mediated immunity,37/1146,388/18860,0.09536082474226804,1.5693762256886346,2.8823820924901677,0.00449487813654714,0.03318625102750855,0.02562051088968783,CEACAM1/CD55/TNFRSF1B/IL18/CFI/MYD88/RIPK3/IL20RB/CTSC/STAT5A/TUBB4B/IL13RA2/CLCF1/CCR6/C2/CD274/BATF/GZMB/RSAD2/ATAD5/CARD9/TFRC/ULBP2/FCGR2C/FCGR3A/C8G/C4BPA/NCKAP1L/HLA-DRB1/IL4I1/TNF/SH2D1B/TREM2/ICAM1/SERPINB9/IL4R/HLA-DRB3,37,FDR,B_higher,GO_BP,NA,NA,lymphocyte mediated immunity
GO:0031334,positive regulation of protein-containing complex assembly,23/1146,210/18860,0.10952380952380952,1.802459901936342,2.9743145017607913,0.00452276418629792,0.03319319770979455,0.02562587388019279,BAIAP2L2/BAK1/RHOC/SKA1/LGALS3/MYD88/FERMT1/KCNK6/PSRC1/CDC42EP2/ISG15/CDH17/PYCARD/MMP3/HCK/TFRC/CSF2/TPPP/NCKAP1L/TTBK1/TNF/CCL26/PLEK,23,FDR,B_higher,GO_BP,NA,NA,positive regulation of protein-containing complex assembly
GO:0050728,negative regulation of inflammatory response,23/1146,210/18860,0.10952380952380952,1.802459901936342,2.9743145017607913,0.00452276418629792,0.03319319770979455,0.02562587388019279,LYN/TNFRSF1B/PBK/IL22RA1/IL20RB/DUSP10/LDLR/SOCS3/MFHAS1/SAA1/MDK/NR5A2/HCK/FPR2/NT5E/SIGLEC10/HLA-DRB1/NR1H4/SLAMF8/TREM2/TNFAIP6/FGR/REG3A,23,FDR,B_higher,GO_BP,NA,NA,negative regulation of inflammatory response
GO:0000727,double-strand break repair via break-induced replication,4/1146,12/18860,0.3333333333333333,5.485747527632344,3.953539951498971,0.00452691044075129,0.03319319770979455,0.02562587388019279,GINS4/CDC45/GINS2/MCM4,4,FDR,B_higher,GO_BP,NA,NA,double-strand break repair via break-induced replication
GO:0035771,interleukin-4-mediated signaling pathway,4/1146,12/18860,0.3333333333333333,5.485747527632344,3.953539951498971,0.00452691044075129,0.03319319770979455,0.02562587388019279,STAT5A/PARP14/IL2RG/IL4R,4,FDR,B_higher,GO_BP,NA,NA,interleukin-4-mediated signaling pathway
GO:0045628,regulation of T-helper 2 cell differentiation,4/1146,12/18860,0.3333333333333333,5.485747527632344,3.953539951498971,0.00452691044075129,0.03319319770979455,0.02562587388019279,IL18/ANXA1/ASCL2/IL4R,4,FDR,B_higher,GO_BP,NA,NA,regulation of T-helper 2 cell differentiation
GO:0044058,regulation of digestive system process,8/1146,44/18860,0.18181818181818185,2.992225924163097,3.365073790877423,0.00453873431731254,0.03323424387628854,0.02565756241755627,CLDN2/NMU/ABCG5/NPSR1/CLDN15/ABCG8/TIFAB/APOA4,8,FDR,B_higher,GO_BP,NA,NA,regulation of digestive system process
GO:0015698,inorganic anion transport,20/1146,174/18860,0.11494252873563218,1.8916370784939116,3.005369613040781,0.00455953317296309,0.03334080558531093,0.02573983038522062,CLDN4/SLC6A14/TTYH3/SLC37A1/SLC4A11/VDR/CLCN2/RACGAP1/NMUR2/SLC4A7/CLDN3/SLC17A4/BEST2/APOL1/CFTR/SLC26A3/P2RY6/CLCA1/BEST4/SLC34A2,20,FDR,B_higher,GO_BP,NA,NA,inorganic anion transport
GO:0009084,glutamine family amino acid biosynthetic process,5/1146,19/18860,0.2631578947368421,4.330853311288693,3.694652963626469,0.00466412266707218,0.0338735874786821,0.02615114964781613,OTC/FOLH1B/FOLH1/ASS1/NAGS,5,FDR,B_higher,GO_BP,NA,NA,glutamine family amino acid biosynthetic process
GO:0032303,regulation of icosanoid secretion,5/1146,19/18860,0.2631578947368421,4.330853311288693,3.694652963626469,0.00466412266707218,0.0338735874786821,0.02615114964781613,TNFRSF11A/PLA2G3/CYP4F2/PLA2G4A/PLA2R1,5,FDR,B_higher,GO_BP,NA,NA,regulation of icosanoid secretion
GO:0051299,centrosome separation,5/1146,19/18860,0.2631578947368421,4.330853311288693,3.694652963626469,0.00466412266707218,0.0338735874786821,0.02615114964781613,AURKA/CHEK1/NEK2/KIF11/KIF15,5,FDR,B_higher,GO_BP,NA,NA,centrosome separation
GO:1900424,regulation of defense response to bacterium,5/1146,19/18860,0.2631578947368421,4.330853311288693,3.694652963626469,0.00466412266707218,0.0338735874786821,0.02615114964781613,F2RL1/EMILIN2/CYBA/ARG2/KLK7,5,FDR,B_higher,GO_BP,NA,NA,regulation of defense response to bacterium
GO:1903978,regulation of microglial cell activation,5/1146,19/18860,0.2631578947368421,4.330853311288693,3.694652963626469,0.00466412266707218,0.0338735874786821,0.02615114964781613,CTSC/LDLR/TTBK1/TREM2/CCL3,5,FDR,B_higher,GO_BP,NA,NA,regulation of microglial cell activation
GO:0090276,regulation of peptide hormone secretion,23/1146,211/18860,0.10900473933649288,1.7939174379461222,2.949728967490303,0.00479297155961607,0.03476206818645459,0.02683707616690062,STX1A/NMU/C2CD2L/ADRA2A/RBP4/MCU/F2RL1/FFAR2/JAK2/ABCA12/PCK2/CFTR/F2RL2/HNF4A/MLXIPL/NOS2/HLA-DRB1/FAM3D/TNF/NR1H4/VSNL1/CD38/GCG,23,FDR,B_higher,GO_BP,NA,NA,regulation of peptide hormone secretion
GO:0007229,integrin-mediated signaling pathway,15/1146,117/18860,0.1282051282051282,2.1099028952432093,3.063033040183735,0.00483070987851042,0.03498823518519489,0.02701168203151939,CEACAM1/TIMP1/ZYX/NEDD9/FERMT1/BST1/DIAPH3/ISG15/CDH17/ITGA2/SEMA7A/ITGB8/HCK/FGR/PLEK,15,FDR,B_higher,GO_BP,NA,NA,integrin-mediated signaling pathway
GO:0033622,integrin activation,6/1146,27/18860,0.2222222222222222,3.657165018421563,3.5142606860740435,0.00487850005900743,0.03519112610132658,0.02716831825179814,FERMT1/FBLIM1/KIF14/CDH17/SELP/PLEK,6,FDR,B_higher,GO_BP,NA,NA,integrin activation
GO:0050995,negative regulation of lipid catabolic process,6/1146,27/18860,0.2222222222222222,3.657165018421563,3.5142606860740435,0.00487850005900743,0.03519112610132658,0.02716831825179814,MFSD2A/CIDEC/ADRA2A/PDE3B/APOC3/TNF,6,FDR,B_higher,GO_BP,NA,NA,negative regulation of lipid catabolic process
GO:0051446,positive regulation of meiotic cell cycle,6/1146,27/18860,0.2222222222222222,3.657165018421563,3.5142606860740435,0.00487850005900743,0.03519112610132658,0.02716831825179814,RAD51AP1/CDC25B/CDC25A/MSX2/OVOL1/MSX1,6,FDR,B_higher,GO_BP,NA,NA,positive regulation of meiotic cell cycle
GO:0045123,cellular extravasation,11/1146,74/18860,0.14864864864864866,2.44634687043064,3.170768097962237,0.00489345183440047,0.0352370961163674,0.02720380810782244,EXT1/RIPK3/BST1/FUT4/MDK/ADAM8/SELL/TNF/SELP/ICAM1/CCL25,11,FDR,B_higher,GO_BP,NA,NA,cellular extravasation
GO:0044818,mitotic G2/M transition checkpoint,9/1146,54/18860,0.16666666666666666,2.742873763816172,3.262179958503774,0.00489807518140588,0.0352370961163674,0.02720380810782244,CHEK1/HUS1/ORC1/BRCA1/CDC6/CDKN1A/CLSPN/BLM/DTL,9,FDR,B_higher,GO_BP,NA,NA,mitotic G2/M transition checkpoint
GO:0031663,lipopolysaccharide-mediated signaling pathway,10/1146,64/18860,0.15625,2.5714441535776613,3.2029454285746186,0.00498633127986123,0.03577558652136999,0.0276195344661244,IRAK2/CD55/SCARB1/LYN/PTAFR/MYD88/LILRA2/JAK2/HCK/TIFAB,10,FDR,B_higher,GO_BP,NA,NA,lipopolysaccharide-mediated signaling pathway
GO:0043370,"regulation of CD4-positive, alpha-beta T cell differentiation",10/1146,64/18860,0.15625,2.5714441535776613,3.2029454285746186,0.00498633127986123,0.03577558652136999,0.0276195344661244,IL18/ANXA1/STAT5A/IL2RG/ASCL2/BATF/NCKAP1L/HLA-DRB1/IL4R/GPR65,10,FDR,B_higher,GO_BP,NA,NA,"regulation of CD4-positive, alpha-beta T cell differentiation"
GO:0072593,reactive oxygen species metabolic process,25/1146,237/18860,0.10548523206751056,1.7359960530482104,2.900134606172218,0.0051580053311034,0.03693783954097198,0.02851681919167543,DHFR/NOXO1/GCH1/FAS/FOXM1/RIPK3/BST1/BRCA1/F2RL1/CDKN1A/CYBA/SH3PXD2B/ACE2/SESN2/ARG2/NCF2/MMP3/AGT/NOS2/FPR2/LCN2/TFAP2A/TNF/APOA4/PLA2R1,25,FDR,B_higher,GO_BP,NA,NA,reactive oxygen species metabolic process
GO:0070227,lymphocyte apoptotic process,12/1146,85/18860,0.1411764705882353,2.3233754234678163,3.110254119520882,0.00516216341280725,0.03693783954097198,0.02851681919167543,BAK1/LYN/FAS/CHEK2/LGALS3/RIPK3/BCL11B/SLC39A10/CD274/ARG2/ADAM8/IDO1,12,FDR,B_higher,GO_BP,NA,NA,lymphocyte apoptotic process
GO:0071478,cellular response to radiation,21/1146,188/18860,0.11170212765957446,1.8383090119193493,2.9381973254814735,0.00517739503537874,0.03699723520595949,0.02856267394279967,BAK1/MAP2K3/ECT2/RAD51AP1/CHEK2/TIMP1/PBK/CRIP1/RAD51/HUS1/FIGNL1/BRCA1/CDKN1A/CYBA/BRCA2/CCND2/BLM/MMP3/LCN2/MME/TNF,21,FDR,B_higher,GO_BP,NA,NA,cellular response to radiation
GO:0060338,regulation of type I interferon-mediated signaling pathway,8/1146,45/18860,0.17777777777777778,2.9257320147372505,3.289601681294914,0.00523230340898762,0.03733961978232079,0.02882700231661491,OAS3/OAS1/USP18/MMP12/ISG15/IKBKE/NLRC5/ZBP1,8,FDR,B_higher,GO_BP,NA,NA,regulation of type I interferon-mediated signaling pathway
GO:0002456,T cell mediated immunity,17/1146,141/18860,0.12056737588652482,1.9842065525478692,2.9836495104662597,0.0052964354453369,0.0376964965429445,0.02910251897332486,CEACAM1/CD55/TNFRSF1B/IL18/RIPK3/IL20RB/CTSC/CD274/RSAD2/ULBP2/FCGR3A/C4BPA/NCKAP1L/HLA-DRB1/IL4I1/ICAM1/HLA-DRB3,17,FDR,B_higher,GO_BP,NA,NA,T cell mediated immunity
GO:0045621,positive regulation of lymphocyte differentiation,17/1146,141/18860,0.12056737588652482,1.9842065525478692,2.9836495104662597,0.0052964354453369,0.0376964965429445,0.02910251897332486,IL18/ANXA1/DUSP10/STAT5A/IL2RG/MDK/VNN1/TNFSF9/ADAM8/LILRB2/NCKAP1L/HLA-DRB1/IL4I1/LEF1/IL4R/PCK1/GPR65,17,FDR,B_higher,GO_BP,NA,NA,positive regulation of lymphocyte differentiation
GO:0051222,positive regulation of protein transport,27/1146,263/18860,0.10266159695817492,1.6895268050882886,2.8641839151873776,0.0054098815721813,0.038452660229432493,0.02968629386094302,PRR5L/NMU/ECT2/SEC24A/SFN/C2CD2L/ACHE/RBP4/KIF20B/MCU/F2RL1/FFAR2/JAK2/PCK2/CFTR/ANXA13/F2RL2/MLXIPL/CHP2/ADAM8/HLA-DRB1/TNF/NR1H4/TREM2/VSNL1/CD38/GCG,27,FDR,B_higher,GO_BP,NA,NA,positive regulation of protein transport
GO:0046165,alcohol biosynthetic process,18/1146,153/18860,0.1176470588235294,1.9361461862231808,2.957199564382081,0.00542423741263288,0.03850342993169461,0.02972548918037199,DHFR/PTAFR/GCH1/MVD/ACER3/CYP27B1/CLCN2/MSMO1/ACAA2/NPC1L1/SQLE/PCK2/CFTR/P2RY6/APOB/PCK1/CYP3A4/PLEK,18,FDR,B_higher,GO_BP,NA,NA,alcohol biosynthetic process
GO:0000725,recombinational repair,22/1146,201/18860,0.10945273631840796,1.8012902329539042,2.9049389810081,0.00545097739759237,0.03864185570829758,0.02983235690441621,GINS4/RAD51AP1/TONSL/RAD54L/POLQ/RAD51/CHEK1/HUS1/RUVBL1/CDC45/FEN1/GINS2/SKP2/FIGNL1/BRCA1/MCM4/BRCA2/GEN1/BLM/UHRF1/HELLS/GFI1,22,FDR,B_higher,GO_BP,NA,NA,recombinational repair
GO:1903038,negative regulation of leukocyte cell-cell adhesion,19/1146,165/18860,0.11515151515151516,1.895076418636628,2.937194266466017,0.00549519001667367,0.03890361314191521,0.03003443936238647,ANXA1/LGALS3/IL20RB/STAT5A/SOCS6/MDK/PLA2G2A/IRF1/CD274/ASCL2/ARG2/ASS1/FGL2/LILRB2/HLA-DRB1/IL4I1/IDO1/CCL25/IL4R,19,FDR,B_higher,GO_BP,NA,NA,negative regulation of leukocyte cell-cell adhesion
GO:0006694,steroid biosynthetic process,20/1146,177/18860,0.11299435028248588,1.85957543309571,2.922406599324628,0.0055181837652406,0.03891157851896214,0.03004058880750464,HSD17B11/STARD4/MVD/CYP27B1/CLCN2/MSMO1/ACAA2/NPC1L1/SQLE/HSD17B2/SNAI1/CFTR/NR5A2/GFI1/TNF/NR1H4/APOB/INHBA/PCK1/CYP3A4,20,FDR,B_higher,GO_BP,NA,NA,steroid biosynthetic process
GO:0032635,interleukin-6 production,20/1146,177/18860,0.11299435028248588,1.85957543309571,2.922406599324628,0.0055181837652406,0.03891157851896214,0.03004058880750464,ADORA2B/AFAP1L2/MYD88/NOD1/LILRA2/F2RL1/CYBA/TMEM106A/BANK1/PYCARD/NOD2/CARD9/NOS2/TLR1/EREG/LILRB2/NCKAP1L/TNF/NR1H4/TREM2,20,FDR,B_higher,GO_BP,NA,NA,interleukin-6 production
GO:0032675,regulation of interleukin-6 production,20/1146,177/18860,0.11299435028248588,1.85957543309571,2.922406599324628,0.0055181837652406,0.03891157851896214,0.03004058880750464,ADORA2B/AFAP1L2/MYD88/NOD1/LILRA2/F2RL1/CYBA/TMEM106A/BANK1/PYCARD/NOD2/CARD9/NOS2/TLR1/EREG/LILRB2/NCKAP1L/TNF/NR1H4/TREM2,20,FDR,B_higher,GO_BP,NA,NA,regulation of interleukin-6 production
GO:0001961,positive regulation of cytokine-mediated signaling pathway,10/1146,65/18860,0.15384615384615383,2.5318834742918517,3.1466943713841533,0.00557984436919287,0.03924269992457388,0.03029622176740879,AGPAT2/PARP9/MMP12/CASP1/PARP14/IKBKE/NLRC5/ZBP1/GFI1/TREM2,10,FDR,B_higher,GO_BP,NA,NA,positive regulation of cytokine-mediated signaling pathway
GO:0050994,regulation of lipid catabolic process,10/1146,65/18860,0.15384615384615383,2.5318834742918517,3.1466943713841533,0.00557984436919287,0.03924269992457388,0.03029622176740879,SCARB1/MFSD2A/CIDEC/ADRA2A/LDLR/APOC2/PDE3B/APOC3/TNF/APOA4,10,FDR,B_higher,GO_BP,NA,NA,regulation of lipid catabolic process
GO:0001763,morphogenesis of a branching structure,23/1146,214/18860,0.10747663551401868,1.768769062647812,2.876757562529239,0.00568528481529551,0.0399032344029109,0.03080616881690287,ST14/EXT1/AREG/VDR/EPHA2/TFAP2C/SOCS3/TGM2/CTSZ/MSX2/MDK/FOXD1/TBX3/HOXA13/SRF/HOXB13/PML/NPNT/AGT/HOXA11/TNF/LEF1/HOXB7,23,FDR,B_higher,GO_BP,NA,NA,morphogenesis of a branching structure
GO:0043410,positive regulation of MAPK cascade,43/1146,474/18860,0.09071729957805907,1.4929566056214607,2.764697070766276,0.00568871513312386,0.0399032344029109,0.03080616881690287,GPR37L1/LYN/TNFRSF11A/HTR2B/MAP2K3/EDN3/MYD88/NOD1/EZH2/EDAR/ADRA2A/TNIK/ERBB3/F2RL1/MFHAS1/LIF/ARHGAP8/PLA2G2A/TMEM106A/NPSR1/BANK1/IQGAP3/SEMA7A/JAK2/CHI3L1/PYCARD/NPNT/NOD2/P2RY6/CARD9/SLC30A10/S100A12/C5AR1/FPR2/ADAM8/CCR1/HLA-DRB1/TNF/TREM2/ICAM1/CCL3/INHBA/GCG,43,FDR,B_higher,GO_BP,NA,NA,positive regulation of MAPK cascade
GO:0007204,positive regulation of cytosolic calcium ion concentration,19/1146,166/18860,0.1144578313253012,1.8836602956327928,2.908583831418435,0.00586252386139582,0.04097630348671596,0.03163460159541185,CD55/CCRL2/BAK1/NMU/CIB2/JPH1/F2RL1/SAA1/CCR6/JAK2/BDKRB2/CXCR2/PML/C5AR1/FPR2/BDKRB1/CCR1/FPR1/CD38,19,FDR,B_higher,GO_BP,NA,NA,positive regulation of cytosolic calcium ion concentration
GO:0044706,multi-multicellular organism process,24/1146,227/18860,0.10572687224669604,1.7399727840948405,2.852860936454644,0.00588278189938323,0.04097630348671596,0.03163460159541185,CLDN4/PCSK5/TIMP1/VDR/TLE6/A1CF/SEMG1/TEAD4/CYP27B1/ADRA2A/MAFF/STAT5A/LIF/ADCY7/ACE2/ITGA2/HSD11B2/APOL2/DDO/SPP1/RGS2/IDO1/CD38/SERPINE2,24,FDR,B_higher,GO_BP,NA,NA,multi-multicellular organism process
GO:0002675,positive regulation of acute inflammatory response,6/1146,28/18860,0.21428571428571427,3.526551982049364,3.402924783619094,0.00589542920153575,0.04097630348671596,0.03163460159541185,TNFRSF11A/FFAR2/CREB3L3/ADAM8/C2CD4A/TNF,6,FDR,B_higher,GO_BP,NA,NA,positive regulation of acute inflammatory response
GO:0031639,plasminogen activation,6/1146,28/18860,0.21428571428571427,3.526551982049364,3.402924783619094,0.00589542920153575,0.04097630348671596,0.03163460159541185,F12/ANXA2/S100A10/CTSZ/PLAUR/SERPINE2,6,FDR,B_higher,GO_BP,NA,NA,plasminogen activation
GO:0032740,positive regulation of interleukin-17 production,6/1146,28/18860,0.21428571428571427,3.526551982049364,3.402924783619094,0.00589542920153575,0.04097630348671596,0.03163460159541185,IL18/MYD88/JAK2/NOD2/CARD9/NR1H4,6,FDR,B_higher,GO_BP,NA,NA,positive regulation of interleukin-17 production
GO:0033598,mammary gland epithelial cell proliferation,6/1146,28/18860,0.21428571428571427,3.526551982049364,3.402924783619094,0.00589542920153575,0.04097630348671596,0.03163460159541185,ZNF703/AREG/EPHA2/TFAP2C/BRCA2/IQGAP3,6,FDR,B_higher,GO_BP,NA,NA,mammary gland epithelial cell proliferation
GO:0051043,regulation of membrane protein ectodomain proteolysis,6/1146,28/18860,0.21428571428571427,3.526551982049364,3.402924783619094,0.00589542920153575,0.04097630348671596,0.03163460159541185,TNFRSF1B/TIMP1/ADRA2A/TIMP4/ADAM8/TNF,6,FDR,B_higher,GO_BP,NA,NA,regulation of membrane protein ectodomain proteolysis
GO:0046635,positive regulation of alpha-beta T cell activation,11/1146,76/18860,0.14473684210526316,2.381969321208781,3.070467305532667,0.00600661027728376,0.04169477979212058,0.03218928100139064,CD55/IL18/ANXA1/CARD11/IL2RG/JAK2/NCKAP1L/HLA-DRB1/IL4R/GPR65/HLA-DRB3,11,FDR,B_higher,GO_BP,NA,NA,positive regulation of alpha-beta T cell activation
GO:0006275,regulation of DNA replication,15/1146,120/18860,0.125,2.0571553228621293,2.9548670791920895,0.00611518283418731,0.0421859692218839,0.03256848997331457,CCNA2/ESCO2/CDC25A/RUVBL1/DSCC1/MCM4/CDC6/CDKN1A/FBXO5/E2F7/ATAD5/SLFN11/CDT1/EREG/DACH1,15,FDR,B_higher,GO_BP,NA,NA,regulation of DNA replication
GO:0051495,positive regulation of cytoskeleton organization,21/1146,191/18860,0.1099476439790576,1.809435048381349,2.859772463120846,0.00619871802269559,0.0421859692218839,0.03256848997331457,VIL1/BAIAP2L2/S100A10/RHOC/WDR1/GPSM2/CFL1/EPHA1/PLK4/SKA1/SPAG5/STIL/PSRC1/CDC42EP2/F2RL1/PYCARD/HCK/NCKAP1L/CCL26/GPR65/PLEK,21,FDR,B_higher,GO_BP,NA,NA,positive regulation of cytoskeleton organization
GO:0046677,response to antibiotic,7/1146,37/18860,0.1891891891891892,3.1135323805480875,3.273095414494819,0.00620572027468212,0.0421859692218839,0.03256848997331457,CRIP1/EZH2/PLA2G4A/PLA2G4F/HPSE/JAK2/KDM6B,7,FDR,B_higher,GO_BP,NA,NA,response to antibiotic
GO:1903725,regulation of phospholipid metabolic process,7/1146,37/18860,0.1891891891891892,3.1135323805480875,3.273095414494819,0.00620572027468212,0.0421859692218839,0.03256848997331457,SCARB1/MFSD2A/HTR2B/LPCAT1/LDLR/APOC2/NR1H4,7,FDR,B_higher,GO_BP,NA,NA,regulation of phospholipid metabolic process
GO:0016032,viral process,37/1146,396/18860,0.09343434343434344,1.5376716554727028,2.750395561105699,0.00622641621201543,0.0421859692218839,0.03256848997331457,TRIM15/CD55/SCARB1/IL32/OAS3/PTBP1/PCSK5/TRIM14/OAS1/TMPRSS4/CLDN1/EPHA2/PARP9/TOP2A/KPNA2/LDLR/LAMP3/ISG15/RCC1/ACE2/OAS2/SLC6A19/ITGA2/STAT1/DPP4/RSAD2/ANPEP/IFIT1/NR5A2/MX1/TFRC/TRIM31/BST2/APOBEC3B/HLA-DRB1/TNF/ICAM1,37,FDR,B_higher,GO_BP,NA,NA,viral process
GO:1901224,positive regulation of non-canonical NF-kappaB signal transduction,10/1146,66/18860,0.15151515151515152,2.4935216034692473,3.091485290053102,0.00622710532090208,0.0421859692218839,0.03256848997331457,TNFRSF11A/IL18/NOD1/EDAR/IFI35/LRRC19/PYCARD/NOD2/TNF/TREM2,10,FDR,B_higher,GO_BP,NA,NA,positive regulation of non-canonical NF-kappaB signal transduction
GO:0006521,regulation of amino acid metabolic process,4/1146,13/18860,0.3076923076923077,5.063766948583703,3.7279722727710656,0.0062275278656509,0.0421859692218839,0.03256848997331457,SLC7A7/HNF4A/NR1H4/ACMSD,4,FDR,B_higher,GO_BP,NA,NA,regulation of amino acid metabolic process
GO:0010572,positive regulation of platelet activation,4/1146,13/18860,0.3076923076923077,5.063766948583703,3.7279722727710656,0.0062275278656509,0.0421859692218839,0.03256848997331457,PLA2G4A/JAK2/SELP/PLEK,4,FDR,B_higher,GO_BP,NA,NA,positive regulation of platelet activation
GO:0015838,amino-acid betaine transport,4/1146,13/18860,0.3076923076923077,5.063766948583703,3.7279722727710656,0.0062275278656509,0.0421859692218839,0.03256848997331457,SLC6A14/SLC6A20/SLC6A12/PDZK1,4,FDR,B_higher,GO_BP,NA,NA,amino-acid betaine transport
GO:0021681,cerebellar granular layer development,4/1146,13/18860,0.3076923076923077,5.063766948583703,3.7279722727710656,0.0062275278656509,0.0421859692218839,0.03256848997331457,FAIM2/KIF14/MDK/SERPINE2,4,FDR,B_higher,GO_BP,NA,NA,cerebellar granular layer development
GO:0032490,detection of molecule of bacterial origin,4/1146,13/18860,0.3076923076923077,5.063766948583703,3.7279722727710656,0.0062275278656509,0.0421859692218839,0.03256848997331457,SCARB1/NOD2/TLR1/TREM2,4,FDR,B_higher,GO_BP,NA,NA,detection of molecule of bacterial origin
GO:0032536,regulation of cell projection size,4/1146,13/18860,0.3076923076923077,5.063766948583703,3.7279722727710656,0.0062275278656509,0.0421859692218839,0.03256848997331457,VIL1/PLS1/CDHR5/CDHR2,4,FDR,B_higher,GO_BP,NA,NA,regulation of cell projection size
GO:0034111,negative regulation of homotypic cell-cell adhesion,4/1146,13/18860,0.3076923076923077,5.063766948583703,3.7279722727710656,0.0062275278656509,0.0421859692218839,0.03256848997331457,CEACAM1/CD9/ZNF703/SERPINE2,4,FDR,B_higher,GO_BP,NA,NA,negative regulation of homotypic cell-cell adhesion
GO:0042373,vitamin K metabolic process,4/1146,13/18860,0.3076923076923077,5.063766948583703,3.7279722727710656,0.0062275278656509,0.0421859692218839,0.03256848997331457,CYP4F3/CYP4F2/CBR3/CYP4F12,4,FDR,B_higher,GO_BP,NA,NA,vitamin K metabolic process
GO:0046643,regulation of gamma-delta T cell activation,4/1146,13/18860,0.3076923076923077,5.063766948583703,3.7279722727710656,0.0062275278656509,0.0421859692218839,0.03256848997331457,STAT5A/NOD2/NCKAP1L/LEF1,4,FDR,B_higher,GO_BP,NA,NA,regulation of gamma-delta T cell activation
GO:0048711,positive regulation of astrocyte differentiation,4/1146,13/18860,0.3076923076923077,5.063766948583703,3.7279722727710656,0.0062275278656509,0.0421859692218839,0.03256848997331457,LIF/CLCF1/TTBK1/SERPINE2,4,FDR,B_higher,GO_BP,NA,NA,positive regulation of astrocyte differentiation
GO:0060100,"positive regulation of phagocytosis, engulfment",4/1146,13/18860,0.3076923076923077,5.063766948583703,3.7279722727710656,0.0062275278656509,0.0421859692218839,0.03256848997331457,F2RL1/ITGA2/NCKAP1L/TREM2,4,FDR,B_higher,GO_BP,NA,NA,"positive regulation of phagocytosis, engulfment"
GO:1900426,positive regulation of defense response to bacterium,4/1146,13/18860,0.3076923076923077,5.063766948583703,3.7279722727710656,0.0062275278656509,0.0421859692218839,0.03256848997331457,F2RL1/EMILIN2/CYBA/KLK7,4,FDR,B_higher,GO_BP,NA,NA,positive regulation of defense response to bacterium
GO:1905155,positive regulation of membrane invagination,4/1146,13/18860,0.3076923076923077,5.063766948583703,3.7279722727710656,0.0062275278656509,0.0421859692218839,0.03256848997331457,F2RL1/ITGA2/NCKAP1L/TREM2,4,FDR,B_higher,GO_BP,NA,NA,positive regulation of membrane invagination
GO:0015914,phospholipid transport,14/1146,109/18860,0.12844036697247707,2.1137742767023715,2.9661392400077315,0.00624893481278831,0.04227733083734353,0.03263902313663701,SCARB1/MFSD2A/XRCC4/C2CD2L/PITPNM1/ATP11A/GLTPD2/LDLR/ABCA12/APOC2/ABCG8/MTTP/APOC3/APOA4,14,FDR,B_higher,GO_BP,NA,NA,phospholipid transport
GO:0050819,negative regulation of coagulation,9/1146,56/18860,0.16071428571428573,2.6449139865370235,3.1354898881361244,0.00626242044408101,0.04231493712722085,0.03266805601409352,F12/ANXA2/CEACAM1/CD9/TFPI/PLAUR/PROCR/PF4/SERPINE2,9,FDR,B_higher,GO_BP,NA,NA,negative regulation of coagulation
GO:0048661,positive regulation of smooth muscle cell proliferation,13/1146,98/18860,0.1326530612244898,2.1831036079353208,2.9866860239610244,0.00629776965885474,0.04249999296961648,0.03281092316776409,IL18/MYD88/SKP2/HMOX1/MYB/CYBA/ITGA2/JAK2/STAT1/HES5/P2RY6/EREG/TNF,13,FDR,B_higher,GO_BP,NA,NA,positive regulation of smooth muscle cell proliferation
GO:0002706,regulation of lymphocyte mediated immunity,22/1146,204/18860,0.10784313725490197,1.774800670704582,2.8300175194511037,0.006477109326837,0.04365506260941403,0.03370266216715425,CEACAM1/CD55/TNFRSF1B/IL18/RIPK3/IL20RB/STAT5A/CLCF1/CD274/RSAD2/ATAD5/TFRC/ULBP2/C4BPA/NCKAP1L/HLA-DRB1/IL4I1/TNF/SH2D1B/TREM2/SERPINB9/HLA-DRB3,22,FDR,B_higher,GO_BP,NA,NA,regulation of lymphocyte mediated immunity
GO:0090277,positive regulation of peptide hormone secretion,15/1146,121/18860,0.12396694214876032,2.0401540392021116,2.919513302091669,0.00659974498349234,0.04442552171737973,0.0342974734324982,NMU/C2CD2L/RBP4/MCU/FFAR2/JAK2/PCK2/CFTR/F2RL2/MLXIPL/HLA-DRB1/NR1H4/VSNL1/CD38/GCG,15,FDR,B_higher,GO_BP,NA,NA,positive regulation of peptide hormone secretion
GO:0030218,erythrocyte differentiation,18/1146,156/18860,0.1153846153846154,1.8989126057188883,2.867515947500072,0.00662721881971722,0.04455427463432061,0.03439687349753805,TRIM10/LYN/FLVCR1/LYAR/NCAPG2/STAT5A/RACGAP1/MFHAS1/MYB/DIAPH3/ISG15/SRF/JAK2/STAT1/TRIM58/NCKAP1L/TSPO2/INHBA,18,FDR,B_higher,GO_BP,NA,NA,erythrocyte differentiation
GO:0001676,long-chain fatty acid metabolic process,14/1146,110/18860,0.12727272727272726,2.0945581469141676,2.9283829074134777,0.00677128978324898,0.04546559102262022,0.03510042966093316,ACOT7/SLC27A2/CYP4F3/SLC27A4/CYP4F2/MGLL/ACSL5/PLA2G4A/PNPLA3/CYP4F12/CYP2J2/ELOVL5/CYP2D6/CYP3A4,14,FDR,B_higher,GO_BP,NA,NA,long-chain fatty acid metabolic process
GO:0010971,positive regulation of G2/M transition of mitotic cell cycle,6/1146,29/18860,0.20689655172413793,3.4049467412890415,3.296560794469588,0.00705848720389324,0.04727503725769405,0.03649736168954906,CDC25B/CDC25A/CHEK1/CCNB1/FBXO5/DTL,6,FDR,B_higher,GO_BP,NA,NA,positive regulation of G2/M transition of mitotic cell cycle
GO:0043304,regulation of mast cell degranulation,6/1146,29/18860,0.20689655172413793,3.4049467412890415,3.296560794469588,0.00705848720389324,0.04727503725769405,0.03649736168954906,ADORA2B/LYN/PLA2G3/IL13RA2/IL4R/FGR,6,FDR,B_higher,GO_BP,NA,NA,regulation of mast cell degranulation
GO:0001909,leukocyte mediated cytotoxicity,18/1146,157/18860,0.11464968152866242,1.8868176209690863,2.8380616295464005,0.00707324583414727,0.04731451912616308,0.03652784255465845,CEACAM1/IL18/MYD88/RIPK3/CTSC/STAT5A/TUBB4B/F2RL1/GZMB/NOS2/ULBP2/FCGR2C/DNASE1L3/FCGR3A/NCKAP1L/HLA-DRB1/ICAM1/SERPINB9,18,FDR,B_higher,GO_BP,NA,NA,leukocyte mediated cytotoxicity
GO:0001556,oocyte maturation,7/1146,38/18860,0.18421052631578944,3.0315973179020848,3.1885252716522228,0.00721665988297955,0.04815316306918111,0.03717529400245392,AURKA/TRIP13/CDC25B/CCNB1/BRCA2/FBXO5/EREG,7,FDR,B_higher,GO_BP,NA,NA,oocyte maturation
GO:0032872,regulation of stress-activated MAPK cascade,7/1146,38/18860,0.18421052631578944,3.0315973179020848,3.1885252716522228,0.00721665988297955,0.04815316306918111,0.03717529400245392,FAS/FOXM1/PBK/NOD1/DUSP10/NOD2/CARD9,7,FDR,B_higher,GO_BP,NA,NA,regulation of stress-activated MAPK cascade
GO:0006302,double-strand break repair,32/1146,334/18860,0.09580838323353294,1.5767418043494164,2.704936998321932,0.00733957314065177,0.04845428809387725,0.03740776910089122,GINS4/RAD51AP1/CHEK2/XRCC4/FANCD2/TONSL/TRIP13/ESCO2/RAD54L/FOXM1/POLQ/RAD51/CHEK1/HUS1/RUVBL1/PARP9/CDC45/FEN1/GINS2/SKP2/FIGNL1/BRCA1/MCM4/BRCA2/GEN1/BRIP1/BLM/DCLRE1B/UHRF1/PML/HELLS/GFI1,32,FDR,B_higher,GO_BP,NA,NA,double-strand break repair
GO:0034144,negative regulation of toll-like receptor 4 signaling pathway,5/1146,21/18860,0.23809523809523808,3.91839109116596,3.4034355751860907,0.0073777398402734,0.04845428809387725,0.03740776910089122,LYN/LILRA2/MFHAS1/TREM2/BPIFB1,5,FDR,B_higher,GO_BP,NA,NA,negative regulation of toll-like receptor 4 signaling pathway
GO:0034375,high-density lipoprotein particle remodeling,5/1146,21/18860,0.23809523809523808,3.91839109116596,3.4034355751860907,0.0073777398402734,0.04845428809387725,0.03740776910089122,SCARB1/LIPG/PLA2G3/APOC3/APOA4,5,FDR,B_higher,GO_BP,NA,NA,high-density lipoprotein particle remodeling
GO:0042359,vitamin D metabolic process,5/1146,21/18860,0.23809523809523808,3.91839109116596,3.4034355751860907,0.0073777398402734,0.04845428809387725,0.03740776910089122,CYP27B1/SNAI1/GFI1/TNF/CYP3A4,5,FDR,B_higher,GO_BP,NA,NA,vitamin D metabolic process
GO:0043011,myeloid dendritic cell differentiation,5/1146,21/18860,0.23809523809523808,3.91839109116596,3.4034355751860907,0.0073777398402734,0.04845428809387725,0.03740776910089122,BATF/ITGB8/BATF3/UBD/CSF2,5,FDR,B_higher,GO_BP,NA,NA,myeloid dendritic cell differentiation
GO:0051447,negative regulation of meiotic cell cycle,5/1146,21/18860,0.23809523809523808,3.91839109116596,3.4034355751860907,0.0073777398402734,0.04845428809387725,0.03740776910089122,TRIP13/LIF/ZWINT/FBXO5/OVOL1,5,FDR,B_higher,GO_BP,NA,NA,negative regulation of meiotic cell cycle
GO:0071800,podosome assembly,5/1146,21/18860,0.23809523809523808,3.91839109116596,3.4034355751860907,0.0073777398402734,0.04845428809387725,0.03740776910089122,DIAPH3/SH3PXD2B/HCK/CSF2/TNF,5,FDR,B_higher,GO_BP,NA,NA,podosome assembly
GO:0072567,chemokine (C-X-C motif) ligand 2 production,5/1146,21/18860,0.23809523809523808,3.91839109116596,3.4034355751860907,0.0073777398402734,0.04845428809387725,0.03740776910089122,OAS3/OAS1/MYD88/F2RL1/TNF,5,FDR,B_higher,GO_BP,NA,NA,chemokine (C-X-C motif) ligand 2 production
GO:1900221,regulation of amyloid-beta clearance,5/1146,21/18860,0.23809523809523808,3.91839109116596,3.4034355751860907,0.0073777398402734,0.04845428809387725,0.03740776910089122,PLA2G3/LRP1/SRF/TNF/TREM2,5,FDR,B_higher,GO_BP,NA,NA,regulation of amyloid-beta clearance
GO:1901881,positive regulation of protein depolymerization,5/1146,21/18860,0.23809523809523808,3.91839109116596,3.4034355751860907,0.0073777398402734,0.04845428809387725,0.03740776910089122,VIL1/WDR1/CFL1/F2RL1/PLEK,5,FDR,B_higher,GO_BP,NA,NA,positive regulation of protein depolymerization
GO:2000341,regulation of chemokine (C-X-C motif) ligand 2 production,5/1146,21/18860,0.23809523809523808,3.91839109116596,3.4034355751860907,0.0073777398402734,0.04845428809387725,0.03740776910089122,OAS3/OAS1/MYD88/F2RL1/TNF,5,FDR,B_higher,GO_BP,NA,NA,regulation of chemokine (C-X-C motif) ligand 2 production
GO:0031099,regeneration,21/1146,194/18860,0.10824742268041238,1.7814540940249366,2.7827361115783384,0.00737979322224095,0.04845428809387725,0.03740776910089122,DHFR/BAK1/CD9/AURKA/ANXA1/CCNA2/CLDN1/EPPK1/EZH2/CCNB1/DUSP10/CDKN1A/MDK/NINJ2/RTN4R/JAK2/KLK6/TM4SF4/SPP1/TNF/APOA4,21,FDR,B_higher,GO_BP,NA,NA,regeneration
GO:0043270,positive regulation of monoatomic ion transport,21/1146,194/18860,0.10824742268041238,1.7814540940249366,2.7827361115783384,0.00737979322224095,0.04845428809387725,0.03740776910089122,BAK1/ATP2C2/LGALS3/EDN3/GAL/ADRA2A/LILRA2/CTSS/NPSR1/ATP1B3/CFTR/CXCL10/P2RY6/LCN2/BDKRB1/CCR1/TREM2/CCL3/CXCL11/GCG/CXCL9,21,FDR,B_higher,GO_BP,NA,NA,positive regulation of monoatomic ion transport
GO:0050868,negative regulation of T cell activation,17/1146,146/18860,0.11643835616438356,1.9162542733510244,2.826847937212301,0.00748397842594258,0.04907798137307314,0.03788927393969382,ANXA1/LGALS3/IL20RB/STAT5A/SOCS6/MDK/PLA2G2A/IRF1/CD274/ASCL2/ARG2/FGL2/LILRB2/HLA-DRB1/IL4I1/IDO1/IL4R,17,FDR,B_higher,GO_BP,NA,NA,negative regulation of T cell activation
GO:0010273,detoxification of copper ion,9/828,16/18860,0.5625,12.8125,10.129028995662903,5.030196876514638e-9,9.552171427666292e-6,8.848675590261406e-6,MT1F/MT1X/MT1B/MT1M/MT1G/MT3/MT1E/MT2A/MT1H,9,Nominal,A_higher,GO_BP,NA,NA,detoxification of copper ion
GO:1990169,stress response to copper ion,9/828,16/18860,0.5625,12.8125,10.129028995662903,5.030196876514638e-9,9.552171427666292e-6,8.848675590261406e-6,MT1F/MT1X/MT1B/MT1M/MT1G/MT3/MT1E/MT2A/MT1H,9,Nominal,A_higher,GO_BP,NA,NA,stress response to copper ion
GO:0098659,inorganic cation import across plasma membrane,24/828,139/18860,0.17266187050359713,3.9328537170263793,7.436795339085752,8.273860049949151e-9,9.552171427666292e-6,8.848675590261406e-6,KCNE2/KCNJ16/ATP4B/KCNJ18/SLC5A2/ATP4A/KCNJ12/SLC9A4/KCNJ15/NEDD4L/PPP3CC/SLC9A7/SCNN1B/KCNQ1/ABCC8/SCNN1G/KCNJ13/SLC8A2/ATP1B2/SLC9A3/KCNJ10/TRPV6/KCNJ8/KCNJ11,24,Nominal,A_higher,GO_BP,NA,NA,inorganic cation import across plasma membrane
GO:0099587,inorganic ion import across plasma membrane,24/828,139/18860,0.17266187050359713,3.9328537170263793,7.436795339085752,8.273860049949151e-9,9.552171427666292e-6,8.848675590261406e-6,KCNE2/KCNJ16/ATP4B/KCNJ18/SLC5A2/ATP4A/KCNJ12/SLC9A4/KCNJ15/NEDD4L/PPP3CC/SLC9A7/SCNN1B/KCNQ1/ABCC8/SCNN1G/KCNJ13/SLC8A2/ATP1B2/SLC9A3/KCNJ10/TRPV6/KCNJ8/KCNJ11,24,Nominal,A_higher,GO_BP,NA,NA,inorganic ion import across plasma membrane
GO:0001696,gastric acid secretion,8/828,14/18860,0.5714285714285714,13.015873015873016,9.637453681224066,3.167750043600036e-8,2.395249520327084e-5,2.2188448065029908e-5,SLC26A7/PTGER3/CCKBR/GHRL/HIP1R/SLC9A4/SGK1/KCNQ1,8,Nominal,A_higher,GO_BP,NA,NA,gastric acid secretion
GO:1990573,potassium ion import across plasma membrane,14/828,52/18860,0.2692307692307692,6.132478632478632,7.941637563211197,3.3075847767692614e-8,2.395249520327084e-5,2.2188448065029908e-5,KCNE2/KCNJ16/ATP4B/KCNJ18/ATP4A/KCNJ12/KCNJ15/KCNQ1/ABCC8/KCNJ13/ATP1B2/KCNJ10/KCNJ8/KCNJ11,14,Nominal,A_higher,GO_BP,NA,NA,potassium ion import across plasma membrane
GO:0071805,potassium ion transmembrane transport,29/828,208/18860,0.13942307692307693,3.1757478632478633,6.761298022644823,3.6307376878063215e-8,2.395249520327084e-5,2.2188448065029908e-5,KCNK2/KCNE2/KCNJ16/KCNMB2/FXYD4/KCNIP3/ATP4B/KCNJ18/HPN/ATP4A/KCNJ12/SLC9A4/KCNJ15/NEDD4L/SLC9A7/KCNQ1/ABCC8/NALCN/KCNJ13/KCNIP4/LRRC52/ATP1B2/SLC9A3/LRRC26/KCNJ10/KCNG4/KCNE4/KCNJ8/KCNJ11,29,Nominal,A_higher,GO_BP,NA,NA,potassium ion transmembrane transport
GO:0071294,cellular response to zinc ion,10/828,25/18860,0.4,9.11111111111111,8.696011232398504,4.5183250298436186e-8,2.6082031234772285e-5,2.4161148580637453e-5,MT1F/MT1X/MT1B/MT1M/MT1G/MT3/MT1E/GABRB3/MT2A/MT1H,10,Nominal,A_higher,GO_BP,NA,NA,cellular response to zinc ion
GO:0097501,stress response to metal ion,9/828,21/18860,0.42857142857142855,9.76190476190476,8.60858559249618,1.0594683163088104e-7,5.436249649682318e-5,5.0358821490982526e-5,MT1F/MT1X/MT1B/MT1M/MT1G/MT3/MT1E/MT2A/MT1H,9,Nominal,A_higher,GO_BP,NA,NA,stress response to metal ion
GO:0061687,detoxification of inorganic compound,9/828,23/18860,0.391304347826087,8.91304347826087,8.136809537969834,2.7207543433391293e-7,1.25644435575401e-4,1.163910068561076e-4,MT1F/MT1X/MT1B/MT1M/MT1G/MT3/MT1E/MT2A/MT1H,9,Nominal,A_higher,GO_BP,NA,NA,detoxification of inorganic compound
GO:0006813,potassium ion transport,29/828,240/18860,0.12083333333333332,2.7523148148148144,5.854374015157102,8.044036603657969e-7,3.2809570239177753e-4,3.0393219541842767e-4,KCNK2/KCNE2/KCNJ16/KCNMB2/FXYD4/KCNIP3/ATP4B/KCNJ18/HPN/ATP4A/KCNJ12/SLC9A4/KCNJ15/NEDD4L/SLC9A7/KCNQ1/ABCC8/NALCN/KCNJ13/KCNIP4/LRRC52/ATP1B2/SLC9A3/LRRC26/KCNJ10/KCNG4/KCNE4/KCNJ8/KCNJ11,29,Nominal,A_higher,GO_BP,NA,NA,potassium ion transport
GO:0071276,cellular response to cadmium ion,9/828,26/18860,0.34615384615384615,7.884615384615384,7.527445559286635,9.236128477897592e-7,3.2809570239177753e-4,3.0393219541842767e-4,MT1F/MT1X/MT1B/MT1M/MT1G/MT3/MT1E/MT2A/MT1H,9,Nominal,A_higher,GO_BP,NA,NA,cellular response to cadmium ion
GO:0071280,cellular response to copper ion,9/828,26/18860,0.34615384615384615,7.884615384615384,7.527445559286635,9.236128477897592e-7,3.2809570239177753e-4,3.0393219541842767e-4,MT1F/MT1X/MT1B/MT1M/MT1G/MT3/MT1E/MT2A/MT1H,9,Nominal,A_higher,GO_BP,NA,NA,cellular response to copper ion
GO:0006575,modified amino acid metabolic process,25/828,191/18860,0.13089005235602094,2.981384525887144,5.897629311499299,1.049298865044634e-6,3.461187256268657e-4,3.206278637249168e-4,SLC26A7/CKB/CKMT2/FOLR1/ACADL/CKM/SLC1A2/GSTA3/GSTM2/HPN/GSTA4/GGT7/DUOX1/GNMT/SULT2A1/ALDH1L2/SARDH/PLOD2/DUOXA1/ALDH1L1/SLC16A10/GSTT2/GSTT2B/GSTM3/PLA1A,25,Nominal,A_higher,GO_BP,NA,NA,modified amino acid metabolic process
GO:0010043,response to zinc ion,12/828,53/18860,0.22641509433962265,5.157232704402516,6.49434052873309,2.397607374600449e-6,6.674176305706192e-4,6.182638304663664e-4,MT1F/ALAD/MT1X/MT1B/MT1M/MT1G/MT3/MT1E/GABRB3/ABCC8/MT2A/MT1H,12,Nominal,A_higher,GO_BP,NA,NA,response to zinc ion
GO:0042886,amide transport,35/828,338/18860,0.10355029585798815,2.358645627876397,5.400987287503978,2.401252728937098e-6,6.674176305706192e-4,6.182638304663664e-4,FGA/FGB/FGG/FOLR1/PDE8B/MYRIP/GHRL/CHRM3/RAPGEF4/GNAZ/ACVR2B/SLC13A3/OXCT1/SLC14A2/SIRT4/PRKD1/GNAI1/ABCA2/CELA2A/SIDT2/PLA2G6/ABCC8/CHGA/FFAR3/CWH43/F2/ABCC5/SLC16A10/PTPRN/TFAP2B/SLC25A47/PLTP/FOLR3/EDN1/KCNJ11,35,Nominal,A_higher,GO_BP,NA,NA,amide transport
GO:0009410,response to xenobiotic stimulus,42/828,443/18860,0.09480812641083522,2.159518434913469,5.292034004585332,2.4569293459723965e-6,6.674176305706192e-4,6.182638304663664e-4,KCNE2/PTPRM/CA9/IGFBP2/SLC1A2/FUT1/GSTA3/GSTM2/NFATC2/ALAD/CYP2C8/ATP4A/FABP3/HDAC5/GSTA4/OXCT1/SLC6A2/PRKAA2/SLC29A1/GATA6/SULT2A1/ABCA2/ACSM2B/SLC22A12/RORC/ADA/SCNN1B/KCNQ1/GABRB3/ABCC8/SLC10A1/RORA/ABCC5/PON3/VAV3/TFAP2B/FMO2/GSTM3/EDN1/KCNJ8/KCNJ11/ALDH3A1,42,Nominal,A_higher,GO_BP,NA,NA,response to xenobiotic stimulus
GO:0006814,sodium ion transport,29/828,255/18860,0.11372549019607844,2.59041394335512,5.479210392289151,2.779759017925963e-6,7.131626191545609e-4,6.606398040263809e-4,FGF13/SLC41A1/FXYD4/ATP4B/DMD/SLC5A2/ATP4A/SLC13A3/SLC6A2/SLC9A4/NEDD4L/SGK1/SLC9A7/SCNN1B/KCNQ1/NALCN/SCNN1G/SLC10A1/SLC8A2/ATP1B2/PON3/SLC9A3/SCN2A/KLHL3/EDN1/GUCA2B/ADRB2/SLC5A7/SLC6A5,29,Nominal,A_higher,GO_BP,NA,NA,sodium ion transport
GO:0098739,import across plasma membrane,26/828,218/18860,0.11926605504587157,2.716615698267075,5.462703439350684,3.7670663320721606e-6,9.155953853425914e-4,8.481638544898206e-4,KCNE2/KCNJ16/ATP4B/SLC1A2/KCNJ18/SLC5A2/ATP4A/KCNJ12/SLC9A4/KCNJ15/NEDD4L/PPP3CC/SLC9A7/SCNN1B/KCNQ1/ABCC8/SCNN1G/KCNJ13/SLC8A2/ATP1B2/SLC9A3/KCNJ10/TRPV6/KCNJ8/SLC6A5/KCNJ11,26,Nominal,A_higher,GO_BP,NA,NA,import across plasma membrane
GO:0046686,response to cadmium ion,11/828,48/18860,0.22916666666666663,5.219907407407407,6.272759037059151,5.5631369116385755e-6,0.00127221270894494,0.00117851711817652,MT1F/ALAD/MT1X/MT1B/MT1M/MT1G/MT3/KIT/MT1E/MT2A/MT1H,11,Nominal,A_higher,GO_BP,NA,NA,response to cadmium ion
GO:0042391,regulation of membrane potential,43/828,474/18860,0.09071729957805907,2.066338490389123,5.0384062028728165,5.785289494985671e-6,0.00127221270894494,0.00117851711817652,GRIA4/FGF13/KCNK2/KCNE2/TMEM161B/CELF4/SLC25A36/KCNMB2/RIMS4/GHRL/POPDC3/GABRG2/DMD/CLDN19/GRIA3/BNIP3/RYR2/CRTC1/CNIH3/NEDD4L/ALB/SLC29A1/RGS7/CUX2/NNT/KCNQ1/GABRB3/ABCC8/NALCN/SLC8A2/ATP1B2/RIMS3/SCN2A/KCNJ10/KCNG4/KCNE4/GABRB2/EDN1/ADRB2/KCNJ8/KCNJ11/GABRA3/HTR3E,43,Nominal,A_higher,GO_BP,NA,NA,regulation of membrane potential
GO:0006882,intracellular zinc ion homeostasis,9/828,35/18860,0.2571428571428571,5.857142857142857,6.163110523921609,1.462025689740731e-5,0.00306892483419213,0.00284290545603173,MT1F/MT1X/MT1B/MT1M/MT1G/MT3/MT1E/MT2A/MT1H,9,Nominal,A_higher,GO_BP,NA,NA,intracellular zinc ion homeostasis
GO:0060047,heart contraction,28/828,265/18860,0.10566037735849056,2.406708595387841,4.94175870601712,1.6571388690722225e-5,0.00332724665103283,0.00308220245487849,MYBPC3/FGF13/VEGFB/KCNE2/TMEM161B/RNLS/HSPB7/GSTM2/DMD/SMAD5/RYR2/KCNJ12/NEDD4L/GATA6/ADM/ADA/KCNQ1/IRX3/CHRM2/CHGA/SLC8A2/ATP1B2/SCN2A/KCNE4/ADRA1B/EDN1/KCNJ8/S100A1,28,Nominal,A_higher,GO_BP,NA,NA,heart contraction
GO:0003018,vascular process in circulatory system,29/828,283/18860,0.10247349823321555,2.3341185708676875,4.845654062674213,2.1032069422134597e-5,0.00404692069130906,0.00374887412857697,DRD5/FGA/FGB/SH3GL2/FGG/SLC16A7/KCNMB2/SLC1A2/LEPR/ATP8A1/SLC2A4/SLC13A3/SLC29A1/CBS/ABCA2/PTP4A3/ADM/SCPEP1/SCNN1B/ABCC8/ABCC5/SLC8A2/ATP1B2/ADRA1B/EDN1/PLVAP/ADRB2/KCNJ8/S100A1,29,Nominal,A_higher,GO_BP,NA,NA,vascular process in circulatory system
GO:0046879,hormone secretion,32/828,331/18860,0.09667673716012085,2.2020812353138637,4.727966310934324,2.5984600647129145e-5,0.00479987543153769,0.0044463754538918996,FGA/FGB/FGG/FZD4/PDE8B/MYRIP/CCKAR/GHRL/CHRM3/RAPGEF4/GNAZ/ACVR2B/OXCT1/SIRT4/PRKD1/GNAI1/CELA2A/SIDT2/C1QTNF3/PLA2G6/KCNQ1/ABCC8/CHGA/FFAR3/F2/SLC16A10/PTPRN/TFAP2B/SLC18A2/EDN1/TRPV6/KCNJ11,32,Nominal,A_higher,GO_BP,NA,NA,hormone secretion
GO:0003015,heart process,28/828,275/18860,0.10181818181818182,2.319191919191919,4.72221325421239,3.259906257995284e-5,0.00579009503823931,0.00536366762449102,MYBPC3/FGF13/VEGFB/KCNE2/TMEM161B/RNLS/HSPB7/GSTM2/DMD/SMAD5/RYR2/KCNJ12/NEDD4L/GATA6/ADM/ADA/KCNQ1/IRX3/CHRM2/CHGA/SLC8A2/ATP1B2/SCN2A/KCNE4/ADRA1B/EDN1/KCNJ8/S100A1,28,Nominal,A_higher,GO_BP,NA,NA,heart process
GO:0015833,peptide transport,29/828,292/18860,0.09931506849315068,2.2621765601217656,4.657807350717699,3.7581188182083006e-5,0.00642777507499479,0.00595438396771872,FGA/FGB/FGG/PDE8B/MYRIP/GHRL/CHRM3/RAPGEF4/GNAZ/ACVR2B/SLC13A3/OXCT1/SIRT4/PRKD1/GNAI1/CELA2A/SIDT2/PLA2G6/ABCC8/CHGA/FFAR3/CWH43/F2/ABCC5/SLC16A10/PTPRN/TFAP2B/EDN1/KCNJ11,29,Nominal,A_higher,GO_BP,NA,NA,peptide transport
GO:1903522,regulation of blood circulation,28/828,279/18860,0.1003584229390681,2.285941855834329,4.637046399420693,4.223796400628243e-5,0.00696624706360758,0.00645319871133578,FGA/MYBPC3/FGB/FGF13/FGG/KCNE2/TMEM161B/KCNMB2/RNLS/HSPB7/GHRL/GSTM2/DMD/RYR2/KCNJ12/ADM/ADA/KCNQ1/IRX3/CHRM2/CHGA/SLC8A2/ATP1B2/KCNE4/ADRA1B/EDN1/KCNJ8/S100A1,28,Nominal,A_higher,GO_BP,NA,NA,regulation of blood circulation
GO:0046688,response to copper ion,9/828,40/18860,0.225,5.125,5.596244599676885,4.6488141879283895e-5,0.0072800553114096,0.00674389569090483,MT1F/MT1X/MT1B/MT1M/MT1G/MT3/MT1E/MT2A/MT1H,9,Nominal,A_higher,GO_BP,NA,NA,response to copper ion
GO:0002790,peptide secretion,27/828,266/18860,0.10150375939849623,2.31203007518797,4.61796614409022,4.729355984025292e-5,0.0072800553114096,0.00674389569090483,FGA/FGB/FGG/PDE8B/MYRIP/GHRL/CHRM3/RAPGEF4/GNAZ/ACVR2B/OXCT1/SIRT4/PRKD1/GNAI1/CELA2A/SIDT2/PLA2G6/ABCC8/CHGA/FFAR3/CWH43/F2/SLC16A10/PTPRN/TFAP2B/EDN1/KCNJ11,27,Nominal,A_higher,GO_BP,NA,NA,peptide secretion
GO:0009914,hormone transport,32/828,343/18860,0.09329446064139942,2.125040492387431,4.505909345170879,5.2062825916932126e-5,0.00775568161562556,0.00718449319274744,FGA/FGB/FGG/FZD4/PDE8B/MYRIP/CCKAR/GHRL/CHRM3/RAPGEF4/GNAZ/ACVR2B/OXCT1/SIRT4/PRKD1/GNAI1/CELA2A/SIDT2/C1QTNF3/PLA2G6/KCNQ1/ABCC8/CHGA/FFAR3/F2/SLC16A10/PTPRN/TFAP2B/SLC18A2/EDN1/TRPV6/KCNJ11,32,Nominal,A_higher,GO_BP,NA,NA,hormone transport
GO:0007416,synapse assembly,28/828,284/18860,0.09859154929577464,2.245696400625978,4.532604521746476,5.787211538234603e-5,0.00833288400973332,0.00771918593502683,LINGO2/FGF13/CDH2/DNER/PTPRS/CYFIP2/ERBB4/GHRL/GABRG2/EPHB3/PTPN13/ZDHHC2/LINGO4/RAB17/CUX2/FLRT3/GABRB3/SIX4/NTN1/SLITRK4/LRRN1/CRTAC1/GABRB2/SYNDIG1/KCNJ8/SIX1/GABRA3/DKK1,28,Nominal,A_higher,GO_BP,NA,NA,synapse assembly
GO:0009636,response to toxic substance,27/828,270/18860,0.1,2.2777777777777777,4.531584340930381,6.119670038160662e-5,0.00833288400973332,0.00771918593502683,DHRS2/GSTM2/MT1F/ALAD/PTPN13/DUOX1/ALDH1A1/ALB/MT1X/MT1B/MT1M/NUPR1/MT1G/MT3/NNT/MT1E/RDH12/MT2A/NEFL/ABCC5/MT1H/PON3/SLC18A2/GSTM3/EDN1/GPX3/SOD3,27,Nominal,A_higher,GO_BP,NA,NA,response to toxic substance
GO:0042692,muscle cell differentiation,38/828,441/18860,0.08616780045351474,1.962711010330058,4.3836387657912175,6.135081341076936e-5,0.00833288400973332,0.00771918593502683,MYBPC3/SMARCD3/CDH2/DNER/OBSL1/NPHS1/POPDC3/DMD/NFATC2/SYNE1/LAMA2/HDAC5/PDCD4/RBPMS2/SORBS2/PRKD1/LAMB2/GATA6/CACNA2D2/NRAP/KIT/ADM/NEBL/IRX3/SYPL2/CSRP2/IGFBP5/EFEMP2/RORA/SIX4/ALPK3/LMOD2/MYEF2/EDN1/NID1/KCNJ8/SIX1/DKK1,38,Nominal,A_higher,GO_BP,NA,NA,muscle cell differentiation
GO:0030072,peptide hormone secretion,26/828,258/18860,0.1007751937984496,2.2954349698535745,4.489502304020089,7.319438141503568e-5,0.00965747581070385,0.00894622454347985,FGA/FGB/FGG/PDE8B/MYRIP/GHRL/CHRM3/RAPGEF4/GNAZ/ACVR2B/OXCT1/SIRT4/PRKD1/GNAI1/CELA2A/SIDT2/PLA2G6/ABCC8/CHGA/FFAR3/F2/SLC16A10/PTPRN/TFAP2B/EDN1/KCNJ11,26,Nominal,A_higher,GO_BP,NA,NA,peptide hormone secretion
GO:0072006,nephron development,19/828,160/18860,0.11875,2.704861111111111,4.640670588425269,7.854533458617433e-5,0.01007562097552647,0.00933357426193603,NPHS1/ERBB4/PDGFD/GPC3/WNT6/LAMB2/ACAT1/COL4A4/IRX3/IRX2/RET/SIX4/VANGL2/TMEM59L/KLHL3/TFAP2B/EDN1/NID1/SIX1,19,Nominal,A_higher,GO_BP,NA,NA,nephron development
GO:0003012,muscle system process,40/828,485/18860,0.08247422680412371,1.8785796105383736,4.20040208094256,1.032872216543189e-4,0.01289136188107147,0.01194194221346094,PTGER3/MYBPC3/FGF13/VEGFB/CKMT2/KCNE2/SNTB1/GHRL/GSTM2/DMD/CHRM3/SMAD5/RYR2/KCNJ12/NEDD4L/NPR3/SORBS2/PRKD1/GATA6/GNAI1/KIT/ADA/SCNN1B/KCNQ1/ABCC8/CHRM2/CHGA/TPM2/IGFBP5/PGAM2/SCN2A/LMOD2/GATA5/KCNE4/ADRA1B/EDN1/ADRB2/KCNJ8/ATP8A2/CAMK2B,40,Nominal,A_higher,GO_BP,NA,NA,muscle system process
GO:0098754,detoxification,19/828,166/18860,0.1144578313253012,2.607095046854083,4.4565320760232865,1.288383203368666e-4,0.01565724640304341,0.01450412559138575,GSTM2/MT1F/DUOX1/ALDH1A1/ALB/MT1X/MT1B/MT1M/MT1G/MT3/NNT/MT1E/RDH12/MT2A/ABCC5/MT1H/GSTM3/GPX3/SOD3,19,Nominal,A_higher,GO_BP,NA,NA,detoxification
GO:0008016,regulation of heart contraction,23/828,225/18860,0.10222222222222224,2.3283950617283953,4.29542719366965,1.512796964352138e-4,0.01791306764455941,0.01659381069669929,MYBPC3/FGF13/KCNE2/TMEM161B/RNLS/HSPB7/GSTM2/DMD/RYR2/KCNJ12/ADM/ADA/KCNQ1/IRX3/CHRM2/CHGA/SLC8A2/ATP1B2/KCNE4/ADRA1B/EDN1/KCNJ8/S100A1,23,Nominal,A_higher,GO_BP,NA,NA,regulation of heart contraction
GO:0090276,regulation of peptide hormone secretion,22/828,211/18860,0.10426540284360188,2.374934175882043,4.303758659573716,1.5708947681530066e-4,0.01813598009832646,0.01680030615203636,FGA/FGB/FGG/PDE8B/MYRIP/GHRL/CHRM3/RAPGEF4/GNAZ/OXCT1/SIRT4/PRKD1/GNAI1/CELA2A/SIDT2/PLA2G6/ABCC8/CHGA/FFAR3/F2/TFAP2B/KCNJ11,22,Nominal,A_higher,GO_BP,NA,NA,regulation of peptide hormone secretion
GO:0034765,regulation of monoatomic ion transmembrane transport,29/828,318/18860,0.09119496855345911,2.077218728162124,4.151372615939532,1.7068593321368087e-4,0.01922506438001898,0.01780918183775094,FGF13/KCNE2/KCNJ16/FXYD4/KCNIP3/KCNJ18/GSTM2/DMD/ATP4A/RYR2/KCNJ12/KCNJ15/NEDD4L/PPP3CC/PRKD1/PLA2G1B/KCNQ1/KCNJ13/KCNIP4/F2/LRRC52/ATP1B2/LRRC26/KCNJ10/KCNG4/EDN1/KCNJ8/KCNJ11/HEPH,29,Nominal,A_higher,GO_BP,NA,NA,regulation of monoatomic ion transmembrane transport
GO:0051960,regulation of nervous system development,38/828,466/18860,0.0815450643776824,1.8574153552694324,4.016045952864007,1.920427381038553e-4,0.02111555629913341,0.0195604432996007,LINGO2/SMARCD3/FGF13/ROBO3/WASF3/FZD4/OBSL1/PTPRS/GHRL/DBN1/EPHB3/PTPN13/PTPRZ1/NIN/LINGO4/ULK1/ULK2/DAAM2/ZFYVE27/CUX2/MT3/FLRT3/KIT/ABCC8/NEFL/IDH2/CDK18/F2/CHODL/RASSF10/NTN1/SLITRK4/FERD3L/ID4/LRRN1/SYNDIG1/CAMK2B/DKK1,38,Nominal,A_higher,GO_BP,NA,NA,regulation of nervous system development
GO:0071248,cellular response to metal ion,20/828,186/18860,0.10752688172043012,2.4492234169653524,4.256235865794358,2.0386503022347055e-4,0.02159877045167476,0.02000806982188832,SLC41A1/MT1F/NFATC2/ALAD/BNIP3/PRKAA2/MT1X/MT1B/MT1M/MT1G/MT3/MT1E/ADCY1/GABRB3/TF/MT2A/CPNE4/MT1H/KCNJ10/EDN1,20,Nominal,A_higher,GO_BP,NA,NA,cellular response to metal ion
GO:0002791,regulation of peptide secretion,22/828,215/18860,0.10232558139534884,2.330749354005168,4.205201875438963,2.0579166303024896e-4,0.02159877045167476,0.02000806982188832,FGA/FGB/FGG/PDE8B/MYRIP/GHRL/CHRM3/RAPGEF4/GNAZ/OXCT1/SIRT4/PRKD1/GNAI1/CELA2A/SIDT2/PLA2G6/ABCC8/CHGA/FFAR3/F2/TFAP2B/KCNJ11,22,Nominal,A_higher,GO_BP,NA,NA,regulation of peptide secretion
GO:0035725,sodium ion transmembrane transport,20/828,187/18860,0.106951871657754,2.4361259655377303,4.22920598755009,2.1909016248434812e-4,0.02218044672154635,0.02054690694909266,FGF13/SLC41A1/FXYD4/ATP4B/DMD/SLC5A2/ATP4A/SLC13A3/SLC6A2/SLC9A4/NEDD4L/SLC9A7/SCNN1B/NALCN/SCNN1G/SLC8A2/ATP1B2/SLC9A3/SCN2A/SLC6A5,20,Nominal,A_higher,GO_BP,NA,NA,sodium ion transmembrane transport
GO:0001822,kidney development,29/828,323/18860,0.08978328173374613,2.0450636394908837,4.0595399835613595,2.2262533756383388e-4,0.02218044672154635,0.02054690694909266,NPHS1/ERBB4/PDGFD/SMAD5/ACVR2B/FREM2/GPC3/WNT6/LAMB2/ACAT1/BCL2L11/COL4A4/BMPER/WDPCP/IRX3/IRX2/PTK7/RET/SIX4/VANGL2/ZBTB16/TMEM59L/KLHL3/GLIS2/TFAP2B/EDN1/NID1/KCNJ8/SIX1,29,Nominal,A_higher,GO_BP,NA,NA,kidney development
GO:0071466,cellular response to xenobiotic stimulus,21/828,202/18860,0.10396039603960396,2.3679867986798677,4.188683982661004,2.287249253086035e-4,0.02218044672154635,0.02054690694909266,KCNE2/FUT1/GSTA3/GSTM2/CYP2C8/GSTA4/PRKAA2/SLC29A1/SULT2A1/ACSM2B/RORC/ADA/KCNQ1/SLC10A1/RORA/ABCC5/PON3/FMO2/GSTM3/EDN1/ALDH3A1,21,Nominal,A_higher,GO_BP,NA,NA,cellular response to xenobiotic stimulus
GO:0090087,regulation of peptide transport,22/828,217/18860,0.10138248847926268,2.309267793138761,4.15674134485612,2.347996511326643e-4,0.02218044672154635,0.02054690694909266,FGA/FGB/FGG/PDE8B/MYRIP/GHRL/CHRM3/RAPGEF4/GNAZ/OXCT1/SIRT4/PRKD1/GNAI1/CELA2A/SIDT2/PLA2G6/ABCC8/CHGA/FFAR3/F2/TFAP2B/KCNJ11,22,Nominal,A_higher,GO_BP,NA,NA,regulation of peptide transport
GO:0006936,muscle contraction,32/828,372/18860,0.08602150537634409,1.959378733572282,4.0046921851484445,2.3534904490163955e-4,0.02218044672154635,0.02054690694909266,PTGER3/MYBPC3/FGF13/VEGFB/CKMT2/KCNE2/SNTB1/GHRL/GSTM2/DMD/CHRM3/SMAD5/RYR2/KCNJ12/NEDD4L/PRKD1/KIT/ADA/SCNN1B/KCNQ1/CHRM2/CHGA/TPM2/PGAM2/SCN2A/LMOD2/KCNE4/ADRA1B/EDN1/ADRB2/KCNJ8/ATP8A2,32,Nominal,A_higher,GO_BP,NA,NA,muscle contraction
GO:0008217,regulation of blood pressure,21/828,203/18860,0.10344827586206896,2.3563218390804597,4.163345158405976,2.4483054666753315e-4,0.02261254929021336,0.02094718614014431,DRD5/RNLS/AR/NPR3/SGK1/KL/TAC4/ADM/SCPEP1/SCNN1B/KCNQ1/CHGA/SCNN1G/FFAR3/EDN1/POSTN/GUCA2B/ADRB2/KCNJ8/TTR/NPY,21,Nominal,A_higher,GO_BP,NA,NA,regulation of blood pressure
GO:0007188,adenylate cyclase-modulating G protein-coupled receptor signaling pathway,26/828,281/18860,0.09252669039145908,2.107552392249901,4.008287103243925,2.900263824215453e-4,0.02609057847972025,0.02416906634031207,DRD5/PTGER3/APLP1/CHRM3/RAPGEF4/GNAZ/PTGDR2/HTR1E/GNAI1/ADM/SCTR/ADCY1/CHRM2/CHGA/PRKACB/FFAR3/PTH1R/GPR62/RAMP1/SSTR2/MC5R/ADRA1B/EDN1/ADRB2/S1PR3/PSAPL1,26,Nominal,A_higher,GO_BP,NA,NA,adenylate cyclase-modulating G protein-coupled receptor signaling pathway
GO:0070633,transepithelial transport,8/828,40/18860,0.2,4.555555555555555,4.823699048879739,2.9378737136107687e-4,0.02609057847972025,0.02416906634031207,CLCNKA/SLC1A2/CLDN19/P2RY4/SLC9A4/PRKD1/SCNN1B/EDN1,8,Nominal,A_higher,GO_BP,NA,NA,transepithelial transport
GO:0071772,response to BMP,20/828,192/18860,0.10416666666666669,2.3726851851851856,4.096615596430154,3.1115435666803285e-4,0.02660945961283288,0.02464973305066053,GDF5/GPR155/COL2A1/RGMB/SMAD5/ACVR2B/PDCD4/RBPMS2/GPC3/GATA6/GREM2/BMPER/FST/SMAD9/TFAP2B/GATA5/SOSTDC1/DAND5/AMHR2/DKK1,20,Nominal,A_higher,GO_BP,NA,NA,response to BMP
GO:0071773,cellular response to BMP stimulus,20/828,192/18860,0.10416666666666669,2.3726851851851856,4.096615596430154,3.1115435666803285e-4,0.02660945961283288,0.02464973305066053,GDF5/GPR155/COL2A1/RGMB/SMAD5/ACVR2B/PDCD4/RBPMS2/GPC3/GATA6/GREM2/BMPER/FST/SMAD9/TFAP2B/GATA5/SOSTDC1/DAND5/AMHR2/DKK1,20,Nominal,A_higher,GO_BP,NA,NA,cellular response to BMP stimulus
GO:0045776,negative regulation of blood pressure,9/828,51/18860,0.17647058823529413,4.019607843137255,4.627062106788104,3.35755888816482e-4,0.02819128535553661,0.02611506090239584,DRD5/RNLS/KL/TAC4/SCPEP1/FFAR3/GUCA2B/ADRB2/NPY,9,Nominal,A_higher,GO_BP,NA,NA,negative regulation of blood pressure
GO:0043583,ear development,23/828,238/18860,0.09663865546218488,2.201213818860878,3.9962089339574183,3.438178037602901e-4,0.02835268960294678,0.02626457809176351,KCNK2/LRIG1/ANKRD24/COL2A1/HPN/FREM2/BCL2L11/BMPER/LHFPL5/WDPCP/KCNQ1/GABRB3/FGF20/PTK7/SOX2/SIX4/VANGL2/NTN1/GABRB2/INSIG1/EDN1/ATP8A2/SIX1,23,Nominal,A_higher,GO_BP,NA,NA,ear development
GO:0010975,regulation of neuron projection development,36/828,448/18860,0.08035714285714286,1.830357142857143,3.8115884219556464,3.7042948038947774e-4,0.02964458281152734,0.02746132628525613,FGF13/ROBO3/FZD4/OBSL1/PACSIN1/PTPRS/DMD/DBN1/EPHB3/NIN/PAK3/ULK1/NEDD4L/ULK2/ZFYVE27/SERPINI1/RAB17/PRKD1/CUX2/MT3/FIGNL2/CSMD3/TOX/NEFL/PTK7/RET/ATP1B2/DENND5A/KIF1A/FUT9/CHODL/NTN1/KIF26A/ATP8A2/CAMK2B/DKK1,36,Nominal,A_higher,GO_BP,NA,NA,regulation of neuron projection development
GO:0048839,inner ear development,21/828,210/18860,0.1,2.2777777777777777,3.990047901286904,3.8820636896508e-4,0.02964458281152734,0.02746132628525613,KCNK2/LRIG1/ANKRD24/COL2A1/HPN/FREM2/BMPER/LHFPL5/WDPCP/KCNQ1/GABRB3/FGF20/PTK7/SOX2/SIX4/VANGL2/NTN1/GABRB2/INSIG1/ATP8A2/SIX1,21,Nominal,A_higher,GO_BP,NA,NA,inner ear development
GO:0072001,renal system development,29/828,334/18860,0.08682634730538923,1.97771124417831,3.8631855030570534,3.8907750530520153e-4,0.02964458281152734,0.02746132628525613,NPHS1/ERBB4/PDGFD/SMAD5/ACVR2B/FREM2/GPC3/WNT6/LAMB2/ACAT1/BCL2L11/COL4A4/BMPER/WDPCP/IRX3/IRX2/PTK7/RET/SIX4/VANGL2/ZBTB16/TMEM59L/KLHL3/GLIS2/TFAP2B/EDN1/NID1/KCNJ8/SIX1,29,Nominal,A_higher,GO_BP,NA,NA,renal system development
GO:0098719,sodium ion import across plasma membrane,7/828,32/18860,0.21875,4.982638888888889,4.831660089498682,3.9386065986078e-4,0.02964458281152734,0.02746132628525613,SLC5A2/SLC9A4/NEDD4L/SLC9A7/SCNN1B/SCNN1G/SLC9A3,7,Nominal,A_higher,GO_BP,NA,NA,sodium ion import across plasma membrane
GO:0010038,response to metal ion,30/828,351/18860,0.08547008547008547,1.9468186134852803,3.836908273684838,4.056699940073352e-4,0.02964458281152734,0.02746132628525613,FGA/FGB/FGG/PDCD6/SLC41A1/KCNMB2/MT1F/NFATC2/ALAD/BNIP3/RYR2/PRKAA2/MT1X/MT1B/MT1M/MT1G/MT3/KIT/MT1E/ADCY1/GABRB3/ABCC8/TF/MT2A/CPNE4/MT1H/PGAM2/KCNJ10/EDN1/TRPV6,30,Nominal,A_higher,GO_BP,NA,NA,response to metal ion
GO:0009101,glycoprotein biosynthetic process,27/828,303/18860,0.0891089108910891,2.0297029702970297,3.8719696563287247,4.071733968216029e-4,0.02964458281152734,0.02746132628525613,XYLT2/VEGFB/HS3ST4/B3GAT1/ST3GAL1/CHST3/B3GALNT1/MAN2A2/IL33/ITM2A/ST3GAL6/ABCA2/TMTC4/NDST3/HS6ST3/NECAB3/PMM1/CHST11/ST8SIA5/CWH43/VANGL2/GCNT2/FUT9/RAMP1/CSGALNACT1/GALNT14/GXYLT2,27,Nominal,A_higher,GO_BP,NA,NA,glycoprotein biosynthetic process
GO:0046883,regulation of hormone secretion,25/828,272/18860,0.09191176470588236,2.093545751633987,3.892759982983165,4.158350704136317e-4,0.02964458281152734,0.02746132628525613,FGA/FGB/FGG/PDE8B/MYRIP/CCKAR/GHRL/CHRM3/RAPGEF4/GNAZ/OXCT1/SIRT4/PRKD1/GNAI1/CELA2A/SIDT2/C1QTNF3/PLA2G6/ABCC8/CHGA/FFAR3/F2/TFAP2B/EDN1/KCNJ11,25,Nominal,A_higher,GO_BP,NA,NA,regulation of hormone secretion
GO:0046676,negative regulation of insulin secretion,8/828,42/18860,0.1904761904761905,4.338624338624339,4.641496394906961,4.1725809500850534e-4,0.02964458281152734,0.02746132628525613,PDE8B/GHRL/GNAZ/SIRT4/GNAI1/ABCC8/CHGA/KCNJ11,8,Nominal,A_higher,GO_BP,NA,NA,negative regulation of insulin secretion
GO:0046717,acid secretion,8/828,42/18860,0.1904761904761905,4.338624338624339,4.641496394906961,4.1725809500850534e-4,0.02964458281152734,0.02746132628525613,SLC26A7/PTGER3/CCKBR/GHRL/HIP1R/SLC9A4/SGK1/KCNQ1,8,Nominal,A_higher,GO_BP,NA,NA,acid secretion
GO:0010232,vascular transport,12/828,88/18860,0.13636363636363635,3.1060606060606055,4.243356083152042,4.520118120400652e-4,0.03115508280598538,0.02886058136890534,SLC16A7/SLC1A2/LEPR/ATP8A1/SLC2A4/SLC13A3/SLC29A1/ABCA2/ABCC5/SLC8A2/ATP1B2/KCNJ8,12,Nominal,A_higher,GO_BP,NA,NA,vascular transport
GO:0150104,transport across blood-brain barrier,12/828,88/18860,0.13636363636363635,3.1060606060606055,4.243356083152042,4.520118120400652e-4,0.03115508280598538,0.02886058136890534,SLC16A7/SLC1A2/LEPR/ATP8A1/SLC2A4/SLC13A3/SLC29A1/ABCA2/ABCC5/SLC8A2/ATP1B2/KCNJ8,12,Nominal,A_higher,GO_BP,NA,NA,transport across blood-brain barrier
GO:0042472,inner ear morphogenesis,14/828,114/18860,0.12280701754385964,2.7972709551656916,4.124432729624628,4.704633626231142e-4,0.0311846744082827,0.02888799361657151,LRIG1/ANKRD24/COL2A1/HPN/LHFPL5/WDPCP/KCNQ1/PTK7/SIX4/VANGL2/NTN1/INSIG1/ATP8A2/SIX1,14,Nominal,A_higher,GO_BP,NA,NA,inner ear morphogenesis
GO:0055123,digestive system development,17/828,155/18860,0.10967741935483873,2.4982078853046596,4.013392369372553,4.7337062283564615e-4,0.0311846744082827,0.02888799361657151,CCKBR/PTF1A/HIP1R/EGFR/EPHB3/ACVR2B/RBPMS2/SLC4A2/GATA6/KIT/ADA/WDPCP/KCNQ1/RET/VANGL2/GATA5/NPY,17,Nominal,A_higher,GO_BP,NA,NA,digestive system development
GO:0050807,regulation of synapse organization,28/828,322/18860,0.08695652173913043,1.9806763285024152,3.8034239656934257,4.751932977736586e-4,0.0311846744082827,0.02888799361657151,LINGO2/CDH2/CACNA2D3/PTPRS/CYFIP2/GHRL/DBN1/EPHB3/PTPN13/PAK3/LINGO4/NEDD4L/RAB17/CUX2/FLRT3/LRFN2/NEFL/SIX4/VANGL2/KIF1A/NTN1/SLITRK4/LRRN1/CRTAC1/SYNDIG1/SIX1/CAMK2B/DKK1,28,Nominal,A_higher,GO_BP,NA,NA,regulation of synapse organization
GO:0003096,renal sodium ion transport,6/828,24/18860,0.25,5.694444444444445,4.931147952073047,4.79452551534879e-4,0.0311846744082827,0.02888799361657151,SGK1/KCNQ1/PON3/KLHL3/EDN1/GUCA2B,6,Nominal,A_higher,GO_BP,NA,NA,renal sodium ion transport
GO:0007409,axonogenesis,37/828,472/18860,0.07838983050847458,1.7855461393596983,3.703633465423757,4.952632641305905e-4,0.03176563546882037,0.02942616820799298,APLP1/FGF13/ROBO3/PTPRM/CCKAR/PTPRS/CYFIP2/EPHB3/LAMA2/PTPRZ1/NIN/PAK3/CELSR1/NTN4/EPHB6/ULK1/ULK2/ZFYVE27/EVL/LAMB2/GFRA3/MT3/FLRT3/ADCY1/NEFL/PTK7/RET/VANGL2/SEMA3D/NDN/UNC5A/CHODL/NTN1/SLITRK4/KIF5C/EDN1/ATP8A2,37,Nominal,A_higher,GO_BP,NA,NA,axonogenesis
GO:0003014,renal system process,16/828,143/18860,0.11188811188811187,2.5485625485625487,3.9831916206321174,5.509726173299206e-4,0.03485467872369278,0.03228771040849024,AQP4/CLCNKA/SLC5A2/CLDN19/NPR3/SGK1/SLC22A12/ADM/SCNN1B/KCNQ1/PRKACB/PON3/KLHL3/EDN1/GUCA2B/TTR,16,Nominal,A_higher,GO_BP,NA,NA,renal system process
GO:0043587,tongue morphogenesis,4/828,10/18860,0.4,9.11111111111111,5.497651709637465,6.263006578641065e-4,0.0390338596226436,0.036159104079328853,WDPCP/HOXC13/SIX4/SIX1,4,Nominal,A_higher,GO_BP,NA,NA,tongue morphogenesis
GO:0035860,glial cell-derived neurotrophic factor receptor signaling pathway,5/828,17/18860,0.29411764705882354,6.699346405228758,5.037638971528329,6.412378777170588e-4,0.0390338596226436,0.036159104079328853,NRTN/PSPN/GFRA3/GFRA4/RET,5,Nominal,A_higher,GO_BP,NA,NA,glial cell-derived neurotrophic factor receptor signaling pathway
GO:0045834,positive regulation of lipid metabolic process,16/828,145/18860,0.1103448275862069,2.5134099616858236,3.920109722829935,6.423935321179978e-4,0.0390338596226436,0.036159104079328853,PLIN5/ANGPTL3/FUT1/FABP3/SIRT4/APOA5/APOH/GNAI1/PLA2G6/PPARGC1A/SORBS1/ADM/GPIHBP1/EEF1A2/INSIG1/EDN1,16,Nominal,A_higher,GO_BP,NA,NA,positive regulation of lipid metabolic process
GO:0050803,regulation of synapse structure or activity,28/828,329/18860,0.0851063829787234,1.9385342789598108,3.680028733440995,6.666274192163226e-4,0.03976675512377951,0.03683802348317567,LINGO2/CDH2/CACNA2D3/PTPRS/CYFIP2/GHRL/DBN1/EPHB3/PTPN13/PAK3/LINGO4/NEDD4L/RAB17/CUX2/FLRT3/LRFN2/NEFL/SIX4/VANGL2/KIF1A/NTN1/SLITRK4/LRRN1/CRTAC1/SYNDIG1/SIX1/CAMK2B/DKK1,28,Nominal,A_higher,GO_BP,NA,NA,regulation of synapse structure or activity
GO:0050708,regulation of protein secretion,25/828,281/18860,0.08896797153024912,2.0264926848556746,3.714927997151456,6.71677544316761e-4,0.03976675512377951,0.03683802348317567,FGA/FGB/FGG/PDE8B/TMEM132A/MYRIP/GHRL/CHRM3/RAPGEF4/GNAZ/OXCT1/SIRT4/PLA2G1B/GNAI1/CELA2A/SIDT2/C1QTNF3/PLA2G6/ABCC8/CHGA/IDH2/F2/TGFB3/TFAP2B/KCNJ11,25,Nominal,A_higher,GO_BP,NA,NA,regulation of protein secretion
GO:0170039,proteinogenic amino acid metabolic process,18/828,175/18860,0.10285714285714286,2.342857142857143,3.824325384016348,7.079920074685736e-4,0.04138616570240345,0.03833816813260871,ALDH6A1/BCAT2/ADHFE1/GPT2/GLUL/HDC/NAT8L/SIRT4/GNMT/CBS/ACAT1/GLS2/PLOD2/ASNS/CARNS1/PHGDH/GLYATL1/CDO1,18,Nominal,A_higher,GO_BP,NA,NA,proteinogenic amino acid metabolic process
GO:0071692,protein localization to extracellular region,32/828,398/18860,0.08040201005025126,1.8313791178112788,3.5921447097223553,7.601213308521586e-4,0.04387800382344085,0.04064648800767333,FGA/FGB/FGG/PDE8B/TMEM132A/MYRIP/GHRL/CHRM3/RAPGEF4/GNAZ/ACVR2B/OXCT1/SIRT4/PLA2G1B/GNAI1/CELA2A/SIDT2/C1QTNF3/PLA2G6/NECAB3/AFM/ABCC8/CHGA/IDH2/CWH43/F2/TGFB3/PTPRN/TFAP2B/DAND5/KCNJ8/KCNJ11,32,Nominal,A_higher,GO_BP,NA,NA,protein localization to extracellular region
GO:0007586,digestion,16/828,148/18860,0.10810810810810811,2.4624624624624625,3.8274368184921057,8.036838386210838e-4,0.04556931250458893,0.04221323562687183,CHIA/SLC26A7/PTGER3/CCKBR/PGA3/GHRL/HIP1R/CHRM3/SLC9A4/SGK1/PPARGC1A/PGC/KCNQ1/CLPS/HEPH/PRSS1,16,Nominal,A_higher,GO_BP,NA,NA,digestion
GO:0170033,L-amino acid metabolic process,18/828,177/18860,0.1016949152542373,2.3163841807909606,3.770496398033027,8.091562636154811e-4,0.04556931250458893,0.04221323562687183,ALDH6A1/BCAT2/ADHFE1/GPT2/GLUL/HDC/NAT8L/SIRT4/GNMT/CBS/ACAT1/GLS2/PLOD2/ASNS/CARNS1/PHGDH/GLYATL1/CDO1,18,Nominal,A_higher,GO_BP,NA,NA,L-amino acid metabolic process
GO:0072378,"blood coagulation, fibrin clot formation",5/828,18/18860,0.2777777777777778,6.327160493827161,4.845304590310573,8.559910211513574e-4,0.04762610283948155,0.04411854800201797,FGA/FGB/FGG/APOH/FBLN1,5,Nominal,A_higher,GO_BP,NA,NA,"blood coagulation, fibrin clot formation"
GO:0180064,protein O-linked glycosylation via xylose,9/828,58/18860,0.15517241379310345,3.53448275862069,4.142417454992656,8.937924007870973e-4,0.04769031810094467,0.04417803395460307,XYLT2/HS3ST4/B3GAT1/CHST3/NDST3/HS6ST3/CHST11/VANGL2/CSGALNACT1,9,Nominal,A_higher,GO_BP,NA,NA,protein O-linked glycosylation via xylose
GO:0070293,renal absorption,8/828,47/18860,0.1702127659574468,3.8770685579196216,4.231775904367383,9.161783106363598e-4,0.04769031810094467,0.04417803395460307,CLCNKA/SLC5A2/CLDN19/SGK1/KCNQ1/KLHL3/EDN1/GUCA2B,8,Nominal,A_higher,GO_BP,NA,NA,renal absorption
GO:0090278,negative regulation of peptide hormone secretion,8/828,47/18860,0.1702127659574468,3.8770685579196216,4.231775904367383,9.161783106363598e-4,0.04769031810094467,0.04417803395460307,PDE8B/GHRL/GNAZ/SIRT4/GNAI1/ABCC8/CHGA/KCNJ11,8,Nominal,A_higher,GO_BP,NA,NA,negative regulation of peptide hormone secretion
GO:0042471,ear morphogenesis,15/828,136/18860,0.11029411764705882,2.5122549019607843,3.792692983343623,9.411817115899168e-4,0.04769031810094467,0.04417803395460307,LRIG1/ANKRD24/COL2A1/HPN/LHFPL5/WDPCP/KCNQ1/PTK7/SIX4/VANGL2/NTN1/INSIG1/EDN1/ATP8A2/SIX1,15,Nominal,A_higher,GO_BP,NA,NA,ear morphogenesis
GO:0042730,fibrinolysis,6/828,27/18860,0.2222222222222222,5.061728395061729,4.525697866071786,9.422901632235896e-4,0.04769031810094467,0.04417803395460307,FGA/FGB/FGG/APOH/F2/HRG,6,Nominal,A_higher,GO_BP,NA,NA,fibrinolysis
GO:0032836,glomerular basement membrane development,4/828,11/18860,0.3636363636363637,8.282828282828282,5.177317569007614,9.500886239252727e-4,0.04769031810094467,0.04417803395460307,NPHS1/LAMB2/COL4A4/NID1,4,Nominal,A_higher,GO_BP,NA,NA,glomerular basement membrane development
GO:0048537,mucosa-associated lymphoid tissue development,4/828,11/18860,0.3636363636363637,8.282828282828282,5.177317569007614,9.500886239252727e-4,0.04769031810094467,0.04417803395460307,RORC/ADA/TOX/RET,4,Nominal,A_higher,GO_BP,NA,NA,mucosa-associated lymphoid tissue development
GO:0048541,Peyer's patch development,4/828,11/18860,0.3636363636363637,8.282828282828282,5.177317569007614,9.500886239252727e-4,0.04769031810094467,0.04417803395460307,RORC/ADA/TOX/RET,4,Nominal,A_higher,GO_BP,NA,NA,Peyer's patch development
GO:1904338,regulation of dopaminergic neuron differentiation,4/828,11/18860,0.3636363636363637,8.282828282828282,5.177317569007614,9.500886239252727e-4,0.04769031810094467,0.04417803395460307,FOXA1/FGF20/FERD3L/DKK1,4,Nominal,A_higher,GO_BP,NA,NA,regulation of dopaminergic neuron differentiation
GO:0030166,proteoglycan biosynthetic process,11/828,83/18860,0.13253012048192772,3.0187416331994648,3.949655637946933,9.837268226235848e-4,0.04852409941599871,0.04495040916017843,XYLT2/HS3ST4/B3GAT1/ST3GAL1/CHST3/ST3GAL6/NDST3/HS6ST3/CHST11/VANGL2/CSGALNACT1,11,Nominal,A_higher,GO_BP,NA,NA,proteoglycan biosynthetic process
GO:0055075,potassium ion homeostasis,7/828,37/18860,0.1891891891891892,4.3093093093093096,4.317639231528969,9.954658150188196e-4,0.04852409941599871,0.04495040916017843,ATP4B/ATP4A/SCNN1B/KCNQ1/ATP1B2/KLHL3/KCNJ10,7,Nominal,A_higher,GO_BP,NA,NA,potassium ion homeostasis
GO:0072073,kidney epithelium development,16/828,151/18860,0.10596026490066224,2.4135393671817513,3.737004695871756,9.98222053815478e-4,0.04852409941599871,0.04495040916017843,NPHS1/SMAD5/GPC3/WNT6/LAMB2/ACAT1/BMPER/IRX3/IRX2/RET/SIX4/TMEM59L/KLHL3/TFAP2B/EDN1/SIX1,16,Nominal,A_higher,GO_BP,NA,NA,kidney epithelium development
GO:0010273,detoxification of copper ion,9/823,16/18860,0.5625,12.89034021871203,10.163535771507114,4.770328120710986e-9,8.491217560158349e-6,7.8593512822313e-6,MT1F/MT1X/MT1B/MT1M/MT1G/MT3/MT1E/MT2A/MT1H,9,FDR,A_higher,GO_BP,NA,NA,detoxification of copper ion
GO:1990169,stress response to copper ion,9/823,16/18860,0.5625,12.89034021871203,10.163535771507114,4.770328120710986e-9,8.491217560158349e-6,7.8593512822313e-6,MT1F/MT1X/MT1B/MT1M/MT1G/MT3/MT1E/MT2A/MT1H,9,FDR,A_higher,GO_BP,NA,NA,stress response to copper ion
GO:0098659,inorganic cation import across plasma membrane,24/823,139/18860,0.17266187050359713,3.956747117494341,7.47367409822543,7.359668524514278e-9,8.491217560158349e-6,7.8593512822313e-6,KCNE2/KCNJ16/ATP4B/KCNJ18/SLC5A2/ATP4A/KCNJ12/SLC9A4/KCNJ15/NEDD4L/PPP3CC/SLC9A7/SCNN1B/KCNQ1/ABCC8/SCNN1G/KCNJ13/SLC8A2/ATP1B2/SLC9A3/KCNJ10/TRPV6/KCNJ8/KCNJ11,24,FDR,A_higher,GO_BP,NA,NA,inorganic cation import across plasma membrane
GO:0099587,inorganic ion import across plasma membrane,24/823,139/18860,0.17266187050359713,3.956747117494341,7.47367409822543,7.359668524514278e-9,8.491217560158349e-6,7.8593512822313e-6,KCNE2/KCNJ16/ATP4B/KCNJ18/SLC5A2/ATP4A/KCNJ12/SLC9A4/KCNJ15/NEDD4L/PPP3CC/SLC9A7/SCNN1B/KCNQ1/ABCC8/SCNN1G/KCNJ13/SLC8A2/ATP1B2/SLC9A3/KCNJ10/TRPV6/KCNJ8/KCNJ11,24,FDR,A_higher,GO_BP,NA,NA,inorganic ion import across plasma membrane
GO:0001696,gastric acid secretion,8/823,14/18860,0.5714285714285714,13.09494879361222,9.670202168832745,3.0217217224573135e-8,2.0995322311929385e-5,1.9432974383716588e-5,SLC26A7/PTGER3/CCKBR/GHRL/HIP1R/SLC9A4/SGK1/KCNQ1,8,FDR,A_higher,GO_BP,NA,NA,gastric acid secretion
GO:1990573,potassium ion import across plasma membrane,14/823,52/18860,0.2692307692307692,6.169735489298065,7.973991747561036,3.066330775611838e-8,2.0995322311929385e-5,1.9432974383716588e-5,KCNE2/KCNJ16/ATP4B/KCNJ18/ATP4A/KCNJ12/KCNJ15/KCNQ1/ABCC8/KCNJ13/ATP1B2/KCNJ10/KCNJ8/KCNJ11,14,FDR,A_higher,GO_BP,NA,NA,potassium ion import across plasma membrane
GO:0071805,potassium ion transmembrane transport,29/823,208/18860,0.13942307692307693,3.1950415926722124,6.799685297416236,3.1845559303034826e-8,2.0995322311929385e-5,1.9432974383716588e-5,KCNK2/KCNE2/KCNJ16/KCNMB2/FXYD4/KCNIP3/ATP4B/KCNJ18/HPN/ATP4A/KCNJ12/SLC9A4/KCNJ15/NEDD4L/SLC9A7/KCNQ1/ABCC8/NALCN/KCNJ13/KCNIP4/LRRC52/ATP1B2/SLC9A3/LRRC26/KCNJ10/KCNG4/KCNE4/KCNJ8/KCNJ11,29,FDR,A_higher,GO_BP,NA,NA,potassium ion transmembrane transport
GO:0071294,cellular response to zinc ion,10/823,25/18860,0.4,9.166464155528557,8.727670614923602,4.2673205154399055e-8,2.461710522344395e-5,2.278524559428307e-5,MT1F/MT1X/MT1B/MT1M/MT1G/MT3/MT1E/GABRB3/MT2A/MT1H,10,FDR,A_higher,GO_BP,NA,NA,cellular response to zinc ion
GO:0097501,stress response to metal ion,9/823,21/18860,0.42857142857142855,9.821211595209164,8.639449276982353,1.0059735739242353e-7,5.158408937400385e-5,4.774550599981926e-5,MT1F/MT1X/MT1B/MT1M/MT1G/MT3/MT1E/MT2A/MT1H,9,FDR,A_higher,GO_BP,NA,NA,stress response to metal ion
GO:0061687,detoxification of inorganic compound,9/823,23/18860,0.391304347826087,8.96719319562576,8.166585115043185,2.584647929654273e-7,1.192815019535447e-4,1.104052768267057e-4,MT1F/MT1X/MT1B/MT1M/MT1G/MT3/MT1E/MT2A/MT1H,9,FDR,A_higher,GO_BP,NA,NA,detoxification of inorganic compound
GO:0006813,potassium ion transport,29/823,240/18860,0.12083333333333332,2.769036046982584,5.891549897405679,7.114970333687569e-7,2.9850534627243755e-4,2.7629234080482444e-4,KCNK2/KCNE2/KCNJ16/KCNMB2/FXYD4/KCNIP3/ATP4B/KCNJ18/HPN/ATP4A/KCNJ12/SLC9A4/KCNJ15/NEDD4L/SLC9A7/KCNQ1/ABCC8/NALCN/KCNJ13/KCNIP4/LRRC52/ATP1B2/SLC9A3/LRRC26/KCNJ10/KCNG4/KCNE4/KCNJ8/KCNJ11,29,FDR,A_higher,GO_BP,NA,NA,potassium ion transport
GO:0071276,cellular response to cadmium ion,9/823,26/18860,0.34615384615384615,7.9325170576689406,7.555851833108252,8.780545227754604e-7,3.0988373626146754e-4,2.868240181898922e-4,MT1F/MT1X/MT1B/MT1M/MT1G/MT3/MT1E/MT2A/MT1H,9,FDR,A_higher,GO_BP,NA,NA,cellular response to cadmium ion
GO:0071280,cellular response to copper ion,9/823,26/18860,0.34615384615384615,7.9325170576689406,7.555851833108252,8.780545227754604e-7,3.0988373626146754e-4,2.868240181898922e-4,MT1F/MT1X/MT1B/MT1M/MT1G/MT3/MT1E/MT2A/MT1H,9,FDR,A_higher,GO_BP,NA,NA,cellular response to copper ion
GO:0006575,modified amino acid metabolic process,25/823,191/18860,0.13089005235602094,2.9994974330918045,5.932723415425495,9.40059004910194e-7,3.0988373626146754e-4,2.868240181898922e-4,SLC26A7/CKB/CKMT2/FOLR1/ACADL/CKM/SLC1A2/GSTA3/GSTM2/HPN/GSTA4/GGT7/DUOX1/GNMT/SULT2A1/ALDH1L2/SARDH/PLOD2/DUOXA1/ALDH1L1/SLC16A10/GSTT2/GSTT2B/GSTM3/PLA1A,25,FDR,A_higher,GO_BP,NA,NA,modified amino acid metabolic process
GO:0042886,amide transport,35/823,338/18860,0.10355029585798815,2.3729751881915635,5.440692668450639,2.0969039386338507e-6,6.081553542417404e-4,5.629000233821024e-4,FGA/FGB/FGG/FOLR1/PDE8B/MYRIP/GHRL/CHRM3/RAPGEF4/GNAZ/ACVR2B/SLC13A3/OXCT1/SLC14A2/SIRT4/PRKD1/GNAI1/ABCA2/CELA2A/SIDT2/PLA2G6/ABCC8/CHGA/FFAR3/CWH43/F2/ABCC5/SLC16A10/PTPRN/TFAP2B/SLC25A47/PLTP/FOLR3/EDN1/KCNJ11,35,FDR,A_higher,GO_BP,NA,NA,amide transport
GO:0009410,response to xenobiotic stimulus,42/823,443/18860,0.09480812641083522,2.1726382309943526,5.3349894319529145,2.108447598671256e-6,6.081553542417404e-4,5.629000233821024e-4,KCNE2/PTPRM/CA9/IGFBP2/SLC1A2/FUT1/GSTA3/GSTM2/NFATC2/ALAD/CYP2C8/ATP4A/FABP3/HDAC5/GSTA4/OXCT1/SLC6A2/PRKAA2/SLC29A1/GATA6/SULT2A1/ABCA2/ACSM2B/SLC22A12/RORC/ADA/SCNN1B/KCNQ1/GABRB3/ABCC8/SLC10A1/RORA/ABCC5/PON3/VAV3/TFAP2B/FMO2/GSTM3/EDN1/KCNJ8/KCNJ11/ALDH3A1,42,FDR,A_higher,GO_BP,NA,NA,response to xenobiotic stimulus
GO:0010043,response to zinc ion,12/823,53/18860,0.22641509433962265,5.188564616336918,6.522596113734609,2.2516125565526233e-6,6.112465852053152e-4,5.65761223188269e-4,MT1F/ALAD/MT1X/MT1B/MT1M/MT1G/MT3/MT1E/GABRB3/ABCC8/MT2A/MT1H,12,FDR,A_higher,GO_BP,NA,NA,response to zinc ion
GO:0006814,sodium ion transport,29/823,255/18860,0.11372549019607844,2.6061515736306675,5.51593164716752,2.4683504541978165e-6,6.328576303401625e-4,5.857641019377041e-4,FGF13/SLC41A1/FXYD4/ATP4B/DMD/SLC5A2/ATP4A/SLC13A3/SLC6A2/SLC9A4/NEDD4L/SGK1/SLC9A7/SCNN1B/KCNQ1/NALCN/SCNN1G/SLC10A1/SLC8A2/ATP1B2/PON3/SLC9A3/SCN2A/KLHL3/EDN1/GUCA2B/ADRB2/SLC5A7/SLC6A5,29,FDR,A_higher,GO_BP,NA,NA,sodium ion transport
GO:0098739,import across plasma membrane,26/823,218/18860,0.11926605504587157,2.733120046373193,5.497784794784113,3.377019210619607e-6,8.202601924741836e-4,7.592212718390231e-4,KCNE2/KCNJ16/ATP4B/SLC1A2/KCNJ18/SLC5A2/ATP4A/KCNJ12/SLC9A4/KCNJ15/NEDD4L/PPP3CC/SLC9A7/SCNN1B/KCNQ1/ABCC8/SCNN1G/KCNJ13/SLC8A2/ATP1B2/SLC9A3/KCNJ10/TRPV6/KCNJ8/SLC6A5/KCNJ11,26,FDR,A_higher,GO_BP,NA,NA,import across plasma membrane
GO:0042391,regulation of membrane potential,43/823,474/18860,0.09071729957805907,2.07889218717156,5.081602456129116,4.973416229541279e-6,0.00114761579496665,0.00106221700313044,GRIA4/FGF13/KCNK2/KCNE2/TMEM161B/CELF4/SLC25A36/KCNMB2/RIMS4/GHRL/POPDC3/GABRG2/DMD/CLDN19/GRIA3/BNIP3/RYR2/CRTC1/CNIH3/NEDD4L/ALB/SLC29A1/RGS7/CUX2/NNT/KCNQ1/GABRB3/ABCC8/NALCN/SLC8A2/ATP1B2/RIMS3/SCN2A/KCNJ10/KCNG4/KCNE4/GABRB2/EDN1/ADRB2/KCNJ8/KCNJ11/GABRA3/HTR3E,43,FDR,A_higher,GO_BP,NA,NA,regulation of membrane potential
GO:0046686,response to cadmium ion,11/823,48/18860,0.22916666666666663,5.2516200891049,6.299914846745792,5.25086798073111e-6,0.00115394074909876,0.00106807129151913,MT1F/ALAD/MT1X/MT1B/MT1M/MT1G/MT3/KIT/MT1E/MT2A/MT1H,11,FDR,A_higher,GO_BP,NA,NA,response to cadmium ion
GO:0006882,intracellular zinc ion homeostasis,9/823,35/18860,0.2571428571428571,5.8927269571254985,6.188631238859331,1.392962171957573e-5,0.00292205473799281,0.00270461267646116,MT1F/MT1X/MT1B/MT1M/MT1G/MT3/MT1E/MT2A/MT1H,9,FDR,A_higher,GO_BP,NA,NA,intracellular zinc ion homeostasis
GO:0060047,heart contraction,28/823,265/18860,0.10566037735849056,2.4213301542905614,4.9773354448155684,1.4847455310239102e-5,0.00297917418507623,0.0027574816315309,MYBPC3/FGF13/VEGFB/KCNE2/TMEM161B/RNLS/HSPB7/GSTM2/DMD/SMAD5/RYR2/KCNJ12/NEDD4L/GATA6/ADM/ADA/KCNQ1/IRX3/CHRM2/CHGA/SLC8A2/ATP1B2/SCN2A/KCNE4/ADRA1B/EDN1/KCNJ8/S100A1,28,FDR,A_higher,GO_BP,NA,NA,heart contraction
GO:0003018,vascular process in circulatory system,29/823,283/18860,0.10247349823321555,2.3482991211159727,4.881674001794107,1.8812226886159893e-5,0.00361743446165116,0.00334824634666828,DRD5/FGA/FGB/SH3GL2/FGG/SLC16A7/KCNMB2/SLC1A2/LEPR/ATP8A1/SLC2A4/SLC13A3/SLC29A1/CBS/ABCA2/PTP4A3/ADM/SCPEP1/SCNN1B/ABCC8/ABCC5/SLC8A2/ATP1B2/ADRA1B/EDN1/PLVAP/ADRB2/KCNJ8/S100A1,29,FDR,A_higher,GO_BP,NA,NA,vascular process in circulatory system
GO:0046879,hormone secretion,32/823,331/18860,0.09667673716012085,2.215459614629258,4.765468847161817,2.30886100426914e-5,0.00426215741388083,0.00394499282329438,FGA/FGB/FGG/FZD4/PDE8B/MYRIP/CCKAR/GHRL/CHRM3/RAPGEF4/GNAZ/ACVR2B/OXCT1/SIRT4/PRKD1/GNAI1/CELA2A/SIDT2/C1QTNF3/PLA2G6/KCNQ1/ABCC8/CHGA/FFAR3/F2/SLC16A10/PTPRN/TFAP2B/SLC18A2/EDN1/TRPV6/KCNJ11,32,FDR,A_higher,GO_BP,NA,NA,hormone secretion
GO:0003015,heart process,28/823,275/18860,0.10181818181818182,2.333281785043632,4.757558151402542,2.928328839856492e-5,0.00519778369074527,0.00481099531665491,MYBPC3/FGF13/VEGFB/KCNE2/TMEM161B/RNLS/HSPB7/GSTM2/DMD/SMAD5/RYR2/KCNJ12/NEDD4L/GATA6/ADM/ADA/KCNQ1/IRX3/CHRM2/CHGA/SLC8A2/ATP1B2/SCN2A/KCNE4/ADRA1B/EDN1/KCNJ8/S100A1,28,FDR,A_higher,GO_BP,NA,NA,heart process
GO:0015833,peptide transport,29/823,292/18860,0.09931506849315068,2.2759200386158223,4.693636099013271,3.369295019342393e-5,0.00575899870898709,0.00533044802670231,FGA/FGB/FGG/PDE8B/MYRIP/GHRL/CHRM3/RAPGEF4/GNAZ/ACVR2B/SLC13A3/OXCT1/SIRT4/PRKD1/GNAI1/CELA2A/SIDT2/PLA2G6/ABCC8/CHGA/FFAR3/CWH43/F2/ABCC5/SLC16A10/PTPRN/TFAP2B/EDN1/KCNJ11,29,FDR,A_higher,GO_BP,NA,NA,peptide transport
GO:1903522,regulation of blood circulation,28/823,279/18860,0.1003584229390681,2.299829716440856,4.672304264856194,3.798091626958715e-5,0.00626006887800516,0.00579423151210468,FGA/MYBPC3/FGB/FGF13/FGG/KCNE2/TMEM161B/KCNMB2/RNLS/HSPB7/GHRL/GSTM2/DMD/RYR2/KCNJ12/ADM/ADA/KCNQ1/IRX3/CHRM2/CHGA/SLC8A2/ATP1B2/KCNE4/ADRA1B/EDN1/KCNJ8/S100A1,28,FDR,A_higher,GO_BP,NA,NA,regulation of blood circulation
GO:0002790,peptide secretion,27/823,266/18860,0.10150375939849623,2.326076430444276,4.6526464935418,4.265380511677821e-5,0.00678783829703211,0.006282727446965,FGA/FGB/FGG/PDE8B/MYRIP/GHRL/CHRM3/RAPGEF4/GNAZ/ACVR2B/OXCT1/SIRT4/PRKD1/GNAI1/CELA2A/SIDT2/PLA2G6/ABCC8/CHGA/FFAR3/CWH43/F2/SLC16A10/PTPRN/TFAP2B/EDN1/KCNJ11,27,FDR,A_higher,GO_BP,NA,NA,peptide secretion
GO:0046688,response to copper ion,9/823,40/18860,0.225,5.1561360874848114,5.620656450768665,4.434575245059906e-5,0.00682185491865048,0.00631421275243968,MT1F/MT1X/MT1B/MT1M/MT1G/MT3/MT1E/MT2A/MT1H,9,FDR,A_higher,GO_BP,NA,NA,response to copper ion
GO:0009914,hormone transport,32/823,343/18860,0.09329446064139942,2.137950823446893,4.543205028749133,4.640464570321262e-5,0.00690830451355891,0.00639422927890108,FGA/FGB/FGG/FZD4/PDE8B/MYRIP/CCKAR/GHRL/CHRM3/RAPGEF4/GNAZ/ACVR2B/OXCT1/SIRT4/PRKD1/GNAI1/CELA2A/SIDT2/C1QTNF3/PLA2G6/KCNQ1/ABCC8/CHGA/FFAR3/F2/SLC16A10/PTPRN/TFAP2B/SLC18A2/EDN1/TRPV6/KCNJ11,32,FDR,A_higher,GO_BP,NA,NA,hormone transport
GO:0007416,synapse assembly,28/823,284/18860,0.09859154929577464,2.2593397566443616,4.567757906894251,5.210635757277656e-5,0.00749933432621308,0.00694127814238985,LINGO2/FGF13/CDH2/DNER/PTPRS/CYFIP2/ERBB4/GHRL/GABRG2/EPHB3/PTPN13/ZDHHC2/LINGO4/RAB17/CUX2/FLRT3/GABRB3/SIX4/NTN1/SLITRK4/LRRN1/CRTAC1/GABRB2/SYNDIG1/KCNJ8/SIX1/GABRA3/DKK1,28,FDR,A_higher,GO_BP,NA,NA,synapse assembly
GO:0042692,muscle cell differentiation,38/823,441/18860,0.08616780045351474,1.9746351355447,4.423901306205443,5.399307715932606e-5,0.00749933432621308,0.00694127814238985,MYBPC3/SMARCD3/CDH2/DNER/OBSL1/NPHS1/POPDC3/DMD/NFATC2/SYNE1/LAMA2/HDAC5/PDCD4/RBPMS2/SORBS2/PRKD1/LAMB2/GATA6/CACNA2D2/NRAP/KIT/ADM/NEBL/IRX3/SYPL2/CSRP2/IGFBP5/EFEMP2/RORA/SIX4/ALPK3/LMOD2/MYEF2/EDN1/NID1/KCNJ8/SIX1/DKK1,38,FDR,A_higher,GO_BP,NA,NA,muscle cell differentiation
GO:0009636,response to toxic substance,27/823,270/18860,0.1,2.2916160388821387,4.566176680031959,5.524970034479847e-5,0.00749933432621308,0.00694127814238985,DHRS2/GSTM2/MT1F/ALAD/PTPN13/DUOX1/ALDH1A1/ALB/MT1X/MT1B/MT1M/NUPR1/MT1G/MT3/NNT/MT1E/RDH12/MT2A/NEFL/ABCC5/MT1H/PON3/SLC18A2/GSTM3/EDN1/GPX3/SOD3,27,FDR,A_higher,GO_BP,NA,NA,response to toxic substance
GO:0030072,peptide hormone secretion,26/823,258/18860,0.1007751937984496,2.3093805042998294,4.523483374884721,6.629528235257288e-5,0.00874150651591782,0.0080910152116313,FGA/FGB/FGG/PDE8B/MYRIP/GHRL/CHRM3/RAPGEF4/GNAZ/ACVR2B/OXCT1/SIRT4/PRKD1/GNAI1/CELA2A/SIDT2/PLA2G6/ABCC8/CHGA/FFAR3/F2/SLC16A10/PTPRN/TFAP2B/EDN1/KCNJ11,26,FDR,A_higher,GO_BP,NA,NA,peptide hormone secretion
GO:0072006,nephron development,19/823,160/18860,0.11875,2.721294046172539,4.670585748834089,7.251107836726383e-5,0.00929551740735896,0.00860379988346072,NPHS1/ERBB4/PDGFD/GPC3/WNT6/LAMB2/ACAT1/COL4A4/IRX3/IRX2/RET/SIX4/VANGL2/TMEM59L/KLHL3/TFAP2B/EDN1/NID1/SIX1,19,FDR,A_higher,GO_BP,NA,NA,nephron development
GO:0003012,muscle system process,40/823,485/18860,0.08247422680412371,1.8899926093873307,4.241511910456567,9.078428202095604e-5,0.01132349896018141,0.01048087102250468,PTGER3/MYBPC3/FGF13/VEGFB/CKMT2/KCNE2/SNTB1/GHRL/GSTM2/DMD/CHRM3/SMAD5/RYR2/KCNJ12/NEDD4L/NPR3/SORBS2/PRKD1/GATA6/GNAI1/KIT/ADA/SCNN1B/KCNQ1/ABCC8/CHRM2/CHGA/TPM2/IGFBP5/PGAM2/SCN2A/LMOD2/GATA5/KCNE4/ADRA1B/EDN1/ADRB2/KCNJ8/ATP8A2/CAMK2B,40,FDR,A_higher,GO_BP,NA,NA,muscle system process
GO:0098754,detoxification,19/823,166/18860,0.1144578313253012,2.622934020407267,4.486223275185359,1.1911996938867551e-4,0.01446680680865098,0.01339027245925887,GSTM2/MT1F/DUOX1/ALDH1A1/ALB/MT1X/MT1B/MT1M/MT1G/MT3/NNT/MT1E/RDH12/MT2A/ABCC5/MT1H/GSTM3/GPX3/SOD3,19,FDR,A_higher,GO_BP,NA,NA,detoxification
GO:0008016,regulation of heart contraction,23/823,225/18860,0.10222222222222224,2.3425408397461864,4.327441059603227,1.384585678119042e-4,0.016384263857742,0.01516504367559264,MYBPC3/FGF13/KCNE2/TMEM161B/RNLS/HSPB7/GSTM2/DMD/RYR2/KCNJ12/ADM/ADA/KCNQ1/IRX3/CHRM2/CHGA/SLC8A2/ATP1B2/KCNE4/ADRA1B/EDN1/KCNJ8/S100A1,23,FDR,A_higher,GO_BP,NA,NA,regulation of heart contraction
GO:0090276,regulation of peptide hormone secretion,22/823,211/18860,0.10426540284360188,2.389362694569054,4.335170492339945,1.4416708516296352e-4,0.01663327745067691,0.01539552714713963,FGA/FGB/FGG/PDE8B/MYRIP/GHRL/CHRM3/RAPGEF4/GNAZ/OXCT1/SIRT4/PRKD1/GNAI1/CELA2A/SIDT2/PLA2G6/ABCC8/CHGA/FFAR3/F2/TFAP2B/KCNJ11,22,FDR,A_higher,GO_BP,NA,NA,regulation of peptide hormone secretion
GO:0051960,regulation of nervous system development,38/823,466/18860,0.0815450643776824,1.868699774195735,4.056034787051324,1.7011482870388684e-4,0.01914829108459604,0.01772338831528556,LINGO2/SMARCD3/FGF13/ROBO3/WASF3/FZD4/OBSL1/PTPRS/GHRL/DBN1/EPHB3/PTPN13/PTPRZ1/NIN/LINGO4/ULK1/ULK2/DAAM2/ZFYVE27/CUX2/MT3/FLRT3/KIT/ABCC8/NEFL/IDH2/CDK18/F2/CHODL/RASSF10/NTN1/SLITRK4/FERD3L/ID4/LRRN1/SYNDIG1/CAMK2B/DKK1,38,FDR,A_higher,GO_BP,NA,NA,regulation of nervous system development
GO:0071248,cellular response to metal ion,20/823,186/18860,0.10752688172043012,2.4641032676152026,4.286339831479815,1.882575782682893e-4,0.02029030962260838,0.01878042457627754,SLC41A1/MT1F/NFATC2/ALAD/BNIP3/PRKAA2/MT1X/MT1B/MT1M/MT1G/MT3/MT1E/ADCY1/GABRB3/TF/MT2A/CPNE4/MT1H/KCNJ10/EDN1,20,FDR,A_higher,GO_BP,NA,NA,cellular response to metal ion
GO:0002791,regulation of peptide secretion,22/823,215/18860,0.10232558139534884,2.3449094351352113,4.2365093740096205,1.8905380580111825e-4,0.02029030962260838,0.01878042457627754,FGA/FGB/FGG/PDE8B/MYRIP/GHRL/CHRM3/RAPGEF4/GNAZ/OXCT1/SIRT4/PRKD1/GNAI1/CELA2A/SIDT2/PLA2G6/ABCC8/CHGA/FFAR3/F2/TFAP2B/KCNJ11,22,FDR,A_higher,GO_BP,NA,NA,regulation of peptide secretion
GO:0001822,kidney development,29/823,323/18860,0.08978328173374613,2.057488084445263,4.094813382457577,2.011880350838714e-4,0.02074935370204371,0.01920530930555816,NPHS1/ERBB4/PDGFD/SMAD5/ACVR2B/FREM2/GPC3/WNT6/LAMB2/ACAT1/BCL2L11/COL4A4/BMPER/WDPCP/IRX3/IRX2/PTK7/RET/SIX4/VANGL2/ZBTB16/TMEM59L/KLHL3/GLIS2/TFAP2B/EDN1/NID1/KCNJ8/SIX1,29,FDR,A_higher,GO_BP,NA,NA,kidney development
GO:0035725,sodium ion transmembrane transport,20/823,187/18860,0.106951871657754,2.450926244793731,4.259279953877595,2.023678995018571e-4,0.02074935370204371,0.01920530930555816,FGF13/SLC41A1/FXYD4/ATP4B/DMD/SLC5A2/ATP4A/SLC13A3/SLC6A2/SLC9A4/NEDD4L/SLC9A7/SCNN1B/NALCN/SCNN1G/SLC8A2/ATP1B2/SLC9A3/SCN2A/SLC6A5,20,FDR,A_higher,GO_BP,NA,NA,sodium ion transmembrane transport
GO:0071466,cellular response to xenobiotic stimulus,21/823,202/18860,0.10396039603960396,2.3823731097289556,4.219349617961583,2.1074643188774523e-4,0.02074935370204371,0.01920530930555816,KCNE2/FUT1/GSTA3/GSTM2/CYP2C8/GSTA4/PRKAA2/SLC29A1/SULT2A1/ACSM2B/RORC/ADA/KCNQ1/SLC10A1/RORA/ABCC5/PON3/FMO2/GSTM3/EDN1/ALDH3A1,21,FDR,A_higher,GO_BP,NA,NA,cellular response to xenobiotic stimulus
GO:0006936,muscle contraction,32/823,372/18860,0.08602150537634409,1.9712826140921624,4.041561705552025,2.1134638499389585e-4,0.02074935370204371,0.01920530930555816,PTGER3/MYBPC3/FGF13/VEGFB/CKMT2/KCNE2/SNTB1/GHRL/GSTM2/DMD/CHRM3/SMAD5/RYR2/KCNJ12/NEDD4L/PRKD1/KIT/ADA/SCNN1B/KCNQ1/CHRM2/CHGA/TPM2/PGAM2/SCN2A/LMOD2/KCNE4/ADRA1B/EDN1/ADRB2/KCNJ8/ATP8A2,32,FDR,A_higher,GO_BP,NA,NA,muscle contraction
GO:0090087,regulation of peptide transport,22/823,217/18860,0.10138248847926268,2.3232973666086196,4.187998433898904,2.1581126277315236e-4,0.02074935370204371,0.01920530930555816,FGA/FGB/FGG/PDE8B/MYRIP/GHRL/CHRM3/RAPGEF4/GNAZ/OXCT1/SIRT4/PRKD1/GNAI1/CELA2A/SIDT2/PLA2G6/ABCC8/CHGA/FFAR3/F2/TFAP2B/KCNJ11,22,FDR,A_higher,GO_BP,NA,NA,regulation of peptide transport
GO:0008217,regulation of blood pressure,21/823,203/18860,0.10344827586206896,2.370637281602212,4.193983803432134,2.2564282724519337e-4,0.02125187036197076,0.01967043164255627,DRD5/RNLS/AR/NPR3/SGK1/KL/TAC4/ADM/SCPEP1/SCNN1B/KCNQ1/CHGA/SCNN1G/FFAR3/EDN1/POSTN/GUCA2B/ADRB2/KCNJ8/TTR/NPY,21,FDR,A_higher,GO_BP,NA,NA,regulation of blood pressure
GO:0007188,adenylate cyclase-modulating G protein-coupled receptor signaling pathway,26/823,281/18860,0.09252669039145908,2.1203564772574945,4.041804630905692,2.6423372644070734e-4,0.02438877295047728,0.02257390446097663,DRD5/PTGER3/APLP1/CHRM3/RAPGEF4/GNAZ/PTGDR2/HTR1E/GNAI1/ADM/SCTR/ADCY1/CHRM2/CHGA/PRKACB/FFAR3/PTH1R/GPR62/RAMP1/SSTR2/MC5R/ADRA1B/EDN1/ADRB2/S1PR3/PSAPL1,26,FDR,A_higher,GO_BP,NA,NA,adenylate cyclase-modulating G protein-coupled receptor signaling pathway
GO:0070633,transepithelial transport,8/823,40/18860,0.2,4.583232077764277,4.8458751274131835,2.8199985089298526e-4,0.02505732472685197,0.02319270656134238,CLCNKA/SLC1A2/CLDN19/P2RY4/SLC9A4/PRKD1/SCNN1B/EDN1,8,FDR,A_higher,GO_BP,NA,NA,transepithelial transport
GO:0071772,response to BMP,20/823,192/18860,0.10416666666666669,2.387100040502228,4.126545118053953,2.8776559274607905e-4,0.02505732472685197,0.02319270656134238,GDF5/GPR155/COL2A1/RGMB/SMAD5/ACVR2B/PDCD4/RBPMS2/GPC3/GATA6/GREM2/BMPER/FST/SMAD9/TFAP2B/GATA5/SOSTDC1/DAND5/AMHR2/DKK1,20,FDR,A_higher,GO_BP,NA,NA,response to BMP
GO:0071773,cellular response to BMP stimulus,20/823,192/18860,0.10416666666666669,2.387100040502228,4.126545118053953,2.8776559274607905e-4,0.02505732472685197,0.02319270656134238,GDF5/GPR155/COL2A1/RGMB/SMAD5/ACVR2B/PDCD4/RBPMS2/GPC3/GATA6/GREM2/BMPER/FST/SMAD9/TFAP2B/GATA5/SOSTDC1/DAND5/AMHR2/DKK1,20,FDR,A_higher,GO_BP,NA,NA,cellular response to BMP stimulus
GO:0043583,ear development,23/823,238/18860,0.09663865546218488,2.2145869283314785,4.027921661479675,3.1571395296352284e-4,0.02694562507891294,0.02494049074989535,KCNK2/LRIG1/ANKRD24/COL2A1/HPN/FREM2/BCL2L11/BMPER/LHFPL5/WDPCP/KCNQ1/GABRB3/FGF20/PTK7/SOX2/SIX4/VANGL2/NTN1/GABRB2/INSIG1/EDN1/ATP8A2/SIX1,23,FDR,A_higher,GO_BP,NA,NA,ear development
GO:0045776,negative regulation of blood pressure,9/823,51/18860,0.17647058823529413,4.0440283039096565,4.649733011200089,3.2112879292312284e-4,0.02694562507891294,0.02494049074989535,DRD5/RNLS/KL/TAC4/SCPEP1/FFAR3/GUCA2B/ADRB2/NPY,9,FDR,A_higher,GO_BP,NA,NA,negative regulation of blood pressure
GO:0010975,regulation of neuron projection development,36/823,448/18860,0.08035714285714286,1.8414771741017184,3.850418709224248,3.3076946077352764e-4,0.02725894752624696,0.02523049759058224,FGF13/ROBO3/FZD4/OBSL1/PACSIN1/PTPRS/DMD/DBN1/EPHB3/NIN/PAK3/ULK1/NEDD4L/ULK2/ZFYVE27/SERPINI1/RAB17/PRKD1/CUX2/MT3/FIGNL2/CSMD3/TOX/NEFL/PTK7/RET/ATP1B2/DENND5A/KIF1A/FUT9/CHODL/NTN1/KIF26A/ATP8A2/CAMK2B/DKK1,36,FDR,A_higher,GO_BP,NA,NA,regulation of neuron projection development
GO:0072001,renal system development,29/823,334/18860,0.08682634730538923,1.989726500825809,3.898294972596707,3.526000720683231e-4,0.02786290171473962,0.02578950907416625,NPHS1/ERBB4/PDGFD/SMAD5/ACVR2B/FREM2/GPC3/WNT6/LAMB2/ACAT1/BCL2L11/COL4A4/BMPER/WDPCP/IRX3/IRX2/PTK7/RET/SIX4/VANGL2/ZBTB16/TMEM59L/KLHL3/GLIS2/TFAP2B/EDN1/NID1/KCNJ8/SIX1,29,FDR,A_higher,GO_BP,NA,NA,renal system development
GO:0034765,regulation of monoatomic ion transmembrane transport,28/823,318/18860,0.0880503144654088,2.0177751285754675,3.909886951754893,3.534242087493482e-4,0.02786290171473962,0.02578950907416625,FGF13/KCNE2/KCNJ16/FXYD4/KCNIP3/KCNJ18/GSTM2/DMD/ATP4A/RYR2/KCNJ12/KCNJ15/NEDD4L/PPP3CC/PRKD1/PLA2G1B/KCNQ1/KCNJ13/KCNIP4/F2/LRRC52/ATP1B2/LRRC26/KCNJ10/KCNG4/EDN1/KCNJ8/KCNJ11,28,FDR,A_higher,GO_BP,NA,NA,regulation of monoatomic ion transmembrane transport
GO:0048839,inner ear development,21/823,210/18860,0.1,2.2916160388821387,4.020506363415961,3.5841108008117904e-4,0.02786290171473962,0.02578950907416625,KCNK2/LRIG1/ANKRD24/COL2A1/HPN/FREM2/BMPER/LHFPL5/WDPCP/KCNQ1/GABRB3/FGF20/PTK7/SOX2/SIX4/VANGL2/NTN1/GABRB2/INSIG1/ATP8A2/SIX1,21,FDR,A_higher,GO_BP,NA,NA,inner ear development
GO:0010038,response to metal ion,30/823,351/18860,0.08547008547008547,1.9586461870787508,3.872554379744235,3.6692683014226694e-4,0.02786290171473962,0.02578950907416625,FGA/FGB/FGG/PDCD6/SLC41A1/KCNMB2/MT1F/NFATC2/ALAD/BNIP3/RYR2/PRKAA2/MT1X/MT1B/MT1M/MT1G/MT3/KIT/MT1E/ADCY1/GABRB3/ABCC8/TF/MT2A/CPNE4/MT1H/PGAM2/KCNJ10/EDN1/TRPV6,30,FDR,A_higher,GO_BP,NA,NA,response to metal ion
GO:0009101,glycoprotein biosynthetic process,27/823,303/18860,0.0891089108910891,2.0420340940533905,3.9059479743968666,3.707134334593808e-4,0.02786290171473962,0.02578950907416625,XYLT2/VEGFB/HS3ST4/B3GAT1/ST3GAL1/CHST3/B3GALNT1/MAN2A2/IL33/ITM2A/ST3GAL6/ABCA2/TMTC4/NDST3/HS6ST3/NECAB3/PMM1/CHST11/ST8SIA5/CWH43/VANGL2/GCNT2/FUT9/RAMP1/CSGALNACT1/GALNT14/GXYLT2,27,FDR,A_higher,GO_BP,NA,NA,glycoprotein biosynthetic process
GO:0098719,sodium ion import across plasma membrane,7/823,32/18860,0.21875,5.012910085054678,4.852990245928942,3.7969775621083746e-4,0.02786290171473962,0.02578950907416625,SLC5A2/SLC9A4/NEDD4L/SLC9A7/SCNN1B/SCNN1G/SLC9A3,7,FDR,A_higher,GO_BP,NA,NA,sodium ion import across plasma membrane
GO:0046883,regulation of hormone secretion,25/823,272/18860,0.09191176470588236,2.1062647416196127,3.925584103396178,3.8036030509828745e-4,0.02786290171473962,0.02578950907416625,FGA/FGB/FGG/PDE8B/MYRIP/CCKAR/GHRL/CHRM3/RAPGEF4/GNAZ/OXCT1/SIRT4/PRKD1/GNAI1/CELA2A/SIDT2/C1QTNF3/PLA2G6/ABCC8/CHGA/FFAR3/F2/TFAP2B/EDN1/KCNJ11,25,FDR,A_higher,GO_BP,NA,NA,regulation of hormone secretion
GO:0046676,negative regulation of insulin secretion,8/823,42/18860,0.1904761904761905,4.364982931204073,4.66334851829989,4.007056051577036e-4,0.02845009796619695,0.02633300964744876,PDE8B/GHRL/GNAZ/SIRT4/GNAI1/ABCC8/CHGA/KCNJ11,8,FDR,A_higher,GO_BP,NA,NA,negative regulation of insulin secretion
GO:0046717,acid secretion,8/823,42/18860,0.1904761904761905,4.364982931204073,4.66334851829989,4.007056051577036e-4,0.02845009796619695,0.02633300964744876,SLC26A7/PTGER3/CCKBR/GHRL/HIP1R/SLC9A4/SGK1/KCNQ1,8,FDR,A_higher,GO_BP,NA,NA,acid secretion
GO:0010232,vascular transport,12/823,88/18860,0.13636363636363635,3.124930962112007,4.267838561825292,4.281599440589895e-4,0.02879216473302691,0.02664962182508369,SLC16A7/SLC1A2/LEPR/ATP8A1/SLC2A4/SLC13A3/SLC29A1/ABCA2/ABCC5/SLC8A2/ATP1B2/KCNJ8,12,FDR,A_higher,GO_BP,NA,NA,vascular transport
GO:0150104,transport across blood-brain barrier,12/823,88/18860,0.13636363636363635,3.124930962112007,4.267838561825292,4.281599440589895e-4,0.02879216473302691,0.02664962182508369,SLC16A7/SLC1A2/LEPR/ATP8A1/SLC2A4/SLC13A3/SLC29A1/ABCA2/ABCC5/SLC8A2/ATP1B2/KCNJ8,12,FDR,A_higher,GO_BP,NA,NA,transport across blood-brain barrier
GO:0050807,regulation of synapse organization,28/823,322/18860,0.08695652173913043,1.9927095990279464,3.837919078201896,4.320247609267056e-4,0.02879216473302691,0.02664962182508369,LINGO2/CDH2/CACNA2D3/PTPRS/CYFIP2/GHRL/DBN1/EPHB3/PTPN13/PAK3/LINGO4/NEDD4L/RAB17/CUX2/FLRT3/LRFN2/NEFL/SIX4/VANGL2/KIF1A/NTN1/SLITRK4/LRRN1/CRTAC1/SYNDIG1/SIX1/CAMK2B/DKK1,28,FDR,A_higher,GO_BP,NA,NA,regulation of synapse organization
GO:0055123,digestive system development,17/823,155/18860,0.10967741935483873,2.513385332967507,4.041230375968718,4.419304258416548e-4,0.02879216473302691,0.02664962182508369,CCKBR/PTF1A/HIP1R/EGFR/EPHB3/ACVR2B/RBPMS2/SLC4A2/GATA6/KIT/ADA/WDPCP/KCNQ1/RET/VANGL2/GATA5/NPY,17,FDR,A_higher,GO_BP,NA,NA,digestive system development
GO:0007409,axonogenesis,37/823,472/18860,0.07838983050847458,1.796393928784727,3.742904856102512,4.421822927767489e-4,0.02879216473302691,0.02664962182508369,APLP1/FGF13/ROBO3/PTPRM/CCKAR/PTPRS/CYFIP2/EPHB3/LAMA2/PTPRZ1/NIN/PAK3/CELSR1/NTN4/EPHB6/ULK1/ULK2/ZFYVE27/EVL/LAMB2/GFRA3/MT3/FLRT3/ADCY1/NEFL/PTK7/RET/VANGL2/SEMA3D/NDN/UNC5A/CHODL/NTN1/SLITRK4/KIF5C/EDN1/ATP8A2,37,FDR,A_higher,GO_BP,NA,NA,axonogenesis
GO:0042472,inner ear morphogenesis,14/823,114/18860,0.12280701754385964,2.814265310907889,4.150266753768479,4.429563805081063e-4,0.02879216473302691,0.02664962182508369,LRIG1/ANKRD24/COL2A1/HPN/LHFPL5/WDPCP/KCNQ1/PTK7/SIX4/VANGL2/NTN1/INSIG1/ATP8A2/SIX1,14,FDR,A_higher,GO_BP,NA,NA,inner ear morphogenesis
GO:0003096,renal sodium ion transport,6/823,24/18860,0.25,5.729040097205346,4.951780344047857,4.642300358377074e-4,0.02975585576931972,0.02754160066417275,SGK1/KCNQ1/PON3/KLHL3/EDN1/GUCA2B,6,FDR,A_higher,GO_BP,NA,NA,renal sodium ion transport
GO:0003014,renal system process,16/823,143/18860,0.11188811188811187,2.5640459176303647,4.010296588452328,5.160414153173965e-4,0.03262371413273678,0.0301960499402739,AQP4/CLCNKA/SLC5A2/CLDN19/NPR3/SGK1/SLC22A12/ADM/SCNN1B/KCNQ1/PRKACB/PON3/KLHL3/EDN1/GUCA2B/TTR,16,FDR,A_higher,GO_BP,NA,NA,renal system process
GO:0045834,positive regulation of lipid metabolic process,16/823,145/18860,0.1103448275862069,2.5286797670423593,3.9471415228383018,6.019624475983314e-4,0.03690556557763195,0.03415927128106984,PLIN5/ANGPTL3/FUT1/FABP3/SIRT4/APOA5/APOH/GNAI1/PLA2G6/PPARGC1A/SORBS1/ADM/GPIHBP1/EEF1A2/INSIG1/EDN1,16,FDR,A_higher,GO_BP,NA,NA,positive regulation of lipid metabolic process
GO:0050803,regulation of synapse structure or activity,28/823,329/18860,0.0851063829787234,1.950311522452884,3.714425150165536,6.071440910946738e-4,0.03690556557763195,0.03415927128106984,LINGO2/CDH2/CACNA2D3/PTPRS/CYFIP2/GHRL/DBN1/EPHB3/PTPN13/PAK3/LINGO4/NEDD4L/RAB17/CUX2/FLRT3/LRFN2/NEFL/SIX4/VANGL2/KIF1A/NTN1/SLITRK4/LRRN1/CRTAC1/SYNDIG1/SIX1/CAMK2B/DKK1,28,FDR,A_higher,GO_BP,NA,NA,regulation of synapse structure or activity
GO:0043587,tongue morphogenesis,4/823,10/18860,0.4,9.166464155528557,5.517666892899499,6.120824861618569e-4,0.03690556557763195,0.03415927128106984,WDPCP/HOXC13/SIX4/SIX1,4,FDR,A_higher,GO_BP,NA,NA,tongue morphogenesis
GO:0050708,regulation of protein secretion,25/823,281/18860,0.08896797153024912,2.0388043050552835,3.7475965337880823,6.157721612291974e-4,0.03690556557763195,0.03415927128106984,FGA/FGB/FGG/PDE8B/TMEM132A/MYRIP/GHRL/CHRM3/RAPGEF4/GNAZ/OXCT1/SIRT4/PLA2G1B/GNAI1/CELA2A/SIDT2/C1QTNF3/PLA2G6/ABCC8/CHGA/IDH2/F2/TGFB3/TFAP2B/KCNJ11,25,FDR,A_higher,GO_BP,NA,NA,regulation of protein secretion
GO:0035860,glial cell-derived neurotrophic factor receptor signaling pathway,5/823,17/18860,0.29411764705882354,6.74004717318276,5.057571059835543,6.237560379318076e-4,0.03690556557763195,0.03415927128106984,NRTN/PSPN/GFRA3/GFRA4/RET,5,FDR,A_higher,GO_BP,NA,NA,glial cell-derived neurotrophic factor receptor signaling pathway
GO:0170039,proteinogenic amino acid metabolic process,18/823,175/18860,0.10285714285714286,2.3570907828501997,3.852640354267134,6.601483681538958e-4,0.03856436353202822,0.03569463128538985,ALDH6A1/BCAT2/ADHFE1/GPT2/GLUL/HDC/NAT8L/SIRT4/GNMT/CBS/ACAT1/GLS2/PLOD2/ASNS/CARNS1/PHGDH/GLYATL1/CDO1,18,FDR,A_higher,GO_BP,NA,NA,proteinogenic amino acid metabolic process
GO:0071692,protein localization to extracellular region,32/823,398/18860,0.08040201005025126,1.8425053578951869,3.628707224597026,6.871512345574747e-4,0.03964003684353432,0.03669025933992411,FGA/FGB/FGG/PDE8B/TMEM132A/MYRIP/GHRL/CHRM3/RAPGEF4/GNAZ/ACVR2B/OXCT1/SIRT4/PLA2G1B/GNAI1/CELA2A/SIDT2/C1QTNF3/PLA2G6/NECAB3/AFM/ABCC8/CHGA/IDH2/CWH43/F2/TGFB3/PTPRN/TFAP2B/DAND5/KCNJ8/KCNJ11,32,FDR,A_higher,GO_BP,NA,NA,protein localization to extracellular region
GO:0170033,L-amino acid metabolic process,18/823,177/18860,0.1016949152542373,2.3304569886937,3.798754789489237,7.548491418348634e-4,0.04300776283417154,0.0398073790456904,ALDH6A1/BCAT2/ADHFE1/GPT2/GLUL/HDC/NAT8L/SIRT4/GNMT/CBS/ACAT1/GLS2/PLOD2/ASNS/CARNS1/PHGDH/GLYATL1/CDO1,18,FDR,A_higher,GO_BP,NA,NA,L-amino acid metabolic process
GO:0072378,"blood coagulation, fibrin clot formation",5/823,18/18860,0.2777777777777778,6.36560010800594,4.864835394041246,8.328400601294615e-4,0.04648613057975912,0.04302690720024235,FGA/FGB/FGG/APOH/FBLN1,5,FDR,A_higher,GO_BP,NA,NA,"blood coagulation, fibrin clot formation"
GO:0180064,protein O-linked glycosylation via xylose,9/823,58/18860,0.15517241379310345,3.5559559224033186,4.164304017747745,8.562752649204058e-4,0.04648613057975912,0.04302690720024235,XYLT2/HS3ST4/B3GAT1/CHST3/NDST3/HS6ST3/CHST11/VANGL2/CSGALNACT1,9,FDR,A_higher,GO_BP,NA,NA,protein O-linked glycosylation via xylose
GO:0070293,renal absorption,8/823,47/18860,0.1702127659574468,3.900623044905767,4.252930537277315,8.808668782300063e-4,0.04648613057975912,0.04302690720024235,CLCNKA/SLC5A2/CLDN19/SGK1/KCNQ1/KLHL3/EDN1/GUCA2B,8,FDR,A_higher,GO_BP,NA,NA,renal absorption
GO:0090278,negative regulation of peptide hormone secretion,8/823,47/18860,0.1702127659574468,3.900623044905767,4.252930537277315,8.808668782300063e-4,0.04648613057975912,0.04302690720024235,PDE8B/GHRL/GNAZ/SIRT4/GNAI1/ABCC8/CHGA/KCNJ11,8,FDR,A_higher,GO_BP,NA,NA,negative regulation of peptide hormone secretion
GO:0042471,ear morphogenesis,15/823,136/18860,0.11029411764705882,2.5275176899435348,3.8188577511952984,8.854479799317072e-4,0.04648613057975912,0.04302690720024235,LRIG1/ANKRD24/COL2A1/HPN/LHFPL5/WDPCP/KCNQ1/PTK7/SIX4/VANGL2/NTN1/INSIG1/EDN1/ATP8A2/SIX1,15,FDR,A_higher,GO_BP,NA,NA,ear morphogenesis
GO:0042730,fibrinolysis,6/823,27/18860,0.2222222222222222,5.092480086404753,4.545543298186943,9.12997027799618e-4,0.04648613057975912,0.04302690720024235,FGA/FGB/FGG/APOH/F2/HRG,6,FDR,A_higher,GO_BP,NA,NA,fibrinolysis
GO:0032836,glomerular basement membrane development,4/823,11/18860,0.3636363636363637,8.333149232298686,5.196606159164116,9.287201043406952e-4,0.04648613057975912,0.04302690720024235,NPHS1/LAMB2/COL4A4/NID1,4,FDR,A_higher,GO_BP,NA,NA,glomerular basement membrane development
GO:0048537,mucosa-associated lymphoid tissue development,4/823,11/18860,0.3636363636363637,8.333149232298686,5.196606159164116,9.287201043406952e-4,0.04648613057975912,0.04302690720024235,RORC/ADA/TOX/RET,4,FDR,A_higher,GO_BP,NA,NA,mucosa-associated lymphoid tissue development
GO:0048541,Peyer's patch development,4/823,11/18860,0.3636363636363637,8.333149232298686,5.196606159164116,9.287201043406952e-4,0.04648613057975912,0.04302690720024235,RORC/ADA/TOX/RET,4,FDR,A_higher,GO_BP,NA,NA,Peyer's patch development
GO:1904338,regulation of dopaminergic neuron differentiation,4/823,11/18860,0.3636363636363637,8.333149232298686,5.196606159164116,9.287201043406952e-4,0.04648613057975912,0.04302690720024235,FOXA1/FGF20/FERD3L/DKK1,4,FDR,A_higher,GO_BP,NA,NA,regulation of dopaminergic neuron differentiation
GO:0030166,proteoglycan biosynthetic process,11/823,83/18860,0.13253012048192772,3.037081497313678,3.972934841240532,9.364544462177648e-4,0.04648613057975912,0.04302690720024235,XYLT2/HS3ST4/B3GAT1/ST3GAL1/CHST3/ST3GAL6/NDST3/HS6ST3/CHST11/VANGL2/CSGALNACT1,11,FDR,A_higher,GO_BP,NA,NA,proteoglycan biosynthetic process
GO:0072073,kidney epithelium development,16/823,151/18860,0.10596026490066224,2.428202425305577,3.7638304167554977,9.367735956484504e-4,0.04648613057975912,0.04302690720024235,NPHS1/SMAD5/GPC3/WNT6/LAMB2/ACAT1/BMPER/IRX3/IRX2/RET/SIX4/TMEM59L/KLHL3/TFAP2B/EDN1/SIX1,16,FDR,A_higher,GO_BP,NA,NA,kidney epithelium development
GO:0055075,potassium ion homeostasis,7/823,37/18860,0.1891891891891892,4.335489803290533,4.338036017053658,9.607826930487288e-4,0.04717034179170089,0.04366020345343496,ATP4B/ATP4A/SCNN1B/KCNQ1/ATP1B2/KLHL3/KCNJ10,7,FDR,A_higher,GO_BP,NA,NA,potassium ion homeostasis
GO:0051963,regulation of synapse assembly,18/823,181/18860,0.09944751381215468,2.278955176788867,3.693132554903061,9.796036723812324e-4,0.04758811524251987,0.04404688867061542,LINGO2/PTPRS/CYFIP2/GHRL/EPHB3/PTPN13/LINGO4/RAB17/CUX2/FLRT3/SIX4/NTN1/SLITRK4/LRRN1/CRTAC1/SYNDIG1/SIX1/DKK1,18,FDR,A_higher,GO_BP,NA,NA,regulation of synapse assembly
GO:0002792,negative regulation of peptide secretion,8/823,48/18860,0.16666666666666666,3.819360064803564,4.177637690652072,0.00101724454448282,0.04890191221654429,0.04526292063060654,PDE8B/GHRL/GNAZ/SIRT4/GNAI1/ABCC8/CHGA/KCNJ11,8,FDR,A_higher,GO_BP,NA,NA,negative regulation of peptide secretion
GO:0014823,response to activity,11/823,84/18860,0.13095238095238096,3.0009257652028007,3.925962766486519,0.00103594823306059,0.04928764016056341,0.04561994497840368,FUT1/ALAD/FNDC5/RYR2/HDAC5/OXCT1/PRKAA2/KL/PPARGC1A/EDN1/POSTN,11,FDR,A_higher,GO_BP,NA,NA,response to activity
hsa04975,Fat digestion and absorption,17/662,44/9423,0.3863636363636363,5.499553694040099,8.223206825332044,2.3037696822197115e-9,5.213392504301615e-7,4.295495703732221e-7,949/50487/10999/10555/29881/346606/5320/64240/2168/64241/80168/4547/8694/2169/337/338/84647,17,Nominal,B_higher,KEGG,Organismal Systems,Digestive system,Fat digestion and absorption
hsa04061,Viral protein interaction with cytokine and cytokine receptor,26/662,100/9423,0.26,3.7008761329305138,7.463637352587405,3.1032098239890567e-9,5.213392504301615e-7,4.295495703732221e-7,6359/7133/3606/58985/53833/6362/2921/2919/3561/1235/3579/6364/3627/2920/414062/6374/1230/6357/7124/10344/5196/6348/6370/6373/8794/4283,26,Nominal,B_higher,KEGG,Environmental Information Processing,Signaling molecules and interaction,Viral protein interaction with cytokine and cytokine receptor
hsa05150,Staphylococcus aureus infection,24/662,99/9423,0.24242424242424243,3.4507003570447683,6.737990330944214,5.49022662233896e-8,6.149053817019634e-6,5.0664196550005134e-6,5724/3880/3426/3866/3875/717/3861/728/2358/3872/9103/2214/3868/3123/2357/6403/3383/3126/1668/54474/3125/1670/1673/1671,24,Nominal,B_higher,KEGG,Human Diseases,Infectious disease: bacterial,Staphylococcus aureus infection
hsa04060,Cytokine-cytokine receptor interaction,46/662,298/9423,0.15436241610738255,2.1972160830511567,5.772819019335484,2.810309203255031e-7,2.360659730734226e-5,1.945029790673877e-5,6359/58191/7133/9235/8792/3606/355/51330/58985/4982/10913/53833/3557/6362/2921/3976/3598/10673/2919/3561/23529/1235/8744/8771/3579/6364/3627/2920/414062/6374/27189/3604/1437/8784/1230/6357/7124/10344/5196/6348/6370/3566/6373/8794/3624/4283,46,Nominal,B_higher,KEGG,Environmental Information Processing,Signaling molecules and interaction,Cytokine-cytokine receptor interaction
hsa04382,Cornified envelope formation,36/662,217/9423,0.16589861751152074,2.3614239770559817,5.5771391611277785,1.0052933397789294e-6,6.0429950550055456e-5,4.979034146198179e-5,9075/1364/6768/6281/140576/3880/1366/57402/10999/3918/9076/11187/3866/3875/144501/3854/1308/9069/3855/1365/137075/11240/26154/24146/6280/6274/3861/286887/6283/3872/1830/3853/3868/1041/6279/54474,36,Nominal,B_higher,KEGG,Organismal Systems,Development and regeneration,Cornified envelope formation
hsa05160,Hepatitis C,29/662,156/9423,0.1858974358974359,2.6460899372530795,5.698623729635265,1.079106259822419e-6,6.0429950550055456e-5,4.979034146198179e-5,9075/1364/949/578/4940/1366/355/4938/9076/7187/1870/317/3949/9069/9021/1026/1365/137075/4939/1869/9641/24146/6772/91543/3434/3627/4599/8503/7124,29,Nominal,B_higher,KEGG,Human Diseases,Infectious disease: viral,Hepatitis C
hsa04110,Cell cycle,29/662,158/9423,0.18354430379746836,2.612595127920762,5.6189462730426705,1.416953559961768e-6,6.801377087816486e-5,5.603891522856316e-5,11200/9319/890/157570/994/9700/4085/2810/1870/993/23594/699/1111/8318/4998/891/991/6502/9133/701/9232/4173/990/1026/26271/9134/1869/894/81620,29,Nominal,B_higher,KEGG,Cellular Processes,Cell growth and death,Cell cycle
hsa04668,TNF signaling pathway,24/662,119/9423,0.20168067226890757,2.8707507172053113,5.64518598592617,2.056447585086757e-6,8.637079857364379e-5,7.116390985234435e-5,7133/355/5606/64285/7187/11035/1326/9021/2921/3976/2919/84699/3659/6364/3627/2920/4314/64127/6374/1437/8503/7124/3383/4318,24,Nominal,B_higher,KEGG,Environmental Information Processing,Signal transduction,TNF signaling pathway
hsa04621,NOD-like receptor signaling pathway,31/662,187/9423,0.1657754010695187,2.3596700970967897,5.16221504212832,5.7708443558223385e-6,2.0863080962804997e-4,1.7189819214341207e-4,4940/3606/260434/4938/7187/4615/11035/5331/10392/2633/834/90550/7226/2635/2921/1535/2919/4939/9641/118429/6772/29108/2920/64127/64170/7124/1668/199713/1670/1673/1671,31,Nominal,B_higher,KEGG,Organismal Systems,Immune system,NOD-like receptor signaling pathway
hsa04657,IL-17 signaling pathway,20/662,94/9423,0.2127659574468085,3.0285402069807805,5.433175140244524,6.2092502865491055e-6,2.0863080962804997e-4,1.7189819214341207e-4,5597/7187/2921/2919/9641/6280/6364/3627/2920/4314/6374/3934/27189/1437/6279/7124/727897/2354/1673/4318,20,Nominal,B_higher,KEGG,Organismal Systems,Immune system,IL-17 signaling pathway
hsa05164,Influenza A,29/662,173/9423,0.1676300578034682,2.386069538794684,5.057791345683289,9.2237272749104e-6,2.81742942215445e-4,2.321378251963096e-4,578/4940/3606/355/4938/56649/5646/7187/4615/317/834/3838/9021/5645/4939/3717/9641/6772/91543/29108/5371/3627/4599/8503/3123/7124/3383/3126/3125,29,Nominal,B_higher,KEGG,Human Diseases,Infectious disease: viral,Influenza A
hsa05417,Lipid and atherosclerosis,33/662,216/9423,0.1527777777777778,2.174660120845922,4.800690781450844,1.7250541481219904e-5,4.5250871664762727e-4,3.728376957341039e-4,91860/4067/818/3606/355/805/5606/7187/4615/5331/317/834/3949/2921/1535/2919/3717/9641/1573/4688/29108/2920/4314/414062/8503/7124/337/6403/3383/6348/338/4318/1543,33,Nominal,B_higher,KEGG,Human Diseases,Cardiovascular disease,Lipid and atherosclerosis
hsa03272,Virion - Hepatitis viruses,13/662,48/9423,0.2708333333333333,3.855079305135951,5.451008523031093,1.750777772743796e-5,4.5250871664762727e-4,3.728376957341039e-4,9075/1364/949/928/1366/4072/9076/3949/9069/1365/137075/24146/1803,13,Nominal,B_higher,KEGG,Genetic Information Processing,Information processing in viruses,Virion - Hepatitis viruses
hsa05143,African trypanosomiasis,11/662,37/9423,0.2972972972972973,4.231771045970442,5.4140826000296,2.991570903051644e-5,7.179770167323945e-4,5.915662763177311e-4,3606/355/4615/5331/2150/7064/8542/3250/7124/3620/3383,11,Nominal,B_higher,KEGG,Human Diseases,Infectious disease: parasitic,African trypanosomiasis
hsa05169,Epstein-Barr virus infection,30/662,205/9423,0.14634146341463414,2.083044727728244,4.30951776852066,9.345185692791624e-5,0.00209332159518532,0.00172476058751171,965/578/4067/4940/355/4938/5606/890/7187/1870/4615/317/6502/6890/1026/9636/4939/9134/1869/894/9641/6772/3627/956/8503/3123/7124/3383/3126/3125,30,Nominal,B_higher,KEGG,Human Diseases,Infectious disease: viral,Epstein-Barr virus infection
hsa04062,Chemokine signaling pathway,28/662,193/9423,0.14507772020725387,2.065056431288449,4.109359417419844,1.8438895519647057e-4,0.00370736544564476,0.00305462754450054,6359/58191/4067/5331/6362/2921/113/2919/1235/3717/6772/3579/6364/3627/2920/3055/414062/6374/8503/1230/6357/10344/5196/6348/6370/6373/2268/4283,28,Nominal,B_higher,KEGG,Organismal Systems,Immune system,Chemokine signaling pathway
hsa00591,Linoleic acid metabolism,9/662,31/9423,0.2903225806451613,4.132491959847968,4.8019261255009935,1.953116848861569e-4,0.00370736544564476,0.00305462754450054,50487/5321/255189/5320/1573/151056/1576/283748/84647,9,Nominal,B_higher,KEGG,Metabolism,Lipid metabolism,Linoleic acid metabolism
hsa04979,Cholesterol metabolism,12/662,52/9423,0.2307692307692308,3.2848013014176156,4.541306821392151,1.98608863159541e-4,0.00370736544564476,0.00305462754450054,949/255738/9388/4035/3949/64240/27141/344/64241/345/337/338,12,Nominal,B_higher,KEGG,Organismal Systems,Digestive system,Cholesterol metabolism
hsa05323,Rheumatoid arthritis,17/662,95/9423,0.17894736842105263,2.5471617109238354,4.16607368889176,2.9172202520970407e-4,0.0051588737089716,0.0042505757689835,8792/3606/2921/10673/2919/6364/2920/4314/414062/6374/1437/3123/7124/3383/6348/3126/3125,17,Nominal,B_higher,KEGG,Human Diseases,Immune disease,Rheumatoid arthritis
hsa05166,Human T-cell leukemia virus 1 infection,30/662,224/9423,0.13392857142857142,1.906357898144152,3.7737847735159846,4.546751538704728e-4,0.00763854258502394,0.00629366134041759,2114/11200/890/9700/4085/1870/1111/991/6776/9133/701/9232/1026/113/4488/3561/84699/9134/6722/1869/894/4487/1437/8503/4316/3123/7124/3383/3126/3125,30,Nominal,B_higher,KEGG,Human Diseases,Infectious disease: viral,Human T-cell leukemia virus 1 infection
hsa04115,p53 signaling pathway,14/662,75/9423,0.18666666666666668,2.6570392749244713,3.960297270656067,6.31636528005663e-4,0.0101061844480906,0.00832683743686663,5268/355/11200/51512/6241/2810/1111/891/317/9133/1026/9134/894/83667,14,Nominal,B_higher,KEGG,Cellular Processes,Cell growth and death,p53 signaling pathway
hsa00220,Arginine biosynthesis,7/662,23/9423,0.30434782608695654,4.332129252594247,4.397901872106411,7.417471363529146e-4,0.01079767890939029,0.00889658381318811,95/5009/1373/384/445/4843/162417,7,Nominal,B_higher,KEGG,Metabolism,Amino acid metabolism,Arginine biosynthesis
hsa04614,Renin-angiotensin system,7/662,23/9423,0.30434782608695654,4.332129252594247,4.397901872106411,7.417471363529146e-4,0.01079767890939029,0.00889658381318811,5550/7064/59272/290/3816/183/4311,7,Nominal,B_higher,KEGG,Organismal Systems,Endocrine system,Renin-angiotensin system
hsa05146,Amoebiasis,17/662,103/9423,0.1650485436893204,2.3493239081336346,3.784866591944155,7.717623430978608e-4,0.01079767890939029,0.00889658381318811,5269/3918/5331/2921/2919/3315/384/10319/2769/2920/4843/1437/8503/733/7124/5272/4583,17,Nominal,B_higher,KEGG,Human Diseases,Infectious disease: parasitic,Amoebiasis
hsa00565,Ether lipid metabolism,11/662,52/9423,0.2115384615384615,3.0110678596328144,3.997229948865347,8.033987283772538e-4,0.01079767890939029,0.00889658381318811,50487/79888/79153/5321/255189/5337/5320/7941/151056/283748/84647,11,Nominal,B_higher,KEGG,Metabolism,Lipid metabolism,Ether lipid metabolism
hsa04610,Complement and coagulation cascades,15/662,89/9423,0.16853932584269662,2.3990121864285956,3.6450736438688742,0.00124131460791758,0.01604160416385798,0.01321723651345442,2161/1604/3426/2152/7035/5329/717/624/2151/10544/728/623/733/722/5270,15,Nominal,B_higher,KEGG,Organismal Systems,Immune system,Complement and coagulation cascades
hsa04750,Inflammatory mediator regulation of TRP channels,16/662,99/9423,0.16161616161616163,2.300466904696512,3.575522158133011,0.00137364417248342,0.01709423859090485,0.01408453868862148,91860/818/805/3357/5606/5331/5321/255189/2150/113/624/1573/5029/623/8503/283748,16,Nominal,B_higher,KEGG,Organismal Systems,Sensory system,Inflammatory mediator regulation of TRP channels
hsa04977,Vitamin digestion and absorption,7/662,26/9423,0.2692307692307692,3.8322681849872184,3.975119042756444,0.0016541411736089,0.01984969408330682,0.01635485446086997,949/80704/2346/151056/337/5948/338,7,Nominal,B_higher,KEGG,Organismal Systems,Digestive system,Vitamin digestion and absorption
hsa05130,Pathogenic Escherichia coli infection,26/662,201/9423,0.12935323383084577,1.8412319069306036,3.313789449343709,0.00177332012118289,0.02054605381784314,0.01692860950530309,9075/1364/578/3606/1366/10095/355/10802/9076/4615/84790/7846/7280/834/9069/10383/79861/1365/137075/24146/29108/4640/10092/10381/3071/7124,26,Nominal,B_higher,KEGG,Human Diseases,Infectious disease: bacterial,Pathogenic Escherichia coli infection
hsa00592,alpha-Linolenic acid metabolism,7/662,27/9423,0.25925925925925924,3.690332326283988,3.848043851778006,0.00209987752778072,0.02276259089076844,0.0187548916173938,50487/5321/255189/5320/151056/283748/84647,7,Nominal,B_higher,KEGG,Metabolism,Lipid metabolism,alpha-Linolenic acid metabolism
hsa04974,Protein digestion and absorption,16/662,103/9423,0.1553398058252427,2.2111283841257734,3.397226812629012,0.00210011999289827,0.02276259089076844,0.0187548916173938,9056/5646/1308/10008/5645/59272/340024/4224/483/1803/7512/11136/4225/6564/4311/6519,16,Nominal,B_higher,KEGG,Organismal Systems,Digestive system,Protein digestion and absorption
hsa05133,Pertussis,13/662,78/9423,0.16666666666666666,2.372356495468278,3.3454018689708787,0.00284399670210814,0.02986196537213551,0.02460431357415927,91860/1072/805/4615/10392/834/3659/717/29108/4843/6374/722/7124,13,Nominal,B_higher,KEGG,Human Diseases,Infectious disease: bacterial,Pertussis
hsa04976,Bile secretion,14/662,90/9423,0.15555555555555556,2.2141993957703927,3.1814444070659325,0.00384193299233238,0.03911786319465704,0.03223057023870552,949/3949/6523/113/7364/64240/483/1080/64241/366/9429/9971/54576/1576,14,Nominal,B_higher,KEGG,Organismal Systems,Digestive system,Bile secretion
hsa05152,Tuberculosis,23/662,181/9423,0.1270718232044199,1.808757991020013,3.0199419479596,0.00398581224995935,0.03938920341136305,0.03245413689595389,3656/91860/818/3606/805/4615/7421/1594/317/1520/3717/6772/64127/64170/4843/7096/9103/2214/3123/7124/22925/3126/3125,23,Nominal,B_higher,KEGG,Human Diseases,Infectious disease: bacterial,Tuberculosis
hsa00590,Arachidonic acid metabolism,11/662,64/9423,0.171875,2.4464926359516617,3.1916495209086606,0.00459144495246812,0.04407787154369396,0.03631729390974785,50487/4051/8529/5321/255189/874/5320/1573/151056/283748/84647,11,Nominal,B_higher,KEGG,Metabolism,Lipid metabolism,Arachidonic acid metabolism
hsa04145,Phagocytosis,30/662,260/9423,0.1153846153846154,1.6424006507088078,2.887337207415602,0.00479143882081111,0.04472009566090378,0.03684644473313814,949/84790/7846/7280/1520/6890/10383/79861/1535/3673/1080/290/248/4688/3934/7096/10381/9103/2214/8503/7058/3123/22925/2219/3126/1668/3125/1670/4318/1671,30,Nominal,B_higher,KEGG,Cellular Processes,Transport and catabolism,Phagocytosis
hsa04814,Motor proteins,24/662,195/9423,0.12307692307692308,1.7518940274227286,2.916378261256484,0.00498762644585779,0.04529304015697889,0.03731851366317497,81930/3796/80022/3835/24137/23095/84790/9493/7846/7280/10112/1062/9585/10383/79861/3832/4648/9928/3833/56992/4640/63971/10381/7125,24,Nominal,B_higher,KEGG,Cellular Processes,Cell motility,Motor proteins
hsa05222,Small cell lung cancer,14/662,93/9423,0.15053763440860216,2.1427736088100575,3.044279752143183,0.00519224928863618,0.04591041476267782,0.03782719010834669,578/3918/7187/1870/1164/317/6502/1026/9134/3673/1869/10319/4843/8503,14,Nominal,B_higher,KEGG,Human Diseases,Cancer: specific types,Small cell lung cancer
hsa04975,Fat digestion and absorption,17/652,44/9423,0.3863636363636363,5.583902677077524,8.309105074803304,1.8246912695222723e-9,3.7750925367022995e-7,3.1222569852425034e-7,949/50487/10999/10555/29881/346606/5320/64240/2168/64241/80168/4547/8694/2169/337/338/84647,17,FDR,B_higher,KEGG,Organismal Systems,Digestive system,Fat digestion and absorption
hsa04061,Viral protein interaction with cytokine and cytokine receptor,26/652,100/9423,0.26,3.757638036809816,7.55840590655178,2.247078890894226e-9,3.7750925367022995e-7,3.1222569852425034e-7,6359/7133/3606/58985/53833/6362/2921/2919/3561/1235/3579/6364/3627/2920/414062/6374/1230/6357/7124/10344/5196/6348/6370/6373/8794/4283,26,FDR,B_higher,KEGG,Environmental Information Processing,Signaling molecules and interaction,Viral protein interaction with cytokine and cytokine receptor
hsa04060,Cytokine-cytokine receptor interaction,46/652,298/9423,0.15436241610738255,2.230915716226788,5.886956199288273,1.80253795062772e-7,2.0188425047030464e-5,1.6697193647919934e-5,6359/58191/7133/9235/8792/3606/355/51330/58985/4982/10913/53833/3557/6362/2921/3976/3598/10673/2919/3561/23529/1235/8744/8771/3579/6364/3627/2920/414062/6374/27189/3604/1437/8784/1230/6357/7124/10344/5196/6348/6370/3566/6373/8794/3624/4283,46,FDR,B_higher,KEGG,Environmental Information Processing,Signaling molecules and interaction,Cytokine-cytokine receptor interaction
hsa04382,Cornified envelope formation,36/652,217/9423,0.16589861751152074,2.3976421362132823,5.678859961370976,6.989454393248926e-7,5.3058863416045446e-5,4.388327049447368e-5,9075/1364/6768/6281/140576/3880/1366/57402/10999/3918/9076/11187/3866/3875/144501/3854/1308/9069/3855/1365/137075/11240/26154/24146/6280/6274/3861/286887/6283/3872/1830/3853/3868/1041/6279/54474,36,FDR,B_higher,KEGG,Organismal Systems,Development and regeneration,Cornified envelope formation
hsa05160,Hepatitis C,29/652,156/9423,0.1858974358974359,2.686674138744691,5.791548479494337,7.895664198816286e-7,5.3058863416045446e-5,4.388327049447368e-5,9075/1364/949/578/4940/1366/355/4938/9076/7187/1870/317/3949/9069/9021/1026/1365/137075/4939/1869/9641/24146/6772/91543/3434/3627/4599/8503/7124,29,FDR,B_higher,KEGG,Human Diseases,Infectious disease: viral,Hepatitis C
hsa04110,Cell cycle,29/652,158/9423,0.18354430379746836,2.6526656053428597,5.7116503419980535,1.039001783405631e-6,5.818409987071534e-5,4.812218786299765e-5,11200/9319/890/157570/994/9700/4085/2810/1870/993/23594/699/1111/8318/4998/891/991/6502/9133/701/9232/4173/990/1026/26271/9134/1869/894/81620,29,FDR,B_higher,KEGG,Cellular Processes,Cell growth and death,Cell cycle
hsa05150,Staphylococcus aureus infection,21/652,99/9423,0.21212121212121213,3.0656720580033467,5.633115190266128,3.021608611263213e-6,1.450372133406342e-4,1.1995558998097568e-4,5724/3880/3426/3866/3875/717/3861/728/2358/3872/9103/2214/3868/3123/2357/6403/3383/3126/1668/54474/3125,21,FDR,B_higher,KEGG,Human Diseases,Infectious disease: bacterial,Staphylococcus aureus infection
hsa04668,TNF signaling pathway,23/652,119/9423,0.19327731092436976,2.7933314430066507,5.367474443905799,5.525760649915742e-6,2.3208194729646117e-4,1.9194747520759944e-4,7133/355/5606/64285/7187/11035/1326/9021/2921/3976/2919/84699/3659/6364/3627/2920/4314/64127/6374/1437/8503/7124/3383,23,FDR,B_higher,KEGG,Environmental Information Processing,Signal transduction,TNF signaling pathway
hsa05164,Influenza A,29/652,173/9423,0.1676300578034682,2.422665697365155,5.149034925750607,6.873353764737452e-6,2.566052072168649e-4,2.1222987063048977e-4,578/4940/3606/355/4938/56649/5646/7187/4615/317/834/3838/9021/5645/4939/3717/9641/6772/91543/29108/5371/3627/4599/8503/3123/7124/3383/3126/3125,29,FDR,B_higher,KEGG,Human Diseases,Infectious disease: viral,Influenza A
hsa03272,Virion - Hepatitis viruses,13/652,48/9423,0.2708333333333333,3.9142062883435584,5.518563749225768,1.4870113043587229e-5,4.996357982645309e-4,4.1323261510600295e-4,9075/1364/949/928/1366/4072/9076/3949/9069/1365/137075/24146/1803,13,FDR,B_higher,KEGG,Genetic Information Processing,Information processing in viruses,Virion - Hepatitis viruses
hsa05143,African trypanosomiasis,11/652,37/9423,0.2972972972972973,4.296675509865694,5.477817779285904,2.595447421150597e-5,7.927912122787278e-4,6.55691980080151e-4,3606/355/4615/5331/2150/7064/8542/3250/7124/3620/3383,11,FDR,B_higher,KEGG,Human Diseases,Infectious disease: parasitic,African trypanosomiasis
hsa05169,Epstein-Barr virus infection,30/652,205/9423,0.14634146341463414,2.1149932664970823,4.400495848537933,7.087900030389232e-5,0.00198461200850898,0.00164140842809013,965/578/4067/4940/355/4938/5606/890/7187/1870/4615/317/6502/6890/1026/9636/4939/9134/1869/894/9641/6772/3627/956/8503/3123/7124/3383/3126/3125,30,FDR,B_higher,KEGG,Human Diseases,Infectious disease: viral,Epstein-Barr virus infection
hsa05417,Lipid and atherosclerosis,31/652,216/9423,0.14351851851851852,2.074194785276074,4.354332971654879,7.841517966339995e-5,0.00202673079745402,0.0016762435166913,91860/4067/818/3606/355/805/5606/7187/4615/5331/317/834/3949/2921/1535/2919/3717/9641/1573/4688/29108/2920/4314/414062/8503/7124/337/6403/3383/6348/338,31,FDR,B_higher,KEGG,Human Diseases,Cardiovascular disease,Lipid and atherosclerosis
hsa04062,Chemokine signaling pathway,28/652,193/9423,0.14507772020725387,2.0967290759401123,4.197086826806564,1.426904255476167e-4,0.0034245702131428,0.00283235130410306,6359/58191/4067/5331/6362/2921/113/2919/1235/3717/6772/3579/6364/3627/2920/3055/414062/6374/8503/1230/6357/10344/5196/6348/6370/6373/2268/4283,28,FDR,B_higher,KEGG,Organismal Systems,Immune system,Chemokine signaling pathway
hsa04979,Cholesterol metabolism,12/652,52/9423,0.2307692307692308,3.3351816894761677,4.603627459021867,1.7213451646960924e-4,0.00365321716190035,0.00302145780307547,949/255738/9388/4035/3949/64240/27141/344/64241/345/337/338,12,FDR,B_higher,KEGG,Organismal Systems,Digestive system,Cholesterol metabolism
hsa00591,Linoleic acid metabolism,9/652,31/9423,0.2903225806451613,4.195873738373244,4.859171308935962,1.7396272199525487e-4,0.00365321716190035,0.00302145780307547,50487/5321/255189/5320/1573/151056/1576/283748/84647,9,FDR,B_higher,KEGG,Metabolism,Lipid metabolism,Linoleic acid metabolism
hsa04621,NOD-like receptor signaling pathway,27/652,187/9423,0.1443850267379679,2.086717955447656,4.092290696101458,2.0229255648534483e-4,0.00398560746711277,0.00329636707806319,4940/3606/260434/4938/7187/4615/11035/5331/10392/2633/834/90550/7226/2635/2921/1535/2919/4939/9641/118429/6772/29108/2920/64127/64170/7124/1668,27,FDR,B_higher,KEGG,Organismal Systems,Immune system,NOD-like receptor signaling pathway
hsa04657,IL-17 signaling pathway,17/652,94/9423,0.18085106382978725,2.6137416786320324,4.286977344468545,2.1351468573818443e-4,0.00398560746711277,0.00329636707806319,5597/7187/2921/2919/9641/6280/6364/3627/2920/4314/6374/3934/27189/1437/6279/7124/727897,17,FDR,B_higher,KEGG,Organismal Systems,Immune system,IL-17 signaling pathway
hsa05323,Rheumatoid arthritis,17/652,95/9423,0.17894736842105263,2.5862286083306425,4.236469699541695,2.4369988477562473e-4,0.00430964006761104,0.00356436396569334,8792/3606/2921/10673/2919/6364/2920/4314/414062/6374/1437/3123/7124/3383/6348/3126/3125,17,FDR,B_higher,KEGG,Human Diseases,Immune disease,Rheumatoid arthritis
hsa05166,Human T-cell leukemia virus 1 infection,30/652,224/9423,0.13392857142857142,1.935596516213847,3.863786209218976,3.518572708524894e-4,0.00591120215032182,0.00488896418447669,2114/11200/890/9700/4085/1870/1111/991/6776/9133/701/9232/1026/113/4488/3561/84699/9134/6722/1869/894/4487/1437/8503/4316/3123/7124/3383/3126/3125,30,FDR,B_higher,KEGG,Human Diseases,Infectious disease: viral,Human T-cell leukemia virus 1 infection
hsa04115,p53 signaling pathway,14/652,75/9423,0.18666666666666668,2.6977914110429446,4.024634116440364,5.425647744676296e-4,0.00868103639148207,0.00717980453430848,5268/355/11200/51512/6241/2810/1111/891/317/9133/1026/9134/894/83667,14,FDR,B_higher,KEGG,Cellular Processes,Cell growth and death,p53 signaling pathway
hsa05146,Amoebiasis,17/652,103/9423,0.1650485436893204,2.385356483411758,3.8542775911319183,6.499987735637016e-4,0.00947664851856999,0.0078378296018248,5269/3918/5331/2921/2919/3315/384/10319/2769/2920/4843/1437/8503/733/7124/5272/4583,17,FDR,B_higher,KEGG,Human Diseases,Infectious disease: parasitic,Amoebiasis
hsa00220,Arginine biosynthesis,7/652,23/9423,0.30434782608695654,4.3985729527874105,4.449050960810516,6.769034656121422e-4,0.00947664851856999,0.0078378296018248,95/5009/1373/384/445/4843/162417,7,FDR,B_higher,KEGG,Metabolism,Amino acid metabolism,Arginine biosynthesis
hsa04614,Renin-angiotensin system,7/652,23/9423,0.30434782608695654,4.3985729527874105,4.449050960810516,6.769034656121422e-4,0.00947664851856999,0.0078378296018248,5550/7064/59272/290/3816/183/4311,7,FDR,B_higher,KEGG,Organismal Systems,Endocrine system,Renin-angiotensin system
hsa00565,Ether lipid metabolism,11/652,52/9423,0.2115384615384615,3.057249882019821,4.055706709939325,7.075487942749722e-4,0.00950945579505562,0.00786496343951969,50487/79888/79153/5321/255189/5337/5320/7941/151056/283748/84647,11,FDR,B_higher,KEGG,Metabolism,Lipid metabolism,Ether lipid metabolism
hsa04610,Complement and coagulation cascades,15/652,89/9423,0.16853932584269662,2.435806851864617,3.710461407689959,0.00106424720770546,0.0137533485303476,0.01137494991231757,2161/1604/3426/2152/7035/5329/717/624/2151/10544/728/623/733/722/5270,15,FDR,B_higher,KEGG,Organismal Systems,Immune system,Complement and coagulation cascades
hsa04750,Inflammatory mediator regulation of TRP channels,16/652,99/9423,0.16161616161616163,2.3357501394311213,3.642608405180527,0.00117079809629878,0.01456993186505152,0.01205031958763659,91860/818/805/3357/5606/5331/5321/255189/2150/113/624/1573/5029/623/8503/283748,16,FDR,B_higher,KEGG,Organismal Systems,Sensory system,Inflammatory mediator regulation of TRP channels
hsa05130,Pathogenic Escherichia coli infection,26/652,201/9423,0.12935323383084577,1.869471660104386,3.3971262961562654,0.00142942247307541,0.01715306967690497,0.0141867493568387,9075/1364/578/3606/1366/10095/355/10802/9076/4615/84790/7846/7280/834/9069/10383/79861/1365/137075/24146/29108/4640/10092/10381/3071/7124,26,FDR,B_higher,KEGG,Human Diseases,Infectious disease: bacterial,Pathogenic Escherichia coli infection
hsa04977,Vitamin digestion and absorption,7/652,26/9423,0.2692307692307692,3.891045304388862,4.024553919136393,0.00151383909160575,0.01753965292343218,0.01450647986148526,949/80704/2346/151056/337/5948/338,7,FDR,B_higher,KEGG,Organismal Systems,Digestive system,Vitamin digestion and absorption
hsa04974,Protein digestion and absorption,16/652,103/9423,0.1553398058252427,2.245041396152242,3.4638991556911054,0.0017971938246864,0.02012857083648769,0.01664769016551614,9056/5646/1308/10008/5645/59272/340024/4224/483/1803/7512/11136/4225/6564/4311/6519,16,FDR,B_higher,KEGG,Organismal Systems,Digestive system,Protein digestion and absorption
hsa00592,alpha-Linolenic acid metabolism,7/652,27/9423,0.25925925925925924,3.746932515337423,3.896988825399224,0.00192358248977461,0.02084915214723458,0.01724365967064515,50487/5321/255189/5320/151056/283748/84647,7,FDR,B_higher,KEGG,Metabolism,Lipid metabolism,alpha-Linolenic acid metabolism
hsa05133,Pertussis,13/652,78/9423,0.16666666666666666,2.4087423312883436,3.406120480884998,0.00248950115916685,0.02613976217125199,0.02161935217171217,91860/1072/805/4615/10392/834/3659/717/29108/4843/6374/722/7124,13,FDR,B_higher,KEGG,Human Diseases,Infectious disease: bacterial,Pertussis
hsa05152,Tuberculosis,23/652,181/9423,0.1270718232044199,1.8364996779988476,3.098081766738051,0.00330218325441638,0.03310388928171542,0.02737915654878719,3656/91860/818/3606/805/4615/7421/1594/317/1520/3717/6772/64127/64170/4843/7096/9103/2214/3123/7124/22925/3126/3125,23,FDR,B_higher,KEGG,Human Diseases,Infectious disease: bacterial,Tuberculosis
hsa04976,Bile secretion,14/652,90/9423,0.15555555555555556,2.2481595092024538,3.2437808375331314,0.00334979832017358,0.03310388928171542,0.02737915654878719,949/3949/6523/113/7364/64240/483/1080/64241/366/9429/9971/54576/1576,14,FDR,B_higher,KEGG,Organismal Systems,Digestive system,Bile secretion
hsa00590,Arachidonic acid metabolism,11/652,64/9423,0.171875,2.484015529141104,3.247764281675452,0.00409135969417762,0.0385028116537628,0.03184443069108201,50487/4051/8529/5321/255189/874/5320/1573/151056/283748/84647,11,FDR,B_higher,KEGG,Metabolism,Lipid metabolism,Arachidonic acid metabolism
hsa04814,Motor proteins,24/652,195/9423,0.12307692307692308,1.7787635677206233,2.9959870453229622,0.00412530124861744,0.0385028116537628,0.03184443069108201,81930/3796/80022/3835/24137/23095/84790/9493/7846/7280/10112/1062/9585/10383/79861/3832/4648/9928/3833/56992/4640/63971/10381/7125,24,FDR,B_higher,KEGG,Cellular Processes,Cell motility,Motor proteins
hsa05222,Small cell lung cancer,14/652,93/9423,0.15053763440860216,2.175638234712052,3.1063125170700157,0.00454050065099051,0.04123265456034625,0.03410219550103827,578/3918/7187/1870/1164/317/6502/1026/9134/3673/1869/10319/4843/8503,14,FDR,B_higher,KEGG,Human Diseases,Cancer: specific types,Small cell lung cancer
hsa00564,Glycerophospholipid metabolism,15/652,105/9423,0.14285714285714285,2.064636283961437,2.990923824040935,0.00556786828557142,0.047969326768,0.03967387928180451,142891/50487/79888/10555/1608/43/5321/255189/9926/5337/2819/5320/151056/283748/84647,15,FDR,B_higher,KEGG,Metabolism,Lipid metabolism,Glycerophospholipid metabolism
hsa04064,NF-kappa B signaling pathway,15/652,105/9423,0.14285714285714285,2.064636283961437,2.990923824040935,0.00556786828557142,0.047969326768,0.03967387928180451,4067/8792/7187/4615/79092/84433/10913/2921/10673/2919/2920/597/6357/7124/3383,15,FDR,B_higher,KEGG,Environmental Information Processing,Signal transduction,NF-kappa B signaling pathway
hsa04971,Gastric acid secretion,19/461,76/9423,0.25,5.110086767895878,8.159080311520754,2.5002985720613707e-9,7.875940501993317e-7,7.027154934109326e-7,115111/887/3776/9992/3773/496/1131/495/389015/3772/6522/2770/107/3784/5567/482/3766/6752/816,19,Nominal,A_higher,KEGG,Organismal Systems,Digestive system,Gastric acid secretion
hsa04978,Mineral absorption,16/461,61/9423,0.26229508196721313,5.361402510579283,7.750439155490027,2.1971759059486296e-8,3.4605520518690916e-6,3.0876103520436008e-6,3163/4494/4501/4490/4499/4495/4493/115019/7018/4502/6543/4496/482/6550/55503/9843,16,Nominal,A_higher,KEGG,Organismal Systems,Digestive system,Mineral absorption
hsa04081,Hormone signaling,27/461,219/9423,0.1232876712328767,2.5200427896472823,5.161894319637307,8.232883662307015e-6,7.186408559598763e-4,6.411933451672079e-4,1816/3480/887/2690/886/51738/1442/4090/3953/11069/2057/2797/4883/2770/107/5567/4093/5745/117247/10267/6752/4161/147/2981/154/269/9843,27,Nominal,A_higher,KEGG,Environmental Information Processing,Signaling molecules and interaction,Hormone signaling
hsa04974,Protein digestion and absorption,17/461,103/9423,0.1650485436893204,3.373649516669124,5.493470443783,9.125598170919064e-6,7.186408559598763e-4,6.411933451672079e-4,643834/1358/1280/256076/63036/1286/3784/3769/51032/1287/6543/482/117247/6550/23436/10136/5644,17,Nominal,A_higher,KEGG,Organismal Systems,Digestive system,Protein digestion and absorption
hsa04080,Neuroactive ligand-receptor interaction,37/461,371/9423,0.09973045822102426,2.0385251796457955,4.628617102834791,2.6801715775363645e-5,0.0016885080938479,0.00150653854989938,1816/5733/2893/887/2690/886/51738/2566/1442/1131/3953/727/2892/5030/2797/3354/255061/133/6344/339403/2562/1129/2147/100169851/5745/130576/6752/83551/2561/4161/147/1906/154/1903/2556/4852/5644,37,Nominal,A_higher,KEGG,Environmental Information Processing,Signaling molecules and interaction,Neuroactive ligand-receptor interaction
hsa00603,Glycosphingolipid biosynthesis - globo and isoglobo series,6/461,16/9423,0.375,7.665130151843818,6.051493854651398,6.984034085934092e-5,0.00366661789511539,0.00327146859814807,2523/6482/26301/8706/53947/10690,6,Nominal,A_higher,KEGG,Metabolism,Glycan biosynthesis and metabolism,Glycosphingolipid biosynthesis - globo and isoglobo series
hsa04082,Neuroactive ligand signaling,23/461,199/9423,0.11557788944723618,2.3624521741026174,4.405626747536421,1.0569552417717145e-4,0.00475629858797271,0.00424371503087289,1816/2893/6506/2566/1131/2892/5030/6530/3354/2770/255061/107/2562/1129/5567/6571/2561/147/154/60482/9152/2556/285242,23,Nominal,A_higher,KEGG,Environmental Information Processing,Signaling molecules and interaction,Neuroactive ligand signaling
hsa04972,Pancreatic secretion,15/461,103/9423,0.14563106796116504,2.976749573531579,4.574902604911452,1.3487685090832527e-4,0.0053107760045153,0.00473843673585827,886/1358/1131/6262/6522/5319/63036/6344/107/3784/51032/482/23436/10136/5644,15,Nominal,A_higher,KEGG,Organismal Systems,Digestive system,Pancreatic secretion
hsa04742,Taste transduction,12/461,86/9423,0.13953488372093023,2.8521414518488624,3.9132648380913486,9.19236534699374e-4,0.03217327871447809,0.02870598301341904,5153/1131/5030/3354/6338/6340/5567/259290/6326/259285/2556/285242,12,Nominal,A_higher,KEGG,Organismal Systems,Sensory system,Taste transduction
hsa00910,Nitrogen metabolism,5/461,17/9423,0.29411764705882354,6.0118667857598576,4.690736478781766,0.00103959456419377,0.03274722877210387,0.02921807880418291,2752/768/762/767/771,5,Nominal,A_higher,KEGG,Metabolism,Energy metabolism,Nitrogen metabolism
hsa04261,Adrenergic signaling in cardiomyocytes,17/461,154/9423,0.11038961038961038,2.2564019494605176,3.5652670362123424,0.00137836552290511,0.03947137633773732,0.03521756886274307,3776/5523/55799/64208/11069/6262/2770/9254/107/3784/7169/5567/6543/482/147/154/816,17,Nominal,A_higher,KEGG,Organismal Systems,Circulatory system,Adrenergic signaling in cardiomyocytes
hsa04971,Gastric acid secretion,19/458,76/9423,0.25,5.1435589519650655,8.19734736614637,2.2430964310771383e-9,7.065753757892986e-7,6.304281548395747e-7,115111/887/3776/9992/3773/496/1131/495/389015/3772/6522/2770/107/3784/5567/482/3766/6752/816,19,FDR,A_higher,KEGG,Organismal Systems,Digestive system,Gastric acid secretion
hsa04978,Mineral absorption,15/458,61/9423,0.2459016393442623,5.059238313408261,7.188765055102359,1.4217717634277726e-7,2.2392905273987417e-5,1.997963478080081e-5,3163/4494/4501/4490/4499/4495/4493/115019/7018/4502/6543/4496/482/6550/55503,15,FDR,A_higher,KEGG,Organismal Systems,Digestive system,Mineral absorption
hsa04081,Hormone signaling,26/458,219/9423,0.1187214611872146,2.4426033379194827,4.8821354819395975,2.1194741312759676e-5,0.00222544783783976,0.00198561260719538,1816/3480/887/2690/886/51738/1442/4090/3953/11069/2057/2797/4883/2770/107/5567/4093/5745/117247/10267/6752/4161/147/2981/154/269,26,FDR,A_higher,KEGG,Environmental Information Processing,Signaling molecules and interaction,Hormone signaling
hsa04974,Protein digestion and absorption,16/458,103/9423,0.1553398058252427,3.195997795395769,5.064909595472219,3.358600749512256e-5,0.0026448980902409,0.00235985894768361,643834/1358/1280/256076/63036/1286/3784/3769/51032/1287/6543/482/117247/6550/23436/10136,16,FDR,A_higher,KEGG,Organismal Systems,Digestive system,Protein digestion and absorption
hsa04080,Neuroactive ligand-receptor interaction,36/458,371/9423,0.09703504043126684,1.9964218034581385,4.425751714411426,5.368897720495739e-5,0.00338240556391231,0.00301788566604707,1816/5733/2893/887/2690/886/51738/2566/1442/1131/3953/727/2892/5030/2797/3354/255061/133/6344/339403/2562/1129/2147/100169851/5745/130576/6752/83551/2561/4161/147/1906/154/1903/2556/4852,36,FDR,A_higher,KEGG,Environmental Information Processing,Signaling molecules and interaction,Neuroactive ligand-receptor interaction
hsa00603,Glycosphingolipid biosynthesis - globo and isoglobo series,6/458,16/9423,0.375,7.715338427947598,6.0761916800065165,6.733286333695866e-5,0.00353497532519032,0.00315401307209964,2523/6482/26301/8706/53947/10690,6,FDR,A_higher,KEGG,Metabolism,Glycan biosynthesis and metabolism,Glycosphingolipid biosynthesis - globo and isoglobo series
hsa04082,Neuroactive ligand signaling,23/458,199/9423,0.11557788944723618,2.3779267516622413,4.440400724739649,9.580632698395736e-5,0.00431128471427808,0.00384666004582204,1816/2893/6506/2566/1131/2892/5030/6530/3354/2770/255061/107/2562/1129/5567/6571/2561/147/154/60482/9152/2556/285242,23,FDR,A_higher,KEGG,Environmental Information Processing,Signaling molecules and interaction,Neuroactive ligand signaling
hsa04972,Pancreatic secretion,14/458,103/9423,0.13592233009708737,2.796498070971298,4.143492464786374,4.350382878928227e-4,0.01712963258577989,0.01528358195623469,886/1358/1131/6262/6522/5319/63036/6344/107/3784/51032/482/23436/10136,14,FDR,A_higher,KEGG,Organismal Systems,Digestive system,Pancreatic secretion
hsa04742,Taste transduction,12/458,86/9423,0.13953488372093023,2.870823601096781,3.9391954377970535,8.682732803500738e-4,0.03038956481225258,0.02711449893023038,5153/1131/5030/3354/6338/6340/5567/259290/6326/259285/2556/285242,12,FDR,A_higher,KEGG,Organismal Systems,Sensory system,Taste transduction
hsa00910,Nitrogen metabolism,5/458,17/9423,0.29411764705882354,6.051245825841254,4.711396121178404,0.00100936006233838,0.03179484196365924,0.02836833017308945,2752/768/762/767/771,5,FDR,A_higher,KEGG,Metabolism,Energy metabolism,Nitrogen metabolism
hsa04261,Adrenergic signaling in cardiomyocytes,17/458,154/9423,0.11038961038961038,2.271181874893665,3.594849831492135,0.00128422763942005,0.03677560967430171,0.03281232341867522,3776/5523/55799/64208/11069/6262/2770/9254/107/3784/7169/5567/6543/482/147/154/816,17,FDR,A_higher,KEGG,Organismal Systems,Circulatory system,Adrenergic signaling in cardiomyocytes
hsa00601,Glycosphingolipid biosynthesis - lacto and neolacto series,6/458,28/9423,0.21428571428571427,4.408764815970056,4.082787759395372,0.00192656056966458,0.04876472058128225,0.04350937475422677,2523/8706/53947/10402/2651/10690,6,FDR,A_higher,KEGG,Metabolism,Glycan biosynthesis and metabolism,Glycosphingolipid biosynthesis - lacto and neolacto series
hsa00480,Glutathione metabolism,9/458,59/9423,0.15254237288135594,3.1384427503515657,3.7241063376932,0.00201251227795768,0.04876472058128225,0.04350937475422677,2940/2946/2941/2686/3418/2953/653689/2947/2878,9,FDR,A_higher,KEGG,Metabolism,Metabolism of other amino acids,Glutathione metabolism
HALLMARK_G2M_CHECKPOINT,HALLMARK_G2M_CHECKPOINT,59/492,200/4384,0.295,2.6286178861788616,8.381470695430336,3.905959494817482e-13,1.874860557512391e-11,1.2745762562035991e-11,HMGA1/AURKA/PLK4/CCNF/CCNA2/HMGB3/RAD54L/CDC25B/ESPL1/MAD2L1/CDKN3/E2F2/CENPA/CDC25A/KIF22/PBK/ORC6/KIF4A/MYBL2/POLQ/CKS2/BUB1/EZH2/CHEK1/HUS1/CDC45/STIL/TACC3/BIRC5/NEK2/KIF23/UBE2S/RASAL2/TOP2A/CDC20/GINS2/CENPE/KPNA2/KIF20B/INCENP/TPX2/CCNB2/PTTG1/RACGAP1/PRC1/CDC6/KIF11/POLA2/CENPF/KIF15/SQLE/BRCA2/FBXO5/UBE2C/MKI67/E2F1/NUSAP1/MEIS2/PML,59,Nominal,B_higher,Hallmark,NA,NA,HALLMARK_G2M_CHECKPOINT
HALLMARK_E2F_TARGETS,HALLMARK_E2F_TARGETS,58/492,200/4384,0.29,2.5840650406504064,8.152185255080104,1.4163750030409066e-12,3.399300007298176e-11,2.310927636540427e-11,HMGA1/MELK/CDCA3/AURKA/PLK4/GINS4/RAD51AP1/CHEK2/TRIP13/HMGB3/CDC25B/ESPL1/RRM2/MAD2L1/CDCA8/CDKN3/CDC25A/KIF22/ORC6/KIF4A/MYBL2/SPAG5/SPC25/CKS2/GINS1/EZH2/CHEK1/HUS1/TACC3/BIRC5/UBE2S/ANP32E/LYAR/TOP2A/CDC20/CENPE/KPNA2/UBE2T/CENPM/BRCA1/DLGAP5/CCNB2/BUB1B/DSCC1/PTTG1/MCM4/RACGAP1/CDKN1A/POLA2/DIAPH3/SPC24/BRCA2/TK1/RFC3/MKI67/DCLRE1B/TFRC/HELLS,58,Nominal,B_higher,Hallmark,NA,NA,HALLMARK_E2F_TARGETS
HALLMARK_INTERFERON_GAMMA_RESPONSE,HALLMARK_INTERFERON_GAMMA_RESPONSE,53/492,200/4384,0.265,2.36130081300813,7.005758053328949,5.964350203723068e-10,9.542960325956908e-9,6.487538818084742e-9,UPP1/PARP12/GCH1/OAS3/TRIM14/FAS/PFKP/USP18/MYD88/NOD1/PSMB8/IFI35/CASP1/PLA2G4A/SOCS3/LY6E/TAP1/HERC6/EPSTI1/CDKN1A/ISG15/PARP14/IFIT3/OAS2/IRF1/BANK1/CD274/JAK2/NLRC5/ZBP1/STAT1/RSAD2/IFIT2/IFIT1/PML/CXCL10/PSMB9/DDX60/MX1/BST2/FGL2/HLA-DRB1/IDO1/FPR1/SELP/TNFAIP6/ICAM1/CD38/IL4R/CXCL11/CXCL9/IFI44L/IRF4,53,Nominal,B_higher,Hallmark,NA,NA,HALLMARK_INTERFERON_GAMMA_RESPONSE
HALLMARK_INTERFERON_ALPHA_RESPONSE,HALLMARK_INTERFERON_ALPHA_RESPONSE,32/492,97/4384,0.32989690721649484,2.9395691895063276,6.867462125278075,6.145501335026482e-9,7.37460160203178e-8,5.013435299626868e-8,CCRL2/PARP12/TRIM14/OAS1/USP18/PSMB8/PARP9/SAMD9/IFI35/MOV10/CASP1/LY6E/TAP1/HERC6/EPSTI1/LAMP3/ISG15/PARP14/IFIT3/IRF1/RSAD2/IFIT2/CXCL10/PSMB9/DDX60/MX1/PROCR/BST2/SELL/IL4R/CXCL11/IFI44L,32,Nominal,B_higher,Hallmark,NA,NA,HALLMARK_INTERFERON_ALPHA_RESPONSE
HALLMARK_INFLAMMATORY_RESPONSE,HALLMARK_INFLAMMATORY_RESPONSE,48/492,200/4384,0.24,2.1385365853658533,5.859330851577796,1.265489962591433e-7,1.0123919700731463e-6,6.88248927023411e-7,IRAK2/ADORA2B/CD55/CCRL2/LYN/PTAFR/GCH1/TNFRSF1B/IL18/TIMP1/F3/KIF1B/LDLR/LY6E/LIF/CDKN1A/LAMP3/PLAUR/PTPRE/FFAR2/MXD1/IRF1/TNFSF9/ITGB8/MEP1A/GNA15/CCL20/CXCL10/AQP9/NOD2/P2RY2/C5AR1/TLR1/BDKRB1/TNFRSF9/EREG/BST2/PDPN/SELL/FPR1/RGS1/TNFAIP6/ICAM1/IL4R/CXCL11/INHBA/CXCL9/PROK2,48,Nominal,B_higher,Hallmark,NA,NA,HALLMARK_INFLAMMATORY_RESPONSE
HALLMARK_TNFA_SIGNALING_VIA_NFKB,HALLMARK_TNFA_SIGNALING_VIA_NFKB,48/492,200/4384,0.24,2.1385365853658533,5.859330851577796,1.265489962591433e-7,1.0123919700731463e-6,6.88248927023411e-7,CCRL2/ETS2/GCH1/PHLDA2/IL18/MAP2K3/IER5/F3/AREG/SERPINB8/TUBB2A/MAP3K8/SPSB1/MAFF/LDLR/SOCS3/STAT5A/TAP1/F2RL1/CXCL3/LIF/CDKN1A/FUT4/PLAUR/KYNU/PTPRE/CXCL1/CLCF1/MXD1/IRF1/TNFSF9/BHLHE40/DUSP5/IFIT2/KDM6B/CCL20/CXCL10/CXCL2/BCL2A1/TNFRSF9/CSF2/TNF/TNFAIP6/ICAM1/CXCL11/INHBA/PLEK/FOSB,48,Nominal,B_higher,Hallmark,NA,NA,HALLMARK_TNFA_SIGNALING_VIA_NFKB
HALLMARK_ESTROGEN_RESPONSE_LATE,HALLMARK_ESTROGEN_RESPONSE_LATE,43/492,200/4384,0.215,1.9157723577235772,4.712903649826642,1.3065523338290422e-5,8.959216003399146e-5,6.0906950900301224e-5,TRIM29/ST14/SCARB1/SLC27A2/KRT19/CD9/ITPK1/NMU/PLK4/LAMC2/SFN/PKP3/AREG/MICB/TFF3/GAL/MYOF/STIL/TFAP2C/MEST/KIF20A/TOP2A/CDC20/GINS2/PAPSS2/CDC6/MYB/ACOX2/MDK/DNAJC12/BATF/JAK2/SULT2B1/S100A9/GJB3/ASS1/HSPA4L/PDZK1/TMPRSS3/TFPI2/ELOVL5/ANXA9/SERPINA3,43,Nominal,B_higher,Hallmark,NA,NA,HALLMARK_ESTROGEN_RESPONSE_LATE
HALLMARK_IL6_JAK_STAT3_SIGNALING,HALLMARK_IL6_JAK_STAT3_SIGNALING,24/492,87/4384,0.27586206896551724,2.458088029156154,4.883627884673877,1.7418876096384107e-5,1.0451325657830464e-4,7.105067881419834e-5,BAK1/TNFRSF1B/CD9/FAS/TNFRSF12A/MYD88/MAP3K8/HMOX1/SOCS3/CXCL3/CXCL1/IL2RG/PLA2G2A/IRF1/STAT1/CXCL10/CSF2/CCR1/TNF/PF4/CD38/IL4R/CXCL11/CXCL9,24,Nominal,B_higher,Hallmark,NA,NA,HALLMARK_IL6_JAK_STAT3_SIGNALING
HALLMARK_COAGULATION,HALLMARK_COAGULATION,30/492,138/4384,0.21739130434782608,1.937080240367621,3.976566041552656,2.234274497479586e-4,0.00119161306532244,8.100878294955225e-4,F12/WDR1/CD9/RABIF/PREP/CFI/ANXA1/TIMP1/GDA/F3/BMP1/MAFF/LRP1/ACOX2/ITGA2/C2/MEP1A/APOC2/DPP4/KLK8/F2RL2/HNF4A/MMP3/TFPI2/APOC3/C8G/MMP7/PF4/PLEK/MMP9,30,Nominal,B_higher,Hallmark,NA,NA,HALLMARK_COAGULATION
HALLMARK_COMPLEMENT,HALLMARK_COMPLEMENT,38/492,200/4384,0.19,1.693008130081301,3.566476448075488,6.300251748622496e-4,0.00302412083933879,0.0020558716232347,CD55/LYN/PCSK9/XPNPEP1/RABIF/KIF2A/PREP/TIMP1/PRSS3/LGALS3/F3/MMP12/DGKG/CASP1/CTSS/MAFF/LRP1/PLA2G4A/CTSC/PLAUR/KYNU/CXCL1/IRF1/C2/PLA2G7/JAK2/GZMB/DUSP5/DPP4/S100A9/KLK1/HNF4A/PSMB9/TFPI2/S100A12/APOA4/FCN1/PLEK,38,Nominal,B_higher,Hallmark,NA,NA,HALLMARK_COMPLEMENT
HALLMARK_KRAS_SIGNALING_UP,HALLMARK_KRAS_SIGNALING_UP,37/492,200/4384,0.185,1.6484552845528455,3.337191007725257,0.0012433594114365,0.00542556834081383,0.00368843461765852,MALL/AVL9/TNFRSF1B/PLEK2/HKDC1/EPHB2/EMP1/TFPI/PSMB8/CTSS/TSPAN1/RBP4/F2RL1/LIF/PIGR/MMD/PLAUR/IL2RG/ITGA2/PTPRR/CCND2/CCL20/ADAMDEC1/CXCL10/TMEM158/ETV4/CLEC4A/EREG/ADAM8/SERPINA3/TMEM176B/CSF2/SPP1/NR1H4/INHBA/TMEM176A/MMP9,37,Nominal,B_higher,Hallmark,NA,NA,HALLMARK_KRAS_SIGNALING_UP
HALLMARK_IL2_STAT5_SIGNALING,HALLMARK_IL2_STAT5_SIGNALING,35/492,199/4384,0.17587939698492464,1.5671855211014425,2.9112923136509665,0.00403648796410934,0.01490395555978834,0.01013207505161049,ANXA4/TNFRSF1B/SLC29A2/SERPINB6/EMP1/GALM/MAP3K8/MAFF/ECM1/LIF/CDCP1/CDC6/TGM2/CTSZ/MXD1/CCND2/BATF/BATF3/BHLHE40/CXCL10/F2RL2/ETV4/TNFRSF9/RRAGD/NT5E/FGL2/CSF2/TNFRSF18/SPP1/SELL/SELP/IL4R/COCH/GPR65/IRF4,35,Nominal,B_higher,Hallmark,NA,NA,HALLMARK_IL2_STAT5_SIGNALING
HALLMARK_MITOTIC_SPINDLE,HALLMARK_MITOTIC_SPINDLE,35/492,199/4384,0.17587939698492464,1.5671855211014425,2.9112923136509665,0.00403648796410934,0.01490395555978834,0.01013207505161049,ARHGAP27/CEP72/AURKA/ECT2/ESPL1/KIF22/KIF4A/ANLN/BUB1/NEDD9/KIF1B/BIRC5/NEK2/KIF23/FGD6/RASAL2/TOP2A/CENPE/KIF20B/INCENP/TPX2/DLGAP5/CCNB2/CDC42EP2/EPB41L2/RACGAP1/PRC1/STK38L/KIF11/CENPF/KIF15/BRCA2/PIF1/FBXO5/NUSAP1,35,Nominal,B_higher,Hallmark,NA,NA,HALLMARK_MITOTIC_SPINDLE
HALLMARK_G2M_CHECKPOINT,HALLMARK_G2M_CHECKPOINT,59/485,200/4384,0.295,2.666556701030928,8.507838574638695,2.042069755786753e-13,9.801934827776412e-12,6.663596045198878e-12,HMGA1/AURKA/PLK4/CCNF/CCNA2/HMGB3/RAD54L/CDC25B/ESPL1/MAD2L1/CDKN3/E2F2/CENPA/CDC25A/KIF22/PBK/ORC6/KIF4A/MYBL2/POLQ/CKS2/BUB1/EZH2/CHEK1/HUS1/CDC45/STIL/TACC3/BIRC5/NEK2/KIF23/UBE2S/RASAL2/TOP2A/CDC20/GINS2/CENPE/KPNA2/KIF20B/INCENP/TPX2/CCNB2/PTTG1/RACGAP1/PRC1/CDC6/KIF11/POLA2/CENPF/KIF15/SQLE/BRCA2/FBXO5/UBE2C/MKI67/E2F1/NUSAP1/MEIS2/PML,59,FDR,B_higher,Hallmark,NA,NA,HALLMARK_G2M_CHECKPOINT
HALLMARK_E2F_TARGETS,HALLMARK_E2F_TARGETS,58/485,200/4384,0.29,2.621360824742268,8.277111819608162,7.538721095540934e-13,1.809293062929824e-11,1.2300018629566787e-11,HMGA1/MELK/CDCA3/AURKA/PLK4/GINS4/RAD51AP1/CHEK2/TRIP13/HMGB3/CDC25B/ESPL1/RRM2/MAD2L1/CDCA8/CDKN3/CDC25A/KIF22/ORC6/KIF4A/MYBL2/SPAG5/SPC25/CKS2/GINS1/EZH2/CHEK1/HUS1/TACC3/BIRC5/UBE2S/ANP32E/LYAR/TOP2A/CDC20/CENPE/KPNA2/UBE2T/CENPM/BRCA1/DLGAP5/CCNB2/BUB1B/DSCC1/PTTG1/MCM4/RACGAP1/CDKN1A/POLA2/DIAPH3/SPC24/BRCA2/TK1/RFC3/MKI67/DCLRE1B/TFRC/HELLS,58,FDR,B_higher,Hallmark,NA,NA,HALLMARK_E2F_TARGETS
HALLMARK_INTERFERON_GAMMA_RESPONSE,HALLMARK_INTERFERON_GAMMA_RESPONSE,51/485,200/4384,0.255,2.3049896907216496,6.662024534394422,3.33192016680671e-9,5.331072266890736e-8,3.624193865649405e-8,UPP1/PARP12/GCH1/OAS3/TRIM14/FAS/PFKP/USP18/MYD88/NOD1/PSMB8/IFI35/CASP1/PLA2G4A/SOCS3/LY6E/TAP1/HERC6/EPSTI1/CDKN1A/ISG15/PARP14/IFIT3/OAS2/IRF1/BANK1/CD274/JAK2/NLRC5/ZBP1/STAT1/RSAD2/IFIT2/IFIT1/PML/CXCL10/PSMB9/DDX60/MX1/BST2/FGL2/HLA-DRB1/IDO1/FPR1/SELP/TNFAIP6/ICAM1/CD38/IL4R/CXCL11/CXCL9,51,FDR,B_higher,Hallmark,NA,NA,HALLMARK_INTERFERON_GAMMA_RESPONSE
HALLMARK_INTERFERON_ALPHA_RESPONSE,HALLMARK_INTERFERON_ALPHA_RESPONSE,31/485,97/4384,0.31958762886597936,2.8888085875225844,6.634024346446283,1.7794394782860865e-8,2.1353273739433037e-7,1.4516479954439128e-7,CCRL2/PARP12/TRIM14/OAS1/USP18/PSMB8/PARP9/SAMD9/IFI35/MOV10/CASP1/LY6E/TAP1/HERC6/EPSTI1/LAMP3/ISG15/PARP14/IFIT3/IRF1/RSAD2/IFIT2/CXCL10/PSMB9/DDX60/MX1/PROCR/BST2/SELL/IL4R/CXCL11,31,FDR,B_higher,Hallmark,NA,NA,HALLMARK_INTERFERON_ALPHA_RESPONSE
HALLMARK_INFLAMMATORY_RESPONSE,HALLMARK_INFLAMMATORY_RESPONSE,47/485,200/4384,0.235,2.1242061855670102,5.739117514272285,2.1916035779827737e-7,1.7532828623862187e-6,1.1919247529379998e-6,IRAK2/ADORA2B/CD55/CCRL2/LYN/PTAFR/GCH1/TNFRSF1B/IL18/TIMP1/F3/KIF1B/LDLR/LY6E/LIF/CDKN1A/LAMP3/PLAUR/PTPRE/FFAR2/MXD1/IRF1/TNFSF9/ITGB8/MEP1A/GNA15/CCL20/CXCL10/AQP9/NOD2/P2RY2/C5AR1/TLR1/BDKRB1/TNFRSF9/EREG/BST2/PDPN/SELL/FPR1/RGS1/TNFAIP6/ICAM1/IL4R/CXCL11/INHBA/CXCL9,47,FDR,B_higher,Hallmark,NA,NA,HALLMARK_INFLAMMATORY_RESPONSE
HALLMARK_TNFA_SIGNALING_VIA_NFKB,HALLMARK_TNFA_SIGNALING_VIA_NFKB,47/485,200/4384,0.235,2.1242061855670102,5.739117514272285,2.1916035779827737e-7,1.7532828623862187e-6,1.1919247529379998e-6,CCRL2/ETS2/GCH1/PHLDA2/IL18/MAP2K3/IER5/F3/AREG/SERPINB8/TUBB2A/MAP3K8/SPSB1/MAFF/LDLR/SOCS3/STAT5A/TAP1/F2RL1/CXCL3/LIF/CDKN1A/FUT4/PLAUR/KYNU/PTPRE/CXCL1/CLCF1/MXD1/IRF1/TNFSF9/BHLHE40/DUSP5/IFIT2/KDM6B/CCL20/CXCL10/CXCL2/BCL2A1/TNFRSF9/CSF2/TNF/TNFAIP6/ICAM1/CXCL11/INHBA/PLEK,47,FDR,B_higher,Hallmark,NA,NA,HALLMARK_TNFA_SIGNALING_VIA_NFKB
HALLMARK_ESTROGEN_RESPONSE_LATE,HALLMARK_ESTROGEN_RESPONSE_LATE,43/485,200/4384,0.215,1.943422680412371,4.816210494150147,9.038019775468828e-6,6.197499274607195e-5,4.213212226158401e-5,TRIM29/ST14/SCARB1/SLC27A2/KRT19/CD9/ITPK1/NMU/PLK4/LAMC2/SFN/PKP3/AREG/MICB/TFF3/GAL/MYOF/STIL/TFAP2C/MEST/KIF20A/TOP2A/CDC20/GINS2/PAPSS2/CDC6/MYB/ACOX2/MDK/DNAJC12/BATF/JAK2/SULT2B1/S100A9/GJB3/ASS1/HSPA4L/PDZK1/TMPRSS3/TFPI2/ELOVL5/ANXA9/SERPINA3,43,FDR,B_higher,Hallmark,NA,NA,HALLMARK_ESTROGEN_RESPONSE_LATE
HALLMARK_IL6_JAK_STAT3_SIGNALING,HALLMARK_IL6_JAK_STAT3_SIGNALING,24/485,87/4384,0.27586206896551724,2.493565588339851,4.962279650960547,1.3631891853940358e-5,8.179135112364216e-5,5.560376940423042e-5,BAK1/TNFRSF1B/CD9/FAS/TNFRSF12A/MYD88/MAP3K8/HMOX1/SOCS3/CXCL3/CXCL1/IL2RG/PLA2G2A/IRF1/STAT1/CXCL10/CSF2/CCR1/TNF/PF4/CD38/IL4R/CXCL11/CXCL9,24,FDR,B_higher,Hallmark,NA,NA,HALLMARK_IL6_JAK_STAT3_SIGNALING
HALLMARK_COAGULATION,HALLMARK_COAGULATION,29/485,138/4384,0.21014492753623187,1.8995368295233823,3.786591752065435,4.070172113274925e-4,0.00217075846041329,0.00147573491826342,F12/WDR1/CD9/RABIF/PREP/CFI/ANXA1/TIMP1/GDA/F3/BMP1/MAFF/LRP1/ACOX2/ITGA2/C2/MEP1A/APOC2/DPP4/KLK8/F2RL2/HNF4A/MMP3/TFPI2/APOC3/C8G/MMP7/PF4/PLEK,29,FDR,B_higher,Hallmark,NA,NA,HALLMARK_COAGULATION
HALLMARK_COMPLEMENT,HALLMARK_COMPLEMENT,38/485,200/4384,0.19,1.7174432989690722,3.6625767189974767,4.739345399652156e-4,0.00227488579183303,0.00154652323567596,CD55/LYN/PCSK9/XPNPEP1/RABIF/KIF2A/PREP/TIMP1/PRSS3/LGALS3/F3/MMP12/DGKG/CASP1/CTSS/MAFF/LRP1/PLA2G4A/CTSC/PLAUR/KYNU/CXCL1/IRF1/C2/PLA2G7/JAK2/GZMB/DUSP5/DPP4/S100A9/KLK1/HNF4A/PSMB9/TFPI2/S100A12/APOA4/FCN1/PLEK,38,FDR,B_higher,Hallmark,NA,NA,HALLMARK_COMPLEMENT
HALLMARK_KRAS_SIGNALING_UP,HALLMARK_KRAS_SIGNALING_UP,36/485,200/4384,0.18,1.6270515463917523,3.201123208936408,0.00184608528554331,0.00805564488237084,0.00547642524898017,MALL/AVL9/TNFRSF1B/PLEK2/HKDC1/EPHB2/EMP1/TFPI/PSMB8/CTSS/TSPAN1/RBP4/F2RL1/LIF/PIGR/MMD/PLAUR/IL2RG/ITGA2/PTPRR/CCND2/CCL20/ADAMDEC1/CXCL10/TMEM158/ETV4/CLEC4A/EREG/ADAM8/SERPINA3/TMEM176B/CSF2/SPP1/NR1H4/INHBA/TMEM176A,36,FDR,B_higher,Hallmark,NA,NA,HALLMARK_KRAS_SIGNALING_UP
HALLMARK_MITOTIC_SPINDLE,HALLMARK_MITOTIC_SPINDLE,35/485,199/4384,0.17587939698492464,1.5898046935709476,3.0030808068804853,0.00318359100581703,0.01273436402326812,0.00865713343687087,ARHGAP27/CEP72/AURKA/ECT2/ESPL1/KIF22/KIF4A/ANLN/BUB1/NEDD9/KIF1B/BIRC5/NEK2/KIF23/FGD6/RASAL2/TOP2A/CENPE/KIF20B/INCENP/TPX2/DLGAP5/CCNB2/CDC42EP2/EPB41L2/RACGAP1/PRC1/STK38L/KIF11/CENPF/KIF15/BRCA2/PIF1/FBXO5/NUSAP1,35,FDR,B_higher,Hallmark,NA,NA,HALLMARK_MITOTIC_SPINDLE
HALLMARK_IL2_STAT5_SIGNALING,HALLMARK_IL2_STAT5_SIGNALING,34/485,199/4384,0.1708542713567839,1.5443817023260633,2.7718026995925795,0.00581627460962124,0.02147547548167842,0.01459955570026384,ANXA4/TNFRSF1B/SLC29A2/SERPINB6/EMP1/GALM/MAP3K8/MAFF/ECM1/LIF/CDCP1/CDC6/TGM2/CTSZ/MXD1/CCND2/BATF/BATF3/BHLHE40/CXCL10/F2RL2/ETV4/TNFRSF9/RRAGD/NT5E/FGL2/CSF2/TNFRSF18/SPP1/SELL/SELP/IL4R/COCH/GPR65,34,FDR,B_higher,Hallmark,NA,NA,HALLMARK_IL2_STAT5_SIGNALING
HALLMARK_CHOLESTEROL_HOMEOSTASIS,HALLMARK_CHOLESTEROL_HOMEOSTASIS,15/485,74/4384,0.20270270270270271,1.8322652549456673,2.5463551489273555,0.01382181774691213,0.04738908941798447,0.03221626692889296,CXCL16/CD9/SCD/STARD4/TNFRSF12A/LGALS3/MVD/FBXO6/LDLR/PLAUR/SQLE/ANTXR2/ANXA13/ADH4/ETHE1,15,FDR,B_higher,Hallmark,NA,NA,HALLMARK_CHOLESTEROL_HOMEOSTASIS
HALLMARK_KRAS_SIGNALING_DN,HALLMARK_KRAS_SIGNALING_DN,24/228,200/4384,0.12,2.3073684210526313,4.432334617252318,8.395387210821828e-5,0.00402978586119447,0.0037116448721528,GPRC5C/SLC16A7/KCNE2/YPEL1/CKM/IGFBP2/NPHS1/CPA2/COL2A1/C5/P2RY4/RGS11/ATP4A/RYR2/CCDC106/IDUA/KLHDC8A/SGK1/ZBTB16/TFAP2B/PAX4/ARHGDIG/EDN1/CLPS,24,Nominal,A_higher,Hallmark,NA,NA,HALLMARK_KRAS_SIGNALING_DN
HALLMARK_MYOGENESIS,HALLMARK_MYOGENESIS,23/228,200/4384,0.115,2.2112280701754385,4.106392672773752,2.272030542260986e-4,0.00545287330142636,0.00502238330394533,MYBPC3/CKB/CKMT2/CKM/DMD/TPD52L1/CTF1/GADD45B/EPHB3/LAMA2/FABP3/HDAC5/PPP1R3C/EFS/PTP4A3/SORBS1/MRAS/TPM2/FST/PGAM2/GPX3/CAMK2B/SOD3,23,Nominal,A_higher,Hallmark,NA,NA,HALLMARK_MYOGENESIS
HALLMARK_KRAS_SIGNALING_DN,HALLMARK_KRAS_SIGNALING_DN,23/227,200/4384,0.115,2.220969162995595,4.129833159755011,2.127524788370141e-4,0.00510605949208833,0.00470294953218662,GPRC5C/SLC16A7/KCNE2/YPEL1/CKM/IGFBP2/NPHS1/CPA2/COL2A1/C5/P2RY4/RGS11/ATP4A/RYR2/CCDC106/IDUA/KLHDC8A/SGK1/ZBTB16/TFAP2B/PAX4/ARHGDIG/EDN1,23,FDR,A_higher,Hallmark,NA,NA,HALLMARK_KRAS_SIGNALING_DN
HALLMARK_MYOGENESIS,HALLMARK_MYOGENESIS,23/227,200/4384,0.115,2.220969162995595,4.129833159755011,2.127524788370141e-4,0.00510605949208833,0.00470294953218662,MYBPC3/CKB/CKMT2/CKM/DMD/TPD52L1/CTF1/GADD45B/EPHB3/LAMA2/FABP3/HDAC5/PPP1R3C/EFS/PTP4A3/SORBS1/MRAS/TPM2/FST/PGAM2/GPX3/CAMK2B/SOD3,23,FDR,A_higher,Hallmark,NA,NA,HALLMARK_MYOGENESIS
